Copyright 1986-2022 Xilinx, Inc. All Rights Reserved. Copyright 2022-2025 Advanced Micro Devices, Inc. All Rights Reserved.
---------------------------------------------------------------------------------------------------------------------------------------------------------------------------------------------------------------------------------------------------------------------
| Tool Version      : Vivado v.2025.2 (lin64) Build 6299465 Fri Nov 14 12:34:56 MST 2025
| Date              : Tue Sep 15 14:04:21 2026
| Host              : jian-ThinkBook-16-G9-AHP running 64-bit Ubuntu 24.04.4 LTS
| Command           : report_timing_summary -delay_type min_max -check_timing_verbose -max_paths 20 -file /home/jian/Documents/Codex/2026-09-09/https-github-com-do-hyun-y/work/lenet5-kv260-final/alexnet/reports/m16_patch_pingpong/200mhz/impl_timing_summary.rpt
| Design            : alexnet_m16_patch_pingpong
| Device            : xck26-sfvc784
| Speed File        : -2LV  PRODUCTION 1.30 05-15-2022
| Design State      : Routed
| Temperature Grade : C
---------------------------------------------------------------------------------------------------------------------------------------------------------------------------------------------------------------------------------------------------------------------

Timing Summary Report

------------------------------------------------------------------------------------------------
| Timer Settings
| --------------
------------------------------------------------------------------------------------------------

  Enable Multi Corner Analysis               :  Yes
  Enable Pessimism Removal                   :  Yes
  Pessimism Removal Resolution               :  Nearest Common Node
  Enable Input Delay Default Clock           :  No
  Enable Preset / Clear Arcs                 :  No
  Disable Flight Delays                      :  No
  Ignore I/O Paths                           :  No
  Timing Early Launch at Borrowing Latches   :  No
  Borrow Time for Max Delay Exceptions       :  Yes
  Merge Timing Exceptions                    :  Yes
  Inter-SLR Compensation                     :  Conservative

  Corner  Analyze    Analyze    
  Name    Max Paths  Min Paths  
  ------  ---------  ---------  
  Slow    Yes        Yes        
  Fast    Yes        Yes        


------------------------------------------------------------------------------------------------
| Report Methodology
| ------------------
------------------------------------------------------------------------------------------------

No report available as report_methodology has not been run prior. Run report_methodology on the current design for the summary of methodology violations.



check_timing report

Table of Contents
-----------------
1. checking no_clock (0)
2. checking constant_clock (0)
3. checking pulse_width_clock (0)
4. checking unconstrained_internal_endpoints (0)
5. checking no_input_delay (0)
6. checking no_output_delay (0)
7. checking multiple_clock (0)
8. checking generated_clocks (0)
9. checking loops (0)
10. checking partial_input_delay (0)
11. checking partial_output_delay (0)
12. checking latch_loops (0)

1. checking no_clock (0)
------------------------
 There are 0 register/latch pins with no clock.


2. checking constant_clock (0)
------------------------------
 There are 0 register/latch pins with constant_clock.


3. checking pulse_width_clock (0)
---------------------------------
 There are 0 register/latch pins which need pulse_width check


4. checking unconstrained_internal_endpoints (0)
------------------------------------------------
 There are 0 pins that are not constrained for maximum delay.

 There are 0 pins that are not constrained for maximum delay due to constant clock.


5. checking no_input_delay (0)
------------------------------
 There are 0 input ports with no input delay specified.

 There are 0 input ports with no input delay but user has a false path constraint.


6. checking no_output_delay (0)
-------------------------------
 There are 0 ports with no output delay specified.

 There are 0 ports with no output delay but user has a false path constraint

 There are 0 ports with no output delay but with a timing clock defined on it or propagating through it


7. checking multiple_clock (0)
------------------------------
 There are 0 register/latch pins with multiple clocks.


8. checking generated_clocks (0)
--------------------------------
 There are 0 generated clocks that are not connected to a clock source.


9. checking loops (0)
---------------------
 There are 0 combinational loops in the design.


10. checking partial_input_delay (0)
------------------------------------
 There are 0 input ports with partial input delay specified.


11. checking partial_output_delay (0)
-------------------------------------
 There are 0 ports with partial output delay specified.


12. checking latch_loops (0)
----------------------------
 There are 0 combinational latch loops in the design through latch input



------------------------------------------------------------------------------------------------
| Design Timing Summary
| ---------------------
------------------------------------------------------------------------------------------------

    WNS(ns)      TNS(ns)  TNS Failing Endpoints  TNS Total Endpoints      WHS(ns)      THS(ns)  THS Failing Endpoints  THS Total Endpoints     WPWS(ns)     TPWS(ns)  TPWS Failing Endpoints  TPWS Total Endpoints  
    -------      -------  ---------------------  -------------------      -------      -------  ---------------------  -------------------     --------     --------  ----------------------  --------------------  
      0.434        0.000                      0                 1708        0.055        0.000                      0                 1708        1.700        0.000                       0                   365  


All user specified timing constraints are met.


------------------------------------------------------------------------------------------------
| Clock Summary
| -------------
------------------------------------------------------------------------------------------------

Clock  Waveform(ns)         Period(ns)      Frequency(MHz)
-----  ------------         ----------      --------------
clk    {0.000 2.500}        5.000           200.000         


------------------------------------------------------------------------------------------------
| Intra Clock Table
| -----------------
------------------------------------------------------------------------------------------------

Clock             WNS(ns)      TNS(ns)  TNS Failing Endpoints  TNS Total Endpoints      WHS(ns)      THS(ns)  THS Failing Endpoints  THS Total Endpoints     WPWS(ns)     TPWS(ns)  TPWS Failing Endpoints  TPWS Total Endpoints  
-----             -------      -------  ---------------------  -------------------      -------      -------  ---------------------  -------------------     --------     --------  ----------------------  --------------------  
clk                 0.434        0.000                      0                 1708        0.055        0.000                      0                 1708        1.700        0.000                       0                   365  


------------------------------------------------------------------------------------------------
| Inter Clock Table
| -----------------
------------------------------------------------------------------------------------------------

From Clock    To Clock          WNS(ns)      TNS(ns)  TNS Failing Endpoints  TNS Total Endpoints      WHS(ns)      THS(ns)  THS Failing Endpoints  THS Total Endpoints  
----------    --------          -------      -------  ---------------------  -------------------      -------      -------  ---------------------  -------------------  


------------------------------------------------------------------------------------------------
| Other Path Groups Table
| -----------------------
------------------------------------------------------------------------------------------------

Path Group    From Clock    To Clock          WNS(ns)      TNS(ns)  TNS Failing Endpoints  TNS Total Endpoints      WHS(ns)      THS(ns)  THS Failing Endpoints  THS Total Endpoints  
----------    ----------    --------          -------      -------  ---------------------  -------------------      -------      -------  ---------------------  -------------------  


------------------------------------------------------------------------------------------------
| Timing Details
| --------------
------------------------------------------------------------------------------------------------


---------------------------------------------------------------------------------------------------
From Clock:  clk
  To Clock:  clk

Setup :            0  Failing Endpoints,  Worst Slack        0.434ns,  Total Violation        0.000ns
Hold  :            0  Failing Endpoints,  Worst Slack        0.055ns,  Total Violation        0.000ns
PW    :            0  Failing Endpoints,  Worst Slack        1.700ns,  Total Violation        0.000ns
---------------------------------------------------------------------------------------------------


Max Delay Paths
--------------------------------------------------------------------------------------
Slack (MET) :             0.434ns  (required time - arrival time)
  Source:                 replay_k_count[0]
                            (input port clocked by clk  {rise@0.000ns fall@2.500ns period=5.000ns})
  Destination:            g_set[0].u_memory/memory_reg_uram_0/EN_A
                            (rising edge-triggered cell URAM288 clocked by clk  {rise@0.000ns fall@2.500ns period=5.000ns})
  Path Group:             clk
  Path Type:              Setup (Max at Slow Process Corner)
  Requirement:            5.000ns  (clk rise@5.000ns - clk rise@0.000ns)
  Data Path Delay:        2.986ns  (logic 0.930ns (31.142%)  route 2.056ns (68.858%))
  Logic Levels:           9  (CARRY8=1 LUT4=1 LUT5=1 LUT6=6)
  Input Delay:            1.000ns
  Clock Path Skew:        0.085ns (DCD - SCD + CPR)
    Destination Clock Delay (DCD):    0.085ns = ( 5.085 - 5.000 ) 
    Source Clock Delay      (SCD):    0.000ns
    Clock Pessimism Removal (CPR):    0.000ns
  Clock Uncertainty:      0.035ns  ((TSJ^2 + TIJ^2)^1/2 + DJ) / 2 + PE
    Total System Jitter     (TSJ):    0.071ns
    Total Input Jitter      (TIJ):    0.000ns
    Discrete Jitter          (DJ):    0.000ns
    Phase Error              (PE):    0.000ns

    Location             Delay type                Incr(ns)  Path(ns)    Netlist Resource(s)
  -------------------------------------------------------------------    -------------------
                         (clock clk rise edge)        0.000     0.000 r  
                         input delay                  1.000     1.000    
                                                      0.000     1.000 r  replay_k_count[0] (IN)
                         net (fo=3, unset)            0.000     1.000    g_set[1].u_memory/replay_k_count[0]
    SLICE_X44Y81         LUT6 (Prop_F6LUT_SLICEL_I1_O)
                                                      0.187     1.187 r  g_set[1].u_memory/replay_ready_INST_0_i_31/O
                         net (fo=1, routed)           0.252     1.439    g_set[1].u_memory/replay_ready_INST_0_i_31_n_0
    SLICE_X44Y81         LUT6 (Prop_D6LUT_SLICEL_I4_O)
                                                      0.081     1.520 r  g_set[1].u_memory/replay_ready_INST_0_i_18/O
                         net (fo=1, routed)           0.313     1.833    g_set[1].u_memory/replay_set_q8
    SLICE_X43Y85         LUT6 (Prop_B6LUT_SLICEM_I3_O)
                                                      0.082     1.915 r  g_set[1].u_memory/replay_ready_INST_0_i_5/O
                         net (fo=22, routed)          0.117     2.032    g_set[1].u_memory/replay_set_q5
    SLICE_X43Y84         LUT4 (Prop_D6LUT_SLICEM_I2_O)
                                                      0.080     2.112 r  g_set[1].u_memory/patch_valid_i_2/O
                         net (fo=40, routed)          0.399     2.511    g_set[1].u_memory/replay_fire
    SLICE_X44Y81         LUT6 (Prop_E6LUT_SLICEL_I3_O)
                                                      0.057     2.568 r  g_set[1].u_memory/reads_issued_q[12]_i_27/O
                         net (fo=1, routed)           0.052     2.620    g_set[1].u_memory/reads_issued_q[12]_i_27_n_0
    SLICE_X44Y81         LUT5 (Prop_A6LUT_SLICEL_I0_O)
                                                      0.082     2.702 r  g_set[1].u_memory/reads_issued_q[12]_i_11/O
                         net (fo=1, routed)           0.176     2.878    g_set[1].u_memory/reads_issued_q[12]_i_11_n_0
    SLICE_X44Y83         CARRY8 (Prop_CARRY8_SLICEL_DI[2]_CO[6])
                                                      0.225     3.103 r  g_set[1].u_memory/reads_issued_q_reg[12]_i_4/CO[6]
                         net (fo=3, routed)           0.311     3.414    g_set[1].u_memory/CO[0]
    SLICE_X43Y83         LUT6 (Prop_F6LUT_SLICEM_I5_O)
                                                      0.056     3.470 r  g_set[1].u_memory/memory_reg_uram_0_i_75/O
                         net (fo=16, routed)          0.128     3.598    g_set[0].u_memory/issue_read
    SLICE_X43Y81         LUT6 (Prop_F6LUT_SLICEM_I5_O)
                                                      0.080     3.678 r  g_set[0].u_memory/memory_reg_uram_0_i_1/O
                         net (fo=2, routed)           0.308     3.986    g_set[0].u_memory/memory_read_enable[0]
    URAM288_X0Y20        URAM288                                      r  g_set[0].u_memory/memory_reg_uram_0/EN_A
  -------------------------------------------------------------------    -------------------

                         (clock clk rise edge)        5.000     5.000 r  
                                                      0.000     5.000 r  clk (IN)
                         net (fo=364, unset)          0.085     5.085    g_set[0].u_memory/clk
    URAM288_X0Y20        URAM288                                      r  g_set[0].u_memory/memory_reg_uram_0/CLK
                         clock pessimism              0.000     5.085    
                         clock uncertainty           -0.035     5.050    
    URAM288_X0Y20        URAM288 (Setup_URAM_288K_INST_URAM288_CLK_EN_A)
                                                     -0.629     4.421    g_set[0].u_memory/memory_reg_uram_0
  -------------------------------------------------------------------
                         required time                          4.421    
                         arrival time                          -3.986    
  -------------------------------------------------------------------
                         slack                                  0.434    

Slack (MET) :             0.463ns  (required time - arrival time)
  Source:                 replay_k_count[0]
                            (input port clocked by clk  {rise@0.000ns fall@2.500ns period=5.000ns})
  Destination:            g_set[0].u_memory/memory_reg_uram_1/EN_A
                            (rising edge-triggered cell URAM288 clocked by clk  {rise@0.000ns fall@2.500ns period=5.000ns})
  Path Group:             clk
  Path Type:              Setup (Max at Slow Process Corner)
  Requirement:            5.000ns  (clk rise@5.000ns - clk rise@0.000ns)
  Data Path Delay:        2.957ns  (logic 0.930ns (31.447%)  route 2.027ns (68.553%))
  Logic Levels:           9  (CARRY8=1 LUT4=1 LUT5=1 LUT6=6)
  Input Delay:            1.000ns
  Clock Path Skew:        0.085ns (DCD - SCD + CPR)
    Destination Clock Delay (DCD):    0.085ns = ( 5.085 - 5.000 ) 
    Source Clock Delay      (SCD):    0.000ns
    Clock Pessimism Removal (CPR):    0.000ns
  Clock Uncertainty:      0.035ns  ((TSJ^2 + TIJ^2)^1/2 + DJ) / 2 + PE
    Total System Jitter     (TSJ):    0.071ns
    Total Input Jitter      (TIJ):    0.000ns
    Discrete Jitter          (DJ):    0.000ns
    Phase Error              (PE):    0.000ns

    Location             Delay type                Incr(ns)  Path(ns)    Netlist Resource(s)
  -------------------------------------------------------------------    -------------------
                         (clock clk rise edge)        0.000     0.000 r  
                         input delay                  1.000     1.000    
                                                      0.000     1.000 r  replay_k_count[0] (IN)
                         net (fo=3, unset)            0.000     1.000    g_set[1].u_memory/replay_k_count[0]
    SLICE_X44Y81         LUT6 (Prop_F6LUT_SLICEL_I1_O)
                                                      0.187     1.187 r  g_set[1].u_memory/replay_ready_INST_0_i_31/O
                         net (fo=1, routed)           0.252     1.439    g_set[1].u_memory/replay_ready_INST_0_i_31_n_0
    SLICE_X44Y81         LUT6 (Prop_D6LUT_SLICEL_I4_O)
                                                      0.081     1.520 r  g_set[1].u_memory/replay_ready_INST_0_i_18/O
                         net (fo=1, routed)           0.313     1.833    g_set[1].u_memory/replay_set_q8
    SLICE_X43Y85         LUT6 (Prop_B6LUT_SLICEM_I3_O)
                                                      0.082     1.915 r  g_set[1].u_memory/replay_ready_INST_0_i_5/O
                         net (fo=22, routed)          0.117     2.032    g_set[1].u_memory/replay_set_q5
    SLICE_X43Y84         LUT4 (Prop_D6LUT_SLICEM_I2_O)
                                                      0.080     2.112 r  g_set[1].u_memory/patch_valid_i_2/O
                         net (fo=40, routed)          0.399     2.511    g_set[1].u_memory/replay_fire
    SLICE_X44Y81         LUT6 (Prop_E6LUT_SLICEL_I3_O)
                                                      0.057     2.568 r  g_set[1].u_memory/reads_issued_q[12]_i_27/O
                         net (fo=1, routed)           0.052     2.620    g_set[1].u_memory/reads_issued_q[12]_i_27_n_0
    SLICE_X44Y81         LUT5 (Prop_A6LUT_SLICEL_I0_O)
                                                      0.082     2.702 r  g_set[1].u_memory/reads_issued_q[12]_i_11/O
                         net (fo=1, routed)           0.176     2.878    g_set[1].u_memory/reads_issued_q[12]_i_11_n_0
    SLICE_X44Y83         CARRY8 (Prop_CARRY8_SLICEL_DI[2]_CO[6])
                                                      0.225     3.103 r  g_set[1].u_memory/reads_issued_q_reg[12]_i_4/CO[6]
                         net (fo=3, routed)           0.311     3.414    g_set[1].u_memory/CO[0]
    SLICE_X43Y83         LUT6 (Prop_F6LUT_SLICEM_I5_O)
                                                      0.056     3.470 r  g_set[1].u_memory/memory_reg_uram_0_i_75/O
                         net (fo=16, routed)          0.128     3.598    g_set[0].u_memory/issue_read
    SLICE_X43Y81         LUT6 (Prop_F6LUT_SLICEM_I5_O)
                                                      0.080     3.678 r  g_set[0].u_memory/memory_reg_uram_0_i_1/O
                         net (fo=2, routed)           0.279     3.957    g_set[0].u_memory/memory_read_enable[0]
    URAM288_X0Y21        URAM288                                      r  g_set[0].u_memory/memory_reg_uram_1/EN_A
  -------------------------------------------------------------------    -------------------

                         (clock clk rise edge)        5.000     5.000 r  
                                                      0.000     5.000 r  clk (IN)
                         net (fo=364, unset)          0.085     5.085    g_set[0].u_memory/clk
    URAM288_X0Y21        URAM288                                      r  g_set[0].u_memory/memory_reg_uram_1/CLK
                         clock pessimism              0.000     5.085    
                         clock uncertainty           -0.035     5.050    
    URAM288_X0Y21        URAM288 (Setup_URAM_288K_INST_URAM288_CLK_EN_A)
                                                     -0.629     4.421    g_set[0].u_memory/memory_reg_uram_1
  -------------------------------------------------------------------
                         required time                          4.421    
                         arrival time                          -3.957    
  -------------------------------------------------------------------
                         slack                                  0.463    

Slack (MET) :             0.482ns  (required time - arrival time)
  Source:                 replay_k_count[0]
                            (input port clocked by clk  {rise@0.000ns fall@2.500ns period=5.000ns})
  Destination:            g_set[1].u_memory/memory_reg_uram_1/EN_A
                            (rising edge-triggered cell URAM288 clocked by clk  {rise@0.000ns fall@2.500ns period=5.000ns})
  Path Group:             clk
  Path Type:              Setup (Max at Slow Process Corner)
  Requirement:            5.000ns  (clk rise@5.000ns - clk rise@0.000ns)
  Data Path Delay:        2.939ns  (logic 0.906ns (30.830%)  route 2.033ns (69.170%))
  Logic Levels:           9  (CARRY8=1 LUT4=1 LUT5=1 LUT6=6)
  Input Delay:            1.000ns
  Clock Path Skew:        0.085ns (DCD - SCD + CPR)
    Destination Clock Delay (DCD):    0.085ns = ( 5.085 - 5.000 ) 
    Source Clock Delay      (SCD):    0.000ns
    Clock Pessimism Removal (CPR):    0.000ns
  Clock Uncertainty:      0.035ns  ((TSJ^2 + TIJ^2)^1/2 + DJ) / 2 + PE
    Total System Jitter     (TSJ):    0.071ns
    Total Input Jitter      (TIJ):    0.000ns
    Discrete Jitter          (DJ):    0.000ns
    Phase Error              (PE):    0.000ns

    Location             Delay type                Incr(ns)  Path(ns)    Netlist Resource(s)
  -------------------------------------------------------------------    -------------------
                         (clock clk rise edge)        0.000     0.000 r  
                         input delay                  1.000     1.000    
                                                      0.000     1.000 r  replay_k_count[0] (IN)
                         net (fo=3, unset)            0.000     1.000    g_set[1].u_memory/replay_k_count[0]
    SLICE_X44Y81         LUT6 (Prop_F6LUT_SLICEL_I1_O)
                                                      0.187     1.187 r  g_set[1].u_memory/replay_ready_INST_0_i_31/O
                         net (fo=1, routed)           0.252     1.439    g_set[1].u_memory/replay_ready_INST_0_i_31_n_0
    SLICE_X44Y81         LUT6 (Prop_D6LUT_SLICEL_I4_O)
                                                      0.081     1.520 r  g_set[1].u_memory/replay_ready_INST_0_i_18/O
                         net (fo=1, routed)           0.313     1.833    g_set[1].u_memory/replay_set_q8
    SLICE_X43Y85         LUT6 (Prop_B6LUT_SLICEM_I3_O)
                                                      0.082     1.915 r  g_set[1].u_memory/replay_ready_INST_0_i_5/O
                         net (fo=22, routed)          0.117     2.032    g_set[1].u_memory/replay_set_q5
    SLICE_X43Y84         LUT4 (Prop_D6LUT_SLICEM_I2_O)
                                                      0.080     2.112 r  g_set[1].u_memory/patch_valid_i_2/O
                         net (fo=40, routed)          0.399     2.511    g_set[1].u_memory/replay_fire
    SLICE_X44Y81         LUT6 (Prop_E6LUT_SLICEL_I3_O)
                                                      0.057     2.568 r  g_set[1].u_memory/reads_issued_q[12]_i_27/O
                         net (fo=1, routed)           0.052     2.620    g_set[1].u_memory/reads_issued_q[12]_i_27_n_0
    SLICE_X44Y81         LUT5 (Prop_A6LUT_SLICEL_I0_O)
                                                      0.082     2.702 r  g_set[1].u_memory/reads_issued_q[12]_i_11/O
                         net (fo=1, routed)           0.176     2.878    g_set[1].u_memory/reads_issued_q[12]_i_11_n_0
    SLICE_X44Y83         CARRY8 (Prop_CARRY8_SLICEL_DI[2]_CO[6])
                                                      0.225     3.103 r  g_set[1].u_memory/reads_issued_q_reg[12]_i_4/CO[6]
                         net (fo=3, routed)           0.311     3.414    g_set[1].u_memory/CO[0]
    SLICE_X43Y83         LUT6 (Prop_F6LUT_SLICEM_I5_O)
                                                      0.056     3.470 r  g_set[1].u_memory/memory_reg_uram_0_i_75/O
                         net (fo=16, routed)          0.106     3.576    g_set[1].u_memory/issue_read
    SLICE_X43Y84         LUT6 (Prop_F6LUT_SLICEM_I5_O)
                                                      0.056     3.632 r  g_set[1].u_memory/memory_reg_uram_0_i_1__0/O
                         net (fo=2, routed)           0.307     3.939    g_set[1].u_memory/memory_read_enable[1]
    URAM288_X0Y23        URAM288                                      r  g_set[1].u_memory/memory_reg_uram_1/EN_A
  -------------------------------------------------------------------    -------------------

                         (clock clk rise edge)        5.000     5.000 r  
                                                      0.000     5.000 r  clk (IN)
                         net (fo=364, unset)          0.085     5.085    g_set[1].u_memory/clk
    URAM288_X0Y23        URAM288                                      r  g_set[1].u_memory/memory_reg_uram_1/CLK
                         clock pessimism              0.000     5.085    
                         clock uncertainty           -0.035     5.050    
    URAM288_X0Y23        URAM288 (Setup_URAM_288K_INST_URAM288_CLK_EN_A)
                                                     -0.629     4.421    g_set[1].u_memory/memory_reg_uram_1
  -------------------------------------------------------------------
                         required time                          4.421    
                         arrival time                          -3.939    
  -------------------------------------------------------------------
                         slack                                  0.482    

Slack (MET) :             0.510ns  (required time - arrival time)
  Source:                 replay_k_count[0]
                            (input port clocked by clk  {rise@0.000ns fall@2.500ns period=5.000ns})
  Destination:            g_set[1].u_memory/memory_reg_uram_0/EN_A
                            (rising edge-triggered cell URAM288 clocked by clk  {rise@0.000ns fall@2.500ns period=5.000ns})
  Path Group:             clk
  Path Type:              Setup (Max at Slow Process Corner)
  Requirement:            5.000ns  (clk rise@5.000ns - clk rise@0.000ns)
  Data Path Delay:        2.911ns  (logic 0.906ns (31.127%)  route 2.005ns (68.873%))
  Logic Levels:           9  (CARRY8=1 LUT4=1 LUT5=1 LUT6=6)
  Input Delay:            1.000ns
  Clock Path Skew:        0.085ns (DCD - SCD + CPR)
    Destination Clock Delay (DCD):    0.085ns = ( 5.085 - 5.000 ) 
    Source Clock Delay      (SCD):    0.000ns
    Clock Pessimism Removal (CPR):    0.000ns
  Clock Uncertainty:      0.035ns  ((TSJ^2 + TIJ^2)^1/2 + DJ) / 2 + PE
    Total System Jitter     (TSJ):    0.071ns
    Total Input Jitter      (TIJ):    0.000ns
    Discrete Jitter          (DJ):    0.000ns
    Phase Error              (PE):    0.000ns

    Location             Delay type                Incr(ns)  Path(ns)    Netlist Resource(s)
  -------------------------------------------------------------------    -------------------
                         (clock clk rise edge)        0.000     0.000 r  
                         input delay                  1.000     1.000    
                                                      0.000     1.000 r  replay_k_count[0] (IN)
                         net (fo=3, unset)            0.000     1.000    g_set[1].u_memory/replay_k_count[0]
    SLICE_X44Y81         LUT6 (Prop_F6LUT_SLICEL_I1_O)
                                                      0.187     1.187 r  g_set[1].u_memory/replay_ready_INST_0_i_31/O
                         net (fo=1, routed)           0.252     1.439    g_set[1].u_memory/replay_ready_INST_0_i_31_n_0
    SLICE_X44Y81         LUT6 (Prop_D6LUT_SLICEL_I4_O)
                                                      0.081     1.520 r  g_set[1].u_memory/replay_ready_INST_0_i_18/O
                         net (fo=1, routed)           0.313     1.833    g_set[1].u_memory/replay_set_q8
    SLICE_X43Y85         LUT6 (Prop_B6LUT_SLICEM_I3_O)
                                                      0.082     1.915 r  g_set[1].u_memory/replay_ready_INST_0_i_5/O
                         net (fo=22, routed)          0.117     2.032    g_set[1].u_memory/replay_set_q5
    SLICE_X43Y84         LUT4 (Prop_D6LUT_SLICEM_I2_O)
                                                      0.080     2.112 r  g_set[1].u_memory/patch_valid_i_2/O
                         net (fo=40, routed)          0.399     2.511    g_set[1].u_memory/replay_fire
    SLICE_X44Y81         LUT6 (Prop_E6LUT_SLICEL_I3_O)
                                                      0.057     2.568 r  g_set[1].u_memory/reads_issued_q[12]_i_27/O
                         net (fo=1, routed)           0.052     2.620    g_set[1].u_memory/reads_issued_q[12]_i_27_n_0
    SLICE_X44Y81         LUT5 (Prop_A6LUT_SLICEL_I0_O)
                                                      0.082     2.702 r  g_set[1].u_memory/reads_issued_q[12]_i_11/O
                         net (fo=1, routed)           0.176     2.878    g_set[1].u_memory/reads_issued_q[12]_i_11_n_0
    SLICE_X44Y83         CARRY8 (Prop_CARRY8_SLICEL_DI[2]_CO[6])
                                                      0.225     3.103 r  g_set[1].u_memory/reads_issued_q_reg[12]_i_4/CO[6]
                         net (fo=3, routed)           0.311     3.414    g_set[1].u_memory/CO[0]
    SLICE_X43Y83         LUT6 (Prop_F6LUT_SLICEM_I5_O)
                                                      0.056     3.470 r  g_set[1].u_memory/memory_reg_uram_0_i_75/O
                         net (fo=16, routed)          0.106     3.576    g_set[1].u_memory/issue_read
    SLICE_X43Y84         LUT6 (Prop_F6LUT_SLICEM_I5_O)
                                                      0.056     3.632 r  g_set[1].u_memory/memory_reg_uram_0_i_1__0/O
                         net (fo=2, routed)           0.279     3.911    g_set[1].u_memory/memory_read_enable[1]
    URAM288_X0Y22        URAM288                                      r  g_set[1].u_memory/memory_reg_uram_0/EN_A
  -------------------------------------------------------------------    -------------------

                         (clock clk rise edge)        5.000     5.000 r  
                                                      0.000     5.000 r  clk (IN)
                         net (fo=364, unset)          0.085     5.085    g_set[1].u_memory/clk
    URAM288_X0Y22        URAM288                                      r  g_set[1].u_memory/memory_reg_uram_0/CLK
                         clock pessimism              0.000     5.085    
                         clock uncertainty           -0.035     5.050    
    URAM288_X0Y22        URAM288 (Setup_URAM_288K_INST_URAM288_CLK_EN_A)
                                                     -0.629     4.421    g_set[1].u_memory/memory_reg_uram_0
  -------------------------------------------------------------------
                         required time                          4.421    
                         arrival time                          -3.911    
  -------------------------------------------------------------------
                         slack                                  0.510    

Slack (MET) :             0.977ns  (required time - arrival time)
  Source:                 replay_k_count[0]
                            (input port clocked by clk  {rise@0.000ns fall@2.500ns period=5.000ns})
  Destination:            pending_k_q_reg[0]/CE
                            (rising edge-triggered cell FDRE clocked by clk  {rise@0.000ns fall@2.500ns period=5.000ns})
  Path Group:             clk
  Path Type:              Setup (Max at Slow Process Corner)
  Requirement:            5.000ns  (clk rise@5.000ns - clk rise@0.000ns)
  Data Path Delay:        2.938ns  (logic 0.947ns (32.234%)  route 1.991ns (67.766%))
  Logic Levels:           8  (CARRY8=1 LUT4=1 LUT5=1 LUT6=5)
  Input Delay:            1.000ns
  Clock Path Skew:        0.030ns (DCD - SCD + CPR)
    Destination Clock Delay (DCD):    0.030ns = ( 5.030 - 5.000 ) 
    Source Clock Delay      (SCD):    0.000ns
    Clock Pessimism Removal (CPR):    0.000ns
  Clock Uncertainty:      0.035ns  ((TSJ^2 + TIJ^2)^1/2 + DJ) / 2 + PE
    Total System Jitter     (TSJ):    0.071ns
    Total Input Jitter      (TIJ):    0.000ns
    Discrete Jitter          (DJ):    0.000ns
    Phase Error              (PE):    0.000ns

    Location             Delay type                Incr(ns)  Path(ns)    Netlist Resource(s)
  -------------------------------------------------------------------    -------------------
                         (clock clk rise edge)        0.000     0.000 r  
                         input delay                  1.000     1.000    
                                                      0.000     1.000 r  replay_k_count[0] (IN)
                         net (fo=3, unset)            0.000     1.000    g_set[1].u_memory/replay_k_count[0]
    SLICE_X44Y81         LUT6 (Prop_F6LUT_SLICEL_I1_O)
                                                      0.187     1.187 r  g_set[1].u_memory/replay_ready_INST_0_i_31/O
                         net (fo=1, routed)           0.252     1.439    g_set[1].u_memory/replay_ready_INST_0_i_31_n_0
    SLICE_X44Y81         LUT6 (Prop_D6LUT_SLICEL_I4_O)
                                                      0.081     1.520 r  g_set[1].u_memory/replay_ready_INST_0_i_18/O
                         net (fo=1, routed)           0.313     1.833    g_set[1].u_memory/replay_set_q8
    SLICE_X43Y85         LUT6 (Prop_B6LUT_SLICEM_I3_O)
                                                      0.082     1.915 r  g_set[1].u_memory/replay_ready_INST_0_i_5/O
                         net (fo=22, routed)          0.117     2.032    g_set[1].u_memory/replay_set_q5
    SLICE_X43Y84         LUT4 (Prop_D6LUT_SLICEM_I2_O)
                                                      0.080     2.112 r  g_set[1].u_memory/patch_valid_i_2/O
                         net (fo=40, routed)          0.399     2.511    g_set[1].u_memory/replay_fire
    SLICE_X44Y81         LUT6 (Prop_E6LUT_SLICEL_I3_O)
                                                      0.057     2.568 r  g_set[1].u_memory/reads_issued_q[12]_i_27/O
                         net (fo=1, routed)           0.052     2.620    g_set[1].u_memory/reads_issued_q[12]_i_27_n_0
    SLICE_X44Y81         LUT5 (Prop_A6LUT_SLICEL_I0_O)
                                                      0.082     2.702 r  g_set[1].u_memory/reads_issued_q[12]_i_11/O
                         net (fo=1, routed)           0.176     2.878    g_set[1].u_memory/reads_issued_q[12]_i_11_n_0
    SLICE_X44Y83         CARRY8 (Prop_CARRY8_SLICEL_DI[2]_CO[6])
                                                      0.225     3.103 r  g_set[1].u_memory/reads_issued_q_reg[12]_i_4/CO[6]
                         net (fo=3, routed)           0.375     3.478    g_set[1].u_memory_n_0
    SLICE_X42Y83         LUT6 (Prop_H6LUT_SLICEL_I5_O)
                                                      0.153     3.631 r  pending_k_q[11]_i_1/O
                         net (fo=13, routed)          0.307     3.938    pending_k_q
    SLICE_X43Y84         FDRE                                         r  pending_k_q_reg[0]/CE
  -------------------------------------------------------------------    -------------------

                         (clock clk rise edge)        5.000     5.000 r  
                                                      0.000     5.000 r  clk (IN)
                         net (fo=364, unset)          0.030     5.030    clk
    SLICE_X43Y84         FDRE                                         r  pending_k_q_reg[0]/C
                         clock pessimism              0.000     5.030    
                         clock uncertainty           -0.035     4.995    
    SLICE_X43Y84         FDRE (Setup_DFF_SLICEM_C_CE)
                                                     -0.080     4.915    pending_k_q_reg[0]
  -------------------------------------------------------------------
                         required time                          4.915    
                         arrival time                          -3.938    
  -------------------------------------------------------------------
                         slack                                  0.977    

Slack (MET) :             0.977ns  (required time - arrival time)
  Source:                 replay_k_count[0]
                            (input port clocked by clk  {rise@0.000ns fall@2.500ns period=5.000ns})
  Destination:            pending_k_q_reg[10]/CE
                            (rising edge-triggered cell FDRE clocked by clk  {rise@0.000ns fall@2.500ns period=5.000ns})
  Path Group:             clk
  Path Type:              Setup (Max at Slow Process Corner)
  Requirement:            5.000ns  (clk rise@5.000ns - clk rise@0.000ns)
  Data Path Delay:        2.938ns  (logic 0.947ns (32.234%)  route 1.991ns (67.766%))
  Logic Levels:           8  (CARRY8=1 LUT4=1 LUT5=1 LUT6=5)
  Input Delay:            1.000ns
  Clock Path Skew:        0.030ns (DCD - SCD + CPR)
    Destination Clock Delay (DCD):    0.030ns = ( 5.030 - 5.000 ) 
    Source Clock Delay      (SCD):    0.000ns
    Clock Pessimism Removal (CPR):    0.000ns
  Clock Uncertainty:      0.035ns  ((TSJ^2 + TIJ^2)^1/2 + DJ) / 2 + PE
    Total System Jitter     (TSJ):    0.071ns
    Total Input Jitter      (TIJ):    0.000ns
    Discrete Jitter          (DJ):    0.000ns
    Phase Error              (PE):    0.000ns

    Location             Delay type                Incr(ns)  Path(ns)    Netlist Resource(s)
  -------------------------------------------------------------------    -------------------
                         (clock clk rise edge)        0.000     0.000 r  
                         input delay                  1.000     1.000    
                                                      0.000     1.000 r  replay_k_count[0] (IN)
                         net (fo=3, unset)            0.000     1.000    g_set[1].u_memory/replay_k_count[0]
    SLICE_X44Y81         LUT6 (Prop_F6LUT_SLICEL_I1_O)
                                                      0.187     1.187 r  g_set[1].u_memory/replay_ready_INST_0_i_31/O
                         net (fo=1, routed)           0.252     1.439    g_set[1].u_memory/replay_ready_INST_0_i_31_n_0
    SLICE_X44Y81         LUT6 (Prop_D6LUT_SLICEL_I4_O)
                                                      0.081     1.520 r  g_set[1].u_memory/replay_ready_INST_0_i_18/O
                         net (fo=1, routed)           0.313     1.833    g_set[1].u_memory/replay_set_q8
    SLICE_X43Y85         LUT6 (Prop_B6LUT_SLICEM_I3_O)
                                                      0.082     1.915 r  g_set[1].u_memory/replay_ready_INST_0_i_5/O
                         net (fo=22, routed)          0.117     2.032    g_set[1].u_memory/replay_set_q5
    SLICE_X43Y84         LUT4 (Prop_D6LUT_SLICEM_I2_O)
                                                      0.080     2.112 r  g_set[1].u_memory/patch_valid_i_2/O
                         net (fo=40, routed)          0.399     2.511    g_set[1].u_memory/replay_fire
    SLICE_X44Y81         LUT6 (Prop_E6LUT_SLICEL_I3_O)
                                                      0.057     2.568 r  g_set[1].u_memory/reads_issued_q[12]_i_27/O
                         net (fo=1, routed)           0.052     2.620    g_set[1].u_memory/reads_issued_q[12]_i_27_n_0
    SLICE_X44Y81         LUT5 (Prop_A6LUT_SLICEL_I0_O)
                                                      0.082     2.702 r  g_set[1].u_memory/reads_issued_q[12]_i_11/O
                         net (fo=1, routed)           0.176     2.878    g_set[1].u_memory/reads_issued_q[12]_i_11_n_0
    SLICE_X44Y83         CARRY8 (Prop_CARRY8_SLICEL_DI[2]_CO[6])
                                                      0.225     3.103 r  g_set[1].u_memory/reads_issued_q_reg[12]_i_4/CO[6]
                         net (fo=3, routed)           0.375     3.478    g_set[1].u_memory_n_0
    SLICE_X42Y83         LUT6 (Prop_H6LUT_SLICEL_I5_O)
                                                      0.153     3.631 r  pending_k_q[11]_i_1/O
                         net (fo=13, routed)          0.307     3.938    pending_k_q
    SLICE_X43Y84         FDRE                                         r  pending_k_q_reg[10]/CE
  -------------------------------------------------------------------    -------------------

                         (clock clk rise edge)        5.000     5.000 r  
                                                      0.000     5.000 r  clk (IN)
                         net (fo=364, unset)          0.030     5.030    clk
    SLICE_X43Y84         FDRE                                         r  pending_k_q_reg[10]/C
                         clock pessimism              0.000     5.030    
                         clock uncertainty           -0.035     4.995    
    SLICE_X43Y84         FDRE (Setup_CFF_SLICEM_C_CE)
                                                     -0.080     4.915    pending_k_q_reg[10]
  -------------------------------------------------------------------
                         required time                          4.915    
                         arrival time                          -3.938    
  -------------------------------------------------------------------
                         slack                                  0.977    

Slack (MET) :             0.977ns  (required time - arrival time)
  Source:                 replay_k_count[0]
                            (input port clocked by clk  {rise@0.000ns fall@2.500ns period=5.000ns})
  Destination:            pending_k_q_reg[7]/CE
                            (rising edge-triggered cell FDRE clocked by clk  {rise@0.000ns fall@2.500ns period=5.000ns})
  Path Group:             clk
  Path Type:              Setup (Max at Slow Process Corner)
  Requirement:            5.000ns  (clk rise@5.000ns - clk rise@0.000ns)
  Data Path Delay:        2.938ns  (logic 0.947ns (32.234%)  route 1.991ns (67.766%))
  Logic Levels:           8  (CARRY8=1 LUT4=1 LUT5=1 LUT6=5)
  Input Delay:            1.000ns
  Clock Path Skew:        0.030ns (DCD - SCD + CPR)
    Destination Clock Delay (DCD):    0.030ns = ( 5.030 - 5.000 ) 
    Source Clock Delay      (SCD):    0.000ns
    Clock Pessimism Removal (CPR):    0.000ns
  Clock Uncertainty:      0.035ns  ((TSJ^2 + TIJ^2)^1/2 + DJ) / 2 + PE
    Total System Jitter     (TSJ):    0.071ns
    Total Input Jitter      (TIJ):    0.000ns
    Discrete Jitter          (DJ):    0.000ns
    Phase Error              (PE):    0.000ns

    Location             Delay type                Incr(ns)  Path(ns)    Netlist Resource(s)
  -------------------------------------------------------------------    -------------------
                         (clock clk rise edge)        0.000     0.000 r  
                         input delay                  1.000     1.000    
                                                      0.000     1.000 r  replay_k_count[0] (IN)
                         net (fo=3, unset)            0.000     1.000    g_set[1].u_memory/replay_k_count[0]
    SLICE_X44Y81         LUT6 (Prop_F6LUT_SLICEL_I1_O)
                                                      0.187     1.187 r  g_set[1].u_memory/replay_ready_INST_0_i_31/O
                         net (fo=1, routed)           0.252     1.439    g_set[1].u_memory/replay_ready_INST_0_i_31_n_0
    SLICE_X44Y81         LUT6 (Prop_D6LUT_SLICEL_I4_O)
                                                      0.081     1.520 r  g_set[1].u_memory/replay_ready_INST_0_i_18/O
                         net (fo=1, routed)           0.313     1.833    g_set[1].u_memory/replay_set_q8
    SLICE_X43Y85         LUT6 (Prop_B6LUT_SLICEM_I3_O)
                                                      0.082     1.915 r  g_set[1].u_memory/replay_ready_INST_0_i_5/O
                         net (fo=22, routed)          0.117     2.032    g_set[1].u_memory/replay_set_q5
    SLICE_X43Y84         LUT4 (Prop_D6LUT_SLICEM_I2_O)
                                                      0.080     2.112 r  g_set[1].u_memory/patch_valid_i_2/O
                         net (fo=40, routed)          0.399     2.511    g_set[1].u_memory/replay_fire
    SLICE_X44Y81         LUT6 (Prop_E6LUT_SLICEL_I3_O)
                                                      0.057     2.568 r  g_set[1].u_memory/reads_issued_q[12]_i_27/O
                         net (fo=1, routed)           0.052     2.620    g_set[1].u_memory/reads_issued_q[12]_i_27_n_0
    SLICE_X44Y81         LUT5 (Prop_A6LUT_SLICEL_I0_O)
                                                      0.082     2.702 r  g_set[1].u_memory/reads_issued_q[12]_i_11/O
                         net (fo=1, routed)           0.176     2.878    g_set[1].u_memory/reads_issued_q[12]_i_11_n_0
    SLICE_X44Y83         CARRY8 (Prop_CARRY8_SLICEL_DI[2]_CO[6])
                                                      0.225     3.103 r  g_set[1].u_memory/reads_issued_q_reg[12]_i_4/CO[6]
                         net (fo=3, routed)           0.375     3.478    g_set[1].u_memory_n_0
    SLICE_X42Y83         LUT6 (Prop_H6LUT_SLICEL_I5_O)
                                                      0.153     3.631 r  pending_k_q[11]_i_1/O
                         net (fo=13, routed)          0.307     3.938    pending_k_q
    SLICE_X43Y84         FDRE                                         r  pending_k_q_reg[7]/CE
  -------------------------------------------------------------------    -------------------

                         (clock clk rise edge)        5.000     5.000 r  
                                                      0.000     5.000 r  clk (IN)
                         net (fo=364, unset)          0.030     5.030    clk
    SLICE_X43Y84         FDRE                                         r  pending_k_q_reg[7]/C
                         clock pessimism              0.000     5.030    
                         clock uncertainty           -0.035     4.995    
    SLICE_X43Y84         FDRE (Setup_BFF_SLICEM_C_CE)
                                                     -0.080     4.915    pending_k_q_reg[7]
  -------------------------------------------------------------------
                         required time                          4.915    
                         arrival time                          -3.938    
  -------------------------------------------------------------------
                         slack                                  0.977    

Slack (MET) :             0.979ns  (required time - arrival time)
  Source:                 replay_k_count[0]
                            (input port clocked by clk  {rise@0.000ns fall@2.500ns period=5.000ns})
  Destination:            pending_k_q_reg[1]/CE
                            (rising edge-triggered cell FDRE clocked by clk  {rise@0.000ns fall@2.500ns period=5.000ns})
  Path Group:             clk
  Path Type:              Setup (Max at Slow Process Corner)
  Requirement:            5.000ns  (clk rise@5.000ns - clk rise@0.000ns)
  Data Path Delay:        2.936ns  (logic 0.947ns (32.256%)  route 1.989ns (67.744%))
  Logic Levels:           8  (CARRY8=1 LUT4=1 LUT5=1 LUT6=5)
  Input Delay:            1.000ns
  Clock Path Skew:        0.029ns (DCD - SCD + CPR)
    Destination Clock Delay (DCD):    0.029ns = ( 5.029 - 5.000 ) 
    Source Clock Delay      (SCD):    0.000ns
    Clock Pessimism Removal (CPR):    0.000ns
  Clock Uncertainty:      0.035ns  ((TSJ^2 + TIJ^2)^1/2 + DJ) / 2 + PE
    Total System Jitter     (TSJ):    0.071ns
    Total Input Jitter      (TIJ):    0.000ns
    Discrete Jitter          (DJ):    0.000ns
    Phase Error              (PE):    0.000ns

    Location             Delay type                Incr(ns)  Path(ns)    Netlist Resource(s)
  -------------------------------------------------------------------    -------------------
                         (clock clk rise edge)        0.000     0.000 r  
                         input delay                  1.000     1.000    
                                                      0.000     1.000 r  replay_k_count[0] (IN)
                         net (fo=3, unset)            0.000     1.000    g_set[1].u_memory/replay_k_count[0]
    SLICE_X44Y81         LUT6 (Prop_F6LUT_SLICEL_I1_O)
                                                      0.187     1.187 r  g_set[1].u_memory/replay_ready_INST_0_i_31/O
                         net (fo=1, routed)           0.252     1.439    g_set[1].u_memory/replay_ready_INST_0_i_31_n_0
    SLICE_X44Y81         LUT6 (Prop_D6LUT_SLICEL_I4_O)
                                                      0.081     1.520 r  g_set[1].u_memory/replay_ready_INST_0_i_18/O
                         net (fo=1, routed)           0.313     1.833    g_set[1].u_memory/replay_set_q8
    SLICE_X43Y85         LUT6 (Prop_B6LUT_SLICEM_I3_O)
                                                      0.082     1.915 r  g_set[1].u_memory/replay_ready_INST_0_i_5/O
                         net (fo=22, routed)          0.117     2.032    g_set[1].u_memory/replay_set_q5
    SLICE_X43Y84         LUT4 (Prop_D6LUT_SLICEM_I2_O)
                                                      0.080     2.112 r  g_set[1].u_memory/patch_valid_i_2/O
                         net (fo=40, routed)          0.399     2.511    g_set[1].u_memory/replay_fire
    SLICE_X44Y81         LUT6 (Prop_E6LUT_SLICEL_I3_O)
                                                      0.057     2.568 r  g_set[1].u_memory/reads_issued_q[12]_i_27/O
                         net (fo=1, routed)           0.052     2.620    g_set[1].u_memory/reads_issued_q[12]_i_27_n_0
    SLICE_X44Y81         LUT5 (Prop_A6LUT_SLICEL_I0_O)
                                                      0.082     2.702 r  g_set[1].u_memory/reads_issued_q[12]_i_11/O
                         net (fo=1, routed)           0.176     2.878    g_set[1].u_memory/reads_issued_q[12]_i_11_n_0
    SLICE_X44Y83         CARRY8 (Prop_CARRY8_SLICEL_DI[2]_CO[6])
                                                      0.225     3.103 r  g_set[1].u_memory/reads_issued_q_reg[12]_i_4/CO[6]
                         net (fo=3, routed)           0.375     3.478    g_set[1].u_memory_n_0
    SLICE_X42Y83         LUT6 (Prop_H6LUT_SLICEL_I5_O)
                                                      0.153     3.631 r  pending_k_q[11]_i_1/O
                         net (fo=13, routed)          0.305     3.936    pending_k_q
    SLICE_X42Y82         FDRE                                         r  pending_k_q_reg[1]/CE
  -------------------------------------------------------------------    -------------------

                         (clock clk rise edge)        5.000     5.000 r  
                                                      0.000     5.000 r  clk (IN)
                         net (fo=364, unset)          0.029     5.029    clk
    SLICE_X42Y82         FDRE                                         r  pending_k_q_reg[1]/C
                         clock pessimism              0.000     5.029    
                         clock uncertainty           -0.035     4.994    
    SLICE_X42Y82         FDRE (Setup_HFF2_SLICEL_C_CE)
                                                     -0.079     4.915    pending_k_q_reg[1]
  -------------------------------------------------------------------
                         required time                          4.915    
                         arrival time                          -3.936    
  -------------------------------------------------------------------
                         slack                                  0.979    

Slack (MET) :             0.979ns  (required time - arrival time)
  Source:                 replay_k_count[0]
                            (input port clocked by clk  {rise@0.000ns fall@2.500ns period=5.000ns})
  Destination:            pending_k_q_reg[4]/CE
                            (rising edge-triggered cell FDRE clocked by clk  {rise@0.000ns fall@2.500ns period=5.000ns})
  Path Group:             clk
  Path Type:              Setup (Max at Slow Process Corner)
  Requirement:            5.000ns  (clk rise@5.000ns - clk rise@0.000ns)
  Data Path Delay:        2.936ns  (logic 0.947ns (32.256%)  route 1.989ns (67.744%))
  Logic Levels:           8  (CARRY8=1 LUT4=1 LUT5=1 LUT6=5)
  Input Delay:            1.000ns
  Clock Path Skew:        0.029ns (DCD - SCD + CPR)
    Destination Clock Delay (DCD):    0.029ns = ( 5.029 - 5.000 ) 
    Source Clock Delay      (SCD):    0.000ns
    Clock Pessimism Removal (CPR):    0.000ns
  Clock Uncertainty:      0.035ns  ((TSJ^2 + TIJ^2)^1/2 + DJ) / 2 + PE
    Total System Jitter     (TSJ):    0.071ns
    Total Input Jitter      (TIJ):    0.000ns
    Discrete Jitter          (DJ):    0.000ns
    Phase Error              (PE):    0.000ns

    Location             Delay type                Incr(ns)  Path(ns)    Netlist Resource(s)
  -------------------------------------------------------------------    -------------------
                         (clock clk rise edge)        0.000     0.000 r  
                         input delay                  1.000     1.000    
                                                      0.000     1.000 r  replay_k_count[0] (IN)
                         net (fo=3, unset)            0.000     1.000    g_set[1].u_memory/replay_k_count[0]
    SLICE_X44Y81         LUT6 (Prop_F6LUT_SLICEL_I1_O)
                                                      0.187     1.187 r  g_set[1].u_memory/replay_ready_INST_0_i_31/O
                         net (fo=1, routed)           0.252     1.439    g_set[1].u_memory/replay_ready_INST_0_i_31_n_0
    SLICE_X44Y81         LUT6 (Prop_D6LUT_SLICEL_I4_O)
                                                      0.081     1.520 r  g_set[1].u_memory/replay_ready_INST_0_i_18/O
                         net (fo=1, routed)           0.313     1.833    g_set[1].u_memory/replay_set_q8
    SLICE_X43Y85         LUT6 (Prop_B6LUT_SLICEM_I3_O)
                                                      0.082     1.915 r  g_set[1].u_memory/replay_ready_INST_0_i_5/O
                         net (fo=22, routed)          0.117     2.032    g_set[1].u_memory/replay_set_q5
    SLICE_X43Y84         LUT4 (Prop_D6LUT_SLICEM_I2_O)
                                                      0.080     2.112 r  g_set[1].u_memory/patch_valid_i_2/O
                         net (fo=40, routed)          0.399     2.511    g_set[1].u_memory/replay_fire
    SLICE_X44Y81         LUT6 (Prop_E6LUT_SLICEL_I3_O)
                                                      0.057     2.568 r  g_set[1].u_memory/reads_issued_q[12]_i_27/O
                         net (fo=1, routed)           0.052     2.620    g_set[1].u_memory/reads_issued_q[12]_i_27_n_0
    SLICE_X44Y81         LUT5 (Prop_A6LUT_SLICEL_I0_O)
                                                      0.082     2.702 r  g_set[1].u_memory/reads_issued_q[12]_i_11/O
                         net (fo=1, routed)           0.176     2.878    g_set[1].u_memory/reads_issued_q[12]_i_11_n_0
    SLICE_X44Y83         CARRY8 (Prop_CARRY8_SLICEL_DI[2]_CO[6])
                                                      0.225     3.103 r  g_set[1].u_memory/reads_issued_q_reg[12]_i_4/CO[6]
                         net (fo=3, routed)           0.375     3.478    g_set[1].u_memory_n_0
    SLICE_X42Y83         LUT6 (Prop_H6LUT_SLICEL_I5_O)
                                                      0.153     3.631 r  pending_k_q[11]_i_1/O
                         net (fo=13, routed)          0.305     3.936    pending_k_q
    SLICE_X42Y82         FDRE                                         r  pending_k_q_reg[4]/CE
  -------------------------------------------------------------------    -------------------

                         (clock clk rise edge)        5.000     5.000 r  
                                                      0.000     5.000 r  clk (IN)
                         net (fo=364, unset)          0.029     5.029    clk
    SLICE_X42Y82         FDRE                                         r  pending_k_q_reg[4]/C
                         clock pessimism              0.000     5.029    
                         clock uncertainty           -0.035     4.994    
    SLICE_X42Y82         FDRE (Setup_GFF2_SLICEL_C_CE)
                                                     -0.079     4.915    pending_k_q_reg[4]
  -------------------------------------------------------------------
                         required time                          4.915    
                         arrival time                          -3.936    
  -------------------------------------------------------------------
                         slack                                  0.979    

Slack (MET) :             0.979ns  (required time - arrival time)
  Source:                 replay_k_count[0]
                            (input port clocked by clk  {rise@0.000ns fall@2.500ns period=5.000ns})
  Destination:            pending_k_q_reg[8]/CE
                            (rising edge-triggered cell FDRE clocked by clk  {rise@0.000ns fall@2.500ns period=5.000ns})
  Path Group:             clk
  Path Type:              Setup (Max at Slow Process Corner)
  Requirement:            5.000ns  (clk rise@5.000ns - clk rise@0.000ns)
  Data Path Delay:        2.936ns  (logic 0.947ns (32.256%)  route 1.989ns (67.744%))
  Logic Levels:           8  (CARRY8=1 LUT4=1 LUT5=1 LUT6=5)
  Input Delay:            1.000ns
  Clock Path Skew:        0.029ns (DCD - SCD + CPR)
    Destination Clock Delay (DCD):    0.029ns = ( 5.029 - 5.000 ) 
    Source Clock Delay      (SCD):    0.000ns
    Clock Pessimism Removal (CPR):    0.000ns
  Clock Uncertainty:      0.035ns  ((TSJ^2 + TIJ^2)^1/2 + DJ) / 2 + PE
    Total System Jitter     (TSJ):    0.071ns
    Total Input Jitter      (TIJ):    0.000ns
    Discrete Jitter          (DJ):    0.000ns
    Phase Error              (PE):    0.000ns

    Location             Delay type                Incr(ns)  Path(ns)    Netlist Resource(s)
  -------------------------------------------------------------------    -------------------
                         (clock clk rise edge)        0.000     0.000 r  
                         input delay                  1.000     1.000    
                                                      0.000     1.000 r  replay_k_count[0] (IN)
                         net (fo=3, unset)            0.000     1.000    g_set[1].u_memory/replay_k_count[0]
    SLICE_X44Y81         LUT6 (Prop_F6LUT_SLICEL_I1_O)
                                                      0.187     1.187 r  g_set[1].u_memory/replay_ready_INST_0_i_31/O
                         net (fo=1, routed)           0.252     1.439    g_set[1].u_memory/replay_ready_INST_0_i_31_n_0
    SLICE_X44Y81         LUT6 (Prop_D6LUT_SLICEL_I4_O)
                                                      0.081     1.520 r  g_set[1].u_memory/replay_ready_INST_0_i_18/O
                         net (fo=1, routed)           0.313     1.833    g_set[1].u_memory/replay_set_q8
    SLICE_X43Y85         LUT6 (Prop_B6LUT_SLICEM_I3_O)
                                                      0.082     1.915 r  g_set[1].u_memory/replay_ready_INST_0_i_5/O
                         net (fo=22, routed)          0.117     2.032    g_set[1].u_memory/replay_set_q5
    SLICE_X43Y84         LUT4 (Prop_D6LUT_SLICEM_I2_O)
                                                      0.080     2.112 r  g_set[1].u_memory/patch_valid_i_2/O
                         net (fo=40, routed)          0.399     2.511    g_set[1].u_memory/replay_fire
    SLICE_X44Y81         LUT6 (Prop_E6LUT_SLICEL_I3_O)
                                                      0.057     2.568 r  g_set[1].u_memory/reads_issued_q[12]_i_27/O
                         net (fo=1, routed)           0.052     2.620    g_set[1].u_memory/reads_issued_q[12]_i_27_n_0
    SLICE_X44Y81         LUT5 (Prop_A6LUT_SLICEL_I0_O)
                                                      0.082     2.702 r  g_set[1].u_memory/reads_issued_q[12]_i_11/O
                         net (fo=1, routed)           0.176     2.878    g_set[1].u_memory/reads_issued_q[12]_i_11_n_0
    SLICE_X44Y83         CARRY8 (Prop_CARRY8_SLICEL_DI[2]_CO[6])
                                                      0.225     3.103 r  g_set[1].u_memory/reads_issued_q_reg[12]_i_4/CO[6]
                         net (fo=3, routed)           0.375     3.478    g_set[1].u_memory_n_0
    SLICE_X42Y83         LUT6 (Prop_H6LUT_SLICEL_I5_O)
                                                      0.153     3.631 r  pending_k_q[11]_i_1/O
                         net (fo=13, routed)          0.305     3.936    pending_k_q
    SLICE_X42Y82         FDRE                                         r  pending_k_q_reg[8]/CE
  -------------------------------------------------------------------    -------------------

                         (clock clk rise edge)        5.000     5.000 r  
                                                      0.000     5.000 r  clk (IN)
                         net (fo=364, unset)          0.029     5.029    clk
    SLICE_X42Y82         FDRE                                         r  pending_k_q_reg[8]/C
                         clock pessimism              0.000     5.029    
                         clock uncertainty           -0.035     4.994    
    SLICE_X42Y82         FDRE (Setup_FFF2_SLICEL_C_CE)
                                                     -0.079     4.915    pending_k_q_reg[8]
  -------------------------------------------------------------------
                         required time                          4.915    
                         arrival time                          -3.936    
  -------------------------------------------------------------------
                         slack                                  0.979    

Slack (MET) :             0.998ns  (required time - arrival time)
  Source:                 replay_k_count[0]
                            (input port clocked by clk  {rise@0.000ns fall@2.500ns period=5.000ns})
  Destination:            pending_k_q_reg[2]/CE
                            (rising edge-triggered cell FDRE clocked by clk  {rise@0.000ns fall@2.500ns period=5.000ns})
  Path Group:             clk
  Path Type:              Setup (Max at Slow Process Corner)
  Requirement:            5.000ns  (clk rise@5.000ns - clk rise@0.000ns)
  Data Path Delay:        2.917ns  (logic 0.947ns (32.467%)  route 1.970ns (67.533%))
  Logic Levels:           8  (CARRY8=1 LUT4=1 LUT5=1 LUT6=5)
  Input Delay:            1.000ns
  Clock Path Skew:        0.029ns (DCD - SCD + CPR)
    Destination Clock Delay (DCD):    0.029ns = ( 5.029 - 5.000 ) 
    Source Clock Delay      (SCD):    0.000ns
    Clock Pessimism Removal (CPR):    0.000ns
  Clock Uncertainty:      0.035ns  ((TSJ^2 + TIJ^2)^1/2 + DJ) / 2 + PE
    Total System Jitter     (TSJ):    0.071ns
    Total Input Jitter      (TIJ):    0.000ns
    Discrete Jitter          (DJ):    0.000ns
    Phase Error              (PE):    0.000ns

    Location             Delay type                Incr(ns)  Path(ns)    Netlist Resource(s)
  -------------------------------------------------------------------    -------------------
                         (clock clk rise edge)        0.000     0.000 r  
                         input delay                  1.000     1.000    
                                                      0.000     1.000 r  replay_k_count[0] (IN)
                         net (fo=3, unset)            0.000     1.000    g_set[1].u_memory/replay_k_count[0]
    SLICE_X44Y81         LUT6 (Prop_F6LUT_SLICEL_I1_O)
                                                      0.187     1.187 r  g_set[1].u_memory/replay_ready_INST_0_i_31/O
                         net (fo=1, routed)           0.252     1.439    g_set[1].u_memory/replay_ready_INST_0_i_31_n_0
    SLICE_X44Y81         LUT6 (Prop_D6LUT_SLICEL_I4_O)
                                                      0.081     1.520 r  g_set[1].u_memory/replay_ready_INST_0_i_18/O
                         net (fo=1, routed)           0.313     1.833    g_set[1].u_memory/replay_set_q8
    SLICE_X43Y85         LUT6 (Prop_B6LUT_SLICEM_I3_O)
                                                      0.082     1.915 r  g_set[1].u_memory/replay_ready_INST_0_i_5/O
                         net (fo=22, routed)          0.117     2.032    g_set[1].u_memory/replay_set_q5
    SLICE_X43Y84         LUT4 (Prop_D6LUT_SLICEM_I2_O)
                                                      0.080     2.112 r  g_set[1].u_memory/patch_valid_i_2/O
                         net (fo=40, routed)          0.399     2.511    g_set[1].u_memory/replay_fire
    SLICE_X44Y81         LUT6 (Prop_E6LUT_SLICEL_I3_O)
                                                      0.057     2.568 r  g_set[1].u_memory/reads_issued_q[12]_i_27/O
                         net (fo=1, routed)           0.052     2.620    g_set[1].u_memory/reads_issued_q[12]_i_27_n_0
    SLICE_X44Y81         LUT5 (Prop_A6LUT_SLICEL_I0_O)
                                                      0.082     2.702 r  g_set[1].u_memory/reads_issued_q[12]_i_11/O
                         net (fo=1, routed)           0.176     2.878    g_set[1].u_memory/reads_issued_q[12]_i_11_n_0
    SLICE_X44Y83         CARRY8 (Prop_CARRY8_SLICEL_DI[2]_CO[6])
                                                      0.225     3.103 r  g_set[1].u_memory/reads_issued_q_reg[12]_i_4/CO[6]
                         net (fo=3, routed)           0.375     3.478    g_set[1].u_memory_n_0
    SLICE_X42Y83         LUT6 (Prop_H6LUT_SLICEL_I5_O)
                                                      0.153     3.631 r  pending_k_q[11]_i_1/O
                         net (fo=13, routed)          0.286     3.917    pending_k_q
    SLICE_X42Y84         FDRE                                         r  pending_k_q_reg[2]/CE
  -------------------------------------------------------------------    -------------------

                         (clock clk rise edge)        5.000     5.000 r  
                                                      0.000     5.000 r  clk (IN)
                         net (fo=364, unset)          0.029     5.029    clk
    SLICE_X42Y84         FDRE                                         r  pending_k_q_reg[2]/C
                         clock pessimism              0.000     5.029    
                         clock uncertainty           -0.035     4.994    
    SLICE_X42Y84         FDRE (Setup_HFF2_SLICEL_C_CE)
                                                     -0.079     4.915    pending_k_q_reg[2]
  -------------------------------------------------------------------
                         required time                          4.915    
                         arrival time                          -3.917    
  -------------------------------------------------------------------
                         slack                                  0.998    

Slack (MET) :             0.998ns  (required time - arrival time)
  Source:                 replay_k_count[0]
                            (input port clocked by clk  {rise@0.000ns fall@2.500ns period=5.000ns})
  Destination:            pending_k_q_reg[3]/CE
                            (rising edge-triggered cell FDRE clocked by clk  {rise@0.000ns fall@2.500ns period=5.000ns})
  Path Group:             clk
  Path Type:              Setup (Max at Slow Process Corner)
  Requirement:            5.000ns  (clk rise@5.000ns - clk rise@0.000ns)
  Data Path Delay:        2.917ns  (logic 0.947ns (32.467%)  route 1.970ns (67.533%))
  Logic Levels:           8  (CARRY8=1 LUT4=1 LUT5=1 LUT6=5)
  Input Delay:            1.000ns
  Clock Path Skew:        0.029ns (DCD - SCD + CPR)
    Destination Clock Delay (DCD):    0.029ns = ( 5.029 - 5.000 ) 
    Source Clock Delay      (SCD):    0.000ns
    Clock Pessimism Removal (CPR):    0.000ns
  Clock Uncertainty:      0.035ns  ((TSJ^2 + TIJ^2)^1/2 + DJ) / 2 + PE
    Total System Jitter     (TSJ):    0.071ns
    Total Input Jitter      (TIJ):    0.000ns
    Discrete Jitter          (DJ):    0.000ns
    Phase Error              (PE):    0.000ns

    Location             Delay type                Incr(ns)  Path(ns)    Netlist Resource(s)
  -------------------------------------------------------------------    -------------------
                         (clock clk rise edge)        0.000     0.000 r  
                         input delay                  1.000     1.000    
                                                      0.000     1.000 r  replay_k_count[0] (IN)
                         net (fo=3, unset)            0.000     1.000    g_set[1].u_memory/replay_k_count[0]
    SLICE_X44Y81         LUT6 (Prop_F6LUT_SLICEL_I1_O)
                                                      0.187     1.187 r  g_set[1].u_memory/replay_ready_INST_0_i_31/O
                         net (fo=1, routed)           0.252     1.439    g_set[1].u_memory/replay_ready_INST_0_i_31_n_0
    SLICE_X44Y81         LUT6 (Prop_D6LUT_SLICEL_I4_O)
                                                      0.081     1.520 r  g_set[1].u_memory/replay_ready_INST_0_i_18/O
                         net (fo=1, routed)           0.313     1.833    g_set[1].u_memory/replay_set_q8
    SLICE_X43Y85         LUT6 (Prop_B6LUT_SLICEM_I3_O)
                                                      0.082     1.915 r  g_set[1].u_memory/replay_ready_INST_0_i_5/O
                         net (fo=22, routed)          0.117     2.032    g_set[1].u_memory/replay_set_q5
    SLICE_X43Y84         LUT4 (Prop_D6LUT_SLICEM_I2_O)
                                                      0.080     2.112 r  g_set[1].u_memory/patch_valid_i_2/O
                         net (fo=40, routed)          0.399     2.511    g_set[1].u_memory/replay_fire
    SLICE_X44Y81         LUT6 (Prop_E6LUT_SLICEL_I3_O)
                                                      0.057     2.568 r  g_set[1].u_memory/reads_issued_q[12]_i_27/O
                         net (fo=1, routed)           0.052     2.620    g_set[1].u_memory/reads_issued_q[12]_i_27_n_0
    SLICE_X44Y81         LUT5 (Prop_A6LUT_SLICEL_I0_O)
                                                      0.082     2.702 r  g_set[1].u_memory/reads_issued_q[12]_i_11/O
                         net (fo=1, routed)           0.176     2.878    g_set[1].u_memory/reads_issued_q[12]_i_11_n_0
    SLICE_X44Y83         CARRY8 (Prop_CARRY8_SLICEL_DI[2]_CO[6])
                                                      0.225     3.103 r  g_set[1].u_memory/reads_issued_q_reg[12]_i_4/CO[6]
                         net (fo=3, routed)           0.375     3.478    g_set[1].u_memory_n_0
    SLICE_X42Y83         LUT6 (Prop_H6LUT_SLICEL_I5_O)
                                                      0.153     3.631 r  pending_k_q[11]_i_1/O
                         net (fo=13, routed)          0.286     3.917    pending_k_q
    SLICE_X42Y84         FDRE                                         r  pending_k_q_reg[3]/CE
  -------------------------------------------------------------------    -------------------

                         (clock clk rise edge)        5.000     5.000 r  
                                                      0.000     5.000 r  clk (IN)
                         net (fo=364, unset)          0.029     5.029    clk
    SLICE_X42Y84         FDRE                                         r  pending_k_q_reg[3]/C
                         clock pessimism              0.000     5.029    
                         clock uncertainty           -0.035     4.994    
    SLICE_X42Y84         FDRE (Setup_GFF2_SLICEL_C_CE)
                                                     -0.079     4.915    pending_k_q_reg[3]
  -------------------------------------------------------------------
                         required time                          4.915    
                         arrival time                          -3.917    
  -------------------------------------------------------------------
                         slack                                  0.998    

Slack (MET) :             0.999ns  (required time - arrival time)
  Source:                 replay_k_count[0]
                            (input port clocked by clk  {rise@0.000ns fall@2.500ns period=5.000ns})
  Destination:            pending_k_q_reg[6]/CE
                            (rising edge-triggered cell FDRE clocked by clk  {rise@0.000ns fall@2.500ns period=5.000ns})
  Path Group:             clk
  Path Type:              Setup (Max at Slow Process Corner)
  Requirement:            5.000ns  (clk rise@5.000ns - clk rise@0.000ns)
  Data Path Delay:        2.917ns  (logic 0.947ns (32.467%)  route 1.970ns (67.533%))
  Logic Levels:           8  (CARRY8=1 LUT4=1 LUT5=1 LUT6=5)
  Input Delay:            1.000ns
  Clock Path Skew:        0.031ns (DCD - SCD + CPR)
    Destination Clock Delay (DCD):    0.031ns = ( 5.031 - 5.000 ) 
    Source Clock Delay      (SCD):    0.000ns
    Clock Pessimism Removal (CPR):    0.000ns
  Clock Uncertainty:      0.035ns  ((TSJ^2 + TIJ^2)^1/2 + DJ) / 2 + PE
    Total System Jitter     (TSJ):    0.071ns
    Total Input Jitter      (TIJ):    0.000ns
    Discrete Jitter          (DJ):    0.000ns
    Phase Error              (PE):    0.000ns

    Location             Delay type                Incr(ns)  Path(ns)    Netlist Resource(s)
  -------------------------------------------------------------------    -------------------
                         (clock clk rise edge)        0.000     0.000 r  
                         input delay                  1.000     1.000    
                                                      0.000     1.000 r  replay_k_count[0] (IN)
                         net (fo=3, unset)            0.000     1.000    g_set[1].u_memory/replay_k_count[0]
    SLICE_X44Y81         LUT6 (Prop_F6LUT_SLICEL_I1_O)
                                                      0.187     1.187 r  g_set[1].u_memory/replay_ready_INST_0_i_31/O
                         net (fo=1, routed)           0.252     1.439    g_set[1].u_memory/replay_ready_INST_0_i_31_n_0
    SLICE_X44Y81         LUT6 (Prop_D6LUT_SLICEL_I4_O)
                                                      0.081     1.520 r  g_set[1].u_memory/replay_ready_INST_0_i_18/O
                         net (fo=1, routed)           0.313     1.833    g_set[1].u_memory/replay_set_q8
    SLICE_X43Y85         LUT6 (Prop_B6LUT_SLICEM_I3_O)
                                                      0.082     1.915 r  g_set[1].u_memory/replay_ready_INST_0_i_5/O
                         net (fo=22, routed)          0.117     2.032    g_set[1].u_memory/replay_set_q5
    SLICE_X43Y84         LUT4 (Prop_D6LUT_SLICEM_I2_O)
                                                      0.080     2.112 r  g_set[1].u_memory/patch_valid_i_2/O
                         net (fo=40, routed)          0.399     2.511    g_set[1].u_memory/replay_fire
    SLICE_X44Y81         LUT6 (Prop_E6LUT_SLICEL_I3_O)
                                                      0.057     2.568 r  g_set[1].u_memory/reads_issued_q[12]_i_27/O
                         net (fo=1, routed)           0.052     2.620    g_set[1].u_memory/reads_issued_q[12]_i_27_n_0
    SLICE_X44Y81         LUT5 (Prop_A6LUT_SLICEL_I0_O)
                                                      0.082     2.702 r  g_set[1].u_memory/reads_issued_q[12]_i_11/O
                         net (fo=1, routed)           0.176     2.878    g_set[1].u_memory/reads_issued_q[12]_i_11_n_0
    SLICE_X44Y83         CARRY8 (Prop_CARRY8_SLICEL_DI[2]_CO[6])
                                                      0.225     3.103 r  g_set[1].u_memory/reads_issued_q_reg[12]_i_4/CO[6]
                         net (fo=3, routed)           0.375     3.478    g_set[1].u_memory_n_0
    SLICE_X42Y83         LUT6 (Prop_H6LUT_SLICEL_I5_O)
                                                      0.153     3.631 r  pending_k_q[11]_i_1/O
                         net (fo=13, routed)          0.286     3.917    pending_k_q
    SLICE_X41Y84         FDRE                                         r  pending_k_q_reg[6]/CE
  -------------------------------------------------------------------    -------------------

                         (clock clk rise edge)        5.000     5.000 r  
                                                      0.000     5.000 r  clk (IN)
                         net (fo=364, unset)          0.031     5.031    clk
    SLICE_X41Y84         FDRE                                         r  pending_k_q_reg[6]/C
                         clock pessimism              0.000     5.031    
                         clock uncertainty           -0.035     4.996    
    SLICE_X41Y84         FDRE (Setup_HFF2_SLICEM_C_CE)
                                                     -0.080     4.916    pending_k_q_reg[6]
  -------------------------------------------------------------------
                         required time                          4.916    
                         arrival time                          -3.917    
  -------------------------------------------------------------------
                         slack                                  0.999    

Slack (MET) :             1.024ns  (required time - arrival time)
  Source:                 replay_k_count[0]
                            (input port clocked by clk  {rise@0.000ns fall@2.500ns period=5.000ns})
  Destination:            reads_issued_q_reg[1]/CE
                            (rising edge-triggered cell FDRE clocked by clk  {rise@0.000ns fall@2.500ns period=5.000ns})
  Path Group:             clk
  Path Type:              Setup (Max at Slow Process Corner)
  Requirement:            5.000ns  (clk rise@5.000ns - clk rise@0.000ns)
  Data Path Delay:        2.891ns  (logic 0.850ns (29.406%)  route 2.041ns (70.594%))
  Logic Levels:           8  (CARRY8=1 LUT4=1 LUT5=1 LUT6=5)
  Input Delay:            1.000ns
  Clock Path Skew:        0.031ns (DCD - SCD + CPR)
    Destination Clock Delay (DCD):    0.031ns = ( 5.031 - 5.000 ) 
    Source Clock Delay      (SCD):    0.000ns
    Clock Pessimism Removal (CPR):    0.000ns
  Clock Uncertainty:      0.035ns  ((TSJ^2 + TIJ^2)^1/2 + DJ) / 2 + PE
    Total System Jitter     (TSJ):    0.071ns
    Total Input Jitter      (TIJ):    0.000ns
    Discrete Jitter          (DJ):    0.000ns
    Phase Error              (PE):    0.000ns

    Location             Delay type                Incr(ns)  Path(ns)    Netlist Resource(s)
  -------------------------------------------------------------------    -------------------
                         (clock clk rise edge)        0.000     0.000 r  
                         input delay                  1.000     1.000    
                                                      0.000     1.000 r  replay_k_count[0] (IN)
                         net (fo=3, unset)            0.000     1.000    g_set[1].u_memory/replay_k_count[0]
    SLICE_X44Y81         LUT6 (Prop_F6LUT_SLICEL_I1_O)
                                                      0.187     1.187 r  g_set[1].u_memory/replay_ready_INST_0_i_31/O
                         net (fo=1, routed)           0.252     1.439    g_set[1].u_memory/replay_ready_INST_0_i_31_n_0
    SLICE_X44Y81         LUT6 (Prop_D6LUT_SLICEL_I4_O)
                                                      0.081     1.520 r  g_set[1].u_memory/replay_ready_INST_0_i_18/O
                         net (fo=1, routed)           0.313     1.833    g_set[1].u_memory/replay_set_q8
    SLICE_X43Y85         LUT6 (Prop_B6LUT_SLICEM_I3_O)
                                                      0.082     1.915 r  g_set[1].u_memory/replay_ready_INST_0_i_5/O
                         net (fo=22, routed)          0.117     2.032    g_set[1].u_memory/replay_set_q5
    SLICE_X43Y84         LUT4 (Prop_D6LUT_SLICEM_I2_O)
                                                      0.080     2.112 r  g_set[1].u_memory/patch_valid_i_2/O
                         net (fo=40, routed)          0.399     2.511    g_set[1].u_memory/replay_fire
    SLICE_X44Y81         LUT6 (Prop_E6LUT_SLICEL_I3_O)
                                                      0.057     2.568 r  g_set[1].u_memory/reads_issued_q[12]_i_27/O
                         net (fo=1, routed)           0.052     2.620    g_set[1].u_memory/reads_issued_q[12]_i_27_n_0
    SLICE_X44Y81         LUT5 (Prop_A6LUT_SLICEL_I0_O)
                                                      0.082     2.702 r  g_set[1].u_memory/reads_issued_q[12]_i_11/O
                         net (fo=1, routed)           0.176     2.878    g_set[1].u_memory/reads_issued_q[12]_i_11_n_0
    SLICE_X44Y83         CARRY8 (Prop_CARRY8_SLICEL_DI[2]_CO[6])
                                                      0.225     3.103 r  g_set[1].u_memory/reads_issued_q_reg[12]_i_4/CO[6]
                         net (fo=3, routed)           0.369     3.472    g_set[1].u_memory_n_0
    SLICE_X42Y83         LUT6 (Prop_F6LUT_SLICEL_I0_O)
                                                      0.056     3.528 r  reads_issued_q[12]_i_2/O
                         net (fo=13, routed)          0.362     3.891    reads_issued_q[12]_i_2_n_0
    SLICE_X41Y81         FDRE                                         r  reads_issued_q_reg[1]/CE
  -------------------------------------------------------------------    -------------------

                         (clock clk rise edge)        5.000     5.000 r  
                                                      0.000     5.000 r  clk (IN)
                         net (fo=364, unset)          0.031     5.031    clk
    SLICE_X41Y81         FDRE                                         r  reads_issued_q_reg[1]/C
                         clock pessimism              0.000     5.031    
                         clock uncertainty           -0.035     4.996    
    SLICE_X41Y81         FDRE (Setup_HFF_SLICEM_C_CE)
                                                     -0.081     4.915    reads_issued_q_reg[1]
  -------------------------------------------------------------------
                         required time                          4.915    
                         arrival time                          -3.891    
  -------------------------------------------------------------------
                         slack                                  1.024    

Slack (MET) :             1.030ns  (required time - arrival time)
  Source:                 replay_k_count[0]
                            (input port clocked by clk  {rise@0.000ns fall@2.500ns period=5.000ns})
  Destination:            reads_issued_q_reg[4]/CE
                            (rising edge-triggered cell FDRE clocked by clk  {rise@0.000ns fall@2.500ns period=5.000ns})
  Path Group:             clk
  Path Type:              Setup (Max at Slow Process Corner)
  Requirement:            5.000ns  (clk rise@5.000ns - clk rise@0.000ns)
  Data Path Delay:        2.885ns  (logic 0.850ns (29.467%)  route 2.035ns (70.533%))
  Logic Levels:           8  (CARRY8=1 LUT4=1 LUT5=1 LUT6=5)
  Input Delay:            1.000ns
  Clock Path Skew:        0.029ns (DCD - SCD + CPR)
    Destination Clock Delay (DCD):    0.029ns = ( 5.029 - 5.000 ) 
    Source Clock Delay      (SCD):    0.000ns
    Clock Pessimism Removal (CPR):    0.000ns
  Clock Uncertainty:      0.035ns  ((TSJ^2 + TIJ^2)^1/2 + DJ) / 2 + PE
    Total System Jitter     (TSJ):    0.071ns
    Total Input Jitter      (TIJ):    0.000ns
    Discrete Jitter          (DJ):    0.000ns
    Phase Error              (PE):    0.000ns

    Location             Delay type                Incr(ns)  Path(ns)    Netlist Resource(s)
  -------------------------------------------------------------------    -------------------
                         (clock clk rise edge)        0.000     0.000 r  
                         input delay                  1.000     1.000    
                                                      0.000     1.000 r  replay_k_count[0] (IN)
                         net (fo=3, unset)            0.000     1.000    g_set[1].u_memory/replay_k_count[0]
    SLICE_X44Y81         LUT6 (Prop_F6LUT_SLICEL_I1_O)
                                                      0.187     1.187 r  g_set[1].u_memory/replay_ready_INST_0_i_31/O
                         net (fo=1, routed)           0.252     1.439    g_set[1].u_memory/replay_ready_INST_0_i_31_n_0
    SLICE_X44Y81         LUT6 (Prop_D6LUT_SLICEL_I4_O)
                                                      0.081     1.520 r  g_set[1].u_memory/replay_ready_INST_0_i_18/O
                         net (fo=1, routed)           0.313     1.833    g_set[1].u_memory/replay_set_q8
    SLICE_X43Y85         LUT6 (Prop_B6LUT_SLICEM_I3_O)
                                                      0.082     1.915 r  g_set[1].u_memory/replay_ready_INST_0_i_5/O
                         net (fo=22, routed)          0.117     2.032    g_set[1].u_memory/replay_set_q5
    SLICE_X43Y84         LUT4 (Prop_D6LUT_SLICEM_I2_O)
                                                      0.080     2.112 r  g_set[1].u_memory/patch_valid_i_2/O
                         net (fo=40, routed)          0.399     2.511    g_set[1].u_memory/replay_fire
    SLICE_X44Y81         LUT6 (Prop_E6LUT_SLICEL_I3_O)
                                                      0.057     2.568 r  g_set[1].u_memory/reads_issued_q[12]_i_27/O
                         net (fo=1, routed)           0.052     2.620    g_set[1].u_memory/reads_issued_q[12]_i_27_n_0
    SLICE_X44Y81         LUT5 (Prop_A6LUT_SLICEL_I0_O)
                                                      0.082     2.702 r  g_set[1].u_memory/reads_issued_q[12]_i_11/O
                         net (fo=1, routed)           0.176     2.878    g_set[1].u_memory/reads_issued_q[12]_i_11_n_0
    SLICE_X44Y83         CARRY8 (Prop_CARRY8_SLICEL_DI[2]_CO[6])
                                                      0.225     3.103 r  g_set[1].u_memory/reads_issued_q_reg[12]_i_4/CO[6]
                         net (fo=3, routed)           0.369     3.472    g_set[1].u_memory_n_0
    SLICE_X42Y83         LUT6 (Prop_F6LUT_SLICEL_I0_O)
                                                      0.056     3.528 r  reads_issued_q[12]_i_2/O
                         net (fo=13, routed)          0.356     3.885    reads_issued_q[12]_i_2_n_0
    SLICE_X42Y81         FDRE                                         r  reads_issued_q_reg[4]/CE
  -------------------------------------------------------------------    -------------------

                         (clock clk rise edge)        5.000     5.000 r  
                                                      0.000     5.000 r  clk (IN)
                         net (fo=364, unset)          0.029     5.029    clk
    SLICE_X42Y81         FDRE                                         r  reads_issued_q_reg[4]/C
                         clock pessimism              0.000     5.029    
                         clock uncertainty           -0.035     4.994    
    SLICE_X42Y81         FDRE (Setup_GFF_SLICEL_C_CE)
                                                     -0.079     4.915    reads_issued_q_reg[4]
  -------------------------------------------------------------------
                         required time                          4.915    
                         arrival time                          -3.885    
  -------------------------------------------------------------------
                         slack                                  1.030    

Slack (MET) :             1.030ns  (required time - arrival time)
  Source:                 replay_k_count[0]
                            (input port clocked by clk  {rise@0.000ns fall@2.500ns period=5.000ns})
  Destination:            reads_issued_q_reg[6]/CE
                            (rising edge-triggered cell FDRE clocked by clk  {rise@0.000ns fall@2.500ns period=5.000ns})
  Path Group:             clk
  Path Type:              Setup (Max at Slow Process Corner)
  Requirement:            5.000ns  (clk rise@5.000ns - clk rise@0.000ns)
  Data Path Delay:        2.885ns  (logic 0.850ns (29.467%)  route 2.035ns (70.533%))
  Logic Levels:           8  (CARRY8=1 LUT4=1 LUT5=1 LUT6=5)
  Input Delay:            1.000ns
  Clock Path Skew:        0.029ns (DCD - SCD + CPR)
    Destination Clock Delay (DCD):    0.029ns = ( 5.029 - 5.000 ) 
    Source Clock Delay      (SCD):    0.000ns
    Clock Pessimism Removal (CPR):    0.000ns
  Clock Uncertainty:      0.035ns  ((TSJ^2 + TIJ^2)^1/2 + DJ) / 2 + PE
    Total System Jitter     (TSJ):    0.071ns
    Total Input Jitter      (TIJ):    0.000ns
    Discrete Jitter          (DJ):    0.000ns
    Phase Error              (PE):    0.000ns

    Location             Delay type                Incr(ns)  Path(ns)    Netlist Resource(s)
  -------------------------------------------------------------------    -------------------
                         (clock clk rise edge)        0.000     0.000 r  
                         input delay                  1.000     1.000    
                                                      0.000     1.000 r  replay_k_count[0] (IN)
                         net (fo=3, unset)            0.000     1.000    g_set[1].u_memory/replay_k_count[0]
    SLICE_X44Y81         LUT6 (Prop_F6LUT_SLICEL_I1_O)
                                                      0.187     1.187 r  g_set[1].u_memory/replay_ready_INST_0_i_31/O
                         net (fo=1, routed)           0.252     1.439    g_set[1].u_memory/replay_ready_INST_0_i_31_n_0
    SLICE_X44Y81         LUT6 (Prop_D6LUT_SLICEL_I4_O)
                                                      0.081     1.520 r  g_set[1].u_memory/replay_ready_INST_0_i_18/O
                         net (fo=1, routed)           0.313     1.833    g_set[1].u_memory/replay_set_q8
    SLICE_X43Y85         LUT6 (Prop_B6LUT_SLICEM_I3_O)
                                                      0.082     1.915 r  g_set[1].u_memory/replay_ready_INST_0_i_5/O
                         net (fo=22, routed)          0.117     2.032    g_set[1].u_memory/replay_set_q5
    SLICE_X43Y84         LUT4 (Prop_D6LUT_SLICEM_I2_O)
                                                      0.080     2.112 r  g_set[1].u_memory/patch_valid_i_2/O
                         net (fo=40, routed)          0.399     2.511    g_set[1].u_memory/replay_fire
    SLICE_X44Y81         LUT6 (Prop_E6LUT_SLICEL_I3_O)
                                                      0.057     2.568 r  g_set[1].u_memory/reads_issued_q[12]_i_27/O
                         net (fo=1, routed)           0.052     2.620    g_set[1].u_memory/reads_issued_q[12]_i_27_n_0
    SLICE_X44Y81         LUT5 (Prop_A6LUT_SLICEL_I0_O)
                                                      0.082     2.702 r  g_set[1].u_memory/reads_issued_q[12]_i_11/O
                         net (fo=1, routed)           0.176     2.878    g_set[1].u_memory/reads_issued_q[12]_i_11_n_0
    SLICE_X44Y83         CARRY8 (Prop_CARRY8_SLICEL_DI[2]_CO[6])
                                                      0.225     3.103 r  g_set[1].u_memory/reads_issued_q_reg[12]_i_4/CO[6]
                         net (fo=3, routed)           0.369     3.472    g_set[1].u_memory_n_0
    SLICE_X42Y83         LUT6 (Prop_F6LUT_SLICEL_I0_O)
                                                      0.056     3.528 r  reads_issued_q[12]_i_2/O
                         net (fo=13, routed)          0.356     3.885    reads_issued_q[12]_i_2_n_0
    SLICE_X42Y81         FDRE                                         r  reads_issued_q_reg[6]/CE
  -------------------------------------------------------------------    -------------------

                         (clock clk rise edge)        5.000     5.000 r  
                                                      0.000     5.000 r  clk (IN)
                         net (fo=364, unset)          0.029     5.029    clk
    SLICE_X42Y81         FDRE                                         r  reads_issued_q_reg[6]/C
                         clock pessimism              0.000     5.029    
                         clock uncertainty           -0.035     4.994    
    SLICE_X42Y81         FDRE (Setup_FFF_SLICEL_C_CE)
                                                     -0.079     4.915    reads_issued_q_reg[6]
  -------------------------------------------------------------------
                         required time                          4.915    
                         arrival time                          -3.885    
  -------------------------------------------------------------------
                         slack                                  1.030    

Slack (MET) :             1.061ns  (required time - arrival time)
  Source:                 replay_k_count[0]
                            (input port clocked by clk  {rise@0.000ns fall@2.500ns period=5.000ns})
  Destination:            pending_k_q_reg[11]/CE
                            (rising edge-triggered cell FDRE clocked by clk  {rise@0.000ns fall@2.500ns period=5.000ns})
  Path Group:             clk
  Path Type:              Setup (Max at Slow Process Corner)
  Requirement:            5.000ns  (clk rise@5.000ns - clk rise@0.000ns)
  Data Path Delay:        2.854ns  (logic 0.947ns (33.184%)  route 1.907ns (66.816%))
  Logic Levels:           8  (CARRY8=1 LUT4=1 LUT5=1 LUT6=5)
  Input Delay:            1.000ns
  Clock Path Skew:        0.029ns (DCD - SCD + CPR)
    Destination Clock Delay (DCD):    0.029ns = ( 5.029 - 5.000 ) 
    Source Clock Delay      (SCD):    0.000ns
    Clock Pessimism Removal (CPR):    0.000ns
  Clock Uncertainty:      0.035ns  ((TSJ^2 + TIJ^2)^1/2 + DJ) / 2 + PE
    Total System Jitter     (TSJ):    0.071ns
    Total Input Jitter      (TIJ):    0.000ns
    Discrete Jitter          (DJ):    0.000ns
    Phase Error              (PE):    0.000ns

    Location             Delay type                Incr(ns)  Path(ns)    Netlist Resource(s)
  -------------------------------------------------------------------    -------------------
                         (clock clk rise edge)        0.000     0.000 r  
                         input delay                  1.000     1.000    
                                                      0.000     1.000 r  replay_k_count[0] (IN)
                         net (fo=3, unset)            0.000     1.000    g_set[1].u_memory/replay_k_count[0]
    SLICE_X44Y81         LUT6 (Prop_F6LUT_SLICEL_I1_O)
                                                      0.187     1.187 r  g_set[1].u_memory/replay_ready_INST_0_i_31/O
                         net (fo=1, routed)           0.252     1.439    g_set[1].u_memory/replay_ready_INST_0_i_31_n_0
    SLICE_X44Y81         LUT6 (Prop_D6LUT_SLICEL_I4_O)
                                                      0.081     1.520 r  g_set[1].u_memory/replay_ready_INST_0_i_18/O
                         net (fo=1, routed)           0.313     1.833    g_set[1].u_memory/replay_set_q8
    SLICE_X43Y85         LUT6 (Prop_B6LUT_SLICEM_I3_O)
                                                      0.082     1.915 r  g_set[1].u_memory/replay_ready_INST_0_i_5/O
                         net (fo=22, routed)          0.117     2.032    g_set[1].u_memory/replay_set_q5
    SLICE_X43Y84         LUT4 (Prop_D6LUT_SLICEM_I2_O)
                                                      0.080     2.112 r  g_set[1].u_memory/patch_valid_i_2/O
                         net (fo=40, routed)          0.399     2.511    g_set[1].u_memory/replay_fire
    SLICE_X44Y81         LUT6 (Prop_E6LUT_SLICEL_I3_O)
                                                      0.057     2.568 r  g_set[1].u_memory/reads_issued_q[12]_i_27/O
                         net (fo=1, routed)           0.052     2.620    g_set[1].u_memory/reads_issued_q[12]_i_27_n_0
    SLICE_X44Y81         LUT5 (Prop_A6LUT_SLICEL_I0_O)
                                                      0.082     2.702 r  g_set[1].u_memory/reads_issued_q[12]_i_11/O
                         net (fo=1, routed)           0.176     2.878    g_set[1].u_memory/reads_issued_q[12]_i_11_n_0
    SLICE_X44Y83         CARRY8 (Prop_CARRY8_SLICEL_DI[2]_CO[6])
                                                      0.225     3.103 r  g_set[1].u_memory/reads_issued_q_reg[12]_i_4/CO[6]
                         net (fo=3, routed)           0.375     3.478    g_set[1].u_memory_n_0
    SLICE_X42Y83         LUT6 (Prop_H6LUT_SLICEL_I5_O)
                                                      0.153     3.631 r  pending_k_q[11]_i_1/O
                         net (fo=13, routed)          0.223     3.854    pending_k_q
    SLICE_X42Y83         FDRE                                         r  pending_k_q_reg[11]/CE
  -------------------------------------------------------------------    -------------------

                         (clock clk rise edge)        5.000     5.000 r  
                                                      0.000     5.000 r  clk (IN)
                         net (fo=364, unset)          0.029     5.029    clk
    SLICE_X42Y83         FDRE                                         r  pending_k_q_reg[11]/C
                         clock pessimism              0.000     5.029    
                         clock uncertainty           -0.035     4.994    
    SLICE_X42Y83         FDRE (Setup_HFF_SLICEL_C_CE)
                                                     -0.079     4.915    pending_k_q_reg[11]
  -------------------------------------------------------------------
                         required time                          4.915    
                         arrival time                          -3.854    
  -------------------------------------------------------------------
                         slack                                  1.061    

Slack (MET) :             1.061ns  (required time - arrival time)
  Source:                 replay_k_count[0]
                            (input port clocked by clk  {rise@0.000ns fall@2.500ns period=5.000ns})
  Destination:            pending_k_q_reg[5]/CE
                            (rising edge-triggered cell FDRE clocked by clk  {rise@0.000ns fall@2.500ns period=5.000ns})
  Path Group:             clk
  Path Type:              Setup (Max at Slow Process Corner)
  Requirement:            5.000ns  (clk rise@5.000ns - clk rise@0.000ns)
  Data Path Delay:        2.854ns  (logic 0.947ns (33.184%)  route 1.907ns (66.816%))
  Logic Levels:           8  (CARRY8=1 LUT4=1 LUT5=1 LUT6=5)
  Input Delay:            1.000ns
  Clock Path Skew:        0.029ns (DCD - SCD + CPR)
    Destination Clock Delay (DCD):    0.029ns = ( 5.029 - 5.000 ) 
    Source Clock Delay      (SCD):    0.000ns
    Clock Pessimism Removal (CPR):    0.000ns
  Clock Uncertainty:      0.035ns  ((TSJ^2 + TIJ^2)^1/2 + DJ) / 2 + PE
    Total System Jitter     (TSJ):    0.071ns
    Total Input Jitter      (TIJ):    0.000ns
    Discrete Jitter          (DJ):    0.000ns
    Phase Error              (PE):    0.000ns

    Location             Delay type                Incr(ns)  Path(ns)    Netlist Resource(s)
  -------------------------------------------------------------------    -------------------
                         (clock clk rise edge)        0.000     0.000 r  
                         input delay                  1.000     1.000    
                                                      0.000     1.000 r  replay_k_count[0] (IN)
                         net (fo=3, unset)            0.000     1.000    g_set[1].u_memory/replay_k_count[0]
    SLICE_X44Y81         LUT6 (Prop_F6LUT_SLICEL_I1_O)
                                                      0.187     1.187 r  g_set[1].u_memory/replay_ready_INST_0_i_31/O
                         net (fo=1, routed)           0.252     1.439    g_set[1].u_memory/replay_ready_INST_0_i_31_n_0
    SLICE_X44Y81         LUT6 (Prop_D6LUT_SLICEL_I4_O)
                                                      0.081     1.520 r  g_set[1].u_memory/replay_ready_INST_0_i_18/O
                         net (fo=1, routed)           0.313     1.833    g_set[1].u_memory/replay_set_q8
    SLICE_X43Y85         LUT6 (Prop_B6LUT_SLICEM_I3_O)
                                                      0.082     1.915 r  g_set[1].u_memory/replay_ready_INST_0_i_5/O
                         net (fo=22, routed)          0.117     2.032    g_set[1].u_memory/replay_set_q5
    SLICE_X43Y84         LUT4 (Prop_D6LUT_SLICEM_I2_O)
                                                      0.080     2.112 r  g_set[1].u_memory/patch_valid_i_2/O
                         net (fo=40, routed)          0.399     2.511    g_set[1].u_memory/replay_fire
    SLICE_X44Y81         LUT6 (Prop_E6LUT_SLICEL_I3_O)
                                                      0.057     2.568 r  g_set[1].u_memory/reads_issued_q[12]_i_27/O
                         net (fo=1, routed)           0.052     2.620    g_set[1].u_memory/reads_issued_q[12]_i_27_n_0
    SLICE_X44Y81         LUT5 (Prop_A6LUT_SLICEL_I0_O)
                                                      0.082     2.702 r  g_set[1].u_memory/reads_issued_q[12]_i_11/O
                         net (fo=1, routed)           0.176     2.878    g_set[1].u_memory/reads_issued_q[12]_i_11_n_0
    SLICE_X44Y83         CARRY8 (Prop_CARRY8_SLICEL_DI[2]_CO[6])
                                                      0.225     3.103 r  g_set[1].u_memory/reads_issued_q_reg[12]_i_4/CO[6]
                         net (fo=3, routed)           0.375     3.478    g_set[1].u_memory_n_0
    SLICE_X42Y83         LUT6 (Prop_H6LUT_SLICEL_I5_O)
                                                      0.153     3.631 r  pending_k_q[11]_i_1/O
                         net (fo=13, routed)          0.223     3.854    pending_k_q
    SLICE_X42Y83         FDRE                                         r  pending_k_q_reg[5]/CE
  -------------------------------------------------------------------    -------------------

                         (clock clk rise edge)        5.000     5.000 r  
                                                      0.000     5.000 r  clk (IN)
                         net (fo=364, unset)          0.029     5.029    clk
    SLICE_X42Y83         FDRE                                         r  pending_k_q_reg[5]/C
                         clock pessimism              0.000     5.029    
                         clock uncertainty           -0.035     4.994    
    SLICE_X42Y83         FDRE (Setup_GFF_SLICEL_C_CE)
                                                     -0.079     4.915    pending_k_q_reg[5]
  -------------------------------------------------------------------
                         required time                          4.915    
                         arrival time                          -3.854    
  -------------------------------------------------------------------
                         slack                                  1.061    

Slack (MET) :             1.061ns  (required time - arrival time)
  Source:                 replay_k_count[0]
                            (input port clocked by clk  {rise@0.000ns fall@2.500ns period=5.000ns})
  Destination:            pending_k_q_reg[9]/CE
                            (rising edge-triggered cell FDRE clocked by clk  {rise@0.000ns fall@2.500ns period=5.000ns})
  Path Group:             clk
  Path Type:              Setup (Max at Slow Process Corner)
  Requirement:            5.000ns  (clk rise@5.000ns - clk rise@0.000ns)
  Data Path Delay:        2.854ns  (logic 0.947ns (33.184%)  route 1.907ns (66.816%))
  Logic Levels:           8  (CARRY8=1 LUT4=1 LUT5=1 LUT6=5)
  Input Delay:            1.000ns
  Clock Path Skew:        0.029ns (DCD - SCD + CPR)
    Destination Clock Delay (DCD):    0.029ns = ( 5.029 - 5.000 ) 
    Source Clock Delay      (SCD):    0.000ns
    Clock Pessimism Removal (CPR):    0.000ns
  Clock Uncertainty:      0.035ns  ((TSJ^2 + TIJ^2)^1/2 + DJ) / 2 + PE
    Total System Jitter     (TSJ):    0.071ns
    Total Input Jitter      (TIJ):    0.000ns
    Discrete Jitter          (DJ):    0.000ns
    Phase Error              (PE):    0.000ns

    Location             Delay type                Incr(ns)  Path(ns)    Netlist Resource(s)
  -------------------------------------------------------------------    -------------------
                         (clock clk rise edge)        0.000     0.000 r  
                         input delay                  1.000     1.000    
                                                      0.000     1.000 r  replay_k_count[0] (IN)
                         net (fo=3, unset)            0.000     1.000    g_set[1].u_memory/replay_k_count[0]
    SLICE_X44Y81         LUT6 (Prop_F6LUT_SLICEL_I1_O)
                                                      0.187     1.187 r  g_set[1].u_memory/replay_ready_INST_0_i_31/O
                         net (fo=1, routed)           0.252     1.439    g_set[1].u_memory/replay_ready_INST_0_i_31_n_0
    SLICE_X44Y81         LUT6 (Prop_D6LUT_SLICEL_I4_O)
                                                      0.081     1.520 r  g_set[1].u_memory/replay_ready_INST_0_i_18/O
                         net (fo=1, routed)           0.313     1.833    g_set[1].u_memory/replay_set_q8
    SLICE_X43Y85         LUT6 (Prop_B6LUT_SLICEM_I3_O)
                                                      0.082     1.915 r  g_set[1].u_memory/replay_ready_INST_0_i_5/O
                         net (fo=22, routed)          0.117     2.032    g_set[1].u_memory/replay_set_q5
    SLICE_X43Y84         LUT4 (Prop_D6LUT_SLICEM_I2_O)
                                                      0.080     2.112 r  g_set[1].u_memory/patch_valid_i_2/O
                         net (fo=40, routed)          0.399     2.511    g_set[1].u_memory/replay_fire
    SLICE_X44Y81         LUT6 (Prop_E6LUT_SLICEL_I3_O)
                                                      0.057     2.568 r  g_set[1].u_memory/reads_issued_q[12]_i_27/O
                         net (fo=1, routed)           0.052     2.620    g_set[1].u_memory/reads_issued_q[12]_i_27_n_0
    SLICE_X44Y81         LUT5 (Prop_A6LUT_SLICEL_I0_O)
                                                      0.082     2.702 r  g_set[1].u_memory/reads_issued_q[12]_i_11/O
                         net (fo=1, routed)           0.176     2.878    g_set[1].u_memory/reads_issued_q[12]_i_11_n_0
    SLICE_X44Y83         CARRY8 (Prop_CARRY8_SLICEL_DI[2]_CO[6])
                                                      0.225     3.103 r  g_set[1].u_memory/reads_issued_q_reg[12]_i_4/CO[6]
                         net (fo=3, routed)           0.375     3.478    g_set[1].u_memory_n_0
    SLICE_X42Y83         LUT6 (Prop_H6LUT_SLICEL_I5_O)
                                                      0.153     3.631 r  pending_k_q[11]_i_1/O
                         net (fo=13, routed)          0.223     3.854    pending_k_q
    SLICE_X42Y83         FDRE                                         r  pending_k_q_reg[9]/CE
  -------------------------------------------------------------------    -------------------

                         (clock clk rise edge)        5.000     5.000 r  
                                                      0.000     5.000 r  clk (IN)
                         net (fo=364, unset)          0.029     5.029    clk
    SLICE_X42Y83         FDRE                                         r  pending_k_q_reg[9]/C
                         clock pessimism              0.000     5.029    
                         clock uncertainty           -0.035     4.994    
    SLICE_X42Y83         FDRE (Setup_FFF_SLICEL_C_CE)
                                                     -0.079     4.915    pending_k_q_reg[9]
  -------------------------------------------------------------------
                         required time                          4.915    
                         arrival time                          -3.854    
  -------------------------------------------------------------------
                         slack                                  1.061    

Slack (MET) :             1.061ns  (required time - arrival time)
  Source:                 replay_k_count[0]
                            (input port clocked by clk  {rise@0.000ns fall@2.500ns period=5.000ns})
  Destination:            pending_last_q_reg/CE
                            (rising edge-triggered cell FDRE clocked by clk  {rise@0.000ns fall@2.500ns period=5.000ns})
  Path Group:             clk
  Path Type:              Setup (Max at Slow Process Corner)
  Requirement:            5.000ns  (clk rise@5.000ns - clk rise@0.000ns)
  Data Path Delay:        2.854ns  (logic 0.947ns (33.184%)  route 1.907ns (66.816%))
  Logic Levels:           8  (CARRY8=1 LUT4=1 LUT5=1 LUT6=5)
  Input Delay:            1.000ns
  Clock Path Skew:        0.031ns (DCD - SCD + CPR)
    Destination Clock Delay (DCD):    0.031ns = ( 5.031 - 5.000 ) 
    Source Clock Delay      (SCD):    0.000ns
    Clock Pessimism Removal (CPR):    0.000ns
  Clock Uncertainty:      0.035ns  ((TSJ^2 + TIJ^2)^1/2 + DJ) / 2 + PE
    Total System Jitter     (TSJ):    0.071ns
    Total Input Jitter      (TIJ):    0.000ns
    Discrete Jitter          (DJ):    0.000ns
    Phase Error              (PE):    0.000ns

    Location             Delay type                Incr(ns)  Path(ns)    Netlist Resource(s)
  -------------------------------------------------------------------    -------------------
                         (clock clk rise edge)        0.000     0.000 r  
                         input delay                  1.000     1.000    
                                                      0.000     1.000 r  replay_k_count[0] (IN)
                         net (fo=3, unset)            0.000     1.000    g_set[1].u_memory/replay_k_count[0]
    SLICE_X44Y81         LUT6 (Prop_F6LUT_SLICEL_I1_O)
                                                      0.187     1.187 r  g_set[1].u_memory/replay_ready_INST_0_i_31/O
                         net (fo=1, routed)           0.252     1.439    g_set[1].u_memory/replay_ready_INST_0_i_31_n_0
    SLICE_X44Y81         LUT6 (Prop_D6LUT_SLICEL_I4_O)
                                                      0.081     1.520 r  g_set[1].u_memory/replay_ready_INST_0_i_18/O
                         net (fo=1, routed)           0.313     1.833    g_set[1].u_memory/replay_set_q8
    SLICE_X43Y85         LUT6 (Prop_B6LUT_SLICEM_I3_O)
                                                      0.082     1.915 r  g_set[1].u_memory/replay_ready_INST_0_i_5/O
                         net (fo=22, routed)          0.117     2.032    g_set[1].u_memory/replay_set_q5
    SLICE_X43Y84         LUT4 (Prop_D6LUT_SLICEM_I2_O)
                                                      0.080     2.112 r  g_set[1].u_memory/patch_valid_i_2/O
                         net (fo=40, routed)          0.399     2.511    g_set[1].u_memory/replay_fire
    SLICE_X44Y81         LUT6 (Prop_E6LUT_SLICEL_I3_O)
                                                      0.057     2.568 r  g_set[1].u_memory/reads_issued_q[12]_i_27/O
                         net (fo=1, routed)           0.052     2.620    g_set[1].u_memory/reads_issued_q[12]_i_27_n_0
    SLICE_X44Y81         LUT5 (Prop_A6LUT_SLICEL_I0_O)
                                                      0.082     2.702 r  g_set[1].u_memory/reads_issued_q[12]_i_11/O
                         net (fo=1, routed)           0.176     2.878    g_set[1].u_memory/reads_issued_q[12]_i_11_n_0
    SLICE_X44Y83         CARRY8 (Prop_CARRY8_SLICEL_DI[2]_CO[6])
                                                      0.225     3.103 r  g_set[1].u_memory/reads_issued_q_reg[12]_i_4/CO[6]
                         net (fo=3, routed)           0.375     3.478    g_set[1].u_memory_n_0
    SLICE_X42Y83         LUT6 (Prop_H6LUT_SLICEL_I5_O)
                                                      0.153     3.631 r  pending_k_q[11]_i_1/O
                         net (fo=13, routed)          0.223     3.854    pending_k_q
    SLICE_X41Y83         FDRE                                         r  pending_last_q_reg/CE
  -------------------------------------------------------------------    -------------------

                         (clock clk rise edge)        5.000     5.000 r  
                                                      0.000     5.000 r  clk (IN)
                         net (fo=364, unset)          0.031     5.031    clk
    SLICE_X41Y83         FDRE                                         r  pending_last_q_reg/C
                         clock pessimism              0.000     5.031    
                         clock uncertainty           -0.035     4.996    
    SLICE_X41Y83         FDRE (Setup_HFF_SLICEM_C_CE)
                                                     -0.081     4.915    pending_last_q_reg
  -------------------------------------------------------------------
                         required time                          4.915    
                         arrival time                          -3.854    
  -------------------------------------------------------------------
                         slack                                  1.061    





Min Delay Paths
--------------------------------------------------------------------------------------
Slack (MET) :             0.055ns  (arrival time - required time)
  Source:                 pending_k_q_reg[11]/C
                            (rising edge-triggered cell FDRE clocked by clk  {rise@0.000ns fall@2.500ns period=5.000ns})
  Destination:            patch_k_reg[11]/D
                            (rising edge-triggered cell FDRE clocked by clk  {rise@0.000ns fall@2.500ns period=5.000ns})
  Path Group:             clk
  Path Type:              Hold (Min at Slow Process Corner)
  Requirement:            0.000ns  (clk rise@0.000ns - clk rise@0.000ns)
  Data Path Delay:        0.171ns  (logic 0.112ns (65.497%)  route 0.059ns (34.503%))
  Logic Levels:           0  
  Clock Path Skew:        0.013ns (DCD - SCD - CPR)
    Destination Clock Delay (DCD):    0.042ns
    Source Clock Delay      (SCD):    0.029ns
    Clock Pessimism Removal (CPR):    -0.000ns

    Location             Delay type                Incr(ns)  Path(ns)    Netlist Resource(s)
  -------------------------------------------------------------------    -------------------
                         (clock clk rise edge)        0.000     0.000 r  
                                                      0.000     0.000 r  clk (IN)
                         net (fo=364, unset)          0.029     0.029    clk
    SLICE_X42Y83         FDRE                                         r  pending_k_q_reg[11]/C
  -------------------------------------------------------------------    -------------------
    SLICE_X42Y83         FDRE (Prop_HFF_SLICEL_C_Q)
                                                      0.112     0.141 r  pending_k_q_reg[11]/Q
                         net (fo=1, routed)           0.059     0.200    pending_k_q_reg_n_0_[11]
    SLICE_X42Y83         FDRE                                         r  patch_k_reg[11]/D
  -------------------------------------------------------------------    -------------------

                         (clock clk rise edge)        0.000     0.000 r  
                                                      0.000     0.000 r  clk (IN)
                         net (fo=364, unset)          0.042     0.042    clk
    SLICE_X42Y83         FDRE                                         r  patch_k_reg[11]/C
                         clock pessimism              0.000     0.042    
    SLICE_X42Y83         FDRE (Hold_HFF2_SLICEL_C_D)
                                                      0.103     0.145    patch_k_reg[11]
  -------------------------------------------------------------------
                         required time                         -0.145    
                         arrival time                           0.200    
  -------------------------------------------------------------------
                         slack                                  0.055    

Slack (MET) :             0.064ns  (arrival time - required time)
  Source:                 pending_last_q_reg/C
                            (rising edge-triggered cell FDRE clocked by clk  {rise@0.000ns fall@2.500ns period=5.000ns})
  Destination:            patch_last_reg/D
                            (rising edge-triggered cell FDRE clocked by clk  {rise@0.000ns fall@2.500ns period=5.000ns})
  Path Group:             clk
  Path Type:              Hold (Min at Slow Process Corner)
  Requirement:            0.000ns  (clk rise@0.000ns - clk rise@0.000ns)
  Data Path Delay:        0.179ns  (logic 0.112ns (62.570%)  route 0.067ns (37.430%))
  Logic Levels:           0  
  Clock Path Skew:        0.012ns (DCD - SCD - CPR)
    Destination Clock Delay (DCD):    0.043ns
    Source Clock Delay      (SCD):    0.031ns
    Clock Pessimism Removal (CPR):    -0.000ns

    Location             Delay type                Incr(ns)  Path(ns)    Netlist Resource(s)
  -------------------------------------------------------------------    -------------------
                         (clock clk rise edge)        0.000     0.000 r  
                                                      0.000     0.000 r  clk (IN)
                         net (fo=364, unset)          0.031     0.031    clk
    SLICE_X41Y83         FDRE                                         r  pending_last_q_reg/C
  -------------------------------------------------------------------    -------------------
    SLICE_X41Y83         FDRE (Prop_HFF_SLICEM_C_Q)
                                                      0.112     0.143 r  pending_last_q_reg/Q
                         net (fo=1, routed)           0.067     0.210    pending_last_q_reg_n_0
    SLICE_X41Y83         FDRE                                         r  patch_last_reg/D
  -------------------------------------------------------------------    -------------------

                         (clock clk rise edge)        0.000     0.000 r  
                                                      0.000     0.000 r  clk (IN)
                         net (fo=364, unset)          0.043     0.043    clk
    SLICE_X41Y83         FDRE                                         r  patch_last_reg/C
                         clock pessimism              0.000     0.043    
    SLICE_X41Y83         FDRE (Hold_HFF2_SLICEM_C_D)
                                                      0.103     0.146    patch_last_reg
  -------------------------------------------------------------------
                         required time                         -0.146    
                         arrival time                           0.210    
  -------------------------------------------------------------------
                         slack                                  0.064    

Slack (MET) :             0.099ns  (arrival time - required time)
  Source:                 words_written_reg[12]/C
                            (rising edge-triggered cell FDRE clocked by clk  {rise@0.000ns fall@2.500ns period=5.000ns})
  Destination:            words_written_reg[12]/D
                            (rising edge-triggered cell FDRE clocked by clk  {rise@0.000ns fall@2.500ns period=5.000ns})
  Path Group:             clk
  Path Type:              Hold (Min at Fast Process Corner)
  Requirement:            0.000ns  (clk rise@0.000ns - clk rise@0.000ns)
  Data Path Delay:        0.148ns  (logic 0.105ns (70.946%)  route 0.043ns (29.054%))
  Logic Levels:           1  (LUT6=1)
  Clock Path Skew:        0.005ns (DCD - SCD - CPR)
    Destination Clock Delay (DCD):    0.019ns
    Source Clock Delay      (SCD):    0.014ns
    Clock Pessimism Removal (CPR):    -0.000ns

    Location             Delay type                Incr(ns)  Path(ns)    Netlist Resource(s)
  -------------------------------------------------------------------    -------------------
                         (clock clk rise edge)        0.000     0.000 r  
                                                      0.000     0.000 r  clk (IN)
                         net (fo=364, unset)          0.014     0.014    clk
    SLICE_X44Y98         FDRE                                         r  words_written_reg[12]/C
  -------------------------------------------------------------------    -------------------
    SLICE_X44Y98         FDRE (Prop_CFF_SLICEL_C_Q)
                                                      0.084     0.098 r  words_written_reg[12]/Q
                         net (fo=1, routed)           0.024     0.122    words_written[12]
    SLICE_X44Y98         LUT6 (Prop_C6LUT_SLICEL_I5_O)
                                                      0.021     0.143 r  words_written[12]_i_2/O
                         net (fo=1, routed)           0.019     0.162    words_written[12]_i_2_n_0
    SLICE_X44Y98         FDRE                                         r  words_written_reg[12]/D
  -------------------------------------------------------------------    -------------------

                         (clock clk rise edge)        0.000     0.000 r  
                                                      0.000     0.000 r  clk (IN)
                         net (fo=364, unset)          0.019     0.019    clk
    SLICE_X44Y98         FDRE                                         r  words_written_reg[12]/C
                         clock pessimism              0.000     0.019    
    SLICE_X44Y98         FDRE (Hold_CFF_SLICEL_C_D)
                                                      0.044     0.063    words_written_reg[12]
  -------------------------------------------------------------------
                         required time                         -0.063    
                         arrival time                           0.162    
  -------------------------------------------------------------------
                         slack                                  0.099    

Slack (MET) :             0.099ns  (arrival time - required time)
  Source:                 words_written_reg[11]/C
                            (rising edge-triggered cell FDRE clocked by clk  {rise@0.000ns fall@2.500ns period=5.000ns})
  Destination:            words_written_reg[11]/D
                            (rising edge-triggered cell FDRE clocked by clk  {rise@0.000ns fall@2.500ns period=5.000ns})
  Path Group:             clk
  Path Type:              Hold (Min at Fast Process Corner)
  Requirement:            0.000ns  (clk rise@0.000ns - clk rise@0.000ns)
  Data Path Delay:        0.148ns  (logic 0.105ns (70.879%)  route 0.043ns (29.121%))
  Logic Levels:           1  (LUT5=1)
  Clock Path Skew:        0.005ns (DCD - SCD - CPR)
    Destination Clock Delay (DCD):    0.019ns
    Source Clock Delay      (SCD):    0.014ns
    Clock Pessimism Removal (CPR):    -0.000ns

    Location             Delay type                Incr(ns)  Path(ns)    Netlist Resource(s)
  -------------------------------------------------------------------    -------------------
                         (clock clk rise edge)        0.000     0.000 r  
                                                      0.000     0.000 r  clk (IN)
                         net (fo=364, unset)          0.014     0.014    clk
    SLICE_X44Y98         FDRE                                         r  words_written_reg[11]/C
  -------------------------------------------------------------------    -------------------
    SLICE_X44Y98         FDRE (Prop_DFF_SLICEL_C_Q)
                                                      0.084     0.098 r  words_written_reg[11]/Q
                         net (fo=2, routed)           0.025     0.123    words_written[11]
    SLICE_X44Y98         LUT5 (Prop_D6LUT_SLICEL_I4_O)
                                                      0.021     0.144 r  words_written[11]_i_1/O
                         net (fo=1, routed)           0.018     0.162    words_written[11]_i_1_n_0
    SLICE_X44Y98         FDRE                                         r  words_written_reg[11]/D
  -------------------------------------------------------------------    -------------------

                         (clock clk rise edge)        0.000     0.000 r  
                                                      0.000     0.000 r  clk (IN)
                         net (fo=364, unset)          0.019     0.019    clk
    SLICE_X44Y98         FDRE                                         r  words_written_reg[11]/C
                         clock pessimism              0.000     0.019    
    SLICE_X44Y98         FDRE (Hold_DFF_SLICEL_C_D)
                                                      0.044     0.063    words_written_reg[11]
  -------------------------------------------------------------------
                         required time                         -0.063    
                         arrival time                           0.162    
  -------------------------------------------------------------------
                         slack                                  0.099    

Slack (MET) :             0.100ns  (arrival time - required time)
  Source:                 pending_k_q_reg[10]/C
                            (rising edge-triggered cell FDRE clocked by clk  {rise@0.000ns fall@2.500ns period=5.000ns})
  Destination:            patch_k_reg[10]/D
                            (rising edge-triggered cell FDRE clocked by clk  {rise@0.000ns fall@2.500ns period=5.000ns})
  Path Group:             clk
  Path Type:              Hold (Min at Fast Process Corner)
  Requirement:            0.000ns  (clk rise@0.000ns - clk rise@0.000ns)
  Data Path Delay:        0.152ns  (logic 0.083ns (54.605%)  route 0.069ns (45.395%))
  Logic Levels:           0  
  Clock Path Skew:        0.007ns (DCD - SCD - CPR)
    Destination Clock Delay (DCD):    0.021ns
    Source Clock Delay      (SCD):    0.014ns
    Clock Pessimism Removal (CPR):    -0.000ns

    Location             Delay type                Incr(ns)  Path(ns)    Netlist Resource(s)
  -------------------------------------------------------------------    -------------------
                         (clock clk rise edge)        0.000     0.000 r  
                                                      0.000     0.000 r  clk (IN)
                         net (fo=364, unset)          0.014     0.014    clk
    SLICE_X43Y84         FDRE                                         r  pending_k_q_reg[10]/C
  -------------------------------------------------------------------    -------------------
    SLICE_X43Y84         FDRE (Prop_CFF_SLICEM_C_Q)
                                                      0.083     0.097 r  pending_k_q_reg[10]/Q
                         net (fo=1, routed)           0.069     0.166    pending_k_q_reg_n_0_[10]
    SLICE_X43Y84         FDRE                                         r  patch_k_reg[10]/D
  -------------------------------------------------------------------    -------------------

                         (clock clk rise edge)        0.000     0.000 r  
                                                      0.000     0.000 r  clk (IN)
                         net (fo=364, unset)          0.021     0.021    clk
    SLICE_X43Y84         FDRE                                         r  patch_k_reg[10]/C
                         clock pessimism              0.000     0.021    
    SLICE_X43Y84         FDRE (Hold_CFF2_SLICEM_C_D)
                                                      0.045     0.066    patch_k_reg[10]
  -------------------------------------------------------------------
                         required time                         -0.066    
                         arrival time                           0.166    
  -------------------------------------------------------------------
                         slack                                  0.100    

Slack (MET) :             0.102ns  (arrival time - required time)
  Source:                 reads_issued_q_reg[2]/C
                            (rising edge-triggered cell FDRE clocked by clk  {rise@0.000ns fall@2.500ns period=5.000ns})
  Destination:            pending_k_q_reg[2]/D
                            (rising edge-triggered cell FDRE clocked by clk  {rise@0.000ns fall@2.500ns period=5.000ns})
  Path Group:             clk
  Path Type:              Hold (Min at Slow Process Corner)
  Requirement:            0.000ns  (clk rise@0.000ns - clk rise@0.000ns)
  Data Path Delay:        0.218ns  (logic 0.112ns (51.382%)  route 0.106ns (48.618%))
  Logic Levels:           0  
  Clock Path Skew:        0.013ns (DCD - SCD - CPR)
    Destination Clock Delay (DCD):    0.042ns
    Source Clock Delay      (SCD):    0.029ns
    Clock Pessimism Removal (CPR):    -0.000ns

    Location             Delay type                Incr(ns)  Path(ns)    Netlist Resource(s)
  -------------------------------------------------------------------    -------------------
                         (clock clk rise edge)        0.000     0.000 r  
                                                      0.000     0.000 r  clk (IN)
                         net (fo=364, unset)          0.029     0.029    clk
    SLICE_X42Y83         FDRE                                         r  reads_issued_q_reg[2]/C
  -------------------------------------------------------------------    -------------------
    SLICE_X42Y83         FDRE (Prop_CFF_SLICEL_C_Q)
                                                      0.112     0.141 r  reads_issued_q_reg[2]/Q
                         net (fo=14, routed)          0.106     0.247    reads_issued_q[2]
    SLICE_X42Y84         FDRE                                         r  pending_k_q_reg[2]/D
  -------------------------------------------------------------------    -------------------

                         (clock clk rise edge)        0.000     0.000 r  
                                                      0.000     0.000 r  clk (IN)
                         net (fo=364, unset)          0.042     0.042    clk
    SLICE_X42Y84         FDRE                                         r  pending_k_q_reg[2]/C
                         clock pessimism              0.000     0.042    
    SLICE_X42Y84         FDRE (Hold_HFF2_SLICEL_C_D)
                                                      0.103     0.145    pending_k_q_reg[2]
  -------------------------------------------------------------------
                         required time                         -0.145    
                         arrival time                           0.247    
  -------------------------------------------------------------------
                         slack                                  0.102    

Slack (MET) :             0.105ns  (arrival time - required time)
  Source:                 words_written_reg[7]/C
                            (rising edge-triggered cell FDRE clocked by clk  {rise@0.000ns fall@2.500ns period=5.000ns})
  Destination:            words_written_reg[7]/D
                            (rising edge-triggered cell FDRE clocked by clk  {rise@0.000ns fall@2.500ns period=5.000ns})
  Path Group:             clk
  Path Type:              Hold (Min at Fast Process Corner)
  Requirement:            0.000ns  (clk rise@0.000ns - clk rise@0.000ns)
  Data Path Delay:        0.154ns  (logic 0.105ns (68.347%)  route 0.049ns (31.653%))
  Logic Levels:           1  (LUT6=1)
  Clock Path Skew:        0.005ns (DCD - SCD - CPR)
    Destination Clock Delay (DCD):    0.019ns
    Source Clock Delay      (SCD):    0.014ns
    Clock Pessimism Removal (CPR):    -0.000ns

    Location             Delay type                Incr(ns)  Path(ns)    Netlist Resource(s)
  -------------------------------------------------------------------    -------------------
                         (clock clk rise edge)        0.000     0.000 r  
                                                      0.000     0.000 r  clk (IN)
                         net (fo=364, unset)          0.014     0.014    clk
    SLICE_X44Y95         FDRE                                         r  words_written_reg[7]/C
  -------------------------------------------------------------------    -------------------
    SLICE_X44Y95         FDRE (Prop_CFF_SLICEL_C_Q)
                                                      0.084     0.098 r  words_written_reg[7]/Q
                         net (fo=5, routed)           0.030     0.128    words_written[7]
    SLICE_X44Y95         LUT6 (Prop_C6LUT_SLICEL_I5_O)
                                                      0.021     0.149 r  words_written[7]_i_1/O
                         net (fo=1, routed)           0.019     0.168    words_written[7]_i_1_n_0
    SLICE_X44Y95         FDRE                                         r  words_written_reg[7]/D
  -------------------------------------------------------------------    -------------------

                         (clock clk rise edge)        0.000     0.000 r  
                                                      0.000     0.000 r  clk (IN)
                         net (fo=364, unset)          0.019     0.019    clk
    SLICE_X44Y95         FDRE                                         r  words_written_reg[7]/C
                         clock pessimism              0.000     0.019    
    SLICE_X44Y95         FDRE (Hold_CFF_SLICEL_C_D)
                                                      0.044     0.063    words_written_reg[7]
  -------------------------------------------------------------------
                         required time                         -0.063    
                         arrival time                           0.168    
  -------------------------------------------------------------------
                         slack                                  0.105    

Slack (MET) :             0.108ns  (arrival time - required time)
  Source:                 reads_issued_q_reg[12]/C
                            (rising edge-triggered cell FDRE clocked by clk  {rise@0.000ns fall@2.500ns period=5.000ns})
  Destination:            reads_issued_q_reg[12]/D
                            (rising edge-triggered cell FDRE clocked by clk  {rise@0.000ns fall@2.500ns period=5.000ns})
  Path Group:             clk
  Path Type:              Hold (Min at Fast Process Corner)
  Requirement:            0.000ns  (clk rise@0.000ns - clk rise@0.000ns)
  Data Path Delay:        0.157ns  (logic 0.105ns (66.918%)  route 0.052ns (33.082%))
  Logic Levels:           1  (LUT5=1)
  Clock Path Skew:        0.005ns (DCD - SCD - CPR)
    Destination Clock Delay (DCD):    0.019ns
    Source Clock Delay      (SCD):    0.014ns
    Clock Pessimism Removal (CPR):    -0.000ns

    Location             Delay type                Incr(ns)  Path(ns)    Netlist Resource(s)
  -------------------------------------------------------------------    -------------------
                         (clock clk rise edge)        0.000     0.000 r  
                                                      0.000     0.000 r  clk (IN)
                         net (fo=364, unset)          0.014     0.014    clk
    SLICE_X42Y83         FDRE                                         r  reads_issued_q_reg[12]/C
  -------------------------------------------------------------------    -------------------
    SLICE_X42Y83         FDRE (Prop_DFF_SLICEL_C_Q)
                                                      0.084     0.098 r  reads_issued_q_reg[12]/Q
                         net (fo=4, routed)           0.034     0.132    reads_issued_q_reg_n_0_[12]
    SLICE_X42Y83         LUT5 (Prop_D6LUT_SLICEL_I3_O)
                                                      0.021     0.153 r  reads_issued_q[12]_i_3/O
                         net (fo=1, routed)           0.018     0.171    p_2_in[12]
    SLICE_X42Y83         FDRE                                         r  reads_issued_q_reg[12]/D
  -------------------------------------------------------------------    -------------------

                         (clock clk rise edge)        0.000     0.000 r  
                                                      0.000     0.000 r  clk (IN)
                         net (fo=364, unset)          0.019     0.019    clk
    SLICE_X42Y83         FDRE                                         r  reads_issued_q_reg[12]/C
                         clock pessimism              0.000     0.019    
    SLICE_X42Y83         FDRE (Hold_DFF_SLICEL_C_D)
                                                      0.044     0.063    reads_issued_q_reg[12]
  -------------------------------------------------------------------
                         required time                         -0.063    
                         arrival time                           0.171    
  -------------------------------------------------------------------
                         slack                                  0.108    

Slack (MET) :             0.108ns  (arrival time - required time)
  Source:                 write_k_q_reg[1]/C
                            (rising edge-triggered cell FDRE clocked by clk  {rise@0.000ns fall@2.500ns period=5.000ns})
  Destination:            write_k_q_reg[1]/D
                            (rising edge-triggered cell FDRE clocked by clk  {rise@0.000ns fall@2.500ns period=5.000ns})
  Path Group:             clk
  Path Type:              Hold (Min at Fast Process Corner)
  Requirement:            0.000ns  (clk rise@0.000ns - clk rise@0.000ns)
  Data Path Delay:        0.157ns  (logic 0.105ns (66.708%)  route 0.052ns (33.292%))
  Logic Levels:           1  (LUT6=1)
  Clock Path Skew:        0.005ns (DCD - SCD - CPR)
    Destination Clock Delay (DCD):    0.019ns
    Source Clock Delay      (SCD):    0.014ns
    Clock Pessimism Removal (CPR):    -0.000ns

    Location             Delay type                Incr(ns)  Path(ns)    Netlist Resource(s)
  -------------------------------------------------------------------    -------------------
                         (clock clk rise edge)        0.000     0.000 r  
                                                      0.000     0.000 r  clk (IN)
                         net (fo=364, unset)          0.014     0.014    clk
    SLICE_X46Y82         FDRE                                         r  write_k_q_reg[1]/C
  -------------------------------------------------------------------    -------------------
    SLICE_X46Y82         FDRE (Prop_DFF_SLICEL_C_Q)
                                                      0.084     0.098 r  write_k_q_reg[1]/Q
                         net (fo=12, routed)          0.034     0.132    write_k[1]
    SLICE_X46Y82         LUT6 (Prop_D6LUT_SLICEL_I4_O)
                                                      0.021     0.153 r  write_k_q[1]_i_1/O
                         net (fo=1, routed)           0.018     0.171    p_1_in[1]
    SLICE_X46Y82         FDRE                                         r  write_k_q_reg[1]/D
  -------------------------------------------------------------------    -------------------

                         (clock clk rise edge)        0.000     0.000 r  
                                                      0.000     0.000 r  clk (IN)
                         net (fo=364, unset)          0.019     0.019    clk
    SLICE_X46Y82         FDRE                                         r  write_k_q_reg[1]/C
                         clock pessimism              0.000     0.019    
    SLICE_X46Y82         FDRE (Hold_DFF_SLICEL_C_D)
                                                      0.044     0.063    write_k_q_reg[1]
  -------------------------------------------------------------------
                         required time                         -0.063    
                         arrival time                           0.171    
  -------------------------------------------------------------------
                         slack                                  0.108    

Slack (MET) :             0.108ns  (arrival time - required time)
  Source:                 write_k_q_reg[2]/C
                            (rising edge-triggered cell FDRE clocked by clk  {rise@0.000ns fall@2.500ns period=5.000ns})
  Destination:            write_k_q_reg[2]/D
                            (rising edge-triggered cell FDRE clocked by clk  {rise@0.000ns fall@2.500ns period=5.000ns})
  Path Group:             clk
  Path Type:              Hold (Min at Fast Process Corner)
  Requirement:            0.000ns  (clk rise@0.000ns - clk rise@0.000ns)
  Data Path Delay:        0.157ns  (logic 0.105ns (66.704%)  route 0.052ns (33.296%))
  Logic Levels:           1  (LUT6=1)
  Clock Path Skew:        0.005ns (DCD - SCD - CPR)
    Destination Clock Delay (DCD):    0.019ns
    Source Clock Delay      (SCD):    0.014ns
    Clock Pessimism Removal (CPR):    -0.000ns

    Location             Delay type                Incr(ns)  Path(ns)    Netlist Resource(s)
  -------------------------------------------------------------------    -------------------
                         (clock clk rise edge)        0.000     0.000 r  
                                                      0.000     0.000 r  clk (IN)
                         net (fo=364, unset)          0.014     0.014    clk
    SLICE_X46Y82         FDRE                                         r  write_k_q_reg[2]/C
  -------------------------------------------------------------------    -------------------
    SLICE_X46Y82         FDRE (Prop_CFF_SLICEL_C_Q)
                                                      0.084     0.098 r  write_k_q_reg[2]/Q
                         net (fo=10, routed)          0.033     0.131    write_k[2]
    SLICE_X46Y82         LUT6 (Prop_C6LUT_SLICEL_I3_O)
                                                      0.021     0.152 r  write_k_q[2]_i_1/O
                         net (fo=1, routed)           0.019     0.171    p_1_in[2]
    SLICE_X46Y82         FDRE                                         r  write_k_q_reg[2]/D
  -------------------------------------------------------------------    -------------------

                         (clock clk rise edge)        0.000     0.000 r  
                                                      0.000     0.000 r  clk (IN)
                         net (fo=364, unset)          0.019     0.019    clk
    SLICE_X46Y82         FDRE                                         r  write_k_q_reg[2]/C
                         clock pessimism              0.000     0.019    
    SLICE_X46Y82         FDRE (Hold_CFF_SLICEL_C_D)
                                                      0.044     0.063    write_k_q_reg[2]
  -------------------------------------------------------------------
                         required time                         -0.063    
                         arrival time                           0.171    
  -------------------------------------------------------------------
                         slack                                  0.108    

Slack (MET) :             0.110ns  (arrival time - required time)
  Source:                 write_k_q_reg[6]/C
                            (rising edge-triggered cell FDRE clocked by clk  {rise@0.000ns fall@2.500ns period=5.000ns})
  Destination:            write_k_q_reg[6]/D
                            (rising edge-triggered cell FDRE clocked by clk  {rise@0.000ns fall@2.500ns period=5.000ns})
  Path Group:             clk
  Path Type:              Hold (Min at Fast Process Corner)
  Requirement:            0.000ns  (clk rise@0.000ns - clk rise@0.000ns)
  Data Path Delay:        0.159ns  (logic 0.106ns (66.647%)  route 0.053ns (33.353%))
  Logic Levels:           1  (LUT6=1)
  Clock Path Skew:        0.005ns (DCD - SCD - CPR)
    Destination Clock Delay (DCD):    0.019ns
    Source Clock Delay      (SCD):    0.014ns
    Clock Pessimism Removal (CPR):    -0.000ns

    Location             Delay type                Incr(ns)  Path(ns)    Netlist Resource(s)
  -------------------------------------------------------------------    -------------------
                         (clock clk rise edge)        0.000     0.000 r  
                                                      0.000     0.000 r  clk (IN)
                         net (fo=364, unset)          0.014     0.014    clk
    SLICE_X46Y82         FDRE                                         r  write_k_q_reg[6]/C
  -------------------------------------------------------------------    -------------------
    SLICE_X46Y82         FDRE (Prop_BFF_SLICEL_C_Q)
                                                      0.084     0.098 r  write_k_q_reg[6]/Q
                         net (fo=12, routed)          0.036     0.134    write_k[6]
    SLICE_X46Y82         LUT6 (Prop_B6LUT_SLICEL_I4_O)
                                                      0.022     0.156 r  write_k_q[6]_i_1/O
                         net (fo=1, routed)           0.017     0.173    p_1_in[6]
    SLICE_X46Y82         FDRE                                         r  write_k_q_reg[6]/D
  -------------------------------------------------------------------    -------------------

                         (clock clk rise edge)        0.000     0.000 r  
                                                      0.000     0.000 r  clk (IN)
                         net (fo=364, unset)          0.019     0.019    clk
    SLICE_X46Y82         FDRE                                         r  write_k_q_reg[6]/C
                         clock pessimism              0.000     0.019    
    SLICE_X46Y82         FDRE (Hold_BFF_SLICEL_C_D)
                                                      0.044     0.063    write_k_q_reg[6]
  -------------------------------------------------------------------
                         required time                         -0.063    
                         arrival time                           0.173    
  -------------------------------------------------------------------
                         slack                                  0.110    

Slack (MET) :             0.114ns  (arrival time - required time)
  Source:                 reads_issued_q_reg[2]/C
                            (rising edge-triggered cell FDRE clocked by clk  {rise@0.000ns fall@2.500ns period=5.000ns})
  Destination:            reads_issued_q_reg[2]/D
                            (rising edge-triggered cell FDRE clocked by clk  {rise@0.000ns fall@2.500ns period=5.000ns})
  Path Group:             clk
  Path Type:              Hold (Min at Fast Process Corner)
  Requirement:            0.000ns  (clk rise@0.000ns - clk rise@0.000ns)
  Data Path Delay:        0.163ns  (logic 0.105ns (64.598%)  route 0.058ns (35.402%))
  Logic Levels:           1  (LUT5=1)
  Clock Path Skew:        0.005ns (DCD - SCD - CPR)
    Destination Clock Delay (DCD):    0.019ns
    Source Clock Delay      (SCD):    0.014ns
    Clock Pessimism Removal (CPR):    -0.000ns

    Location             Delay type                Incr(ns)  Path(ns)    Netlist Resource(s)
  -------------------------------------------------------------------    -------------------
                         (clock clk rise edge)        0.000     0.000 r  
                                                      0.000     0.000 r  clk (IN)
                         net (fo=364, unset)          0.014     0.014    clk
    SLICE_X42Y83         FDRE                                         r  reads_issued_q_reg[2]/C
  -------------------------------------------------------------------    -------------------
    SLICE_X42Y83         FDRE (Prop_CFF_SLICEL_C_Q)
                                                      0.084     0.098 r  reads_issued_q_reg[2]/Q
                         net (fo=14, routed)          0.039     0.137    reads_issued_q[2]
    SLICE_X42Y83         LUT5 (Prop_C6LUT_SLICEL_I3_O)
                                                      0.021     0.158 r  reads_issued_q[2]_i_1/O
                         net (fo=1, routed)           0.019     0.177    p_2_in[2]
    SLICE_X42Y83         FDRE                                         r  reads_issued_q_reg[2]/D
  -------------------------------------------------------------------    -------------------

                         (clock clk rise edge)        0.000     0.000 r  
                                                      0.000     0.000 r  clk (IN)
                         net (fo=364, unset)          0.019     0.019    clk
    SLICE_X42Y83         FDRE                                         r  reads_issued_q_reg[2]/C
                         clock pessimism              0.000     0.019    
    SLICE_X42Y83         FDRE (Hold_CFF_SLICEL_C_D)
                                                      0.044     0.063    reads_issued_q_reg[2]
  -------------------------------------------------------------------
                         required time                         -0.063    
                         arrival time                           0.177    
  -------------------------------------------------------------------
                         slack                                  0.114    

Slack (MET) :             0.114ns  (arrival time - required time)
  Source:                 patch_valid_reg/C
                            (rising edge-triggered cell FDRE clocked by clk  {rise@0.000ns fall@2.500ns period=5.000ns})
  Destination:            replay_active_reg/D
                            (rising edge-triggered cell FDRE clocked by clk  {rise@0.000ns fall@2.500ns period=5.000ns})
  Path Group:             clk
  Path Type:              Hold (Min at Fast Process Corner)
  Requirement:            0.000ns  (clk rise@0.000ns - clk rise@0.000ns)
  Data Path Delay:        0.165ns  (logic 0.103ns (62.432%)  route 0.062ns (37.568%))
  Logic Levels:           1  (LUT6=1)
  Clock Path Skew:        0.007ns (DCD - SCD - CPR)
    Destination Clock Delay (DCD):    0.021ns
    Source Clock Delay      (SCD):    0.014ns
    Clock Pessimism Removal (CPR):    -0.000ns

    Location             Delay type                Incr(ns)  Path(ns)    Netlist Resource(s)
  -------------------------------------------------------------------    -------------------
                         (clock clk rise edge)        0.000     0.000 r  
                                                      0.000     0.000 r  clk (IN)
                         net (fo=364, unset)          0.014     0.014    clk
    SLICE_X41Y80         FDRE                                         r  patch_valid_reg/C
  -------------------------------------------------------------------    -------------------
    SLICE_X41Y80         FDRE (Prop_AFF_SLICEM_C_Q)
                                                      0.082     0.096 f  patch_valid_reg/Q
                         net (fo=20, routed)          0.034     0.130    patch_valid
    SLICE_X41Y80         LUT6 (Prop_F6LUT_SLICEM_I4_O)
                                                      0.021     0.151 r  replay_active_i_1/O
                         net (fo=1, routed)           0.028     0.179    replay_active_i_1_n_0
    SLICE_X41Y80         FDRE                                         r  replay_active_reg/D
  -------------------------------------------------------------------    -------------------

                         (clock clk rise edge)        0.000     0.000 r  
                                                      0.000     0.000 r  clk (IN)
                         net (fo=364, unset)          0.021     0.021    clk
    SLICE_X41Y80         FDRE                                         r  replay_active_reg/C
                         clock pessimism              0.000     0.021    
    SLICE_X41Y80         FDRE (Hold_FFF_SLICEM_C_D)
                                                      0.044     0.065    replay_active_reg
  -------------------------------------------------------------------
                         required time                         -0.065    
                         arrival time                           0.179    
  -------------------------------------------------------------------
                         slack                                  0.114    

Slack (MET) :             0.114ns  (arrival time - required time)
  Source:                 completed_replays_reg[12]/C
                            (rising edge-triggered cell FDRE clocked by clk  {rise@0.000ns fall@2.500ns period=5.000ns})
  Destination:            completed_replays_reg[12]/D
                            (rising edge-triggered cell FDRE clocked by clk  {rise@0.000ns fall@2.500ns period=5.000ns})
  Path Group:             clk
  Path Type:              Hold (Min at Fast Process Corner)
  Requirement:            0.000ns  (clk rise@0.000ns - clk rise@0.000ns)
  Data Path Delay:        0.163ns  (logic 0.103ns (63.190%)  route 0.060ns (36.810%))
  Logic Levels:           1  (CARRY8=1)
  Clock Path Skew:        0.005ns (DCD - SCD - CPR)
    Destination Clock Delay (DCD):    0.019ns
    Source Clock Delay      (SCD):    0.014ns
    Clock Pessimism Removal (CPR):    -0.000ns

    Location             Delay type                Incr(ns)  Path(ns)    Netlist Resource(s)
  -------------------------------------------------------------------    -------------------
                         (clock clk rise edge)        0.000     0.000 r  
                                                      0.000     0.000 r  clk (IN)
                         net (fo=364, unset)          0.014     0.014    clk
    SLICE_X39Y78         FDRE                                         r  completed_replays_reg[12]/C
  -------------------------------------------------------------------    -------------------
    SLICE_X39Y78         FDRE (Prop_DFF_SLICEL_C_Q)
                                                      0.084     0.098 r  completed_replays_reg[12]/Q
                         net (fo=1, routed)           0.052     0.150    completed_replays[12]
    SLICE_X39Y78         CARRY8 (Prop_CARRY8_SLICEL_S[3]_O[3])
                                                      0.019     0.169 r  completed_replays_reg[15]_i_2/O[3]
                         net (fo=1, routed)           0.008     0.177    p_0_in__0[12]
    SLICE_X39Y78         FDRE                                         r  completed_replays_reg[12]/D
  -------------------------------------------------------------------    -------------------

                         (clock clk rise edge)        0.000     0.000 r  
                                                      0.000     0.000 r  clk (IN)
                         net (fo=364, unset)          0.019     0.019    clk
    SLICE_X39Y78         FDRE                                         r  completed_replays_reg[12]/C
                         clock pessimism              0.000     0.019    
    SLICE_X39Y78         FDRE (Hold_DFF_SLICEL_C_D)
                                                      0.044     0.063    completed_replays_reg[12]
  -------------------------------------------------------------------
                         required time                         -0.063    
                         arrival time                           0.177    
  -------------------------------------------------------------------
                         slack                                  0.114    

Slack (MET) :             0.114ns  (arrival time - required time)
  Source:                 completed_replays_reg[4]/C
                            (rising edge-triggered cell FDRE clocked by clk  {rise@0.000ns fall@2.500ns period=5.000ns})
  Destination:            completed_replays_reg[4]/D
                            (rising edge-triggered cell FDRE clocked by clk  {rise@0.000ns fall@2.500ns period=5.000ns})
  Path Group:             clk
  Path Type:              Hold (Min at Fast Process Corner)
  Requirement:            0.000ns  (clk rise@0.000ns - clk rise@0.000ns)
  Data Path Delay:        0.163ns  (logic 0.103ns (63.190%)  route 0.060ns (36.810%))
  Logic Levels:           1  (CARRY8=1)
  Clock Path Skew:        0.005ns (DCD - SCD - CPR)
    Destination Clock Delay (DCD):    0.019ns
    Source Clock Delay      (SCD):    0.014ns
    Clock Pessimism Removal (CPR):    -0.000ns

    Location             Delay type                Incr(ns)  Path(ns)    Netlist Resource(s)
  -------------------------------------------------------------------    -------------------
                         (clock clk rise edge)        0.000     0.000 r  
                                                      0.000     0.000 r  clk (IN)
                         net (fo=364, unset)          0.014     0.014    clk
    SLICE_X39Y77         FDRE                                         r  completed_replays_reg[4]/C
  -------------------------------------------------------------------    -------------------
    SLICE_X39Y77         FDRE (Prop_DFF_SLICEL_C_Q)
                                                      0.084     0.098 r  completed_replays_reg[4]/Q
                         net (fo=1, routed)           0.052     0.150    completed_replays[4]
    SLICE_X39Y77         CARRY8 (Prop_CARRY8_SLICEL_S[3]_O[3])
                                                      0.019     0.169 r  completed_replays_reg[8]_i_1/O[3]
                         net (fo=1, routed)           0.008     0.177    p_0_in__0[4]
    SLICE_X39Y77         FDRE                                         r  completed_replays_reg[4]/D
  -------------------------------------------------------------------    -------------------

                         (clock clk rise edge)        0.000     0.000 r  
                                                      0.000     0.000 r  clk (IN)
                         net (fo=364, unset)          0.019     0.019    clk
    SLICE_X39Y77         FDRE                                         r  completed_replays_reg[4]/C
                         clock pessimism              0.000     0.019    
    SLICE_X39Y77         FDRE (Hold_DFF_SLICEL_C_D)
                                                      0.044     0.063    completed_replays_reg[4]
  -------------------------------------------------------------------
                         required time                         -0.063    
                         arrival time                           0.177    
  -------------------------------------------------------------------
                         slack                                  0.114    

Slack (MET) :             0.114ns  (arrival time - required time)
  Source:                 pending_k_q_reg[0]/C
                            (rising edge-triggered cell FDRE clocked by clk  {rise@0.000ns fall@2.500ns period=5.000ns})
  Destination:            patch_k_reg[0]/D
                            (rising edge-triggered cell FDRE clocked by clk  {rise@0.000ns fall@2.500ns period=5.000ns})
  Path Group:             clk
  Path Type:              Hold (Min at Fast Process Corner)
  Requirement:            0.000ns  (clk rise@0.000ns - clk rise@0.000ns)
  Data Path Delay:        0.166ns  (logic 0.083ns (50.000%)  route 0.083ns (50.000%))
  Logic Levels:           0  
  Clock Path Skew:        0.007ns (DCD - SCD - CPR)
    Destination Clock Delay (DCD):    0.021ns
    Source Clock Delay      (SCD):    0.014ns
    Clock Pessimism Removal (CPR):    -0.000ns

    Location             Delay type                Incr(ns)  Path(ns)    Netlist Resource(s)
  -------------------------------------------------------------------    -------------------
                         (clock clk rise edge)        0.000     0.000 r  
                                                      0.000     0.000 r  clk (IN)
                         net (fo=364, unset)          0.014     0.014    clk
    SLICE_X43Y84         FDRE                                         r  pending_k_q_reg[0]/C
  -------------------------------------------------------------------    -------------------
    SLICE_X43Y84         FDRE (Prop_DFF_SLICEM_C_Q)
                                                      0.083     0.097 r  pending_k_q_reg[0]/Q
                         net (fo=1, routed)           0.083     0.180    pending_k_q_reg_n_0_[0]
    SLICE_X43Y84         FDRE                                         r  patch_k_reg[0]/D
  -------------------------------------------------------------------    -------------------

                         (clock clk rise edge)        0.000     0.000 r  
                                                      0.000     0.000 r  clk (IN)
                         net (fo=364, unset)          0.021     0.021    clk
    SLICE_X43Y84         FDRE                                         r  patch_k_reg[0]/C
                         clock pessimism              0.000     0.021    
    SLICE_X43Y84         FDRE (Hold_DFF2_SLICEM_C_D)
                                                      0.045     0.066    patch_k_reg[0]
  -------------------------------------------------------------------
                         required time                         -0.066    
                         arrival time                           0.180    
  -------------------------------------------------------------------
                         slack                                  0.114    

Slack (MET) :             0.114ns  (arrival time - required time)
  Source:                 reads_issued_q_reg[7]/C
                            (rising edge-triggered cell FDRE clocked by clk  {rise@0.000ns fall@2.500ns period=5.000ns})
  Destination:            g_set[1].u_memory/memory_reg_uram_0/ADDR_A[7]
                            (rising edge-triggered cell URAM288 clocked by clk  {rise@0.000ns fall@2.500ns period=5.000ns})
  Path Group:             clk
  Path Type:              Hold (Min at Fast Process Corner)
  Requirement:            0.000ns  (clk rise@0.000ns - clk rise@0.000ns)
  Data Path Delay:        0.139ns  (logic 0.084ns (60.411%)  route 0.055ns (39.589%))
  Logic Levels:           0  
  Clock Path Skew:        0.050ns (DCD - SCD - CPR)
    Destination Clock Delay (DCD):    0.064ns
    Source Clock Delay      (SCD):    0.014ns
    Clock Pessimism Removal (CPR):    -0.000ns

    Location             Delay type                Incr(ns)  Path(ns)    Netlist Resource(s)
  -------------------------------------------------------------------    -------------------
                         (clock clk rise edge)        0.000     0.000 r  
                                                      0.000     0.000 r  clk (IN)
                         net (fo=364, unset)          0.014     0.014    clk
    SLICE_X42Y83         FDRE                                         r  reads_issued_q_reg[7]/C
  -------------------------------------------------------------------    -------------------
    SLICE_X42Y83         FDRE (Prop_BFF_SLICEL_C_Q)
                                                      0.084     0.098 r  reads_issued_q_reg[7]/Q
                         net (fo=14, routed)          0.055     0.153    g_set[1].u_memory/Q[7]
    URAM288_X0Y22        URAM288                                      r  g_set[1].u_memory/memory_reg_uram_0/ADDR_A[7]
  -------------------------------------------------------------------    -------------------

                         (clock clk rise edge)        0.000     0.000 r  
                                                      0.000     0.000 r  clk (IN)
                         net (fo=364, unset)          0.064     0.064    g_set[1].u_memory/clk
    URAM288_X0Y22        URAM288                                      r  g_set[1].u_memory/memory_reg_uram_0/CLK
                         clock pessimism              0.000     0.064    
    URAM288_X0Y22        URAM288 (Hold_URAM_288K_INST_URAM288_CLK_ADDR_A[7])
                                                     -0.025     0.039    g_set[1].u_memory/memory_reg_uram_0
  -------------------------------------------------------------------
                         required time                         -0.039    
                         arrival time                           0.153    
  -------------------------------------------------------------------
                         slack                                  0.114    

Slack (MET) :             0.115ns  (arrival time - required time)
  Source:                 completed_replays_reg[10]/C
                            (rising edge-triggered cell FDRE clocked by clk  {rise@0.000ns fall@2.500ns period=5.000ns})
  Destination:            completed_replays_reg[10]/D
                            (rising edge-triggered cell FDRE clocked by clk  {rise@0.000ns fall@2.500ns period=5.000ns})
  Path Group:             clk
  Path Type:              Hold (Min at Fast Process Corner)
  Requirement:            0.000ns  (clk rise@0.000ns - clk rise@0.000ns)
  Data Path Delay:        0.164ns  (logic 0.103ns (62.805%)  route 0.061ns (37.195%))
  Logic Levels:           1  (CARRY8=1)
  Clock Path Skew:        0.005ns (DCD - SCD - CPR)
    Destination Clock Delay (DCD):    0.019ns
    Source Clock Delay      (SCD):    0.014ns
    Clock Pessimism Removal (CPR):    -0.000ns

    Location             Delay type                Incr(ns)  Path(ns)    Netlist Resource(s)
  -------------------------------------------------------------------    -------------------
                         (clock clk rise edge)        0.000     0.000 r  
                                                      0.000     0.000 r  clk (IN)
                         net (fo=364, unset)          0.014     0.014    clk
    SLICE_X39Y78         FDRE                                         r  completed_replays_reg[10]/C
  -------------------------------------------------------------------    -------------------
    SLICE_X39Y78         FDRE (Prop_BFF_SLICEL_C_Q)
                                                      0.084     0.098 r  completed_replays_reg[10]/Q
                         net (fo=1, routed)           0.053     0.151    completed_replays[10]
    SLICE_X39Y78         CARRY8 (Prop_CARRY8_SLICEL_S[1]_O[1])
                                                      0.019     0.170 r  completed_replays_reg[15]_i_2/O[1]
                         net (fo=1, routed)           0.008     0.178    p_0_in__0[10]
    SLICE_X39Y78         FDRE                                         r  completed_replays_reg[10]/D
  -------------------------------------------------------------------    -------------------

                         (clock clk rise edge)        0.000     0.000 r  
                                                      0.000     0.000 r  clk (IN)
                         net (fo=364, unset)          0.019     0.019    clk
    SLICE_X39Y78         FDRE                                         r  completed_replays_reg[10]/C
                         clock pessimism              0.000     0.019    
    SLICE_X39Y78         FDRE (Hold_BFF_SLICEL_C_D)
                                                      0.044     0.063    completed_replays_reg[10]
  -------------------------------------------------------------------
                         required time                         -0.063    
                         arrival time                           0.178    
  -------------------------------------------------------------------
                         slack                                  0.115    

Slack (MET) :             0.115ns  (arrival time - required time)
  Source:                 completed_replays_reg[2]/C
                            (rising edge-triggered cell FDRE clocked by clk  {rise@0.000ns fall@2.500ns period=5.000ns})
  Destination:            completed_replays_reg[2]/D
                            (rising edge-triggered cell FDRE clocked by clk  {rise@0.000ns fall@2.500ns period=5.000ns})
  Path Group:             clk
  Path Type:              Hold (Min at Fast Process Corner)
  Requirement:            0.000ns  (clk rise@0.000ns - clk rise@0.000ns)
  Data Path Delay:        0.164ns  (logic 0.103ns (62.805%)  route 0.061ns (37.195%))
  Logic Levels:           1  (CARRY8=1)
  Clock Path Skew:        0.005ns (DCD - SCD - CPR)
    Destination Clock Delay (DCD):    0.019ns
    Source Clock Delay      (SCD):    0.014ns
    Clock Pessimism Removal (CPR):    -0.000ns

    Location             Delay type                Incr(ns)  Path(ns)    Netlist Resource(s)
  -------------------------------------------------------------------    -------------------
                         (clock clk rise edge)        0.000     0.000 r  
                                                      0.000     0.000 r  clk (IN)
                         net (fo=364, unset)          0.014     0.014    clk
    SLICE_X39Y77         FDRE                                         r  completed_replays_reg[2]/C
  -------------------------------------------------------------------    -------------------
    SLICE_X39Y77         FDRE (Prop_BFF_SLICEL_C_Q)
                                                      0.084     0.098 r  completed_replays_reg[2]/Q
                         net (fo=1, routed)           0.053     0.151    completed_replays[2]
    SLICE_X39Y77         CARRY8 (Prop_CARRY8_SLICEL_S[1]_O[1])
                                                      0.019     0.170 r  completed_replays_reg[8]_i_1/O[1]
                         net (fo=1, routed)           0.008     0.178    p_0_in__0[2]
    SLICE_X39Y77         FDRE                                         r  completed_replays_reg[2]/D
  -------------------------------------------------------------------    -------------------

                         (clock clk rise edge)        0.000     0.000 r  
                                                      0.000     0.000 r  clk (IN)
                         net (fo=364, unset)          0.019     0.019    clk
    SLICE_X39Y77         FDRE                                         r  completed_replays_reg[2]/C
                         clock pessimism              0.000     0.019    
    SLICE_X39Y77         FDRE (Hold_BFF_SLICEL_C_D)
                                                      0.044     0.063    completed_replays_reg[2]
  -------------------------------------------------------------------
                         required time                         -0.063    
                         arrival time                           0.178    
  -------------------------------------------------------------------
                         slack                                  0.115    

Slack (MET) :             0.115ns  (arrival time - required time)
  Source:                 completed_replays_reg[8]/C
                            (rising edge-triggered cell FDRE clocked by clk  {rise@0.000ns fall@2.500ns period=5.000ns})
  Destination:            completed_replays_reg[8]/D
                            (rising edge-triggered cell FDRE clocked by clk  {rise@0.000ns fall@2.500ns period=5.000ns})
  Path Group:             clk
  Path Type:              Hold (Min at Fast Process Corner)
  Requirement:            0.000ns  (clk rise@0.000ns - clk rise@0.000ns)
  Data Path Delay:        0.165ns  (logic 0.104ns (63.030%)  route 0.061ns (36.970%))
  Logic Levels:           1  (CARRY8=1)
  Clock Path Skew:        0.006ns (DCD - SCD - CPR)
    Destination Clock Delay (DCD):    0.020ns
    Source Clock Delay      (SCD):    0.014ns
    Clock Pessimism Removal (CPR):    -0.000ns

    Location             Delay type                Incr(ns)  Path(ns)    Netlist Resource(s)
  -------------------------------------------------------------------    -------------------
                         (clock clk rise edge)        0.000     0.000 r  
                                                      0.000     0.000 r  clk (IN)
                         net (fo=364, unset)          0.014     0.014    clk
    SLICE_X39Y77         FDRE                                         r  completed_replays_reg[8]/C
  -------------------------------------------------------------------    -------------------
    SLICE_X39Y77         FDRE (Prop_HFF_SLICEL_C_Q)
                                                      0.084     0.098 r  completed_replays_reg[8]/Q
                         net (fo=1, routed)           0.053     0.151    completed_replays[8]
    SLICE_X39Y77         CARRY8 (Prop_CARRY8_SLICEL_S[7]_O[7])
                                                      0.020     0.171 r  completed_replays_reg[8]_i_1/O[7]
                         net (fo=1, routed)           0.008     0.179    p_0_in__0[8]
    SLICE_X39Y77         FDRE                                         r  completed_replays_reg[8]/D
  -------------------------------------------------------------------    -------------------

                         (clock clk rise edge)        0.000     0.000 r  
                                                      0.000     0.000 r  clk (IN)
                         net (fo=364, unset)          0.020     0.020    clk
    SLICE_X39Y77         FDRE                                         r  completed_replays_reg[8]/C
                         clock pessimism              0.000     0.020    
    SLICE_X39Y77         FDRE (Hold_HFF_SLICEL_C_D)
                                                      0.044     0.064    completed_replays_reg[8]
  -------------------------------------------------------------------
                         required time                         -0.064    
                         arrival time                           0.179    
  -------------------------------------------------------------------
                         slack                                  0.115    





Pulse Width Checks
--------------------------------------------------------------------------------------
Clock Name:         clk
Waveform(ns):       { 0.000 2.500 }
Period(ns):         5.000
Sources:            { clk }

Check Type        Corner  Lib Pin      Reference Pin  Required(ns)  Actual(ns)  Slack(ns)  Location       Pin
Min Period        n/a     URAM288/CLK  n/a            2.471         5.000       2.529      URAM288_X0Y20  g_set[0].u_memory/memory_reg_uram_0/CLK
Min Period        n/a     URAM288/CLK  n/a            2.471         5.000       2.529      URAM288_X0Y21  g_set[0].u_memory/memory_reg_uram_1/CLK
Min Period        n/a     URAM288/CLK  n/a            2.471         5.000       2.529      URAM288_X0Y22  g_set[1].u_memory/memory_reg_uram_0/CLK
Min Period        n/a     URAM288/CLK  n/a            2.471         5.000       2.529      URAM288_X0Y23  g_set[1].u_memory/memory_reg_uram_1/CLK
Min Period        n/a     FDRE/C       n/a            0.550         5.000       4.450      SLICE_X44Y77   completed_fills_reg[0]/C
Min Period        n/a     FDRE/C       n/a            0.550         5.000       4.450      SLICE_X45Y78   completed_fills_reg[10]/C
Min Period        n/a     FDRE/C       n/a            0.550         5.000       4.450      SLICE_X45Y78   completed_fills_reg[11]/C
Min Period        n/a     FDRE/C       n/a            0.550         5.000       4.450      SLICE_X45Y78   completed_fills_reg[12]/C
Min Period        n/a     FDRE/C       n/a            0.550         5.000       4.450      SLICE_X45Y78   completed_fills_reg[13]/C
Min Period        n/a     FDRE/C       n/a            0.550         5.000       4.450      SLICE_X45Y78   completed_fills_reg[14]/C
Min Period        n/a     FDRE/C       n/a            0.550         5.000       4.450      SLICE_X45Y78   completed_fills_reg[15]/C
Min Period        n/a     FDRE/C       n/a            0.550         5.000       4.450      SLICE_X45Y77   completed_fills_reg[1]/C
Min Period        n/a     FDRE/C       n/a            0.550         5.000       4.450      SLICE_X45Y77   completed_fills_reg[2]/C
Min Period        n/a     FDRE/C       n/a            0.550         5.000       4.450      SLICE_X45Y77   completed_fills_reg[3]/C
Min Period        n/a     FDRE/C       n/a            0.550         5.000       4.450      SLICE_X45Y77   completed_fills_reg[4]/C
Min Period        n/a     FDRE/C       n/a            0.550         5.000       4.450      SLICE_X45Y77   completed_fills_reg[5]/C
Min Period        n/a     FDRE/C       n/a            0.550         5.000       4.450      SLICE_X45Y77   completed_fills_reg[6]/C
Min Period        n/a     FDRE/C       n/a            0.550         5.000       4.450      SLICE_X45Y77   completed_fills_reg[7]/C
Min Period        n/a     FDRE/C       n/a            0.550         5.000       4.450      SLICE_X45Y77   completed_fills_reg[8]/C
Min Period        n/a     FDRE/C       n/a            0.550         5.000       4.450      SLICE_X45Y78   completed_fills_reg[9]/C
Low Pulse Width   Slow    URAM288/CLK  n/a            0.800         2.500       1.700      URAM288_X0Y20  g_set[0].u_memory/memory_reg_uram_0/CLK
Low Pulse Width   Fast    URAM288/CLK  n/a            0.800         2.500       1.700      URAM288_X0Y20  g_set[0].u_memory/memory_reg_uram_0/CLK
Low Pulse Width   Slow    URAM288/CLK  n/a            0.800         2.500       1.700      URAM288_X0Y21  g_set[0].u_memory/memory_reg_uram_1/CLK
Low Pulse Width   Fast    URAM288/CLK  n/a            0.800         2.500       1.700      URAM288_X0Y21  g_set[0].u_memory/memory_reg_uram_1/CLK
Low Pulse Width   Slow    URAM288/CLK  n/a            0.800         2.500       1.700      URAM288_X0Y22  g_set[1].u_memory/memory_reg_uram_0/CLK
Low Pulse Width   Fast    URAM288/CLK  n/a            0.800         2.500       1.700      URAM288_X0Y22  g_set[1].u_memory/memory_reg_uram_0/CLK
Low Pulse Width   Slow    URAM288/CLK  n/a            0.800         2.500       1.700      URAM288_X0Y23  g_set[1].u_memory/memory_reg_uram_1/CLK
Low Pulse Width   Fast    URAM288/CLK  n/a            0.800         2.500       1.700      URAM288_X0Y23  g_set[1].u_memory/memory_reg_uram_1/CLK
Low Pulse Width   Slow    FDRE/C       n/a            0.275         2.500       2.225      SLICE_X44Y77   completed_fills_reg[0]/C
Low Pulse Width   Fast    FDRE/C       n/a            0.275         2.500       2.225      SLICE_X44Y77   completed_fills_reg[0]/C
Low Pulse Width   Slow    FDRE/C       n/a            0.275         2.500       2.225      SLICE_X45Y78   completed_fills_reg[10]/C
Low Pulse Width   Fast    FDRE/C       n/a            0.275         2.500       2.225      SLICE_X45Y78   completed_fills_reg[10]/C
Low Pulse Width   Slow    FDRE/C       n/a            0.275         2.500       2.225      SLICE_X45Y78   completed_fills_reg[11]/C
Low Pulse Width   Fast    FDRE/C       n/a            0.275         2.500       2.225      SLICE_X45Y78   completed_fills_reg[11]/C
Low Pulse Width   Slow    FDRE/C       n/a            0.275         2.500       2.225      SLICE_X45Y78   completed_fills_reg[12]/C
Low Pulse Width   Fast    FDRE/C       n/a            0.275         2.500       2.225      SLICE_X45Y78   completed_fills_reg[12]/C
Low Pulse Width   Slow    FDRE/C       n/a            0.275         2.500       2.225      SLICE_X45Y78   completed_fills_reg[13]/C
Low Pulse Width   Fast    FDRE/C       n/a            0.275         2.500       2.225      SLICE_X45Y78   completed_fills_reg[13]/C
Low Pulse Width   Slow    FDRE/C       n/a            0.275         2.500       2.225      SLICE_X45Y78   completed_fills_reg[14]/C
Low Pulse Width   Fast    FDRE/C       n/a            0.275         2.500       2.225      SLICE_X45Y78   completed_fills_reg[14]/C
High Pulse Width  Slow    URAM288/CLK  n/a            0.800         2.500       1.700      URAM288_X0Y20  g_set[0].u_memory/memory_reg_uram_0/CLK
High Pulse Width  Fast    URAM288/CLK  n/a            0.800         2.500       1.700      URAM288_X0Y20  g_set[0].u_memory/memory_reg_uram_0/CLK
High Pulse Width  Slow    URAM288/CLK  n/a            0.800         2.500       1.700      URAM288_X0Y21  g_set[0].u_memory/memory_reg_uram_1/CLK
High Pulse Width  Fast    URAM288/CLK  n/a            0.800         2.500       1.700      URAM288_X0Y21  g_set[0].u_memory/memory_reg_uram_1/CLK
High Pulse Width  Slow    URAM288/CLK  n/a            0.800         2.500       1.700      URAM288_X0Y22  g_set[1].u_memory/memory_reg_uram_0/CLK
High Pulse Width  Fast    URAM288/CLK  n/a            0.800         2.500       1.700      URAM288_X0Y22  g_set[1].u_memory/memory_reg_uram_0/CLK
High Pulse Width  Slow    URAM288/CLK  n/a            0.800         2.500       1.700      URAM288_X0Y23  g_set[1].u_memory/memory_reg_uram_1/CLK
High Pulse Width  Fast    URAM288/CLK  n/a            0.800         2.500       1.700      URAM288_X0Y23  g_set[1].u_memory/memory_reg_uram_1/CLK
High Pulse Width  Slow    FDRE/C       n/a            0.275         2.500       2.225      SLICE_X44Y77   completed_fills_reg[0]/C
High Pulse Width  Fast    FDRE/C       n/a            0.275         2.500       2.225      SLICE_X44Y77   completed_fills_reg[0]/C
High Pulse Width  Slow    FDRE/C       n/a            0.275         2.500       2.225      SLICE_X45Y78   completed_fills_reg[10]/C
High Pulse Width  Fast    FDRE/C       n/a            0.275         2.500       2.225      SLICE_X45Y78   completed_fills_reg[10]/C
High Pulse Width  Slow    FDRE/C       n/a            0.275         2.500       2.225      SLICE_X45Y78   completed_fills_reg[11]/C
High Pulse Width  Fast    FDRE/C       n/a            0.275         2.500       2.225      SLICE_X45Y78   completed_fills_reg[11]/C
High Pulse Width  Slow    FDRE/C       n/a            0.275         2.500       2.225      SLICE_X45Y78   completed_fills_reg[12]/C
High Pulse Width  Fast    FDRE/C       n/a            0.275         2.500       2.225      SLICE_X45Y78   completed_fills_reg[12]/C
High Pulse Width  Slow    FDRE/C       n/a            0.275         2.500       2.225      SLICE_X45Y78   completed_fills_reg[13]/C
High Pulse Width  Fast    FDRE/C       n/a            0.275         2.500       2.225      SLICE_X45Y78   completed_fills_reg[13]/C
High Pulse Width  Slow    FDRE/C       n/a            0.275         2.500       2.225      SLICE_X45Y78   completed_fills_reg[14]/C
High Pulse Width  Fast    FDRE/C       n/a            0.275         2.500       2.225      SLICE_X45Y78   completed_fills_reg[14]/C



