Copyright 1986-2022 Xilinx, Inc. All Rights Reserved. Copyright 2022-2025 Advanced Micro Devices, Inc. All Rights Reserved.
------------------------------------------------------------------------------------------------------------------------------------------------------------------------------------------------------------------------------------------
| Tool Version      : Vivado v.2025.2 (lin64) Build 6299465 Fri Nov 14 12:34:56 MST 2025
| Date              : Tue Sep 15 14:04:21 2026
| Host              : jian-ThinkBook-16-G9-AHP running 64-bit Ubuntu 24.04.4 LTS
| Command           : report_timing -delay_type max -max_paths 20 -sort_by group -file /home/jian/Documents/Codex/2026-09-09/https-github-com-do-hyun-y/work/lenet5-kv260-final/alexnet/reports/m16_patch_pingpong/200mhz/worst_setup.rpt
| Design            : alexnet_m16_patch_pingpong
| Device            : xck26-sfvc784
| Speed File        : -2LV  PRODUCTION 1.30 05-15-2022
| Design State      : Routed
| Temperature Grade : C
------------------------------------------------------------------------------------------------------------------------------------------------------------------------------------------------------------------------------------------

Timing Report

Slack (MET) :             0.434ns  (required time - arrival time)
  Source:                 replay_k_count[0]
                            (input port clocked by clk  {rise@0.000ns fall@2.500ns period=5.000ns})
  Destination:            g_set[0].u_memory/memory_reg_uram_0/EN_A
                            (rising edge-triggered cell URAM288 clocked by clk  {rise@0.000ns fall@2.500ns period=5.000ns})
  Path Group:             clk
  Path Type:              Setup (Max at Slow Process Corner)
  Requirement:            5.000ns  (clk rise@5.000ns - clk rise@0.000ns)
  Data Path Delay:        2.986ns  (logic 0.930ns (31.142%)  route 2.056ns (68.858%))
  Logic Levels:           9  (CARRY8=1 LUT4=1 LUT5=1 LUT6=6)
  Input Delay:            1.000ns
  Clock Path Skew:        0.085ns (DCD - SCD + CPR)
    Destination Clock Delay (DCD):    0.085ns = ( 5.085 - 5.000 ) 
    Source Clock Delay      (SCD):    0.000ns
    Clock Pessimism Removal (CPR):    0.000ns
  Clock Uncertainty:      0.035ns  ((TSJ^2 + TIJ^2)^1/2 + DJ) / 2 + PE
    Total System Jitter     (TSJ):    0.071ns
    Total Input Jitter      (TIJ):    0.000ns
    Discrete Jitter          (DJ):    0.000ns
    Phase Error              (PE):    0.000ns

    Location             Delay type                Incr(ns)  Path(ns)    Netlist Resource(s)
  -------------------------------------------------------------------    -------------------
                         (clock clk rise edge)        0.000     0.000 r  
                         input delay                  1.000     1.000    
                                                      0.000     1.000 r  replay_k_count[0] (IN)
                         net (fo=3, unset)            0.000     1.000    g_set[1].u_memory/replay_k_count[0]
    SLICE_X44Y81         LUT6 (Prop_F6LUT_SLICEL_I1_O)
                                                      0.187     1.187 r  g_set[1].u_memory/replay_ready_INST_0_i_31/O
                         net (fo=1, routed)           0.252     1.439    g_set[1].u_memory/replay_ready_INST_0_i_31_n_0
    SLICE_X44Y81         LUT6 (Prop_D6LUT_SLICEL_I4_O)
                                                      0.081     1.520 r  g_set[1].u_memory/replay_ready_INST_0_i_18/O
                         net (fo=1, routed)           0.313     1.833    g_set[1].u_memory/replay_set_q8
    SLICE_X43Y85         LUT6 (Prop_B6LUT_SLICEM_I3_O)
                                                      0.082     1.915 r  g_set[1].u_memory/replay_ready_INST_0_i_5/O
                         net (fo=22, routed)          0.117     2.032    g_set[1].u_memory/replay_set_q5
    SLICE_X43Y84         LUT4 (Prop_D6LUT_SLICEM_I2_O)
                                                      0.080     2.112 r  g_set[1].u_memory/patch_valid_i_2/O
                         net (fo=40, routed)          0.399     2.511    g_set[1].u_memory/replay_fire
    SLICE_X44Y81         LUT6 (Prop_E6LUT_SLICEL_I3_O)
                                                      0.057     2.568 r  g_set[1].u_memory/reads_issued_q[12]_i_27/O
                         net (fo=1, routed)           0.052     2.620    g_set[1].u_memory/reads_issued_q[12]_i_27_n_0
    SLICE_X44Y81         LUT5 (Prop_A6LUT_SLICEL_I0_O)
                                                      0.082     2.702 r  g_set[1].u_memory/reads_issued_q[12]_i_11/O
                         net (fo=1, routed)           0.176     2.878    g_set[1].u_memory/reads_issued_q[12]_i_11_n_0
    SLICE_X44Y83         CARRY8 (Prop_CARRY8_SLICEL_DI[2]_CO[6])
                                                      0.225     3.103 r  g_set[1].u_memory/reads_issued_q_reg[12]_i_4/CO[6]
                         net (fo=3, routed)           0.311     3.414    g_set[1].u_memory/CO[0]
    SLICE_X43Y83         LUT6 (Prop_F6LUT_SLICEM_I5_O)
                                                      0.056     3.470 r  g_set[1].u_memory/memory_reg_uram_0_i_75/O
                         net (fo=16, routed)          0.128     3.598    g_set[0].u_memory/issue_read
    SLICE_X43Y81         LUT6 (Prop_F6LUT_SLICEM_I5_O)
                                                      0.080     3.678 r  g_set[0].u_memory/memory_reg_uram_0_i_1/O
                         net (fo=2, routed)           0.308     3.986    g_set[0].u_memory/memory_read_enable[0]
    URAM288_X0Y20        URAM288                                      r  g_set[0].u_memory/memory_reg_uram_0/EN_A
  -------------------------------------------------------------------    -------------------

                         (clock clk rise edge)        5.000     5.000 r  
                                                      0.000     5.000 r  clk (IN)
                         net (fo=364, unset)          0.085     5.085    g_set[0].u_memory/clk
    URAM288_X0Y20        URAM288                                      r  g_set[0].u_memory/memory_reg_uram_0/CLK
                         clock pessimism              0.000     5.085    
                         clock uncertainty           -0.035     5.050    
    URAM288_X0Y20        URAM288 (Setup_URAM_288K_INST_URAM288_CLK_EN_A)
                                                     -0.629     4.421    g_set[0].u_memory/memory_reg_uram_0
  -------------------------------------------------------------------
                         required time                          4.421    
                         arrival time                          -3.986    
  -------------------------------------------------------------------
                         slack                                  0.434    

Slack (MET) :             0.463ns  (required time - arrival time)
  Source:                 replay_k_count[0]
                            (input port clocked by clk  {rise@0.000ns fall@2.500ns period=5.000ns})
  Destination:            g_set[0].u_memory/memory_reg_uram_1/EN_A
                            (rising edge-triggered cell URAM288 clocked by clk  {rise@0.000ns fall@2.500ns period=5.000ns})
  Path Group:             clk
  Path Type:              Setup (Max at Slow Process Corner)
  Requirement:            5.000ns  (clk rise@5.000ns - clk rise@0.000ns)
  Data Path Delay:        2.957ns  (logic 0.930ns (31.447%)  route 2.027ns (68.553%))
  Logic Levels:           9  (CARRY8=1 LUT4=1 LUT5=1 LUT6=6)
  Input Delay:            1.000ns
  Clock Path Skew:        0.085ns (DCD - SCD + CPR)
    Destination Clock Delay (DCD):    0.085ns = ( 5.085 - 5.000 ) 
    Source Clock Delay      (SCD):    0.000ns
    Clock Pessimism Removal (CPR):    0.000ns
  Clock Uncertainty:      0.035ns  ((TSJ^2 + TIJ^2)^1/2 + DJ) / 2 + PE
    Total System Jitter     (TSJ):    0.071ns
    Total Input Jitter      (TIJ):    0.000ns
    Discrete Jitter          (DJ):    0.000ns
    Phase Error              (PE):    0.000ns

    Location             Delay type                Incr(ns)  Path(ns)    Netlist Resource(s)
  -------------------------------------------------------------------    -------------------
                         (clock clk rise edge)        0.000     0.000 r  
                         input delay                  1.000     1.000    
                                                      0.000     1.000 r  replay_k_count[0] (IN)
                         net (fo=3, unset)            0.000     1.000    g_set[1].u_memory/replay_k_count[0]
    SLICE_X44Y81         LUT6 (Prop_F6LUT_SLICEL_I1_O)
                                                      0.187     1.187 r  g_set[1].u_memory/replay_ready_INST_0_i_31/O
                         net (fo=1, routed)           0.252     1.439    g_set[1].u_memory/replay_ready_INST_0_i_31_n_0
    SLICE_X44Y81         LUT6 (Prop_D6LUT_SLICEL_I4_O)
                                                      0.081     1.520 r  g_set[1].u_memory/replay_ready_INST_0_i_18/O
                         net (fo=1, routed)           0.313     1.833    g_set[1].u_memory/replay_set_q8
    SLICE_X43Y85         LUT6 (Prop_B6LUT_SLICEM_I3_O)
                                                      0.082     1.915 r  g_set[1].u_memory/replay_ready_INST_0_i_5/O
                         net (fo=22, routed)          0.117     2.032    g_set[1].u_memory/replay_set_q5
    SLICE_X43Y84         LUT4 (Prop_D6LUT_SLICEM_I2_O)
                                                      0.080     2.112 r  g_set[1].u_memory/patch_valid_i_2/O
                         net (fo=40, routed)          0.399     2.511    g_set[1].u_memory/replay_fire
    SLICE_X44Y81         LUT6 (Prop_E6LUT_SLICEL_I3_O)
                                                      0.057     2.568 r  g_set[1].u_memory/reads_issued_q[12]_i_27/O
                         net (fo=1, routed)           0.052     2.620    g_set[1].u_memory/reads_issued_q[12]_i_27_n_0
    SLICE_X44Y81         LUT5 (Prop_A6LUT_SLICEL_I0_O)
                                                      0.082     2.702 r  g_set[1].u_memory/reads_issued_q[12]_i_11/O
                         net (fo=1, routed)           0.176     2.878    g_set[1].u_memory/reads_issued_q[12]_i_11_n_0
    SLICE_X44Y83         CARRY8 (Prop_CARRY8_SLICEL_DI[2]_CO[6])
                                                      0.225     3.103 r  g_set[1].u_memory/reads_issued_q_reg[12]_i_4/CO[6]
                         net (fo=3, routed)           0.311     3.414    g_set[1].u_memory/CO[0]
    SLICE_X43Y83         LUT6 (Prop_F6LUT_SLICEM_I5_O)
                                                      0.056     3.470 r  g_set[1].u_memory/memory_reg_uram_0_i_75/O
                         net (fo=16, routed)          0.128     3.598    g_set[0].u_memory/issue_read
    SLICE_X43Y81         LUT6 (Prop_F6LUT_SLICEM_I5_O)
                                                      0.080     3.678 r  g_set[0].u_memory/memory_reg_uram_0_i_1/O
                         net (fo=2, routed)           0.279     3.957    g_set[0].u_memory/memory_read_enable[0]
    URAM288_X0Y21        URAM288                                      r  g_set[0].u_memory/memory_reg_uram_1/EN_A
  -------------------------------------------------------------------    -------------------

                         (clock clk rise edge)        5.000     5.000 r  
                                                      0.000     5.000 r  clk (IN)
                         net (fo=364, unset)          0.085     5.085    g_set[0].u_memory/clk
    URAM288_X0Y21        URAM288                                      r  g_set[0].u_memory/memory_reg_uram_1/CLK
                         clock pessimism              0.000     5.085    
                         clock uncertainty           -0.035     5.050    
    URAM288_X0Y21        URAM288 (Setup_URAM_288K_INST_URAM288_CLK_EN_A)
                                                     -0.629     4.421    g_set[0].u_memory/memory_reg_uram_1
  -------------------------------------------------------------------
                         required time                          4.421    
                         arrival time                          -3.957    
  -------------------------------------------------------------------
                         slack                                  0.463    

Slack (MET) :             0.482ns  (required time - arrival time)
  Source:                 replay_k_count[0]
                            (input port clocked by clk  {rise@0.000ns fall@2.500ns period=5.000ns})
  Destination:            g_set[1].u_memory/memory_reg_uram_1/EN_A
                            (rising edge-triggered cell URAM288 clocked by clk  {rise@0.000ns fall@2.500ns period=5.000ns})
  Path Group:             clk
  Path Type:              Setup (Max at Slow Process Corner)
  Requirement:            5.000ns  (clk rise@5.000ns - clk rise@0.000ns)
  Data Path Delay:        2.939ns  (logic 0.906ns (30.830%)  route 2.033ns (69.170%))
  Logic Levels:           9  (CARRY8=1 LUT4=1 LUT5=1 LUT6=6)
  Input Delay:            1.000ns
  Clock Path Skew:        0.085ns (DCD - SCD + CPR)
    Destination Clock Delay (DCD):    0.085ns = ( 5.085 - 5.000 ) 
    Source Clock Delay      (SCD):    0.000ns
    Clock Pessimism Removal (CPR):    0.000ns
  Clock Uncertainty:      0.035ns  ((TSJ^2 + TIJ^2)^1/2 + DJ) / 2 + PE
    Total System Jitter     (TSJ):    0.071ns
    Total Input Jitter      (TIJ):    0.000ns
    Discrete Jitter          (DJ):    0.000ns
    Phase Error              (PE):    0.000ns

    Location             Delay type                Incr(ns)  Path(ns)    Netlist Resource(s)
  -------------------------------------------------------------------    -------------------
                         (clock clk rise edge)        0.000     0.000 r  
                         input delay                  1.000     1.000    
                                                      0.000     1.000 r  replay_k_count[0] (IN)
                         net (fo=3, unset)            0.000     1.000    g_set[1].u_memory/replay_k_count[0]
    SLICE_X44Y81         LUT6 (Prop_F6LUT_SLICEL_I1_O)
                                                      0.187     1.187 r  g_set[1].u_memory/replay_ready_INST_0_i_31/O
                         net (fo=1, routed)           0.252     1.439    g_set[1].u_memory/replay_ready_INST_0_i_31_n_0
    SLICE_X44Y81         LUT6 (Prop_D6LUT_SLICEL_I4_O)
                                                      0.081     1.520 r  g_set[1].u_memory/replay_ready_INST_0_i_18/O
                         net (fo=1, routed)           0.313     1.833    g_set[1].u_memory/replay_set_q8
    SLICE_X43Y85         LUT6 (Prop_B6LUT_SLICEM_I3_O)
                                                      0.082     1.915 r  g_set[1].u_memory/replay_ready_INST_0_i_5/O
                         net (fo=22, routed)          0.117     2.032    g_set[1].u_memory/replay_set_q5
    SLICE_X43Y84         LUT4 (Prop_D6LUT_SLICEM_I2_O)
                                                      0.080     2.112 r  g_set[1].u_memory/patch_valid_i_2/O
                         net (fo=40, routed)          0.399     2.511    g_set[1].u_memory/replay_fire
    SLICE_X44Y81         LUT6 (Prop_E6LUT_SLICEL_I3_O)
                                                      0.057     2.568 r  g_set[1].u_memory/reads_issued_q[12]_i_27/O
                         net (fo=1, routed)           0.052     2.620    g_set[1].u_memory/reads_issued_q[12]_i_27_n_0
    SLICE_X44Y81         LUT5 (Prop_A6LUT_SLICEL_I0_O)
                                                      0.082     2.702 r  g_set[1].u_memory/reads_issued_q[12]_i_11/O
                         net (fo=1, routed)           0.176     2.878    g_set[1].u_memory/reads_issued_q[12]_i_11_n_0
    SLICE_X44Y83         CARRY8 (Prop_CARRY8_SLICEL_DI[2]_CO[6])
                                                      0.225     3.103 r  g_set[1].u_memory/reads_issued_q_reg[12]_i_4/CO[6]
                         net (fo=3, routed)           0.311     3.414    g_set[1].u_memory/CO[0]
    SLICE_X43Y83         LUT6 (Prop_F6LUT_SLICEM_I5_O)
                                                      0.056     3.470 r  g_set[1].u_memory/memory_reg_uram_0_i_75/O
                         net (fo=16, routed)          0.106     3.576    g_set[1].u_memory/issue_read
    SLICE_X43Y84         LUT6 (Prop_F6LUT_SLICEM_I5_O)
                                                      0.056     3.632 r  g_set[1].u_memory/memory_reg_uram_0_i_1__0/O
                         net (fo=2, routed)           0.307     3.939    g_set[1].u_memory/memory_read_enable[1]
    URAM288_X0Y23        URAM288                                      r  g_set[1].u_memory/memory_reg_uram_1/EN_A
  -------------------------------------------------------------------    -------------------

                         (clock clk rise edge)        5.000     5.000 r  
                                                      0.000     5.000 r  clk (IN)
                         net (fo=364, unset)          0.085     5.085    g_set[1].u_memory/clk
    URAM288_X0Y23        URAM288                                      r  g_set[1].u_memory/memory_reg_uram_1/CLK
                         clock pessimism              0.000     5.085    
                         clock uncertainty           -0.035     5.050    
    URAM288_X0Y23        URAM288 (Setup_URAM_288K_INST_URAM288_CLK_EN_A)
                                                     -0.629     4.421    g_set[1].u_memory/memory_reg_uram_1
  -------------------------------------------------------------------
                         required time                          4.421    
                         arrival time                          -3.939    
  -------------------------------------------------------------------
                         slack                                  0.482    

Slack (MET) :             0.510ns  (required time - arrival time)
  Source:                 replay_k_count[0]
                            (input port clocked by clk  {rise@0.000ns fall@2.500ns period=5.000ns})
  Destination:            g_set[1].u_memory/memory_reg_uram_0/EN_A
                            (rising edge-triggered cell URAM288 clocked by clk  {rise@0.000ns fall@2.500ns period=5.000ns})
  Path Group:             clk
  Path Type:              Setup (Max at Slow Process Corner)
  Requirement:            5.000ns  (clk rise@5.000ns - clk rise@0.000ns)
  Data Path Delay:        2.911ns  (logic 0.906ns (31.127%)  route 2.005ns (68.873%))
  Logic Levels:           9  (CARRY8=1 LUT4=1 LUT5=1 LUT6=6)
  Input Delay:            1.000ns
  Clock Path Skew:        0.085ns (DCD - SCD + CPR)
    Destination Clock Delay (DCD):    0.085ns = ( 5.085 - 5.000 ) 
    Source Clock Delay      (SCD):    0.000ns
    Clock Pessimism Removal (CPR):    0.000ns
  Clock Uncertainty:      0.035ns  ((TSJ^2 + TIJ^2)^1/2 + DJ) / 2 + PE
    Total System Jitter     (TSJ):    0.071ns
    Total Input Jitter      (TIJ):    0.000ns
    Discrete Jitter          (DJ):    0.000ns
    Phase Error              (PE):    0.000ns

    Location             Delay type                Incr(ns)  Path(ns)    Netlist Resource(s)
  -------------------------------------------------------------------    -------------------
                         (clock clk rise edge)        0.000     0.000 r  
                         input delay                  1.000     1.000    
                                                      0.000     1.000 r  replay_k_count[0] (IN)
                         net (fo=3, unset)            0.000     1.000    g_set[1].u_memory/replay_k_count[0]
    SLICE_X44Y81         LUT6 (Prop_F6LUT_SLICEL_I1_O)
                                                      0.187     1.187 r  g_set[1].u_memory/replay_ready_INST_0_i_31/O
                         net (fo=1, routed)           0.252     1.439    g_set[1].u_memory/replay_ready_INST_0_i_31_n_0
    SLICE_X44Y81         LUT6 (Prop_D6LUT_SLICEL_I4_O)
                                                      0.081     1.520 r  g_set[1].u_memory/replay_ready_INST_0_i_18/O
                         net (fo=1, routed)           0.313     1.833    g_set[1].u_memory/replay_set_q8
    SLICE_X43Y85         LUT6 (Prop_B6LUT_SLICEM_I3_O)
                                                      0.082     1.915 r  g_set[1].u_memory/replay_ready_INST_0_i_5/O
                         net (fo=22, routed)          0.117     2.032    g_set[1].u_memory/replay_set_q5
    SLICE_X43Y84         LUT4 (Prop_D6LUT_SLICEM_I2_O)
                                                      0.080     2.112 r  g_set[1].u_memory/patch_valid_i_2/O
                         net (fo=40, routed)          0.399     2.511    g_set[1].u_memory/replay_fire
    SLICE_X44Y81         LUT6 (Prop_E6LUT_SLICEL_I3_O)
                                                      0.057     2.568 r  g_set[1].u_memory/reads_issued_q[12]_i_27/O
                         net (fo=1, routed)           0.052     2.620    g_set[1].u_memory/reads_issued_q[12]_i_27_n_0
    SLICE_X44Y81         LUT5 (Prop_A6LUT_SLICEL_I0_O)
                                                      0.082     2.702 r  g_set[1].u_memory/reads_issued_q[12]_i_11/O
                         net (fo=1, routed)           0.176     2.878    g_set[1].u_memory/reads_issued_q[12]_i_11_n_0
    SLICE_X44Y83         CARRY8 (Prop_CARRY8_SLICEL_DI[2]_CO[6])
                                                      0.225     3.103 r  g_set[1].u_memory/reads_issued_q_reg[12]_i_4/CO[6]
                         net (fo=3, routed)           0.311     3.414    g_set[1].u_memory/CO[0]
    SLICE_X43Y83         LUT6 (Prop_F6LUT_SLICEM_I5_O)
                                                      0.056     3.470 r  g_set[1].u_memory/memory_reg_uram_0_i_75/O
                         net (fo=16, routed)          0.106     3.576    g_set[1].u_memory/issue_read
    SLICE_X43Y84         LUT6 (Prop_F6LUT_SLICEM_I5_O)
                                                      0.056     3.632 r  g_set[1].u_memory/memory_reg_uram_0_i_1__0/O
                         net (fo=2, routed)           0.279     3.911    g_set[1].u_memory/memory_read_enable[1]
    URAM288_X0Y22        URAM288                                      r  g_set[1].u_memory/memory_reg_uram_0/EN_A
  -------------------------------------------------------------------    -------------------

                         (clock clk rise edge)        5.000     5.000 r  
                                                      0.000     5.000 r  clk (IN)
                         net (fo=364, unset)          0.085     5.085    g_set[1].u_memory/clk
    URAM288_X0Y22        URAM288                                      r  g_set[1].u_memory/memory_reg_uram_0/CLK
                         clock pessimism              0.000     5.085    
                         clock uncertainty           -0.035     5.050    
    URAM288_X0Y22        URAM288 (Setup_URAM_288K_INST_URAM288_CLK_EN_A)
                                                     -0.629     4.421    g_set[1].u_memory/memory_reg_uram_0
  -------------------------------------------------------------------
                         required time                          4.421    
                         arrival time                          -3.911    
  -------------------------------------------------------------------
                         slack                                  0.510    

Slack (MET) :             0.977ns  (required time - arrival time)
  Source:                 replay_k_count[0]
                            (input port clocked by clk  {rise@0.000ns fall@2.500ns period=5.000ns})
  Destination:            pending_k_q_reg[0]/CE
                            (rising edge-triggered cell FDRE clocked by clk  {rise@0.000ns fall@2.500ns period=5.000ns})
  Path Group:             clk
  Path Type:              Setup (Max at Slow Process Corner)
  Requirement:            5.000ns  (clk rise@5.000ns - clk rise@0.000ns)
  Data Path Delay:        2.938ns  (logic 0.947ns (32.234%)  route 1.991ns (67.766%))
  Logic Levels:           8  (CARRY8=1 LUT4=1 LUT5=1 LUT6=5)
  Input Delay:            1.000ns
  Clock Path Skew:        0.030ns (DCD - SCD + CPR)
    Destination Clock Delay (DCD):    0.030ns = ( 5.030 - 5.000 ) 
    Source Clock Delay      (SCD):    0.000ns
    Clock Pessimism Removal (CPR):    0.000ns
  Clock Uncertainty:      0.035ns  ((TSJ^2 + TIJ^2)^1/2 + DJ) / 2 + PE
    Total System Jitter     (TSJ):    0.071ns
    Total Input Jitter      (TIJ):    0.000ns
    Discrete Jitter          (DJ):    0.000ns
    Phase Error              (PE):    0.000ns

    Location             Delay type                Incr(ns)  Path(ns)    Netlist Resource(s)
  -------------------------------------------------------------------    -------------------
                         (clock clk rise edge)        0.000     0.000 r  
                         input delay                  1.000     1.000    
                                                      0.000     1.000 r  replay_k_count[0] (IN)
                         net (fo=3, unset)            0.000     1.000    g_set[1].u_memory/replay_k_count[0]
    SLICE_X44Y81         LUT6 (Prop_F6LUT_SLICEL_I1_O)
                                                      0.187     1.187 r  g_set[1].u_memory/replay_ready_INST_0_i_31/O
                         net (fo=1, routed)           0.252     1.439    g_set[1].u_memory/replay_ready_INST_0_i_31_n_0
    SLICE_X44Y81         LUT6 (Prop_D6LUT_SLICEL_I4_O)
                                                      0.081     1.520 r  g_set[1].u_memory/replay_ready_INST_0_i_18/O
                         net (fo=1, routed)           0.313     1.833    g_set[1].u_memory/replay_set_q8
    SLICE_X43Y85         LUT6 (Prop_B6LUT_SLICEM_I3_O)
                                                      0.082     1.915 r  g_set[1].u_memory/replay_ready_INST_0_i_5/O
                         net (fo=22, routed)          0.117     2.032    g_set[1].u_memory/replay_set_q5
    SLICE_X43Y84         LUT4 (Prop_D6LUT_SLICEM_I2_O)
                                                      0.080     2.112 r  g_set[1].u_memory/patch_valid_i_2/O
                         net (fo=40, routed)          0.399     2.511    g_set[1].u_memory/replay_fire
    SLICE_X44Y81         LUT6 (Prop_E6LUT_SLICEL_I3_O)
                                                      0.057     2.568 r  g_set[1].u_memory/reads_issued_q[12]_i_27/O
                         net (fo=1, routed)           0.052     2.620    g_set[1].u_memory/reads_issued_q[12]_i_27_n_0
    SLICE_X44Y81         LUT5 (Prop_A6LUT_SLICEL_I0_O)
                                                      0.082     2.702 r  g_set[1].u_memory/reads_issued_q[12]_i_11/O
                         net (fo=1, routed)           0.176     2.878    g_set[1].u_memory/reads_issued_q[12]_i_11_n_0
    SLICE_X44Y83         CARRY8 (Prop_CARRY8_SLICEL_DI[2]_CO[6])
                                                      0.225     3.103 r  g_set[1].u_memory/reads_issued_q_reg[12]_i_4/CO[6]
                         net (fo=3, routed)           0.375     3.478    g_set[1].u_memory_n_0
    SLICE_X42Y83         LUT6 (Prop_H6LUT_SLICEL_I5_O)
                                                      0.153     3.631 r  pending_k_q[11]_i_1/O
                         net (fo=13, routed)          0.307     3.938    pending_k_q
    SLICE_X43Y84         FDRE                                         r  pending_k_q_reg[0]/CE
  -------------------------------------------------------------------    -------------------

                         (clock clk rise edge)        5.000     5.000 r  
                                                      0.000     5.000 r  clk (IN)
                         net (fo=364, unset)          0.030     5.030    clk
    SLICE_X43Y84         FDRE                                         r  pending_k_q_reg[0]/C
                         clock pessimism              0.000     5.030    
                         clock uncertainty           -0.035     4.995    
    SLICE_X43Y84         FDRE (Setup_DFF_SLICEM_C_CE)
                                                     -0.080     4.915    pending_k_q_reg[0]
  -------------------------------------------------------------------
                         required time                          4.915    
                         arrival time                          -3.938    
  -------------------------------------------------------------------
                         slack                                  0.977    

Slack (MET) :             0.977ns  (required time - arrival time)
  Source:                 replay_k_count[0]
                            (input port clocked by clk  {rise@0.000ns fall@2.500ns period=5.000ns})
  Destination:            pending_k_q_reg[10]/CE
                            (rising edge-triggered cell FDRE clocked by clk  {rise@0.000ns fall@2.500ns period=5.000ns})
  Path Group:             clk
  Path Type:              Setup (Max at Slow Process Corner)
  Requirement:            5.000ns  (clk rise@5.000ns - clk rise@0.000ns)
  Data Path Delay:        2.938ns  (logic 0.947ns (32.234%)  route 1.991ns (67.766%))
  Logic Levels:           8  (CARRY8=1 LUT4=1 LUT5=1 LUT6=5)
  Input Delay:            1.000ns
  Clock Path Skew:        0.030ns (DCD - SCD + CPR)
    Destination Clock Delay (DCD):    0.030ns = ( 5.030 - 5.000 ) 
    Source Clock Delay      (SCD):    0.000ns
    Clock Pessimism Removal (CPR):    0.000ns
  Clock Uncertainty:      0.035ns  ((TSJ^2 + TIJ^2)^1/2 + DJ) / 2 + PE
    Total System Jitter     (TSJ):    0.071ns
    Total Input Jitter      (TIJ):    0.000ns
    Discrete Jitter          (DJ):    0.000ns
    Phase Error              (PE):    0.000ns

    Location             Delay type                Incr(ns)  Path(ns)    Netlist Resource(s)
  -------------------------------------------------------------------    -------------------
                         (clock clk rise edge)        0.000     0.000 r  
                         input delay                  1.000     1.000    
                                                      0.000     1.000 r  replay_k_count[0] (IN)
                         net (fo=3, unset)            0.000     1.000    g_set[1].u_memory/replay_k_count[0]
    SLICE_X44Y81         LUT6 (Prop_F6LUT_SLICEL_I1_O)
                                                      0.187     1.187 r  g_set[1].u_memory/replay_ready_INST_0_i_31/O
                         net (fo=1, routed)           0.252     1.439    g_set[1].u_memory/replay_ready_INST_0_i_31_n_0
    SLICE_X44Y81         LUT6 (Prop_D6LUT_SLICEL_I4_O)
                                                      0.081     1.520 r  g_set[1].u_memory/replay_ready_INST_0_i_18/O
                         net (fo=1, routed)           0.313     1.833    g_set[1].u_memory/replay_set_q8
    SLICE_X43Y85         LUT6 (Prop_B6LUT_SLICEM_I3_O)
                                                      0.082     1.915 r  g_set[1].u_memory/replay_ready_INST_0_i_5/O
                         net (fo=22, routed)          0.117     2.032    g_set[1].u_memory/replay_set_q5
    SLICE_X43Y84         LUT4 (Prop_D6LUT_SLICEM_I2_O)
                                                      0.080     2.112 r  g_set[1].u_memory/patch_valid_i_2/O
                         net (fo=40, routed)          0.399     2.511    g_set[1].u_memory/replay_fire
    SLICE_X44Y81         LUT6 (Prop_E6LUT_SLICEL_I3_O)
                                                      0.057     2.568 r  g_set[1].u_memory/reads_issued_q[12]_i_27/O
                         net (fo=1, routed)           0.052     2.620    g_set[1].u_memory/reads_issued_q[12]_i_27_n_0
    SLICE_X44Y81         LUT5 (Prop_A6LUT_SLICEL_I0_O)
                                                      0.082     2.702 r  g_set[1].u_memory/reads_issued_q[12]_i_11/O
                         net (fo=1, routed)           0.176     2.878    g_set[1].u_memory/reads_issued_q[12]_i_11_n_0
    SLICE_X44Y83         CARRY8 (Prop_CARRY8_SLICEL_DI[2]_CO[6])
                                                      0.225     3.103 r  g_set[1].u_memory/reads_issued_q_reg[12]_i_4/CO[6]
                         net (fo=3, routed)           0.375     3.478    g_set[1].u_memory_n_0
    SLICE_X42Y83         LUT6 (Prop_H6LUT_SLICEL_I5_O)
                                                      0.153     3.631 r  pending_k_q[11]_i_1/O
                         net (fo=13, routed)          0.307     3.938    pending_k_q
    SLICE_X43Y84         FDRE                                         r  pending_k_q_reg[10]/CE
  -------------------------------------------------------------------    -------------------

                         (clock clk rise edge)        5.000     5.000 r  
                                                      0.000     5.000 r  clk (IN)
                         net (fo=364, unset)          0.030     5.030    clk
    SLICE_X43Y84         FDRE                                         r  pending_k_q_reg[10]/C
                         clock pessimism              0.000     5.030    
                         clock uncertainty           -0.035     4.995    
    SLICE_X43Y84         FDRE (Setup_CFF_SLICEM_C_CE)
                                                     -0.080     4.915    pending_k_q_reg[10]
  -------------------------------------------------------------------
                         required time                          4.915    
                         arrival time                          -3.938    
  -------------------------------------------------------------------
                         slack                                  0.977    

Slack (MET) :             0.977ns  (required time - arrival time)
  Source:                 replay_k_count[0]
                            (input port clocked by clk  {rise@0.000ns fall@2.500ns period=5.000ns})
  Destination:            pending_k_q_reg[7]/CE
                            (rising edge-triggered cell FDRE clocked by clk  {rise@0.000ns fall@2.500ns period=5.000ns})
  Path Group:             clk
  Path Type:              Setup (Max at Slow Process Corner)
  Requirement:            5.000ns  (clk rise@5.000ns - clk rise@0.000ns)
  Data Path Delay:        2.938ns  (logic 0.947ns (32.234%)  route 1.991ns (67.766%))
  Logic Levels:           8  (CARRY8=1 LUT4=1 LUT5=1 LUT6=5)
  Input Delay:            1.000ns
  Clock Path Skew:        0.030ns (DCD - SCD + CPR)
    Destination Clock Delay (DCD):    0.030ns = ( 5.030 - 5.000 ) 
    Source Clock Delay      (SCD):    0.000ns
    Clock Pessimism Removal (CPR):    0.000ns
  Clock Uncertainty:      0.035ns  ((TSJ^2 + TIJ^2)^1/2 + DJ) / 2 + PE
    Total System Jitter     (TSJ):    0.071ns
    Total Input Jitter      (TIJ):    0.000ns
    Discrete Jitter          (DJ):    0.000ns
    Phase Error              (PE):    0.000ns

    Location             Delay type                Incr(ns)  Path(ns)    Netlist Resource(s)
  -------------------------------------------------------------------    -------------------
                         (clock clk rise edge)        0.000     0.000 r  
                         input delay                  1.000     1.000    
                                                      0.000     1.000 r  replay_k_count[0] (IN)
                         net (fo=3, unset)            0.000     1.000    g_set[1].u_memory/replay_k_count[0]
    SLICE_X44Y81         LUT6 (Prop_F6LUT_SLICEL_I1_O)
                                                      0.187     1.187 r  g_set[1].u_memory/replay_ready_INST_0_i_31/O
                         net (fo=1, routed)           0.252     1.439    g_set[1].u_memory/replay_ready_INST_0_i_31_n_0
    SLICE_X44Y81         LUT6 (Prop_D6LUT_SLICEL_I4_O)
                                                      0.081     1.520 r  g_set[1].u_memory/replay_ready_INST_0_i_18/O
                         net (fo=1, routed)           0.313     1.833    g_set[1].u_memory/replay_set_q8
    SLICE_X43Y85         LUT6 (Prop_B6LUT_SLICEM_I3_O)
                                                      0.082     1.915 r  g_set[1].u_memory/replay_ready_INST_0_i_5/O
                         net (fo=22, routed)          0.117     2.032    g_set[1].u_memory/replay_set_q5
    SLICE_X43Y84         LUT4 (Prop_D6LUT_SLICEM_I2_O)
                                                      0.080     2.112 r  g_set[1].u_memory/patch_valid_i_2/O
                         net (fo=40, routed)          0.399     2.511    g_set[1].u_memory/replay_fire
    SLICE_X44Y81         LUT6 (Prop_E6LUT_SLICEL_I3_O)
                                                      0.057     2.568 r  g_set[1].u_memory/reads_issued_q[12]_i_27/O
                         net (fo=1, routed)           0.052     2.620    g_set[1].u_memory/reads_issued_q[12]_i_27_n_0
    SLICE_X44Y81         LUT5 (Prop_A6LUT_SLICEL_I0_O)
                                                      0.082     2.702 r  g_set[1].u_memory/reads_issued_q[12]_i_11/O
                         net (fo=1, routed)           0.176     2.878    g_set[1].u_memory/reads_issued_q[12]_i_11_n_0
    SLICE_X44Y83         CARRY8 (Prop_CARRY8_SLICEL_DI[2]_CO[6])
                                                      0.225     3.103 r  g_set[1].u_memory/reads_issued_q_reg[12]_i_4/CO[6]
                         net (fo=3, routed)           0.375     3.478    g_set[1].u_memory_n_0
    SLICE_X42Y83         LUT6 (Prop_H6LUT_SLICEL_I5_O)
                                                      0.153     3.631 r  pending_k_q[11]_i_1/O
                         net (fo=13, routed)          0.307     3.938    pending_k_q
    SLICE_X43Y84         FDRE                                         r  pending_k_q_reg[7]/CE
  -------------------------------------------------------------------    -------------------

                         (clock clk rise edge)        5.000     5.000 r  
                                                      0.000     5.000 r  clk (IN)
                         net (fo=364, unset)          0.030     5.030    clk
    SLICE_X43Y84         FDRE                                         r  pending_k_q_reg[7]/C
                         clock pessimism              0.000     5.030    
                         clock uncertainty           -0.035     4.995    
    SLICE_X43Y84         FDRE (Setup_BFF_SLICEM_C_CE)
                                                     -0.080     4.915    pending_k_q_reg[7]
  -------------------------------------------------------------------
                         required time                          4.915    
                         arrival time                          -3.938    
  -------------------------------------------------------------------
                         slack                                  0.977    

Slack (MET) :             0.979ns  (required time - arrival time)
  Source:                 replay_k_count[0]
                            (input port clocked by clk  {rise@0.000ns fall@2.500ns period=5.000ns})
  Destination:            pending_k_q_reg[1]/CE
                            (rising edge-triggered cell FDRE clocked by clk  {rise@0.000ns fall@2.500ns period=5.000ns})
  Path Group:             clk
  Path Type:              Setup (Max at Slow Process Corner)
  Requirement:            5.000ns  (clk rise@5.000ns - clk rise@0.000ns)
  Data Path Delay:        2.936ns  (logic 0.947ns (32.256%)  route 1.989ns (67.744%))
  Logic Levels:           8  (CARRY8=1 LUT4=1 LUT5=1 LUT6=5)
  Input Delay:            1.000ns
  Clock Path Skew:        0.029ns (DCD - SCD + CPR)
    Destination Clock Delay (DCD):    0.029ns = ( 5.029 - 5.000 ) 
    Source Clock Delay      (SCD):    0.000ns
    Clock Pessimism Removal (CPR):    0.000ns
  Clock Uncertainty:      0.035ns  ((TSJ^2 + TIJ^2)^1/2 + DJ) / 2 + PE
    Total System Jitter     (TSJ):    0.071ns
    Total Input Jitter      (TIJ):    0.000ns
    Discrete Jitter          (DJ):    0.000ns
    Phase Error              (PE):    0.000ns

    Location             Delay type                Incr(ns)  Path(ns)    Netlist Resource(s)
  -------------------------------------------------------------------    -------------------
                         (clock clk rise edge)        0.000     0.000 r  
                         input delay                  1.000     1.000    
                                                      0.000     1.000 r  replay_k_count[0] (IN)
                         net (fo=3, unset)            0.000     1.000    g_set[1].u_memory/replay_k_count[0]
    SLICE_X44Y81         LUT6 (Prop_F6LUT_SLICEL_I1_O)
                                                      0.187     1.187 r  g_set[1].u_memory/replay_ready_INST_0_i_31/O
                         net (fo=1, routed)           0.252     1.439    g_set[1].u_memory/replay_ready_INST_0_i_31_n_0
    SLICE_X44Y81         LUT6 (Prop_D6LUT_SLICEL_I4_O)
                                                      0.081     1.520 r  g_set[1].u_memory/replay_ready_INST_0_i_18/O
                         net (fo=1, routed)           0.313     1.833    g_set[1].u_memory/replay_set_q8
    SLICE_X43Y85         LUT6 (Prop_B6LUT_SLICEM_I3_O)
                                                      0.082     1.915 r  g_set[1].u_memory/replay_ready_INST_0_i_5/O
                         net (fo=22, routed)          0.117     2.032    g_set[1].u_memory/replay_set_q5
    SLICE_X43Y84         LUT4 (Prop_D6LUT_SLICEM_I2_O)
                                                      0.080     2.112 r  g_set[1].u_memory/patch_valid_i_2/O
                         net (fo=40, routed)          0.399     2.511    g_set[1].u_memory/replay_fire
    SLICE_X44Y81         LUT6 (Prop_E6LUT_SLICEL_I3_O)
                                                      0.057     2.568 r  g_set[1].u_memory/reads_issued_q[12]_i_27/O
                         net (fo=1, routed)           0.052     2.620    g_set[1].u_memory/reads_issued_q[12]_i_27_n_0
    SLICE_X44Y81         LUT5 (Prop_A6LUT_SLICEL_I0_O)
                                                      0.082     2.702 r  g_set[1].u_memory/reads_issued_q[12]_i_11/O
                         net (fo=1, routed)           0.176     2.878    g_set[1].u_memory/reads_issued_q[12]_i_11_n_0
    SLICE_X44Y83         CARRY8 (Prop_CARRY8_SLICEL_DI[2]_CO[6])
                                                      0.225     3.103 r  g_set[1].u_memory/reads_issued_q_reg[12]_i_4/CO[6]
                         net (fo=3, routed)           0.375     3.478    g_set[1].u_memory_n_0
    SLICE_X42Y83         LUT6 (Prop_H6LUT_SLICEL_I5_O)
                                                      0.153     3.631 r  pending_k_q[11]_i_1/O
                         net (fo=13, routed)          0.305     3.936    pending_k_q
    SLICE_X42Y82         FDRE                                         r  pending_k_q_reg[1]/CE
  -------------------------------------------------------------------    -------------------

                         (clock clk rise edge)        5.000     5.000 r  
                                                      0.000     5.000 r  clk (IN)
                         net (fo=364, unset)          0.029     5.029    clk
    SLICE_X42Y82         FDRE                                         r  pending_k_q_reg[1]/C
                         clock pessimism              0.000     5.029    
                         clock uncertainty           -0.035     4.994    
    SLICE_X42Y82         FDRE (Setup_HFF2_SLICEL_C_CE)
                                                     -0.079     4.915    pending_k_q_reg[1]
  -------------------------------------------------------------------
                         required time                          4.915    
                         arrival time                          -3.936    
  -------------------------------------------------------------------
                         slack                                  0.979    

Slack (MET) :             0.979ns  (required time - arrival time)
  Source:                 replay_k_count[0]
                            (input port clocked by clk  {rise@0.000ns fall@2.500ns period=5.000ns})
  Destination:            pending_k_q_reg[4]/CE
                            (rising edge-triggered cell FDRE clocked by clk  {rise@0.000ns fall@2.500ns period=5.000ns})
  Path Group:             clk
  Path Type:              Setup (Max at Slow Process Corner)
  Requirement:            5.000ns  (clk rise@5.000ns - clk rise@0.000ns)
  Data Path Delay:        2.936ns  (logic 0.947ns (32.256%)  route 1.989ns (67.744%))
  Logic Levels:           8  (CARRY8=1 LUT4=1 LUT5=1 LUT6=5)
  Input Delay:            1.000ns
  Clock Path Skew:        0.029ns (DCD - SCD + CPR)
    Destination Clock Delay (DCD):    0.029ns = ( 5.029 - 5.000 ) 
    Source Clock Delay      (SCD):    0.000ns
    Clock Pessimism Removal (CPR):    0.000ns
  Clock Uncertainty:      0.035ns  ((TSJ^2 + TIJ^2)^1/2 + DJ) / 2 + PE
    Total System Jitter     (TSJ):    0.071ns
    Total Input Jitter      (TIJ):    0.000ns
    Discrete Jitter          (DJ):    0.000ns
    Phase Error              (PE):    0.000ns

    Location             Delay type                Incr(ns)  Path(ns)    Netlist Resource(s)
  -------------------------------------------------------------------    -------------------
                         (clock clk rise edge)        0.000     0.000 r  
                         input delay                  1.000     1.000    
                                                      0.000     1.000 r  replay_k_count[0] (IN)
                         net (fo=3, unset)            0.000     1.000    g_set[1].u_memory/replay_k_count[0]
    SLICE_X44Y81         LUT6 (Prop_F6LUT_SLICEL_I1_O)
                                                      0.187     1.187 r  g_set[1].u_memory/replay_ready_INST_0_i_31/O
                         net (fo=1, routed)           0.252     1.439    g_set[1].u_memory/replay_ready_INST_0_i_31_n_0
    SLICE_X44Y81         LUT6 (Prop_D6LUT_SLICEL_I4_O)
                                                      0.081     1.520 r  g_set[1].u_memory/replay_ready_INST_0_i_18/O
                         net (fo=1, routed)           0.313     1.833    g_set[1].u_memory/replay_set_q8
    SLICE_X43Y85         LUT6 (Prop_B6LUT_SLICEM_I3_O)
                                                      0.082     1.915 r  g_set[1].u_memory/replay_ready_INST_0_i_5/O
                         net (fo=22, routed)          0.117     2.032    g_set[1].u_memory/replay_set_q5
    SLICE_X43Y84         LUT4 (Prop_D6LUT_SLICEM_I2_O)
                                                      0.080     2.112 r  g_set[1].u_memory/patch_valid_i_2/O
                         net (fo=40, routed)          0.399     2.511    g_set[1].u_memory/replay_fire
    SLICE_X44Y81         LUT6 (Prop_E6LUT_SLICEL_I3_O)
                                                      0.057     2.568 r  g_set[1].u_memory/reads_issued_q[12]_i_27/O
                         net (fo=1, routed)           0.052     2.620    g_set[1].u_memory/reads_issued_q[12]_i_27_n_0
    SLICE_X44Y81         LUT5 (Prop_A6LUT_SLICEL_I0_O)
                                                      0.082     2.702 r  g_set[1].u_memory/reads_issued_q[12]_i_11/O
                         net (fo=1, routed)           0.176     2.878    g_set[1].u_memory/reads_issued_q[12]_i_11_n_0
    SLICE_X44Y83         CARRY8 (Prop_CARRY8_SLICEL_DI[2]_CO[6])
                                                      0.225     3.103 r  g_set[1].u_memory/reads_issued_q_reg[12]_i_4/CO[6]
                         net (fo=3, routed)           0.375     3.478    g_set[1].u_memory_n_0
    SLICE_X42Y83         LUT6 (Prop_H6LUT_SLICEL_I5_O)
                                                      0.153     3.631 r  pending_k_q[11]_i_1/O
                         net (fo=13, routed)          0.305     3.936    pending_k_q
    SLICE_X42Y82         FDRE                                         r  pending_k_q_reg[4]/CE
  -------------------------------------------------------------------    -------------------

                         (clock clk rise edge)        5.000     5.000 r  
                                                      0.000     5.000 r  clk (IN)
                         net (fo=364, unset)          0.029     5.029    clk
    SLICE_X42Y82         FDRE                                         r  pending_k_q_reg[4]/C
                         clock pessimism              0.000     5.029    
                         clock uncertainty           -0.035     4.994    
    SLICE_X42Y82         FDRE (Setup_GFF2_SLICEL_C_CE)
                                                     -0.079     4.915    pending_k_q_reg[4]
  -------------------------------------------------------------------
                         required time                          4.915    
                         arrival time                          -3.936    
  -------------------------------------------------------------------
                         slack                                  0.979    

Slack (MET) :             0.979ns  (required time - arrival time)
  Source:                 replay_k_count[0]
                            (input port clocked by clk  {rise@0.000ns fall@2.500ns period=5.000ns})
  Destination:            pending_k_q_reg[8]/CE
                            (rising edge-triggered cell FDRE clocked by clk  {rise@0.000ns fall@2.500ns period=5.000ns})
  Path Group:             clk
  Path Type:              Setup (Max at Slow Process Corner)
  Requirement:            5.000ns  (clk rise@5.000ns - clk rise@0.000ns)
  Data Path Delay:        2.936ns  (logic 0.947ns (32.256%)  route 1.989ns (67.744%))
  Logic Levels:           8  (CARRY8=1 LUT4=1 LUT5=1 LUT6=5)
  Input Delay:            1.000ns
  Clock Path Skew:        0.029ns (DCD - SCD + CPR)
    Destination Clock Delay (DCD):    0.029ns = ( 5.029 - 5.000 ) 
    Source Clock Delay      (SCD):    0.000ns
    Clock Pessimism Removal (CPR):    0.000ns
  Clock Uncertainty:      0.035ns  ((TSJ^2 + TIJ^2)^1/2 + DJ) / 2 + PE
    Total System Jitter     (TSJ):    0.071ns
    Total Input Jitter      (TIJ):    0.000ns
    Discrete Jitter          (DJ):    0.000ns
    Phase Error              (PE):    0.000ns

    Location             Delay type                Incr(ns)  Path(ns)    Netlist Resource(s)
  -------------------------------------------------------------------    -------------------
                         (clock clk rise edge)        0.000     0.000 r  
                         input delay                  1.000     1.000    
                                                      0.000     1.000 r  replay_k_count[0] (IN)
                         net (fo=3, unset)            0.000     1.000    g_set[1].u_memory/replay_k_count[0]
    SLICE_X44Y81         LUT6 (Prop_F6LUT_SLICEL_I1_O)
                                                      0.187     1.187 r  g_set[1].u_memory/replay_ready_INST_0_i_31/O
                         net (fo=1, routed)           0.252     1.439    g_set[1].u_memory/replay_ready_INST_0_i_31_n_0
    SLICE_X44Y81         LUT6 (Prop_D6LUT_SLICEL_I4_O)
                                                      0.081     1.520 r  g_set[1].u_memory/replay_ready_INST_0_i_18/O
                         net (fo=1, routed)           0.313     1.833    g_set[1].u_memory/replay_set_q8
    SLICE_X43Y85         LUT6 (Prop_B6LUT_SLICEM_I3_O)
                                                      0.082     1.915 r  g_set[1].u_memory/replay_ready_INST_0_i_5/O
                         net (fo=22, routed)          0.117     2.032    g_set[1].u_memory/replay_set_q5
    SLICE_X43Y84         LUT4 (Prop_D6LUT_SLICEM_I2_O)
                                                      0.080     2.112 r  g_set[1].u_memory/patch_valid_i_2/O
                         net (fo=40, routed)          0.399     2.511    g_set[1].u_memory/replay_fire
    SLICE_X44Y81         LUT6 (Prop_E6LUT_SLICEL_I3_O)
                                                      0.057     2.568 r  g_set[1].u_memory/reads_issued_q[12]_i_27/O
                         net (fo=1, routed)           0.052     2.620    g_set[1].u_memory/reads_issued_q[12]_i_27_n_0
    SLICE_X44Y81         LUT5 (Prop_A6LUT_SLICEL_I0_O)
                                                      0.082     2.702 r  g_set[1].u_memory/reads_issued_q[12]_i_11/O
                         net (fo=1, routed)           0.176     2.878    g_set[1].u_memory/reads_issued_q[12]_i_11_n_0
    SLICE_X44Y83         CARRY8 (Prop_CARRY8_SLICEL_DI[2]_CO[6])
                                                      0.225     3.103 r  g_set[1].u_memory/reads_issued_q_reg[12]_i_4/CO[6]
                         net (fo=3, routed)           0.375     3.478    g_set[1].u_memory_n_0
    SLICE_X42Y83         LUT6 (Prop_H6LUT_SLICEL_I5_O)
                                                      0.153     3.631 r  pending_k_q[11]_i_1/O
                         net (fo=13, routed)          0.305     3.936    pending_k_q
    SLICE_X42Y82         FDRE                                         r  pending_k_q_reg[8]/CE
  -------------------------------------------------------------------    -------------------

                         (clock clk rise edge)        5.000     5.000 r  
                                                      0.000     5.000 r  clk (IN)
                         net (fo=364, unset)          0.029     5.029    clk
    SLICE_X42Y82         FDRE                                         r  pending_k_q_reg[8]/C
                         clock pessimism              0.000     5.029    
                         clock uncertainty           -0.035     4.994    
    SLICE_X42Y82         FDRE (Setup_FFF2_SLICEL_C_CE)
                                                     -0.079     4.915    pending_k_q_reg[8]
  -------------------------------------------------------------------
                         required time                          4.915    
                         arrival time                          -3.936    
  -------------------------------------------------------------------
                         slack                                  0.979    

Slack (MET) :             0.998ns  (required time - arrival time)
  Source:                 replay_k_count[0]
                            (input port clocked by clk  {rise@0.000ns fall@2.500ns period=5.000ns})
  Destination:            pending_k_q_reg[2]/CE
                            (rising edge-triggered cell FDRE clocked by clk  {rise@0.000ns fall@2.500ns period=5.000ns})
  Path Group:             clk
  Path Type:              Setup (Max at Slow Process Corner)
  Requirement:            5.000ns  (clk rise@5.000ns - clk rise@0.000ns)
  Data Path Delay:        2.917ns  (logic 0.947ns (32.467%)  route 1.970ns (67.533%))
  Logic Levels:           8  (CARRY8=1 LUT4=1 LUT5=1 LUT6=5)
  Input Delay:            1.000ns
  Clock Path Skew:        0.029ns (DCD - SCD + CPR)
    Destination Clock Delay (DCD):    0.029ns = ( 5.029 - 5.000 ) 
    Source Clock Delay      (SCD):    0.000ns
    Clock Pessimism Removal (CPR):    0.000ns
  Clock Uncertainty:      0.035ns  ((TSJ^2 + TIJ^2)^1/2 + DJ) / 2 + PE
    Total System Jitter     (TSJ):    0.071ns
    Total Input Jitter      (TIJ):    0.000ns
    Discrete Jitter          (DJ):    0.000ns
    Phase Error              (PE):    0.000ns

    Location             Delay type                Incr(ns)  Path(ns)    Netlist Resource(s)
  -------------------------------------------------------------------    -------------------
                         (clock clk rise edge)        0.000     0.000 r  
                         input delay                  1.000     1.000    
                                                      0.000     1.000 r  replay_k_count[0] (IN)
                         net (fo=3, unset)            0.000     1.000    g_set[1].u_memory/replay_k_count[0]
    SLICE_X44Y81         LUT6 (Prop_F6LUT_SLICEL_I1_O)
                                                      0.187     1.187 r  g_set[1].u_memory/replay_ready_INST_0_i_31/O
                         net (fo=1, routed)           0.252     1.439    g_set[1].u_memory/replay_ready_INST_0_i_31_n_0
    SLICE_X44Y81         LUT6 (Prop_D6LUT_SLICEL_I4_O)
                                                      0.081     1.520 r  g_set[1].u_memory/replay_ready_INST_0_i_18/O
                         net (fo=1, routed)           0.313     1.833    g_set[1].u_memory/replay_set_q8
    SLICE_X43Y85         LUT6 (Prop_B6LUT_SLICEM_I3_O)
                                                      0.082     1.915 r  g_set[1].u_memory/replay_ready_INST_0_i_5/O
                         net (fo=22, routed)          0.117     2.032    g_set[1].u_memory/replay_set_q5
    SLICE_X43Y84         LUT4 (Prop_D6LUT_SLICEM_I2_O)
                                                      0.080     2.112 r  g_set[1].u_memory/patch_valid_i_2/O
                         net (fo=40, routed)          0.399     2.511    g_set[1].u_memory/replay_fire
    SLICE_X44Y81         LUT6 (Prop_E6LUT_SLICEL_I3_O)
                                                      0.057     2.568 r  g_set[1].u_memory/reads_issued_q[12]_i_27/O
                         net (fo=1, routed)           0.052     2.620    g_set[1].u_memory/reads_issued_q[12]_i_27_n_0
    SLICE_X44Y81         LUT5 (Prop_A6LUT_SLICEL_I0_O)
                                                      0.082     2.702 r  g_set[1].u_memory/reads_issued_q[12]_i_11/O
                         net (fo=1, routed)           0.176     2.878    g_set[1].u_memory/reads_issued_q[12]_i_11_n_0
    SLICE_X44Y83         CARRY8 (Prop_CARRY8_SLICEL_DI[2]_CO[6])
                                                      0.225     3.103 r  g_set[1].u_memory/reads_issued_q_reg[12]_i_4/CO[6]
                         net (fo=3, routed)           0.375     3.478    g_set[1].u_memory_n_0
    SLICE_X42Y83         LUT6 (Prop_H6LUT_SLICEL_I5_O)
                                                      0.153     3.631 r  pending_k_q[11]_i_1/O
                         net (fo=13, routed)          0.286     3.917    pending_k_q
    SLICE_X42Y84         FDRE                                         r  pending_k_q_reg[2]/CE
  -------------------------------------------------------------------    -------------------

                         (clock clk rise edge)        5.000     5.000 r  
                                                      0.000     5.000 r  clk (IN)
                         net (fo=364, unset)          0.029     5.029    clk
    SLICE_X42Y84         FDRE                                         r  pending_k_q_reg[2]/C
                         clock pessimism              0.000     5.029    
                         clock uncertainty           -0.035     4.994    
    SLICE_X42Y84         FDRE (Setup_HFF2_SLICEL_C_CE)
                                                     -0.079     4.915    pending_k_q_reg[2]
  -------------------------------------------------------------------
                         required time                          4.915    
                         arrival time                          -3.917    
  -------------------------------------------------------------------
                         slack                                  0.998    

Slack (MET) :             0.998ns  (required time - arrival time)
  Source:                 replay_k_count[0]
                            (input port clocked by clk  {rise@0.000ns fall@2.500ns period=5.000ns})
  Destination:            pending_k_q_reg[3]/CE
                            (rising edge-triggered cell FDRE clocked by clk  {rise@0.000ns fall@2.500ns period=5.000ns})
  Path Group:             clk
  Path Type:              Setup (Max at Slow Process Corner)
  Requirement:            5.000ns  (clk rise@5.000ns - clk rise@0.000ns)
  Data Path Delay:        2.917ns  (logic 0.947ns (32.467%)  route 1.970ns (67.533%))
  Logic Levels:           8  (CARRY8=1 LUT4=1 LUT5=1 LUT6=5)
  Input Delay:            1.000ns
  Clock Path Skew:        0.029ns (DCD - SCD + CPR)
    Destination Clock Delay (DCD):    0.029ns = ( 5.029 - 5.000 ) 
    Source Clock Delay      (SCD):    0.000ns
    Clock Pessimism Removal (CPR):    0.000ns
  Clock Uncertainty:      0.035ns  ((TSJ^2 + TIJ^2)^1/2 + DJ) / 2 + PE
    Total System Jitter     (TSJ):    0.071ns
    Total Input Jitter      (TIJ):    0.000ns
    Discrete Jitter          (DJ):    0.000ns
    Phase Error              (PE):    0.000ns

    Location             Delay type                Incr(ns)  Path(ns)    Netlist Resource(s)
  -------------------------------------------------------------------    -------------------
                         (clock clk rise edge)        0.000     0.000 r  
                         input delay                  1.000     1.000    
                                                      0.000     1.000 r  replay_k_count[0] (IN)
                         net (fo=3, unset)            0.000     1.000    g_set[1].u_memory/replay_k_count[0]
    SLICE_X44Y81         LUT6 (Prop_F6LUT_SLICEL_I1_O)
                                                      0.187     1.187 r  g_set[1].u_memory/replay_ready_INST_0_i_31/O
                         net (fo=1, routed)           0.252     1.439    g_set[1].u_memory/replay_ready_INST_0_i_31_n_0
    SLICE_X44Y81         LUT6 (Prop_D6LUT_SLICEL_I4_O)
                                                      0.081     1.520 r  g_set[1].u_memory/replay_ready_INST_0_i_18/O
                         net (fo=1, routed)           0.313     1.833    g_set[1].u_memory/replay_set_q8
    SLICE_X43Y85         LUT6 (Prop_B6LUT_SLICEM_I3_O)
                                                      0.082     1.915 r  g_set[1].u_memory/replay_ready_INST_0_i_5/O
                         net (fo=22, routed)          0.117     2.032    g_set[1].u_memory/replay_set_q5
    SLICE_X43Y84         LUT4 (Prop_D6LUT_SLICEM_I2_O)
                                                      0.080     2.112 r  g_set[1].u_memory/patch_valid_i_2/O
                         net (fo=40, routed)          0.399     2.511    g_set[1].u_memory/replay_fire
    SLICE_X44Y81         LUT6 (Prop_E6LUT_SLICEL_I3_O)
                                                      0.057     2.568 r  g_set[1].u_memory/reads_issued_q[12]_i_27/O
                         net (fo=1, routed)           0.052     2.620    g_set[1].u_memory/reads_issued_q[12]_i_27_n_0
    SLICE_X44Y81         LUT5 (Prop_A6LUT_SLICEL_I0_O)
                                                      0.082     2.702 r  g_set[1].u_memory/reads_issued_q[12]_i_11/O
                         net (fo=1, routed)           0.176     2.878    g_set[1].u_memory/reads_issued_q[12]_i_11_n_0
    SLICE_X44Y83         CARRY8 (Prop_CARRY8_SLICEL_DI[2]_CO[6])
                                                      0.225     3.103 r  g_set[1].u_memory/reads_issued_q_reg[12]_i_4/CO[6]
                         net (fo=3, routed)           0.375     3.478    g_set[1].u_memory_n_0
    SLICE_X42Y83         LUT6 (Prop_H6LUT_SLICEL_I5_O)
                                                      0.153     3.631 r  pending_k_q[11]_i_1/O
                         net (fo=13, routed)          0.286     3.917    pending_k_q
    SLICE_X42Y84         FDRE                                         r  pending_k_q_reg[3]/CE
  -------------------------------------------------------------------    -------------------

                         (clock clk rise edge)        5.000     5.000 r  
                                                      0.000     5.000 r  clk (IN)
                         net (fo=364, unset)          0.029     5.029    clk
    SLICE_X42Y84         FDRE                                         r  pending_k_q_reg[3]/C
                         clock pessimism              0.000     5.029    
                         clock uncertainty           -0.035     4.994    
    SLICE_X42Y84         FDRE (Setup_GFF2_SLICEL_C_CE)
                                                     -0.079     4.915    pending_k_q_reg[3]
  -------------------------------------------------------------------
                         required time                          4.915    
                         arrival time                          -3.917    
  -------------------------------------------------------------------
                         slack                                  0.998    

Slack (MET) :             0.999ns  (required time - arrival time)
  Source:                 replay_k_count[0]
                            (input port clocked by clk  {rise@0.000ns fall@2.500ns period=5.000ns})
  Destination:            pending_k_q_reg[6]/CE
                            (rising edge-triggered cell FDRE clocked by clk  {rise@0.000ns fall@2.500ns period=5.000ns})
  Path Group:             clk
  Path Type:              Setup (Max at Slow Process Corner)
  Requirement:            5.000ns  (clk rise@5.000ns - clk rise@0.000ns)
  Data Path Delay:        2.917ns  (logic 0.947ns (32.467%)  route 1.970ns (67.533%))
  Logic Levels:           8  (CARRY8=1 LUT4=1 LUT5=1 LUT6=5)
  Input Delay:            1.000ns
  Clock Path Skew:        0.031ns (DCD - SCD + CPR)
    Destination Clock Delay (DCD):    0.031ns = ( 5.031 - 5.000 ) 
    Source Clock Delay      (SCD):    0.000ns
    Clock Pessimism Removal (CPR):    0.000ns
  Clock Uncertainty:      0.035ns  ((TSJ^2 + TIJ^2)^1/2 + DJ) / 2 + PE
    Total System Jitter     (TSJ):    0.071ns
    Total Input Jitter      (TIJ):    0.000ns
    Discrete Jitter          (DJ):    0.000ns
    Phase Error              (PE):    0.000ns

    Location             Delay type                Incr(ns)  Path(ns)    Netlist Resource(s)
  -------------------------------------------------------------------    -------------------
                         (clock clk rise edge)        0.000     0.000 r  
                         input delay                  1.000     1.000    
                                                      0.000     1.000 r  replay_k_count[0] (IN)
                         net (fo=3, unset)            0.000     1.000    g_set[1].u_memory/replay_k_count[0]
    SLICE_X44Y81         LUT6 (Prop_F6LUT_SLICEL_I1_O)
                                                      0.187     1.187 r  g_set[1].u_memory/replay_ready_INST_0_i_31/O
                         net (fo=1, routed)           0.252     1.439    g_set[1].u_memory/replay_ready_INST_0_i_31_n_0
    SLICE_X44Y81         LUT6 (Prop_D6LUT_SLICEL_I4_O)
                                                      0.081     1.520 r  g_set[1].u_memory/replay_ready_INST_0_i_18/O
                         net (fo=1, routed)           0.313     1.833    g_set[1].u_memory/replay_set_q8
    SLICE_X43Y85         LUT6 (Prop_B6LUT_SLICEM_I3_O)
                                                      0.082     1.915 r  g_set[1].u_memory/replay_ready_INST_0_i_5/O
                         net (fo=22, routed)          0.117     2.032    g_set[1].u_memory/replay_set_q5
    SLICE_X43Y84         LUT4 (Prop_D6LUT_SLICEM_I2_O)
                                                      0.080     2.112 r  g_set[1].u_memory/patch_valid_i_2/O
                         net (fo=40, routed)          0.399     2.511    g_set[1].u_memory/replay_fire
    SLICE_X44Y81         LUT6 (Prop_E6LUT_SLICEL_I3_O)
                                                      0.057     2.568 r  g_set[1].u_memory/reads_issued_q[12]_i_27/O
                         net (fo=1, routed)           0.052     2.620    g_set[1].u_memory/reads_issued_q[12]_i_27_n_0
    SLICE_X44Y81         LUT5 (Prop_A6LUT_SLICEL_I0_O)
                                                      0.082     2.702 r  g_set[1].u_memory/reads_issued_q[12]_i_11/O
                         net (fo=1, routed)           0.176     2.878    g_set[1].u_memory/reads_issued_q[12]_i_11_n_0
    SLICE_X44Y83         CARRY8 (Prop_CARRY8_SLICEL_DI[2]_CO[6])
                                                      0.225     3.103 r  g_set[1].u_memory/reads_issued_q_reg[12]_i_4/CO[6]
                         net (fo=3, routed)           0.375     3.478    g_set[1].u_memory_n_0
    SLICE_X42Y83         LUT6 (Prop_H6LUT_SLICEL_I5_O)
                                                      0.153     3.631 r  pending_k_q[11]_i_1/O
                         net (fo=13, routed)          0.286     3.917    pending_k_q
    SLICE_X41Y84         FDRE                                         r  pending_k_q_reg[6]/CE
  -------------------------------------------------------------------    -------------------

                         (clock clk rise edge)        5.000     5.000 r  
                                                      0.000     5.000 r  clk (IN)
                         net (fo=364, unset)          0.031     5.031    clk
    SLICE_X41Y84         FDRE                                         r  pending_k_q_reg[6]/C
                         clock pessimism              0.000     5.031    
                         clock uncertainty           -0.035     4.996    
    SLICE_X41Y84         FDRE (Setup_HFF2_SLICEM_C_CE)
                                                     -0.080     4.916    pending_k_q_reg[6]
  -------------------------------------------------------------------
                         required time                          4.916    
                         arrival time                          -3.917    
  -------------------------------------------------------------------
                         slack                                  0.999    

Slack (MET) :             1.024ns  (required time - arrival time)
  Source:                 replay_k_count[0]
                            (input port clocked by clk  {rise@0.000ns fall@2.500ns period=5.000ns})
  Destination:            reads_issued_q_reg[1]/CE
                            (rising edge-triggered cell FDRE clocked by clk  {rise@0.000ns fall@2.500ns period=5.000ns})
  Path Group:             clk
  Path Type:              Setup (Max at Slow Process Corner)
  Requirement:            5.000ns  (clk rise@5.000ns - clk rise@0.000ns)
  Data Path Delay:        2.891ns  (logic 0.850ns (29.406%)  route 2.041ns (70.594%))
  Logic Levels:           8  (CARRY8=1 LUT4=1 LUT5=1 LUT6=5)
  Input Delay:            1.000ns
  Clock Path Skew:        0.031ns (DCD - SCD + CPR)
    Destination Clock Delay (DCD):    0.031ns = ( 5.031 - 5.000 ) 
    Source Clock Delay      (SCD):    0.000ns
    Clock Pessimism Removal (CPR):    0.000ns
  Clock Uncertainty:      0.035ns  ((TSJ^2 + TIJ^2)^1/2 + DJ) / 2 + PE
    Total System Jitter     (TSJ):    0.071ns
    Total Input Jitter      (TIJ):    0.000ns
    Discrete Jitter          (DJ):    0.000ns
    Phase Error              (PE):    0.000ns

    Location             Delay type                Incr(ns)  Path(ns)    Netlist Resource(s)
  -------------------------------------------------------------------    -------------------
                         (clock clk rise edge)        0.000     0.000 r  
                         input delay                  1.000     1.000    
                                                      0.000     1.000 r  replay_k_count[0] (IN)
                         net (fo=3, unset)            0.000     1.000    g_set[1].u_memory/replay_k_count[0]
    SLICE_X44Y81         LUT6 (Prop_F6LUT_SLICEL_I1_O)
                                                      0.187     1.187 r  g_set[1].u_memory/replay_ready_INST_0_i_31/O
                         net (fo=1, routed)           0.252     1.439    g_set[1].u_memory/replay_ready_INST_0_i_31_n_0
    SLICE_X44Y81         LUT6 (Prop_D6LUT_SLICEL_I4_O)
                                                      0.081     1.520 r  g_set[1].u_memory/replay_ready_INST_0_i_18/O
                         net (fo=1, routed)           0.313     1.833    g_set[1].u_memory/replay_set_q8
    SLICE_X43Y85         LUT6 (Prop_B6LUT_SLICEM_I3_O)
                                                      0.082     1.915 r  g_set[1].u_memory/replay_ready_INST_0_i_5/O
                         net (fo=22, routed)          0.117     2.032    g_set[1].u_memory/replay_set_q5
    SLICE_X43Y84         LUT4 (Prop_D6LUT_SLICEM_I2_O)
                                                      0.080     2.112 r  g_set[1].u_memory/patch_valid_i_2/O
                         net (fo=40, routed)          0.399     2.511    g_set[1].u_memory/replay_fire
    SLICE_X44Y81         LUT6 (Prop_E6LUT_SLICEL_I3_O)
                                                      0.057     2.568 r  g_set[1].u_memory/reads_issued_q[12]_i_27/O
                         net (fo=1, routed)           0.052     2.620    g_set[1].u_memory/reads_issued_q[12]_i_27_n_0
    SLICE_X44Y81         LUT5 (Prop_A6LUT_SLICEL_I0_O)
                                                      0.082     2.702 r  g_set[1].u_memory/reads_issued_q[12]_i_11/O
                         net (fo=1, routed)           0.176     2.878    g_set[1].u_memory/reads_issued_q[12]_i_11_n_0
    SLICE_X44Y83         CARRY8 (Prop_CARRY8_SLICEL_DI[2]_CO[6])
                                                      0.225     3.103 r  g_set[1].u_memory/reads_issued_q_reg[12]_i_4/CO[6]
                         net (fo=3, routed)           0.369     3.472    g_set[1].u_memory_n_0
    SLICE_X42Y83         LUT6 (Prop_F6LUT_SLICEL_I0_O)
                                                      0.056     3.528 r  reads_issued_q[12]_i_2/O
                         net (fo=13, routed)          0.362     3.891    reads_issued_q[12]_i_2_n_0
    SLICE_X41Y81         FDRE                                         r  reads_issued_q_reg[1]/CE
  -------------------------------------------------------------------    -------------------

                         (clock clk rise edge)        5.000     5.000 r  
                                                      0.000     5.000 r  clk (IN)
                         net (fo=364, unset)          0.031     5.031    clk
    SLICE_X41Y81         FDRE                                         r  reads_issued_q_reg[1]/C
                         clock pessimism              0.000     5.031    
                         clock uncertainty           -0.035     4.996    
    SLICE_X41Y81         FDRE (Setup_HFF_SLICEM_C_CE)
                                                     -0.081     4.915    reads_issued_q_reg[1]
  -------------------------------------------------------------------
                         required time                          4.915    
                         arrival time                          -3.891    
  -------------------------------------------------------------------
                         slack                                  1.024    

Slack (MET) :             1.030ns  (required time - arrival time)
  Source:                 replay_k_count[0]
                            (input port clocked by clk  {rise@0.000ns fall@2.500ns period=5.000ns})
  Destination:            reads_issued_q_reg[4]/CE
                            (rising edge-triggered cell FDRE clocked by clk  {rise@0.000ns fall@2.500ns period=5.000ns})
  Path Group:             clk
  Path Type:              Setup (Max at Slow Process Corner)
  Requirement:            5.000ns  (clk rise@5.000ns - clk rise@0.000ns)
  Data Path Delay:        2.885ns  (logic 0.850ns (29.467%)  route 2.035ns (70.533%))
  Logic Levels:           8  (CARRY8=1 LUT4=1 LUT5=1 LUT6=5)
  Input Delay:            1.000ns
  Clock Path Skew:        0.029ns (DCD - SCD + CPR)
    Destination Clock Delay (DCD):    0.029ns = ( 5.029 - 5.000 ) 
    Source Clock Delay      (SCD):    0.000ns
    Clock Pessimism Removal (CPR):    0.000ns
  Clock Uncertainty:      0.035ns  ((TSJ^2 + TIJ^2)^1/2 + DJ) / 2 + PE
    Total System Jitter     (TSJ):    0.071ns
    Total Input Jitter      (TIJ):    0.000ns
    Discrete Jitter          (DJ):    0.000ns
    Phase Error              (PE):    0.000ns

    Location             Delay type                Incr(ns)  Path(ns)    Netlist Resource(s)
  -------------------------------------------------------------------    -------------------
                         (clock clk rise edge)        0.000     0.000 r  
                         input delay                  1.000     1.000    
                                                      0.000     1.000 r  replay_k_count[0] (IN)
                         net (fo=3, unset)            0.000     1.000    g_set[1].u_memory/replay_k_count[0]
    SLICE_X44Y81         LUT6 (Prop_F6LUT_SLICEL_I1_O)
                                                      0.187     1.187 r  g_set[1].u_memory/replay_ready_INST_0_i_31/O
                         net (fo=1, routed)           0.252     1.439    g_set[1].u_memory/replay_ready_INST_0_i_31_n_0
    SLICE_X44Y81         LUT6 (Prop_D6LUT_SLICEL_I4_O)
                                                      0.081     1.520 r  g_set[1].u_memory/replay_ready_INST_0_i_18/O
                         net (fo=1, routed)           0.313     1.833    g_set[1].u_memory/replay_set_q8
    SLICE_X43Y85         LUT6 (Prop_B6LUT_SLICEM_I3_O)
                                                      0.082     1.915 r  g_set[1].u_memory/replay_ready_INST_0_i_5/O
                         net (fo=22, routed)          0.117     2.032    g_set[1].u_memory/replay_set_q5
    SLICE_X43Y84         LUT4 (Prop_D6LUT_SLICEM_I2_O)
                                                      0.080     2.112 r  g_set[1].u_memory/patch_valid_i_2/O
                         net (fo=40, routed)          0.399     2.511    g_set[1].u_memory/replay_fire
    SLICE_X44Y81         LUT6 (Prop_E6LUT_SLICEL_I3_O)
                                                      0.057     2.568 r  g_set[1].u_memory/reads_issued_q[12]_i_27/O
                         net (fo=1, routed)           0.052     2.620    g_set[1].u_memory/reads_issued_q[12]_i_27_n_0
    SLICE_X44Y81         LUT5 (Prop_A6LUT_SLICEL_I0_O)
                                                      0.082     2.702 r  g_set[1].u_memory/reads_issued_q[12]_i_11/O
                         net (fo=1, routed)           0.176     2.878    g_set[1].u_memory/reads_issued_q[12]_i_11_n_0
    SLICE_X44Y83         CARRY8 (Prop_CARRY8_SLICEL_DI[2]_CO[6])
                                                      0.225     3.103 r  g_set[1].u_memory/reads_issued_q_reg[12]_i_4/CO[6]
                         net (fo=3, routed)           0.369     3.472    g_set[1].u_memory_n_0
    SLICE_X42Y83         LUT6 (Prop_F6LUT_SLICEL_I0_O)
                                                      0.056     3.528 r  reads_issued_q[12]_i_2/O
                         net (fo=13, routed)          0.356     3.885    reads_issued_q[12]_i_2_n_0
    SLICE_X42Y81         FDRE                                         r  reads_issued_q_reg[4]/CE
  -------------------------------------------------------------------    -------------------

                         (clock clk rise edge)        5.000     5.000 r  
                                                      0.000     5.000 r  clk (IN)
                         net (fo=364, unset)          0.029     5.029    clk
    SLICE_X42Y81         FDRE                                         r  reads_issued_q_reg[4]/C
                         clock pessimism              0.000     5.029    
                         clock uncertainty           -0.035     4.994    
    SLICE_X42Y81         FDRE (Setup_GFF_SLICEL_C_CE)
                                                     -0.079     4.915    reads_issued_q_reg[4]
  -------------------------------------------------------------------
                         required time                          4.915    
                         arrival time                          -3.885    
  -------------------------------------------------------------------
                         slack                                  1.030    

Slack (MET) :             1.030ns  (required time - arrival time)
  Source:                 replay_k_count[0]
                            (input port clocked by clk  {rise@0.000ns fall@2.500ns period=5.000ns})
  Destination:            reads_issued_q_reg[6]/CE
                            (rising edge-triggered cell FDRE clocked by clk  {rise@0.000ns fall@2.500ns period=5.000ns})
  Path Group:             clk
  Path Type:              Setup (Max at Slow Process Corner)
  Requirement:            5.000ns  (clk rise@5.000ns - clk rise@0.000ns)
  Data Path Delay:        2.885ns  (logic 0.850ns (29.467%)  route 2.035ns (70.533%))
  Logic Levels:           8  (CARRY8=1 LUT4=1 LUT5=1 LUT6=5)
  Input Delay:            1.000ns
  Clock Path Skew:        0.029ns (DCD - SCD + CPR)
    Destination Clock Delay (DCD):    0.029ns = ( 5.029 - 5.000 ) 
    Source Clock Delay      (SCD):    0.000ns
    Clock Pessimism Removal (CPR):    0.000ns
  Clock Uncertainty:      0.035ns  ((TSJ^2 + TIJ^2)^1/2 + DJ) / 2 + PE
    Total System Jitter     (TSJ):    0.071ns
    Total Input Jitter      (TIJ):    0.000ns
    Discrete Jitter          (DJ):    0.000ns
    Phase Error              (PE):    0.000ns

    Location             Delay type                Incr(ns)  Path(ns)    Netlist Resource(s)
  -------------------------------------------------------------------    -------------------
                         (clock clk rise edge)        0.000     0.000 r  
                         input delay                  1.000     1.000    
                                                      0.000     1.000 r  replay_k_count[0] (IN)
                         net (fo=3, unset)            0.000     1.000    g_set[1].u_memory/replay_k_count[0]
    SLICE_X44Y81         LUT6 (Prop_F6LUT_SLICEL_I1_O)
                                                      0.187     1.187 r  g_set[1].u_memory/replay_ready_INST_0_i_31/O
                         net (fo=1, routed)           0.252     1.439    g_set[1].u_memory/replay_ready_INST_0_i_31_n_0
    SLICE_X44Y81         LUT6 (Prop_D6LUT_SLICEL_I4_O)
                                                      0.081     1.520 r  g_set[1].u_memory/replay_ready_INST_0_i_18/O
                         net (fo=1, routed)           0.313     1.833    g_set[1].u_memory/replay_set_q8
    SLICE_X43Y85         LUT6 (Prop_B6LUT_SLICEM_I3_O)
                                                      0.082     1.915 r  g_set[1].u_memory/replay_ready_INST_0_i_5/O
                         net (fo=22, routed)          0.117     2.032    g_set[1].u_memory/replay_set_q5
    SLICE_X43Y84         LUT4 (Prop_D6LUT_SLICEM_I2_O)
                                                      0.080     2.112 r  g_set[1].u_memory/patch_valid_i_2/O
                         net (fo=40, routed)          0.399     2.511    g_set[1].u_memory/replay_fire
    SLICE_X44Y81         LUT6 (Prop_E6LUT_SLICEL_I3_O)
                                                      0.057     2.568 r  g_set[1].u_memory/reads_issued_q[12]_i_27/O
                         net (fo=1, routed)           0.052     2.620    g_set[1].u_memory/reads_issued_q[12]_i_27_n_0
    SLICE_X44Y81         LUT5 (Prop_A6LUT_SLICEL_I0_O)
                                                      0.082     2.702 r  g_set[1].u_memory/reads_issued_q[12]_i_11/O
                         net (fo=1, routed)           0.176     2.878    g_set[1].u_memory/reads_issued_q[12]_i_11_n_0
    SLICE_X44Y83         CARRY8 (Prop_CARRY8_SLICEL_DI[2]_CO[6])
                                                      0.225     3.103 r  g_set[1].u_memory/reads_issued_q_reg[12]_i_4/CO[6]
                         net (fo=3, routed)           0.369     3.472    g_set[1].u_memory_n_0
    SLICE_X42Y83         LUT6 (Prop_F6LUT_SLICEL_I0_O)
                                                      0.056     3.528 r  reads_issued_q[12]_i_2/O
                         net (fo=13, routed)          0.356     3.885    reads_issued_q[12]_i_2_n_0
    SLICE_X42Y81         FDRE                                         r  reads_issued_q_reg[6]/CE
  -------------------------------------------------------------------    -------------------

                         (clock clk rise edge)        5.000     5.000 r  
                                                      0.000     5.000 r  clk (IN)
                         net (fo=364, unset)          0.029     5.029    clk
    SLICE_X42Y81         FDRE                                         r  reads_issued_q_reg[6]/C
                         clock pessimism              0.000     5.029    
                         clock uncertainty           -0.035     4.994    
    SLICE_X42Y81         FDRE (Setup_FFF_SLICEL_C_CE)
                                                     -0.079     4.915    reads_issued_q_reg[6]
  -------------------------------------------------------------------
                         required time                          4.915    
                         arrival time                          -3.885    
  -------------------------------------------------------------------
                         slack                                  1.030    

Slack (MET) :             1.061ns  (required time - arrival time)
  Source:                 replay_k_count[0]
                            (input port clocked by clk  {rise@0.000ns fall@2.500ns period=5.000ns})
  Destination:            pending_k_q_reg[11]/CE
                            (rising edge-triggered cell FDRE clocked by clk  {rise@0.000ns fall@2.500ns period=5.000ns})
  Path Group:             clk
  Path Type:              Setup (Max at Slow Process Corner)
  Requirement:            5.000ns  (clk rise@5.000ns - clk rise@0.000ns)
  Data Path Delay:        2.854ns  (logic 0.947ns (33.184%)  route 1.907ns (66.816%))
  Logic Levels:           8  (CARRY8=1 LUT4=1 LUT5=1 LUT6=5)
  Input Delay:            1.000ns
  Clock Path Skew:        0.029ns (DCD - SCD + CPR)
    Destination Clock Delay (DCD):    0.029ns = ( 5.029 - 5.000 ) 
    Source Clock Delay      (SCD):    0.000ns
    Clock Pessimism Removal (CPR):    0.000ns
  Clock Uncertainty:      0.035ns  ((TSJ^2 + TIJ^2)^1/2 + DJ) / 2 + PE
    Total System Jitter     (TSJ):    0.071ns
    Total Input Jitter      (TIJ):    0.000ns
    Discrete Jitter          (DJ):    0.000ns
    Phase Error              (PE):    0.000ns

    Location             Delay type                Incr(ns)  Path(ns)    Netlist Resource(s)
  -------------------------------------------------------------------    -------------------
                         (clock clk rise edge)        0.000     0.000 r  
                         input delay                  1.000     1.000    
                                                      0.000     1.000 r  replay_k_count[0] (IN)
                         net (fo=3, unset)            0.000     1.000    g_set[1].u_memory/replay_k_count[0]
    SLICE_X44Y81         LUT6 (Prop_F6LUT_SLICEL_I1_O)
                                                      0.187     1.187 r  g_set[1].u_memory/replay_ready_INST_0_i_31/O
                         net (fo=1, routed)           0.252     1.439    g_set[1].u_memory/replay_ready_INST_0_i_31_n_0
    SLICE_X44Y81         LUT6 (Prop_D6LUT_SLICEL_I4_O)
                                                      0.081     1.520 r  g_set[1].u_memory/replay_ready_INST_0_i_18/O
                         net (fo=1, routed)           0.313     1.833    g_set[1].u_memory/replay_set_q8
    SLICE_X43Y85         LUT6 (Prop_B6LUT_SLICEM_I3_O)
                                                      0.082     1.915 r  g_set[1].u_memory/replay_ready_INST_0_i_5/O
                         net (fo=22, routed)          0.117     2.032    g_set[1].u_memory/replay_set_q5
    SLICE_X43Y84         LUT4 (Prop_D6LUT_SLICEM_I2_O)
                                                      0.080     2.112 r  g_set[1].u_memory/patch_valid_i_2/O
                         net (fo=40, routed)          0.399     2.511    g_set[1].u_memory/replay_fire
    SLICE_X44Y81         LUT6 (Prop_E6LUT_SLICEL_I3_O)
                                                      0.057     2.568 r  g_set[1].u_memory/reads_issued_q[12]_i_27/O
                         net (fo=1, routed)           0.052     2.620    g_set[1].u_memory/reads_issued_q[12]_i_27_n_0
    SLICE_X44Y81         LUT5 (Prop_A6LUT_SLICEL_I0_O)
                                                      0.082     2.702 r  g_set[1].u_memory/reads_issued_q[12]_i_11/O
                         net (fo=1, routed)           0.176     2.878    g_set[1].u_memory/reads_issued_q[12]_i_11_n_0
    SLICE_X44Y83         CARRY8 (Prop_CARRY8_SLICEL_DI[2]_CO[6])
                                                      0.225     3.103 r  g_set[1].u_memory/reads_issued_q_reg[12]_i_4/CO[6]
                         net (fo=3, routed)           0.375     3.478    g_set[1].u_memory_n_0
    SLICE_X42Y83         LUT6 (Prop_H6LUT_SLICEL_I5_O)
                                                      0.153     3.631 r  pending_k_q[11]_i_1/O
                         net (fo=13, routed)          0.223     3.854    pending_k_q
    SLICE_X42Y83         FDRE                                         r  pending_k_q_reg[11]/CE
  -------------------------------------------------------------------    -------------------

                         (clock clk rise edge)        5.000     5.000 r  
                                                      0.000     5.000 r  clk (IN)
                         net (fo=364, unset)          0.029     5.029    clk
    SLICE_X42Y83         FDRE                                         r  pending_k_q_reg[11]/C
                         clock pessimism              0.000     5.029    
                         clock uncertainty           -0.035     4.994    
    SLICE_X42Y83         FDRE (Setup_HFF_SLICEL_C_CE)
                                                     -0.079     4.915    pending_k_q_reg[11]
  -------------------------------------------------------------------
                         required time                          4.915    
                         arrival time                          -3.854    
  -------------------------------------------------------------------
                         slack                                  1.061    

Slack (MET) :             1.061ns  (required time - arrival time)
  Source:                 replay_k_count[0]
                            (input port clocked by clk  {rise@0.000ns fall@2.500ns period=5.000ns})
  Destination:            pending_k_q_reg[5]/CE
                            (rising edge-triggered cell FDRE clocked by clk  {rise@0.000ns fall@2.500ns period=5.000ns})
  Path Group:             clk
  Path Type:              Setup (Max at Slow Process Corner)
  Requirement:            5.000ns  (clk rise@5.000ns - clk rise@0.000ns)
  Data Path Delay:        2.854ns  (logic 0.947ns (33.184%)  route 1.907ns (66.816%))
  Logic Levels:           8  (CARRY8=1 LUT4=1 LUT5=1 LUT6=5)
  Input Delay:            1.000ns
  Clock Path Skew:        0.029ns (DCD - SCD + CPR)
    Destination Clock Delay (DCD):    0.029ns = ( 5.029 - 5.000 ) 
    Source Clock Delay      (SCD):    0.000ns
    Clock Pessimism Removal (CPR):    0.000ns
  Clock Uncertainty:      0.035ns  ((TSJ^2 + TIJ^2)^1/2 + DJ) / 2 + PE
    Total System Jitter     (TSJ):    0.071ns
    Total Input Jitter      (TIJ):    0.000ns
    Discrete Jitter          (DJ):    0.000ns
    Phase Error              (PE):    0.000ns

    Location             Delay type                Incr(ns)  Path(ns)    Netlist Resource(s)
  -------------------------------------------------------------------    -------------------
                         (clock clk rise edge)        0.000     0.000 r  
                         input delay                  1.000     1.000    
                                                      0.000     1.000 r  replay_k_count[0] (IN)
                         net (fo=3, unset)            0.000     1.000    g_set[1].u_memory/replay_k_count[0]
    SLICE_X44Y81         LUT6 (Prop_F6LUT_SLICEL_I1_O)
                                                      0.187     1.187 r  g_set[1].u_memory/replay_ready_INST_0_i_31/O
                         net (fo=1, routed)           0.252     1.439    g_set[1].u_memory/replay_ready_INST_0_i_31_n_0
    SLICE_X44Y81         LUT6 (Prop_D6LUT_SLICEL_I4_O)
                                                      0.081     1.520 r  g_set[1].u_memory/replay_ready_INST_0_i_18/O
                         net (fo=1, routed)           0.313     1.833    g_set[1].u_memory/replay_set_q8
    SLICE_X43Y85         LUT6 (Prop_B6LUT_SLICEM_I3_O)
                                                      0.082     1.915 r  g_set[1].u_memory/replay_ready_INST_0_i_5/O
                         net (fo=22, routed)          0.117     2.032    g_set[1].u_memory/replay_set_q5
    SLICE_X43Y84         LUT4 (Prop_D6LUT_SLICEM_I2_O)
                                                      0.080     2.112 r  g_set[1].u_memory/patch_valid_i_2/O
                         net (fo=40, routed)          0.399     2.511    g_set[1].u_memory/replay_fire
    SLICE_X44Y81         LUT6 (Prop_E6LUT_SLICEL_I3_O)
                                                      0.057     2.568 r  g_set[1].u_memory/reads_issued_q[12]_i_27/O
                         net (fo=1, routed)           0.052     2.620    g_set[1].u_memory/reads_issued_q[12]_i_27_n_0
    SLICE_X44Y81         LUT5 (Prop_A6LUT_SLICEL_I0_O)
                                                      0.082     2.702 r  g_set[1].u_memory/reads_issued_q[12]_i_11/O
                         net (fo=1, routed)           0.176     2.878    g_set[1].u_memory/reads_issued_q[12]_i_11_n_0
    SLICE_X44Y83         CARRY8 (Prop_CARRY8_SLICEL_DI[2]_CO[6])
                                                      0.225     3.103 r  g_set[1].u_memory/reads_issued_q_reg[12]_i_4/CO[6]
                         net (fo=3, routed)           0.375     3.478    g_set[1].u_memory_n_0
    SLICE_X42Y83         LUT6 (Prop_H6LUT_SLICEL_I5_O)
                                                      0.153     3.631 r  pending_k_q[11]_i_1/O
                         net (fo=13, routed)          0.223     3.854    pending_k_q
    SLICE_X42Y83         FDRE                                         r  pending_k_q_reg[5]/CE
  -------------------------------------------------------------------    -------------------

                         (clock clk rise edge)        5.000     5.000 r  
                                                      0.000     5.000 r  clk (IN)
                         net (fo=364, unset)          0.029     5.029    clk
    SLICE_X42Y83         FDRE                                         r  pending_k_q_reg[5]/C
                         clock pessimism              0.000     5.029    
                         clock uncertainty           -0.035     4.994    
    SLICE_X42Y83         FDRE (Setup_GFF_SLICEL_C_CE)
                                                     -0.079     4.915    pending_k_q_reg[5]
  -------------------------------------------------------------------
                         required time                          4.915    
                         arrival time                          -3.854    
  -------------------------------------------------------------------
                         slack                                  1.061    

Slack (MET) :             1.061ns  (required time - arrival time)
  Source:                 replay_k_count[0]
                            (input port clocked by clk  {rise@0.000ns fall@2.500ns period=5.000ns})
  Destination:            pending_k_q_reg[9]/CE
                            (rising edge-triggered cell FDRE clocked by clk  {rise@0.000ns fall@2.500ns period=5.000ns})
  Path Group:             clk
  Path Type:              Setup (Max at Slow Process Corner)
  Requirement:            5.000ns  (clk rise@5.000ns - clk rise@0.000ns)
  Data Path Delay:        2.854ns  (logic 0.947ns (33.184%)  route 1.907ns (66.816%))
  Logic Levels:           8  (CARRY8=1 LUT4=1 LUT5=1 LUT6=5)
  Input Delay:            1.000ns
  Clock Path Skew:        0.029ns (DCD - SCD + CPR)
    Destination Clock Delay (DCD):    0.029ns = ( 5.029 - 5.000 ) 
    Source Clock Delay      (SCD):    0.000ns
    Clock Pessimism Removal (CPR):    0.000ns
  Clock Uncertainty:      0.035ns  ((TSJ^2 + TIJ^2)^1/2 + DJ) / 2 + PE
    Total System Jitter     (TSJ):    0.071ns
    Total Input Jitter      (TIJ):    0.000ns
    Discrete Jitter          (DJ):    0.000ns
    Phase Error              (PE):    0.000ns

    Location             Delay type                Incr(ns)  Path(ns)    Netlist Resource(s)
  -------------------------------------------------------------------    -------------------
                         (clock clk rise edge)        0.000     0.000 r  
                         input delay                  1.000     1.000    
                                                      0.000     1.000 r  replay_k_count[0] (IN)
                         net (fo=3, unset)            0.000     1.000    g_set[1].u_memory/replay_k_count[0]
    SLICE_X44Y81         LUT6 (Prop_F6LUT_SLICEL_I1_O)
                                                      0.187     1.187 r  g_set[1].u_memory/replay_ready_INST_0_i_31/O
                         net (fo=1, routed)           0.252     1.439    g_set[1].u_memory/replay_ready_INST_0_i_31_n_0
    SLICE_X44Y81         LUT6 (Prop_D6LUT_SLICEL_I4_O)
                                                      0.081     1.520 r  g_set[1].u_memory/replay_ready_INST_0_i_18/O
                         net (fo=1, routed)           0.313     1.833    g_set[1].u_memory/replay_set_q8
    SLICE_X43Y85         LUT6 (Prop_B6LUT_SLICEM_I3_O)
                                                      0.082     1.915 r  g_set[1].u_memory/replay_ready_INST_0_i_5/O
                         net (fo=22, routed)          0.117     2.032    g_set[1].u_memory/replay_set_q5
    SLICE_X43Y84         LUT4 (Prop_D6LUT_SLICEM_I2_O)
                                                      0.080     2.112 r  g_set[1].u_memory/patch_valid_i_2/O
                         net (fo=40, routed)          0.399     2.511    g_set[1].u_memory/replay_fire
    SLICE_X44Y81         LUT6 (Prop_E6LUT_SLICEL_I3_O)
                                                      0.057     2.568 r  g_set[1].u_memory/reads_issued_q[12]_i_27/O
                         net (fo=1, routed)           0.052     2.620    g_set[1].u_memory/reads_issued_q[12]_i_27_n_0
    SLICE_X44Y81         LUT5 (Prop_A6LUT_SLICEL_I0_O)
                                                      0.082     2.702 r  g_set[1].u_memory/reads_issued_q[12]_i_11/O
                         net (fo=1, routed)           0.176     2.878    g_set[1].u_memory/reads_issued_q[12]_i_11_n_0
    SLICE_X44Y83         CARRY8 (Prop_CARRY8_SLICEL_DI[2]_CO[6])
                                                      0.225     3.103 r  g_set[1].u_memory/reads_issued_q_reg[12]_i_4/CO[6]
                         net (fo=3, routed)           0.375     3.478    g_set[1].u_memory_n_0
    SLICE_X42Y83         LUT6 (Prop_H6LUT_SLICEL_I5_O)
                                                      0.153     3.631 r  pending_k_q[11]_i_1/O
                         net (fo=13, routed)          0.223     3.854    pending_k_q
    SLICE_X42Y83         FDRE                                         r  pending_k_q_reg[9]/CE
  -------------------------------------------------------------------    -------------------

                         (clock clk rise edge)        5.000     5.000 r  
                                                      0.000     5.000 r  clk (IN)
                         net (fo=364, unset)          0.029     5.029    clk
    SLICE_X42Y83         FDRE                                         r  pending_k_q_reg[9]/C
                         clock pessimism              0.000     5.029    
                         clock uncertainty           -0.035     4.994    
    SLICE_X42Y83         FDRE (Setup_FFF_SLICEL_C_CE)
                                                     -0.079     4.915    pending_k_q_reg[9]
  -------------------------------------------------------------------
                         required time                          4.915    
                         arrival time                          -3.854    
  -------------------------------------------------------------------
                         slack                                  1.061    

Slack (MET) :             1.061ns  (required time - arrival time)
  Source:                 replay_k_count[0]
                            (input port clocked by clk  {rise@0.000ns fall@2.500ns period=5.000ns})
  Destination:            pending_last_q_reg/CE
                            (rising edge-triggered cell FDRE clocked by clk  {rise@0.000ns fall@2.500ns period=5.000ns})
  Path Group:             clk
  Path Type:              Setup (Max at Slow Process Corner)
  Requirement:            5.000ns  (clk rise@5.000ns - clk rise@0.000ns)
  Data Path Delay:        2.854ns  (logic 0.947ns (33.184%)  route 1.907ns (66.816%))
  Logic Levels:           8  (CARRY8=1 LUT4=1 LUT5=1 LUT6=5)
  Input Delay:            1.000ns
  Clock Path Skew:        0.031ns (DCD - SCD + CPR)
    Destination Clock Delay (DCD):    0.031ns = ( 5.031 - 5.000 ) 
    Source Clock Delay      (SCD):    0.000ns
    Clock Pessimism Removal (CPR):    0.000ns
  Clock Uncertainty:      0.035ns  ((TSJ^2 + TIJ^2)^1/2 + DJ) / 2 + PE
    Total System Jitter     (TSJ):    0.071ns
    Total Input Jitter      (TIJ):    0.000ns
    Discrete Jitter          (DJ):    0.000ns
    Phase Error              (PE):    0.000ns

    Location             Delay type                Incr(ns)  Path(ns)    Netlist Resource(s)
  -------------------------------------------------------------------    -------------------
                         (clock clk rise edge)        0.000     0.000 r  
                         input delay                  1.000     1.000    
                                                      0.000     1.000 r  replay_k_count[0] (IN)
                         net (fo=3, unset)            0.000     1.000    g_set[1].u_memory/replay_k_count[0]
    SLICE_X44Y81         LUT6 (Prop_F6LUT_SLICEL_I1_O)
                                                      0.187     1.187 r  g_set[1].u_memory/replay_ready_INST_0_i_31/O
                         net (fo=1, routed)           0.252     1.439    g_set[1].u_memory/replay_ready_INST_0_i_31_n_0
    SLICE_X44Y81         LUT6 (Prop_D6LUT_SLICEL_I4_O)
                                                      0.081     1.520 r  g_set[1].u_memory/replay_ready_INST_0_i_18/O
                         net (fo=1, routed)           0.313     1.833    g_set[1].u_memory/replay_set_q8
    SLICE_X43Y85         LUT6 (Prop_B6LUT_SLICEM_I3_O)
                                                      0.082     1.915 r  g_set[1].u_memory/replay_ready_INST_0_i_5/O
                         net (fo=22, routed)          0.117     2.032    g_set[1].u_memory/replay_set_q5
    SLICE_X43Y84         LUT4 (Prop_D6LUT_SLICEM_I2_O)
                                                      0.080     2.112 r  g_set[1].u_memory/patch_valid_i_2/O
                         net (fo=40, routed)          0.399     2.511    g_set[1].u_memory/replay_fire
    SLICE_X44Y81         LUT6 (Prop_E6LUT_SLICEL_I3_O)
                                                      0.057     2.568 r  g_set[1].u_memory/reads_issued_q[12]_i_27/O
                         net (fo=1, routed)           0.052     2.620    g_set[1].u_memory/reads_issued_q[12]_i_27_n_0
    SLICE_X44Y81         LUT5 (Prop_A6LUT_SLICEL_I0_O)
                                                      0.082     2.702 r  g_set[1].u_memory/reads_issued_q[12]_i_11/O
                         net (fo=1, routed)           0.176     2.878    g_set[1].u_memory/reads_issued_q[12]_i_11_n_0
    SLICE_X44Y83         CARRY8 (Prop_CARRY8_SLICEL_DI[2]_CO[6])
                                                      0.225     3.103 r  g_set[1].u_memory/reads_issued_q_reg[12]_i_4/CO[6]
                         net (fo=3, routed)           0.375     3.478    g_set[1].u_memory_n_0
    SLICE_X42Y83         LUT6 (Prop_H6LUT_SLICEL_I5_O)
                                                      0.153     3.631 r  pending_k_q[11]_i_1/O
                         net (fo=13, routed)          0.223     3.854    pending_k_q
    SLICE_X41Y83         FDRE                                         r  pending_last_q_reg/CE
  -------------------------------------------------------------------    -------------------

                         (clock clk rise edge)        5.000     5.000 r  
                                                      0.000     5.000 r  clk (IN)
                         net (fo=364, unset)          0.031     5.031    clk
    SLICE_X41Y83         FDRE                                         r  pending_last_q_reg/C
                         clock pessimism              0.000     5.031    
                         clock uncertainty           -0.035     4.996    
    SLICE_X41Y83         FDRE (Setup_HFF_SLICEM_C_CE)
                                                     -0.081     4.915    pending_last_q_reg
  -------------------------------------------------------------------
                         required time                          4.915    
                         arrival time                          -3.854    
  -------------------------------------------------------------------
                         slack                                  1.061    




