Copyright 1986-2022 Xilinx, Inc. All Rights Reserved. Copyright 2022-2024 Advanced Micro Devices, Inc. All Rights Reserved.
-------------------------------------------------------------------------------------------------------------------------------------------------------------------------------------------------------------
| Tool Version      : Vivado v.2024.1 (lin64) Build 5076996 Wed May 22 18:36:09 MDT 2024
| Date              : Sun Sep  6 14:20:48 2026
| Host              : yundodo running 64-bit unknown
| Command           : report_timing -delay_type max -max_paths 20 -sort_by group -file /home/dodo/Documents/Codex/2026-08-31/kv260-alexnet-rtl/alexnet/reports/m4n8_graph_compute_top/200mhz/worst_setup.rpt
| Design            : alexnet_m4n8_graph_compute_top
| Device            : xck26-sfvc784
| Speed File        : -2LV  PRODUCTION 1.30 05-15-2022
| Design State      : Routed
| Temperature Grade : C
-------------------------------------------------------------------------------------------------------------------------------------------------------------------------------------------------------------

Timing Report

Slack (MET) :             0.008ns  (required time - arrival time)
  Source:                 fc_result_complete_n_base[3]
                            (input port clocked by clk  {rise@0.000ns fall@2.500ns period=5.000ns})
  Destination:            u_compute/u_shared/u_output_slice/u_partial_sum_bank/mem_reg_25/ENBWREN
                            (rising edge-triggered cell RAMB36E2 clocked by clk  {rise@0.000ns fall@2.500ns period=5.000ns})
  Path Group:             clk
  Path Type:              Setup (Max at Slow Process Corner)
  Requirement:            5.000ns  (clk rise@5.000ns - clk rise@0.000ns)
  Data Path Delay:        3.542ns  (logic 1.272ns (35.909%)  route 2.270ns (64.091%))
  Logic Levels:           11  (LUT3=2 LUT5=4 LUT6=5)
  Input Delay:            1.000ns
  Clock Path Skew:        0.048ns (DCD - SCD + CPR)
    Destination Clock Delay (DCD):    0.048ns = ( 5.048 - 5.000 ) 
    Source Clock Delay      (SCD):    0.000ns
    Clock Pessimism Removal (CPR):    0.000ns
  Clock Uncertainty:      0.035ns  ((TSJ^2 + TIJ^2)^1/2 + DJ) / 2 + PE
    Total System Jitter     (TSJ):    0.071ns
    Total Input Jitter      (TIJ):    0.000ns
    Discrete Jitter          (DJ):    0.000ns
    Phase Error              (PE):    0.000ns

    Location             Delay type                Incr(ns)  Path(ns)    Netlist Resource(s)
  -------------------------------------------------------------------    -------------------
                         (clock clk rise edge)        0.000     0.000 r  
                         input delay                  1.000     1.000    
                                                      0.000     1.000 r  fc_result_complete_n_base[3] (IN)
                         net (fo=0)                   0.000     1.000    u_compute/u_fc/u_controller/fc_result_complete_n_base[3]
    SLICE_X37Y64         LUT6 (Prop_C6LUT_SLICEM_I0_O)
                                                      0.220     1.220 r  u_compute/u_fc/u_controller/fc_fault_INST_0_i_14/O
                         net (fo=1, routed)           0.073     1.293    u_compute/u_fc/u_controller/fc_fault_INST_0_i_14_n_0
    SLICE_X37Y64         LUT6 (Prop_F6LUT_SLICEM_I0_O)
                                                      0.224     1.517 r  u_compute/u_fc/u_controller/fc_fault_INST_0_i_12/O
                         net (fo=1, routed)           0.050     1.567    u_compute/u_fc/u_controller/fc_fault_INST_0_i_12_n_0
    SLICE_X37Y64         LUT6 (Prop_G6LUT_SLICEM_I4_O)
                                                      0.082     1.649 r  u_compute/u_fc/u_controller/fc_fault_INST_0_i_3/O
                         net (fo=2, routed)           0.126     1.775    u_compute/u_fc/u_controller/result_ack_bad2__24
    SLICE_X38Y64         LUT6 (Prop_G6LUT_SLICEM_I2_O)
                                                      0.152     1.927 r  u_compute/u_fc/u_controller/fc_fault_INST_0/O
                         net (fo=12, routed)          0.174     2.101    u_compute/u_fc/u_controller/fc_result_complete_error_0
    SLICE_X40Y65         LUT6 (Prop_B6LUT_SLICEM_I0_O)
                                                      0.057     2.158 f  u_compute/u_fc/u_controller/cfg_n_base_q[12]_i_1/O
                         net (fo=24, routed)          0.055     2.213    u_compute/u_shared/u_output_slice/u_partial_sum_bank/cfg_valid0
    SLICE_X40Y65         LUT5 (Prop_F6LUT_SLICEM_I4_O)
                                                      0.056     2.269 f  u_compute/u_shared/u_output_slice/u_partial_sum_bank/valid_q[0]_i_2/O
                         net (fo=4, routed)           0.058     2.327    u_compute/u_shared/u_output_slice/u_partial_sum_bank/cfg_fire
    SLICE_X40Y65         LUT3 (Prop_G6LUT_SLICEM_I1_O)
                                                      0.082     2.409 f  u_compute/u_shared/u_output_slice/u_partial_sum_bank/egress_word_q[250]_i_2/O
                         net (fo=15, routed)          0.158     2.566    u_compute/u_shared/u_output_slice/u_router/cfg_fire_0
    SLICE_X41Y65         LUT5 (Prop_F6LUT_SLICEM_I0_O)
                                                      0.149     2.715 r  u_compute/u_shared/u_output_slice/u_router/valid_q[4]_i_1/O
                         net (fo=18, routed)          0.115     2.830    u_compute/u_shared/u_output_slice/u_partial_sum_bank/advance
    SLICE_X43Y65         LUT5 (Prop_F6LUT_SLICEM_I2_O)
                                                      0.056     2.886 r  u_compute/u_shared/u_output_slice/u_partial_sum_bank/emit_reads_issued_q[10]_i_2/O
                         net (fo=7, routed)           0.295     3.181    u_compute/u_shared/u_output_slice/u_partial_sum_bank/emit_read_stage_ready__1
    SLICE_X45Y65         LUT5 (Prop_E6LUT_SLICEM_I4_O)
                                                      0.138     3.319 r  u_compute/u_shared/u_output_slice/u_partial_sum_bank/mem_reg_0_i_38/O
                         net (fo=1, routed)           0.049     3.368    u_compute/u_shared/u_output_slice/u_partial_sum_bank/issue_emit_read__1
    SLICE_X45Y65         LUT3 (Prop_C6LUT_SLICEM_I1_O)
                                                      0.056     3.424 r  u_compute/u_shared/u_output_slice/u_partial_sum_bank/mem_reg_0_i_2/O
                         net (fo=28, routed)          1.118     4.542    u_compute/u_shared/u_output_slice/u_partial_sum_bank/mem_reg_0_i_2_n_0
    RAMB36_X2Y19         RAMB36E2                                     r  u_compute/u_shared/u_output_slice/u_partial_sum_bank/mem_reg_25/ENBWREN
  -------------------------------------------------------------------    -------------------

                         (clock clk rise edge)        5.000     5.000 r  
                                                      0.000     5.000 r  clk (IN)
                         net (fo=7719, unset)         0.048     5.048    u_compute/u_shared/u_output_slice/u_partial_sum_bank/clk
    RAMB36_X2Y19         RAMB36E2                                     r  u_compute/u_shared/u_output_slice/u_partial_sum_bank/mem_reg_25/CLKBWRCLK
                         clock pessimism              0.000     5.048    
                         clock uncertainty           -0.035     5.013    
    RAMB36_X2Y19         RAMB36E2 (Setup_RAMB36E2_RAMB36_CLKBWRCLK_ENBWREN)
                                                     -0.462     4.551    u_compute/u_shared/u_output_slice/u_partial_sum_bank/mem_reg_25
  -------------------------------------------------------------------
                         required time                          4.551    
                         arrival time                          -4.542    
  -------------------------------------------------------------------
                         slack                                  0.008    

Slack (MET) :             0.034ns  (required time - arrival time)
  Source:                 fc_result_complete_n_base[3]
                            (input port clocked by clk  {rise@0.000ns fall@2.500ns period=5.000ns})
  Destination:            u_compute/u_shared/u_output_slice/u_partial_sum_bank/mem_reg_18/ENBWREN
                            (rising edge-triggered cell RAMB36E2 clocked by clk  {rise@0.000ns fall@2.500ns period=5.000ns})
  Path Group:             clk
  Path Type:              Setup (Max at Slow Process Corner)
  Requirement:            5.000ns  (clk rise@5.000ns - clk rise@0.000ns)
  Data Path Delay:        3.516ns  (logic 1.272ns (36.174%)  route 2.244ns (63.826%))
  Logic Levels:           11  (LUT3=2 LUT5=4 LUT6=5)
  Input Delay:            1.000ns
  Clock Path Skew:        0.048ns (DCD - SCD + CPR)
    Destination Clock Delay (DCD):    0.048ns = ( 5.048 - 5.000 ) 
    Source Clock Delay      (SCD):    0.000ns
    Clock Pessimism Removal (CPR):    0.000ns
  Clock Uncertainty:      0.035ns  ((TSJ^2 + TIJ^2)^1/2 + DJ) / 2 + PE
    Total System Jitter     (TSJ):    0.071ns
    Total Input Jitter      (TIJ):    0.000ns
    Discrete Jitter          (DJ):    0.000ns
    Phase Error              (PE):    0.000ns

    Location             Delay type                Incr(ns)  Path(ns)    Netlist Resource(s)
  -------------------------------------------------------------------    -------------------
                         (clock clk rise edge)        0.000     0.000 r  
                         input delay                  1.000     1.000    
                                                      0.000     1.000 r  fc_result_complete_n_base[3] (IN)
                         net (fo=0)                   0.000     1.000    u_compute/u_fc/u_controller/fc_result_complete_n_base[3]
    SLICE_X37Y64         LUT6 (Prop_C6LUT_SLICEM_I0_O)
                                                      0.220     1.220 r  u_compute/u_fc/u_controller/fc_fault_INST_0_i_14/O
                         net (fo=1, routed)           0.073     1.293    u_compute/u_fc/u_controller/fc_fault_INST_0_i_14_n_0
    SLICE_X37Y64         LUT6 (Prop_F6LUT_SLICEM_I0_O)
                                                      0.224     1.517 r  u_compute/u_fc/u_controller/fc_fault_INST_0_i_12/O
                         net (fo=1, routed)           0.050     1.567    u_compute/u_fc/u_controller/fc_fault_INST_0_i_12_n_0
    SLICE_X37Y64         LUT6 (Prop_G6LUT_SLICEM_I4_O)
                                                      0.082     1.649 r  u_compute/u_fc/u_controller/fc_fault_INST_0_i_3/O
                         net (fo=2, routed)           0.126     1.775    u_compute/u_fc/u_controller/result_ack_bad2__24
    SLICE_X38Y64         LUT6 (Prop_G6LUT_SLICEM_I2_O)
                                                      0.152     1.927 r  u_compute/u_fc/u_controller/fc_fault_INST_0/O
                         net (fo=12, routed)          0.174     2.101    u_compute/u_fc/u_controller/fc_result_complete_error_0
    SLICE_X40Y65         LUT6 (Prop_B6LUT_SLICEM_I0_O)
                                                      0.057     2.158 f  u_compute/u_fc/u_controller/cfg_n_base_q[12]_i_1/O
                         net (fo=24, routed)          0.055     2.213    u_compute/u_shared/u_output_slice/u_partial_sum_bank/cfg_valid0
    SLICE_X40Y65         LUT5 (Prop_F6LUT_SLICEM_I4_O)
                                                      0.056     2.269 f  u_compute/u_shared/u_output_slice/u_partial_sum_bank/valid_q[0]_i_2/O
                         net (fo=4, routed)           0.058     2.327    u_compute/u_shared/u_output_slice/u_partial_sum_bank/cfg_fire
    SLICE_X40Y65         LUT3 (Prop_G6LUT_SLICEM_I1_O)
                                                      0.082     2.409 f  u_compute/u_shared/u_output_slice/u_partial_sum_bank/egress_word_q[250]_i_2/O
                         net (fo=15, routed)          0.158     2.566    u_compute/u_shared/u_output_slice/u_router/cfg_fire_0
    SLICE_X41Y65         LUT5 (Prop_F6LUT_SLICEM_I0_O)
                                                      0.149     2.715 r  u_compute/u_shared/u_output_slice/u_router/valid_q[4]_i_1/O
                         net (fo=18, routed)          0.115     2.830    u_compute/u_shared/u_output_slice/u_partial_sum_bank/advance
    SLICE_X43Y65         LUT5 (Prop_F6LUT_SLICEM_I2_O)
                                                      0.056     2.886 r  u_compute/u_shared/u_output_slice/u_partial_sum_bank/emit_reads_issued_q[10]_i_2/O
                         net (fo=7, routed)           0.295     3.181    u_compute/u_shared/u_output_slice/u_partial_sum_bank/emit_read_stage_ready__1
    SLICE_X45Y65         LUT5 (Prop_E6LUT_SLICEM_I4_O)
                                                      0.138     3.319 r  u_compute/u_shared/u_output_slice/u_partial_sum_bank/mem_reg_0_i_38/O
                         net (fo=1, routed)           0.049     3.368    u_compute/u_shared/u_output_slice/u_partial_sum_bank/issue_emit_read__1
    SLICE_X45Y65         LUT3 (Prop_C6LUT_SLICEM_I1_O)
                                                      0.056     3.424 r  u_compute/u_shared/u_output_slice/u_partial_sum_bank/mem_reg_0_i_2/O
                         net (fo=28, routed)          1.092     4.516    u_compute/u_shared/u_output_slice/u_partial_sum_bank/mem_reg_0_i_2_n_0
    RAMB36_X2Y15         RAMB36E2                                     r  u_compute/u_shared/u_output_slice/u_partial_sum_bank/mem_reg_18/ENBWREN
  -------------------------------------------------------------------    -------------------

                         (clock clk rise edge)        5.000     5.000 r  
                                                      0.000     5.000 r  clk (IN)
                         net (fo=7719, unset)         0.048     5.048    u_compute/u_shared/u_output_slice/u_partial_sum_bank/clk
    RAMB36_X2Y15         RAMB36E2                                     r  u_compute/u_shared/u_output_slice/u_partial_sum_bank/mem_reg_18/CLKBWRCLK
                         clock pessimism              0.000     5.048    
                         clock uncertainty           -0.035     5.013    
    RAMB36_X2Y15         RAMB36E2 (Setup_RAMB36E2_RAMB36_CLKBWRCLK_ENBWREN)
                                                     -0.462     4.551    u_compute/u_shared/u_output_slice/u_partial_sum_bank/mem_reg_18
  -------------------------------------------------------------------
                         required time                          4.551    
                         arrival time                          -4.516    
  -------------------------------------------------------------------
                         slack                                  0.034    

Slack (MET) :             0.046ns  (required time - arrival time)
  Source:                 fc_result_complete_n_base[3]
                            (input port clocked by clk  {rise@0.000ns fall@2.500ns period=5.000ns})
  Destination:            u_compute/u_shared/u_output_slice/u_partial_sum_bank/mem_reg_2/ENBWREN
                            (rising edge-triggered cell RAMB36E2 clocked by clk  {rise@0.000ns fall@2.500ns period=5.000ns})
  Path Group:             clk
  Path Type:              Setup (Max at Slow Process Corner)
  Requirement:            5.000ns  (clk rise@5.000ns - clk rise@0.000ns)
  Data Path Delay:        3.505ns  (logic 1.272ns (36.295%)  route 2.233ns (63.705%))
  Logic Levels:           11  (LUT3=2 LUT5=4 LUT6=5)
  Input Delay:            1.000ns
  Clock Path Skew:        0.048ns (DCD - SCD + CPR)
    Destination Clock Delay (DCD):    0.048ns = ( 5.048 - 5.000 ) 
    Source Clock Delay      (SCD):    0.000ns
    Clock Pessimism Removal (CPR):    0.000ns
  Clock Uncertainty:      0.035ns  ((TSJ^2 + TIJ^2)^1/2 + DJ) / 2 + PE
    Total System Jitter     (TSJ):    0.071ns
    Total Input Jitter      (TIJ):    0.000ns
    Discrete Jitter          (DJ):    0.000ns
    Phase Error              (PE):    0.000ns

    Location             Delay type                Incr(ns)  Path(ns)    Netlist Resource(s)
  -------------------------------------------------------------------    -------------------
                         (clock clk rise edge)        0.000     0.000 r  
                         input delay                  1.000     1.000    
                                                      0.000     1.000 r  fc_result_complete_n_base[3] (IN)
                         net (fo=0)                   0.000     1.000    u_compute/u_fc/u_controller/fc_result_complete_n_base[3]
    SLICE_X37Y64         LUT6 (Prop_C6LUT_SLICEM_I0_O)
                                                      0.220     1.220 r  u_compute/u_fc/u_controller/fc_fault_INST_0_i_14/O
                         net (fo=1, routed)           0.073     1.293    u_compute/u_fc/u_controller/fc_fault_INST_0_i_14_n_0
    SLICE_X37Y64         LUT6 (Prop_F6LUT_SLICEM_I0_O)
                                                      0.224     1.517 r  u_compute/u_fc/u_controller/fc_fault_INST_0_i_12/O
                         net (fo=1, routed)           0.050     1.567    u_compute/u_fc/u_controller/fc_fault_INST_0_i_12_n_0
    SLICE_X37Y64         LUT6 (Prop_G6LUT_SLICEM_I4_O)
                                                      0.082     1.649 r  u_compute/u_fc/u_controller/fc_fault_INST_0_i_3/O
                         net (fo=2, routed)           0.126     1.775    u_compute/u_fc/u_controller/result_ack_bad2__24
    SLICE_X38Y64         LUT6 (Prop_G6LUT_SLICEM_I2_O)
                                                      0.152     1.927 r  u_compute/u_fc/u_controller/fc_fault_INST_0/O
                         net (fo=12, routed)          0.174     2.101    u_compute/u_fc/u_controller/fc_result_complete_error_0
    SLICE_X40Y65         LUT6 (Prop_B6LUT_SLICEM_I0_O)
                                                      0.057     2.158 f  u_compute/u_fc/u_controller/cfg_n_base_q[12]_i_1/O
                         net (fo=24, routed)          0.055     2.213    u_compute/u_shared/u_output_slice/u_partial_sum_bank/cfg_valid0
    SLICE_X40Y65         LUT5 (Prop_F6LUT_SLICEM_I4_O)
                                                      0.056     2.269 f  u_compute/u_shared/u_output_slice/u_partial_sum_bank/valid_q[0]_i_2/O
                         net (fo=4, routed)           0.058     2.327    u_compute/u_shared/u_output_slice/u_partial_sum_bank/cfg_fire
    SLICE_X40Y65         LUT3 (Prop_G6LUT_SLICEM_I1_O)
                                                      0.082     2.409 f  u_compute/u_shared/u_output_slice/u_partial_sum_bank/egress_word_q[250]_i_2/O
                         net (fo=15, routed)          0.158     2.566    u_compute/u_shared/u_output_slice/u_router/cfg_fire_0
    SLICE_X41Y65         LUT5 (Prop_F6LUT_SLICEM_I0_O)
                                                      0.149     2.715 r  u_compute/u_shared/u_output_slice/u_router/valid_q[4]_i_1/O
                         net (fo=18, routed)          0.115     2.830    u_compute/u_shared/u_output_slice/u_partial_sum_bank/advance
    SLICE_X43Y65         LUT5 (Prop_F6LUT_SLICEM_I2_O)
                                                      0.056     2.886 r  u_compute/u_shared/u_output_slice/u_partial_sum_bank/emit_reads_issued_q[10]_i_2/O
                         net (fo=7, routed)           0.295     3.181    u_compute/u_shared/u_output_slice/u_partial_sum_bank/emit_read_stage_ready__1
    SLICE_X45Y65         LUT5 (Prop_E6LUT_SLICEM_I4_O)
                                                      0.138     3.319 r  u_compute/u_shared/u_output_slice/u_partial_sum_bank/mem_reg_0_i_38/O
                         net (fo=1, routed)           0.049     3.368    u_compute/u_shared/u_output_slice/u_partial_sum_bank/issue_emit_read__1
    SLICE_X45Y65         LUT3 (Prop_C6LUT_SLICEM_I1_O)
                                                      0.056     3.424 r  u_compute/u_shared/u_output_slice/u_partial_sum_bank/mem_reg_0_i_2/O
                         net (fo=28, routed)          1.080     4.505    u_compute/u_shared/u_output_slice/u_partial_sum_bank/mem_reg_0_i_2_n_0
    RAMB36_X1Y23         RAMB36E2                                     r  u_compute/u_shared/u_output_slice/u_partial_sum_bank/mem_reg_2/ENBWREN
  -------------------------------------------------------------------    -------------------

                         (clock clk rise edge)        5.000     5.000 r  
                                                      0.000     5.000 r  clk (IN)
                         net (fo=7719, unset)         0.048     5.048    u_compute/u_shared/u_output_slice/u_partial_sum_bank/clk
    RAMB36_X1Y23         RAMB36E2                                     r  u_compute/u_shared/u_output_slice/u_partial_sum_bank/mem_reg_2/CLKBWRCLK
                         clock pessimism              0.000     5.048    
                         clock uncertainty           -0.035     5.013    
    RAMB36_X1Y23         RAMB36E2 (Setup_RAMB36E2_RAMB36_CLKBWRCLK_ENBWREN)
                                                     -0.462     4.551    u_compute/u_shared/u_output_slice/u_partial_sum_bank/mem_reg_2
  -------------------------------------------------------------------
                         required time                          4.551    
                         arrival time                          -4.505    
  -------------------------------------------------------------------
                         slack                                  0.046    

Slack (MET) :             0.069ns  (required time - arrival time)
  Source:                 fc_result_complete_n_base[3]
                            (input port clocked by clk  {rise@0.000ns fall@2.500ns period=5.000ns})
  Destination:            u_compute/u_shared/u_output_slice/u_partial_sum_bank/mem_reg_25/ADDRBWRADDR[10]
                            (rising edge-triggered cell RAMB36E2 clocked by clk  {rise@0.000ns fall@2.500ns period=5.000ns})
  Path Group:             clk
  Path Type:              Setup (Max at Slow Process Corner)
  Requirement:            5.000ns  (clk rise@5.000ns - clk rise@0.000ns)
  Data Path Delay:        3.481ns  (logic 1.217ns (34.960%)  route 2.264ns (65.040%))
  Logic Levels:           11  (LUT3=1 LUT4=1 LUT5=3 LUT6=6)
  Input Delay:            1.000ns
  Clock Path Skew:        0.048ns (DCD - SCD + CPR)
    Destination Clock Delay (DCD):    0.048ns = ( 5.048 - 5.000 ) 
    Source Clock Delay      (SCD):    0.000ns
    Clock Pessimism Removal (CPR):    0.000ns
  Clock Uncertainty:      0.035ns  ((TSJ^2 + TIJ^2)^1/2 + DJ) / 2 + PE
    Total System Jitter     (TSJ):    0.071ns
    Total Input Jitter      (TIJ):    0.000ns
    Discrete Jitter          (DJ):    0.000ns
    Phase Error              (PE):    0.000ns

    Location             Delay type                Incr(ns)  Path(ns)    Netlist Resource(s)
  -------------------------------------------------------------------    -------------------
                         (clock clk rise edge)        0.000     0.000 r  
                         input delay                  1.000     1.000    
                                                      0.000     1.000 r  fc_result_complete_n_base[3] (IN)
                         net (fo=0)                   0.000     1.000    u_compute/u_fc/u_controller/fc_result_complete_n_base[3]
    SLICE_X37Y64         LUT6 (Prop_C6LUT_SLICEM_I0_O)
                                                      0.220     1.220 r  u_compute/u_fc/u_controller/fc_fault_INST_0_i_14/O
                         net (fo=1, routed)           0.073     1.293    u_compute/u_fc/u_controller/fc_fault_INST_0_i_14_n_0
    SLICE_X37Y64         LUT6 (Prop_F6LUT_SLICEM_I0_O)
                                                      0.224     1.517 r  u_compute/u_fc/u_controller/fc_fault_INST_0_i_12/O
                         net (fo=1, routed)           0.050     1.567    u_compute/u_fc/u_controller/fc_fault_INST_0_i_12_n_0
    SLICE_X37Y64         LUT6 (Prop_G6LUT_SLICEM_I4_O)
                                                      0.082     1.649 r  u_compute/u_fc/u_controller/fc_fault_INST_0_i_3/O
                         net (fo=2, routed)           0.126     1.775    u_compute/u_fc/u_controller/result_ack_bad2__24
    SLICE_X38Y64         LUT6 (Prop_G6LUT_SLICEM_I2_O)
                                                      0.152     1.927 r  u_compute/u_fc/u_controller/fc_fault_INST_0/O
                         net (fo=12, routed)          0.174     2.101    u_compute/u_fc/u_controller/fc_result_complete_error_0
    SLICE_X40Y65         LUT6 (Prop_B6LUT_SLICEM_I0_O)
                                                      0.057     2.158 f  u_compute/u_fc/u_controller/cfg_n_base_q[12]_i_1/O
                         net (fo=24, routed)          0.055     2.213    u_compute/u_shared/u_output_slice/u_partial_sum_bank/cfg_valid0
    SLICE_X40Y65         LUT5 (Prop_F6LUT_SLICEM_I4_O)
                                                      0.056     2.269 f  u_compute/u_shared/u_output_slice/u_partial_sum_bank/valid_q[0]_i_2/O
                         net (fo=4, routed)           0.058     2.327    u_compute/u_shared/u_output_slice/u_partial_sum_bank/cfg_fire
    SLICE_X40Y65         LUT3 (Prop_G6LUT_SLICEM_I1_O)
                                                      0.082     2.409 f  u_compute/u_shared/u_output_slice/u_partial_sum_bank/egress_word_q[250]_i_2/O
                         net (fo=15, routed)          0.158     2.566    u_compute/u_shared/u_output_slice/u_router/cfg_fire_0
    SLICE_X41Y65         LUT5 (Prop_F6LUT_SLICEM_I0_O)
                                                      0.149     2.715 r  u_compute/u_shared/u_output_slice/u_router/valid_q[4]_i_1/O
                         net (fo=18, routed)          0.115     2.830    u_compute/u_shared/u_output_slice/u_partial_sum_bank/advance
    SLICE_X43Y65         LUT5 (Prop_F6LUT_SLICEM_I2_O)
                                                      0.056     2.886 r  u_compute/u_shared/u_output_slice/u_partial_sum_bank/emit_reads_issued_q[10]_i_2/O
                         net (fo=7, routed)           0.054     2.940    u_compute/u_shared/u_output_slice/u_partial_sum_bank/emit_read_stage_ready__1
    SLICE_X43Y65         LUT6 (Prop_G6LUT_SLICEM_I0_O)
                                                      0.082     3.022 r  u_compute/u_shared/u_output_slice/u_partial_sum_bank/mem_reg_0_i_41/O
                         net (fo=12, routed)          0.418     3.440    u_compute/u_shared/u_output_slice/u_partial_sum_bank/mem_reg_0_i_41_n_0
    SLICE_X46Y66         LUT4 (Prop_E6LUT_SLICEL_I1_O)
                                                      0.057     3.497 r  u_compute/u_shared/u_output_slice/u_partial_sum_bank/mem_reg_0_i_19/O
                         net (fo=28, routed)          0.984     4.481    u_compute/u_shared/u_output_slice/u_partial_sum_bank/mem_read_addr[7]
    RAMB36_X2Y19         RAMB36E2                                     r  u_compute/u_shared/u_output_slice/u_partial_sum_bank/mem_reg_25/ADDRBWRADDR[10]
  -------------------------------------------------------------------    -------------------

                         (clock clk rise edge)        5.000     5.000 r  
                                                      0.000     5.000 r  clk (IN)
                         net (fo=7719, unset)         0.048     5.048    u_compute/u_shared/u_output_slice/u_partial_sum_bank/clk
    RAMB36_X2Y19         RAMB36E2                                     r  u_compute/u_shared/u_output_slice/u_partial_sum_bank/mem_reg_25/CLKBWRCLK
                         clock pessimism              0.000     5.048    
                         clock uncertainty           -0.035     5.013    
    RAMB36_X2Y19         RAMB36E2 (Setup_RAMB36E2_RAMB36_CLKBWRCLK_ADDRBWRADDR[10])
                                                     -0.462     4.551    u_compute/u_shared/u_output_slice/u_partial_sum_bank/mem_reg_25
  -------------------------------------------------------------------
                         required time                          4.551    
                         arrival time                          -4.481    
  -------------------------------------------------------------------
                         slack                                  0.069    

Slack (MET) :             0.076ns  (required time - arrival time)
  Source:                 fc_result_complete_n_base[3]
                            (input port clocked by clk  {rise@0.000ns fall@2.500ns period=5.000ns})
  Destination:            u_compute/u_shared/u_output_slice/u_partial_sum_bank/mem_reg_8/ENBWREN
                            (rising edge-triggered cell RAMB36E2 clocked by clk  {rise@0.000ns fall@2.500ns period=5.000ns})
  Path Group:             clk
  Path Type:              Setup (Max at Slow Process Corner)
  Requirement:            5.000ns  (clk rise@5.000ns - clk rise@0.000ns)
  Data Path Delay:        3.475ns  (logic 1.272ns (36.603%)  route 2.203ns (63.397%))
  Logic Levels:           11  (LUT3=2 LUT5=4 LUT6=5)
  Input Delay:            1.000ns
  Clock Path Skew:        0.048ns (DCD - SCD + CPR)
    Destination Clock Delay (DCD):    0.048ns = ( 5.048 - 5.000 ) 
    Source Clock Delay      (SCD):    0.000ns
    Clock Pessimism Removal (CPR):    0.000ns
  Clock Uncertainty:      0.035ns  ((TSJ^2 + TIJ^2)^1/2 + DJ) / 2 + PE
    Total System Jitter     (TSJ):    0.071ns
    Total Input Jitter      (TIJ):    0.000ns
    Discrete Jitter          (DJ):    0.000ns
    Phase Error              (PE):    0.000ns

    Location             Delay type                Incr(ns)  Path(ns)    Netlist Resource(s)
  -------------------------------------------------------------------    -------------------
                         (clock clk rise edge)        0.000     0.000 r  
                         input delay                  1.000     1.000    
                                                      0.000     1.000 r  fc_result_complete_n_base[3] (IN)
                         net (fo=0)                   0.000     1.000    u_compute/u_fc/u_controller/fc_result_complete_n_base[3]
    SLICE_X37Y64         LUT6 (Prop_C6LUT_SLICEM_I0_O)
                                                      0.220     1.220 r  u_compute/u_fc/u_controller/fc_fault_INST_0_i_14/O
                         net (fo=1, routed)           0.073     1.293    u_compute/u_fc/u_controller/fc_fault_INST_0_i_14_n_0
    SLICE_X37Y64         LUT6 (Prop_F6LUT_SLICEM_I0_O)
                                                      0.224     1.517 r  u_compute/u_fc/u_controller/fc_fault_INST_0_i_12/O
                         net (fo=1, routed)           0.050     1.567    u_compute/u_fc/u_controller/fc_fault_INST_0_i_12_n_0
    SLICE_X37Y64         LUT6 (Prop_G6LUT_SLICEM_I4_O)
                                                      0.082     1.649 r  u_compute/u_fc/u_controller/fc_fault_INST_0_i_3/O
                         net (fo=2, routed)           0.126     1.775    u_compute/u_fc/u_controller/result_ack_bad2__24
    SLICE_X38Y64         LUT6 (Prop_G6LUT_SLICEM_I2_O)
                                                      0.152     1.927 r  u_compute/u_fc/u_controller/fc_fault_INST_0/O
                         net (fo=12, routed)          0.174     2.101    u_compute/u_fc/u_controller/fc_result_complete_error_0
    SLICE_X40Y65         LUT6 (Prop_B6LUT_SLICEM_I0_O)
                                                      0.057     2.158 f  u_compute/u_fc/u_controller/cfg_n_base_q[12]_i_1/O
                         net (fo=24, routed)          0.055     2.213    u_compute/u_shared/u_output_slice/u_partial_sum_bank/cfg_valid0
    SLICE_X40Y65         LUT5 (Prop_F6LUT_SLICEM_I4_O)
                                                      0.056     2.269 f  u_compute/u_shared/u_output_slice/u_partial_sum_bank/valid_q[0]_i_2/O
                         net (fo=4, routed)           0.058     2.327    u_compute/u_shared/u_output_slice/u_partial_sum_bank/cfg_fire
    SLICE_X40Y65         LUT3 (Prop_G6LUT_SLICEM_I1_O)
                                                      0.082     2.409 f  u_compute/u_shared/u_output_slice/u_partial_sum_bank/egress_word_q[250]_i_2/O
                         net (fo=15, routed)          0.158     2.566    u_compute/u_shared/u_output_slice/u_router/cfg_fire_0
    SLICE_X41Y65         LUT5 (Prop_F6LUT_SLICEM_I0_O)
                                                      0.149     2.715 r  u_compute/u_shared/u_output_slice/u_router/valid_q[4]_i_1/O
                         net (fo=18, routed)          0.115     2.830    u_compute/u_shared/u_output_slice/u_partial_sum_bank/advance
    SLICE_X43Y65         LUT5 (Prop_F6LUT_SLICEM_I2_O)
                                                      0.056     2.886 r  u_compute/u_shared/u_output_slice/u_partial_sum_bank/emit_reads_issued_q[10]_i_2/O
                         net (fo=7, routed)           0.295     3.181    u_compute/u_shared/u_output_slice/u_partial_sum_bank/emit_read_stage_ready__1
    SLICE_X45Y65         LUT5 (Prop_E6LUT_SLICEM_I4_O)
                                                      0.138     3.319 r  u_compute/u_shared/u_output_slice/u_partial_sum_bank/mem_reg_0_i_38/O
                         net (fo=1, routed)           0.049     3.368    u_compute/u_shared/u_output_slice/u_partial_sum_bank/issue_emit_read__1
    SLICE_X45Y65         LUT3 (Prop_C6LUT_SLICEM_I1_O)
                                                      0.056     3.424 r  u_compute/u_shared/u_output_slice/u_partial_sum_bank/mem_reg_0_i_2/O
                         net (fo=28, routed)          1.051     4.475    u_compute/u_shared/u_output_slice/u_partial_sum_bank/mem_reg_0_i_2_n_0
    RAMB36_X2Y12         RAMB36E2                                     r  u_compute/u_shared/u_output_slice/u_partial_sum_bank/mem_reg_8/ENBWREN
  -------------------------------------------------------------------    -------------------

                         (clock clk rise edge)        5.000     5.000 r  
                                                      0.000     5.000 r  clk (IN)
                         net (fo=7719, unset)         0.048     5.048    u_compute/u_shared/u_output_slice/u_partial_sum_bank/clk
    RAMB36_X2Y12         RAMB36E2                                     r  u_compute/u_shared/u_output_slice/u_partial_sum_bank/mem_reg_8/CLKBWRCLK
                         clock pessimism              0.000     5.048    
                         clock uncertainty           -0.035     5.013    
    RAMB36_X2Y12         RAMB36E2 (Setup_RAMB36E2_RAMB36_CLKBWRCLK_ENBWREN)
                                                     -0.462     4.551    u_compute/u_shared/u_output_slice/u_partial_sum_bank/mem_reg_8
  -------------------------------------------------------------------
                         required time                          4.551    
                         arrival time                          -4.475    
  -------------------------------------------------------------------
                         slack                                  0.076    

Slack (MET) :             0.078ns  (required time - arrival time)
  Source:                 fc_result_complete_n_base[3]
                            (input port clocked by clk  {rise@0.000ns fall@2.500ns period=5.000ns})
  Destination:            u_compute/u_shared/u_output_slice/u_partial_sum_bank/mem_reg_13/ENBWREN
                            (rising edge-triggered cell RAMB36E2 clocked by clk  {rise@0.000ns fall@2.500ns period=5.000ns})
  Path Group:             clk
  Path Type:              Setup (Max at Slow Process Corner)
  Requirement:            5.000ns  (clk rise@5.000ns - clk rise@0.000ns)
  Data Path Delay:        3.473ns  (logic 1.272ns (36.629%)  route 2.201ns (63.371%))
  Logic Levels:           11  (LUT3=2 LUT5=4 LUT6=5)
  Input Delay:            1.000ns
  Clock Path Skew:        0.048ns (DCD - SCD + CPR)
    Destination Clock Delay (DCD):    0.048ns = ( 5.048 - 5.000 ) 
    Source Clock Delay      (SCD):    0.000ns
    Clock Pessimism Removal (CPR):    0.000ns
  Clock Uncertainty:      0.035ns  ((TSJ^2 + TIJ^2)^1/2 + DJ) / 2 + PE
    Total System Jitter     (TSJ):    0.071ns
    Total Input Jitter      (TIJ):    0.000ns
    Discrete Jitter          (DJ):    0.000ns
    Phase Error              (PE):    0.000ns

    Location             Delay type                Incr(ns)  Path(ns)    Netlist Resource(s)
  -------------------------------------------------------------------    -------------------
                         (clock clk rise edge)        0.000     0.000 r  
                         input delay                  1.000     1.000    
                                                      0.000     1.000 r  fc_result_complete_n_base[3] (IN)
                         net (fo=0)                   0.000     1.000    u_compute/u_fc/u_controller/fc_result_complete_n_base[3]
    SLICE_X37Y64         LUT6 (Prop_C6LUT_SLICEM_I0_O)
                                                      0.220     1.220 r  u_compute/u_fc/u_controller/fc_fault_INST_0_i_14/O
                         net (fo=1, routed)           0.073     1.293    u_compute/u_fc/u_controller/fc_fault_INST_0_i_14_n_0
    SLICE_X37Y64         LUT6 (Prop_F6LUT_SLICEM_I0_O)
                                                      0.224     1.517 r  u_compute/u_fc/u_controller/fc_fault_INST_0_i_12/O
                         net (fo=1, routed)           0.050     1.567    u_compute/u_fc/u_controller/fc_fault_INST_0_i_12_n_0
    SLICE_X37Y64         LUT6 (Prop_G6LUT_SLICEM_I4_O)
                                                      0.082     1.649 r  u_compute/u_fc/u_controller/fc_fault_INST_0_i_3/O
                         net (fo=2, routed)           0.126     1.775    u_compute/u_fc/u_controller/result_ack_bad2__24
    SLICE_X38Y64         LUT6 (Prop_G6LUT_SLICEM_I2_O)
                                                      0.152     1.927 r  u_compute/u_fc/u_controller/fc_fault_INST_0/O
                         net (fo=12, routed)          0.174     2.101    u_compute/u_fc/u_controller/fc_result_complete_error_0
    SLICE_X40Y65         LUT6 (Prop_B6LUT_SLICEM_I0_O)
                                                      0.057     2.158 f  u_compute/u_fc/u_controller/cfg_n_base_q[12]_i_1/O
                         net (fo=24, routed)          0.055     2.213    u_compute/u_shared/u_output_slice/u_partial_sum_bank/cfg_valid0
    SLICE_X40Y65         LUT5 (Prop_F6LUT_SLICEM_I4_O)
                                                      0.056     2.269 f  u_compute/u_shared/u_output_slice/u_partial_sum_bank/valid_q[0]_i_2/O
                         net (fo=4, routed)           0.058     2.327    u_compute/u_shared/u_output_slice/u_partial_sum_bank/cfg_fire
    SLICE_X40Y65         LUT3 (Prop_G6LUT_SLICEM_I1_O)
                                                      0.082     2.409 f  u_compute/u_shared/u_output_slice/u_partial_sum_bank/egress_word_q[250]_i_2/O
                         net (fo=15, routed)          0.158     2.566    u_compute/u_shared/u_output_slice/u_router/cfg_fire_0
    SLICE_X41Y65         LUT5 (Prop_F6LUT_SLICEM_I0_O)
                                                      0.149     2.715 r  u_compute/u_shared/u_output_slice/u_router/valid_q[4]_i_1/O
                         net (fo=18, routed)          0.115     2.830    u_compute/u_shared/u_output_slice/u_partial_sum_bank/advance
    SLICE_X43Y65         LUT5 (Prop_F6LUT_SLICEM_I2_O)
                                                      0.056     2.886 r  u_compute/u_shared/u_output_slice/u_partial_sum_bank/emit_reads_issued_q[10]_i_2/O
                         net (fo=7, routed)           0.295     3.181    u_compute/u_shared/u_output_slice/u_partial_sum_bank/emit_read_stage_ready__1
    SLICE_X45Y65         LUT5 (Prop_E6LUT_SLICEM_I4_O)
                                                      0.138     3.319 r  u_compute/u_shared/u_output_slice/u_partial_sum_bank/mem_reg_0_i_38/O
                         net (fo=1, routed)           0.049     3.368    u_compute/u_shared/u_output_slice/u_partial_sum_bank/issue_emit_read__1
    SLICE_X45Y65         LUT3 (Prop_C6LUT_SLICEM_I1_O)
                                                      0.056     3.424 r  u_compute/u_shared/u_output_slice/u_partial_sum_bank/mem_reg_0_i_2/O
                         net (fo=28, routed)          1.048     4.473    u_compute/u_shared/u_output_slice/u_partial_sum_bank/mem_reg_0_i_2_n_0
    RAMB36_X2Y7          RAMB36E2                                     r  u_compute/u_shared/u_output_slice/u_partial_sum_bank/mem_reg_13/ENBWREN
  -------------------------------------------------------------------    -------------------

                         (clock clk rise edge)        5.000     5.000 r  
                                                      0.000     5.000 r  clk (IN)
                         net (fo=7719, unset)         0.048     5.048    u_compute/u_shared/u_output_slice/u_partial_sum_bank/clk
    RAMB36_X2Y7          RAMB36E2                                     r  u_compute/u_shared/u_output_slice/u_partial_sum_bank/mem_reg_13/CLKBWRCLK
                         clock pessimism              0.000     5.048    
                         clock uncertainty           -0.035     5.013    
    RAMB36_X2Y7          RAMB36E2 (Setup_RAMB36E2_RAMB36_CLKBWRCLK_ENBWREN)
                                                     -0.462     4.551    u_compute/u_shared/u_output_slice/u_partial_sum_bank/mem_reg_13
  -------------------------------------------------------------------
                         required time                          4.551    
                         arrival time                          -4.473    
  -------------------------------------------------------------------
                         slack                                  0.078    

Slack (MET) :             0.080ns  (required time - arrival time)
  Source:                 fc_result_complete_n_base[3]
                            (input port clocked by clk  {rise@0.000ns fall@2.500ns period=5.000ns})
  Destination:            u_compute/u_shared/u_output_slice/u_partial_sum_bank/mem_reg_5/ENBWREN
                            (rising edge-triggered cell RAMB36E2 clocked by clk  {rise@0.000ns fall@2.500ns period=5.000ns})
  Path Group:             clk
  Path Type:              Setup (Max at Slow Process Corner)
  Requirement:            5.000ns  (clk rise@5.000ns - clk rise@0.000ns)
  Data Path Delay:        3.470ns  (logic 1.272ns (36.652%)  route 2.198ns (63.348%))
  Logic Levels:           11  (LUT3=2 LUT5=4 LUT6=5)
  Input Delay:            1.000ns
  Clock Path Skew:        0.048ns (DCD - SCD + CPR)
    Destination Clock Delay (DCD):    0.048ns = ( 5.048 - 5.000 ) 
    Source Clock Delay      (SCD):    0.000ns
    Clock Pessimism Removal (CPR):    0.000ns
  Clock Uncertainty:      0.035ns  ((TSJ^2 + TIJ^2)^1/2 + DJ) / 2 + PE
    Total System Jitter     (TSJ):    0.071ns
    Total Input Jitter      (TIJ):    0.000ns
    Discrete Jitter          (DJ):    0.000ns
    Phase Error              (PE):    0.000ns

    Location             Delay type                Incr(ns)  Path(ns)    Netlist Resource(s)
  -------------------------------------------------------------------    -------------------
                         (clock clk rise edge)        0.000     0.000 r  
                         input delay                  1.000     1.000    
                                                      0.000     1.000 r  fc_result_complete_n_base[3] (IN)
                         net (fo=0)                   0.000     1.000    u_compute/u_fc/u_controller/fc_result_complete_n_base[3]
    SLICE_X37Y64         LUT6 (Prop_C6LUT_SLICEM_I0_O)
                                                      0.220     1.220 r  u_compute/u_fc/u_controller/fc_fault_INST_0_i_14/O
                         net (fo=1, routed)           0.073     1.293    u_compute/u_fc/u_controller/fc_fault_INST_0_i_14_n_0
    SLICE_X37Y64         LUT6 (Prop_F6LUT_SLICEM_I0_O)
                                                      0.224     1.517 r  u_compute/u_fc/u_controller/fc_fault_INST_0_i_12/O
                         net (fo=1, routed)           0.050     1.567    u_compute/u_fc/u_controller/fc_fault_INST_0_i_12_n_0
    SLICE_X37Y64         LUT6 (Prop_G6LUT_SLICEM_I4_O)
                                                      0.082     1.649 r  u_compute/u_fc/u_controller/fc_fault_INST_0_i_3/O
                         net (fo=2, routed)           0.126     1.775    u_compute/u_fc/u_controller/result_ack_bad2__24
    SLICE_X38Y64         LUT6 (Prop_G6LUT_SLICEM_I2_O)
                                                      0.152     1.927 r  u_compute/u_fc/u_controller/fc_fault_INST_0/O
                         net (fo=12, routed)          0.174     2.101    u_compute/u_fc/u_controller/fc_result_complete_error_0
    SLICE_X40Y65         LUT6 (Prop_B6LUT_SLICEM_I0_O)
                                                      0.057     2.158 f  u_compute/u_fc/u_controller/cfg_n_base_q[12]_i_1/O
                         net (fo=24, routed)          0.055     2.213    u_compute/u_shared/u_output_slice/u_partial_sum_bank/cfg_valid0
    SLICE_X40Y65         LUT5 (Prop_F6LUT_SLICEM_I4_O)
                                                      0.056     2.269 f  u_compute/u_shared/u_output_slice/u_partial_sum_bank/valid_q[0]_i_2/O
                         net (fo=4, routed)           0.058     2.327    u_compute/u_shared/u_output_slice/u_partial_sum_bank/cfg_fire
    SLICE_X40Y65         LUT3 (Prop_G6LUT_SLICEM_I1_O)
                                                      0.082     2.409 f  u_compute/u_shared/u_output_slice/u_partial_sum_bank/egress_word_q[250]_i_2/O
                         net (fo=15, routed)          0.158     2.566    u_compute/u_shared/u_output_slice/u_router/cfg_fire_0
    SLICE_X41Y65         LUT5 (Prop_F6LUT_SLICEM_I0_O)
                                                      0.149     2.715 r  u_compute/u_shared/u_output_slice/u_router/valid_q[4]_i_1/O
                         net (fo=18, routed)          0.115     2.830    u_compute/u_shared/u_output_slice/u_partial_sum_bank/advance
    SLICE_X43Y65         LUT5 (Prop_F6LUT_SLICEM_I2_O)
                                                      0.056     2.886 r  u_compute/u_shared/u_output_slice/u_partial_sum_bank/emit_reads_issued_q[10]_i_2/O
                         net (fo=7, routed)           0.295     3.181    u_compute/u_shared/u_output_slice/u_partial_sum_bank/emit_read_stage_ready__1
    SLICE_X45Y65         LUT5 (Prop_E6LUT_SLICEM_I4_O)
                                                      0.138     3.319 r  u_compute/u_shared/u_output_slice/u_partial_sum_bank/mem_reg_0_i_38/O
                         net (fo=1, routed)           0.049     3.368    u_compute/u_shared/u_output_slice/u_partial_sum_bank/issue_emit_read__1
    SLICE_X45Y65         LUT3 (Prop_C6LUT_SLICEM_I1_O)
                                                      0.056     3.424 r  u_compute/u_shared/u_output_slice/u_partial_sum_bank/mem_reg_0_i_2/O
                         net (fo=28, routed)          1.046     4.470    u_compute/u_shared/u_output_slice/u_partial_sum_bank/mem_reg_0_i_2_n_0
    RAMB36_X2Y10         RAMB36E2                                     r  u_compute/u_shared/u_output_slice/u_partial_sum_bank/mem_reg_5/ENBWREN
  -------------------------------------------------------------------    -------------------

                         (clock clk rise edge)        5.000     5.000 r  
                                                      0.000     5.000 r  clk (IN)
                         net (fo=7719, unset)         0.048     5.048    u_compute/u_shared/u_output_slice/u_partial_sum_bank/clk
    RAMB36_X2Y10         RAMB36E2                                     r  u_compute/u_shared/u_output_slice/u_partial_sum_bank/mem_reg_5/CLKBWRCLK
                         clock pessimism              0.000     5.048    
                         clock uncertainty           -0.035     5.013    
    RAMB36_X2Y10         RAMB36E2 (Setup_RAMB36E2_RAMB36_CLKBWRCLK_ENBWREN)
                                                     -0.462     4.551    u_compute/u_shared/u_output_slice/u_partial_sum_bank/mem_reg_5
  -------------------------------------------------------------------
                         required time                          4.551    
                         arrival time                          -4.470    
  -------------------------------------------------------------------
                         slack                                  0.080    

Slack (MET) :             0.085ns  (required time - arrival time)
  Source:                 fc_result_complete_n_base[3]
                            (input port clocked by clk  {rise@0.000ns fall@2.500ns period=5.000ns})
  Destination:            u_compute/u_shared/u_output_slice/u_partial_sum_bank/mem_reg_24/ENBWREN
                            (rising edge-triggered cell RAMB36E2 clocked by clk  {rise@0.000ns fall@2.500ns period=5.000ns})
  Path Group:             clk
  Path Type:              Setup (Max at Slow Process Corner)
  Requirement:            5.000ns  (clk rise@5.000ns - clk rise@0.000ns)
  Data Path Delay:        3.465ns  (logic 1.272ns (36.706%)  route 2.193ns (63.294%))
  Logic Levels:           11  (LUT3=2 LUT5=4 LUT6=5)
  Input Delay:            1.000ns
  Clock Path Skew:        0.048ns (DCD - SCD + CPR)
    Destination Clock Delay (DCD):    0.048ns = ( 5.048 - 5.000 ) 
    Source Clock Delay      (SCD):    0.000ns
    Clock Pessimism Removal (CPR):    0.000ns
  Clock Uncertainty:      0.035ns  ((TSJ^2 + TIJ^2)^1/2 + DJ) / 2 + PE
    Total System Jitter     (TSJ):    0.071ns
    Total Input Jitter      (TIJ):    0.000ns
    Discrete Jitter          (DJ):    0.000ns
    Phase Error              (PE):    0.000ns

    Location             Delay type                Incr(ns)  Path(ns)    Netlist Resource(s)
  -------------------------------------------------------------------    -------------------
                         (clock clk rise edge)        0.000     0.000 r  
                         input delay                  1.000     1.000    
                                                      0.000     1.000 r  fc_result_complete_n_base[3] (IN)
                         net (fo=0)                   0.000     1.000    u_compute/u_fc/u_controller/fc_result_complete_n_base[3]
    SLICE_X37Y64         LUT6 (Prop_C6LUT_SLICEM_I0_O)
                                                      0.220     1.220 r  u_compute/u_fc/u_controller/fc_fault_INST_0_i_14/O
                         net (fo=1, routed)           0.073     1.293    u_compute/u_fc/u_controller/fc_fault_INST_0_i_14_n_0
    SLICE_X37Y64         LUT6 (Prop_F6LUT_SLICEM_I0_O)
                                                      0.224     1.517 r  u_compute/u_fc/u_controller/fc_fault_INST_0_i_12/O
                         net (fo=1, routed)           0.050     1.567    u_compute/u_fc/u_controller/fc_fault_INST_0_i_12_n_0
    SLICE_X37Y64         LUT6 (Prop_G6LUT_SLICEM_I4_O)
                                                      0.082     1.649 r  u_compute/u_fc/u_controller/fc_fault_INST_0_i_3/O
                         net (fo=2, routed)           0.126     1.775    u_compute/u_fc/u_controller/result_ack_bad2__24
    SLICE_X38Y64         LUT6 (Prop_G6LUT_SLICEM_I2_O)
                                                      0.152     1.927 r  u_compute/u_fc/u_controller/fc_fault_INST_0/O
                         net (fo=12, routed)          0.174     2.101    u_compute/u_fc/u_controller/fc_result_complete_error_0
    SLICE_X40Y65         LUT6 (Prop_B6LUT_SLICEM_I0_O)
                                                      0.057     2.158 f  u_compute/u_fc/u_controller/cfg_n_base_q[12]_i_1/O
                         net (fo=24, routed)          0.055     2.213    u_compute/u_shared/u_output_slice/u_partial_sum_bank/cfg_valid0
    SLICE_X40Y65         LUT5 (Prop_F6LUT_SLICEM_I4_O)
                                                      0.056     2.269 f  u_compute/u_shared/u_output_slice/u_partial_sum_bank/valid_q[0]_i_2/O
                         net (fo=4, routed)           0.058     2.327    u_compute/u_shared/u_output_slice/u_partial_sum_bank/cfg_fire
    SLICE_X40Y65         LUT3 (Prop_G6LUT_SLICEM_I1_O)
                                                      0.082     2.409 f  u_compute/u_shared/u_output_slice/u_partial_sum_bank/egress_word_q[250]_i_2/O
                         net (fo=15, routed)          0.158     2.566    u_compute/u_shared/u_output_slice/u_router/cfg_fire_0
    SLICE_X41Y65         LUT5 (Prop_F6LUT_SLICEM_I0_O)
                                                      0.149     2.715 r  u_compute/u_shared/u_output_slice/u_router/valid_q[4]_i_1/O
                         net (fo=18, routed)          0.115     2.830    u_compute/u_shared/u_output_slice/u_partial_sum_bank/advance
    SLICE_X43Y65         LUT5 (Prop_F6LUT_SLICEM_I2_O)
                                                      0.056     2.886 r  u_compute/u_shared/u_output_slice/u_partial_sum_bank/emit_reads_issued_q[10]_i_2/O
                         net (fo=7, routed)           0.295     3.181    u_compute/u_shared/u_output_slice/u_partial_sum_bank/emit_read_stage_ready__1
    SLICE_X45Y65         LUT5 (Prop_E6LUT_SLICEM_I4_O)
                                                      0.138     3.319 r  u_compute/u_shared/u_output_slice/u_partial_sum_bank/mem_reg_0_i_38/O
                         net (fo=1, routed)           0.049     3.368    u_compute/u_shared/u_output_slice/u_partial_sum_bank/issue_emit_read__1
    SLICE_X45Y65         LUT3 (Prop_C6LUT_SLICEM_I1_O)
                                                      0.056     3.424 r  u_compute/u_shared/u_output_slice/u_partial_sum_bank/mem_reg_0_i_2/O
                         net (fo=28, routed)          1.041     4.465    u_compute/u_shared/u_output_slice/u_partial_sum_bank/mem_reg_0_i_2_n_0
    RAMB36_X2Y16         RAMB36E2                                     r  u_compute/u_shared/u_output_slice/u_partial_sum_bank/mem_reg_24/ENBWREN
  -------------------------------------------------------------------    -------------------

                         (clock clk rise edge)        5.000     5.000 r  
                                                      0.000     5.000 r  clk (IN)
                         net (fo=7719, unset)         0.048     5.048    u_compute/u_shared/u_output_slice/u_partial_sum_bank/clk
    RAMB36_X2Y16         RAMB36E2                                     r  u_compute/u_shared/u_output_slice/u_partial_sum_bank/mem_reg_24/CLKBWRCLK
                         clock pessimism              0.000     5.048    
                         clock uncertainty           -0.035     5.013    
    RAMB36_X2Y16         RAMB36E2 (Setup_RAMB36E2_RAMB36_CLKBWRCLK_ENBWREN)
                                                     -0.462     4.551    u_compute/u_shared/u_output_slice/u_partial_sum_bank/mem_reg_24
  -------------------------------------------------------------------
                         required time                          4.551    
                         arrival time                          -4.465    
  -------------------------------------------------------------------
                         slack                                  0.085    

Slack (MET) :             0.102ns  (required time - arrival time)
  Source:                 fc_result_complete_n_base[3]
                            (input port clocked by clk  {rise@0.000ns fall@2.500ns period=5.000ns})
  Destination:            u_compute/u_shared/u_output_slice/u_partial_sum_bank/mem_reg_11/ENBWREN
                            (rising edge-triggered cell RAMB36E2 clocked by clk  {rise@0.000ns fall@2.500ns period=5.000ns})
  Path Group:             clk
  Path Type:              Setup (Max at Slow Process Corner)
  Requirement:            5.000ns  (clk rise@5.000ns - clk rise@0.000ns)
  Data Path Delay:        3.448ns  (logic 1.272ns (36.886%)  route 2.176ns (63.114%))
  Logic Levels:           11  (LUT3=2 LUT5=4 LUT6=5)
  Input Delay:            1.000ns
  Clock Path Skew:        0.048ns (DCD - SCD + CPR)
    Destination Clock Delay (DCD):    0.048ns = ( 5.048 - 5.000 ) 
    Source Clock Delay      (SCD):    0.000ns
    Clock Pessimism Removal (CPR):    0.000ns
  Clock Uncertainty:      0.035ns  ((TSJ^2 + TIJ^2)^1/2 + DJ) / 2 + PE
    Total System Jitter     (TSJ):    0.071ns
    Total Input Jitter      (TIJ):    0.000ns
    Discrete Jitter          (DJ):    0.000ns
    Phase Error              (PE):    0.000ns

    Location             Delay type                Incr(ns)  Path(ns)    Netlist Resource(s)
  -------------------------------------------------------------------    -------------------
                         (clock clk rise edge)        0.000     0.000 r  
                         input delay                  1.000     1.000    
                                                      0.000     1.000 r  fc_result_complete_n_base[3] (IN)
                         net (fo=0)                   0.000     1.000    u_compute/u_fc/u_controller/fc_result_complete_n_base[3]
    SLICE_X37Y64         LUT6 (Prop_C6LUT_SLICEM_I0_O)
                                                      0.220     1.220 r  u_compute/u_fc/u_controller/fc_fault_INST_0_i_14/O
                         net (fo=1, routed)           0.073     1.293    u_compute/u_fc/u_controller/fc_fault_INST_0_i_14_n_0
    SLICE_X37Y64         LUT6 (Prop_F6LUT_SLICEM_I0_O)
                                                      0.224     1.517 r  u_compute/u_fc/u_controller/fc_fault_INST_0_i_12/O
                         net (fo=1, routed)           0.050     1.567    u_compute/u_fc/u_controller/fc_fault_INST_0_i_12_n_0
    SLICE_X37Y64         LUT6 (Prop_G6LUT_SLICEM_I4_O)
                                                      0.082     1.649 r  u_compute/u_fc/u_controller/fc_fault_INST_0_i_3/O
                         net (fo=2, routed)           0.126     1.775    u_compute/u_fc/u_controller/result_ack_bad2__24
    SLICE_X38Y64         LUT6 (Prop_G6LUT_SLICEM_I2_O)
                                                      0.152     1.927 r  u_compute/u_fc/u_controller/fc_fault_INST_0/O
                         net (fo=12, routed)          0.174     2.101    u_compute/u_fc/u_controller/fc_result_complete_error_0
    SLICE_X40Y65         LUT6 (Prop_B6LUT_SLICEM_I0_O)
                                                      0.057     2.158 f  u_compute/u_fc/u_controller/cfg_n_base_q[12]_i_1/O
                         net (fo=24, routed)          0.055     2.213    u_compute/u_shared/u_output_slice/u_partial_sum_bank/cfg_valid0
    SLICE_X40Y65         LUT5 (Prop_F6LUT_SLICEM_I4_O)
                                                      0.056     2.269 f  u_compute/u_shared/u_output_slice/u_partial_sum_bank/valid_q[0]_i_2/O
                         net (fo=4, routed)           0.058     2.327    u_compute/u_shared/u_output_slice/u_partial_sum_bank/cfg_fire
    SLICE_X40Y65         LUT3 (Prop_G6LUT_SLICEM_I1_O)
                                                      0.082     2.409 f  u_compute/u_shared/u_output_slice/u_partial_sum_bank/egress_word_q[250]_i_2/O
                         net (fo=15, routed)          0.158     2.566    u_compute/u_shared/u_output_slice/u_router/cfg_fire_0
    SLICE_X41Y65         LUT5 (Prop_F6LUT_SLICEM_I0_O)
                                                      0.149     2.715 r  u_compute/u_shared/u_output_slice/u_router/valid_q[4]_i_1/O
                         net (fo=18, routed)          0.115     2.830    u_compute/u_shared/u_output_slice/u_partial_sum_bank/advance
    SLICE_X43Y65         LUT5 (Prop_F6LUT_SLICEM_I2_O)
                                                      0.056     2.886 r  u_compute/u_shared/u_output_slice/u_partial_sum_bank/emit_reads_issued_q[10]_i_2/O
                         net (fo=7, routed)           0.295     3.181    u_compute/u_shared/u_output_slice/u_partial_sum_bank/emit_read_stage_ready__1
    SLICE_X45Y65         LUT5 (Prop_E6LUT_SLICEM_I4_O)
                                                      0.138     3.319 r  u_compute/u_shared/u_output_slice/u_partial_sum_bank/mem_reg_0_i_38/O
                         net (fo=1, routed)           0.049     3.368    u_compute/u_shared/u_output_slice/u_partial_sum_bank/issue_emit_read__1
    SLICE_X45Y65         LUT3 (Prop_C6LUT_SLICEM_I1_O)
                                                      0.056     3.424 r  u_compute/u_shared/u_output_slice/u_partial_sum_bank/mem_reg_0_i_2/O
                         net (fo=28, routed)          1.024     4.448    u_compute/u_shared/u_output_slice/u_partial_sum_bank/mem_reg_0_i_2_n_0
    RAMB36_X2Y14         RAMB36E2                                     r  u_compute/u_shared/u_output_slice/u_partial_sum_bank/mem_reg_11/ENBWREN
  -------------------------------------------------------------------    -------------------

                         (clock clk rise edge)        5.000     5.000 r  
                                                      0.000     5.000 r  clk (IN)
                         net (fo=7719, unset)         0.048     5.048    u_compute/u_shared/u_output_slice/u_partial_sum_bank/clk
    RAMB36_X2Y14         RAMB36E2                                     r  u_compute/u_shared/u_output_slice/u_partial_sum_bank/mem_reg_11/CLKBWRCLK
                         clock pessimism              0.000     5.048    
                         clock uncertainty           -0.035     5.013    
    RAMB36_X2Y14         RAMB36E2 (Setup_RAMB36E2_RAMB36_CLKBWRCLK_ENBWREN)
                                                     -0.462     4.551    u_compute/u_shared/u_output_slice/u_partial_sum_bank/mem_reg_11
  -------------------------------------------------------------------
                         required time                          4.551    
                         arrival time                          -4.448    
  -------------------------------------------------------------------
                         slack                                  0.102    

Slack (MET) :             0.142ns  (required time - arrival time)
  Source:                 fc_result_complete_n_base[3]
                            (input port clocked by clk  {rise@0.000ns fall@2.500ns period=5.000ns})
  Destination:            u_compute/u_shared/u_output_slice/u_partial_sum_bank/mem_reg_25/ADDRBWRADDR[5]
                            (rising edge-triggered cell RAMB36E2 clocked by clk  {rise@0.000ns fall@2.500ns period=5.000ns})
  Path Group:             clk
  Path Type:              Setup (Max at Slow Process Corner)
  Requirement:            5.000ns  (clk rise@5.000ns - clk rise@0.000ns)
  Data Path Delay:        3.359ns  (logic 1.240ns (36.917%)  route 2.119ns (63.083%))
  Logic Levels:           11  (LUT3=1 LUT4=1 LUT5=3 LUT6=6)
  Input Delay:            1.000ns
  Clock Path Skew:        0.048ns (DCD - SCD + CPR)
    Destination Clock Delay (DCD):    0.048ns = ( 5.048 - 5.000 ) 
    Source Clock Delay      (SCD):    0.000ns
    Clock Pessimism Removal (CPR):    0.000ns
  Clock Uncertainty:      0.035ns  ((TSJ^2 + TIJ^2)^1/2 + DJ) / 2 + PE
    Total System Jitter     (TSJ):    0.071ns
    Total Input Jitter      (TIJ):    0.000ns
    Discrete Jitter          (DJ):    0.000ns
    Phase Error              (PE):    0.000ns

    Location             Delay type                Incr(ns)  Path(ns)    Netlist Resource(s)
  -------------------------------------------------------------------    -------------------
                         (clock clk rise edge)        0.000     0.000 r  
                         input delay                  1.000     1.000    
                                                      0.000     1.000 r  fc_result_complete_n_base[3] (IN)
                         net (fo=0)                   0.000     1.000    u_compute/u_fc/u_controller/fc_result_complete_n_base[3]
    SLICE_X37Y64         LUT6 (Prop_C6LUT_SLICEM_I0_O)
                                                      0.220     1.220 r  u_compute/u_fc/u_controller/fc_fault_INST_0_i_14/O
                         net (fo=1, routed)           0.073     1.293    u_compute/u_fc/u_controller/fc_fault_INST_0_i_14_n_0
    SLICE_X37Y64         LUT6 (Prop_F6LUT_SLICEM_I0_O)
                                                      0.224     1.517 r  u_compute/u_fc/u_controller/fc_fault_INST_0_i_12/O
                         net (fo=1, routed)           0.050     1.567    u_compute/u_fc/u_controller/fc_fault_INST_0_i_12_n_0
    SLICE_X37Y64         LUT6 (Prop_G6LUT_SLICEM_I4_O)
                                                      0.082     1.649 r  u_compute/u_fc/u_controller/fc_fault_INST_0_i_3/O
                         net (fo=2, routed)           0.126     1.775    u_compute/u_fc/u_controller/result_ack_bad2__24
    SLICE_X38Y64         LUT6 (Prop_G6LUT_SLICEM_I2_O)
                                                      0.152     1.927 r  u_compute/u_fc/u_controller/fc_fault_INST_0/O
                         net (fo=12, routed)          0.174     2.101    u_compute/u_fc/u_controller/fc_result_complete_error_0
    SLICE_X40Y65         LUT6 (Prop_B6LUT_SLICEM_I0_O)
                                                      0.057     2.158 f  u_compute/u_fc/u_controller/cfg_n_base_q[12]_i_1/O
                         net (fo=24, routed)          0.055     2.213    u_compute/u_shared/u_output_slice/u_partial_sum_bank/cfg_valid0
    SLICE_X40Y65         LUT5 (Prop_F6LUT_SLICEM_I4_O)
                                                      0.056     2.269 f  u_compute/u_shared/u_output_slice/u_partial_sum_bank/valid_q[0]_i_2/O
                         net (fo=4, routed)           0.058     2.327    u_compute/u_shared/u_output_slice/u_partial_sum_bank/cfg_fire
    SLICE_X40Y65         LUT3 (Prop_G6LUT_SLICEM_I1_O)
                                                      0.082     2.409 f  u_compute/u_shared/u_output_slice/u_partial_sum_bank/egress_word_q[250]_i_2/O
                         net (fo=15, routed)          0.158     2.566    u_compute/u_shared/u_output_slice/u_router/cfg_fire_0
    SLICE_X41Y65         LUT5 (Prop_F6LUT_SLICEM_I0_O)
                                                      0.149     2.715 r  u_compute/u_shared/u_output_slice/u_router/valid_q[4]_i_1/O
                         net (fo=18, routed)          0.115     2.830    u_compute/u_shared/u_output_slice/u_partial_sum_bank/advance
    SLICE_X43Y65         LUT5 (Prop_F6LUT_SLICEM_I2_O)
                                                      0.056     2.886 r  u_compute/u_shared/u_output_slice/u_partial_sum_bank/emit_reads_issued_q[10]_i_2/O
                         net (fo=7, routed)           0.054     2.940    u_compute/u_shared/u_output_slice/u_partial_sum_bank/emit_read_stage_ready__1
    SLICE_X43Y65         LUT6 (Prop_G6LUT_SLICEM_I0_O)
                                                      0.082     3.022 r  u_compute/u_shared/u_output_slice/u_partial_sum_bank/mem_reg_0_i_41/O
                         net (fo=12, routed)          0.356     3.378    u_compute/u_shared/u_output_slice/u_partial_sum_bank/mem_reg_0_i_41_n_0
    SLICE_X45Y65         LUT4 (Prop_F6LUT_SLICEM_I1_O)
                                                      0.080     3.458 r  u_compute/u_shared/u_output_slice/u_partial_sum_bank/mem_reg_0_i_24/O
                         net (fo=28, routed)          0.901     4.359    u_compute/u_shared/u_output_slice/u_partial_sum_bank/mem_read_addr[2]
    RAMB36_X2Y19         RAMB36E2                                     r  u_compute/u_shared/u_output_slice/u_partial_sum_bank/mem_reg_25/ADDRBWRADDR[5]
  -------------------------------------------------------------------    -------------------

                         (clock clk rise edge)        5.000     5.000 r  
                                                      0.000     5.000 r  clk (IN)
                         net (fo=7719, unset)         0.048     5.048    u_compute/u_shared/u_output_slice/u_partial_sum_bank/clk
    RAMB36_X2Y19         RAMB36E2                                     r  u_compute/u_shared/u_output_slice/u_partial_sum_bank/mem_reg_25/CLKBWRCLK
                         clock pessimism              0.000     5.048    
                         clock uncertainty           -0.035     5.013    
    RAMB36_X2Y19         RAMB36E2 (Setup_RAMB36E2_RAMB36_CLKBWRCLK_ADDRBWRADDR[5])
                                                     -0.512     4.501    u_compute/u_shared/u_output_slice/u_partial_sum_bank/mem_reg_25
  -------------------------------------------------------------------
                         required time                          4.501    
                         arrival time                          -4.359    
  -------------------------------------------------------------------
                         slack                                  0.142    

Slack (MET) :             0.142ns  (required time - arrival time)
  Source:                 fc_result_complete_n_base[3]
                            (input port clocked by clk  {rise@0.000ns fall@2.500ns period=5.000ns})
  Destination:            u_compute/u_shared/u_output_slice/u_partial_sum_bank/mem_reg_1/ENBWREN
                            (rising edge-triggered cell RAMB36E2 clocked by clk  {rise@0.000ns fall@2.500ns period=5.000ns})
  Path Group:             clk
  Path Type:              Setup (Max at Slow Process Corner)
  Requirement:            5.000ns  (clk rise@5.000ns - clk rise@0.000ns)
  Data Path Delay:        3.409ns  (logic 1.272ns (37.316%)  route 2.137ns (62.684%))
  Logic Levels:           11  (LUT3=2 LUT5=4 LUT6=5)
  Input Delay:            1.000ns
  Clock Path Skew:        0.048ns (DCD - SCD + CPR)
    Destination Clock Delay (DCD):    0.048ns = ( 5.048 - 5.000 ) 
    Source Clock Delay      (SCD):    0.000ns
    Clock Pessimism Removal (CPR):    0.000ns
  Clock Uncertainty:      0.035ns  ((TSJ^2 + TIJ^2)^1/2 + DJ) / 2 + PE
    Total System Jitter     (TSJ):    0.071ns
    Total Input Jitter      (TIJ):    0.000ns
    Discrete Jitter          (DJ):    0.000ns
    Phase Error              (PE):    0.000ns

    Location             Delay type                Incr(ns)  Path(ns)    Netlist Resource(s)
  -------------------------------------------------------------------    -------------------
                         (clock clk rise edge)        0.000     0.000 r  
                         input delay                  1.000     1.000    
                                                      0.000     1.000 r  fc_result_complete_n_base[3] (IN)
                         net (fo=0)                   0.000     1.000    u_compute/u_fc/u_controller/fc_result_complete_n_base[3]
    SLICE_X37Y64         LUT6 (Prop_C6LUT_SLICEM_I0_O)
                                                      0.220     1.220 r  u_compute/u_fc/u_controller/fc_fault_INST_0_i_14/O
                         net (fo=1, routed)           0.073     1.293    u_compute/u_fc/u_controller/fc_fault_INST_0_i_14_n_0
    SLICE_X37Y64         LUT6 (Prop_F6LUT_SLICEM_I0_O)
                                                      0.224     1.517 r  u_compute/u_fc/u_controller/fc_fault_INST_0_i_12/O
                         net (fo=1, routed)           0.050     1.567    u_compute/u_fc/u_controller/fc_fault_INST_0_i_12_n_0
    SLICE_X37Y64         LUT6 (Prop_G6LUT_SLICEM_I4_O)
                                                      0.082     1.649 r  u_compute/u_fc/u_controller/fc_fault_INST_0_i_3/O
                         net (fo=2, routed)           0.126     1.775    u_compute/u_fc/u_controller/result_ack_bad2__24
    SLICE_X38Y64         LUT6 (Prop_G6LUT_SLICEM_I2_O)
                                                      0.152     1.927 r  u_compute/u_fc/u_controller/fc_fault_INST_0/O
                         net (fo=12, routed)          0.174     2.101    u_compute/u_fc/u_controller/fc_result_complete_error_0
    SLICE_X40Y65         LUT6 (Prop_B6LUT_SLICEM_I0_O)
                                                      0.057     2.158 f  u_compute/u_fc/u_controller/cfg_n_base_q[12]_i_1/O
                         net (fo=24, routed)          0.055     2.213    u_compute/u_shared/u_output_slice/u_partial_sum_bank/cfg_valid0
    SLICE_X40Y65         LUT5 (Prop_F6LUT_SLICEM_I4_O)
                                                      0.056     2.269 f  u_compute/u_shared/u_output_slice/u_partial_sum_bank/valid_q[0]_i_2/O
                         net (fo=4, routed)           0.058     2.327    u_compute/u_shared/u_output_slice/u_partial_sum_bank/cfg_fire
    SLICE_X40Y65         LUT3 (Prop_G6LUT_SLICEM_I1_O)
                                                      0.082     2.409 f  u_compute/u_shared/u_output_slice/u_partial_sum_bank/egress_word_q[250]_i_2/O
                         net (fo=15, routed)          0.158     2.566    u_compute/u_shared/u_output_slice/u_router/cfg_fire_0
    SLICE_X41Y65         LUT5 (Prop_F6LUT_SLICEM_I0_O)
                                                      0.149     2.715 r  u_compute/u_shared/u_output_slice/u_router/valid_q[4]_i_1/O
                         net (fo=18, routed)          0.115     2.830    u_compute/u_shared/u_output_slice/u_partial_sum_bank/advance
    SLICE_X43Y65         LUT5 (Prop_F6LUT_SLICEM_I2_O)
                                                      0.056     2.886 r  u_compute/u_shared/u_output_slice/u_partial_sum_bank/emit_reads_issued_q[10]_i_2/O
                         net (fo=7, routed)           0.295     3.181    u_compute/u_shared/u_output_slice/u_partial_sum_bank/emit_read_stage_ready__1
    SLICE_X45Y65         LUT5 (Prop_E6LUT_SLICEM_I4_O)
                                                      0.138     3.319 r  u_compute/u_shared/u_output_slice/u_partial_sum_bank/mem_reg_0_i_38/O
                         net (fo=1, routed)           0.049     3.368    u_compute/u_shared/u_output_slice/u_partial_sum_bank/issue_emit_read__1
    SLICE_X45Y65         LUT3 (Prop_C6LUT_SLICEM_I1_O)
                                                      0.056     3.424 r  u_compute/u_shared/u_output_slice/u_partial_sum_bank/mem_reg_0_i_2/O
                         net (fo=28, routed)          0.984     4.409    u_compute/u_shared/u_output_slice/u_partial_sum_bank/mem_reg_0_i_2_n_0
    RAMB36_X1Y21         RAMB36E2                                     r  u_compute/u_shared/u_output_slice/u_partial_sum_bank/mem_reg_1/ENBWREN
  -------------------------------------------------------------------    -------------------

                         (clock clk rise edge)        5.000     5.000 r  
                                                      0.000     5.000 r  clk (IN)
                         net (fo=7719, unset)         0.048     5.048    u_compute/u_shared/u_output_slice/u_partial_sum_bank/clk
    RAMB36_X1Y21         RAMB36E2                                     r  u_compute/u_shared/u_output_slice/u_partial_sum_bank/mem_reg_1/CLKBWRCLK
                         clock pessimism              0.000     5.048    
                         clock uncertainty           -0.035     5.013    
    RAMB36_X1Y21         RAMB36E2 (Setup_RAMB36E2_RAMB36_CLKBWRCLK_ENBWREN)
                                                     -0.462     4.551    u_compute/u_shared/u_output_slice/u_partial_sum_bank/mem_reg_1
  -------------------------------------------------------------------
                         required time                          4.551    
                         arrival time                          -4.409    
  -------------------------------------------------------------------
                         slack                                  0.142    

Slack (MET) :             0.145ns  (required time - arrival time)
  Source:                 fc_result_complete_n_base[3]
                            (input port clocked by clk  {rise@0.000ns fall@2.500ns period=5.000ns})
  Destination:            u_compute/u_shared/u_output_slice/u_partial_sum_bank/mem_reg_3/ENBWREN
                            (rising edge-triggered cell RAMB36E2 clocked by clk  {rise@0.000ns fall@2.500ns period=5.000ns})
  Path Group:             clk
  Path Type:              Setup (Max at Slow Process Corner)
  Requirement:            5.000ns  (clk rise@5.000ns - clk rise@0.000ns)
  Data Path Delay:        3.406ns  (logic 1.272ns (37.344%)  route 2.134ns (62.656%))
  Logic Levels:           11  (LUT3=2 LUT5=4 LUT6=5)
  Input Delay:            1.000ns
  Clock Path Skew:        0.048ns (DCD - SCD + CPR)
    Destination Clock Delay (DCD):    0.048ns = ( 5.048 - 5.000 ) 
    Source Clock Delay      (SCD):    0.000ns
    Clock Pessimism Removal (CPR):    0.000ns
  Clock Uncertainty:      0.035ns  ((TSJ^2 + TIJ^2)^1/2 + DJ) / 2 + PE
    Total System Jitter     (TSJ):    0.071ns
    Total Input Jitter      (TIJ):    0.000ns
    Discrete Jitter          (DJ):    0.000ns
    Phase Error              (PE):    0.000ns

    Location             Delay type                Incr(ns)  Path(ns)    Netlist Resource(s)
  -------------------------------------------------------------------    -------------------
                         (clock clk rise edge)        0.000     0.000 r  
                         input delay                  1.000     1.000    
                                                      0.000     1.000 r  fc_result_complete_n_base[3] (IN)
                         net (fo=0)                   0.000     1.000    u_compute/u_fc/u_controller/fc_result_complete_n_base[3]
    SLICE_X37Y64         LUT6 (Prop_C6LUT_SLICEM_I0_O)
                                                      0.220     1.220 r  u_compute/u_fc/u_controller/fc_fault_INST_0_i_14/O
                         net (fo=1, routed)           0.073     1.293    u_compute/u_fc/u_controller/fc_fault_INST_0_i_14_n_0
    SLICE_X37Y64         LUT6 (Prop_F6LUT_SLICEM_I0_O)
                                                      0.224     1.517 r  u_compute/u_fc/u_controller/fc_fault_INST_0_i_12/O
                         net (fo=1, routed)           0.050     1.567    u_compute/u_fc/u_controller/fc_fault_INST_0_i_12_n_0
    SLICE_X37Y64         LUT6 (Prop_G6LUT_SLICEM_I4_O)
                                                      0.082     1.649 r  u_compute/u_fc/u_controller/fc_fault_INST_0_i_3/O
                         net (fo=2, routed)           0.126     1.775    u_compute/u_fc/u_controller/result_ack_bad2__24
    SLICE_X38Y64         LUT6 (Prop_G6LUT_SLICEM_I2_O)
                                                      0.152     1.927 r  u_compute/u_fc/u_controller/fc_fault_INST_0/O
                         net (fo=12, routed)          0.174     2.101    u_compute/u_fc/u_controller/fc_result_complete_error_0
    SLICE_X40Y65         LUT6 (Prop_B6LUT_SLICEM_I0_O)
                                                      0.057     2.158 f  u_compute/u_fc/u_controller/cfg_n_base_q[12]_i_1/O
                         net (fo=24, routed)          0.055     2.213    u_compute/u_shared/u_output_slice/u_partial_sum_bank/cfg_valid0
    SLICE_X40Y65         LUT5 (Prop_F6LUT_SLICEM_I4_O)
                                                      0.056     2.269 f  u_compute/u_shared/u_output_slice/u_partial_sum_bank/valid_q[0]_i_2/O
                         net (fo=4, routed)           0.058     2.327    u_compute/u_shared/u_output_slice/u_partial_sum_bank/cfg_fire
    SLICE_X40Y65         LUT3 (Prop_G6LUT_SLICEM_I1_O)
                                                      0.082     2.409 f  u_compute/u_shared/u_output_slice/u_partial_sum_bank/egress_word_q[250]_i_2/O
                         net (fo=15, routed)          0.158     2.566    u_compute/u_shared/u_output_slice/u_router/cfg_fire_0
    SLICE_X41Y65         LUT5 (Prop_F6LUT_SLICEM_I0_O)
                                                      0.149     2.715 r  u_compute/u_shared/u_output_slice/u_router/valid_q[4]_i_1/O
                         net (fo=18, routed)          0.115     2.830    u_compute/u_shared/u_output_slice/u_partial_sum_bank/advance
    SLICE_X43Y65         LUT5 (Prop_F6LUT_SLICEM_I2_O)
                                                      0.056     2.886 r  u_compute/u_shared/u_output_slice/u_partial_sum_bank/emit_reads_issued_q[10]_i_2/O
                         net (fo=7, routed)           0.295     3.181    u_compute/u_shared/u_output_slice/u_partial_sum_bank/emit_read_stage_ready__1
    SLICE_X45Y65         LUT5 (Prop_E6LUT_SLICEM_I4_O)
                                                      0.138     3.319 r  u_compute/u_shared/u_output_slice/u_partial_sum_bank/mem_reg_0_i_38/O
                         net (fo=1, routed)           0.049     3.368    u_compute/u_shared/u_output_slice/u_partial_sum_bank/issue_emit_read__1
    SLICE_X45Y65         LUT3 (Prop_C6LUT_SLICEM_I1_O)
                                                      0.056     3.424 r  u_compute/u_shared/u_output_slice/u_partial_sum_bank/mem_reg_0_i_2/O
                         net (fo=28, routed)          0.982     4.406    u_compute/u_shared/u_output_slice/u_partial_sum_bank/mem_reg_0_i_2_n_0
    RAMB36_X2Y13         RAMB36E2                                     r  u_compute/u_shared/u_output_slice/u_partial_sum_bank/mem_reg_3/ENBWREN
  -------------------------------------------------------------------    -------------------

                         (clock clk rise edge)        5.000     5.000 r  
                                                      0.000     5.000 r  clk (IN)
                         net (fo=7719, unset)         0.048     5.048    u_compute/u_shared/u_output_slice/u_partial_sum_bank/clk
    RAMB36_X2Y13         RAMB36E2                                     r  u_compute/u_shared/u_output_slice/u_partial_sum_bank/mem_reg_3/CLKBWRCLK
                         clock pessimism              0.000     5.048    
                         clock uncertainty           -0.035     5.013    
    RAMB36_X2Y13         RAMB36E2 (Setup_RAMB36E2_RAMB36_CLKBWRCLK_ENBWREN)
                                                     -0.462     4.551    u_compute/u_shared/u_output_slice/u_partial_sum_bank/mem_reg_3
  -------------------------------------------------------------------
                         required time                          4.551    
                         arrival time                          -4.406    
  -------------------------------------------------------------------
                         slack                                  0.145    

Slack (MET) :             0.148ns  (required time - arrival time)
  Source:                 fc_result_complete_n_base[3]
                            (input port clocked by clk  {rise@0.000ns fall@2.500ns period=5.000ns})
  Destination:            u_compute/u_shared/u_output_slice/u_partial_sum_bank/mem_reg_1/ADDRBWRADDR[3]
                            (rising edge-triggered cell RAMB36E2 clocked by clk  {rise@0.000ns fall@2.500ns period=5.000ns})
  Path Group:             clk
  Path Type:              Setup (Max at Slow Process Corner)
  Requirement:            5.000ns  (clk rise@5.000ns - clk rise@0.000ns)
  Data Path Delay:        3.329ns  (logic 1.240ns (37.244%)  route 2.089ns (62.756%))
  Logic Levels:           11  (LUT3=1 LUT4=1 LUT5=3 LUT6=6)
  Input Delay:            1.000ns
  Clock Path Skew:        0.048ns (DCD - SCD + CPR)
    Destination Clock Delay (DCD):    0.048ns = ( 5.048 - 5.000 ) 
    Source Clock Delay      (SCD):    0.000ns
    Clock Pessimism Removal (CPR):    0.000ns
  Clock Uncertainty:      0.035ns  ((TSJ^2 + TIJ^2)^1/2 + DJ) / 2 + PE
    Total System Jitter     (TSJ):    0.071ns
    Total Input Jitter      (TIJ):    0.000ns
    Discrete Jitter          (DJ):    0.000ns
    Phase Error              (PE):    0.000ns

    Location             Delay type                Incr(ns)  Path(ns)    Netlist Resource(s)
  -------------------------------------------------------------------    -------------------
                         (clock clk rise edge)        0.000     0.000 r  
                         input delay                  1.000     1.000    
                                                      0.000     1.000 r  fc_result_complete_n_base[3] (IN)
                         net (fo=0)                   0.000     1.000    u_compute/u_fc/u_controller/fc_result_complete_n_base[3]
    SLICE_X37Y64         LUT6 (Prop_C6LUT_SLICEM_I0_O)
                                                      0.220     1.220 r  u_compute/u_fc/u_controller/fc_fault_INST_0_i_14/O
                         net (fo=1, routed)           0.073     1.293    u_compute/u_fc/u_controller/fc_fault_INST_0_i_14_n_0
    SLICE_X37Y64         LUT6 (Prop_F6LUT_SLICEM_I0_O)
                                                      0.224     1.517 r  u_compute/u_fc/u_controller/fc_fault_INST_0_i_12/O
                         net (fo=1, routed)           0.050     1.567    u_compute/u_fc/u_controller/fc_fault_INST_0_i_12_n_0
    SLICE_X37Y64         LUT6 (Prop_G6LUT_SLICEM_I4_O)
                                                      0.082     1.649 r  u_compute/u_fc/u_controller/fc_fault_INST_0_i_3/O
                         net (fo=2, routed)           0.126     1.775    u_compute/u_fc/u_controller/result_ack_bad2__24
    SLICE_X38Y64         LUT6 (Prop_G6LUT_SLICEM_I2_O)
                                                      0.152     1.927 r  u_compute/u_fc/u_controller/fc_fault_INST_0/O
                         net (fo=12, routed)          0.174     2.101    u_compute/u_fc/u_controller/fc_result_complete_error_0
    SLICE_X40Y65         LUT6 (Prop_B6LUT_SLICEM_I0_O)
                                                      0.057     2.158 f  u_compute/u_fc/u_controller/cfg_n_base_q[12]_i_1/O
                         net (fo=24, routed)          0.055     2.213    u_compute/u_shared/u_output_slice/u_partial_sum_bank/cfg_valid0
    SLICE_X40Y65         LUT5 (Prop_F6LUT_SLICEM_I4_O)
                                                      0.056     2.269 f  u_compute/u_shared/u_output_slice/u_partial_sum_bank/valid_q[0]_i_2/O
                         net (fo=4, routed)           0.058     2.327    u_compute/u_shared/u_output_slice/u_partial_sum_bank/cfg_fire
    SLICE_X40Y65         LUT3 (Prop_G6LUT_SLICEM_I1_O)
                                                      0.082     2.409 f  u_compute/u_shared/u_output_slice/u_partial_sum_bank/egress_word_q[250]_i_2/O
                         net (fo=15, routed)          0.158     2.566    u_compute/u_shared/u_output_slice/u_router/cfg_fire_0
    SLICE_X41Y65         LUT5 (Prop_F6LUT_SLICEM_I0_O)
                                                      0.149     2.715 r  u_compute/u_shared/u_output_slice/u_router/valid_q[4]_i_1/O
                         net (fo=18, routed)          0.115     2.830    u_compute/u_shared/u_output_slice/u_partial_sum_bank/advance
    SLICE_X43Y65         LUT5 (Prop_F6LUT_SLICEM_I2_O)
                                                      0.056     2.886 r  u_compute/u_shared/u_output_slice/u_partial_sum_bank/emit_reads_issued_q[10]_i_2/O
                         net (fo=7, routed)           0.054     2.940    u_compute/u_shared/u_output_slice/u_partial_sum_bank/emit_read_stage_ready__1
    SLICE_X43Y65         LUT6 (Prop_G6LUT_SLICEM_I0_O)
                                                      0.082     3.022 r  u_compute/u_shared/u_output_slice/u_partial_sum_bank/mem_reg_0_i_41/O
                         net (fo=12, routed)          0.113     3.135    u_compute/u_shared/u_output_slice/u_partial_sum_bank/mem_reg_0_i_41_n_0
    SLICE_X43Y64         LUT4 (Prop_C6LUT_SLICEM_I1_O)
                                                      0.080     3.215 r  u_compute/u_shared/u_output_slice/u_partial_sum_bank/mem_reg_0_i_26/O
                         net (fo=28, routed)          1.114     4.329    u_compute/u_shared/u_output_slice/u_partial_sum_bank/mem_read_addr[0]
    RAMB36_X1Y21         RAMB36E2                                     r  u_compute/u_shared/u_output_slice/u_partial_sum_bank/mem_reg_1/ADDRBWRADDR[3]
  -------------------------------------------------------------------    -------------------

                         (clock clk rise edge)        5.000     5.000 r  
                                                      0.000     5.000 r  clk (IN)
                         net (fo=7719, unset)         0.048     5.048    u_compute/u_shared/u_output_slice/u_partial_sum_bank/clk
    RAMB36_X1Y21         RAMB36E2                                     r  u_compute/u_shared/u_output_slice/u_partial_sum_bank/mem_reg_1/CLKBWRCLK
                         clock pessimism              0.000     5.048    
                         clock uncertainty           -0.035     5.013    
    RAMB36_X1Y21         RAMB36E2 (Setup_RAMB36E2_RAMB36_CLKBWRCLK_ADDRBWRADDR[3])
                                                     -0.535     4.478    u_compute/u_shared/u_output_slice/u_partial_sum_bank/mem_reg_1
  -------------------------------------------------------------------
                         required time                          4.478    
                         arrival time                          -4.329    
  -------------------------------------------------------------------
                         slack                                  0.148    

Slack (MET) :             0.165ns  (required time - arrival time)
  Source:                 fc_result_complete_n_base[3]
                            (input port clocked by clk  {rise@0.000ns fall@2.500ns period=5.000ns})
  Destination:            u_compute/u_shared/u_output_slice/u_partial_sum_bank/mem_reg_6/ADDRBWRADDR[3]
                            (rising edge-triggered cell RAMB36E2 clocked by clk  {rise@0.000ns fall@2.500ns period=5.000ns})
  Path Group:             clk
  Path Type:              Setup (Max at Slow Process Corner)
  Requirement:            5.000ns  (clk rise@5.000ns - clk rise@0.000ns)
  Data Path Delay:        3.313ns  (logic 1.240ns (37.427%)  route 2.073ns (62.573%))
  Logic Levels:           11  (LUT3=1 LUT4=1 LUT5=3 LUT6=6)
  Input Delay:            1.000ns
  Clock Path Skew:        0.048ns (DCD - SCD + CPR)
    Destination Clock Delay (DCD):    0.048ns = ( 5.048 - 5.000 ) 
    Source Clock Delay      (SCD):    0.000ns
    Clock Pessimism Removal (CPR):    0.000ns
  Clock Uncertainty:      0.035ns  ((TSJ^2 + TIJ^2)^1/2 + DJ) / 2 + PE
    Total System Jitter     (TSJ):    0.071ns
    Total Input Jitter      (TIJ):    0.000ns
    Discrete Jitter          (DJ):    0.000ns
    Phase Error              (PE):    0.000ns

    Location             Delay type                Incr(ns)  Path(ns)    Netlist Resource(s)
  -------------------------------------------------------------------    -------------------
                         (clock clk rise edge)        0.000     0.000 r  
                         input delay                  1.000     1.000    
                                                      0.000     1.000 r  fc_result_complete_n_base[3] (IN)
                         net (fo=0)                   0.000     1.000    u_compute/u_fc/u_controller/fc_result_complete_n_base[3]
    SLICE_X37Y64         LUT6 (Prop_C6LUT_SLICEM_I0_O)
                                                      0.220     1.220 r  u_compute/u_fc/u_controller/fc_fault_INST_0_i_14/O
                         net (fo=1, routed)           0.073     1.293    u_compute/u_fc/u_controller/fc_fault_INST_0_i_14_n_0
    SLICE_X37Y64         LUT6 (Prop_F6LUT_SLICEM_I0_O)
                                                      0.224     1.517 r  u_compute/u_fc/u_controller/fc_fault_INST_0_i_12/O
                         net (fo=1, routed)           0.050     1.567    u_compute/u_fc/u_controller/fc_fault_INST_0_i_12_n_0
    SLICE_X37Y64         LUT6 (Prop_G6LUT_SLICEM_I4_O)
                                                      0.082     1.649 r  u_compute/u_fc/u_controller/fc_fault_INST_0_i_3/O
                         net (fo=2, routed)           0.126     1.775    u_compute/u_fc/u_controller/result_ack_bad2__24
    SLICE_X38Y64         LUT6 (Prop_G6LUT_SLICEM_I2_O)
                                                      0.152     1.927 r  u_compute/u_fc/u_controller/fc_fault_INST_0/O
                         net (fo=12, routed)          0.174     2.101    u_compute/u_fc/u_controller/fc_result_complete_error_0
    SLICE_X40Y65         LUT6 (Prop_B6LUT_SLICEM_I0_O)
                                                      0.057     2.158 f  u_compute/u_fc/u_controller/cfg_n_base_q[12]_i_1/O
                         net (fo=24, routed)          0.055     2.213    u_compute/u_shared/u_output_slice/u_partial_sum_bank/cfg_valid0
    SLICE_X40Y65         LUT5 (Prop_F6LUT_SLICEM_I4_O)
                                                      0.056     2.269 f  u_compute/u_shared/u_output_slice/u_partial_sum_bank/valid_q[0]_i_2/O
                         net (fo=4, routed)           0.058     2.327    u_compute/u_shared/u_output_slice/u_partial_sum_bank/cfg_fire
    SLICE_X40Y65         LUT3 (Prop_G6LUT_SLICEM_I1_O)
                                                      0.082     2.409 f  u_compute/u_shared/u_output_slice/u_partial_sum_bank/egress_word_q[250]_i_2/O
                         net (fo=15, routed)          0.158     2.566    u_compute/u_shared/u_output_slice/u_router/cfg_fire_0
    SLICE_X41Y65         LUT5 (Prop_F6LUT_SLICEM_I0_O)
                                                      0.149     2.715 r  u_compute/u_shared/u_output_slice/u_router/valid_q[4]_i_1/O
                         net (fo=18, routed)          0.115     2.830    u_compute/u_shared/u_output_slice/u_partial_sum_bank/advance
    SLICE_X43Y65         LUT5 (Prop_F6LUT_SLICEM_I2_O)
                                                      0.056     2.886 r  u_compute/u_shared/u_output_slice/u_partial_sum_bank/emit_reads_issued_q[10]_i_2/O
                         net (fo=7, routed)           0.054     2.940    u_compute/u_shared/u_output_slice/u_partial_sum_bank/emit_read_stage_ready__1
    SLICE_X43Y65         LUT6 (Prop_G6LUT_SLICEM_I0_O)
                                                      0.082     3.022 r  u_compute/u_shared/u_output_slice/u_partial_sum_bank/mem_reg_0_i_41/O
                         net (fo=12, routed)          0.113     3.135    u_compute/u_shared/u_output_slice/u_partial_sum_bank/mem_reg_0_i_41_n_0
    SLICE_X43Y64         LUT4 (Prop_C6LUT_SLICEM_I1_O)
                                                      0.080     3.215 r  u_compute/u_shared/u_output_slice/u_partial_sum_bank/mem_reg_0_i_26/O
                         net (fo=28, routed)          1.098     4.313    u_compute/u_shared/u_output_slice/u_partial_sum_bank/mem_read_addr[0]
    RAMB36_X1Y4          RAMB36E2                                     r  u_compute/u_shared/u_output_slice/u_partial_sum_bank/mem_reg_6/ADDRBWRADDR[3]
  -------------------------------------------------------------------    -------------------

                         (clock clk rise edge)        5.000     5.000 r  
                                                      0.000     5.000 r  clk (IN)
                         net (fo=7719, unset)         0.048     5.048    u_compute/u_shared/u_output_slice/u_partial_sum_bank/clk
    RAMB36_X1Y4          RAMB36E2                                     r  u_compute/u_shared/u_output_slice/u_partial_sum_bank/mem_reg_6/CLKBWRCLK
                         clock pessimism              0.000     5.048    
                         clock uncertainty           -0.035     5.013    
    RAMB36_X1Y4          RAMB36E2 (Setup_RAMB36E2_RAMB36_CLKBWRCLK_ADDRBWRADDR[3])
                                                     -0.535     4.478    u_compute/u_shared/u_output_slice/u_partial_sum_bank/mem_reg_6
  -------------------------------------------------------------------
                         required time                          4.478    
                         arrival time                          -4.313    
  -------------------------------------------------------------------
                         slack                                  0.165    

Slack (MET) :             0.167ns  (required time - arrival time)
  Source:                 fc_result_complete_n_base[3]
                            (input port clocked by clk  {rise@0.000ns fall@2.500ns period=5.000ns})
  Destination:            u_compute/u_shared/u_output_slice/u_partial_sum_bank/mem_reg_6/ADDRBWRADDR[4]
                            (rising edge-triggered cell RAMB36E2 clocked by clk  {rise@0.000ns fall@2.500ns period=5.000ns})
  Path Group:             clk
  Path Type:              Setup (Max at Slow Process Corner)
  Requirement:            5.000ns  (clk rise@5.000ns - clk rise@0.000ns)
  Data Path Delay:        3.298ns  (logic 1.240ns (37.593%)  route 2.058ns (62.407%))
  Logic Levels:           11  (LUT3=1 LUT4=1 LUT5=3 LUT6=6)
  Input Delay:            1.000ns
  Clock Path Skew:        0.048ns (DCD - SCD + CPR)
    Destination Clock Delay (DCD):    0.048ns = ( 5.048 - 5.000 ) 
    Source Clock Delay      (SCD):    0.000ns
    Clock Pessimism Removal (CPR):    0.000ns
  Clock Uncertainty:      0.035ns  ((TSJ^2 + TIJ^2)^1/2 + DJ) / 2 + PE
    Total System Jitter     (TSJ):    0.071ns
    Total Input Jitter      (TIJ):    0.000ns
    Discrete Jitter          (DJ):    0.000ns
    Phase Error              (PE):    0.000ns

    Location             Delay type                Incr(ns)  Path(ns)    Netlist Resource(s)
  -------------------------------------------------------------------    -------------------
                         (clock clk rise edge)        0.000     0.000 r  
                         input delay                  1.000     1.000    
                                                      0.000     1.000 r  fc_result_complete_n_base[3] (IN)
                         net (fo=0)                   0.000     1.000    u_compute/u_fc/u_controller/fc_result_complete_n_base[3]
    SLICE_X37Y64         LUT6 (Prop_C6LUT_SLICEM_I0_O)
                                                      0.220     1.220 r  u_compute/u_fc/u_controller/fc_fault_INST_0_i_14/O
                         net (fo=1, routed)           0.073     1.293    u_compute/u_fc/u_controller/fc_fault_INST_0_i_14_n_0
    SLICE_X37Y64         LUT6 (Prop_F6LUT_SLICEM_I0_O)
                                                      0.224     1.517 r  u_compute/u_fc/u_controller/fc_fault_INST_0_i_12/O
                         net (fo=1, routed)           0.050     1.567    u_compute/u_fc/u_controller/fc_fault_INST_0_i_12_n_0
    SLICE_X37Y64         LUT6 (Prop_G6LUT_SLICEM_I4_O)
                                                      0.082     1.649 r  u_compute/u_fc/u_controller/fc_fault_INST_0_i_3/O
                         net (fo=2, routed)           0.126     1.775    u_compute/u_fc/u_controller/result_ack_bad2__24
    SLICE_X38Y64         LUT6 (Prop_G6LUT_SLICEM_I2_O)
                                                      0.152     1.927 r  u_compute/u_fc/u_controller/fc_fault_INST_0/O
                         net (fo=12, routed)          0.174     2.101    u_compute/u_fc/u_controller/fc_result_complete_error_0
    SLICE_X40Y65         LUT6 (Prop_B6LUT_SLICEM_I0_O)
                                                      0.057     2.158 f  u_compute/u_fc/u_controller/cfg_n_base_q[12]_i_1/O
                         net (fo=24, routed)          0.055     2.213    u_compute/u_shared/u_output_slice/u_partial_sum_bank/cfg_valid0
    SLICE_X40Y65         LUT5 (Prop_F6LUT_SLICEM_I4_O)
                                                      0.056     2.269 f  u_compute/u_shared/u_output_slice/u_partial_sum_bank/valid_q[0]_i_2/O
                         net (fo=4, routed)           0.058     2.327    u_compute/u_shared/u_output_slice/u_partial_sum_bank/cfg_fire
    SLICE_X40Y65         LUT3 (Prop_G6LUT_SLICEM_I1_O)
                                                      0.082     2.409 f  u_compute/u_shared/u_output_slice/u_partial_sum_bank/egress_word_q[250]_i_2/O
                         net (fo=15, routed)          0.158     2.566    u_compute/u_shared/u_output_slice/u_router/cfg_fire_0
    SLICE_X41Y65         LUT5 (Prop_F6LUT_SLICEM_I0_O)
                                                      0.149     2.715 r  u_compute/u_shared/u_output_slice/u_router/valid_q[4]_i_1/O
                         net (fo=18, routed)          0.115     2.830    u_compute/u_shared/u_output_slice/u_partial_sum_bank/advance
    SLICE_X43Y65         LUT5 (Prop_F6LUT_SLICEM_I2_O)
                                                      0.056     2.886 r  u_compute/u_shared/u_output_slice/u_partial_sum_bank/emit_reads_issued_q[10]_i_2/O
                         net (fo=7, routed)           0.054     2.940    u_compute/u_shared/u_output_slice/u_partial_sum_bank/emit_read_stage_ready__1
    SLICE_X43Y65         LUT6 (Prop_G6LUT_SLICEM_I0_O)
                                                      0.082     3.022 r  u_compute/u_shared/u_output_slice/u_partial_sum_bank/mem_reg_0_i_41/O
                         net (fo=12, routed)          0.139     3.161    u_compute/u_shared/u_output_slice/u_partial_sum_bank/mem_reg_0_i_41_n_0
    SLICE_X43Y65         LUT4 (Prop_C6LUT_SLICEM_I1_O)
                                                      0.080     3.241 r  u_compute/u_shared/u_output_slice/u_partial_sum_bank/mem_reg_0_i_25/O
                         net (fo=28, routed)          1.057     4.298    u_compute/u_shared/u_output_slice/u_partial_sum_bank/mem_read_addr[1]
    RAMB36_X1Y4          RAMB36E2                                     r  u_compute/u_shared/u_output_slice/u_partial_sum_bank/mem_reg_6/ADDRBWRADDR[4]
  -------------------------------------------------------------------    -------------------

                         (clock clk rise edge)        5.000     5.000 r  
                                                      0.000     5.000 r  clk (IN)
                         net (fo=7719, unset)         0.048     5.048    u_compute/u_shared/u_output_slice/u_partial_sum_bank/clk
    RAMB36_X1Y4          RAMB36E2                                     r  u_compute/u_shared/u_output_slice/u_partial_sum_bank/mem_reg_6/CLKBWRCLK
                         clock pessimism              0.000     5.048    
                         clock uncertainty           -0.035     5.013    
    RAMB36_X1Y4          RAMB36E2 (Setup_RAMB36E2_RAMB36_CLKBWRCLK_ADDRBWRADDR[4])
                                                     -0.547     4.466    u_compute/u_shared/u_output_slice/u_partial_sum_bank/mem_reg_6
  -------------------------------------------------------------------
                         required time                          4.466    
                         arrival time                          -4.298    
  -------------------------------------------------------------------
                         slack                                  0.167    

Slack (MET) :             0.173ns  (required time - arrival time)
  Source:                 fc_result_complete_n_base[3]
                            (input port clocked by clk  {rise@0.000ns fall@2.500ns period=5.000ns})
  Destination:            u_compute/u_shared/u_output_slice/u_partial_sum_bank/mem_reg_20/ENBWREN
                            (rising edge-triggered cell RAMB36E2 clocked by clk  {rise@0.000ns fall@2.500ns period=5.000ns})
  Path Group:             clk
  Path Type:              Setup (Max at Slow Process Corner)
  Requirement:            5.000ns  (clk rise@5.000ns - clk rise@0.000ns)
  Data Path Delay:        3.378ns  (logic 1.272ns (37.657%)  route 2.106ns (62.343%))
  Logic Levels:           11  (LUT3=2 LUT5=4 LUT6=5)
  Input Delay:            1.000ns
  Clock Path Skew:        0.048ns (DCD - SCD + CPR)
    Destination Clock Delay (DCD):    0.048ns = ( 5.048 - 5.000 ) 
    Source Clock Delay      (SCD):    0.000ns
    Clock Pessimism Removal (CPR):    0.000ns
  Clock Uncertainty:      0.035ns  ((TSJ^2 + TIJ^2)^1/2 + DJ) / 2 + PE
    Total System Jitter     (TSJ):    0.071ns
    Total Input Jitter      (TIJ):    0.000ns
    Discrete Jitter          (DJ):    0.000ns
    Phase Error              (PE):    0.000ns

    Location             Delay type                Incr(ns)  Path(ns)    Netlist Resource(s)
  -------------------------------------------------------------------    -------------------
                         (clock clk rise edge)        0.000     0.000 r  
                         input delay                  1.000     1.000    
                                                      0.000     1.000 r  fc_result_complete_n_base[3] (IN)
                         net (fo=0)                   0.000     1.000    u_compute/u_fc/u_controller/fc_result_complete_n_base[3]
    SLICE_X37Y64         LUT6 (Prop_C6LUT_SLICEM_I0_O)
                                                      0.220     1.220 r  u_compute/u_fc/u_controller/fc_fault_INST_0_i_14/O
                         net (fo=1, routed)           0.073     1.293    u_compute/u_fc/u_controller/fc_fault_INST_0_i_14_n_0
    SLICE_X37Y64         LUT6 (Prop_F6LUT_SLICEM_I0_O)
                                                      0.224     1.517 r  u_compute/u_fc/u_controller/fc_fault_INST_0_i_12/O
                         net (fo=1, routed)           0.050     1.567    u_compute/u_fc/u_controller/fc_fault_INST_0_i_12_n_0
    SLICE_X37Y64         LUT6 (Prop_G6LUT_SLICEM_I4_O)
                                                      0.082     1.649 r  u_compute/u_fc/u_controller/fc_fault_INST_0_i_3/O
                         net (fo=2, routed)           0.126     1.775    u_compute/u_fc/u_controller/result_ack_bad2__24
    SLICE_X38Y64         LUT6 (Prop_G6LUT_SLICEM_I2_O)
                                                      0.152     1.927 r  u_compute/u_fc/u_controller/fc_fault_INST_0/O
                         net (fo=12, routed)          0.174     2.101    u_compute/u_fc/u_controller/fc_result_complete_error_0
    SLICE_X40Y65         LUT6 (Prop_B6LUT_SLICEM_I0_O)
                                                      0.057     2.158 f  u_compute/u_fc/u_controller/cfg_n_base_q[12]_i_1/O
                         net (fo=24, routed)          0.055     2.213    u_compute/u_shared/u_output_slice/u_partial_sum_bank/cfg_valid0
    SLICE_X40Y65         LUT5 (Prop_F6LUT_SLICEM_I4_O)
                                                      0.056     2.269 f  u_compute/u_shared/u_output_slice/u_partial_sum_bank/valid_q[0]_i_2/O
                         net (fo=4, routed)           0.058     2.327    u_compute/u_shared/u_output_slice/u_partial_sum_bank/cfg_fire
    SLICE_X40Y65         LUT3 (Prop_G6LUT_SLICEM_I1_O)
                                                      0.082     2.409 f  u_compute/u_shared/u_output_slice/u_partial_sum_bank/egress_word_q[250]_i_2/O
                         net (fo=15, routed)          0.158     2.566    u_compute/u_shared/u_output_slice/u_router/cfg_fire_0
    SLICE_X41Y65         LUT5 (Prop_F6LUT_SLICEM_I0_O)
                                                      0.149     2.715 r  u_compute/u_shared/u_output_slice/u_router/valid_q[4]_i_1/O
                         net (fo=18, routed)          0.115     2.830    u_compute/u_shared/u_output_slice/u_partial_sum_bank/advance
    SLICE_X43Y65         LUT5 (Prop_F6LUT_SLICEM_I2_O)
                                                      0.056     2.886 r  u_compute/u_shared/u_output_slice/u_partial_sum_bank/emit_reads_issued_q[10]_i_2/O
                         net (fo=7, routed)           0.295     3.181    u_compute/u_shared/u_output_slice/u_partial_sum_bank/emit_read_stage_ready__1
    SLICE_X45Y65         LUT5 (Prop_E6LUT_SLICEM_I4_O)
                                                      0.138     3.319 r  u_compute/u_shared/u_output_slice/u_partial_sum_bank/mem_reg_0_i_38/O
                         net (fo=1, routed)           0.049     3.368    u_compute/u_shared/u_output_slice/u_partial_sum_bank/issue_emit_read__1
    SLICE_X45Y65         LUT3 (Prop_C6LUT_SLICEM_I1_O)
                                                      0.056     3.424 r  u_compute/u_shared/u_output_slice/u_partial_sum_bank/mem_reg_0_i_2/O
                         net (fo=28, routed)          0.954     4.378    u_compute/u_shared/u_output_slice/u_partial_sum_bank/mem_reg_0_i_2_n_0
    RAMB36_X2Y9          RAMB36E2                                     r  u_compute/u_shared/u_output_slice/u_partial_sum_bank/mem_reg_20/ENBWREN
  -------------------------------------------------------------------    -------------------

                         (clock clk rise edge)        5.000     5.000 r  
                                                      0.000     5.000 r  clk (IN)
                         net (fo=7719, unset)         0.048     5.048    u_compute/u_shared/u_output_slice/u_partial_sum_bank/clk
    RAMB36_X2Y9          RAMB36E2                                     r  u_compute/u_shared/u_output_slice/u_partial_sum_bank/mem_reg_20/CLKBWRCLK
                         clock pessimism              0.000     5.048    
                         clock uncertainty           -0.035     5.013    
    RAMB36_X2Y9          RAMB36E2 (Setup_RAMB36E2_RAMB36_CLKBWRCLK_ENBWREN)
                                                     -0.462     4.551    u_compute/u_shared/u_output_slice/u_partial_sum_bank/mem_reg_20
  -------------------------------------------------------------------
                         required time                          4.551    
                         arrival time                          -4.378    
  -------------------------------------------------------------------
                         slack                                  0.173    

Slack (MET) :             0.175ns  (required time - arrival time)
  Source:                 fc_result_complete_n_base[3]
                            (input port clocked by clk  {rise@0.000ns fall@2.500ns period=5.000ns})
  Destination:            u_compute/u_shared/u_output_slice/u_partial_sum_bank/mem_reg_6/ENBWREN
                            (rising edge-triggered cell RAMB36E2 clocked by clk  {rise@0.000ns fall@2.500ns period=5.000ns})
  Path Group:             clk
  Path Type:              Setup (Max at Slow Process Corner)
  Requirement:            5.000ns  (clk rise@5.000ns - clk rise@0.000ns)
  Data Path Delay:        3.376ns  (logic 1.272ns (37.681%)  route 2.104ns (62.319%))
  Logic Levels:           11  (LUT3=2 LUT5=4 LUT6=5)
  Input Delay:            1.000ns
  Clock Path Skew:        0.048ns (DCD - SCD + CPR)
    Destination Clock Delay (DCD):    0.048ns = ( 5.048 - 5.000 ) 
    Source Clock Delay      (SCD):    0.000ns
    Clock Pessimism Removal (CPR):    0.000ns
  Clock Uncertainty:      0.035ns  ((TSJ^2 + TIJ^2)^1/2 + DJ) / 2 + PE
    Total System Jitter     (TSJ):    0.071ns
    Total Input Jitter      (TIJ):    0.000ns
    Discrete Jitter          (DJ):    0.000ns
    Phase Error              (PE):    0.000ns

    Location             Delay type                Incr(ns)  Path(ns)    Netlist Resource(s)
  -------------------------------------------------------------------    -------------------
                         (clock clk rise edge)        0.000     0.000 r  
                         input delay                  1.000     1.000    
                                                      0.000     1.000 r  fc_result_complete_n_base[3] (IN)
                         net (fo=0)                   0.000     1.000    u_compute/u_fc/u_controller/fc_result_complete_n_base[3]
    SLICE_X37Y64         LUT6 (Prop_C6LUT_SLICEM_I0_O)
                                                      0.220     1.220 r  u_compute/u_fc/u_controller/fc_fault_INST_0_i_14/O
                         net (fo=1, routed)           0.073     1.293    u_compute/u_fc/u_controller/fc_fault_INST_0_i_14_n_0
    SLICE_X37Y64         LUT6 (Prop_F6LUT_SLICEM_I0_O)
                                                      0.224     1.517 r  u_compute/u_fc/u_controller/fc_fault_INST_0_i_12/O
                         net (fo=1, routed)           0.050     1.567    u_compute/u_fc/u_controller/fc_fault_INST_0_i_12_n_0
    SLICE_X37Y64         LUT6 (Prop_G6LUT_SLICEM_I4_O)
                                                      0.082     1.649 r  u_compute/u_fc/u_controller/fc_fault_INST_0_i_3/O
                         net (fo=2, routed)           0.126     1.775    u_compute/u_fc/u_controller/result_ack_bad2__24
    SLICE_X38Y64         LUT6 (Prop_G6LUT_SLICEM_I2_O)
                                                      0.152     1.927 r  u_compute/u_fc/u_controller/fc_fault_INST_0/O
                         net (fo=12, routed)          0.174     2.101    u_compute/u_fc/u_controller/fc_result_complete_error_0
    SLICE_X40Y65         LUT6 (Prop_B6LUT_SLICEM_I0_O)
                                                      0.057     2.158 f  u_compute/u_fc/u_controller/cfg_n_base_q[12]_i_1/O
                         net (fo=24, routed)          0.055     2.213    u_compute/u_shared/u_output_slice/u_partial_sum_bank/cfg_valid0
    SLICE_X40Y65         LUT5 (Prop_F6LUT_SLICEM_I4_O)
                                                      0.056     2.269 f  u_compute/u_shared/u_output_slice/u_partial_sum_bank/valid_q[0]_i_2/O
                         net (fo=4, routed)           0.058     2.327    u_compute/u_shared/u_output_slice/u_partial_sum_bank/cfg_fire
    SLICE_X40Y65         LUT3 (Prop_G6LUT_SLICEM_I1_O)
                                                      0.082     2.409 f  u_compute/u_shared/u_output_slice/u_partial_sum_bank/egress_word_q[250]_i_2/O
                         net (fo=15, routed)          0.158     2.566    u_compute/u_shared/u_output_slice/u_router/cfg_fire_0
    SLICE_X41Y65         LUT5 (Prop_F6LUT_SLICEM_I0_O)
                                                      0.149     2.715 r  u_compute/u_shared/u_output_slice/u_router/valid_q[4]_i_1/O
                         net (fo=18, routed)          0.115     2.830    u_compute/u_shared/u_output_slice/u_partial_sum_bank/advance
    SLICE_X43Y65         LUT5 (Prop_F6LUT_SLICEM_I2_O)
                                                      0.056     2.886 r  u_compute/u_shared/u_output_slice/u_partial_sum_bank/emit_reads_issued_q[10]_i_2/O
                         net (fo=7, routed)           0.295     3.181    u_compute/u_shared/u_output_slice/u_partial_sum_bank/emit_read_stage_ready__1
    SLICE_X45Y65         LUT5 (Prop_E6LUT_SLICEM_I4_O)
                                                      0.138     3.319 r  u_compute/u_shared/u_output_slice/u_partial_sum_bank/mem_reg_0_i_38/O
                         net (fo=1, routed)           0.049     3.368    u_compute/u_shared/u_output_slice/u_partial_sum_bank/issue_emit_read__1
    SLICE_X45Y65         LUT3 (Prop_C6LUT_SLICEM_I1_O)
                                                      0.056     3.424 r  u_compute/u_shared/u_output_slice/u_partial_sum_bank/mem_reg_0_i_2/O
                         net (fo=28, routed)          0.951     4.376    u_compute/u_shared/u_output_slice/u_partial_sum_bank/mem_reg_0_i_2_n_0
    RAMB36_X1Y4          RAMB36E2                                     r  u_compute/u_shared/u_output_slice/u_partial_sum_bank/mem_reg_6/ENBWREN
  -------------------------------------------------------------------    -------------------

                         (clock clk rise edge)        5.000     5.000 r  
                                                      0.000     5.000 r  clk (IN)
                         net (fo=7719, unset)         0.048     5.048    u_compute/u_shared/u_output_slice/u_partial_sum_bank/clk
    RAMB36_X1Y4          RAMB36E2                                     r  u_compute/u_shared/u_output_slice/u_partial_sum_bank/mem_reg_6/CLKBWRCLK
                         clock pessimism              0.000     5.048    
                         clock uncertainty           -0.035     5.013    
    RAMB36_X1Y4          RAMB36E2 (Setup_RAMB36E2_RAMB36_CLKBWRCLK_ENBWREN)
                                                     -0.462     4.551    u_compute/u_shared/u_output_slice/u_partial_sum_bank/mem_reg_6
  -------------------------------------------------------------------
                         required time                          4.551    
                         arrival time                          -4.376    
  -------------------------------------------------------------------
                         slack                                  0.175    

Slack (MET) :             0.177ns  (required time - arrival time)
  Source:                 fc_result_complete_n_base[3]
                            (input port clocked by clk  {rise@0.000ns fall@2.500ns period=5.000ns})
  Destination:            u_compute/u_shared/u_output_slice/u_partial_sum_bank/mem_reg_2/ADDRBWRADDR[3]
                            (rising edge-triggered cell RAMB36E2 clocked by clk  {rise@0.000ns fall@2.500ns period=5.000ns})
  Path Group:             clk
  Path Type:              Setup (Max at Slow Process Corner)
  Requirement:            5.000ns  (clk rise@5.000ns - clk rise@0.000ns)
  Data Path Delay:        3.300ns  (logic 1.240ns (37.573%)  route 2.060ns (62.427%))
  Logic Levels:           11  (LUT3=1 LUT4=1 LUT5=3 LUT6=6)
  Input Delay:            1.000ns
  Clock Path Skew:        0.048ns (DCD - SCD + CPR)
    Destination Clock Delay (DCD):    0.048ns = ( 5.048 - 5.000 ) 
    Source Clock Delay      (SCD):    0.000ns
    Clock Pessimism Removal (CPR):    0.000ns
  Clock Uncertainty:      0.035ns  ((TSJ^2 + TIJ^2)^1/2 + DJ) / 2 + PE
    Total System Jitter     (TSJ):    0.071ns
    Total Input Jitter      (TIJ):    0.000ns
    Discrete Jitter          (DJ):    0.000ns
    Phase Error              (PE):    0.000ns

    Location             Delay type                Incr(ns)  Path(ns)    Netlist Resource(s)
  -------------------------------------------------------------------    -------------------
                         (clock clk rise edge)        0.000     0.000 r  
                         input delay                  1.000     1.000    
                                                      0.000     1.000 r  fc_result_complete_n_base[3] (IN)
                         net (fo=0)                   0.000     1.000    u_compute/u_fc/u_controller/fc_result_complete_n_base[3]
    SLICE_X37Y64         LUT6 (Prop_C6LUT_SLICEM_I0_O)
                                                      0.220     1.220 r  u_compute/u_fc/u_controller/fc_fault_INST_0_i_14/O
                         net (fo=1, routed)           0.073     1.293    u_compute/u_fc/u_controller/fc_fault_INST_0_i_14_n_0
    SLICE_X37Y64         LUT6 (Prop_F6LUT_SLICEM_I0_O)
                                                      0.224     1.517 r  u_compute/u_fc/u_controller/fc_fault_INST_0_i_12/O
                         net (fo=1, routed)           0.050     1.567    u_compute/u_fc/u_controller/fc_fault_INST_0_i_12_n_0
    SLICE_X37Y64         LUT6 (Prop_G6LUT_SLICEM_I4_O)
                                                      0.082     1.649 r  u_compute/u_fc/u_controller/fc_fault_INST_0_i_3/O
                         net (fo=2, routed)           0.126     1.775    u_compute/u_fc/u_controller/result_ack_bad2__24
    SLICE_X38Y64         LUT6 (Prop_G6LUT_SLICEM_I2_O)
                                                      0.152     1.927 r  u_compute/u_fc/u_controller/fc_fault_INST_0/O
                         net (fo=12, routed)          0.174     2.101    u_compute/u_fc/u_controller/fc_result_complete_error_0
    SLICE_X40Y65         LUT6 (Prop_B6LUT_SLICEM_I0_O)
                                                      0.057     2.158 f  u_compute/u_fc/u_controller/cfg_n_base_q[12]_i_1/O
                         net (fo=24, routed)          0.055     2.213    u_compute/u_shared/u_output_slice/u_partial_sum_bank/cfg_valid0
    SLICE_X40Y65         LUT5 (Prop_F6LUT_SLICEM_I4_O)
                                                      0.056     2.269 f  u_compute/u_shared/u_output_slice/u_partial_sum_bank/valid_q[0]_i_2/O
                         net (fo=4, routed)           0.058     2.327    u_compute/u_shared/u_output_slice/u_partial_sum_bank/cfg_fire
    SLICE_X40Y65         LUT3 (Prop_G6LUT_SLICEM_I1_O)
                                                      0.082     2.409 f  u_compute/u_shared/u_output_slice/u_partial_sum_bank/egress_word_q[250]_i_2/O
                         net (fo=15, routed)          0.158     2.566    u_compute/u_shared/u_output_slice/u_router/cfg_fire_0
    SLICE_X41Y65         LUT5 (Prop_F6LUT_SLICEM_I0_O)
                                                      0.149     2.715 r  u_compute/u_shared/u_output_slice/u_router/valid_q[4]_i_1/O
                         net (fo=18, routed)          0.115     2.830    u_compute/u_shared/u_output_slice/u_partial_sum_bank/advance
    SLICE_X43Y65         LUT5 (Prop_F6LUT_SLICEM_I2_O)
                                                      0.056     2.886 r  u_compute/u_shared/u_output_slice/u_partial_sum_bank/emit_reads_issued_q[10]_i_2/O
                         net (fo=7, routed)           0.054     2.940    u_compute/u_shared/u_output_slice/u_partial_sum_bank/emit_read_stage_ready__1
    SLICE_X43Y65         LUT6 (Prop_G6LUT_SLICEM_I0_O)
                                                      0.082     3.022 r  u_compute/u_shared/u_output_slice/u_partial_sum_bank/mem_reg_0_i_41/O
                         net (fo=12, routed)          0.113     3.135    u_compute/u_shared/u_output_slice/u_partial_sum_bank/mem_reg_0_i_41_n_0
    SLICE_X43Y64         LUT4 (Prop_C6LUT_SLICEM_I1_O)
                                                      0.080     3.215 r  u_compute/u_shared/u_output_slice/u_partial_sum_bank/mem_reg_0_i_26/O
                         net (fo=28, routed)          1.085     4.300    u_compute/u_shared/u_output_slice/u_partial_sum_bank/mem_read_addr[0]
    RAMB36_X1Y23         RAMB36E2                                     r  u_compute/u_shared/u_output_slice/u_partial_sum_bank/mem_reg_2/ADDRBWRADDR[3]
  -------------------------------------------------------------------    -------------------

                         (clock clk rise edge)        5.000     5.000 r  
                                                      0.000     5.000 r  clk (IN)
                         net (fo=7719, unset)         0.048     5.048    u_compute/u_shared/u_output_slice/u_partial_sum_bank/clk
    RAMB36_X1Y23         RAMB36E2                                     r  u_compute/u_shared/u_output_slice/u_partial_sum_bank/mem_reg_2/CLKBWRCLK
                         clock pessimism              0.000     5.048    
                         clock uncertainty           -0.035     5.013    
    RAMB36_X1Y23         RAMB36E2 (Setup_RAMB36E2_RAMB36_CLKBWRCLK_ADDRBWRADDR[3])
                                                     -0.535     4.478    u_compute/u_shared/u_output_slice/u_partial_sum_bank/mem_reg_2
  -------------------------------------------------------------------
                         required time                          4.478    
                         arrival time                          -4.300    
  -------------------------------------------------------------------
                         slack                                  0.177    

Slack (MET) :             0.179ns  (required time - arrival time)
  Source:                 fc_result_complete_n_base[3]
                            (input port clocked by clk  {rise@0.000ns fall@2.500ns period=5.000ns})
  Destination:            u_compute/u_shared/u_output_slice/u_partial_sum_bank/mem_reg_7/ENBWREN
                            (rising edge-triggered cell RAMB36E2 clocked by clk  {rise@0.000ns fall@2.500ns period=5.000ns})
  Path Group:             clk
  Path Type:              Setup (Max at Slow Process Corner)
  Requirement:            5.000ns  (clk rise@5.000ns - clk rise@0.000ns)
  Data Path Delay:        3.372ns  (logic 1.272ns (37.726%)  route 2.100ns (62.274%))
  Logic Levels:           11  (LUT3=2 LUT5=4 LUT6=5)
  Input Delay:            1.000ns
  Clock Path Skew:        0.048ns (DCD - SCD + CPR)
    Destination Clock Delay (DCD):    0.048ns = ( 5.048 - 5.000 ) 
    Source Clock Delay      (SCD):    0.000ns
    Clock Pessimism Removal (CPR):    0.000ns
  Clock Uncertainty:      0.035ns  ((TSJ^2 + TIJ^2)^1/2 + DJ) / 2 + PE
    Total System Jitter     (TSJ):    0.071ns
    Total Input Jitter      (TIJ):    0.000ns
    Discrete Jitter          (DJ):    0.000ns
    Phase Error              (PE):    0.000ns

    Location             Delay type                Incr(ns)  Path(ns)    Netlist Resource(s)
  -------------------------------------------------------------------    -------------------
                         (clock clk rise edge)        0.000     0.000 r  
                         input delay                  1.000     1.000    
                                                      0.000     1.000 r  fc_result_complete_n_base[3] (IN)
                         net (fo=0)                   0.000     1.000    u_compute/u_fc/u_controller/fc_result_complete_n_base[3]
    SLICE_X37Y64         LUT6 (Prop_C6LUT_SLICEM_I0_O)
                                                      0.220     1.220 r  u_compute/u_fc/u_controller/fc_fault_INST_0_i_14/O
                         net (fo=1, routed)           0.073     1.293    u_compute/u_fc/u_controller/fc_fault_INST_0_i_14_n_0
    SLICE_X37Y64         LUT6 (Prop_F6LUT_SLICEM_I0_O)
                                                      0.224     1.517 r  u_compute/u_fc/u_controller/fc_fault_INST_0_i_12/O
                         net (fo=1, routed)           0.050     1.567    u_compute/u_fc/u_controller/fc_fault_INST_0_i_12_n_0
    SLICE_X37Y64         LUT6 (Prop_G6LUT_SLICEM_I4_O)
                                                      0.082     1.649 r  u_compute/u_fc/u_controller/fc_fault_INST_0_i_3/O
                         net (fo=2, routed)           0.126     1.775    u_compute/u_fc/u_controller/result_ack_bad2__24
    SLICE_X38Y64         LUT6 (Prop_G6LUT_SLICEM_I2_O)
                                                      0.152     1.927 r  u_compute/u_fc/u_controller/fc_fault_INST_0/O
                         net (fo=12, routed)          0.174     2.101    u_compute/u_fc/u_controller/fc_result_complete_error_0
    SLICE_X40Y65         LUT6 (Prop_B6LUT_SLICEM_I0_O)
                                                      0.057     2.158 f  u_compute/u_fc/u_controller/cfg_n_base_q[12]_i_1/O
                         net (fo=24, routed)          0.055     2.213    u_compute/u_shared/u_output_slice/u_partial_sum_bank/cfg_valid0
    SLICE_X40Y65         LUT5 (Prop_F6LUT_SLICEM_I4_O)
                                                      0.056     2.269 f  u_compute/u_shared/u_output_slice/u_partial_sum_bank/valid_q[0]_i_2/O
                         net (fo=4, routed)           0.058     2.327    u_compute/u_shared/u_output_slice/u_partial_sum_bank/cfg_fire
    SLICE_X40Y65         LUT3 (Prop_G6LUT_SLICEM_I1_O)
                                                      0.082     2.409 f  u_compute/u_shared/u_output_slice/u_partial_sum_bank/egress_word_q[250]_i_2/O
                         net (fo=15, routed)          0.158     2.566    u_compute/u_shared/u_output_slice/u_router/cfg_fire_0
    SLICE_X41Y65         LUT5 (Prop_F6LUT_SLICEM_I0_O)
                                                      0.149     2.715 r  u_compute/u_shared/u_output_slice/u_router/valid_q[4]_i_1/O
                         net (fo=18, routed)          0.115     2.830    u_compute/u_shared/u_output_slice/u_partial_sum_bank/advance
    SLICE_X43Y65         LUT5 (Prop_F6LUT_SLICEM_I2_O)
                                                      0.056     2.886 r  u_compute/u_shared/u_output_slice/u_partial_sum_bank/emit_reads_issued_q[10]_i_2/O
                         net (fo=7, routed)           0.295     3.181    u_compute/u_shared/u_output_slice/u_partial_sum_bank/emit_read_stage_ready__1
    SLICE_X45Y65         LUT5 (Prop_E6LUT_SLICEM_I4_O)
                                                      0.138     3.319 r  u_compute/u_shared/u_output_slice/u_partial_sum_bank/mem_reg_0_i_38/O
                         net (fo=1, routed)           0.049     3.368    u_compute/u_shared/u_output_slice/u_partial_sum_bank/issue_emit_read__1
    SLICE_X45Y65         LUT3 (Prop_C6LUT_SLICEM_I1_O)
                                                      0.056     3.424 r  u_compute/u_shared/u_output_slice/u_partial_sum_bank/mem_reg_0_i_2/O
                         net (fo=28, routed)          0.947     4.372    u_compute/u_shared/u_output_slice/u_partial_sum_bank/mem_reg_0_i_2_n_0
    RAMB36_X1Y5          RAMB36E2                                     r  u_compute/u_shared/u_output_slice/u_partial_sum_bank/mem_reg_7/ENBWREN
  -------------------------------------------------------------------    -------------------

                         (clock clk rise edge)        5.000     5.000 r  
                                                      0.000     5.000 r  clk (IN)
                         net (fo=7719, unset)         0.048     5.048    u_compute/u_shared/u_output_slice/u_partial_sum_bank/clk
    RAMB36_X1Y5          RAMB36E2                                     r  u_compute/u_shared/u_output_slice/u_partial_sum_bank/mem_reg_7/CLKBWRCLK
                         clock pessimism              0.000     5.048    
                         clock uncertainty           -0.035     5.013    
    RAMB36_X1Y5          RAMB36E2 (Setup_RAMB36E2_RAMB36_CLKBWRCLK_ENBWREN)
                                                     -0.462     4.551    u_compute/u_shared/u_output_slice/u_partial_sum_bank/mem_reg_7
  -------------------------------------------------------------------
                         required time                          4.551    
                         arrival time                          -4.372    
  -------------------------------------------------------------------
                         slack                                  0.179    

Slack (MET) :             0.182ns  (required time - arrival time)
  Source:                 fc_result_complete_n_base[3]
                            (input port clocked by clk  {rise@0.000ns fall@2.500ns period=5.000ns})
  Destination:            u_compute/u_shared/u_output_slice/u_partial_sum_bank/mem_reg_14/ENBWREN
                            (rising edge-triggered cell RAMB36E2 clocked by clk  {rise@0.000ns fall@2.500ns period=5.000ns})
  Path Group:             clk
  Path Type:              Setup (Max at Slow Process Corner)
  Requirement:            5.000ns  (clk rise@5.000ns - clk rise@0.000ns)
  Data Path Delay:        3.369ns  (logic 1.272ns (37.759%)  route 2.097ns (62.241%))
  Logic Levels:           11  (LUT3=2 LUT5=4 LUT6=5)
  Input Delay:            1.000ns
  Clock Path Skew:        0.048ns (DCD - SCD + CPR)
    Destination Clock Delay (DCD):    0.048ns = ( 5.048 - 5.000 ) 
    Source Clock Delay      (SCD):    0.000ns
    Clock Pessimism Removal (CPR):    0.000ns
  Clock Uncertainty:      0.035ns  ((TSJ^2 + TIJ^2)^1/2 + DJ) / 2 + PE
    Total System Jitter     (TSJ):    0.071ns
    Total Input Jitter      (TIJ):    0.000ns
    Discrete Jitter          (DJ):    0.000ns
    Phase Error              (PE):    0.000ns

    Location             Delay type                Incr(ns)  Path(ns)    Netlist Resource(s)
  -------------------------------------------------------------------    -------------------
                         (clock clk rise edge)        0.000     0.000 r  
                         input delay                  1.000     1.000    
                                                      0.000     1.000 r  fc_result_complete_n_base[3] (IN)
                         net (fo=0)                   0.000     1.000    u_compute/u_fc/u_controller/fc_result_complete_n_base[3]
    SLICE_X37Y64         LUT6 (Prop_C6LUT_SLICEM_I0_O)
                                                      0.220     1.220 r  u_compute/u_fc/u_controller/fc_fault_INST_0_i_14/O
                         net (fo=1, routed)           0.073     1.293    u_compute/u_fc/u_controller/fc_fault_INST_0_i_14_n_0
    SLICE_X37Y64         LUT6 (Prop_F6LUT_SLICEM_I0_O)
                                                      0.224     1.517 r  u_compute/u_fc/u_controller/fc_fault_INST_0_i_12/O
                         net (fo=1, routed)           0.050     1.567    u_compute/u_fc/u_controller/fc_fault_INST_0_i_12_n_0
    SLICE_X37Y64         LUT6 (Prop_G6LUT_SLICEM_I4_O)
                                                      0.082     1.649 r  u_compute/u_fc/u_controller/fc_fault_INST_0_i_3/O
                         net (fo=2, routed)           0.126     1.775    u_compute/u_fc/u_controller/result_ack_bad2__24
    SLICE_X38Y64         LUT6 (Prop_G6LUT_SLICEM_I2_O)
                                                      0.152     1.927 r  u_compute/u_fc/u_controller/fc_fault_INST_0/O
                         net (fo=12, routed)          0.174     2.101    u_compute/u_fc/u_controller/fc_result_complete_error_0
    SLICE_X40Y65         LUT6 (Prop_B6LUT_SLICEM_I0_O)
                                                      0.057     2.158 f  u_compute/u_fc/u_controller/cfg_n_base_q[12]_i_1/O
                         net (fo=24, routed)          0.055     2.213    u_compute/u_shared/u_output_slice/u_partial_sum_bank/cfg_valid0
    SLICE_X40Y65         LUT5 (Prop_F6LUT_SLICEM_I4_O)
                                                      0.056     2.269 f  u_compute/u_shared/u_output_slice/u_partial_sum_bank/valid_q[0]_i_2/O
                         net (fo=4, routed)           0.058     2.327    u_compute/u_shared/u_output_slice/u_partial_sum_bank/cfg_fire
    SLICE_X40Y65         LUT3 (Prop_G6LUT_SLICEM_I1_O)
                                                      0.082     2.409 f  u_compute/u_shared/u_output_slice/u_partial_sum_bank/egress_word_q[250]_i_2/O
                         net (fo=15, routed)          0.158     2.566    u_compute/u_shared/u_output_slice/u_router/cfg_fire_0
    SLICE_X41Y65         LUT5 (Prop_F6LUT_SLICEM_I0_O)
                                                      0.149     2.715 r  u_compute/u_shared/u_output_slice/u_router/valid_q[4]_i_1/O
                         net (fo=18, routed)          0.115     2.830    u_compute/u_shared/u_output_slice/u_partial_sum_bank/advance
    SLICE_X43Y65         LUT5 (Prop_F6LUT_SLICEM_I2_O)
                                                      0.056     2.886 r  u_compute/u_shared/u_output_slice/u_partial_sum_bank/emit_reads_issued_q[10]_i_2/O
                         net (fo=7, routed)           0.295     3.181    u_compute/u_shared/u_output_slice/u_partial_sum_bank/emit_read_stage_ready__1
    SLICE_X45Y65         LUT5 (Prop_E6LUT_SLICEM_I4_O)
                                                      0.138     3.319 r  u_compute/u_shared/u_output_slice/u_partial_sum_bank/mem_reg_0_i_38/O
                         net (fo=1, routed)           0.049     3.368    u_compute/u_shared/u_output_slice/u_partial_sum_bank/issue_emit_read__1
    SLICE_X45Y65         LUT3 (Prop_C6LUT_SLICEM_I1_O)
                                                      0.056     3.424 r  u_compute/u_shared/u_output_slice/u_partial_sum_bank/mem_reg_0_i_2/O
                         net (fo=28, routed)          0.944     4.369    u_compute/u_shared/u_output_slice/u_partial_sum_bank/mem_reg_0_i_2_n_0
    RAMB36_X1Y19         RAMB36E2                                     r  u_compute/u_shared/u_output_slice/u_partial_sum_bank/mem_reg_14/ENBWREN
  -------------------------------------------------------------------    -------------------

                         (clock clk rise edge)        5.000     5.000 r  
                                                      0.000     5.000 r  clk (IN)
                         net (fo=7719, unset)         0.048     5.048    u_compute/u_shared/u_output_slice/u_partial_sum_bank/clk
    RAMB36_X1Y19         RAMB36E2                                     r  u_compute/u_shared/u_output_slice/u_partial_sum_bank/mem_reg_14/CLKBWRCLK
                         clock pessimism              0.000     5.048    
                         clock uncertainty           -0.035     5.013    
    RAMB36_X1Y19         RAMB36E2 (Setup_RAMB36E2_RAMB36_CLKBWRCLK_ENBWREN)
                                                     -0.462     4.551    u_compute/u_shared/u_output_slice/u_partial_sum_bank/mem_reg_14
  -------------------------------------------------------------------
                         required time                          4.551    
                         arrival time                          -4.369    
  -------------------------------------------------------------------
                         slack                                  0.182    




