Copyright 1986-2022 Xilinx, Inc. All Rights Reserved. Copyright 2022-2024 Advanced Micro Devices, Inc. All Rights Reserved.
-------------------------------------------------------------------------------------------------------------------------------------------------------------------------------------------------
| Tool Version      : Vivado v.2024.1 (lin64) Build 5076996 Wed May 22 18:36:09 MDT 2024
| Date              : Mon Aug 31 13:36:45 2026
| Host              : yundodo running 64-bit unknown
| Command           : report_timing -delay_type max -max_paths 20 -sort_by group -file /home/dodo/Documents/Codex/2026-08-31/kv260-alexnet-rtl/alexnet/reports/n8_requant/200mhz/worst_setup.rpt
| Design            : alexnet_n8_requant
| Device            : xck26-sfvc784
| Speed File        : -2LV  PRODUCTION 1.30 05-15-2022
| Design State      : Routed
| Temperature Grade : C
-------------------------------------------------------------------------------------------------------------------------------------------------------------------------------------------------

Timing Report

Slack (MET) :             0.940ns  (required time - arrival time)
  Source:                 right_shift_q_reg[1][0]/C
                            (rising edge-triggered cell FDRE clocked by clk  {rise@0.000ns fall@2.500ns period=5.000ns})
  Destination:            rounded_q_reg[1][4]/D
                            (rising edge-triggered cell FDRE clocked by clk  {rise@0.000ns fall@2.500ns period=5.000ns})
  Path Group:             clk
  Path Type:              Setup (Max at Slow Process Corner)
  Requirement:            5.000ns  (clk rise@5.000ns - clk rise@0.000ns)
  Data Path Delay:        4.057ns  (logic 1.428ns (35.197%)  route 2.629ns (64.803%))
  Logic Levels:           10  (CARRY8=5 LUT3=1 LUT5=2 LUT6=2)
  Clock Path Skew:        -0.011ns (DCD - SCD + CPR)
    Destination Clock Delay (DCD):    0.031ns = ( 5.031 - 5.000 ) 
    Source Clock Delay      (SCD):    0.042ns
    Clock Pessimism Removal (CPR):    0.000ns
  Clock Uncertainty:      0.035ns  ((TSJ^2 + TIJ^2)^1/2 + DJ) / 2 + PE
    Total System Jitter     (TSJ):    0.071ns
    Total Input Jitter      (TIJ):    0.000ns
    Discrete Jitter          (DJ):    0.000ns
    Phase Error              (PE):    0.000ns

    Location             Delay type                Incr(ns)  Path(ns)    Netlist Resource(s)
  -------------------------------------------------------------------    -------------------
                         (clock clk rise edge)        0.000     0.000 r  
                                                      0.000     0.000 r  clk (IN)
                         net (fo=494, unset)          0.042     0.042    clk
    SLICE_X23Y13         FDRE                                         r  right_shift_q_reg[1][0]/C
  -------------------------------------------------------------------    -------------------
    SLICE_X23Y13         FDRE (Prop_EFF_SLICEL_C_Q)
                                                      0.114     0.156 r  right_shift_q_reg[1][0]/Q
                         net (fo=125, routed)         0.644     0.800    right_shift_q_reg[1][0]
    SLICE_X21Y14         LUT3 (Prop_B5LUT_SLICEM_I1_O)
                                                      0.229     1.029 r  rounded_q[1][45]_i_31/O
                         net (fo=5, routed)           0.534     1.564    rounded_q[1][45]_i_31_n_0
    SLICE_X24Y14         LUT6 (Prop_A6LUT_SLICEM_I1_O)
                                                      0.189     1.753 r  rounded_q[1][45]_i_85/O
                         net (fo=1, routed)           0.017     1.770    rounded_q[1][45]_i_85_n_0
    SLICE_X24Y14         CARRY8 (Prop_CARRY8_SLICEM_S[0]_CO[7])
                                                      0.281     2.051 r  rounded_q_reg[1][45]_i_51/CO[7]
                         net (fo=1, routed)           0.030     2.081    rounded_q_reg[1][45]_i_51_n_0
    SLICE_X24Y15         CARRY8 (Prop_CARRY8_SLICEM_CI_CO[7])
                                                      0.065     2.146 r  rounded_q_reg[1][45]_i_33/CO[7]
                         net (fo=1, routed)           0.030     2.176    rounded_q_reg[1][45]_i_33_n_0
    SLICE_X24Y16         CARRY8 (Prop_CARRY8_SLICEM_CI_CO[7])
                                                      0.065     2.241 r  rounded_q_reg[1][45]_i_12/CO[7]
                         net (fo=1, routed)           0.030     2.271    rounded_q_reg[1][45]_i_12_n_0
    SLICE_X24Y17         CARRY8 (Prop_CARRY8_SLICEM_CI_CO[7])
                                                      0.065     2.336 r  rounded_q_reg[1][45]_i_2/CO[7]
                         net (fo=1, routed)           0.030     2.366    rounded_q_reg[1][45]_i_2_n_0
    SLICE_X24Y18         CARRY8 (Prop_CARRY8_SLICEM_CI_O[4])
                                                      0.127     2.493 r  rounded_q_reg[1][45]_i_1/O[4]
                         net (fo=53, routed)          0.827     3.320    rounded_q_reg[1][45]_i_1_n_11
    SLICE_X22Y15         LUT5 (Prop_D6LUT_SLICEL_I2_O)
                                                      0.081     3.401 r  rounded_q[1][11]_i_4/O
                         net (fo=4, routed)           0.164     3.565    rounded_q[1][11]_i_4_n_0
    SLICE_X22Y17         LUT6 (Prop_E6LUT_SLICEL_I0_O)
                                                      0.152     3.717 r  rounded_q[1][5]_i_2/O
                         net (fo=2, routed)           0.242     3.959    rounded_q[1][5]_i_2_n_0
    SLICE_X21Y18         LUT5 (Prop_H6LUT_SLICEM_I2_O)
                                                      0.060     4.019 r  rounded_q[1][4]_i_1/O
                         net (fo=1, routed)           0.080     4.099    rounded_q[1][4]_i_1_n_0
    SLICE_X21Y18         FDRE                                         r  rounded_q_reg[1][4]/D
  -------------------------------------------------------------------    -------------------

                         (clock clk rise edge)        5.000     5.000 r  
                                                      0.000     5.000 r  clk (IN)
                         net (fo=494, unset)          0.031     5.031    clk
    SLICE_X21Y18         FDRE                                         r  rounded_q_reg[1][4]/C
                         clock pessimism              0.000     5.031    
                         clock uncertainty           -0.035     4.996    
    SLICE_X21Y18         FDRE (Setup_HFF_SLICEM_C_D)
                                                      0.044     5.040    rounded_q_reg[1][4]
  -------------------------------------------------------------------
                         required time                          5.040    
                         arrival time                          -4.099    
  -------------------------------------------------------------------
                         slack                                  0.940    

Slack (MET) :             0.944ns  (required time - arrival time)
  Source:                 right_shift_q_reg[1][0]/C
                            (rising edge-triggered cell FDRE clocked by clk  {rise@0.000ns fall@2.500ns period=5.000ns})
  Destination:            rounded_q_reg[1][5]/D
                            (rising edge-triggered cell FDRE clocked by clk  {rise@0.000ns fall@2.500ns period=5.000ns})
  Path Group:             clk
  Path Type:              Setup (Max at Slow Process Corner)
  Requirement:            5.000ns  (clk rise@5.000ns - clk rise@0.000ns)
  Data Path Delay:        4.052ns  (logic 1.425ns (35.167%)  route 2.627ns (64.833%))
  Logic Levels:           10  (CARRY8=5 LUT3=1 LUT5=2 LUT6=2)
  Clock Path Skew:        -0.011ns (DCD - SCD + CPR)
    Destination Clock Delay (DCD):    0.031ns = ( 5.031 - 5.000 ) 
    Source Clock Delay      (SCD):    0.042ns
    Clock Pessimism Removal (CPR):    0.000ns
  Clock Uncertainty:      0.035ns  ((TSJ^2 + TIJ^2)^1/2 + DJ) / 2 + PE
    Total System Jitter     (TSJ):    0.071ns
    Total Input Jitter      (TIJ):    0.000ns
    Discrete Jitter          (DJ):    0.000ns
    Phase Error              (PE):    0.000ns

    Location             Delay type                Incr(ns)  Path(ns)    Netlist Resource(s)
  -------------------------------------------------------------------    -------------------
                         (clock clk rise edge)        0.000     0.000 r  
                                                      0.000     0.000 r  clk (IN)
                         net (fo=494, unset)          0.042     0.042    clk
    SLICE_X23Y13         FDRE                                         r  right_shift_q_reg[1][0]/C
  -------------------------------------------------------------------    -------------------
    SLICE_X23Y13         FDRE (Prop_EFF_SLICEL_C_Q)
                                                      0.114     0.156 r  right_shift_q_reg[1][0]/Q
                         net (fo=125, routed)         0.644     0.800    right_shift_q_reg[1][0]
    SLICE_X21Y14         LUT3 (Prop_B5LUT_SLICEM_I1_O)
                                                      0.229     1.029 r  rounded_q[1][45]_i_31/O
                         net (fo=5, routed)           0.534     1.564    rounded_q[1][45]_i_31_n_0
    SLICE_X24Y14         LUT6 (Prop_A6LUT_SLICEM_I1_O)
                                                      0.189     1.753 r  rounded_q[1][45]_i_85/O
                         net (fo=1, routed)           0.017     1.770    rounded_q[1][45]_i_85_n_0
    SLICE_X24Y14         CARRY8 (Prop_CARRY8_SLICEM_S[0]_CO[7])
                                                      0.281     2.051 r  rounded_q_reg[1][45]_i_51/CO[7]
                         net (fo=1, routed)           0.030     2.081    rounded_q_reg[1][45]_i_51_n_0
    SLICE_X24Y15         CARRY8 (Prop_CARRY8_SLICEM_CI_CO[7])
                                                      0.065     2.146 r  rounded_q_reg[1][45]_i_33/CO[7]
                         net (fo=1, routed)           0.030     2.176    rounded_q_reg[1][45]_i_33_n_0
    SLICE_X24Y16         CARRY8 (Prop_CARRY8_SLICEM_CI_CO[7])
                                                      0.065     2.241 r  rounded_q_reg[1][45]_i_12/CO[7]
                         net (fo=1, routed)           0.030     2.271    rounded_q_reg[1][45]_i_12_n_0
    SLICE_X24Y17         CARRY8 (Prop_CARRY8_SLICEM_CI_CO[7])
                                                      0.065     2.336 r  rounded_q_reg[1][45]_i_2/CO[7]
                         net (fo=1, routed)           0.030     2.366    rounded_q_reg[1][45]_i_2_n_0
    SLICE_X24Y18         CARRY8 (Prop_CARRY8_SLICEM_CI_O[4])
                                                      0.127     2.493 r  rounded_q_reg[1][45]_i_1/O[4]
                         net (fo=53, routed)          0.827     3.320    rounded_q_reg[1][45]_i_1_n_11
    SLICE_X22Y15         LUT5 (Prop_D6LUT_SLICEL_I2_O)
                                                      0.081     3.401 r  rounded_q[1][11]_i_4/O
                         net (fo=4, routed)           0.164     3.565    rounded_q[1][11]_i_4_n_0
    SLICE_X22Y17         LUT6 (Prop_E6LUT_SLICEL_I0_O)
                                                      0.152     3.717 r  rounded_q[1][5]_i_2/O
                         net (fo=2, routed)           0.240     3.957    rounded_q[1][5]_i_2_n_0
    SLICE_X21Y18         LUT5 (Prop_G6LUT_SLICEM_I0_O)
                                                      0.057     4.014 r  rounded_q[1][5]_i_1/O
                         net (fo=1, routed)           0.080     4.094    rounded_q[1][5]_i_1_n_0
    SLICE_X21Y18         FDRE                                         r  rounded_q_reg[1][5]/D
  -------------------------------------------------------------------    -------------------

                         (clock clk rise edge)        5.000     5.000 r  
                                                      0.000     5.000 r  clk (IN)
                         net (fo=494, unset)          0.031     5.031    clk
    SLICE_X21Y18         FDRE                                         r  rounded_q_reg[1][5]/C
                         clock pessimism              0.000     5.031    
                         clock uncertainty           -0.035     4.996    
    SLICE_X21Y18         FDRE (Setup_GFF_SLICEM_C_D)
                                                      0.043     5.039    rounded_q_reg[1][5]
  -------------------------------------------------------------------
                         required time                          5.039    
                         arrival time                          -4.094    
  -------------------------------------------------------------------
                         slack                                  0.944    

Slack (MET) :             0.978ns  (required time - arrival time)
  Source:                 right_shift_q_reg[1][0]/C
                            (rising edge-triggered cell FDRE clocked by clk  {rise@0.000ns fall@2.500ns period=5.000ns})
  Destination:            rounded_q_reg[1][15]/D
                            (rising edge-triggered cell FDRE clocked by clk  {rise@0.000ns fall@2.500ns period=5.000ns})
  Path Group:             clk
  Path Type:              Setup (Max at Slow Process Corner)
  Requirement:            5.000ns  (clk rise@5.000ns - clk rise@0.000ns)
  Data Path Delay:        4.019ns  (logic 1.552ns (38.620%)  route 2.467ns (61.380%))
  Logic Levels:           10  (CARRY8=5 LUT3=1 LUT4=1 LUT5=1 LUT6=2)
  Clock Path Skew:        -0.012ns (DCD - SCD + CPR)
    Destination Clock Delay (DCD):    0.030ns = ( 5.030 - 5.000 ) 
    Source Clock Delay      (SCD):    0.042ns
    Clock Pessimism Removal (CPR):    0.000ns
  Clock Uncertainty:      0.035ns  ((TSJ^2 + TIJ^2)^1/2 + DJ) / 2 + PE
    Total System Jitter     (TSJ):    0.071ns
    Total Input Jitter      (TIJ):    0.000ns
    Discrete Jitter          (DJ):    0.000ns
    Phase Error              (PE):    0.000ns

    Location             Delay type                Incr(ns)  Path(ns)    Netlist Resource(s)
  -------------------------------------------------------------------    -------------------
                         (clock clk rise edge)        0.000     0.000 r  
                                                      0.000     0.000 r  clk (IN)
                         net (fo=494, unset)          0.042     0.042    clk
    SLICE_X23Y13         FDRE                                         r  right_shift_q_reg[1][0]/C
  -------------------------------------------------------------------    -------------------
    SLICE_X23Y13         FDRE (Prop_EFF_SLICEL_C_Q)
                                                      0.114     0.156 r  right_shift_q_reg[1][0]/Q
                         net (fo=125, routed)         0.644     0.800    right_shift_q_reg[1][0]
    SLICE_X21Y14         LUT3 (Prop_B5LUT_SLICEM_I1_O)
                                                      0.229     1.029 r  rounded_q[1][45]_i_31/O
                         net (fo=5, routed)           0.534     1.564    rounded_q[1][45]_i_31_n_0
    SLICE_X24Y14         LUT6 (Prop_A6LUT_SLICEM_I1_O)
                                                      0.189     1.753 r  rounded_q[1][45]_i_85/O
                         net (fo=1, routed)           0.017     1.770    rounded_q[1][45]_i_85_n_0
    SLICE_X24Y14         CARRY8 (Prop_CARRY8_SLICEM_S[0]_CO[7])
                                                      0.281     2.051 r  rounded_q_reg[1][45]_i_51/CO[7]
                         net (fo=1, routed)           0.030     2.081    rounded_q_reg[1][45]_i_51_n_0
    SLICE_X24Y15         CARRY8 (Prop_CARRY8_SLICEM_CI_CO[7])
                                                      0.065     2.146 r  rounded_q_reg[1][45]_i_33/CO[7]
                         net (fo=1, routed)           0.030     2.176    rounded_q_reg[1][45]_i_33_n_0
    SLICE_X24Y16         CARRY8 (Prop_CARRY8_SLICEM_CI_CO[7])
                                                      0.065     2.241 r  rounded_q_reg[1][45]_i_12/CO[7]
                         net (fo=1, routed)           0.030     2.271    rounded_q_reg[1][45]_i_12_n_0
    SLICE_X24Y17         CARRY8 (Prop_CARRY8_SLICEM_CI_CO[7])
                                                      0.065     2.336 r  rounded_q_reg[1][45]_i_2/CO[7]
                         net (fo=1, routed)           0.030     2.366    rounded_q_reg[1][45]_i_2_n_0
    SLICE_X24Y18         CARRY8 (Prop_CARRY8_SLICEM_CI_O[4])
                                                      0.127     2.493 r  rounded_q_reg[1][45]_i_1/O[4]
                         net (fo=53, routed)          0.737     3.230    rounded_q_reg[1][45]_i_1_n_11
    SLICE_X21Y15         LUT4 (Prop_D5LUT_SLICEM_I3_O)
                                                      0.091     3.321 r  rounded_q[1][18]_i_3/O
                         net (fo=2, routed)           0.206     3.527    rounded_q[1][18]_i_3_n_0
    SLICE_X21Y14         LUT6 (Prop_G6LUT_SLICEM_I2_O)
                                                      0.137     3.664 r  rounded_q[1][16]_i_2/O
                         net (fo=2, routed)           0.135     3.799    rounded_q[1][16]_i_2_n_0
    SLICE_X20Y14         LUT5 (Prop_A6LUT_SLICEM_I2_O)
                                                      0.189     3.988 r  rounded_q[1][15]_i_1/O
                         net (fo=1, routed)           0.073     4.061    rounded_q[1][15]_i_1_n_0
    SLICE_X20Y14         FDRE                                         r  rounded_q_reg[1][15]/D
  -------------------------------------------------------------------    -------------------

                         (clock clk rise edge)        5.000     5.000 r  
                                                      0.000     5.000 r  clk (IN)
                         net (fo=494, unset)          0.030     5.030    clk
    SLICE_X20Y14         FDRE                                         r  rounded_q_reg[1][15]/C
                         clock pessimism              0.000     5.030    
                         clock uncertainty           -0.035     4.995    
    SLICE_X20Y14         FDRE (Setup_AFF_SLICEM_C_D)
                                                      0.044     5.039    rounded_q_reg[1][15]
  -------------------------------------------------------------------
                         required time                          5.039    
                         arrival time                          -4.061    
  -------------------------------------------------------------------
                         slack                                  0.978    

Slack (MET) :             0.987ns  (required time - arrival time)
  Source:                 right_shift_q_reg[1][0]/C
                            (rising edge-triggered cell FDRE clocked by clk  {rise@0.000ns fall@2.500ns period=5.000ns})
  Destination:            rounded_q_reg[1][11]/D
                            (rising edge-triggered cell FDRE clocked by clk  {rise@0.000ns fall@2.500ns period=5.000ns})
  Path Group:             clk
  Path Type:              Setup (Max at Slow Process Corner)
  Requirement:            5.000ns  (clk rise@5.000ns - clk rise@0.000ns)
  Data Path Delay:        4.008ns  (logic 1.449ns (36.151%)  route 2.559ns (63.849%))
  Logic Levels:           10  (CARRY8=5 LUT3=1 LUT5=2 LUT6=2)
  Clock Path Skew:        -0.012ns (DCD - SCD + CPR)
    Destination Clock Delay (DCD):    0.030ns = ( 5.030 - 5.000 ) 
    Source Clock Delay      (SCD):    0.042ns
    Clock Pessimism Removal (CPR):    0.000ns
  Clock Uncertainty:      0.035ns  ((TSJ^2 + TIJ^2)^1/2 + DJ) / 2 + PE
    Total System Jitter     (TSJ):    0.071ns
    Total Input Jitter      (TIJ):    0.000ns
    Discrete Jitter          (DJ):    0.000ns
    Phase Error              (PE):    0.000ns

    Location             Delay type                Incr(ns)  Path(ns)    Netlist Resource(s)
  -------------------------------------------------------------------    -------------------
                         (clock clk rise edge)        0.000     0.000 r  
                                                      0.000     0.000 r  clk (IN)
                         net (fo=494, unset)          0.042     0.042    clk
    SLICE_X23Y13         FDRE                                         r  right_shift_q_reg[1][0]/C
  -------------------------------------------------------------------    -------------------
    SLICE_X23Y13         FDRE (Prop_EFF_SLICEL_C_Q)
                                                      0.114     0.156 r  right_shift_q_reg[1][0]/Q
                         net (fo=125, routed)         0.644     0.800    right_shift_q_reg[1][0]
    SLICE_X21Y14         LUT3 (Prop_B5LUT_SLICEM_I1_O)
                                                      0.229     1.029 r  rounded_q[1][45]_i_31/O
                         net (fo=5, routed)           0.534     1.564    rounded_q[1][45]_i_31_n_0
    SLICE_X24Y14         LUT6 (Prop_A6LUT_SLICEM_I1_O)
                                                      0.189     1.753 r  rounded_q[1][45]_i_85/O
                         net (fo=1, routed)           0.017     1.770    rounded_q[1][45]_i_85_n_0
    SLICE_X24Y14         CARRY8 (Prop_CARRY8_SLICEM_S[0]_CO[7])
                                                      0.281     2.051 r  rounded_q_reg[1][45]_i_51/CO[7]
                         net (fo=1, routed)           0.030     2.081    rounded_q_reg[1][45]_i_51_n_0
    SLICE_X24Y15         CARRY8 (Prop_CARRY8_SLICEM_CI_CO[7])
                                                      0.065     2.146 r  rounded_q_reg[1][45]_i_33/CO[7]
                         net (fo=1, routed)           0.030     2.176    rounded_q_reg[1][45]_i_33_n_0
    SLICE_X24Y16         CARRY8 (Prop_CARRY8_SLICEM_CI_CO[7])
                                                      0.065     2.241 r  rounded_q_reg[1][45]_i_12/CO[7]
                         net (fo=1, routed)           0.030     2.271    rounded_q_reg[1][45]_i_12_n_0
    SLICE_X24Y17         CARRY8 (Prop_CARRY8_SLICEM_CI_CO[7])
                                                      0.065     2.336 r  rounded_q_reg[1][45]_i_2/CO[7]
                         net (fo=1, routed)           0.030     2.366    rounded_q_reg[1][45]_i_2_n_0
    SLICE_X24Y18         CARRY8 (Prop_CARRY8_SLICEM_CI_O[4])
                                                      0.127     2.493 r  rounded_q_reg[1][45]_i_1/O[4]
                         net (fo=53, routed)          0.827     3.320    rounded_q_reg[1][45]_i_1_n_11
    SLICE_X22Y15         LUT5 (Prop_D6LUT_SLICEL_I2_O)
                                                      0.081     3.401 r  rounded_q[1][11]_i_4/O
                         net (fo=4, routed)           0.067     3.468    rounded_q[1][11]_i_4_n_0
    SLICE_X22Y15         LUT6 (Prop_H6LUT_SLICEL_I5_O)
                                                      0.153     3.621 r  rounded_q[1][11]_i_2/O
                         net (fo=2, routed)           0.254     3.875    rounded_q[1][11]_i_2_n_0
    SLICE_X21Y14         LUT5 (Prop_C6LUT_SLICEM_I0_O)
                                                      0.080     3.955 r  rounded_q[1][11]_i_1/O
                         net (fo=1, routed)           0.095     4.050    rounded_q[1][11]_i_1_n_0
    SLICE_X21Y14         FDRE                                         r  rounded_q_reg[1][11]/D
  -------------------------------------------------------------------    -------------------

                         (clock clk rise edge)        5.000     5.000 r  
                                                      0.000     5.000 r  clk (IN)
                         net (fo=494, unset)          0.030     5.030    clk
    SLICE_X21Y14         FDRE                                         r  rounded_q_reg[1][11]/C
                         clock pessimism              0.000     5.030    
                         clock uncertainty           -0.035     4.995    
    SLICE_X21Y14         FDRE (Setup_CFF_SLICEM_C_D)
                                                      0.043     5.038    rounded_q_reg[1][11]
  -------------------------------------------------------------------
                         required time                          5.038    
                         arrival time                          -4.050    
  -------------------------------------------------------------------
                         slack                                  0.987    

Slack (MET) :             0.988ns  (required time - arrival time)
  Source:                 right_shift_q_reg[1][0]/C
                            (rising edge-triggered cell FDRE clocked by clk  {rise@0.000ns fall@2.500ns period=5.000ns})
  Destination:            rounded_q_reg[1][16]/D
                            (rising edge-triggered cell FDRE clocked by clk  {rise@0.000ns fall@2.500ns period=5.000ns})
  Path Group:             clk
  Path Type:              Setup (Max at Slow Process Corner)
  Requirement:            5.000ns  (clk rise@5.000ns - clk rise@0.000ns)
  Data Path Delay:        4.010ns  (logic 1.470ns (36.660%)  route 2.540ns (63.340%))
  Logic Levels:           10  (CARRY8=5 LUT3=1 LUT4=1 LUT5=1 LUT6=2)
  Clock Path Skew:        -0.011ns (DCD - SCD + CPR)
    Destination Clock Delay (DCD):    0.031ns = ( 5.031 - 5.000 ) 
    Source Clock Delay      (SCD):    0.042ns
    Clock Pessimism Removal (CPR):    0.000ns
  Clock Uncertainty:      0.035ns  ((TSJ^2 + TIJ^2)^1/2 + DJ) / 2 + PE
    Total System Jitter     (TSJ):    0.071ns
    Total Input Jitter      (TIJ):    0.000ns
    Discrete Jitter          (DJ):    0.000ns
    Phase Error              (PE):    0.000ns

    Location             Delay type                Incr(ns)  Path(ns)    Netlist Resource(s)
  -------------------------------------------------------------------    -------------------
                         (clock clk rise edge)        0.000     0.000 r  
                                                      0.000     0.000 r  clk (IN)
                         net (fo=494, unset)          0.042     0.042    clk
    SLICE_X23Y13         FDRE                                         r  right_shift_q_reg[1][0]/C
  -------------------------------------------------------------------    -------------------
    SLICE_X23Y13         FDRE (Prop_EFF_SLICEL_C_Q)
                                                      0.114     0.156 r  right_shift_q_reg[1][0]/Q
                         net (fo=125, routed)         0.644     0.800    right_shift_q_reg[1][0]
    SLICE_X21Y14         LUT3 (Prop_B5LUT_SLICEM_I1_O)
                                                      0.229     1.029 r  rounded_q[1][45]_i_31/O
                         net (fo=5, routed)           0.534     1.564    rounded_q[1][45]_i_31_n_0
    SLICE_X24Y14         LUT6 (Prop_A6LUT_SLICEM_I1_O)
                                                      0.189     1.753 r  rounded_q[1][45]_i_85/O
                         net (fo=1, routed)           0.017     1.770    rounded_q[1][45]_i_85_n_0
    SLICE_X24Y14         CARRY8 (Prop_CARRY8_SLICEM_S[0]_CO[7])
                                                      0.281     2.051 r  rounded_q_reg[1][45]_i_51/CO[7]
                         net (fo=1, routed)           0.030     2.081    rounded_q_reg[1][45]_i_51_n_0
    SLICE_X24Y15         CARRY8 (Prop_CARRY8_SLICEM_CI_CO[7])
                                                      0.065     2.146 r  rounded_q_reg[1][45]_i_33/CO[7]
                         net (fo=1, routed)           0.030     2.176    rounded_q_reg[1][45]_i_33_n_0
    SLICE_X24Y16         CARRY8 (Prop_CARRY8_SLICEM_CI_CO[7])
                                                      0.065     2.241 r  rounded_q_reg[1][45]_i_12/CO[7]
                         net (fo=1, routed)           0.030     2.271    rounded_q_reg[1][45]_i_12_n_0
    SLICE_X24Y17         CARRY8 (Prop_CARRY8_SLICEM_CI_CO[7])
                                                      0.065     2.336 r  rounded_q_reg[1][45]_i_2/CO[7]
                         net (fo=1, routed)           0.030     2.366    rounded_q_reg[1][45]_i_2_n_0
    SLICE_X24Y18         CARRY8 (Prop_CARRY8_SLICEM_CI_O[4])
                                                      0.127     2.493 r  rounded_q_reg[1][45]_i_1/O[4]
                         net (fo=53, routed)          0.827     3.320    rounded_q_reg[1][45]_i_1_n_11
    SLICE_X22Y15         LUT4 (Prop_D5LUT_SLICEL_I3_O)
                                                      0.088     3.408 r  rounded_q[1][17]_i_3/O
                         net (fo=1, routed)           0.140     3.548    rounded_q[1][17]_i_3_n_0
    SLICE_X22Y14         LUT6 (Prop_F6LUT_SLICEL_I0_O)
                                                      0.187     3.735 r  rounded_q[1][17]_i_2/O
                         net (fo=2, routed)           0.177     3.912    rounded_q[1][17]_i_2_n_0
    SLICE_X20Y14         LUT5 (Prop_H6LUT_SLICEM_I2_O)
                                                      0.060     3.972 r  rounded_q[1][16]_i_1/O
                         net (fo=1, routed)           0.080     4.052    rounded_q[1][16]_i_1_n_0
    SLICE_X20Y14         FDRE                                         r  rounded_q_reg[1][16]/D
  -------------------------------------------------------------------    -------------------

                         (clock clk rise edge)        5.000     5.000 r  
                                                      0.000     5.000 r  clk (IN)
                         net (fo=494, unset)          0.031     5.031    clk
    SLICE_X20Y14         FDRE                                         r  rounded_q_reg[1][16]/C
                         clock pessimism              0.000     5.031    
                         clock uncertainty           -0.035     4.996    
    SLICE_X20Y14         FDRE (Setup_HFF_SLICEM_C_D)
                                                      0.044     5.040    rounded_q_reg[1][16]
  -------------------------------------------------------------------
                         required time                          5.040    
                         arrival time                          -4.052    
  -------------------------------------------------------------------
                         slack                                  0.988    

Slack (MET) :             0.989ns  (required time - arrival time)
  Source:                 right_shift_q_reg[1][0]/C
                            (rising edge-triggered cell FDRE clocked by clk  {rise@0.000ns fall@2.500ns period=5.000ns})
  Destination:            rounded_q_reg[1][6]/D
                            (rising edge-triggered cell FDRE clocked by clk  {rise@0.000ns fall@2.500ns period=5.000ns})
  Path Group:             clk
  Path Type:              Setup (Max at Slow Process Corner)
  Requirement:            5.000ns  (clk rise@5.000ns - clk rise@0.000ns)
  Data Path Delay:        4.006ns  (logic 1.483ns (37.016%)  route 2.523ns (62.984%))
  Logic Levels:           10  (CARRY8=5 LUT3=1 LUT4=1 LUT5=1 LUT6=2)
  Clock Path Skew:        -0.012ns (DCD - SCD + CPR)
    Destination Clock Delay (DCD):    0.030ns = ( 5.030 - 5.000 ) 
    Source Clock Delay      (SCD):    0.042ns
    Clock Pessimism Removal (CPR):    0.000ns
  Clock Uncertainty:      0.035ns  ((TSJ^2 + TIJ^2)^1/2 + DJ) / 2 + PE
    Total System Jitter     (TSJ):    0.071ns
    Total Input Jitter      (TIJ):    0.000ns
    Discrete Jitter          (DJ):    0.000ns
    Phase Error              (PE):    0.000ns

    Location             Delay type                Incr(ns)  Path(ns)    Netlist Resource(s)
  -------------------------------------------------------------------    -------------------
                         (clock clk rise edge)        0.000     0.000 r  
                                                      0.000     0.000 r  clk (IN)
                         net (fo=494, unset)          0.042     0.042    clk
    SLICE_X23Y13         FDRE                                         r  right_shift_q_reg[1][0]/C
  -------------------------------------------------------------------    -------------------
    SLICE_X23Y13         FDRE (Prop_EFF_SLICEL_C_Q)
                                                      0.114     0.156 r  right_shift_q_reg[1][0]/Q
                         net (fo=125, routed)         0.644     0.800    right_shift_q_reg[1][0]
    SLICE_X21Y14         LUT3 (Prop_B5LUT_SLICEM_I1_O)
                                                      0.229     1.029 r  rounded_q[1][45]_i_31/O
                         net (fo=5, routed)           0.534     1.564    rounded_q[1][45]_i_31_n_0
    SLICE_X24Y14         LUT6 (Prop_A6LUT_SLICEM_I1_O)
                                                      0.189     1.753 r  rounded_q[1][45]_i_85/O
                         net (fo=1, routed)           0.017     1.770    rounded_q[1][45]_i_85_n_0
    SLICE_X24Y14         CARRY8 (Prop_CARRY8_SLICEM_S[0]_CO[7])
                                                      0.281     2.051 r  rounded_q_reg[1][45]_i_51/CO[7]
                         net (fo=1, routed)           0.030     2.081    rounded_q_reg[1][45]_i_51_n_0
    SLICE_X24Y15         CARRY8 (Prop_CARRY8_SLICEM_CI_CO[7])
                                                      0.065     2.146 r  rounded_q_reg[1][45]_i_33/CO[7]
                         net (fo=1, routed)           0.030     2.176    rounded_q_reg[1][45]_i_33_n_0
    SLICE_X24Y16         CARRY8 (Prop_CARRY8_SLICEM_CI_CO[7])
                                                      0.065     2.241 r  rounded_q_reg[1][45]_i_12/CO[7]
                         net (fo=1, routed)           0.030     2.271    rounded_q_reg[1][45]_i_12_n_0
    SLICE_X24Y17         CARRY8 (Prop_CARRY8_SLICEM_CI_CO[7])
                                                      0.065     2.336 r  rounded_q_reg[1][45]_i_2/CO[7]
                         net (fo=1, routed)           0.030     2.366    rounded_q_reg[1][45]_i_2_n_0
    SLICE_X24Y18         CARRY8 (Prop_CARRY8_SLICEM_CI_O[4])
                                                      0.127     2.493 r  rounded_q_reg[1][45]_i_1/O[4]
                         net (fo=53, routed)          0.695     3.188    rounded_q_reg[1][45]_i_1_n_11
    SLICE_X22Y16         LUT4 (Prop_B5LUT_SLICEL_I3_O)
                                                      0.142     3.330 r  rounded_q[1][9]_i_3/O
                         net (fo=2, routed)           0.230     3.560    rounded_q[1][9]_i_3_n_0
    SLICE_X22Y16         LUT6 (Prop_F6LUT_SLICEL_I0_O)
                                                      0.150     3.710 r  rounded_q[1][7]_i_2/O
                         net (fo=2, routed)           0.187     3.896    rounded_q[1][7]_i_2_n_0
    SLICE_X21Y16         LUT5 (Prop_D6LUT_SLICEM_I2_O)
                                                      0.056     3.952 r  rounded_q[1][6]_i_1/O
                         net (fo=1, routed)           0.096     4.048    rounded_q[1][6]_i_1_n_0
    SLICE_X21Y16         FDRE                                         r  rounded_q_reg[1][6]/D
  -------------------------------------------------------------------    -------------------

                         (clock clk rise edge)        5.000     5.000 r  
                                                      0.000     5.000 r  clk (IN)
                         net (fo=494, unset)          0.030     5.030    clk
    SLICE_X21Y16         FDRE                                         r  rounded_q_reg[1][6]/C
                         clock pessimism              0.000     5.030    
                         clock uncertainty           -0.035     4.995    
    SLICE_X21Y16         FDRE (Setup_DFF_SLICEM_C_D)
                                                      0.043     5.038    rounded_q_reg[1][6]
  -------------------------------------------------------------------
                         required time                          5.038    
                         arrival time                          -4.048    
  -------------------------------------------------------------------
                         slack                                  0.989    

Slack (MET) :             0.992ns  (required time - arrival time)
  Source:                 right_shift_q_reg[1][0]/C
                            (rising edge-triggered cell FDRE clocked by clk  {rise@0.000ns fall@2.500ns period=5.000ns})
  Destination:            rounded_q_reg[1][17]/D
                            (rising edge-triggered cell FDRE clocked by clk  {rise@0.000ns fall@2.500ns period=5.000ns})
  Path Group:             clk
  Path Type:              Setup (Max at Slow Process Corner)
  Requirement:            5.000ns  (clk rise@5.000ns - clk rise@0.000ns)
  Data Path Delay:        4.005ns  (logic 1.467ns (36.631%)  route 2.538ns (63.369%))
  Logic Levels:           10  (CARRY8=5 LUT3=1 LUT4=1 LUT5=1 LUT6=2)
  Clock Path Skew:        -0.011ns (DCD - SCD + CPR)
    Destination Clock Delay (DCD):    0.031ns = ( 5.031 - 5.000 ) 
    Source Clock Delay      (SCD):    0.042ns
    Clock Pessimism Removal (CPR):    0.000ns
  Clock Uncertainty:      0.035ns  ((TSJ^2 + TIJ^2)^1/2 + DJ) / 2 + PE
    Total System Jitter     (TSJ):    0.071ns
    Total Input Jitter      (TIJ):    0.000ns
    Discrete Jitter          (DJ):    0.000ns
    Phase Error              (PE):    0.000ns

    Location             Delay type                Incr(ns)  Path(ns)    Netlist Resource(s)
  -------------------------------------------------------------------    -------------------
                         (clock clk rise edge)        0.000     0.000 r  
                                                      0.000     0.000 r  clk (IN)
                         net (fo=494, unset)          0.042     0.042    clk
    SLICE_X23Y13         FDRE                                         r  right_shift_q_reg[1][0]/C
  -------------------------------------------------------------------    -------------------
    SLICE_X23Y13         FDRE (Prop_EFF_SLICEL_C_Q)
                                                      0.114     0.156 r  right_shift_q_reg[1][0]/Q
                         net (fo=125, routed)         0.644     0.800    right_shift_q_reg[1][0]
    SLICE_X21Y14         LUT3 (Prop_B5LUT_SLICEM_I1_O)
                                                      0.229     1.029 r  rounded_q[1][45]_i_31/O
                         net (fo=5, routed)           0.534     1.564    rounded_q[1][45]_i_31_n_0
    SLICE_X24Y14         LUT6 (Prop_A6LUT_SLICEM_I1_O)
                                                      0.189     1.753 r  rounded_q[1][45]_i_85/O
                         net (fo=1, routed)           0.017     1.770    rounded_q[1][45]_i_85_n_0
    SLICE_X24Y14         CARRY8 (Prop_CARRY8_SLICEM_S[0]_CO[7])
                                                      0.281     2.051 r  rounded_q_reg[1][45]_i_51/CO[7]
                         net (fo=1, routed)           0.030     2.081    rounded_q_reg[1][45]_i_51_n_0
    SLICE_X24Y15         CARRY8 (Prop_CARRY8_SLICEM_CI_CO[7])
                                                      0.065     2.146 r  rounded_q_reg[1][45]_i_33/CO[7]
                         net (fo=1, routed)           0.030     2.176    rounded_q_reg[1][45]_i_33_n_0
    SLICE_X24Y16         CARRY8 (Prop_CARRY8_SLICEM_CI_CO[7])
                                                      0.065     2.241 r  rounded_q_reg[1][45]_i_12/CO[7]
                         net (fo=1, routed)           0.030     2.271    rounded_q_reg[1][45]_i_12_n_0
    SLICE_X24Y17         CARRY8 (Prop_CARRY8_SLICEM_CI_CO[7])
                                                      0.065     2.336 r  rounded_q_reg[1][45]_i_2/CO[7]
                         net (fo=1, routed)           0.030     2.366    rounded_q_reg[1][45]_i_2_n_0
    SLICE_X24Y18         CARRY8 (Prop_CARRY8_SLICEM_CI_O[4])
                                                      0.127     2.493 r  rounded_q_reg[1][45]_i_1/O[4]
                         net (fo=53, routed)          0.827     3.320    rounded_q_reg[1][45]_i_1_n_11
    SLICE_X22Y15         LUT4 (Prop_D5LUT_SLICEL_I3_O)
                                                      0.088     3.408 r  rounded_q[1][17]_i_3/O
                         net (fo=1, routed)           0.140     3.548    rounded_q[1][17]_i_3_n_0
    SLICE_X22Y14         LUT6 (Prop_F6LUT_SLICEL_I0_O)
                                                      0.187     3.735 r  rounded_q[1][17]_i_2/O
                         net (fo=2, routed)           0.175     3.910    rounded_q[1][17]_i_2_n_0
    SLICE_X20Y14         LUT5 (Prop_G6LUT_SLICEM_I0_O)
                                                      0.057     3.967 r  rounded_q[1][17]_i_1/O
                         net (fo=1, routed)           0.080     4.047    rounded_q[1][17]_i_1_n_0
    SLICE_X20Y14         FDRE                                         r  rounded_q_reg[1][17]/D
  -------------------------------------------------------------------    -------------------

                         (clock clk rise edge)        5.000     5.000 r  
                                                      0.000     5.000 r  clk (IN)
                         net (fo=494, unset)          0.031     5.031    clk
    SLICE_X20Y14         FDRE                                         r  rounded_q_reg[1][17]/C
                         clock pessimism              0.000     5.031    
                         clock uncertainty           -0.035     4.996    
    SLICE_X20Y14         FDRE (Setup_GFF_SLICEM_C_D)
                                                      0.043     5.039    rounded_q_reg[1][17]
  -------------------------------------------------------------------
                         required time                          5.039    
                         arrival time                          -4.047    
  -------------------------------------------------------------------
                         slack                                  0.992    

Slack (MET) :             1.010ns  (required time - arrival time)
  Source:                 right_shift_q_reg[1][0]/C
                            (rising edge-triggered cell FDRE clocked by clk  {rise@0.000ns fall@2.500ns period=5.000ns})
  Destination:            rounded_q_reg[1][7]/D
                            (rising edge-triggered cell FDRE clocked by clk  {rise@0.000ns fall@2.500ns period=5.000ns})
  Path Group:             clk
  Path Type:              Setup (Max at Slow Process Corner)
  Requirement:            5.000ns  (clk rise@5.000ns - clk rise@0.000ns)
  Data Path Delay:        3.986ns  (logic 1.484ns (37.227%)  route 2.502ns (62.773%))
  Logic Levels:           10  (CARRY8=5 LUT3=1 LUT4=1 LUT5=1 LUT6=2)
  Clock Path Skew:        -0.011ns (DCD - SCD + CPR)
    Destination Clock Delay (DCD):    0.031ns = ( 5.031 - 5.000 ) 
    Source Clock Delay      (SCD):    0.042ns
    Clock Pessimism Removal (CPR):    0.000ns
  Clock Uncertainty:      0.035ns  ((TSJ^2 + TIJ^2)^1/2 + DJ) / 2 + PE
    Total System Jitter     (TSJ):    0.071ns
    Total Input Jitter      (TIJ):    0.000ns
    Discrete Jitter          (DJ):    0.000ns
    Phase Error              (PE):    0.000ns

    Location             Delay type                Incr(ns)  Path(ns)    Netlist Resource(s)
  -------------------------------------------------------------------    -------------------
                         (clock clk rise edge)        0.000     0.000 r  
                                                      0.000     0.000 r  clk (IN)
                         net (fo=494, unset)          0.042     0.042    clk
    SLICE_X23Y13         FDRE                                         r  right_shift_q_reg[1][0]/C
  -------------------------------------------------------------------    -------------------
    SLICE_X23Y13         FDRE (Prop_EFF_SLICEL_C_Q)
                                                      0.114     0.156 r  right_shift_q_reg[1][0]/Q
                         net (fo=125, routed)         0.644     0.800    right_shift_q_reg[1][0]
    SLICE_X21Y14         LUT3 (Prop_B5LUT_SLICEM_I1_O)
                                                      0.229     1.029 r  rounded_q[1][45]_i_31/O
                         net (fo=5, routed)           0.534     1.564    rounded_q[1][45]_i_31_n_0
    SLICE_X24Y14         LUT6 (Prop_A6LUT_SLICEM_I1_O)
                                                      0.189     1.753 r  rounded_q[1][45]_i_85/O
                         net (fo=1, routed)           0.017     1.770    rounded_q[1][45]_i_85_n_0
    SLICE_X24Y14         CARRY8 (Prop_CARRY8_SLICEM_S[0]_CO[7])
                                                      0.281     2.051 r  rounded_q_reg[1][45]_i_51/CO[7]
                         net (fo=1, routed)           0.030     2.081    rounded_q_reg[1][45]_i_51_n_0
    SLICE_X24Y15         CARRY8 (Prop_CARRY8_SLICEM_CI_CO[7])
                                                      0.065     2.146 r  rounded_q_reg[1][45]_i_33/CO[7]
                         net (fo=1, routed)           0.030     2.176    rounded_q_reg[1][45]_i_33_n_0
    SLICE_X24Y16         CARRY8 (Prop_CARRY8_SLICEM_CI_CO[7])
                                                      0.065     2.241 r  rounded_q_reg[1][45]_i_12/CO[7]
                         net (fo=1, routed)           0.030     2.271    rounded_q_reg[1][45]_i_12_n_0
    SLICE_X24Y17         CARRY8 (Prop_CARRY8_SLICEM_CI_CO[7])
                                                      0.065     2.336 r  rounded_q_reg[1][45]_i_2/CO[7]
                         net (fo=1, routed)           0.030     2.366    rounded_q_reg[1][45]_i_2_n_0
    SLICE_X24Y18         CARRY8 (Prop_CARRY8_SLICEM_CI_O[4])
                                                      0.127     2.493 r  rounded_q_reg[1][45]_i_1/O[4]
                         net (fo=53, routed)          0.695     3.188    rounded_q_reg[1][45]_i_1_n_11
    SLICE_X22Y16         LUT4 (Prop_B5LUT_SLICEL_I3_O)
                                                      0.142     3.330 r  rounded_q[1][9]_i_3/O
                         net (fo=2, routed)           0.230     3.560    rounded_q[1][9]_i_3_n_0
    SLICE_X22Y16         LUT6 (Prop_F6LUT_SLICEL_I0_O)
                                                      0.150     3.710 r  rounded_q[1][7]_i_2/O
                         net (fo=2, routed)           0.182     3.891    rounded_q[1][7]_i_2_n_0
    SLICE_X21Y15         LUT5 (Prop_G6LUT_SLICEM_I0_O)
                                                      0.057     3.948 r  rounded_q[1][7]_i_1/O
                         net (fo=1, routed)           0.080     4.028    rounded_q[1][7]_i_1_n_0
    SLICE_X21Y15         FDRE                                         r  rounded_q_reg[1][7]/D
  -------------------------------------------------------------------    -------------------

                         (clock clk rise edge)        5.000     5.000 r  
                                                      0.000     5.000 r  clk (IN)
                         net (fo=494, unset)          0.031     5.031    clk
    SLICE_X21Y15         FDRE                                         r  rounded_q_reg[1][7]/C
                         clock pessimism              0.000     5.031    
                         clock uncertainty           -0.035     4.996    
    SLICE_X21Y15         FDRE (Setup_GFF_SLICEM_C_D)
                                                      0.043     5.039    rounded_q_reg[1][7]
  -------------------------------------------------------------------
                         required time                          5.039    
                         arrival time                          -4.028    
  -------------------------------------------------------------------
                         slack                                  1.010    

Slack (MET) :             1.018ns  (required time - arrival time)
  Source:                 right_shift_q_reg[1][0]/C
                            (rising edge-triggered cell FDRE clocked by clk  {rise@0.000ns fall@2.500ns period=5.000ns})
  Destination:            rounded_q_reg[1][10]/D
                            (rising edge-triggered cell FDRE clocked by clk  {rise@0.000ns fall@2.500ns period=5.000ns})
  Path Group:             clk
  Path Type:              Setup (Max at Slow Process Corner)
  Requirement:            5.000ns  (clk rise@5.000ns - clk rise@0.000ns)
  Data Path Delay:        3.978ns  (logic 1.482ns (37.257%)  route 2.496ns (62.743%))
  Logic Levels:           10  (CARRY8=5 LUT3=1 LUT5=2 LUT6=2)
  Clock Path Skew:        -0.012ns (DCD - SCD + CPR)
    Destination Clock Delay (DCD):    0.030ns = ( 5.030 - 5.000 ) 
    Source Clock Delay      (SCD):    0.042ns
    Clock Pessimism Removal (CPR):    0.000ns
  Clock Uncertainty:      0.035ns  ((TSJ^2 + TIJ^2)^1/2 + DJ) / 2 + PE
    Total System Jitter     (TSJ):    0.071ns
    Total Input Jitter      (TIJ):    0.000ns
    Discrete Jitter          (DJ):    0.000ns
    Phase Error              (PE):    0.000ns

    Location             Delay type                Incr(ns)  Path(ns)    Netlist Resource(s)
  -------------------------------------------------------------------    -------------------
                         (clock clk rise edge)        0.000     0.000 r  
                                                      0.000     0.000 r  clk (IN)
                         net (fo=494, unset)          0.042     0.042    clk
    SLICE_X23Y13         FDRE                                         r  right_shift_q_reg[1][0]/C
  -------------------------------------------------------------------    -------------------
    SLICE_X23Y13         FDRE (Prop_EFF_SLICEL_C_Q)
                                                      0.114     0.156 r  right_shift_q_reg[1][0]/Q
                         net (fo=125, routed)         0.644     0.800    right_shift_q_reg[1][0]
    SLICE_X21Y14         LUT3 (Prop_B5LUT_SLICEM_I1_O)
                                                      0.229     1.029 r  rounded_q[1][45]_i_31/O
                         net (fo=5, routed)           0.534     1.564    rounded_q[1][45]_i_31_n_0
    SLICE_X24Y14         LUT6 (Prop_A6LUT_SLICEM_I1_O)
                                                      0.189     1.753 r  rounded_q[1][45]_i_85/O
                         net (fo=1, routed)           0.017     1.770    rounded_q[1][45]_i_85_n_0
    SLICE_X24Y14         CARRY8 (Prop_CARRY8_SLICEM_S[0]_CO[7])
                                                      0.281     2.051 r  rounded_q_reg[1][45]_i_51/CO[7]
                         net (fo=1, routed)           0.030     2.081    rounded_q_reg[1][45]_i_51_n_0
    SLICE_X24Y15         CARRY8 (Prop_CARRY8_SLICEM_CI_CO[7])
                                                      0.065     2.146 r  rounded_q_reg[1][45]_i_33/CO[7]
                         net (fo=1, routed)           0.030     2.176    rounded_q_reg[1][45]_i_33_n_0
    SLICE_X24Y16         CARRY8 (Prop_CARRY8_SLICEM_CI_CO[7])
                                                      0.065     2.241 r  rounded_q_reg[1][45]_i_12/CO[7]
                         net (fo=1, routed)           0.030     2.271    rounded_q_reg[1][45]_i_12_n_0
    SLICE_X24Y17         CARRY8 (Prop_CARRY8_SLICEM_CI_CO[7])
                                                      0.065     2.336 r  rounded_q_reg[1][45]_i_2/CO[7]
                         net (fo=1, routed)           0.030     2.366    rounded_q_reg[1][45]_i_2_n_0
    SLICE_X24Y18         CARRY8 (Prop_CARRY8_SLICEM_CI_O[4])
                                                      0.127     2.493 r  rounded_q_reg[1][45]_i_1/O[4]
                         net (fo=53, routed)          0.828     3.321    rounded_q_reg[1][45]_i_1_n_11
    SLICE_X22Y15         LUT5 (Prop_C6LUT_SLICEL_I2_O)
                                                      0.081     3.402 r  rounded_q[1][12]_i_4/O
                         net (fo=4, routed)           0.113     3.515    rounded_q[1][12]_i_4_n_0
    SLICE_X21Y15         LUT6 (Prop_F6LUT_SLICEM_I1_O)
                                                      0.186     3.701 r  rounded_q[1][10]_i_2/O
                         net (fo=2, routed)           0.142     3.844    rounded_q[1][10]_i_2_n_0
    SLICE_X21Y14         LUT5 (Prop_D6LUT_SLICEM_I0_O)
                                                      0.080     3.924 r  rounded_q[1][10]_i_1/O
                         net (fo=1, routed)           0.096     4.020    rounded_q[1][10]_i_1_n_0
    SLICE_X21Y14         FDRE                                         r  rounded_q_reg[1][10]/D
  -------------------------------------------------------------------    -------------------

                         (clock clk rise edge)        5.000     5.000 r  
                                                      0.000     5.000 r  clk (IN)
                         net (fo=494, unset)          0.030     5.030    clk
    SLICE_X21Y14         FDRE                                         r  rounded_q_reg[1][10]/C
                         clock pessimism              0.000     5.030    
                         clock uncertainty           -0.035     4.995    
    SLICE_X21Y14         FDRE (Setup_DFF_SLICEM_C_D)
                                                      0.043     5.038    rounded_q_reg[1][10]
  -------------------------------------------------------------------
                         required time                          5.038    
                         arrival time                          -4.020    
  -------------------------------------------------------------------
                         slack                                  1.018    

Slack (MET) :             1.025ns  (required time - arrival time)
  Source:                 right_shift_q_reg[1][0]/C
                            (rising edge-triggered cell FDRE clocked by clk  {rise@0.000ns fall@2.500ns period=5.000ns})
  Destination:            rounded_q_reg[1][3]/D
                            (rising edge-triggered cell FDRE clocked by clk  {rise@0.000ns fall@2.500ns period=5.000ns})
  Path Group:             clk
  Path Type:              Setup (Max at Slow Process Corner)
  Requirement:            5.000ns  (clk rise@5.000ns - clk rise@0.000ns)
  Data Path Delay:        3.972ns  (logic 1.503ns (37.836%)  route 2.469ns (62.164%))
  Logic Levels:           10  (CARRY8=5 LUT3=1 LUT5=2 LUT6=2)
  Clock Path Skew:        -0.011ns (DCD - SCD + CPR)
    Destination Clock Delay (DCD):    0.031ns = ( 5.031 - 5.000 ) 
    Source Clock Delay      (SCD):    0.042ns
    Clock Pessimism Removal (CPR):    0.000ns
  Clock Uncertainty:      0.035ns  ((TSJ^2 + TIJ^2)^1/2 + DJ) / 2 + PE
    Total System Jitter     (TSJ):    0.071ns
    Total Input Jitter      (TIJ):    0.000ns
    Discrete Jitter          (DJ):    0.000ns
    Phase Error              (PE):    0.000ns

    Location             Delay type                Incr(ns)  Path(ns)    Netlist Resource(s)
  -------------------------------------------------------------------    -------------------
                         (clock clk rise edge)        0.000     0.000 r  
                                                      0.000     0.000 r  clk (IN)
                         net (fo=494, unset)          0.042     0.042    clk
    SLICE_X23Y13         FDRE                                         r  right_shift_q_reg[1][0]/C
  -------------------------------------------------------------------    -------------------
    SLICE_X23Y13         FDRE (Prop_EFF_SLICEL_C_Q)
                                                      0.114     0.156 r  right_shift_q_reg[1][0]/Q
                         net (fo=125, routed)         0.644     0.800    right_shift_q_reg[1][0]
    SLICE_X21Y14         LUT3 (Prop_B5LUT_SLICEM_I1_O)
                                                      0.229     1.029 r  rounded_q[1][45]_i_31/O
                         net (fo=5, routed)           0.534     1.564    rounded_q[1][45]_i_31_n_0
    SLICE_X24Y14         LUT6 (Prop_A6LUT_SLICEM_I1_O)
                                                      0.189     1.753 r  rounded_q[1][45]_i_85/O
                         net (fo=1, routed)           0.017     1.770    rounded_q[1][45]_i_85_n_0
    SLICE_X24Y14         CARRY8 (Prop_CARRY8_SLICEM_S[0]_CO[7])
                                                      0.281     2.051 r  rounded_q_reg[1][45]_i_51/CO[7]
                         net (fo=1, routed)           0.030     2.081    rounded_q_reg[1][45]_i_51_n_0
    SLICE_X24Y15         CARRY8 (Prop_CARRY8_SLICEM_CI_CO[7])
                                                      0.065     2.146 r  rounded_q_reg[1][45]_i_33/CO[7]
                         net (fo=1, routed)           0.030     2.176    rounded_q_reg[1][45]_i_33_n_0
    SLICE_X24Y16         CARRY8 (Prop_CARRY8_SLICEM_CI_CO[7])
                                                      0.065     2.241 r  rounded_q_reg[1][45]_i_12/CO[7]
                         net (fo=1, routed)           0.030     2.271    rounded_q_reg[1][45]_i_12_n_0
    SLICE_X24Y17         CARRY8 (Prop_CARRY8_SLICEM_CI_CO[7])
                                                      0.065     2.336 r  rounded_q_reg[1][45]_i_2/CO[7]
                         net (fo=1, routed)           0.030     2.366    rounded_q_reg[1][45]_i_2_n_0
    SLICE_X24Y18         CARRY8 (Prop_CARRY8_SLICEM_CI_O[4])
                                                      0.127     2.493 r  rounded_q_reg[1][45]_i_1/O[4]
                         net (fo=53, routed)          0.757     3.250    rounded_q_reg[1][45]_i_1_n_11
    SLICE_X22Y16         LUT5 (Prop_D5LUT_SLICEL_I2_O)
                                                      0.088     3.338 r  rounded_q[1][6]_i_3/O
                         net (fo=4, routed)           0.168     3.505    rounded_q[1][6]_i_3_n_0
    SLICE_X21Y16         LUT6 (Prop_E6LUT_SLICEM_I1_O)
                                                      0.223     3.728 r  rounded_q[1][4]_i_2/O
                         net (fo=2, routed)           0.154     3.882    rounded_q[1][4]_i_2_n_0
    SLICE_X21Y17         LUT5 (Prop_E6LUT_SLICEM_I2_O)
                                                      0.057     3.939 r  rounded_q[1][3]_i_1/O
                         net (fo=1, routed)           0.075     4.014    rounded_q[1][3]_i_1_n_0
    SLICE_X21Y17         FDRE                                         r  rounded_q_reg[1][3]/D
  -------------------------------------------------------------------    -------------------

                         (clock clk rise edge)        5.000     5.000 r  
                                                      0.000     5.000 r  clk (IN)
                         net (fo=494, unset)          0.031     5.031    clk
    SLICE_X21Y17         FDRE                                         r  rounded_q_reg[1][3]/C
                         clock pessimism              0.000     5.031    
                         clock uncertainty           -0.035     4.996    
    SLICE_X21Y17         FDRE (Setup_EFF_SLICEM_C_D)
                                                      0.044     5.040    rounded_q_reg[1][3]
  -------------------------------------------------------------------
                         required time                          5.040    
                         arrival time                          -4.014    
  -------------------------------------------------------------------
                         slack                                  1.025    

Slack (MET) :             1.026ns  (required time - arrival time)
  Source:                 right_shift_q_reg[1][0]/C
                            (rising edge-triggered cell FDRE clocked by clk  {rise@0.000ns fall@2.500ns period=5.000ns})
  Destination:            rounded_q_reg[1][8]/D
                            (rising edge-triggered cell FDRE clocked by clk  {rise@0.000ns fall@2.500ns period=5.000ns})
  Path Group:             clk
  Path Type:              Setup (Max at Slow Process Corner)
  Requirement:            5.000ns  (clk rise@5.000ns - clk rise@0.000ns)
  Data Path Delay:        3.969ns  (logic 1.613ns (40.636%)  route 2.356ns (59.364%))
  Logic Levels:           10  (CARRY8=5 LUT3=1 LUT4=1 LUT5=1 LUT6=2)
  Clock Path Skew:        -0.012ns (DCD - SCD + CPR)
    Destination Clock Delay (DCD):    0.030ns = ( 5.030 - 5.000 ) 
    Source Clock Delay      (SCD):    0.042ns
    Clock Pessimism Removal (CPR):    0.000ns
  Clock Uncertainty:      0.035ns  ((TSJ^2 + TIJ^2)^1/2 + DJ) / 2 + PE
    Total System Jitter     (TSJ):    0.071ns
    Total Input Jitter      (TIJ):    0.000ns
    Discrete Jitter          (DJ):    0.000ns
    Phase Error              (PE):    0.000ns

    Location             Delay type                Incr(ns)  Path(ns)    Netlist Resource(s)
  -------------------------------------------------------------------    -------------------
                         (clock clk rise edge)        0.000     0.000 r  
                                                      0.000     0.000 r  clk (IN)
                         net (fo=494, unset)          0.042     0.042    clk
    SLICE_X23Y13         FDRE                                         r  right_shift_q_reg[1][0]/C
  -------------------------------------------------------------------    -------------------
    SLICE_X23Y13         FDRE (Prop_EFF_SLICEL_C_Q)
                                                      0.114     0.156 r  right_shift_q_reg[1][0]/Q
                         net (fo=125, routed)         0.644     0.800    right_shift_q_reg[1][0]
    SLICE_X21Y14         LUT3 (Prop_B5LUT_SLICEM_I1_O)
                                                      0.229     1.029 r  rounded_q[1][45]_i_31/O
                         net (fo=5, routed)           0.534     1.564    rounded_q[1][45]_i_31_n_0
    SLICE_X24Y14         LUT6 (Prop_A6LUT_SLICEM_I1_O)
                                                      0.189     1.753 r  rounded_q[1][45]_i_85/O
                         net (fo=1, routed)           0.017     1.770    rounded_q[1][45]_i_85_n_0
    SLICE_X24Y14         CARRY8 (Prop_CARRY8_SLICEM_S[0]_CO[7])
                                                      0.281     2.051 r  rounded_q_reg[1][45]_i_51/CO[7]
                         net (fo=1, routed)           0.030     2.081    rounded_q_reg[1][45]_i_51_n_0
    SLICE_X24Y15         CARRY8 (Prop_CARRY8_SLICEM_CI_CO[7])
                                                      0.065     2.146 r  rounded_q_reg[1][45]_i_33/CO[7]
                         net (fo=1, routed)           0.030     2.176    rounded_q_reg[1][45]_i_33_n_0
    SLICE_X24Y16         CARRY8 (Prop_CARRY8_SLICEM_CI_CO[7])
                                                      0.065     2.241 r  rounded_q_reg[1][45]_i_12/CO[7]
                         net (fo=1, routed)           0.030     2.271    rounded_q_reg[1][45]_i_12_n_0
    SLICE_X24Y17         CARRY8 (Prop_CARRY8_SLICEM_CI_CO[7])
                                                      0.065     2.336 r  rounded_q_reg[1][45]_i_2/CO[7]
                         net (fo=1, routed)           0.030     2.366    rounded_q_reg[1][45]_i_2_n_0
    SLICE_X24Y18         CARRY8 (Prop_CARRY8_SLICEM_CI_O[4])
                                                      0.127     2.493 r  rounded_q_reg[1][45]_i_1/O[4]
                         net (fo=53, routed)          0.695     3.188    rounded_q_reg[1][45]_i_1_n_11
    SLICE_X22Y16         LUT4 (Prop_B5LUT_SLICEL_I3_O)
                                                      0.142     3.330 r  rounded_q[1][9]_i_3/O
                         net (fo=2, routed)           0.145     3.475    rounded_q[1][9]_i_3_n_0
    SLICE_X22Y15         LUT6 (Prop_F6LUT_SLICEL_I3_O)
                                                      0.150     3.625 r  rounded_q[1][9]_i_2/O
                         net (fo=2, routed)           0.106     3.730    rounded_q[1][9]_i_2_n_0
    SLICE_X21Y15         LUT5 (Prop_C6LUT_SLICEM_I2_O)
                                                      0.186     3.916 r  rounded_q[1][8]_i_1/O
                         net (fo=1, routed)           0.095     4.011    rounded_q[1][8]_i_1_n_0
    SLICE_X21Y15         FDRE                                         r  rounded_q_reg[1][8]/D
  -------------------------------------------------------------------    -------------------

                         (clock clk rise edge)        5.000     5.000 r  
                                                      0.000     5.000 r  clk (IN)
                         net (fo=494, unset)          0.030     5.030    clk
    SLICE_X21Y15         FDRE                                         r  rounded_q_reg[1][8]/C
                         clock pessimism              0.000     5.030    
                         clock uncertainty           -0.035     4.995    
    SLICE_X21Y15         FDRE (Setup_CFF_SLICEM_C_D)
                                                      0.043     5.038    rounded_q_reg[1][8]
  -------------------------------------------------------------------
                         required time                          5.038    
                         arrival time                          -4.011    
  -------------------------------------------------------------------
                         slack                                  1.026    

Slack (MET) :             1.053ns  (required time - arrival time)
  Source:                 right_shift_q_reg[1][0]/C
                            (rising edge-triggered cell FDRE clocked by clk  {rise@0.000ns fall@2.500ns period=5.000ns})
  Destination:            rounded_q_reg[1][13]/D
                            (rising edge-triggered cell FDRE clocked by clk  {rise@0.000ns fall@2.500ns period=5.000ns})
  Path Group:             clk
  Path Type:              Setup (Max at Slow Process Corner)
  Requirement:            5.000ns  (clk rise@5.000ns - clk rise@0.000ns)
  Data Path Delay:        3.943ns  (logic 1.593ns (40.401%)  route 2.350ns (59.599%))
  Logic Levels:           10  (CARRY8=5 LUT3=1 LUT4=1 LUT5=1 LUT6=2)
  Clock Path Skew:        -0.012ns (DCD - SCD + CPR)
    Destination Clock Delay (DCD):    0.030ns = ( 5.030 - 5.000 ) 
    Source Clock Delay      (SCD):    0.042ns
    Clock Pessimism Removal (CPR):    0.000ns
  Clock Uncertainty:      0.035ns  ((TSJ^2 + TIJ^2)^1/2 + DJ) / 2 + PE
    Total System Jitter     (TSJ):    0.071ns
    Total Input Jitter      (TIJ):    0.000ns
    Discrete Jitter          (DJ):    0.000ns
    Phase Error              (PE):    0.000ns

    Location             Delay type                Incr(ns)  Path(ns)    Netlist Resource(s)
  -------------------------------------------------------------------    -------------------
                         (clock clk rise edge)        0.000     0.000 r  
                                                      0.000     0.000 r  clk (IN)
                         net (fo=494, unset)          0.042     0.042    clk
    SLICE_X23Y13         FDRE                                         r  right_shift_q_reg[1][0]/C
  -------------------------------------------------------------------    -------------------
    SLICE_X23Y13         FDRE (Prop_EFF_SLICEL_C_Q)
                                                      0.114     0.156 r  right_shift_q_reg[1][0]/Q
                         net (fo=125, routed)         0.644     0.800    right_shift_q_reg[1][0]
    SLICE_X21Y14         LUT3 (Prop_B5LUT_SLICEM_I1_O)
                                                      0.229     1.029 r  rounded_q[1][45]_i_31/O
                         net (fo=5, routed)           0.534     1.564    rounded_q[1][45]_i_31_n_0
    SLICE_X24Y14         LUT6 (Prop_A6LUT_SLICEM_I1_O)
                                                      0.189     1.753 r  rounded_q[1][45]_i_85/O
                         net (fo=1, routed)           0.017     1.770    rounded_q[1][45]_i_85_n_0
    SLICE_X24Y14         CARRY8 (Prop_CARRY8_SLICEM_S[0]_CO[7])
                                                      0.281     2.051 r  rounded_q_reg[1][45]_i_51/CO[7]
                         net (fo=1, routed)           0.030     2.081    rounded_q_reg[1][45]_i_51_n_0
    SLICE_X24Y15         CARRY8 (Prop_CARRY8_SLICEM_CI_CO[7])
                                                      0.065     2.146 r  rounded_q_reg[1][45]_i_33/CO[7]
                         net (fo=1, routed)           0.030     2.176    rounded_q_reg[1][45]_i_33_n_0
    SLICE_X24Y16         CARRY8 (Prop_CARRY8_SLICEM_CI_CO[7])
                                                      0.065     2.241 r  rounded_q_reg[1][45]_i_12/CO[7]
                         net (fo=1, routed)           0.030     2.271    rounded_q_reg[1][45]_i_12_n_0
    SLICE_X24Y17         CARRY8 (Prop_CARRY8_SLICEM_CI_CO[7])
                                                      0.065     2.336 r  rounded_q_reg[1][45]_i_2/CO[7]
                         net (fo=1, routed)           0.030     2.366    rounded_q_reg[1][45]_i_2_n_0
    SLICE_X24Y18         CARRY8 (Prop_CARRY8_SLICEM_CI_O[4])
                                                      0.127     2.493 r  rounded_q_reg[1][45]_i_1/O[4]
                         net (fo=53, routed)          0.660     3.152    rounded_q_reg[1][45]_i_1_n_11
    SLICE_X22Y14         LUT6 (Prop_C6LUT_SLICEL_I5_O)
                                                      0.187     3.339 r  rounded_q[1][15]_i_3/O
                         net (fo=2, routed)           0.103     3.443    rounded_q[1][15]_i_3_n_0
    SLICE_X22Y14         LUT4 (Prop_D6LUT_SLICEL_I0_O)
                                                      0.136     3.579 r  rounded_q[1][13]_i_2/O
                         net (fo=2, routed)           0.176     3.755    rounded_q[1][13]_i_2_n_0
    SLICE_X20Y14         LUT5 (Prop_C6LUT_SLICEM_I0_O)
                                                      0.135     3.890 r  rounded_q[1][13]_i_1/O
                         net (fo=1, routed)           0.095     3.985    rounded_q[1][13]_i_1_n_0
    SLICE_X20Y14         FDRE                                         r  rounded_q_reg[1][13]/D
  -------------------------------------------------------------------    -------------------

                         (clock clk rise edge)        5.000     5.000 r  
                                                      0.000     5.000 r  clk (IN)
                         net (fo=494, unset)          0.030     5.030    clk
    SLICE_X20Y14         FDRE                                         r  rounded_q_reg[1][13]/C
                         clock pessimism              0.000     5.030    
                         clock uncertainty           -0.035     4.995    
    SLICE_X20Y14         FDRE (Setup_CFF_SLICEM_C_D)
                                                      0.043     5.038    rounded_q_reg[1][13]
  -------------------------------------------------------------------
                         required time                          5.038    
                         arrival time                          -3.985    
  -------------------------------------------------------------------
                         slack                                  1.053    

Slack (MET) :             1.054ns  (required time - arrival time)
  Source:                 right_shift_q_reg[1][0]/C
                            (rising edge-triggered cell FDRE clocked by clk  {rise@0.000ns fall@2.500ns period=5.000ns})
  Destination:            rounded_q_reg[1][12]/D
                            (rising edge-triggered cell FDRE clocked by clk  {rise@0.000ns fall@2.500ns period=5.000ns})
  Path Group:             clk
  Path Type:              Setup (Max at Slow Process Corner)
  Requirement:            5.000ns  (clk rise@5.000ns - clk rise@0.000ns)
  Data Path Delay:        3.942ns  (logic 1.592ns (40.386%)  route 2.350ns (59.614%))
  Logic Levels:           10  (CARRY8=5 LUT3=1 LUT4=1 LUT5=1 LUT6=2)
  Clock Path Skew:        -0.012ns (DCD - SCD + CPR)
    Destination Clock Delay (DCD):    0.030ns = ( 5.030 - 5.000 ) 
    Source Clock Delay      (SCD):    0.042ns
    Clock Pessimism Removal (CPR):    0.000ns
  Clock Uncertainty:      0.035ns  ((TSJ^2 + TIJ^2)^1/2 + DJ) / 2 + PE
    Total System Jitter     (TSJ):    0.071ns
    Total Input Jitter      (TIJ):    0.000ns
    Discrete Jitter          (DJ):    0.000ns
    Phase Error              (PE):    0.000ns

    Location             Delay type                Incr(ns)  Path(ns)    Netlist Resource(s)
  -------------------------------------------------------------------    -------------------
                         (clock clk rise edge)        0.000     0.000 r  
                                                      0.000     0.000 r  clk (IN)
                         net (fo=494, unset)          0.042     0.042    clk
    SLICE_X23Y13         FDRE                                         r  right_shift_q_reg[1][0]/C
  -------------------------------------------------------------------    -------------------
    SLICE_X23Y13         FDRE (Prop_EFF_SLICEL_C_Q)
                                                      0.114     0.156 r  right_shift_q_reg[1][0]/Q
                         net (fo=125, routed)         0.644     0.800    right_shift_q_reg[1][0]
    SLICE_X21Y14         LUT3 (Prop_B5LUT_SLICEM_I1_O)
                                                      0.229     1.029 r  rounded_q[1][45]_i_31/O
                         net (fo=5, routed)           0.534     1.564    rounded_q[1][45]_i_31_n_0
    SLICE_X24Y14         LUT6 (Prop_A6LUT_SLICEM_I1_O)
                                                      0.189     1.753 r  rounded_q[1][45]_i_85/O
                         net (fo=1, routed)           0.017     1.770    rounded_q[1][45]_i_85_n_0
    SLICE_X24Y14         CARRY8 (Prop_CARRY8_SLICEM_S[0]_CO[7])
                                                      0.281     2.051 r  rounded_q_reg[1][45]_i_51/CO[7]
                         net (fo=1, routed)           0.030     2.081    rounded_q_reg[1][45]_i_51_n_0
    SLICE_X24Y15         CARRY8 (Prop_CARRY8_SLICEM_CI_CO[7])
                                                      0.065     2.146 r  rounded_q_reg[1][45]_i_33/CO[7]
                         net (fo=1, routed)           0.030     2.176    rounded_q_reg[1][45]_i_33_n_0
    SLICE_X24Y16         CARRY8 (Prop_CARRY8_SLICEM_CI_CO[7])
                                                      0.065     2.241 r  rounded_q_reg[1][45]_i_12/CO[7]
                         net (fo=1, routed)           0.030     2.271    rounded_q_reg[1][45]_i_12_n_0
    SLICE_X24Y17         CARRY8 (Prop_CARRY8_SLICEM_CI_CO[7])
                                                      0.065     2.336 r  rounded_q_reg[1][45]_i_2/CO[7]
                         net (fo=1, routed)           0.030     2.366    rounded_q_reg[1][45]_i_2_n_0
    SLICE_X24Y18         CARRY8 (Prop_CARRY8_SLICEM_CI_O[4])
                                                      0.127     2.493 r  rounded_q_reg[1][45]_i_1/O[4]
                         net (fo=53, routed)          0.660     3.152    rounded_q_reg[1][45]_i_1_n_11
    SLICE_X22Y14         LUT6 (Prop_C6LUT_SLICEL_I5_O)
                                                      0.187     3.339 r  rounded_q[1][15]_i_3/O
                         net (fo=2, routed)           0.103     3.443    rounded_q[1][15]_i_3_n_0
    SLICE_X22Y14         LUT4 (Prop_D6LUT_SLICEL_I0_O)
                                                      0.136     3.579 r  rounded_q[1][13]_i_2/O
                         net (fo=2, routed)           0.175     3.754    rounded_q[1][13]_i_2_n_0
    SLICE_X20Y14         LUT5 (Prop_D6LUT_SLICEM_I2_O)
                                                      0.134     3.888 r  rounded_q[1][12]_i_1/O
                         net (fo=1, routed)           0.096     3.984    rounded_q[1][12]_i_1_n_0
    SLICE_X20Y14         FDRE                                         r  rounded_q_reg[1][12]/D
  -------------------------------------------------------------------    -------------------

                         (clock clk rise edge)        5.000     5.000 r  
                                                      0.000     5.000 r  clk (IN)
                         net (fo=494, unset)          0.030     5.030    clk
    SLICE_X20Y14         FDRE                                         r  rounded_q_reg[1][12]/C
                         clock pessimism              0.000     5.030    
                         clock uncertainty           -0.035     4.995    
    SLICE_X20Y14         FDRE (Setup_DFF_SLICEM_C_D)
                                                      0.043     5.038    rounded_q_reg[1][12]
  -------------------------------------------------------------------
                         required time                          5.038    
                         arrival time                          -3.984    
  -------------------------------------------------------------------
                         slack                                  1.054    

Slack (MET) :             1.070ns  (required time - arrival time)
  Source:                 right_shift_q_reg[1][0]/C
                            (rising edge-triggered cell FDRE clocked by clk  {rise@0.000ns fall@2.500ns period=5.000ns})
  Destination:            rounded_q_reg[1][9]/D
                            (rising edge-triggered cell FDRE clocked by clk  {rise@0.000ns fall@2.500ns period=5.000ns})
  Path Group:             clk
  Path Type:              Setup (Max at Slow Process Corner)
  Requirement:            5.000ns  (clk rise@5.000ns - clk rise@0.000ns)
  Data Path Delay:        3.925ns  (logic 1.484ns (37.806%)  route 2.441ns (62.194%))
  Logic Levels:           10  (CARRY8=5 LUT3=1 LUT5=2 LUT6=2)
  Clock Path Skew:        -0.012ns (DCD - SCD + CPR)
    Destination Clock Delay (DCD):    0.030ns = ( 5.030 - 5.000 ) 
    Source Clock Delay      (SCD):    0.042ns
    Clock Pessimism Removal (CPR):    0.000ns
  Clock Uncertainty:      0.035ns  ((TSJ^2 + TIJ^2)^1/2 + DJ) / 2 + PE
    Total System Jitter     (TSJ):    0.071ns
    Total Input Jitter      (TIJ):    0.000ns
    Discrete Jitter          (DJ):    0.000ns
    Phase Error              (PE):    0.000ns

    Location             Delay type                Incr(ns)  Path(ns)    Netlist Resource(s)
  -------------------------------------------------------------------    -------------------
                         (clock clk rise edge)        0.000     0.000 r  
                                                      0.000     0.000 r  clk (IN)
                         net (fo=494, unset)          0.042     0.042    clk
    SLICE_X23Y13         FDRE                                         r  right_shift_q_reg[1][0]/C
  -------------------------------------------------------------------    -------------------
    SLICE_X23Y13         FDRE (Prop_EFF_SLICEL_C_Q)
                                                      0.114     0.156 r  right_shift_q_reg[1][0]/Q
                         net (fo=125, routed)         0.644     0.800    right_shift_q_reg[1][0]
    SLICE_X21Y14         LUT3 (Prop_B5LUT_SLICEM_I1_O)
                                                      0.229     1.029 r  rounded_q[1][45]_i_31/O
                         net (fo=5, routed)           0.534     1.564    rounded_q[1][45]_i_31_n_0
    SLICE_X24Y14         LUT6 (Prop_A6LUT_SLICEM_I1_O)
                                                      0.189     1.753 r  rounded_q[1][45]_i_85/O
                         net (fo=1, routed)           0.017     1.770    rounded_q[1][45]_i_85_n_0
    SLICE_X24Y14         CARRY8 (Prop_CARRY8_SLICEM_S[0]_CO[7])
                                                      0.281     2.051 r  rounded_q_reg[1][45]_i_51/CO[7]
                         net (fo=1, routed)           0.030     2.081    rounded_q_reg[1][45]_i_51_n_0
    SLICE_X24Y15         CARRY8 (Prop_CARRY8_SLICEM_CI_CO[7])
                                                      0.065     2.146 r  rounded_q_reg[1][45]_i_33/CO[7]
                         net (fo=1, routed)           0.030     2.176    rounded_q_reg[1][45]_i_33_n_0
    SLICE_X24Y16         CARRY8 (Prop_CARRY8_SLICEM_CI_CO[7])
                                                      0.065     2.241 r  rounded_q_reg[1][45]_i_12/CO[7]
                         net (fo=1, routed)           0.030     2.271    rounded_q_reg[1][45]_i_12_n_0
    SLICE_X24Y17         CARRY8 (Prop_CARRY8_SLICEM_CI_CO[7])
                                                      0.065     2.336 r  rounded_q_reg[1][45]_i_2/CO[7]
                         net (fo=1, routed)           0.030     2.366    rounded_q_reg[1][45]_i_2_n_0
    SLICE_X24Y18         CARRY8 (Prop_CARRY8_SLICEM_CI_O[4])
                                                      0.127     2.493 r  rounded_q_reg[1][45]_i_1/O[4]
                         net (fo=53, routed)          0.828     3.321    rounded_q_reg[1][45]_i_1_n_11
    SLICE_X22Y15         LUT5 (Prop_C6LUT_SLICEL_I2_O)
                                                      0.081     3.402 r  rounded_q[1][12]_i_4/O
                         net (fo=4, routed)           0.113     3.515    rounded_q[1][12]_i_4_n_0
    SLICE_X21Y15         LUT6 (Prop_F6LUT_SLICEM_I1_O)
                                                      0.186     3.701 r  rounded_q[1][10]_i_2/O
                         net (fo=2, routed)           0.103     3.804    rounded_q[1][10]_i_2_n_0
    SLICE_X21Y15         LUT5 (Prop_B6LUT_SLICEM_I2_O)
                                                      0.082     3.886 r  rounded_q[1][9]_i_1/O
                         net (fo=1, routed)           0.081     3.967    rounded_q[1][9]_i_1_n_0
    SLICE_X21Y15         FDRE                                         r  rounded_q_reg[1][9]/D
  -------------------------------------------------------------------    -------------------

                         (clock clk rise edge)        5.000     5.000 r  
                                                      0.000     5.000 r  clk (IN)
                         net (fo=494, unset)          0.030     5.030    clk
    SLICE_X21Y15         FDRE                                         r  rounded_q_reg[1][9]/C
                         clock pessimism              0.000     5.030    
                         clock uncertainty           -0.035     4.995    
    SLICE_X21Y15         FDRE (Setup_BFF_SLICEM_C_D)
                                                      0.043     5.038    rounded_q_reg[1][9]
  -------------------------------------------------------------------
                         required time                          5.038    
                         arrival time                          -3.967    
  -------------------------------------------------------------------
                         slack                                  1.070    

Slack (MET) :             1.076ns  (required time - arrival time)
  Source:                 right_shift_q_reg[1][0]/C
                            (rising edge-triggered cell FDRE clocked by clk  {rise@0.000ns fall@2.500ns period=5.000ns})
  Destination:            rounded_q_reg[1][1]/D
                            (rising edge-triggered cell FDRE clocked by clk  {rise@0.000ns fall@2.500ns period=5.000ns})
  Path Group:             clk
  Path Type:              Setup (Max at Slow Process Corner)
  Requirement:            5.000ns  (clk rise@5.000ns - clk rise@0.000ns)
  Data Path Delay:        3.920ns  (logic 1.457ns (37.166%)  route 2.463ns (62.834%))
  Logic Levels:           10  (CARRY8=5 LUT3=1 LUT5=2 LUT6=2)
  Clock Path Skew:        -0.011ns (DCD - SCD + CPR)
    Destination Clock Delay (DCD):    0.031ns = ( 5.031 - 5.000 ) 
    Source Clock Delay      (SCD):    0.042ns
    Clock Pessimism Removal (CPR):    0.000ns
  Clock Uncertainty:      0.035ns  ((TSJ^2 + TIJ^2)^1/2 + DJ) / 2 + PE
    Total System Jitter     (TSJ):    0.071ns
    Total Input Jitter      (TIJ):    0.000ns
    Discrete Jitter          (DJ):    0.000ns
    Phase Error              (PE):    0.000ns

    Location             Delay type                Incr(ns)  Path(ns)    Netlist Resource(s)
  -------------------------------------------------------------------    -------------------
                         (clock clk rise edge)        0.000     0.000 r  
                                                      0.000     0.000 r  clk (IN)
                         net (fo=494, unset)          0.042     0.042    clk
    SLICE_X23Y13         FDRE                                         r  right_shift_q_reg[1][0]/C
  -------------------------------------------------------------------    -------------------
    SLICE_X23Y13         FDRE (Prop_EFF_SLICEL_C_Q)
                                                      0.114     0.156 r  right_shift_q_reg[1][0]/Q
                         net (fo=125, routed)         0.644     0.800    right_shift_q_reg[1][0]
    SLICE_X21Y14         LUT3 (Prop_B5LUT_SLICEM_I1_O)
                                                      0.229     1.029 r  rounded_q[1][45]_i_31/O
                         net (fo=5, routed)           0.534     1.564    rounded_q[1][45]_i_31_n_0
    SLICE_X24Y14         LUT6 (Prop_A6LUT_SLICEM_I1_O)
                                                      0.189     1.753 r  rounded_q[1][45]_i_85/O
                         net (fo=1, routed)           0.017     1.770    rounded_q[1][45]_i_85_n_0
    SLICE_X24Y14         CARRY8 (Prop_CARRY8_SLICEM_S[0]_CO[7])
                                                      0.281     2.051 r  rounded_q_reg[1][45]_i_51/CO[7]
                         net (fo=1, routed)           0.030     2.081    rounded_q_reg[1][45]_i_51_n_0
    SLICE_X24Y15         CARRY8 (Prop_CARRY8_SLICEM_CI_CO[7])
                                                      0.065     2.146 r  rounded_q_reg[1][45]_i_33/CO[7]
                         net (fo=1, routed)           0.030     2.176    rounded_q_reg[1][45]_i_33_n_0
    SLICE_X24Y16         CARRY8 (Prop_CARRY8_SLICEM_CI_CO[7])
                                                      0.065     2.241 r  rounded_q_reg[1][45]_i_12/CO[7]
                         net (fo=1, routed)           0.030     2.271    rounded_q_reg[1][45]_i_12_n_0
    SLICE_X24Y17         CARRY8 (Prop_CARRY8_SLICEM_CI_CO[7])
                                                      0.065     2.336 r  rounded_q_reg[1][45]_i_2/CO[7]
                         net (fo=1, routed)           0.030     2.366    rounded_q_reg[1][45]_i_2_n_0
    SLICE_X24Y18         CARRY8 (Prop_CARRY8_SLICEM_CI_O[4])
                                                      0.127     2.493 r  rounded_q_reg[1][45]_i_1/O[4]
                         net (fo=53, routed)          0.757     3.250    rounded_q_reg[1][45]_i_1_n_11
    SLICE_X22Y16         LUT5 (Prop_D5LUT_SLICEL_I2_O)
                                                      0.088     3.338 r  rounded_q[1][6]_i_3/O
                         net (fo=4, routed)           0.203     3.540    rounded_q[1][6]_i_3_n_0
    SLICE_X21Y16         LUT6 (Prop_G6LUT_SLICEM_I3_O)
                                                      0.152     3.692 r  rounded_q[1][2]_i_2/O
                         net (fo=2, routed)           0.108     3.800    rounded_q[1][2]_i_2_n_0
    SLICE_X21Y17         LUT5 (Prop_G6LUT_SLICEM_I2_O)
                                                      0.082     3.882 r  rounded_q[1][1]_i_1/O
                         net (fo=1, routed)           0.080     3.962    rounded_q[1][1]_i_1_n_0
    SLICE_X21Y17         FDRE                                         r  rounded_q_reg[1][1]/D
  -------------------------------------------------------------------    -------------------

                         (clock clk rise edge)        5.000     5.000 r  
                                                      0.000     5.000 r  clk (IN)
                         net (fo=494, unset)          0.031     5.031    clk
    SLICE_X21Y17         FDRE                                         r  rounded_q_reg[1][1]/C
                         clock pessimism              0.000     5.031    
                         clock uncertainty           -0.035     4.996    
    SLICE_X21Y17         FDRE (Setup_GFF_SLICEM_C_D)
                                                      0.043     5.039    rounded_q_reg[1][1]
  -------------------------------------------------------------------
                         required time                          5.039    
                         arrival time                          -3.962    
  -------------------------------------------------------------------
                         slack                                  1.076    

Slack (MET) :             1.077ns  (required time - arrival time)
  Source:                 right_shift_q_reg[1][0]/C
                            (rising edge-triggered cell FDRE clocked by clk  {rise@0.000ns fall@2.500ns period=5.000ns})
  Destination:            rounded_q_reg[1][0]/D
                            (rising edge-triggered cell FDRE clocked by clk  {rise@0.000ns fall@2.500ns period=5.000ns})
  Path Group:             clk
  Path Type:              Setup (Max at Slow Process Corner)
  Requirement:            5.000ns  (clk rise@5.000ns - clk rise@0.000ns)
  Data Path Delay:        3.921ns  (logic 1.439ns (36.700%)  route 2.482ns (63.300%))
  Logic Levels:           10  (CARRY8=5 LUT3=1 LUT5=2 LUT6=2)
  Clock Path Skew:        -0.011ns (DCD - SCD + CPR)
    Destination Clock Delay (DCD):    0.031ns = ( 5.031 - 5.000 ) 
    Source Clock Delay      (SCD):    0.042ns
    Clock Pessimism Removal (CPR):    0.000ns
  Clock Uncertainty:      0.035ns  ((TSJ^2 + TIJ^2)^1/2 + DJ) / 2 + PE
    Total System Jitter     (TSJ):    0.071ns
    Total Input Jitter      (TIJ):    0.000ns
    Discrete Jitter          (DJ):    0.000ns
    Phase Error              (PE):    0.000ns

    Location             Delay type                Incr(ns)  Path(ns)    Netlist Resource(s)
  -------------------------------------------------------------------    -------------------
                         (clock clk rise edge)        0.000     0.000 r  
                                                      0.000     0.000 r  clk (IN)
                         net (fo=494, unset)          0.042     0.042    clk
    SLICE_X23Y13         FDRE                                         r  right_shift_q_reg[1][0]/C
  -------------------------------------------------------------------    -------------------
    SLICE_X23Y13         FDRE (Prop_EFF_SLICEL_C_Q)
                                                      0.114     0.156 r  right_shift_q_reg[1][0]/Q
                         net (fo=125, routed)         0.644     0.800    right_shift_q_reg[1][0]
    SLICE_X21Y14         LUT3 (Prop_B5LUT_SLICEM_I1_O)
                                                      0.229     1.029 r  rounded_q[1][45]_i_31/O
                         net (fo=5, routed)           0.534     1.564    rounded_q[1][45]_i_31_n_0
    SLICE_X24Y14         LUT6 (Prop_A6LUT_SLICEM_I1_O)
                                                      0.189     1.753 r  rounded_q[1][45]_i_85/O
                         net (fo=1, routed)           0.017     1.770    rounded_q[1][45]_i_85_n_0
    SLICE_X24Y14         CARRY8 (Prop_CARRY8_SLICEM_S[0]_CO[7])
                                                      0.281     2.051 r  rounded_q_reg[1][45]_i_51/CO[7]
                         net (fo=1, routed)           0.030     2.081    rounded_q_reg[1][45]_i_51_n_0
    SLICE_X24Y15         CARRY8 (Prop_CARRY8_SLICEM_CI_CO[7])
                                                      0.065     2.146 r  rounded_q_reg[1][45]_i_33/CO[7]
                         net (fo=1, routed)           0.030     2.176    rounded_q_reg[1][45]_i_33_n_0
    SLICE_X24Y16         CARRY8 (Prop_CARRY8_SLICEM_CI_CO[7])
                                                      0.065     2.241 r  rounded_q_reg[1][45]_i_12/CO[7]
                         net (fo=1, routed)           0.030     2.271    rounded_q_reg[1][45]_i_12_n_0
    SLICE_X24Y17         CARRY8 (Prop_CARRY8_SLICEM_CI_CO[7])
                                                      0.065     2.336 r  rounded_q_reg[1][45]_i_2/CO[7]
                         net (fo=1, routed)           0.030     2.366    rounded_q_reg[1][45]_i_2_n_0
    SLICE_X24Y18         CARRY8 (Prop_CARRY8_SLICEM_CI_O[4])
                                                      0.127     2.493 r  rounded_q_reg[1][45]_i_1/O[4]
                         net (fo=53, routed)          0.758     3.251    rounded_q_reg[1][45]_i_1_n_11
    SLICE_X22Y16         LUT5 (Prop_C5LUT_SLICEL_I2_O)
                                                      0.091     3.342 r  rounded_q[1][7]_i_3/O
                         net (fo=4, routed)           0.215     3.557    rounded_q[1][7]_i_3_n_0
    SLICE_X22Y17         LUT6 (Prop_H6LUT_SLICEL_I0_O)
                                                      0.153     3.710 r  rounded_q[1][1]_i_2/O
                         net (fo=2, routed)           0.113     3.823    rounded_q[1][1]_i_2_n_0
    SLICE_X21Y17         LUT5 (Prop_H6LUT_SLICEM_I2_O)
                                                      0.060     3.883 r  rounded_q[1][0]_i_1/O
                         net (fo=1, routed)           0.080     3.963    rounded_q[1][0]_i_1_n_0
    SLICE_X21Y17         FDRE                                         r  rounded_q_reg[1][0]/D
  -------------------------------------------------------------------    -------------------

                         (clock clk rise edge)        5.000     5.000 r  
                                                      0.000     5.000 r  clk (IN)
                         net (fo=494, unset)          0.031     5.031    clk
    SLICE_X21Y17         FDRE                                         r  rounded_q_reg[1][0]/C
                         clock pessimism              0.000     5.031    
                         clock uncertainty           -0.035     4.996    
    SLICE_X21Y17         FDRE (Setup_HFF_SLICEM_C_D)
                                                      0.044     5.040    rounded_q_reg[1][0]
  -------------------------------------------------------------------
                         required time                          5.040    
                         arrival time                          -3.963    
  -------------------------------------------------------------------
                         slack                                  1.077    

Slack (MET) :             1.092ns  (required time - arrival time)
  Source:                 right_shift_q_reg[1][0]/C
                            (rising edge-triggered cell FDRE clocked by clk  {rise@0.000ns fall@2.500ns period=5.000ns})
  Destination:            rounded_q_reg[1][14]/D
                            (rising edge-triggered cell FDRE clocked by clk  {rise@0.000ns fall@2.500ns period=5.000ns})
  Path Group:             clk
  Path Type:              Setup (Max at Slow Process Corner)
  Requirement:            5.000ns  (clk rise@5.000ns - clk rise@0.000ns)
  Data Path Delay:        3.904ns  (logic 1.516ns (38.836%)  route 2.388ns (61.164%))
  Logic Levels:           10  (CARRY8=5 LUT3=1 LUT5=1 LUT6=3)
  Clock Path Skew:        -0.012ns (DCD - SCD + CPR)
    Destination Clock Delay (DCD):    0.030ns = ( 5.030 - 5.000 ) 
    Source Clock Delay      (SCD):    0.042ns
    Clock Pessimism Removal (CPR):    0.000ns
  Clock Uncertainty:      0.035ns  ((TSJ^2 + TIJ^2)^1/2 + DJ) / 2 + PE
    Total System Jitter     (TSJ):    0.071ns
    Total Input Jitter      (TIJ):    0.000ns
    Discrete Jitter          (DJ):    0.000ns
    Phase Error              (PE):    0.000ns

    Location             Delay type                Incr(ns)  Path(ns)    Netlist Resource(s)
  -------------------------------------------------------------------    -------------------
                         (clock clk rise edge)        0.000     0.000 r  
                                                      0.000     0.000 r  clk (IN)
                         net (fo=494, unset)          0.042     0.042    clk
    SLICE_X23Y13         FDRE                                         r  right_shift_q_reg[1][0]/C
  -------------------------------------------------------------------    -------------------
    SLICE_X23Y13         FDRE (Prop_EFF_SLICEL_C_Q)
                                                      0.114     0.156 r  right_shift_q_reg[1][0]/Q
                         net (fo=125, routed)         0.644     0.800    right_shift_q_reg[1][0]
    SLICE_X21Y14         LUT3 (Prop_B5LUT_SLICEM_I1_O)
                                                      0.229     1.029 r  rounded_q[1][45]_i_31/O
                         net (fo=5, routed)           0.534     1.564    rounded_q[1][45]_i_31_n_0
    SLICE_X24Y14         LUT6 (Prop_A6LUT_SLICEM_I1_O)
                                                      0.189     1.753 r  rounded_q[1][45]_i_85/O
                         net (fo=1, routed)           0.017     1.770    rounded_q[1][45]_i_85_n_0
    SLICE_X24Y14         CARRY8 (Prop_CARRY8_SLICEM_S[0]_CO[7])
                                                      0.281     2.051 r  rounded_q_reg[1][45]_i_51/CO[7]
                         net (fo=1, routed)           0.030     2.081    rounded_q_reg[1][45]_i_51_n_0
    SLICE_X24Y15         CARRY8 (Prop_CARRY8_SLICEM_CI_CO[7])
                                                      0.065     2.146 r  rounded_q_reg[1][45]_i_33/CO[7]
                         net (fo=1, routed)           0.030     2.176    rounded_q_reg[1][45]_i_33_n_0
    SLICE_X24Y16         CARRY8 (Prop_CARRY8_SLICEM_CI_CO[7])
                                                      0.065     2.241 r  rounded_q_reg[1][45]_i_12/CO[7]
                         net (fo=1, routed)           0.030     2.271    rounded_q_reg[1][45]_i_12_n_0
    SLICE_X24Y17         CARRY8 (Prop_CARRY8_SLICEM_CI_CO[7])
                                                      0.065     2.336 r  rounded_q_reg[1][45]_i_2/CO[7]
                         net (fo=1, routed)           0.030     2.366    rounded_q_reg[1][45]_i_2_n_0
    SLICE_X24Y18         CARRY8 (Prop_CARRY8_SLICEM_CI_O[4])
                                                      0.127     2.493 r  rounded_q_reg[1][45]_i_1/O[4]
                         net (fo=53, routed)          0.660     3.152    rounded_q_reg[1][45]_i_1_n_11
    SLICE_X22Y14         LUT6 (Prop_C6LUT_SLICEL_I5_O)
                                                      0.187     3.339 r  rounded_q[1][15]_i_3/O
                         net (fo=2, routed)           0.102     3.442    rounded_q[1][15]_i_3_n_0
    SLICE_X22Y14         LUT6 (Prop_H6LUT_SLICEL_I5_O)
                                                      0.137     3.579 r  rounded_q[1][15]_i_2/O
                         net (fo=2, routed)           0.229     3.808    rounded_q[1][15]_i_2_n_0
    SLICE_X20Y14         LUT5 (Prop_B6LUT_SLICEM_I2_O)
                                                      0.057     3.865 r  rounded_q[1][14]_i_1/O
                         net (fo=1, routed)           0.081     3.946    rounded_q[1][14]_i_1_n_0
    SLICE_X20Y14         FDRE                                         r  rounded_q_reg[1][14]/D
  -------------------------------------------------------------------    -------------------

                         (clock clk rise edge)        5.000     5.000 r  
                                                      0.000     5.000 r  clk (IN)
                         net (fo=494, unset)          0.030     5.030    clk
    SLICE_X20Y14         FDRE                                         r  rounded_q_reg[1][14]/C
                         clock pessimism              0.000     5.030    
                         clock uncertainty           -0.035     4.995    
    SLICE_X20Y14         FDRE (Setup_BFF_SLICEM_C_D)
                                                      0.043     5.038    rounded_q_reg[1][14]
  -------------------------------------------------------------------
                         required time                          5.038    
                         arrival time                          -3.946    
  -------------------------------------------------------------------
                         slack                                  1.092    

Slack (MET) :             1.092ns  (required time - arrival time)
  Source:                 right_shift_q_reg[1][0]/C
                            (rising edge-triggered cell FDRE clocked by clk  {rise@0.000ns fall@2.500ns period=5.000ns})
  Destination:            rounded_q_reg[1][2]/D
                            (rising edge-triggered cell FDRE clocked by clk  {rise@0.000ns fall@2.500ns period=5.000ns})
  Path Group:             clk
  Path Type:              Setup (Max at Slow Process Corner)
  Requirement:            5.000ns  (clk rise@5.000ns - clk rise@0.000ns)
  Data Path Delay:        3.904ns  (logic 1.431ns (36.652%)  route 2.473ns (63.348%))
  Logic Levels:           10  (CARRY8=5 LUT3=1 LUT5=2 LUT6=2)
  Clock Path Skew:        -0.011ns (DCD - SCD + CPR)
    Destination Clock Delay (DCD):    0.031ns = ( 5.031 - 5.000 ) 
    Source Clock Delay      (SCD):    0.042ns
    Clock Pessimism Removal (CPR):    0.000ns
  Clock Uncertainty:      0.035ns  ((TSJ^2 + TIJ^2)^1/2 + DJ) / 2 + PE
    Total System Jitter     (TSJ):    0.071ns
    Total Input Jitter      (TIJ):    0.000ns
    Discrete Jitter          (DJ):    0.000ns
    Phase Error              (PE):    0.000ns

    Location             Delay type                Incr(ns)  Path(ns)    Netlist Resource(s)
  -------------------------------------------------------------------    -------------------
                         (clock clk rise edge)        0.000     0.000 r  
                                                      0.000     0.000 r  clk (IN)
                         net (fo=494, unset)          0.042     0.042    clk
    SLICE_X23Y13         FDRE                                         r  right_shift_q_reg[1][0]/C
  -------------------------------------------------------------------    -------------------
    SLICE_X23Y13         FDRE (Prop_EFF_SLICEL_C_Q)
                                                      0.114     0.156 r  right_shift_q_reg[1][0]/Q
                         net (fo=125, routed)         0.644     0.800    right_shift_q_reg[1][0]
    SLICE_X21Y14         LUT3 (Prop_B5LUT_SLICEM_I1_O)
                                                      0.229     1.029 r  rounded_q[1][45]_i_31/O
                         net (fo=5, routed)           0.534     1.564    rounded_q[1][45]_i_31_n_0
    SLICE_X24Y14         LUT6 (Prop_A6LUT_SLICEM_I1_O)
                                                      0.189     1.753 r  rounded_q[1][45]_i_85/O
                         net (fo=1, routed)           0.017     1.770    rounded_q[1][45]_i_85_n_0
    SLICE_X24Y14         CARRY8 (Prop_CARRY8_SLICEM_S[0]_CO[7])
                                                      0.281     2.051 r  rounded_q_reg[1][45]_i_51/CO[7]
                         net (fo=1, routed)           0.030     2.081    rounded_q_reg[1][45]_i_51_n_0
    SLICE_X24Y15         CARRY8 (Prop_CARRY8_SLICEM_CI_CO[7])
                                                      0.065     2.146 r  rounded_q_reg[1][45]_i_33/CO[7]
                         net (fo=1, routed)           0.030     2.176    rounded_q_reg[1][45]_i_33_n_0
    SLICE_X24Y16         CARRY8 (Prop_CARRY8_SLICEM_CI_CO[7])
                                                      0.065     2.241 r  rounded_q_reg[1][45]_i_12/CO[7]
                         net (fo=1, routed)           0.030     2.271    rounded_q_reg[1][45]_i_12_n_0
    SLICE_X24Y17         CARRY8 (Prop_CARRY8_SLICEM_CI_CO[7])
                                                      0.065     2.336 r  rounded_q_reg[1][45]_i_2/CO[7]
                         net (fo=1, routed)           0.030     2.366    rounded_q_reg[1][45]_i_2_n_0
    SLICE_X24Y18         CARRY8 (Prop_CARRY8_SLICEM_CI_O[4])
                                                      0.127     2.493 r  rounded_q_reg[1][45]_i_1/O[4]
                         net (fo=53, routed)          0.757     3.250    rounded_q_reg[1][45]_i_1_n_11
    SLICE_X22Y16         LUT5 (Prop_D5LUT_SLICEL_I2_O)
                                                      0.088     3.338 r  rounded_q[1][6]_i_3/O
                         net (fo=4, routed)           0.203     3.540    rounded_q[1][6]_i_3_n_0
    SLICE_X21Y16         LUT6 (Prop_G6LUT_SLICEM_I3_O)
                                                      0.152     3.692 r  rounded_q[1][2]_i_2/O
                         net (fo=2, routed)           0.103     3.795    rounded_q[1][2]_i_2_n_0
    SLICE_X21Y17         LUT5 (Prop_F6LUT_SLICEM_I0_O)
                                                      0.056     3.851 r  rounded_q[1][2]_i_1/O
                         net (fo=1, routed)           0.095     3.946    rounded_q[1][2]_i_1_n_0
    SLICE_X21Y17         FDRE                                         r  rounded_q_reg[1][2]/D
  -------------------------------------------------------------------    -------------------

                         (clock clk rise edge)        5.000     5.000 r  
                                                      0.000     5.000 r  clk (IN)
                         net (fo=494, unset)          0.031     5.031    clk
    SLICE_X21Y17         FDRE                                         r  rounded_q_reg[1][2]/C
                         clock pessimism              0.000     5.031    
                         clock uncertainty           -0.035     4.996    
    SLICE_X21Y17         FDRE (Setup_FFF_SLICEM_C_D)
                                                      0.043     5.039    rounded_q_reg[1][2]
  -------------------------------------------------------------------
                         required time                          5.039    
                         arrival time                          -3.946    
  -------------------------------------------------------------------
                         slack                                  1.092    

Slack (MET) :             1.176ns  (required time - arrival time)
  Source:                 right_shift_q_reg[1][0]/C
                            (rising edge-triggered cell FDRE clocked by clk  {rise@0.000ns fall@2.500ns period=5.000ns})
  Destination:            rounded_q_reg[1][18]/D
                            (rising edge-triggered cell FDRE clocked by clk  {rise@0.000ns fall@2.500ns period=5.000ns})
  Path Group:             clk
  Path Type:              Setup (Max at Slow Process Corner)
  Requirement:            5.000ns  (clk rise@5.000ns - clk rise@0.000ns)
  Data Path Delay:        3.820ns  (logic 1.365ns (35.735%)  route 2.455ns (64.265%))
  Logic Levels:           10  (CARRY8=5 LUT3=1 LUT4=1 LUT6=3)
  Clock Path Skew:        -0.013ns (DCD - SCD + CPR)
    Destination Clock Delay (DCD):    0.029ns = ( 5.029 - 5.000 ) 
    Source Clock Delay      (SCD):    0.042ns
    Clock Pessimism Removal (CPR):    0.000ns
  Clock Uncertainty:      0.035ns  ((TSJ^2 + TIJ^2)^1/2 + DJ) / 2 + PE
    Total System Jitter     (TSJ):    0.071ns
    Total Input Jitter      (TIJ):    0.000ns
    Discrete Jitter          (DJ):    0.000ns
    Phase Error              (PE):    0.000ns

    Location             Delay type                Incr(ns)  Path(ns)    Netlist Resource(s)
  -------------------------------------------------------------------    -------------------
                         (clock clk rise edge)        0.000     0.000 r  
                                                      0.000     0.000 r  clk (IN)
                         net (fo=494, unset)          0.042     0.042    clk
    SLICE_X23Y13         FDRE                                         r  right_shift_q_reg[1][0]/C
  -------------------------------------------------------------------    -------------------
    SLICE_X23Y13         FDRE (Prop_EFF_SLICEL_C_Q)
                                                      0.114     0.156 r  right_shift_q_reg[1][0]/Q
                         net (fo=125, routed)         0.644     0.800    right_shift_q_reg[1][0]
    SLICE_X21Y14         LUT3 (Prop_B5LUT_SLICEM_I1_O)
                                                      0.229     1.029 r  rounded_q[1][45]_i_31/O
                         net (fo=5, routed)           0.534     1.564    rounded_q[1][45]_i_31_n_0
    SLICE_X24Y14         LUT6 (Prop_A6LUT_SLICEM_I1_O)
                                                      0.189     1.753 r  rounded_q[1][45]_i_85/O
                         net (fo=1, routed)           0.017     1.770    rounded_q[1][45]_i_85_n_0
    SLICE_X24Y14         CARRY8 (Prop_CARRY8_SLICEM_S[0]_CO[7])
                                                      0.281     2.051 r  rounded_q_reg[1][45]_i_51/CO[7]
                         net (fo=1, routed)           0.030     2.081    rounded_q_reg[1][45]_i_51_n_0
    SLICE_X24Y15         CARRY8 (Prop_CARRY8_SLICEM_CI_CO[7])
                                                      0.065     2.146 r  rounded_q_reg[1][45]_i_33/CO[7]
                         net (fo=1, routed)           0.030     2.176    rounded_q_reg[1][45]_i_33_n_0
    SLICE_X24Y16         CARRY8 (Prop_CARRY8_SLICEM_CI_CO[7])
                                                      0.065     2.241 r  rounded_q_reg[1][45]_i_12/CO[7]
                         net (fo=1, routed)           0.030     2.271    rounded_q_reg[1][45]_i_12_n_0
    SLICE_X24Y17         CARRY8 (Prop_CARRY8_SLICEM_CI_CO[7])
                                                      0.065     2.336 r  rounded_q_reg[1][45]_i_2/CO[7]
                         net (fo=1, routed)           0.030     2.366    rounded_q_reg[1][45]_i_2_n_0
    SLICE_X24Y18         CARRY8 (Prop_CARRY8_SLICEM_CI_O[4])
                                                      0.127     2.493 r  rounded_q_reg[1][45]_i_1/O[4]
                         net (fo=53, routed)          0.828     3.321    rounded_q_reg[1][45]_i_1_n_11
    SLICE_X22Y15         LUT4 (Prop_C5LUT_SLICEL_I3_O)
                                                      0.091     3.412 r  rounded_q[1][20]_i_2/O
                         net (fo=2, routed)           0.144     3.556    rounded_q[1][20]_i_2_n_0
    SLICE_X22Y14         LUT6 (Prop_E6LUT_SLICEL_I0_O)
                                                      0.083     3.639 r  rounded_q[1][18]_i_2/O
                         net (fo=2, routed)           0.098     3.737    rounded_q[1][18]_i_2_n_0
    SLICE_X22Y13         LUT6 (Prop_C6LUT_SLICEL_I0_O)
                                                      0.056     3.793 r  rounded_q[1][18]_i_1/O
                         net (fo=1, routed)           0.069     3.862    rounded_q[1][18]_i_1_n_0
    SLICE_X22Y13         FDRE                                         r  rounded_q_reg[1][18]/D
  -------------------------------------------------------------------    -------------------

                         (clock clk rise edge)        5.000     5.000 r  
                                                      0.000     5.000 r  clk (IN)
                         net (fo=494, unset)          0.029     5.029    clk
    SLICE_X22Y13         FDRE                                         r  rounded_q_reg[1][18]/C
                         clock pessimism              0.000     5.029    
                         clock uncertainty           -0.035     4.994    
    SLICE_X22Y13         FDRE (Setup_CFF_SLICEL_C_D)
                                                      0.044     5.038    rounded_q_reg[1][18]
  -------------------------------------------------------------------
                         required time                          5.038    
                         arrival time                          -3.862    
  -------------------------------------------------------------------
                         slack                                  1.176    

Slack (MET) :             1.182ns  (required time - arrival time)
  Source:                 right_shift_q_reg[3][2]/C
                            (rising edge-triggered cell FDRE clocked by clk  {rise@0.000ns fall@2.500ns period=5.000ns})
  Destination:            rounded_q_reg[3][8]/D
                            (rising edge-triggered cell FDRE clocked by clk  {rise@0.000ns fall@2.500ns period=5.000ns})
  Path Group:             clk
  Path Type:              Setup (Max at Slow Process Corner)
  Requirement:            5.000ns  (clk rise@5.000ns - clk rise@0.000ns)
  Data Path Delay:        3.813ns  (logic 1.366ns (35.824%)  route 2.447ns (64.176%))
  Logic Levels:           10  (CARRY8=5 LUT3=1 LUT4=1 LUT5=1 LUT6=2)
  Clock Path Skew:        -0.013ns (DCD - SCD + CPR)
    Destination Clock Delay (DCD):    0.030ns = ( 5.030 - 5.000 ) 
    Source Clock Delay      (SCD):    0.043ns
    Clock Pessimism Removal (CPR):    0.000ns
  Clock Uncertainty:      0.035ns  ((TSJ^2 + TIJ^2)^1/2 + DJ) / 2 + PE
    Total System Jitter     (TSJ):    0.071ns
    Total Input Jitter      (TIJ):    0.000ns
    Discrete Jitter          (DJ):    0.000ns
    Phase Error              (PE):    0.000ns

    Location             Delay type                Incr(ns)  Path(ns)    Netlist Resource(s)
  -------------------------------------------------------------------    -------------------
                         (clock clk rise edge)        0.000     0.000 r  
                                                      0.000     0.000 r  clk (IN)
                         net (fo=494, unset)          0.043     0.043    clk
    SLICE_X12Y1          FDRE                                         r  right_shift_q_reg[3][2]/C
  -------------------------------------------------------------------    -------------------
    SLICE_X12Y1          FDRE (Prop_FFF_SLICEM_C_Q)
                                                      0.112     0.155 r  right_shift_q_reg[3][2]/Q
                         net (fo=102, routed)         0.749     0.904    right_shift_q_reg[3][2]
    SLICE_X10Y8          LUT3 (Prop_C5LUT_SLICEM_I0_O)
                                                      0.154     1.058 r  rounded_q[3][45]_i_32/O
                         net (fo=5, routed)           0.523     1.581    rounded_q[3][45]_i_32_n_0
    SLICE_X11Y3          LUT6 (Prop_A6LUT_SLICEL_I4_O)
                                                      0.058     1.639 r  rounded_q[3][45]_i_85/O
                         net (fo=1, routed)           0.014     1.653    rounded_q[3][45]_i_85_n_0
    SLICE_X11Y3          CARRY8 (Prop_CARRY8_SLICEL_S[0]_CO[7])
                                                      0.278     1.931 r  rounded_q_reg[3][45]_i_51/CO[7]
                         net (fo=1, routed)           0.030     1.961    rounded_q_reg[3][45]_i_51_n_0
    SLICE_X11Y4          CARRY8 (Prop_CARRY8_SLICEL_CI_CO[7])
                                                      0.065     2.026 r  rounded_q_reg[3][45]_i_33/CO[7]
                         net (fo=1, routed)           0.030     2.056    rounded_q_reg[3][45]_i_33_n_0
    SLICE_X11Y5          CARRY8 (Prop_CARRY8_SLICEL_CI_CO[7])
                                                      0.065     2.121 r  rounded_q_reg[3][45]_i_12/CO[7]
                         net (fo=1, routed)           0.030     2.151    rounded_q_reg[3][45]_i_12_n_0
    SLICE_X11Y6          CARRY8 (Prop_CARRY8_SLICEL_CI_CO[7])
                                                      0.065     2.216 r  rounded_q_reg[3][45]_i_2/CO[7]
                         net (fo=1, routed)           0.030     2.246    rounded_q_reg[3][45]_i_2_n_0
    SLICE_X11Y7          CARRY8 (Prop_CARRY8_SLICEL_CI_O[4])
                                                      0.127     2.373 r  rounded_q_reg[3][45]_i_1/O[4]
                         net (fo=53, routed)          0.346     2.719    rounded_q_reg[3][45]_i_1_n_11
    SLICE_X10Y8          LUT4 (Prop_A5LUT_SLICEM_I3_O)
                                                      0.138     2.857 r  rounded_q[3][9]_i_3/O
                         net (fo=2, routed)           0.429     3.287    rounded_q[3][9]_i_3_n_0
    SLICE_X11Y9          LUT6 (Prop_A6LUT_SLICEL_I3_O)
                                                      0.152     3.439 r  rounded_q[3][9]_i_2/O
                         net (fo=2, routed)           0.185     3.623    rounded_q[3][9]_i_2_n_0
    SLICE_X13Y9          LUT5 (Prop_B6LUT_SLICEM_I2_O)
                                                      0.152     3.775 r  rounded_q[3][8]_i_1/O
                         net (fo=1, routed)           0.081     3.856    rounded_q[3][8]_i_1_n_0
    SLICE_X13Y9          FDRE                                         r  rounded_q_reg[3][8]/D
  -------------------------------------------------------------------    -------------------

                         (clock clk rise edge)        5.000     5.000 r  
                                                      0.000     5.000 r  clk (IN)
                         net (fo=494, unset)          0.030     5.030    clk
    SLICE_X13Y9          FDRE                                         r  rounded_q_reg[3][8]/C
                         clock pessimism              0.000     5.030    
                         clock uncertainty           -0.035     4.995    
    SLICE_X13Y9          FDRE (Setup_BFF_SLICEM_C_D)
                                                      0.043     5.038    rounded_q_reg[3][8]
  -------------------------------------------------------------------
                         required time                          5.038    
                         arrival time                          -3.856    
  -------------------------------------------------------------------
                         slack                                  1.182    




