Copyright 1986-2022 Xilinx, Inc. All Rights Reserved. Copyright 2022-2024 Advanced Micro Devices, Inc. All Rights Reserved.
---------------------------------------------------------------------------------------------------------------------------------------------------------------------------------------------------------------------------------
| Tool Version      : Vivado v.2024.1 (lin64) Build 5076996 Wed May 22 18:36:09 MDT 2024
| Date              : Tue Sep  1 08:57:07 2026
| Host              : yundodo running 64-bit unknown
| Command           : report_timing_summary -delay_type min_max -check_timing_verbose -max_paths 20 -file /home/dodo/Documents/Codex/2026-08-31/kv260-alexnet-rtl/alexnet/reports/n8_rs_m4_feeder/200mhz/impl_timing_summary.rpt
| Design            : alexnet_n8_rs_m4_feeder
| Device            : xck26-sfvc784
| Speed File        : -2LV  PRODUCTION 1.30 05-15-2022
| Design State      : Routed
| Temperature Grade : C
---------------------------------------------------------------------------------------------------------------------------------------------------------------------------------------------------------------------------------

Timing Summary Report

------------------------------------------------------------------------------------------------
| Timer Settings
| --------------
------------------------------------------------------------------------------------------------

  Enable Multi Corner Analysis               :  Yes
  Enable Pessimism Removal                   :  Yes
  Pessimism Removal Resolution               :  Nearest Common Node
  Enable Input Delay Default Clock           :  No
  Enable Preset / Clear Arcs                 :  No
  Disable Flight Delays                      :  No
  Ignore I/O Paths                           :  No
  Timing Early Launch at Borrowing Latches   :  No
  Borrow Time for Max Delay Exceptions       :  Yes
  Merge Timing Exceptions                    :  Yes
  Inter-SLR Compensation                     :  Conservative

  Corner  Analyze    Analyze    
  Name    Max Paths  Min Paths  
  ------  ---------  ---------  
  Slow    Yes        Yes        
  Fast    Yes        Yes        


------------------------------------------------------------------------------------------------
| Report Methodology
| ------------------
------------------------------------------------------------------------------------------------

No report available as report_methodology has not been run prior. Run report_methodology on the current design for the summary of methodology violations.



check_timing report

Table of Contents
-----------------
1. checking no_clock (0)
2. checking constant_clock (0)
3. checking pulse_width_clock (0)
4. checking unconstrained_internal_endpoints (0)
5. checking no_input_delay (0)
6. checking no_output_delay (0)
7. checking multiple_clock (0)
8. checking generated_clocks (0)
9. checking loops (0)
10. checking partial_input_delay (0)
11. checking partial_output_delay (0)
12. checking latch_loops (0)

1. checking no_clock (0)
------------------------
 There are 0 register/latch pins with no clock.


2. checking constant_clock (0)
------------------------------
 There are 0 register/latch pins with constant_clock.


3. checking pulse_width_clock (0)
---------------------------------
 There are 0 register/latch pins which need pulse_width check


4. checking unconstrained_internal_endpoints (0)
------------------------------------------------
 There are 0 pins that are not constrained for maximum delay.

 There are 0 pins that are not constrained for maximum delay due to constant clock.


5. checking no_input_delay (0)
------------------------------
 There are 0 input ports with no input delay specified.

 There are 0 input ports with no input delay but user has a false path constraint.


6. checking no_output_delay (0)
-------------------------------
 There are 0 ports with no output delay specified.

 There are 0 ports with no output delay but user has a false path constraint

 There are 0 ports with no output delay but with a timing clock defined on it or propagating through it


7. checking multiple_clock (0)
------------------------------
 There are 0 register/latch pins with multiple clocks.


8. checking generated_clocks (0)
--------------------------------
 There are 0 generated clocks that are not connected to a clock source.


9. checking loops (0)
---------------------
 There are 0 combinational loops in the design.


10. checking partial_input_delay (0)
------------------------------------
 There are 0 input ports with partial input delay specified.


11. checking partial_output_delay (0)
-------------------------------------
 There are 0 ports with partial output delay specified.


12. checking latch_loops (0)
----------------------------
 There are 0 combinational latch loops in the design through latch input



------------------------------------------------------------------------------------------------
| Design Timing Summary
| ---------------------
------------------------------------------------------------------------------------------------

    WNS(ns)      TNS(ns)  TNS Failing Endpoints  TNS Total Endpoints      WHS(ns)      THS(ns)  THS Failing Endpoints  THS Total Endpoints     WPWS(ns)     TPWS(ns)  TPWS Failing Endpoints  TPWS Total Endpoints  
    -------      -------  ---------------------  -------------------      -------      -------  ---------------------  -------------------     --------     --------  ----------------------  --------------------  
      0.594        0.000                      0                 1800        0.092        0.000                      0                 1800        1.923        0.000                       0                   433  


All user specified timing constraints are met.


------------------------------------------------------------------------------------------------
| Clock Summary
| -------------
------------------------------------------------------------------------------------------------

Clock  Waveform(ns)         Period(ns)      Frequency(MHz)
-----  ------------         ----------      --------------
clk    {0.000 2.500}        5.000           200.000         


------------------------------------------------------------------------------------------------
| Intra Clock Table
| -----------------
------------------------------------------------------------------------------------------------

Clock             WNS(ns)      TNS(ns)  TNS Failing Endpoints  TNS Total Endpoints      WHS(ns)      THS(ns)  THS Failing Endpoints  THS Total Endpoints     WPWS(ns)     TPWS(ns)  TPWS Failing Endpoints  TPWS Total Endpoints  
-----             -------      -------  ---------------------  -------------------      -------      -------  ---------------------  -------------------     --------     --------  ----------------------  --------------------  
clk                 0.594        0.000                      0                 1800        0.092        0.000                      0                 1800        1.923        0.000                       0                   433  


------------------------------------------------------------------------------------------------
| Inter Clock Table
| -----------------
------------------------------------------------------------------------------------------------

From Clock    To Clock          WNS(ns)      TNS(ns)  TNS Failing Endpoints  TNS Total Endpoints      WHS(ns)      THS(ns)  THS Failing Endpoints  THS Total Endpoints  
----------    --------          -------      -------  ---------------------  -------------------      -------      -------  ---------------------  -------------------  


------------------------------------------------------------------------------------------------
| Other Path Groups Table
| -----------------------
------------------------------------------------------------------------------------------------

Path Group    From Clock    To Clock          WNS(ns)      TNS(ns)  TNS Failing Endpoints  TNS Total Endpoints      WHS(ns)      THS(ns)  THS Failing Endpoints  THS Total Endpoints  
----------    ----------    --------          -------      -------  ---------------------  -------------------      -------      -------  ---------------------  -------------------  


------------------------------------------------------------------------------------------------
| Timing Details
| --------------
------------------------------------------------------------------------------------------------


---------------------------------------------------------------------------------------------------
From Clock:  clk
  To Clock:  clk

Setup :            0  Failing Endpoints,  Worst Slack        0.594ns,  Total Violation        0.000ns
Hold  :            0  Failing Endpoints,  Worst Slack        0.092ns,  Total Violation        0.000ns
PW    :            0  Failing Endpoints,  Worst Slack        1.923ns,  Total Violation        0.000ns
---------------------------------------------------------------------------------------------------


Max Delay Paths
--------------------------------------------------------------------------------------
Slack (MET) :             0.594ns  (required time - arrival time)
  Source:                 output_w_q_reg[4]/C
                            (rising edge-triggered cell FDRE clocked by clk  {rise@0.000ns fall@2.500ns period=5.000ns})
  Destination:            emit_kx_q_reg[2]/CE
                            (rising edge-triggered cell FDRE clocked by clk  {rise@0.000ns fall@2.500ns period=5.000ns})
  Path Group:             clk
  Path Type:              Setup (Max at Slow Process Corner)
  Requirement:            5.000ns  (clk rise@5.000ns - clk rise@0.000ns)
  Data Path Delay:        4.280ns  (logic 1.116ns (26.074%)  route 3.164ns (73.926%))
  Logic Levels:           8  (LUT3=1 LUT4=1 LUT6=6)
  Clock Path Skew:        -0.012ns (DCD - SCD + CPR)
    Destination Clock Delay (DCD):    0.029ns = ( 5.029 - 5.000 ) 
    Source Clock Delay      (SCD):    0.041ns
    Clock Pessimism Removal (CPR):    0.000ns
  Clock Uncertainty:      0.035ns  ((TSJ^2 + TIJ^2)^1/2 + DJ) / 2 + PE
    Total System Jitter     (TSJ):    0.071ns
    Total Input Jitter      (TIJ):    0.000ns
    Discrete Jitter          (DJ):    0.000ns
    Phase Error              (PE):    0.000ns

    Location             Delay type                Incr(ns)  Path(ns)    Netlist Resource(s)
  -------------------------------------------------------------------    -------------------
                         (clock clk rise edge)        0.000     0.000 r  
                                                      0.000     0.000 r  clk (IN)
                         net (fo=432, unset)          0.041     0.041    clk
    SLICE_X51Y149        FDRE                                         r  output_w_q_reg[4]/C
  -------------------------------------------------------------------    -------------------
    SLICE_X51Y149        FDRE (Prop_DFF_SLICEL_C_Q)
                                                      0.114     0.155 r  output_w_q_reg[4]/Q
                         net (fo=4, routed)           0.389     0.544    output_w_q_reg_n_0_[4]
    SLICE_X50Y147        LUT6 (Prop_B6LUT_SLICEL_I0_O)
                                                      0.188     0.732 r  group_count_q[2]_i_42/O
                         net (fo=4, routed)           0.143     0.875    group_count_q[2]_i_42_n_0
    SLICE_X50Y147        LUT4 (Prop_D5LUT_SLICEL_I0_O)
                                                      0.133     1.008 r  group_count_q[2]_i_25/O
                         net (fo=4, routed)           0.185     1.193    group_count_q[2]_i_25_n_0
    SLICE_X50Y147        LUT6 (Prop_F6LUT_SLICEL_I5_O)
                                                      0.081     1.274 r  group_count_q[2]_i_8/O
                         net (fo=14, routed)          0.866     2.140    group_count_q[2]_i_8_n_0
    SLICE_X46Y144        LUT3 (Prop_C5LUT_SLICEL_I0_O)
                                                      0.135     2.275 r  group_count_q[2]_i_39/O
                         net (fo=1, routed)           0.178     2.453    group_count_q[2]_i_39_n_0
    SLICE_X46Y144        LUT6 (Prop_F6LUT_SLICEL_I2_O)
                                                      0.081     2.534 r  group_count_q[2]_i_18/O
                         net (fo=1, routed)           0.254     2.788    group_count_q[2]_i_18_n_0
    SLICE_X47Y145        LUT6 (Prop_D6LUT_SLICEL_I5_O)
                                                      0.081     2.869 f  group_count_q[2]_i_4/O
                         net (fo=2, routed)           0.066     2.935    group_count_q[2]_i_4_n_0
    SLICE_X47Y145        LUT6 (Prop_C6LUT_SLICEL_I4_O)
                                                      0.221     3.156 f  group_count_q[2]_i_9/O
                         net (fo=21, routed)          0.592     3.748    group_count_q[2]_i_9_n_0
    SLICE_X50Y145        LUT6 (Prop_G6LUT_SLICEL_I0_O)
                                                      0.082     3.830 r  emit_kx_q[7]_i_2/O
                         net (fo=8, routed)           0.491     4.321    emit_kx_q[7]_i_2_n_0
    SLICE_X48Y145        FDRE                                         r  emit_kx_q_reg[2]/CE
  -------------------------------------------------------------------    -------------------

                         (clock clk rise edge)        5.000     5.000 r  
                                                      0.000     5.000 r  clk (IN)
                         net (fo=432, unset)          0.029     5.029    clk
    SLICE_X48Y145        FDRE                                         r  emit_kx_q_reg[2]/C
                         clock pessimism              0.000     5.029    
                         clock uncertainty           -0.035     4.994    
    SLICE_X48Y145        FDRE (Setup_DFF_SLICEL_C_CE)
                                                     -0.079     4.915    emit_kx_q_reg[2]
  -------------------------------------------------------------------
                         required time                          4.915    
                         arrival time                          -4.321    
  -------------------------------------------------------------------
                         slack                                  0.594    

Slack (MET) :             0.594ns  (required time - arrival time)
  Source:                 output_w_q_reg[4]/C
                            (rising edge-triggered cell FDRE clocked by clk  {rise@0.000ns fall@2.500ns period=5.000ns})
  Destination:            emit_kx_q_reg[4]/CE
                            (rising edge-triggered cell FDRE clocked by clk  {rise@0.000ns fall@2.500ns period=5.000ns})
  Path Group:             clk
  Path Type:              Setup (Max at Slow Process Corner)
  Requirement:            5.000ns  (clk rise@5.000ns - clk rise@0.000ns)
  Data Path Delay:        4.280ns  (logic 1.116ns (26.074%)  route 3.164ns (73.926%))
  Logic Levels:           8  (LUT3=1 LUT4=1 LUT6=6)
  Clock Path Skew:        -0.012ns (DCD - SCD + CPR)
    Destination Clock Delay (DCD):    0.029ns = ( 5.029 - 5.000 ) 
    Source Clock Delay      (SCD):    0.041ns
    Clock Pessimism Removal (CPR):    0.000ns
  Clock Uncertainty:      0.035ns  ((TSJ^2 + TIJ^2)^1/2 + DJ) / 2 + PE
    Total System Jitter     (TSJ):    0.071ns
    Total Input Jitter      (TIJ):    0.000ns
    Discrete Jitter          (DJ):    0.000ns
    Phase Error              (PE):    0.000ns

    Location             Delay type                Incr(ns)  Path(ns)    Netlist Resource(s)
  -------------------------------------------------------------------    -------------------
                         (clock clk rise edge)        0.000     0.000 r  
                                                      0.000     0.000 r  clk (IN)
                         net (fo=432, unset)          0.041     0.041    clk
    SLICE_X51Y149        FDRE                                         r  output_w_q_reg[4]/C
  -------------------------------------------------------------------    -------------------
    SLICE_X51Y149        FDRE (Prop_DFF_SLICEL_C_Q)
                                                      0.114     0.155 r  output_w_q_reg[4]/Q
                         net (fo=4, routed)           0.389     0.544    output_w_q_reg_n_0_[4]
    SLICE_X50Y147        LUT6 (Prop_B6LUT_SLICEL_I0_O)
                                                      0.188     0.732 r  group_count_q[2]_i_42/O
                         net (fo=4, routed)           0.143     0.875    group_count_q[2]_i_42_n_0
    SLICE_X50Y147        LUT4 (Prop_D5LUT_SLICEL_I0_O)
                                                      0.133     1.008 r  group_count_q[2]_i_25/O
                         net (fo=4, routed)           0.185     1.193    group_count_q[2]_i_25_n_0
    SLICE_X50Y147        LUT6 (Prop_F6LUT_SLICEL_I5_O)
                                                      0.081     1.274 r  group_count_q[2]_i_8/O
                         net (fo=14, routed)          0.866     2.140    group_count_q[2]_i_8_n_0
    SLICE_X46Y144        LUT3 (Prop_C5LUT_SLICEL_I0_O)
                                                      0.135     2.275 r  group_count_q[2]_i_39/O
                         net (fo=1, routed)           0.178     2.453    group_count_q[2]_i_39_n_0
    SLICE_X46Y144        LUT6 (Prop_F6LUT_SLICEL_I2_O)
                                                      0.081     2.534 r  group_count_q[2]_i_18/O
                         net (fo=1, routed)           0.254     2.788    group_count_q[2]_i_18_n_0
    SLICE_X47Y145        LUT6 (Prop_D6LUT_SLICEL_I5_O)
                                                      0.081     2.869 f  group_count_q[2]_i_4/O
                         net (fo=2, routed)           0.066     2.935    group_count_q[2]_i_4_n_0
    SLICE_X47Y145        LUT6 (Prop_C6LUT_SLICEL_I4_O)
                                                      0.221     3.156 f  group_count_q[2]_i_9/O
                         net (fo=21, routed)          0.592     3.748    group_count_q[2]_i_9_n_0
    SLICE_X50Y145        LUT6 (Prop_G6LUT_SLICEL_I0_O)
                                                      0.082     3.830 r  emit_kx_q[7]_i_2/O
                         net (fo=8, routed)           0.491     4.321    emit_kx_q[7]_i_2_n_0
    SLICE_X48Y145        FDRE                                         r  emit_kx_q_reg[4]/CE
  -------------------------------------------------------------------    -------------------

                         (clock clk rise edge)        5.000     5.000 r  
                                                      0.000     5.000 r  clk (IN)
                         net (fo=432, unset)          0.029     5.029    clk
    SLICE_X48Y145        FDRE                                         r  emit_kx_q_reg[4]/C
                         clock pessimism              0.000     5.029    
                         clock uncertainty           -0.035     4.994    
    SLICE_X48Y145        FDRE (Setup_CFF_SLICEL_C_CE)
                                                     -0.079     4.915    emit_kx_q_reg[4]
  -------------------------------------------------------------------
                         required time                          4.915    
                         arrival time                          -4.321    
  -------------------------------------------------------------------
                         slack                                  0.594    

Slack (MET) :             0.595ns  (required time - arrival time)
  Source:                 output_w_q_reg[4]/C
                            (rising edge-triggered cell FDRE clocked by clk  {rise@0.000ns fall@2.500ns period=5.000ns})
  Destination:            emit_kx_q_reg[3]/CE
                            (rising edge-triggered cell FDRE clocked by clk  {rise@0.000ns fall@2.500ns period=5.000ns})
  Path Group:             clk
  Path Type:              Setup (Max at Slow Process Corner)
  Requirement:            5.000ns  (clk rise@5.000ns - clk rise@0.000ns)
  Data Path Delay:        4.280ns  (logic 1.116ns (26.074%)  route 3.164ns (73.926%))
  Logic Levels:           8  (LUT3=1 LUT4=1 LUT6=6)
  Clock Path Skew:        -0.012ns (DCD - SCD + CPR)
    Destination Clock Delay (DCD):    0.029ns = ( 5.029 - 5.000 ) 
    Source Clock Delay      (SCD):    0.041ns
    Clock Pessimism Removal (CPR):    0.000ns
  Clock Uncertainty:      0.035ns  ((TSJ^2 + TIJ^2)^1/2 + DJ) / 2 + PE
    Total System Jitter     (TSJ):    0.071ns
    Total Input Jitter      (TIJ):    0.000ns
    Discrete Jitter          (DJ):    0.000ns
    Phase Error              (PE):    0.000ns

    Location             Delay type                Incr(ns)  Path(ns)    Netlist Resource(s)
  -------------------------------------------------------------------    -------------------
                         (clock clk rise edge)        0.000     0.000 r  
                                                      0.000     0.000 r  clk (IN)
                         net (fo=432, unset)          0.041     0.041    clk
    SLICE_X51Y149        FDRE                                         r  output_w_q_reg[4]/C
  -------------------------------------------------------------------    -------------------
    SLICE_X51Y149        FDRE (Prop_DFF_SLICEL_C_Q)
                                                      0.114     0.155 r  output_w_q_reg[4]/Q
                         net (fo=4, routed)           0.389     0.544    output_w_q_reg_n_0_[4]
    SLICE_X50Y147        LUT6 (Prop_B6LUT_SLICEL_I0_O)
                                                      0.188     0.732 r  group_count_q[2]_i_42/O
                         net (fo=4, routed)           0.143     0.875    group_count_q[2]_i_42_n_0
    SLICE_X50Y147        LUT4 (Prop_D5LUT_SLICEL_I0_O)
                                                      0.133     1.008 r  group_count_q[2]_i_25/O
                         net (fo=4, routed)           0.185     1.193    group_count_q[2]_i_25_n_0
    SLICE_X50Y147        LUT6 (Prop_F6LUT_SLICEL_I5_O)
                                                      0.081     1.274 r  group_count_q[2]_i_8/O
                         net (fo=14, routed)          0.866     2.140    group_count_q[2]_i_8_n_0
    SLICE_X46Y144        LUT3 (Prop_C5LUT_SLICEL_I0_O)
                                                      0.135     2.275 r  group_count_q[2]_i_39/O
                         net (fo=1, routed)           0.178     2.453    group_count_q[2]_i_39_n_0
    SLICE_X46Y144        LUT6 (Prop_F6LUT_SLICEL_I2_O)
                                                      0.081     2.534 r  group_count_q[2]_i_18/O
                         net (fo=1, routed)           0.254     2.788    group_count_q[2]_i_18_n_0
    SLICE_X47Y145        LUT6 (Prop_D6LUT_SLICEL_I5_O)
                                                      0.081     2.869 f  group_count_q[2]_i_4/O
                         net (fo=2, routed)           0.066     2.935    group_count_q[2]_i_4_n_0
    SLICE_X47Y145        LUT6 (Prop_C6LUT_SLICEL_I4_O)
                                                      0.221     3.156 f  group_count_q[2]_i_9/O
                         net (fo=21, routed)          0.592     3.748    group_count_q[2]_i_9_n_0
    SLICE_X50Y145        LUT6 (Prop_G6LUT_SLICEL_I0_O)
                                                      0.082     3.830 r  emit_kx_q[7]_i_2/O
                         net (fo=8, routed)           0.491     4.321    emit_kx_q[7]_i_2_n_0
    SLICE_X48Y145        FDRE                                         r  emit_kx_q_reg[3]/CE
  -------------------------------------------------------------------    -------------------

                         (clock clk rise edge)        5.000     5.000 r  
                                                      0.000     5.000 r  clk (IN)
                         net (fo=432, unset)          0.029     5.029    clk
    SLICE_X48Y145        FDRE                                         r  emit_kx_q_reg[3]/C
                         clock pessimism              0.000     5.029    
                         clock uncertainty           -0.035     4.994    
    SLICE_X48Y145        FDRE (Setup_DFF2_SLICEL_C_CE)
                                                     -0.078     4.916    emit_kx_q_reg[3]
  -------------------------------------------------------------------
                         required time                          4.916    
                         arrival time                          -4.321    
  -------------------------------------------------------------------
                         slack                                  0.595    

Slack (MET) :             0.625ns  (required time - arrival time)
  Source:                 output_w_q_reg[4]/C
                            (rising edge-triggered cell FDRE clocked by clk  {rise@0.000ns fall@2.500ns period=5.000ns})
  Destination:            emit_k_q_reg[1]/R
                            (rising edge-triggered cell FDRE clocked by clk  {rise@0.000ns fall@2.500ns period=5.000ns})
  Path Group:             clk
  Path Type:              Setup (Max at Slow Process Corner)
  Requirement:            5.000ns  (clk rise@5.000ns - clk rise@0.000ns)
  Data Path Delay:        4.208ns  (logic 1.226ns (29.132%)  route 2.982ns (70.868%))
  Logic Levels:           8  (LUT3=2 LUT4=1 LUT6=5)
  Clock Path Skew:        -0.012ns (DCD - SCD + CPR)
    Destination Clock Delay (DCD):    0.029ns = ( 5.029 - 5.000 ) 
    Source Clock Delay      (SCD):    0.041ns
    Clock Pessimism Removal (CPR):    0.000ns
  Clock Uncertainty:      0.035ns  ((TSJ^2 + TIJ^2)^1/2 + DJ) / 2 + PE
    Total System Jitter     (TSJ):    0.071ns
    Total Input Jitter      (TIJ):    0.000ns
    Discrete Jitter          (DJ):    0.000ns
    Phase Error              (PE):    0.000ns

    Location             Delay type                Incr(ns)  Path(ns)    Netlist Resource(s)
  -------------------------------------------------------------------    -------------------
                         (clock clk rise edge)        0.000     0.000 r  
                                                      0.000     0.000 r  clk (IN)
                         net (fo=432, unset)          0.041     0.041    clk
    SLICE_X51Y149        FDRE                                         r  output_w_q_reg[4]/C
  -------------------------------------------------------------------    -------------------
    SLICE_X51Y149        FDRE (Prop_DFF_SLICEL_C_Q)
                                                      0.114     0.155 r  output_w_q_reg[4]/Q
                         net (fo=4, routed)           0.389     0.544    output_w_q_reg_n_0_[4]
    SLICE_X50Y147        LUT6 (Prop_B6LUT_SLICEL_I0_O)
                                                      0.188     0.732 r  group_count_q[2]_i_42/O
                         net (fo=4, routed)           0.143     0.875    group_count_q[2]_i_42_n_0
    SLICE_X50Y147        LUT4 (Prop_D5LUT_SLICEL_I0_O)
                                                      0.133     1.008 r  group_count_q[2]_i_25/O
                         net (fo=4, routed)           0.185     1.193    group_count_q[2]_i_25_n_0
    SLICE_X50Y147        LUT6 (Prop_F6LUT_SLICEL_I5_O)
                                                      0.081     1.274 r  group_count_q[2]_i_8/O
                         net (fo=14, routed)          0.866     2.140    group_count_q[2]_i_8_n_0
    SLICE_X46Y144        LUT3 (Prop_C5LUT_SLICEL_I0_O)
                                                      0.135     2.275 r  group_count_q[2]_i_39/O
                         net (fo=1, routed)           0.178     2.453    group_count_q[2]_i_39_n_0
    SLICE_X46Y144        LUT6 (Prop_F6LUT_SLICEL_I2_O)
                                                      0.081     2.534 r  group_count_q[2]_i_18/O
                         net (fo=1, routed)           0.254     2.788    group_count_q[2]_i_18_n_0
    SLICE_X47Y145        LUT6 (Prop_D6LUT_SLICEL_I5_O)
                                                      0.081     2.869 f  group_count_q[2]_i_4/O
                         net (fo=2, routed)           0.066     2.935    group_count_q[2]_i_4_n_0
    SLICE_X47Y145        LUT6 (Prop_C6LUT_SLICEL_I4_O)
                                                      0.221     3.156 f  group_count_q[2]_i_9/O
                         net (fo=21, routed)          0.490     3.646    group_count_q[2]_i_9_n_0
    SLICE_X51Y145        LUT3 (Prop_A5LUT_SLICEL_I1_O)
                                                      0.192     3.838 r  emit_k_q[9]_i_1/O
                         net (fo=10, routed)          0.412     4.249    emit_k_q[9]_i_1_n_0
    SLICE_X51Y140        FDRE                                         r  emit_k_q_reg[1]/R
  -------------------------------------------------------------------    -------------------

                         (clock clk rise edge)        5.000     5.000 r  
                                                      0.000     5.000 r  clk (IN)
                         net (fo=432, unset)          0.029     5.029    clk
    SLICE_X51Y140        FDRE                                         r  emit_k_q_reg[1]/C
                         clock pessimism              0.000     5.029    
                         clock uncertainty           -0.035     4.994    
    SLICE_X51Y140        FDRE (Setup_EFF_SLICEL_C_R)
                                                     -0.119     4.875    emit_k_q_reg[1]
  -------------------------------------------------------------------
                         required time                          4.875    
                         arrival time                          -4.249    
  -------------------------------------------------------------------
                         slack                                  0.625    

Slack (MET) :             0.626ns  (required time - arrival time)
  Source:                 output_w_q_reg[4]/C
                            (rising edge-triggered cell FDRE clocked by clk  {rise@0.000ns fall@2.500ns period=5.000ns})
  Destination:            emit_k_q_reg[0]/R
                            (rising edge-triggered cell FDRE clocked by clk  {rise@0.000ns fall@2.500ns period=5.000ns})
  Path Group:             clk
  Path Type:              Setup (Max at Slow Process Corner)
  Requirement:            5.000ns  (clk rise@5.000ns - clk rise@0.000ns)
  Data Path Delay:        4.208ns  (logic 1.226ns (29.132%)  route 2.982ns (70.868%))
  Logic Levels:           8  (LUT3=2 LUT4=1 LUT6=5)
  Clock Path Skew:        -0.012ns (DCD - SCD + CPR)
    Destination Clock Delay (DCD):    0.029ns = ( 5.029 - 5.000 ) 
    Source Clock Delay      (SCD):    0.041ns
    Clock Pessimism Removal (CPR):    0.000ns
  Clock Uncertainty:      0.035ns  ((TSJ^2 + TIJ^2)^1/2 + DJ) / 2 + PE
    Total System Jitter     (TSJ):    0.071ns
    Total Input Jitter      (TIJ):    0.000ns
    Discrete Jitter          (DJ):    0.000ns
    Phase Error              (PE):    0.000ns

    Location             Delay type                Incr(ns)  Path(ns)    Netlist Resource(s)
  -------------------------------------------------------------------    -------------------
                         (clock clk rise edge)        0.000     0.000 r  
                                                      0.000     0.000 r  clk (IN)
                         net (fo=432, unset)          0.041     0.041    clk
    SLICE_X51Y149        FDRE                                         r  output_w_q_reg[4]/C
  -------------------------------------------------------------------    -------------------
    SLICE_X51Y149        FDRE (Prop_DFF_SLICEL_C_Q)
                                                      0.114     0.155 r  output_w_q_reg[4]/Q
                         net (fo=4, routed)           0.389     0.544    output_w_q_reg_n_0_[4]
    SLICE_X50Y147        LUT6 (Prop_B6LUT_SLICEL_I0_O)
                                                      0.188     0.732 r  group_count_q[2]_i_42/O
                         net (fo=4, routed)           0.143     0.875    group_count_q[2]_i_42_n_0
    SLICE_X50Y147        LUT4 (Prop_D5LUT_SLICEL_I0_O)
                                                      0.133     1.008 r  group_count_q[2]_i_25/O
                         net (fo=4, routed)           0.185     1.193    group_count_q[2]_i_25_n_0
    SLICE_X50Y147        LUT6 (Prop_F6LUT_SLICEL_I5_O)
                                                      0.081     1.274 r  group_count_q[2]_i_8/O
                         net (fo=14, routed)          0.866     2.140    group_count_q[2]_i_8_n_0
    SLICE_X46Y144        LUT3 (Prop_C5LUT_SLICEL_I0_O)
                                                      0.135     2.275 r  group_count_q[2]_i_39/O
                         net (fo=1, routed)           0.178     2.453    group_count_q[2]_i_39_n_0
    SLICE_X46Y144        LUT6 (Prop_F6LUT_SLICEL_I2_O)
                                                      0.081     2.534 r  group_count_q[2]_i_18/O
                         net (fo=1, routed)           0.254     2.788    group_count_q[2]_i_18_n_0
    SLICE_X47Y145        LUT6 (Prop_D6LUT_SLICEL_I5_O)
                                                      0.081     2.869 f  group_count_q[2]_i_4/O
                         net (fo=2, routed)           0.066     2.935    group_count_q[2]_i_4_n_0
    SLICE_X47Y145        LUT6 (Prop_C6LUT_SLICEL_I4_O)
                                                      0.221     3.156 f  group_count_q[2]_i_9/O
                         net (fo=21, routed)          0.490     3.646    group_count_q[2]_i_9_n_0
    SLICE_X51Y145        LUT3 (Prop_A5LUT_SLICEL_I1_O)
                                                      0.192     3.838 r  emit_k_q[9]_i_1/O
                         net (fo=10, routed)          0.412     4.249    emit_k_q[9]_i_1_n_0
    SLICE_X51Y140        FDRE                                         r  emit_k_q_reg[0]/R
  -------------------------------------------------------------------    -------------------

                         (clock clk rise edge)        5.000     5.000 r  
                                                      0.000     5.000 r  clk (IN)
                         net (fo=432, unset)          0.029     5.029    clk
    SLICE_X51Y140        FDRE                                         r  emit_k_q_reg[0]/C
                         clock pessimism              0.000     5.029    
                         clock uncertainty           -0.035     4.994    
    SLICE_X51Y140        FDRE (Setup_DFF_SLICEL_C_R)
                                                     -0.118     4.876    emit_k_q_reg[0]
  -------------------------------------------------------------------
                         required time                          4.876    
                         arrival time                          -4.249    
  -------------------------------------------------------------------
                         slack                                  0.626    

Slack (MET) :             0.626ns  (required time - arrival time)
  Source:                 output_w_q_reg[4]/C
                            (rising edge-triggered cell FDRE clocked by clk  {rise@0.000ns fall@2.500ns period=5.000ns})
  Destination:            emit_k_q_reg[2]/R
                            (rising edge-triggered cell FDRE clocked by clk  {rise@0.000ns fall@2.500ns period=5.000ns})
  Path Group:             clk
  Path Type:              Setup (Max at Slow Process Corner)
  Requirement:            5.000ns  (clk rise@5.000ns - clk rise@0.000ns)
  Data Path Delay:        4.208ns  (logic 1.226ns (29.132%)  route 2.982ns (70.868%))
  Logic Levels:           8  (LUT3=2 LUT4=1 LUT6=5)
  Clock Path Skew:        -0.012ns (DCD - SCD + CPR)
    Destination Clock Delay (DCD):    0.029ns = ( 5.029 - 5.000 ) 
    Source Clock Delay      (SCD):    0.041ns
    Clock Pessimism Removal (CPR):    0.000ns
  Clock Uncertainty:      0.035ns  ((TSJ^2 + TIJ^2)^1/2 + DJ) / 2 + PE
    Total System Jitter     (TSJ):    0.071ns
    Total Input Jitter      (TIJ):    0.000ns
    Discrete Jitter          (DJ):    0.000ns
    Phase Error              (PE):    0.000ns

    Location             Delay type                Incr(ns)  Path(ns)    Netlist Resource(s)
  -------------------------------------------------------------------    -------------------
                         (clock clk rise edge)        0.000     0.000 r  
                                                      0.000     0.000 r  clk (IN)
                         net (fo=432, unset)          0.041     0.041    clk
    SLICE_X51Y149        FDRE                                         r  output_w_q_reg[4]/C
  -------------------------------------------------------------------    -------------------
    SLICE_X51Y149        FDRE (Prop_DFF_SLICEL_C_Q)
                                                      0.114     0.155 r  output_w_q_reg[4]/Q
                         net (fo=4, routed)           0.389     0.544    output_w_q_reg_n_0_[4]
    SLICE_X50Y147        LUT6 (Prop_B6LUT_SLICEL_I0_O)
                                                      0.188     0.732 r  group_count_q[2]_i_42/O
                         net (fo=4, routed)           0.143     0.875    group_count_q[2]_i_42_n_0
    SLICE_X50Y147        LUT4 (Prop_D5LUT_SLICEL_I0_O)
                                                      0.133     1.008 r  group_count_q[2]_i_25/O
                         net (fo=4, routed)           0.185     1.193    group_count_q[2]_i_25_n_0
    SLICE_X50Y147        LUT6 (Prop_F6LUT_SLICEL_I5_O)
                                                      0.081     1.274 r  group_count_q[2]_i_8/O
                         net (fo=14, routed)          0.866     2.140    group_count_q[2]_i_8_n_0
    SLICE_X46Y144        LUT3 (Prop_C5LUT_SLICEL_I0_O)
                                                      0.135     2.275 r  group_count_q[2]_i_39/O
                         net (fo=1, routed)           0.178     2.453    group_count_q[2]_i_39_n_0
    SLICE_X46Y144        LUT6 (Prop_F6LUT_SLICEL_I2_O)
                                                      0.081     2.534 r  group_count_q[2]_i_18/O
                         net (fo=1, routed)           0.254     2.788    group_count_q[2]_i_18_n_0
    SLICE_X47Y145        LUT6 (Prop_D6LUT_SLICEL_I5_O)
                                                      0.081     2.869 f  group_count_q[2]_i_4/O
                         net (fo=2, routed)           0.066     2.935    group_count_q[2]_i_4_n_0
    SLICE_X47Y145        LUT6 (Prop_C6LUT_SLICEL_I4_O)
                                                      0.221     3.156 f  group_count_q[2]_i_9/O
                         net (fo=21, routed)          0.490     3.646    group_count_q[2]_i_9_n_0
    SLICE_X51Y145        LUT3 (Prop_A5LUT_SLICEL_I1_O)
                                                      0.192     3.838 r  emit_k_q[9]_i_1/O
                         net (fo=10, routed)          0.412     4.249    emit_k_q[9]_i_1_n_0
    SLICE_X51Y140        FDRE                                         r  emit_k_q_reg[2]/R
  -------------------------------------------------------------------    -------------------

                         (clock clk rise edge)        5.000     5.000 r  
                                                      0.000     5.000 r  clk (IN)
                         net (fo=432, unset)          0.029     5.029    clk
    SLICE_X51Y140        FDRE                                         r  emit_k_q_reg[2]/C
                         clock pessimism              0.000     5.029    
                         clock uncertainty           -0.035     4.994    
    SLICE_X51Y140        FDRE (Setup_CFF_SLICEL_C_R)
                                                     -0.118     4.876    emit_k_q_reg[2]
  -------------------------------------------------------------------
                         required time                          4.876    
                         arrival time                          -4.249    
  -------------------------------------------------------------------
                         slack                                  0.626    

Slack (MET) :             0.626ns  (required time - arrival time)
  Source:                 output_w_q_reg[4]/C
                            (rising edge-triggered cell FDRE clocked by clk  {rise@0.000ns fall@2.500ns period=5.000ns})
  Destination:            emit_k_q_reg[3]/R
                            (rising edge-triggered cell FDRE clocked by clk  {rise@0.000ns fall@2.500ns period=5.000ns})
  Path Group:             clk
  Path Type:              Setup (Max at Slow Process Corner)
  Requirement:            5.000ns  (clk rise@5.000ns - clk rise@0.000ns)
  Data Path Delay:        4.208ns  (logic 1.226ns (29.132%)  route 2.982ns (70.868%))
  Logic Levels:           8  (LUT3=2 LUT4=1 LUT6=5)
  Clock Path Skew:        -0.012ns (DCD - SCD + CPR)
    Destination Clock Delay (DCD):    0.029ns = ( 5.029 - 5.000 ) 
    Source Clock Delay      (SCD):    0.041ns
    Clock Pessimism Removal (CPR):    0.000ns
  Clock Uncertainty:      0.035ns  ((TSJ^2 + TIJ^2)^1/2 + DJ) / 2 + PE
    Total System Jitter     (TSJ):    0.071ns
    Total Input Jitter      (TIJ):    0.000ns
    Discrete Jitter          (DJ):    0.000ns
    Phase Error              (PE):    0.000ns

    Location             Delay type                Incr(ns)  Path(ns)    Netlist Resource(s)
  -------------------------------------------------------------------    -------------------
                         (clock clk rise edge)        0.000     0.000 r  
                                                      0.000     0.000 r  clk (IN)
                         net (fo=432, unset)          0.041     0.041    clk
    SLICE_X51Y149        FDRE                                         r  output_w_q_reg[4]/C
  -------------------------------------------------------------------    -------------------
    SLICE_X51Y149        FDRE (Prop_DFF_SLICEL_C_Q)
                                                      0.114     0.155 r  output_w_q_reg[4]/Q
                         net (fo=4, routed)           0.389     0.544    output_w_q_reg_n_0_[4]
    SLICE_X50Y147        LUT6 (Prop_B6LUT_SLICEL_I0_O)
                                                      0.188     0.732 r  group_count_q[2]_i_42/O
                         net (fo=4, routed)           0.143     0.875    group_count_q[2]_i_42_n_0
    SLICE_X50Y147        LUT4 (Prop_D5LUT_SLICEL_I0_O)
                                                      0.133     1.008 r  group_count_q[2]_i_25/O
                         net (fo=4, routed)           0.185     1.193    group_count_q[2]_i_25_n_0
    SLICE_X50Y147        LUT6 (Prop_F6LUT_SLICEL_I5_O)
                                                      0.081     1.274 r  group_count_q[2]_i_8/O
                         net (fo=14, routed)          0.866     2.140    group_count_q[2]_i_8_n_0
    SLICE_X46Y144        LUT3 (Prop_C5LUT_SLICEL_I0_O)
                                                      0.135     2.275 r  group_count_q[2]_i_39/O
                         net (fo=1, routed)           0.178     2.453    group_count_q[2]_i_39_n_0
    SLICE_X46Y144        LUT6 (Prop_F6LUT_SLICEL_I2_O)
                                                      0.081     2.534 r  group_count_q[2]_i_18/O
                         net (fo=1, routed)           0.254     2.788    group_count_q[2]_i_18_n_0
    SLICE_X47Y145        LUT6 (Prop_D6LUT_SLICEL_I5_O)
                                                      0.081     2.869 f  group_count_q[2]_i_4/O
                         net (fo=2, routed)           0.066     2.935    group_count_q[2]_i_4_n_0
    SLICE_X47Y145        LUT6 (Prop_C6LUT_SLICEL_I4_O)
                                                      0.221     3.156 f  group_count_q[2]_i_9/O
                         net (fo=21, routed)          0.490     3.646    group_count_q[2]_i_9_n_0
    SLICE_X51Y145        LUT3 (Prop_A5LUT_SLICEL_I1_O)
                                                      0.192     3.838 r  emit_k_q[9]_i_1/O
                         net (fo=10, routed)          0.412     4.249    emit_k_q[9]_i_1_n_0
    SLICE_X51Y140        FDRE                                         r  emit_k_q_reg[3]/R
  -------------------------------------------------------------------    -------------------

                         (clock clk rise edge)        5.000     5.000 r  
                                                      0.000     5.000 r  clk (IN)
                         net (fo=432, unset)          0.029     5.029    clk
    SLICE_X51Y140        FDRE                                         r  emit_k_q_reg[3]/C
                         clock pessimism              0.000     5.029    
                         clock uncertainty           -0.035     4.994    
    SLICE_X51Y140        FDRE (Setup_CFF2_SLICEL_C_R)
                                                     -0.118     4.876    emit_k_q_reg[3]
  -------------------------------------------------------------------
                         required time                          4.876    
                         arrival time                          -4.249    
  -------------------------------------------------------------------
                         slack                                  0.626    

Slack (MET) :             0.626ns  (required time - arrival time)
  Source:                 output_w_q_reg[4]/C
                            (rising edge-triggered cell FDRE clocked by clk  {rise@0.000ns fall@2.500ns period=5.000ns})
  Destination:            emit_k_q_reg[6]/R
                            (rising edge-triggered cell FDRE clocked by clk  {rise@0.000ns fall@2.500ns period=5.000ns})
  Path Group:             clk
  Path Type:              Setup (Max at Slow Process Corner)
  Requirement:            5.000ns  (clk rise@5.000ns - clk rise@0.000ns)
  Data Path Delay:        4.208ns  (logic 1.226ns (29.132%)  route 2.982ns (70.868%))
  Logic Levels:           8  (LUT3=2 LUT4=1 LUT6=5)
  Clock Path Skew:        -0.012ns (DCD - SCD + CPR)
    Destination Clock Delay (DCD):    0.029ns = ( 5.029 - 5.000 ) 
    Source Clock Delay      (SCD):    0.041ns
    Clock Pessimism Removal (CPR):    0.000ns
  Clock Uncertainty:      0.035ns  ((TSJ^2 + TIJ^2)^1/2 + DJ) / 2 + PE
    Total System Jitter     (TSJ):    0.071ns
    Total Input Jitter      (TIJ):    0.000ns
    Discrete Jitter          (DJ):    0.000ns
    Phase Error              (PE):    0.000ns

    Location             Delay type                Incr(ns)  Path(ns)    Netlist Resource(s)
  -------------------------------------------------------------------    -------------------
                         (clock clk rise edge)        0.000     0.000 r  
                                                      0.000     0.000 r  clk (IN)
                         net (fo=432, unset)          0.041     0.041    clk
    SLICE_X51Y149        FDRE                                         r  output_w_q_reg[4]/C
  -------------------------------------------------------------------    -------------------
    SLICE_X51Y149        FDRE (Prop_DFF_SLICEL_C_Q)
                                                      0.114     0.155 r  output_w_q_reg[4]/Q
                         net (fo=4, routed)           0.389     0.544    output_w_q_reg_n_0_[4]
    SLICE_X50Y147        LUT6 (Prop_B6LUT_SLICEL_I0_O)
                                                      0.188     0.732 r  group_count_q[2]_i_42/O
                         net (fo=4, routed)           0.143     0.875    group_count_q[2]_i_42_n_0
    SLICE_X50Y147        LUT4 (Prop_D5LUT_SLICEL_I0_O)
                                                      0.133     1.008 r  group_count_q[2]_i_25/O
                         net (fo=4, routed)           0.185     1.193    group_count_q[2]_i_25_n_0
    SLICE_X50Y147        LUT6 (Prop_F6LUT_SLICEL_I5_O)
                                                      0.081     1.274 r  group_count_q[2]_i_8/O
                         net (fo=14, routed)          0.866     2.140    group_count_q[2]_i_8_n_0
    SLICE_X46Y144        LUT3 (Prop_C5LUT_SLICEL_I0_O)
                                                      0.135     2.275 r  group_count_q[2]_i_39/O
                         net (fo=1, routed)           0.178     2.453    group_count_q[2]_i_39_n_0
    SLICE_X46Y144        LUT6 (Prop_F6LUT_SLICEL_I2_O)
                                                      0.081     2.534 r  group_count_q[2]_i_18/O
                         net (fo=1, routed)           0.254     2.788    group_count_q[2]_i_18_n_0
    SLICE_X47Y145        LUT6 (Prop_D6LUT_SLICEL_I5_O)
                                                      0.081     2.869 f  group_count_q[2]_i_4/O
                         net (fo=2, routed)           0.066     2.935    group_count_q[2]_i_4_n_0
    SLICE_X47Y145        LUT6 (Prop_C6LUT_SLICEL_I4_O)
                                                      0.221     3.156 f  group_count_q[2]_i_9/O
                         net (fo=21, routed)          0.490     3.646    group_count_q[2]_i_9_n_0
    SLICE_X51Y145        LUT3 (Prop_A5LUT_SLICEL_I1_O)
                                                      0.192     3.838 r  emit_k_q[9]_i_1/O
                         net (fo=10, routed)          0.412     4.249    emit_k_q[9]_i_1_n_0
    SLICE_X51Y140        FDRE                                         r  emit_k_q_reg[6]/R
  -------------------------------------------------------------------    -------------------

                         (clock clk rise edge)        5.000     5.000 r  
                                                      0.000     5.000 r  clk (IN)
                         net (fo=432, unset)          0.029     5.029    clk
    SLICE_X51Y140        FDRE                                         r  emit_k_q_reg[6]/C
                         clock pessimism              0.000     5.029    
                         clock uncertainty           -0.035     4.994    
    SLICE_X51Y140        FDRE (Setup_DFF2_SLICEL_C_R)
                                                     -0.118     4.876    emit_k_q_reg[6]
  -------------------------------------------------------------------
                         required time                          4.876    
                         arrival time                          -4.249    
  -------------------------------------------------------------------
                         slack                                  0.626    

Slack (MET) :             0.626ns  (required time - arrival time)
  Source:                 output_w_q_reg[4]/C
                            (rising edge-triggered cell FDRE clocked by clk  {rise@0.000ns fall@2.500ns period=5.000ns})
  Destination:            emit_k_q_reg[7]/R
                            (rising edge-triggered cell FDRE clocked by clk  {rise@0.000ns fall@2.500ns period=5.000ns})
  Path Group:             clk
  Path Type:              Setup (Max at Slow Process Corner)
  Requirement:            5.000ns  (clk rise@5.000ns - clk rise@0.000ns)
  Data Path Delay:        4.208ns  (logic 1.226ns (29.132%)  route 2.982ns (70.868%))
  Logic Levels:           8  (LUT3=2 LUT4=1 LUT6=5)
  Clock Path Skew:        -0.012ns (DCD - SCD + CPR)
    Destination Clock Delay (DCD):    0.029ns = ( 5.029 - 5.000 ) 
    Source Clock Delay      (SCD):    0.041ns
    Clock Pessimism Removal (CPR):    0.000ns
  Clock Uncertainty:      0.035ns  ((TSJ^2 + TIJ^2)^1/2 + DJ) / 2 + PE
    Total System Jitter     (TSJ):    0.071ns
    Total Input Jitter      (TIJ):    0.000ns
    Discrete Jitter          (DJ):    0.000ns
    Phase Error              (PE):    0.000ns

    Location             Delay type                Incr(ns)  Path(ns)    Netlist Resource(s)
  -------------------------------------------------------------------    -------------------
                         (clock clk rise edge)        0.000     0.000 r  
                                                      0.000     0.000 r  clk (IN)
                         net (fo=432, unset)          0.041     0.041    clk
    SLICE_X51Y149        FDRE                                         r  output_w_q_reg[4]/C
  -------------------------------------------------------------------    -------------------
    SLICE_X51Y149        FDRE (Prop_DFF_SLICEL_C_Q)
                                                      0.114     0.155 r  output_w_q_reg[4]/Q
                         net (fo=4, routed)           0.389     0.544    output_w_q_reg_n_0_[4]
    SLICE_X50Y147        LUT6 (Prop_B6LUT_SLICEL_I0_O)
                                                      0.188     0.732 r  group_count_q[2]_i_42/O
                         net (fo=4, routed)           0.143     0.875    group_count_q[2]_i_42_n_0
    SLICE_X50Y147        LUT4 (Prop_D5LUT_SLICEL_I0_O)
                                                      0.133     1.008 r  group_count_q[2]_i_25/O
                         net (fo=4, routed)           0.185     1.193    group_count_q[2]_i_25_n_0
    SLICE_X50Y147        LUT6 (Prop_F6LUT_SLICEL_I5_O)
                                                      0.081     1.274 r  group_count_q[2]_i_8/O
                         net (fo=14, routed)          0.866     2.140    group_count_q[2]_i_8_n_0
    SLICE_X46Y144        LUT3 (Prop_C5LUT_SLICEL_I0_O)
                                                      0.135     2.275 r  group_count_q[2]_i_39/O
                         net (fo=1, routed)           0.178     2.453    group_count_q[2]_i_39_n_0
    SLICE_X46Y144        LUT6 (Prop_F6LUT_SLICEL_I2_O)
                                                      0.081     2.534 r  group_count_q[2]_i_18/O
                         net (fo=1, routed)           0.254     2.788    group_count_q[2]_i_18_n_0
    SLICE_X47Y145        LUT6 (Prop_D6LUT_SLICEL_I5_O)
                                                      0.081     2.869 f  group_count_q[2]_i_4/O
                         net (fo=2, routed)           0.066     2.935    group_count_q[2]_i_4_n_0
    SLICE_X47Y145        LUT6 (Prop_C6LUT_SLICEL_I4_O)
                                                      0.221     3.156 f  group_count_q[2]_i_9/O
                         net (fo=21, routed)          0.490     3.646    group_count_q[2]_i_9_n_0
    SLICE_X51Y145        LUT3 (Prop_A5LUT_SLICEL_I1_O)
                                                      0.192     3.838 r  emit_k_q[9]_i_1/O
                         net (fo=10, routed)          0.412     4.249    emit_k_q[9]_i_1_n_0
    SLICE_X51Y140        FDRE                                         r  emit_k_q_reg[7]/R
  -------------------------------------------------------------------    -------------------

                         (clock clk rise edge)        5.000     5.000 r  
                                                      0.000     5.000 r  clk (IN)
                         net (fo=432, unset)          0.029     5.029    clk
    SLICE_X51Y140        FDRE                                         r  emit_k_q_reg[7]/C
                         clock pessimism              0.000     5.029    
                         clock uncertainty           -0.035     4.994    
    SLICE_X51Y140        FDRE (Setup_BFF_SLICEL_C_R)
                                                     -0.118     4.876    emit_k_q_reg[7]
  -------------------------------------------------------------------
                         required time                          4.876    
                         arrival time                          -4.249    
  -------------------------------------------------------------------
                         slack                                  0.626    

Slack (MET) :             0.626ns  (required time - arrival time)
  Source:                 output_w_q_reg[4]/C
                            (rising edge-triggered cell FDRE clocked by clk  {rise@0.000ns fall@2.500ns period=5.000ns})
  Destination:            emit_k_q_reg[8]/R
                            (rising edge-triggered cell FDRE clocked by clk  {rise@0.000ns fall@2.500ns period=5.000ns})
  Path Group:             clk
  Path Type:              Setup (Max at Slow Process Corner)
  Requirement:            5.000ns  (clk rise@5.000ns - clk rise@0.000ns)
  Data Path Delay:        4.208ns  (logic 1.226ns (29.132%)  route 2.982ns (70.868%))
  Logic Levels:           8  (LUT3=2 LUT4=1 LUT6=5)
  Clock Path Skew:        -0.012ns (DCD - SCD + CPR)
    Destination Clock Delay (DCD):    0.029ns = ( 5.029 - 5.000 ) 
    Source Clock Delay      (SCD):    0.041ns
    Clock Pessimism Removal (CPR):    0.000ns
  Clock Uncertainty:      0.035ns  ((TSJ^2 + TIJ^2)^1/2 + DJ) / 2 + PE
    Total System Jitter     (TSJ):    0.071ns
    Total Input Jitter      (TIJ):    0.000ns
    Discrete Jitter          (DJ):    0.000ns
    Phase Error              (PE):    0.000ns

    Location             Delay type                Incr(ns)  Path(ns)    Netlist Resource(s)
  -------------------------------------------------------------------    -------------------
                         (clock clk rise edge)        0.000     0.000 r  
                                                      0.000     0.000 r  clk (IN)
                         net (fo=432, unset)          0.041     0.041    clk
    SLICE_X51Y149        FDRE                                         r  output_w_q_reg[4]/C
  -------------------------------------------------------------------    -------------------
    SLICE_X51Y149        FDRE (Prop_DFF_SLICEL_C_Q)
                                                      0.114     0.155 r  output_w_q_reg[4]/Q
                         net (fo=4, routed)           0.389     0.544    output_w_q_reg_n_0_[4]
    SLICE_X50Y147        LUT6 (Prop_B6LUT_SLICEL_I0_O)
                                                      0.188     0.732 r  group_count_q[2]_i_42/O
                         net (fo=4, routed)           0.143     0.875    group_count_q[2]_i_42_n_0
    SLICE_X50Y147        LUT4 (Prop_D5LUT_SLICEL_I0_O)
                                                      0.133     1.008 r  group_count_q[2]_i_25/O
                         net (fo=4, routed)           0.185     1.193    group_count_q[2]_i_25_n_0
    SLICE_X50Y147        LUT6 (Prop_F6LUT_SLICEL_I5_O)
                                                      0.081     1.274 r  group_count_q[2]_i_8/O
                         net (fo=14, routed)          0.866     2.140    group_count_q[2]_i_8_n_0
    SLICE_X46Y144        LUT3 (Prop_C5LUT_SLICEL_I0_O)
                                                      0.135     2.275 r  group_count_q[2]_i_39/O
                         net (fo=1, routed)           0.178     2.453    group_count_q[2]_i_39_n_0
    SLICE_X46Y144        LUT6 (Prop_F6LUT_SLICEL_I2_O)
                                                      0.081     2.534 r  group_count_q[2]_i_18/O
                         net (fo=1, routed)           0.254     2.788    group_count_q[2]_i_18_n_0
    SLICE_X47Y145        LUT6 (Prop_D6LUT_SLICEL_I5_O)
                                                      0.081     2.869 f  group_count_q[2]_i_4/O
                         net (fo=2, routed)           0.066     2.935    group_count_q[2]_i_4_n_0
    SLICE_X47Y145        LUT6 (Prop_C6LUT_SLICEL_I4_O)
                                                      0.221     3.156 f  group_count_q[2]_i_9/O
                         net (fo=21, routed)          0.490     3.646    group_count_q[2]_i_9_n_0
    SLICE_X51Y145        LUT3 (Prop_A5LUT_SLICEL_I1_O)
                                                      0.192     3.838 r  emit_k_q[9]_i_1/O
                         net (fo=10, routed)          0.412     4.249    emit_k_q[9]_i_1_n_0
    SLICE_X51Y140        FDRE                                         r  emit_k_q_reg[8]/R
  -------------------------------------------------------------------    -------------------

                         (clock clk rise edge)        5.000     5.000 r  
                                                      0.000     5.000 r  clk (IN)
                         net (fo=432, unset)          0.029     5.029    clk
    SLICE_X51Y140        FDRE                                         r  emit_k_q_reg[8]/C
                         clock pessimism              0.000     5.029    
                         clock uncertainty           -0.035     4.994    
    SLICE_X51Y140        FDRE (Setup_BFF2_SLICEL_C_R)
                                                     -0.118     4.876    emit_k_q_reg[8]
  -------------------------------------------------------------------
                         required time                          4.876    
                         arrival time                          -4.249    
  -------------------------------------------------------------------
                         slack                                  0.626    

Slack (MET) :             0.700ns  (required time - arrival time)
  Source:                 output_w_q_reg[4]/C
                            (rising edge-triggered cell FDRE clocked by clk  {rise@0.000ns fall@2.500ns period=5.000ns})
  Destination:            emit_k_q_reg[9]/R
                            (rising edge-triggered cell FDRE clocked by clk  {rise@0.000ns fall@2.500ns period=5.000ns})
  Path Group:             clk
  Path Type:              Setup (Max at Slow Process Corner)
  Requirement:            5.000ns  (clk rise@5.000ns - clk rise@0.000ns)
  Data Path Delay:        4.133ns  (logic 1.226ns (29.662%)  route 2.907ns (70.338%))
  Logic Levels:           8  (LUT3=2 LUT4=1 LUT6=5)
  Clock Path Skew:        -0.012ns (DCD - SCD + CPR)
    Destination Clock Delay (DCD):    0.029ns = ( 5.029 - 5.000 ) 
    Source Clock Delay      (SCD):    0.041ns
    Clock Pessimism Removal (CPR):    0.000ns
  Clock Uncertainty:      0.035ns  ((TSJ^2 + TIJ^2)^1/2 + DJ) / 2 + PE
    Total System Jitter     (TSJ):    0.071ns
    Total Input Jitter      (TIJ):    0.000ns
    Discrete Jitter          (DJ):    0.000ns
    Phase Error              (PE):    0.000ns

    Location             Delay type                Incr(ns)  Path(ns)    Netlist Resource(s)
  -------------------------------------------------------------------    -------------------
                         (clock clk rise edge)        0.000     0.000 r  
                                                      0.000     0.000 r  clk (IN)
                         net (fo=432, unset)          0.041     0.041    clk
    SLICE_X51Y149        FDRE                                         r  output_w_q_reg[4]/C
  -------------------------------------------------------------------    -------------------
    SLICE_X51Y149        FDRE (Prop_DFF_SLICEL_C_Q)
                                                      0.114     0.155 r  output_w_q_reg[4]/Q
                         net (fo=4, routed)           0.389     0.544    output_w_q_reg_n_0_[4]
    SLICE_X50Y147        LUT6 (Prop_B6LUT_SLICEL_I0_O)
                                                      0.188     0.732 r  group_count_q[2]_i_42/O
                         net (fo=4, routed)           0.143     0.875    group_count_q[2]_i_42_n_0
    SLICE_X50Y147        LUT4 (Prop_D5LUT_SLICEL_I0_O)
                                                      0.133     1.008 r  group_count_q[2]_i_25/O
                         net (fo=4, routed)           0.185     1.193    group_count_q[2]_i_25_n_0
    SLICE_X50Y147        LUT6 (Prop_F6LUT_SLICEL_I5_O)
                                                      0.081     1.274 r  group_count_q[2]_i_8/O
                         net (fo=14, routed)          0.866     2.140    group_count_q[2]_i_8_n_0
    SLICE_X46Y144        LUT3 (Prop_C5LUT_SLICEL_I0_O)
                                                      0.135     2.275 r  group_count_q[2]_i_39/O
                         net (fo=1, routed)           0.178     2.453    group_count_q[2]_i_39_n_0
    SLICE_X46Y144        LUT6 (Prop_F6LUT_SLICEL_I2_O)
                                                      0.081     2.534 r  group_count_q[2]_i_18/O
                         net (fo=1, routed)           0.254     2.788    group_count_q[2]_i_18_n_0
    SLICE_X47Y145        LUT6 (Prop_D6LUT_SLICEL_I5_O)
                                                      0.081     2.869 f  group_count_q[2]_i_4/O
                         net (fo=2, routed)           0.066     2.935    group_count_q[2]_i_4_n_0
    SLICE_X47Y145        LUT6 (Prop_C6LUT_SLICEL_I4_O)
                                                      0.221     3.156 f  group_count_q[2]_i_9/O
                         net (fo=21, routed)          0.490     3.646    group_count_q[2]_i_9_n_0
    SLICE_X51Y145        LUT3 (Prop_A5LUT_SLICEL_I1_O)
                                                      0.192     3.838 r  emit_k_q[9]_i_1/O
                         net (fo=10, routed)          0.336     4.174    emit_k_q[9]_i_1_n_0
    SLICE_X50Y143        FDRE                                         r  emit_k_q_reg[9]/R
  -------------------------------------------------------------------    -------------------

                         (clock clk rise edge)        5.000     5.000 r  
                                                      0.000     5.000 r  clk (IN)
                         net (fo=432, unset)          0.029     5.029    clk
    SLICE_X50Y143        FDRE                                         r  emit_k_q_reg[9]/C
                         clock pessimism              0.000     5.029    
                         clock uncertainty           -0.035     4.994    
    SLICE_X50Y143        FDRE (Setup_EFF_SLICEL_C_R)
                                                     -0.119     4.875    emit_k_q_reg[9]
  -------------------------------------------------------------------
                         required time                          4.875    
                         arrival time                          -4.174    
  -------------------------------------------------------------------
                         slack                                  0.700    

Slack (MET) :             0.701ns  (required time - arrival time)
  Source:                 output_w_q_reg[4]/C
                            (rising edge-triggered cell FDRE clocked by clk  {rise@0.000ns fall@2.500ns period=5.000ns})
  Destination:            emit_k_q_reg[5]/R
                            (rising edge-triggered cell FDRE clocked by clk  {rise@0.000ns fall@2.500ns period=5.000ns})
  Path Group:             clk
  Path Type:              Setup (Max at Slow Process Corner)
  Requirement:            5.000ns  (clk rise@5.000ns - clk rise@0.000ns)
  Data Path Delay:        4.133ns  (logic 1.226ns (29.662%)  route 2.907ns (70.338%))
  Logic Levels:           8  (LUT3=2 LUT4=1 LUT6=5)
  Clock Path Skew:        -0.012ns (DCD - SCD + CPR)
    Destination Clock Delay (DCD):    0.029ns = ( 5.029 - 5.000 ) 
    Source Clock Delay      (SCD):    0.041ns
    Clock Pessimism Removal (CPR):    0.000ns
  Clock Uncertainty:      0.035ns  ((TSJ^2 + TIJ^2)^1/2 + DJ) / 2 + PE
    Total System Jitter     (TSJ):    0.071ns
    Total Input Jitter      (TIJ):    0.000ns
    Discrete Jitter          (DJ):    0.000ns
    Phase Error              (PE):    0.000ns

    Location             Delay type                Incr(ns)  Path(ns)    Netlist Resource(s)
  -------------------------------------------------------------------    -------------------
                         (clock clk rise edge)        0.000     0.000 r  
                                                      0.000     0.000 r  clk (IN)
                         net (fo=432, unset)          0.041     0.041    clk
    SLICE_X51Y149        FDRE                                         r  output_w_q_reg[4]/C
  -------------------------------------------------------------------    -------------------
    SLICE_X51Y149        FDRE (Prop_DFF_SLICEL_C_Q)
                                                      0.114     0.155 r  output_w_q_reg[4]/Q
                         net (fo=4, routed)           0.389     0.544    output_w_q_reg_n_0_[4]
    SLICE_X50Y147        LUT6 (Prop_B6LUT_SLICEL_I0_O)
                                                      0.188     0.732 r  group_count_q[2]_i_42/O
                         net (fo=4, routed)           0.143     0.875    group_count_q[2]_i_42_n_0
    SLICE_X50Y147        LUT4 (Prop_D5LUT_SLICEL_I0_O)
                                                      0.133     1.008 r  group_count_q[2]_i_25/O
                         net (fo=4, routed)           0.185     1.193    group_count_q[2]_i_25_n_0
    SLICE_X50Y147        LUT6 (Prop_F6LUT_SLICEL_I5_O)
                                                      0.081     1.274 r  group_count_q[2]_i_8/O
                         net (fo=14, routed)          0.866     2.140    group_count_q[2]_i_8_n_0
    SLICE_X46Y144        LUT3 (Prop_C5LUT_SLICEL_I0_O)
                                                      0.135     2.275 r  group_count_q[2]_i_39/O
                         net (fo=1, routed)           0.178     2.453    group_count_q[2]_i_39_n_0
    SLICE_X46Y144        LUT6 (Prop_F6LUT_SLICEL_I2_O)
                                                      0.081     2.534 r  group_count_q[2]_i_18/O
                         net (fo=1, routed)           0.254     2.788    group_count_q[2]_i_18_n_0
    SLICE_X47Y145        LUT6 (Prop_D6LUT_SLICEL_I5_O)
                                                      0.081     2.869 f  group_count_q[2]_i_4/O
                         net (fo=2, routed)           0.066     2.935    group_count_q[2]_i_4_n_0
    SLICE_X47Y145        LUT6 (Prop_C6LUT_SLICEL_I4_O)
                                                      0.221     3.156 f  group_count_q[2]_i_9/O
                         net (fo=21, routed)          0.490     3.646    group_count_q[2]_i_9_n_0
    SLICE_X51Y145        LUT3 (Prop_A5LUT_SLICEL_I1_O)
                                                      0.192     3.838 r  emit_k_q[9]_i_1/O
                         net (fo=10, routed)          0.336     4.174    emit_k_q[9]_i_1_n_0
    SLICE_X51Y143        FDRE                                         r  emit_k_q_reg[5]/R
  -------------------------------------------------------------------    -------------------

                         (clock clk rise edge)        5.000     5.000 r  
                                                      0.000     5.000 r  clk (IN)
                         net (fo=432, unset)          0.029     5.029    clk
    SLICE_X51Y143        FDRE                                         r  emit_k_q_reg[5]/C
                         clock pessimism              0.000     5.029    
                         clock uncertainty           -0.035     4.994    
    SLICE_X51Y143        FDRE (Setup_AFF_SLICEL_C_R)
                                                     -0.118     4.876    emit_k_q_reg[5]
  -------------------------------------------------------------------
                         required time                          4.876    
                         arrival time                          -4.174    
  -------------------------------------------------------------------
                         slack                                  0.701    

Slack (MET) :             0.714ns  (required time - arrival time)
  Source:                 output_w_q_reg[4]/C
                            (rising edge-triggered cell FDRE clocked by clk  {rise@0.000ns fall@2.500ns period=5.000ns})
  Destination:            pixel_q_reg[1][19]/CE
                            (rising edge-triggered cell FDRE clocked by clk  {rise@0.000ns fall@2.500ns period=5.000ns})
  Path Group:             clk
  Path Type:              Setup (Max at Slow Process Corner)
  Requirement:            5.000ns  (clk rise@5.000ns - clk rise@0.000ns)
  Data Path Delay:        4.161ns  (logic 1.116ns (26.821%)  route 3.045ns (73.179%))
  Logic Levels:           8  (LUT3=1 LUT4=1 LUT6=6)
  Clock Path Skew:        -0.010ns (DCD - SCD + CPR)
    Destination Clock Delay (DCD):    0.031ns = ( 5.031 - 5.000 ) 
    Source Clock Delay      (SCD):    0.041ns
    Clock Pessimism Removal (CPR):    0.000ns
  Clock Uncertainty:      0.035ns  ((TSJ^2 + TIJ^2)^1/2 + DJ) / 2 + PE
    Total System Jitter     (TSJ):    0.071ns
    Total Input Jitter      (TIJ):    0.000ns
    Discrete Jitter          (DJ):    0.000ns
    Phase Error              (PE):    0.000ns

    Location             Delay type                Incr(ns)  Path(ns)    Netlist Resource(s)
  -------------------------------------------------------------------    -------------------
                         (clock clk rise edge)        0.000     0.000 r  
                                                      0.000     0.000 r  clk (IN)
                         net (fo=432, unset)          0.041     0.041    clk
    SLICE_X51Y149        FDRE                                         r  output_w_q_reg[4]/C
  -------------------------------------------------------------------    -------------------
    SLICE_X51Y149        FDRE (Prop_DFF_SLICEL_C_Q)
                                                      0.114     0.155 r  output_w_q_reg[4]/Q
                         net (fo=4, routed)           0.389     0.544    output_w_q_reg_n_0_[4]
    SLICE_X50Y147        LUT6 (Prop_B6LUT_SLICEL_I0_O)
                                                      0.188     0.732 r  group_count_q[2]_i_42/O
                         net (fo=4, routed)           0.143     0.875    group_count_q[2]_i_42_n_0
    SLICE_X50Y147        LUT4 (Prop_D5LUT_SLICEL_I0_O)
                                                      0.133     1.008 r  group_count_q[2]_i_25/O
                         net (fo=4, routed)           0.185     1.193    group_count_q[2]_i_25_n_0
    SLICE_X50Y147        LUT6 (Prop_F6LUT_SLICEL_I5_O)
                                                      0.081     1.274 r  group_count_q[2]_i_8/O
                         net (fo=14, routed)          0.866     2.140    group_count_q[2]_i_8_n_0
    SLICE_X46Y144        LUT3 (Prop_C5LUT_SLICEL_I0_O)
                                                      0.135     2.275 r  group_count_q[2]_i_39/O
                         net (fo=1, routed)           0.178     2.453    group_count_q[2]_i_39_n_0
    SLICE_X46Y144        LUT6 (Prop_F6LUT_SLICEL_I2_O)
                                                      0.081     2.534 r  group_count_q[2]_i_18/O
                         net (fo=1, routed)           0.254     2.788    group_count_q[2]_i_18_n_0
    SLICE_X47Y145        LUT6 (Prop_D6LUT_SLICEL_I5_O)
                                                      0.081     2.869 f  group_count_q[2]_i_4/O
                         net (fo=2, routed)           0.066     2.935    group_count_q[2]_i_4_n_0
    SLICE_X47Y145        LUT6 (Prop_C6LUT_SLICEL_I4_O)
                                                      0.221     3.156 f  group_count_q[2]_i_9/O
                         net (fo=21, routed)          0.279     3.435    group_count_q[2]_i_9_n_0
    SLICE_X48Y141        LUT6 (Prop_G6LUT_SLICEL_I2_O)
                                                      0.082     3.517 r  pixel_q[1][63]_i_2/O
                         net (fo=64, routed)          0.685     4.202    pixel_q[1][63]_i_2_n_0
    SLICE_X45Y149        FDRE                                         r  pixel_q_reg[1][19]/CE
  -------------------------------------------------------------------    -------------------

                         (clock clk rise edge)        5.000     5.000 r  
                                                      0.000     5.000 r  clk (IN)
                         net (fo=432, unset)          0.031     5.031    clk
    SLICE_X45Y149        FDRE                                         r  pixel_q_reg[1][19]/C
                         clock pessimism              0.000     5.031    
                         clock uncertainty           -0.035     4.996    
    SLICE_X45Y149        FDRE (Setup_EFF2_SLICEM_C_CE)
                                                     -0.080     4.916    pixel_q_reg[1][19]
  -------------------------------------------------------------------
                         required time                          4.916    
                         arrival time                          -4.202    
  -------------------------------------------------------------------
                         slack                                  0.714    

Slack (MET) :             0.714ns  (required time - arrival time)
  Source:                 output_w_q_reg[4]/C
                            (rising edge-triggered cell FDRE clocked by clk  {rise@0.000ns fall@2.500ns period=5.000ns})
  Destination:            pixel_q_reg[1][35]/CE
                            (rising edge-triggered cell FDRE clocked by clk  {rise@0.000ns fall@2.500ns period=5.000ns})
  Path Group:             clk
  Path Type:              Setup (Max at Slow Process Corner)
  Requirement:            5.000ns  (clk rise@5.000ns - clk rise@0.000ns)
  Data Path Delay:        4.161ns  (logic 1.116ns (26.821%)  route 3.045ns (73.179%))
  Logic Levels:           8  (LUT3=1 LUT4=1 LUT6=6)
  Clock Path Skew:        -0.010ns (DCD - SCD + CPR)
    Destination Clock Delay (DCD):    0.031ns = ( 5.031 - 5.000 ) 
    Source Clock Delay      (SCD):    0.041ns
    Clock Pessimism Removal (CPR):    0.000ns
  Clock Uncertainty:      0.035ns  ((TSJ^2 + TIJ^2)^1/2 + DJ) / 2 + PE
    Total System Jitter     (TSJ):    0.071ns
    Total Input Jitter      (TIJ):    0.000ns
    Discrete Jitter          (DJ):    0.000ns
    Phase Error              (PE):    0.000ns

    Location             Delay type                Incr(ns)  Path(ns)    Netlist Resource(s)
  -------------------------------------------------------------------    -------------------
                         (clock clk rise edge)        0.000     0.000 r  
                                                      0.000     0.000 r  clk (IN)
                         net (fo=432, unset)          0.041     0.041    clk
    SLICE_X51Y149        FDRE                                         r  output_w_q_reg[4]/C
  -------------------------------------------------------------------    -------------------
    SLICE_X51Y149        FDRE (Prop_DFF_SLICEL_C_Q)
                                                      0.114     0.155 r  output_w_q_reg[4]/Q
                         net (fo=4, routed)           0.389     0.544    output_w_q_reg_n_0_[4]
    SLICE_X50Y147        LUT6 (Prop_B6LUT_SLICEL_I0_O)
                                                      0.188     0.732 r  group_count_q[2]_i_42/O
                         net (fo=4, routed)           0.143     0.875    group_count_q[2]_i_42_n_0
    SLICE_X50Y147        LUT4 (Prop_D5LUT_SLICEL_I0_O)
                                                      0.133     1.008 r  group_count_q[2]_i_25/O
                         net (fo=4, routed)           0.185     1.193    group_count_q[2]_i_25_n_0
    SLICE_X50Y147        LUT6 (Prop_F6LUT_SLICEL_I5_O)
                                                      0.081     1.274 r  group_count_q[2]_i_8/O
                         net (fo=14, routed)          0.866     2.140    group_count_q[2]_i_8_n_0
    SLICE_X46Y144        LUT3 (Prop_C5LUT_SLICEL_I0_O)
                                                      0.135     2.275 r  group_count_q[2]_i_39/O
                         net (fo=1, routed)           0.178     2.453    group_count_q[2]_i_39_n_0
    SLICE_X46Y144        LUT6 (Prop_F6LUT_SLICEL_I2_O)
                                                      0.081     2.534 r  group_count_q[2]_i_18/O
                         net (fo=1, routed)           0.254     2.788    group_count_q[2]_i_18_n_0
    SLICE_X47Y145        LUT6 (Prop_D6LUT_SLICEL_I5_O)
                                                      0.081     2.869 f  group_count_q[2]_i_4/O
                         net (fo=2, routed)           0.066     2.935    group_count_q[2]_i_4_n_0
    SLICE_X47Y145        LUT6 (Prop_C6LUT_SLICEL_I4_O)
                                                      0.221     3.156 f  group_count_q[2]_i_9/O
                         net (fo=21, routed)          0.279     3.435    group_count_q[2]_i_9_n_0
    SLICE_X48Y141        LUT6 (Prop_G6LUT_SLICEL_I2_O)
                                                      0.082     3.517 r  pixel_q[1][63]_i_2/O
                         net (fo=64, routed)          0.685     4.202    pixel_q[1][63]_i_2_n_0
    SLICE_X45Y149        FDRE                                         r  pixel_q_reg[1][35]/CE
  -------------------------------------------------------------------    -------------------

                         (clock clk rise edge)        5.000     5.000 r  
                                                      0.000     5.000 r  clk (IN)
                         net (fo=432, unset)          0.031     5.031    clk
    SLICE_X45Y149        FDRE                                         r  pixel_q_reg[1][35]/C
                         clock pessimism              0.000     5.031    
                         clock uncertainty           -0.035     4.996    
    SLICE_X45Y149        FDRE (Setup_FFF2_SLICEM_C_CE)
                                                     -0.080     4.916    pixel_q_reg[1][35]
  -------------------------------------------------------------------
                         required time                          4.916    
                         arrival time                          -4.202    
  -------------------------------------------------------------------
                         slack                                  0.714    

Slack (MET) :             0.714ns  (required time - arrival time)
  Source:                 output_w_q_reg[4]/C
                            (rising edge-triggered cell FDRE clocked by clk  {rise@0.000ns fall@2.500ns period=5.000ns})
  Destination:            pixel_q_reg[1][43]/CE
                            (rising edge-triggered cell FDRE clocked by clk  {rise@0.000ns fall@2.500ns period=5.000ns})
  Path Group:             clk
  Path Type:              Setup (Max at Slow Process Corner)
  Requirement:            5.000ns  (clk rise@5.000ns - clk rise@0.000ns)
  Data Path Delay:        4.161ns  (logic 1.116ns (26.821%)  route 3.045ns (73.179%))
  Logic Levels:           8  (LUT3=1 LUT4=1 LUT6=6)
  Clock Path Skew:        -0.010ns (DCD - SCD + CPR)
    Destination Clock Delay (DCD):    0.031ns = ( 5.031 - 5.000 ) 
    Source Clock Delay      (SCD):    0.041ns
    Clock Pessimism Removal (CPR):    0.000ns
  Clock Uncertainty:      0.035ns  ((TSJ^2 + TIJ^2)^1/2 + DJ) / 2 + PE
    Total System Jitter     (TSJ):    0.071ns
    Total Input Jitter      (TIJ):    0.000ns
    Discrete Jitter          (DJ):    0.000ns
    Phase Error              (PE):    0.000ns

    Location             Delay type                Incr(ns)  Path(ns)    Netlist Resource(s)
  -------------------------------------------------------------------    -------------------
                         (clock clk rise edge)        0.000     0.000 r  
                                                      0.000     0.000 r  clk (IN)
                         net (fo=432, unset)          0.041     0.041    clk
    SLICE_X51Y149        FDRE                                         r  output_w_q_reg[4]/C
  -------------------------------------------------------------------    -------------------
    SLICE_X51Y149        FDRE (Prop_DFF_SLICEL_C_Q)
                                                      0.114     0.155 r  output_w_q_reg[4]/Q
                         net (fo=4, routed)           0.389     0.544    output_w_q_reg_n_0_[4]
    SLICE_X50Y147        LUT6 (Prop_B6LUT_SLICEL_I0_O)
                                                      0.188     0.732 r  group_count_q[2]_i_42/O
                         net (fo=4, routed)           0.143     0.875    group_count_q[2]_i_42_n_0
    SLICE_X50Y147        LUT4 (Prop_D5LUT_SLICEL_I0_O)
                                                      0.133     1.008 r  group_count_q[2]_i_25/O
                         net (fo=4, routed)           0.185     1.193    group_count_q[2]_i_25_n_0
    SLICE_X50Y147        LUT6 (Prop_F6LUT_SLICEL_I5_O)
                                                      0.081     1.274 r  group_count_q[2]_i_8/O
                         net (fo=14, routed)          0.866     2.140    group_count_q[2]_i_8_n_0
    SLICE_X46Y144        LUT3 (Prop_C5LUT_SLICEL_I0_O)
                                                      0.135     2.275 r  group_count_q[2]_i_39/O
                         net (fo=1, routed)           0.178     2.453    group_count_q[2]_i_39_n_0
    SLICE_X46Y144        LUT6 (Prop_F6LUT_SLICEL_I2_O)
                                                      0.081     2.534 r  group_count_q[2]_i_18/O
                         net (fo=1, routed)           0.254     2.788    group_count_q[2]_i_18_n_0
    SLICE_X47Y145        LUT6 (Prop_D6LUT_SLICEL_I5_O)
                                                      0.081     2.869 f  group_count_q[2]_i_4/O
                         net (fo=2, routed)           0.066     2.935    group_count_q[2]_i_4_n_0
    SLICE_X47Y145        LUT6 (Prop_C6LUT_SLICEL_I4_O)
                                                      0.221     3.156 f  group_count_q[2]_i_9/O
                         net (fo=21, routed)          0.279     3.435    group_count_q[2]_i_9_n_0
    SLICE_X48Y141        LUT6 (Prop_G6LUT_SLICEL_I2_O)
                                                      0.082     3.517 r  pixel_q[1][63]_i_2/O
                         net (fo=64, routed)          0.685     4.202    pixel_q[1][63]_i_2_n_0
    SLICE_X45Y149        FDRE                                         r  pixel_q_reg[1][43]/CE
  -------------------------------------------------------------------    -------------------

                         (clock clk rise edge)        5.000     5.000 r  
                                                      0.000     5.000 r  clk (IN)
                         net (fo=432, unset)          0.031     5.031    clk
    SLICE_X45Y149        FDRE                                         r  pixel_q_reg[1][43]/C
                         clock pessimism              0.000     5.031    
                         clock uncertainty           -0.035     4.996    
    SLICE_X45Y149        FDRE (Setup_GFF2_SLICEM_C_CE)
                                                     -0.080     4.916    pixel_q_reg[1][43]
  -------------------------------------------------------------------
                         required time                          4.916    
                         arrival time                          -4.202    
  -------------------------------------------------------------------
                         slack                                  0.714    

Slack (MET) :             0.715ns  (required time - arrival time)
  Source:                 output_w_q_reg[4]/C
                            (rising edge-triggered cell FDRE clocked by clk  {rise@0.000ns fall@2.500ns period=5.000ns})
  Destination:            pixel_q_reg[1][11]/CE
                            (rising edge-triggered cell FDRE clocked by clk  {rise@0.000ns fall@2.500ns period=5.000ns})
  Path Group:             clk
  Path Type:              Setup (Max at Slow Process Corner)
  Requirement:            5.000ns  (clk rise@5.000ns - clk rise@0.000ns)
  Data Path Delay:        4.159ns  (logic 1.116ns (26.834%)  route 3.043ns (73.166%))
  Logic Levels:           8  (LUT3=1 LUT4=1 LUT6=6)
  Clock Path Skew:        -0.010ns (DCD - SCD + CPR)
    Destination Clock Delay (DCD):    0.031ns = ( 5.031 - 5.000 ) 
    Source Clock Delay      (SCD):    0.041ns
    Clock Pessimism Removal (CPR):    0.000ns
  Clock Uncertainty:      0.035ns  ((TSJ^2 + TIJ^2)^1/2 + DJ) / 2 + PE
    Total System Jitter     (TSJ):    0.071ns
    Total Input Jitter      (TIJ):    0.000ns
    Discrete Jitter          (DJ):    0.000ns
    Phase Error              (PE):    0.000ns

    Location             Delay type                Incr(ns)  Path(ns)    Netlist Resource(s)
  -------------------------------------------------------------------    -------------------
                         (clock clk rise edge)        0.000     0.000 r  
                                                      0.000     0.000 r  clk (IN)
                         net (fo=432, unset)          0.041     0.041    clk
    SLICE_X51Y149        FDRE                                         r  output_w_q_reg[4]/C
  -------------------------------------------------------------------    -------------------
    SLICE_X51Y149        FDRE (Prop_DFF_SLICEL_C_Q)
                                                      0.114     0.155 r  output_w_q_reg[4]/Q
                         net (fo=4, routed)           0.389     0.544    output_w_q_reg_n_0_[4]
    SLICE_X50Y147        LUT6 (Prop_B6LUT_SLICEL_I0_O)
                                                      0.188     0.732 r  group_count_q[2]_i_42/O
                         net (fo=4, routed)           0.143     0.875    group_count_q[2]_i_42_n_0
    SLICE_X50Y147        LUT4 (Prop_D5LUT_SLICEL_I0_O)
                                                      0.133     1.008 r  group_count_q[2]_i_25/O
                         net (fo=4, routed)           0.185     1.193    group_count_q[2]_i_25_n_0
    SLICE_X50Y147        LUT6 (Prop_F6LUT_SLICEL_I5_O)
                                                      0.081     1.274 r  group_count_q[2]_i_8/O
                         net (fo=14, routed)          0.866     2.140    group_count_q[2]_i_8_n_0
    SLICE_X46Y144        LUT3 (Prop_C5LUT_SLICEL_I0_O)
                                                      0.135     2.275 r  group_count_q[2]_i_39/O
                         net (fo=1, routed)           0.178     2.453    group_count_q[2]_i_39_n_0
    SLICE_X46Y144        LUT6 (Prop_F6LUT_SLICEL_I2_O)
                                                      0.081     2.534 r  group_count_q[2]_i_18/O
                         net (fo=1, routed)           0.254     2.788    group_count_q[2]_i_18_n_0
    SLICE_X47Y145        LUT6 (Prop_D6LUT_SLICEL_I5_O)
                                                      0.081     2.869 f  group_count_q[2]_i_4/O
                         net (fo=2, routed)           0.066     2.935    group_count_q[2]_i_4_n_0
    SLICE_X47Y145        LUT6 (Prop_C6LUT_SLICEL_I4_O)
                                                      0.221     3.156 f  group_count_q[2]_i_9/O
                         net (fo=21, routed)          0.279     3.435    group_count_q[2]_i_9_n_0
    SLICE_X48Y141        LUT6 (Prop_G6LUT_SLICEL_I2_O)
                                                      0.082     3.517 r  pixel_q[1][63]_i_2/O
                         net (fo=64, routed)          0.683     4.200    pixel_q[1][63]_i_2_n_0
    SLICE_X45Y149        FDRE                                         r  pixel_q_reg[1][11]/CE
  -------------------------------------------------------------------    -------------------

                         (clock clk rise edge)        5.000     5.000 r  
                                                      0.000     5.000 r  clk (IN)
                         net (fo=432, unset)          0.031     5.031    clk
    SLICE_X45Y149        FDRE                                         r  pixel_q_reg[1][11]/C
                         clock pessimism              0.000     5.031    
                         clock uncertainty           -0.035     4.996    
    SLICE_X45Y149        FDRE (Setup_EFF_SLICEM_C_CE)
                                                     -0.081     4.915    pixel_q_reg[1][11]
  -------------------------------------------------------------------
                         required time                          4.915    
                         arrival time                          -4.200    
  -------------------------------------------------------------------
                         slack                                  0.715    

Slack (MET) :             0.715ns  (required time - arrival time)
  Source:                 output_w_q_reg[4]/C
                            (rising edge-triggered cell FDRE clocked by clk  {rise@0.000ns fall@2.500ns period=5.000ns})
  Destination:            pixel_q_reg[1][27]/CE
                            (rising edge-triggered cell FDRE clocked by clk  {rise@0.000ns fall@2.500ns period=5.000ns})
  Path Group:             clk
  Path Type:              Setup (Max at Slow Process Corner)
  Requirement:            5.000ns  (clk rise@5.000ns - clk rise@0.000ns)
  Data Path Delay:        4.159ns  (logic 1.116ns (26.834%)  route 3.043ns (73.166%))
  Logic Levels:           8  (LUT3=1 LUT4=1 LUT6=6)
  Clock Path Skew:        -0.010ns (DCD - SCD + CPR)
    Destination Clock Delay (DCD):    0.031ns = ( 5.031 - 5.000 ) 
    Source Clock Delay      (SCD):    0.041ns
    Clock Pessimism Removal (CPR):    0.000ns
  Clock Uncertainty:      0.035ns  ((TSJ^2 + TIJ^2)^1/2 + DJ) / 2 + PE
    Total System Jitter     (TSJ):    0.071ns
    Total Input Jitter      (TIJ):    0.000ns
    Discrete Jitter          (DJ):    0.000ns
    Phase Error              (PE):    0.000ns

    Location             Delay type                Incr(ns)  Path(ns)    Netlist Resource(s)
  -------------------------------------------------------------------    -------------------
                         (clock clk rise edge)        0.000     0.000 r  
                                                      0.000     0.000 r  clk (IN)
                         net (fo=432, unset)          0.041     0.041    clk
    SLICE_X51Y149        FDRE                                         r  output_w_q_reg[4]/C
  -------------------------------------------------------------------    -------------------
    SLICE_X51Y149        FDRE (Prop_DFF_SLICEL_C_Q)
                                                      0.114     0.155 r  output_w_q_reg[4]/Q
                         net (fo=4, routed)           0.389     0.544    output_w_q_reg_n_0_[4]
    SLICE_X50Y147        LUT6 (Prop_B6LUT_SLICEL_I0_O)
                                                      0.188     0.732 r  group_count_q[2]_i_42/O
                         net (fo=4, routed)           0.143     0.875    group_count_q[2]_i_42_n_0
    SLICE_X50Y147        LUT4 (Prop_D5LUT_SLICEL_I0_O)
                                                      0.133     1.008 r  group_count_q[2]_i_25/O
                         net (fo=4, routed)           0.185     1.193    group_count_q[2]_i_25_n_0
    SLICE_X50Y147        LUT6 (Prop_F6LUT_SLICEL_I5_O)
                                                      0.081     1.274 r  group_count_q[2]_i_8/O
                         net (fo=14, routed)          0.866     2.140    group_count_q[2]_i_8_n_0
    SLICE_X46Y144        LUT3 (Prop_C5LUT_SLICEL_I0_O)
                                                      0.135     2.275 r  group_count_q[2]_i_39/O
                         net (fo=1, routed)           0.178     2.453    group_count_q[2]_i_39_n_0
    SLICE_X46Y144        LUT6 (Prop_F6LUT_SLICEL_I2_O)
                                                      0.081     2.534 r  group_count_q[2]_i_18/O
                         net (fo=1, routed)           0.254     2.788    group_count_q[2]_i_18_n_0
    SLICE_X47Y145        LUT6 (Prop_D6LUT_SLICEL_I5_O)
                                                      0.081     2.869 f  group_count_q[2]_i_4/O
                         net (fo=2, routed)           0.066     2.935    group_count_q[2]_i_4_n_0
    SLICE_X47Y145        LUT6 (Prop_C6LUT_SLICEL_I4_O)
                                                      0.221     3.156 f  group_count_q[2]_i_9/O
                         net (fo=21, routed)          0.279     3.435    group_count_q[2]_i_9_n_0
    SLICE_X48Y141        LUT6 (Prop_G6LUT_SLICEL_I2_O)
                                                      0.082     3.517 r  pixel_q[1][63]_i_2/O
                         net (fo=64, routed)          0.683     4.200    pixel_q[1][63]_i_2_n_0
    SLICE_X45Y149        FDRE                                         r  pixel_q_reg[1][27]/CE
  -------------------------------------------------------------------    -------------------

                         (clock clk rise edge)        5.000     5.000 r  
                                                      0.000     5.000 r  clk (IN)
                         net (fo=432, unset)          0.031     5.031    clk
    SLICE_X45Y149        FDRE                                         r  pixel_q_reg[1][27]/C
                         clock pessimism              0.000     5.031    
                         clock uncertainty           -0.035     4.996    
    SLICE_X45Y149        FDRE (Setup_FFF_SLICEM_C_CE)
                                                     -0.081     4.915    pixel_q_reg[1][27]
  -------------------------------------------------------------------
                         required time                          4.915    
                         arrival time                          -4.200    
  -------------------------------------------------------------------
                         slack                                  0.715    

Slack (MET) :             0.715ns  (required time - arrival time)
  Source:                 output_w_q_reg[4]/C
                            (rising edge-triggered cell FDRE clocked by clk  {rise@0.000ns fall@2.500ns period=5.000ns})
  Destination:            pixel_q_reg[1][51]/CE
                            (rising edge-triggered cell FDRE clocked by clk  {rise@0.000ns fall@2.500ns period=5.000ns})
  Path Group:             clk
  Path Type:              Setup (Max at Slow Process Corner)
  Requirement:            5.000ns  (clk rise@5.000ns - clk rise@0.000ns)
  Data Path Delay:        4.159ns  (logic 1.116ns (26.834%)  route 3.043ns (73.166%))
  Logic Levels:           8  (LUT3=1 LUT4=1 LUT6=6)
  Clock Path Skew:        -0.010ns (DCD - SCD + CPR)
    Destination Clock Delay (DCD):    0.031ns = ( 5.031 - 5.000 ) 
    Source Clock Delay      (SCD):    0.041ns
    Clock Pessimism Removal (CPR):    0.000ns
  Clock Uncertainty:      0.035ns  ((TSJ^2 + TIJ^2)^1/2 + DJ) / 2 + PE
    Total System Jitter     (TSJ):    0.071ns
    Total Input Jitter      (TIJ):    0.000ns
    Discrete Jitter          (DJ):    0.000ns
    Phase Error              (PE):    0.000ns

    Location             Delay type                Incr(ns)  Path(ns)    Netlist Resource(s)
  -------------------------------------------------------------------    -------------------
                         (clock clk rise edge)        0.000     0.000 r  
                                                      0.000     0.000 r  clk (IN)
                         net (fo=432, unset)          0.041     0.041    clk
    SLICE_X51Y149        FDRE                                         r  output_w_q_reg[4]/C
  -------------------------------------------------------------------    -------------------
    SLICE_X51Y149        FDRE (Prop_DFF_SLICEL_C_Q)
                                                      0.114     0.155 r  output_w_q_reg[4]/Q
                         net (fo=4, routed)           0.389     0.544    output_w_q_reg_n_0_[4]
    SLICE_X50Y147        LUT6 (Prop_B6LUT_SLICEL_I0_O)
                                                      0.188     0.732 r  group_count_q[2]_i_42/O
                         net (fo=4, routed)           0.143     0.875    group_count_q[2]_i_42_n_0
    SLICE_X50Y147        LUT4 (Prop_D5LUT_SLICEL_I0_O)
                                                      0.133     1.008 r  group_count_q[2]_i_25/O
                         net (fo=4, routed)           0.185     1.193    group_count_q[2]_i_25_n_0
    SLICE_X50Y147        LUT6 (Prop_F6LUT_SLICEL_I5_O)
                                                      0.081     1.274 r  group_count_q[2]_i_8/O
                         net (fo=14, routed)          0.866     2.140    group_count_q[2]_i_8_n_0
    SLICE_X46Y144        LUT3 (Prop_C5LUT_SLICEL_I0_O)
                                                      0.135     2.275 r  group_count_q[2]_i_39/O
                         net (fo=1, routed)           0.178     2.453    group_count_q[2]_i_39_n_0
    SLICE_X46Y144        LUT6 (Prop_F6LUT_SLICEL_I2_O)
                                                      0.081     2.534 r  group_count_q[2]_i_18/O
                         net (fo=1, routed)           0.254     2.788    group_count_q[2]_i_18_n_0
    SLICE_X47Y145        LUT6 (Prop_D6LUT_SLICEL_I5_O)
                                                      0.081     2.869 f  group_count_q[2]_i_4/O
                         net (fo=2, routed)           0.066     2.935    group_count_q[2]_i_4_n_0
    SLICE_X47Y145        LUT6 (Prop_C6LUT_SLICEL_I4_O)
                                                      0.221     3.156 f  group_count_q[2]_i_9/O
                         net (fo=21, routed)          0.279     3.435    group_count_q[2]_i_9_n_0
    SLICE_X48Y141        LUT6 (Prop_G6LUT_SLICEL_I2_O)
                                                      0.082     3.517 r  pixel_q[1][63]_i_2/O
                         net (fo=64, routed)          0.683     4.200    pixel_q[1][63]_i_2_n_0
    SLICE_X45Y149        FDRE                                         r  pixel_q_reg[1][51]/CE
  -------------------------------------------------------------------    -------------------

                         (clock clk rise edge)        5.000     5.000 r  
                                                      0.000     5.000 r  clk (IN)
                         net (fo=432, unset)          0.031     5.031    clk
    SLICE_X45Y149        FDRE                                         r  pixel_q_reg[1][51]/C
                         clock pessimism              0.000     5.031    
                         clock uncertainty           -0.035     4.996    
    SLICE_X45Y149        FDRE (Setup_HFF_SLICEM_C_CE)
                                                     -0.081     4.915    pixel_q_reg[1][51]
  -------------------------------------------------------------------
                         required time                          4.915    
                         arrival time                          -4.200    
  -------------------------------------------------------------------
                         slack                                  0.715    

Slack (MET) :             0.719ns  (required time - arrival time)
  Source:                 output_w_q_reg[4]/C
                            (rising edge-triggered cell FDRE clocked by clk  {rise@0.000ns fall@2.500ns period=5.000ns})
  Destination:            pixel_q_reg[1][59]/CE
                            (rising edge-triggered cell FDRE clocked by clk  {rise@0.000ns fall@2.500ns period=5.000ns})
  Path Group:             clk
  Path Type:              Setup (Max at Slow Process Corner)
  Requirement:            5.000ns  (clk rise@5.000ns - clk rise@0.000ns)
  Data Path Delay:        4.155ns  (logic 1.116ns (26.860%)  route 3.039ns (73.140%))
  Logic Levels:           8  (LUT3=1 LUT4=1 LUT6=6)
  Clock Path Skew:        -0.012ns (DCD - SCD + CPR)
    Destination Clock Delay (DCD):    0.029ns = ( 5.029 - 5.000 ) 
    Source Clock Delay      (SCD):    0.041ns
    Clock Pessimism Removal (CPR):    0.000ns
  Clock Uncertainty:      0.035ns  ((TSJ^2 + TIJ^2)^1/2 + DJ) / 2 + PE
    Total System Jitter     (TSJ):    0.071ns
    Total Input Jitter      (TIJ):    0.000ns
    Discrete Jitter          (DJ):    0.000ns
    Phase Error              (PE):    0.000ns

    Location             Delay type                Incr(ns)  Path(ns)    Netlist Resource(s)
  -------------------------------------------------------------------    -------------------
                         (clock clk rise edge)        0.000     0.000 r  
                                                      0.000     0.000 r  clk (IN)
                         net (fo=432, unset)          0.041     0.041    clk
    SLICE_X51Y149        FDRE                                         r  output_w_q_reg[4]/C
  -------------------------------------------------------------------    -------------------
    SLICE_X51Y149        FDRE (Prop_DFF_SLICEL_C_Q)
                                                      0.114     0.155 r  output_w_q_reg[4]/Q
                         net (fo=4, routed)           0.389     0.544    output_w_q_reg_n_0_[4]
    SLICE_X50Y147        LUT6 (Prop_B6LUT_SLICEL_I0_O)
                                                      0.188     0.732 r  group_count_q[2]_i_42/O
                         net (fo=4, routed)           0.143     0.875    group_count_q[2]_i_42_n_0
    SLICE_X50Y147        LUT4 (Prop_D5LUT_SLICEL_I0_O)
                                                      0.133     1.008 r  group_count_q[2]_i_25/O
                         net (fo=4, routed)           0.185     1.193    group_count_q[2]_i_25_n_0
    SLICE_X50Y147        LUT6 (Prop_F6LUT_SLICEL_I5_O)
                                                      0.081     1.274 r  group_count_q[2]_i_8/O
                         net (fo=14, routed)          0.866     2.140    group_count_q[2]_i_8_n_0
    SLICE_X46Y144        LUT3 (Prop_C5LUT_SLICEL_I0_O)
                                                      0.135     2.275 r  group_count_q[2]_i_39/O
                         net (fo=1, routed)           0.178     2.453    group_count_q[2]_i_39_n_0
    SLICE_X46Y144        LUT6 (Prop_F6LUT_SLICEL_I2_O)
                                                      0.081     2.534 r  group_count_q[2]_i_18/O
                         net (fo=1, routed)           0.254     2.788    group_count_q[2]_i_18_n_0
    SLICE_X47Y145        LUT6 (Prop_D6LUT_SLICEL_I5_O)
                                                      0.081     2.869 f  group_count_q[2]_i_4/O
                         net (fo=2, routed)           0.066     2.935    group_count_q[2]_i_4_n_0
    SLICE_X47Y145        LUT6 (Prop_C6LUT_SLICEL_I4_O)
                                                      0.221     3.156 f  group_count_q[2]_i_9/O
                         net (fo=21, routed)          0.279     3.435    group_count_q[2]_i_9_n_0
    SLICE_X48Y141        LUT6 (Prop_G6LUT_SLICEL_I2_O)
                                                      0.082     3.517 r  pixel_q[1][63]_i_2/O
                         net (fo=64, routed)          0.679     4.196    pixel_q[1][63]_i_2_n_0
    SLICE_X46Y149        FDRE                                         r  pixel_q_reg[1][59]/CE
  -------------------------------------------------------------------    -------------------

                         (clock clk rise edge)        5.000     5.000 r  
                                                      0.000     5.000 r  clk (IN)
                         net (fo=432, unset)          0.029     5.029    clk
    SLICE_X46Y149        FDRE                                         r  pixel_q_reg[1][59]/C
                         clock pessimism              0.000     5.029    
                         clock uncertainty           -0.035     4.994    
    SLICE_X46Y149        FDRE (Setup_EFF2_SLICEL_C_CE)
                                                     -0.079     4.915    pixel_q_reg[1][59]
  -------------------------------------------------------------------
                         required time                          4.915    
                         arrival time                          -4.196    
  -------------------------------------------------------------------
                         slack                                  0.719    

Slack (MET) :             0.721ns  (required time - arrival time)
  Source:                 output_w_q_reg[4]/C
                            (rising edge-triggered cell FDRE clocked by clk  {rise@0.000ns fall@2.500ns period=5.000ns})
  Destination:            pixel_q_reg[1][3]/CE
                            (rising edge-triggered cell FDRE clocked by clk  {rise@0.000ns fall@2.500ns period=5.000ns})
  Path Group:             clk
  Path Type:              Setup (Max at Slow Process Corner)
  Requirement:            5.000ns  (clk rise@5.000ns - clk rise@0.000ns)
  Data Path Delay:        4.153ns  (logic 1.116ns (26.873%)  route 3.037ns (73.127%))
  Logic Levels:           8  (LUT3=1 LUT4=1 LUT6=6)
  Clock Path Skew:        -0.012ns (DCD - SCD + CPR)
    Destination Clock Delay (DCD):    0.029ns = ( 5.029 - 5.000 ) 
    Source Clock Delay      (SCD):    0.041ns
    Clock Pessimism Removal (CPR):    0.000ns
  Clock Uncertainty:      0.035ns  ((TSJ^2 + TIJ^2)^1/2 + DJ) / 2 + PE
    Total System Jitter     (TSJ):    0.071ns
    Total Input Jitter      (TIJ):    0.000ns
    Discrete Jitter          (DJ):    0.000ns
    Phase Error              (PE):    0.000ns

    Location             Delay type                Incr(ns)  Path(ns)    Netlist Resource(s)
  -------------------------------------------------------------------    -------------------
                         (clock clk rise edge)        0.000     0.000 r  
                                                      0.000     0.000 r  clk (IN)
                         net (fo=432, unset)          0.041     0.041    clk
    SLICE_X51Y149        FDRE                                         r  output_w_q_reg[4]/C
  -------------------------------------------------------------------    -------------------
    SLICE_X51Y149        FDRE (Prop_DFF_SLICEL_C_Q)
                                                      0.114     0.155 r  output_w_q_reg[4]/Q
                         net (fo=4, routed)           0.389     0.544    output_w_q_reg_n_0_[4]
    SLICE_X50Y147        LUT6 (Prop_B6LUT_SLICEL_I0_O)
                                                      0.188     0.732 r  group_count_q[2]_i_42/O
                         net (fo=4, routed)           0.143     0.875    group_count_q[2]_i_42_n_0
    SLICE_X50Y147        LUT4 (Prop_D5LUT_SLICEL_I0_O)
                                                      0.133     1.008 r  group_count_q[2]_i_25/O
                         net (fo=4, routed)           0.185     1.193    group_count_q[2]_i_25_n_0
    SLICE_X50Y147        LUT6 (Prop_F6LUT_SLICEL_I5_O)
                                                      0.081     1.274 r  group_count_q[2]_i_8/O
                         net (fo=14, routed)          0.866     2.140    group_count_q[2]_i_8_n_0
    SLICE_X46Y144        LUT3 (Prop_C5LUT_SLICEL_I0_O)
                                                      0.135     2.275 r  group_count_q[2]_i_39/O
                         net (fo=1, routed)           0.178     2.453    group_count_q[2]_i_39_n_0
    SLICE_X46Y144        LUT6 (Prop_F6LUT_SLICEL_I2_O)
                                                      0.081     2.534 r  group_count_q[2]_i_18/O
                         net (fo=1, routed)           0.254     2.788    group_count_q[2]_i_18_n_0
    SLICE_X47Y145        LUT6 (Prop_D6LUT_SLICEL_I5_O)
                                                      0.081     2.869 f  group_count_q[2]_i_4/O
                         net (fo=2, routed)           0.066     2.935    group_count_q[2]_i_4_n_0
    SLICE_X47Y145        LUT6 (Prop_C6LUT_SLICEL_I4_O)
                                                      0.221     3.156 f  group_count_q[2]_i_9/O
                         net (fo=21, routed)          0.279     3.435    group_count_q[2]_i_9_n_0
    SLICE_X48Y141        LUT6 (Prop_G6LUT_SLICEL_I2_O)
                                                      0.082     3.517 r  pixel_q[1][63]_i_2/O
                         net (fo=64, routed)          0.677     4.194    pixel_q[1][63]_i_2_n_0
    SLICE_X46Y149        FDRE                                         r  pixel_q_reg[1][3]/CE
  -------------------------------------------------------------------    -------------------

                         (clock clk rise edge)        5.000     5.000 r  
                                                      0.000     5.000 r  clk (IN)
                         net (fo=432, unset)          0.029     5.029    clk
    SLICE_X46Y149        FDRE                                         r  pixel_q_reg[1][3]/C
                         clock pessimism              0.000     5.029    
                         clock uncertainty           -0.035     4.994    
    SLICE_X46Y149        FDRE (Setup_EFF_SLICEL_C_CE)
                                                     -0.079     4.915    pixel_q_reg[1][3]
  -------------------------------------------------------------------
                         required time                          4.915    
                         arrival time                          -4.194    
  -------------------------------------------------------------------
                         slack                                  0.721    





Min Delay Paths
--------------------------------------------------------------------------------------
Slack (MET) :             0.092ns  (arrival time - required time)
  Source:                 emit_kx_q_reg[6]/C
                            (rising edge-triggered cell FDRE clocked by clk  {rise@0.000ns fall@2.500ns period=5.000ns})
  Destination:            emit_kx_q_reg[7]/D
                            (rising edge-triggered cell FDRE clocked by clk  {rise@0.000ns fall@2.500ns period=5.000ns})
  Path Group:             clk
  Path Type:              Hold (Min at Fast Process Corner)
  Requirement:            0.000ns  (clk rise@0.000ns - clk rise@0.000ns)
  Data Path Delay:        0.143ns  (logic 0.106ns (73.985%)  route 0.037ns (26.015%))
  Logic Levels:           1  (LUT5=1)
  Clock Path Skew:        0.006ns (DCD - SCD - CPR)
    Destination Clock Delay (DCD):    0.020ns
    Source Clock Delay      (SCD):    0.014ns
    Clock Pessimism Removal (CPR):    -0.000ns

    Location             Delay type                Incr(ns)  Path(ns)    Netlist Resource(s)
  -------------------------------------------------------------------    -------------------
                         (clock clk rise edge)        0.000     0.000 r  
                                                      0.000     0.000 r  clk (IN)
                         net (fo=432, unset)          0.014     0.014    clk
    SLICE_X49Y145        FDRE                                         r  emit_kx_q_reg[6]/C
  -------------------------------------------------------------------    -------------------
    SLICE_X49Y145        FDRE (Prop_HFF_SLICEL_C_Q)
                                                      0.084     0.098 r  emit_kx_q_reg[6]/Q
                         net (fo=6, routed)           0.030     0.128    emit_kx_q__0[6]
    SLICE_X49Y145        LUT5 (Prop_H5LUT_SLICEL_I1_O)
                                                      0.022     0.150 r  emit_kx_q[7]_i_3/O
                         net (fo=1, routed)           0.007     0.157    emit_kx_q[7]_i_3_n_0
    SLICE_X49Y145        FDRE                                         r  emit_kx_q_reg[7]/D
  -------------------------------------------------------------------    -------------------

                         (clock clk rise edge)        0.000     0.000 r  
                                                      0.000     0.000 r  clk (IN)
                         net (fo=432, unset)          0.020     0.020    clk
    SLICE_X49Y145        FDRE                                         r  emit_kx_q_reg[7]/C
                         clock pessimism              0.000     0.020    
    SLICE_X49Y145        FDRE (Hold_HFF2_SLICEL_C_D)
                                                      0.045     0.065    emit_kx_q_reg[7]
  -------------------------------------------------------------------
                         required time                         -0.065    
                         arrival time                           0.157    
  -------------------------------------------------------------------
                         slack                                  0.092    

Slack (MET) :             0.092ns  (arrival time - required time)
  Source:                 scan_y_q_reg[6]/C
                            (rising edge-triggered cell FDRE clocked by clk  {rise@0.000ns fall@2.500ns period=5.000ns})
  Destination:            scan_y_q_reg[7]/D
                            (rising edge-triggered cell FDRE clocked by clk  {rise@0.000ns fall@2.500ns period=5.000ns})
  Path Group:             clk
  Path Type:              Hold (Min at Fast Process Corner)
  Requirement:            0.000ns  (clk rise@0.000ns - clk rise@0.000ns)
  Data Path Delay:        0.143ns  (logic 0.106ns (73.985%)  route 0.037ns (26.015%))
  Logic Levels:           1  (LUT4=1)
  Clock Path Skew:        0.006ns (DCD - SCD - CPR)
    Destination Clock Delay (DCD):    0.020ns
    Source Clock Delay      (SCD):    0.014ns
    Clock Pessimism Removal (CPR):    -0.000ns

    Location             Delay type                Incr(ns)  Path(ns)    Netlist Resource(s)
  -------------------------------------------------------------------    -------------------
                         (clock clk rise edge)        0.000     0.000 r  
                                                      0.000     0.000 r  clk (IN)
                         net (fo=432, unset)          0.014     0.014    clk
    SLICE_X46Y148        FDRE                                         r  scan_y_q_reg[6]/C
  -------------------------------------------------------------------    -------------------
    SLICE_X46Y148        FDRE (Prop_HFF_SLICEL_C_Q)
                                                      0.084     0.098 r  scan_y_q_reg[6]/Q
                         net (fo=8, routed)           0.030     0.128    scan_y_q[6]
    SLICE_X46Y148        LUT4 (Prop_H5LUT_SLICEL_I2_O)
                                                      0.022     0.150 r  scan_y_q[7]_i_2/O
                         net (fo=1, routed)           0.007     0.157    scan_y_q[7]_i_2_n_0
    SLICE_X46Y148        FDRE                                         r  scan_y_q_reg[7]/D
  -------------------------------------------------------------------    -------------------

                         (clock clk rise edge)        0.000     0.000 r  
                                                      0.000     0.000 r  clk (IN)
                         net (fo=432, unset)          0.020     0.020    clk
    SLICE_X46Y148        FDRE                                         r  scan_y_q_reg[7]/C
                         clock pessimism              0.000     0.020    
    SLICE_X46Y148        FDRE (Hold_HFF2_SLICEL_C_D)
                                                      0.045     0.065    scan_y_q_reg[7]
  -------------------------------------------------------------------
                         required time                         -0.065    
                         arrival time                           0.157    
  -------------------------------------------------------------------
                         slack                                  0.092    

Slack (MET) :             0.092ns  (arrival time - required time)
  Source:                 write_ring_row_q_reg[0]/C
                            (rising edge-triggered cell FDRE clocked by clk  {rise@0.000ns fall@2.500ns period=5.000ns})
  Destination:            write_ring_row_q_reg[1]/D
                            (rising edge-triggered cell FDRE clocked by clk  {rise@0.000ns fall@2.500ns period=5.000ns})
  Path Group:             clk
  Path Type:              Hold (Min at Fast Process Corner)
  Requirement:            0.000ns  (clk rise@0.000ns - clk rise@0.000ns)
  Data Path Delay:        0.143ns  (logic 0.106ns (73.985%)  route 0.037ns (26.015%))
  Logic Levels:           1  (LUT3=1)
  Clock Path Skew:        0.006ns (DCD - SCD - CPR)
    Destination Clock Delay (DCD):    0.020ns
    Source Clock Delay      (SCD):    0.014ns
    Clock Pessimism Removal (CPR):    -0.000ns

    Location             Delay type                Incr(ns)  Path(ns)    Netlist Resource(s)
  -------------------------------------------------------------------    -------------------
                         (clock clk rise edge)        0.000     0.000 r  
                                                      0.000     0.000 r  clk (IN)
                         net (fo=432, unset)          0.014     0.014    clk
    SLICE_X46Y143        FDRE                                         r  write_ring_row_q_reg[0]/C
  -------------------------------------------------------------------    -------------------
    SLICE_X46Y143        FDRE (Prop_HFF_SLICEL_C_Q)
                                                      0.084     0.098 r  write_ring_row_q_reg[0]/Q
                         net (fo=15, routed)          0.030     0.128    write_ring_row_q_reg_n_0_[0]
    SLICE_X46Y143        LUT3 (Prop_H5LUT_SLICEL_I2_O)
                                                      0.022     0.150 r  write_ring_row_q[1]_i_1/O
                         net (fo=1, routed)           0.007     0.157    write_ring_row_q[1]_i_1_n_0
    SLICE_X46Y143        FDRE                                         r  write_ring_row_q_reg[1]/D
  -------------------------------------------------------------------    -------------------

                         (clock clk rise edge)        0.000     0.000 r  
                                                      0.000     0.000 r  clk (IN)
                         net (fo=432, unset)          0.020     0.020    clk
    SLICE_X46Y143        FDRE                                         r  write_ring_row_q_reg[1]/C
                         clock pessimism              0.000     0.020    
    SLICE_X46Y143        FDRE (Hold_HFF2_SLICEL_C_D)
                                                      0.045     0.065    write_ring_row_q_reg[1]
  -------------------------------------------------------------------
                         required time                         -0.065    
                         arrival time                           0.157    
  -------------------------------------------------------------------
                         slack                                  0.092    

Slack (MET) :             0.094ns  (arrival time - required time)
  Source:                 emit_k_q_reg[7]/C
                            (rising edge-triggered cell FDRE clocked by clk  {rise@0.000ns fall@2.500ns period=5.000ns})
  Destination:            emit_k_q_reg[8]/D
                            (rising edge-triggered cell FDRE clocked by clk  {rise@0.000ns fall@2.500ns period=5.000ns})
  Path Group:             clk
  Path Type:              Hold (Min at Fast Process Corner)
  Requirement:            0.000ns  (clk rise@0.000ns - clk rise@0.000ns)
  Data Path Delay:        0.144ns  (logic 0.107ns (74.422%)  route 0.037ns (25.578%))
  Logic Levels:           1  (LUT5=1)
  Clock Path Skew:        0.005ns (DCD - SCD - CPR)
    Destination Clock Delay (DCD):    0.019ns
    Source Clock Delay      (SCD):    0.014ns
    Clock Pessimism Removal (CPR):    -0.000ns

    Location             Delay type                Incr(ns)  Path(ns)    Netlist Resource(s)
  -------------------------------------------------------------------    -------------------
                         (clock clk rise edge)        0.000     0.000 r  
                                                      0.000     0.000 r  clk (IN)
                         net (fo=432, unset)          0.014     0.014    clk
    SLICE_X51Y140        FDRE                                         r  emit_k_q_reg[7]/C
  -------------------------------------------------------------------    -------------------
    SLICE_X51Y140        FDRE (Prop_BFF_SLICEL_C_Q)
                                                      0.084     0.098 r  emit_k_q_reg[7]/Q
                         net (fo=4, routed)           0.029     0.127    m_k[7]
    SLICE_X51Y140        LUT5 (Prop_B5LUT_SLICEL_I2_O)
                                                      0.023     0.150 r  emit_k_q[8]_i_1/O
                         net (fo=1, routed)           0.008     0.158    emit_k_q[8]_i_1_n_0
    SLICE_X51Y140        FDRE                                         r  emit_k_q_reg[8]/D
  -------------------------------------------------------------------    -------------------

                         (clock clk rise edge)        0.000     0.000 r  
                                                      0.000     0.000 r  clk (IN)
                         net (fo=432, unset)          0.019     0.019    clk
    SLICE_X51Y140        FDRE                                         r  emit_k_q_reg[8]/C
                         clock pessimism              0.000     0.019    
    SLICE_X51Y140        FDRE (Hold_BFF2_SLICEL_C_D)
                                                      0.045     0.064    emit_k_q_reg[8]
  -------------------------------------------------------------------
                         required time                         -0.064    
                         arrival time                           0.158    
  -------------------------------------------------------------------
                         slack                                  0.094    

Slack (MET) :             0.095ns  (arrival time - required time)
  Source:                 write_ring_row_q_reg[2]/C
                            (rising edge-triggered cell FDRE clocked by clk  {rise@0.000ns fall@2.500ns period=5.000ns})
  Destination:            write_ring_row_q_reg[3]/D
                            (rising edge-triggered cell FDRE clocked by clk  {rise@0.000ns fall@2.500ns period=5.000ns})
  Path Group:             clk
  Path Type:              Hold (Min at Fast Process Corner)
  Requirement:            0.000ns  (clk rise@0.000ns - clk rise@0.000ns)
  Data Path Delay:        0.145ns  (logic 0.107ns (73.655%)  route 0.038ns (26.345%))
  Logic Levels:           1  (LUT5=1)
  Clock Path Skew:        0.005ns (DCD - SCD - CPR)
    Destination Clock Delay (DCD):    0.019ns
    Source Clock Delay      (SCD):    0.014ns
    Clock Pessimism Removal (CPR):    -0.000ns

    Location             Delay type                Incr(ns)  Path(ns)    Netlist Resource(s)
  -------------------------------------------------------------------    -------------------
                         (clock clk rise edge)        0.000     0.000 r  
                                                      0.000     0.000 r  clk (IN)
                         net (fo=432, unset)          0.014     0.014    clk
    SLICE_X46Y142        FDRE                                         r  write_ring_row_q_reg[2]/C
  -------------------------------------------------------------------    -------------------
    SLICE_X46Y142        FDRE (Prop_BFF_SLICEL_C_Q)
                                                      0.084     0.098 r  write_ring_row_q_reg[2]/Q
                         net (fo=11, routed)          0.030     0.128    write_ring_row_q_reg_n_0_[2]
    SLICE_X46Y142        LUT5 (Prop_B5LUT_SLICEL_I3_O)
                                                      0.023     0.151 r  write_ring_row_q[3]_i_3/O
                         net (fo=1, routed)           0.008     0.159    write_ring_row_q[3]_i_3_n_0
    SLICE_X46Y142        FDRE                                         r  write_ring_row_q_reg[3]/D
  -------------------------------------------------------------------    -------------------

                         (clock clk rise edge)        0.000     0.000 r  
                                                      0.000     0.000 r  clk (IN)
                         net (fo=432, unset)          0.019     0.019    clk
    SLICE_X46Y142        FDRE                                         r  write_ring_row_q_reg[3]/C
                         clock pessimism              0.000     0.019    
    SLICE_X46Y142        FDRE (Hold_BFF2_SLICEL_C_D)
                                                      0.045     0.064    write_ring_row_q_reg[3]
  -------------------------------------------------------------------
                         required time                         -0.064    
                         arrival time                           0.159    
  -------------------------------------------------------------------
                         slack                                  0.095    

Slack (MET) :             0.101ns  (arrival time - required time)
  Source:                 scan_x_q_reg[7]/C
                            (rising edge-triggered cell FDRE clocked by clk  {rise@0.000ns fall@2.500ns period=5.000ns})
  Destination:            scan_x_q_reg[7]/D
                            (rising edge-triggered cell FDRE clocked by clk  {rise@0.000ns fall@2.500ns period=5.000ns})
  Path Group:             clk
  Path Type:              Hold (Min at Fast Process Corner)
  Requirement:            0.000ns  (clk rise@0.000ns - clk rise@0.000ns)
  Data Path Delay:        0.150ns  (logic 0.105ns (70.170%)  route 0.045ns (29.830%))
  Logic Levels:           1  (LUT6=1)
  Clock Path Skew:        0.005ns (DCD - SCD - CPR)
    Destination Clock Delay (DCD):    0.019ns
    Source Clock Delay      (SCD):    0.014ns
    Clock Pessimism Removal (CPR):    -0.000ns

    Location             Delay type                Incr(ns)  Path(ns)    Netlist Resource(s)
  -------------------------------------------------------------------    -------------------
                         (clock clk rise edge)        0.000     0.000 r  
                                                      0.000     0.000 r  clk (IN)
                         net (fo=432, unset)          0.014     0.014    clk
    SLICE_X46Y148        FDRE                                         r  scan_x_q_reg[7]/C
  -------------------------------------------------------------------    -------------------
    SLICE_X46Y148        FDRE (Prop_DFF_SLICEL_C_Q)
                                                      0.084     0.098 r  scan_x_q_reg[7]/Q
                         net (fo=10, routed)          0.027     0.125    scan_x_q[7]
    SLICE_X46Y148        LUT6 (Prop_D6LUT_SLICEL_I4_O)
                                                      0.021     0.146 r  scan_x_q[7]_i_2/O
                         net (fo=1, routed)           0.018     0.164    scan_x_q[7]_i_2_n_0
    SLICE_X46Y148        FDRE                                         r  scan_x_q_reg[7]/D
  -------------------------------------------------------------------    -------------------

                         (clock clk rise edge)        0.000     0.000 r  
                                                      0.000     0.000 r  clk (IN)
                         net (fo=432, unset)          0.019     0.019    clk
    SLICE_X46Y148        FDRE                                         r  scan_x_q_reg[7]/C
                         clock pessimism              0.000     0.019    
    SLICE_X46Y148        FDRE (Hold_DFF_SLICEL_C_D)
                                                      0.044     0.063    scan_x_q_reg[7]
  -------------------------------------------------------------------
                         required time                         -0.063    
                         arrival time                           0.164    
  -------------------------------------------------------------------
                         slack                                  0.101    

Slack (MET) :             0.106ns  (arrival time - required time)
  Source:                 scan_y_q_reg[4]/C
                            (rising edge-triggered cell FDRE clocked by clk  {rise@0.000ns fall@2.500ns period=5.000ns})
  Destination:            scan_y_q_reg[4]/D
                            (rising edge-triggered cell FDRE clocked by clk  {rise@0.000ns fall@2.500ns period=5.000ns})
  Path Group:             clk
  Path Type:              Hold (Min at Fast Process Corner)
  Requirement:            0.000ns  (clk rise@0.000ns - clk rise@0.000ns)
  Data Path Delay:        0.155ns  (logic 0.105ns (67.623%)  route 0.050ns (32.377%))
  Logic Levels:           1  (LUT6=1)
  Clock Path Skew:        0.005ns (DCD - SCD - CPR)
    Destination Clock Delay (DCD):    0.019ns
    Source Clock Delay      (SCD):    0.014ns
    Clock Pessimism Removal (CPR):    -0.000ns

    Location             Delay type                Incr(ns)  Path(ns)    Netlist Resource(s)
  -------------------------------------------------------------------    -------------------
                         (clock clk rise edge)        0.000     0.000 r  
                                                      0.000     0.000 r  clk (IN)
                         net (fo=432, unset)          0.014     0.014    clk
    SLICE_X46Y146        FDRE                                         r  scan_y_q_reg[4]/C
  -------------------------------------------------------------------    -------------------
    SLICE_X46Y146        FDRE (Prop_CFF_SLICEL_C_Q)
                                                      0.084     0.098 r  scan_y_q_reg[4]/Q
                         net (fo=9, routed)           0.031     0.129    scan_y_q[4]
    SLICE_X46Y146        LUT6 (Prop_C6LUT_SLICEL_I5_O)
                                                      0.021     0.150 r  scan_y_q[4]_i_1/O
                         net (fo=1, routed)           0.019     0.169    scan_y_q[4]_i_1_n_0
    SLICE_X46Y146        FDRE                                         r  scan_y_q_reg[4]/D
  -------------------------------------------------------------------    -------------------

                         (clock clk rise edge)        0.000     0.000 r  
                                                      0.000     0.000 r  clk (IN)
                         net (fo=432, unset)          0.019     0.019    clk
    SLICE_X46Y146        FDRE                                         r  scan_y_q_reg[4]/C
                         clock pessimism              0.000     0.019    
    SLICE_X46Y146        FDRE (Hold_CFF_SLICEL_C_D)
                                                      0.044     0.063    scan_y_q_reg[4]
  -------------------------------------------------------------------
                         required time                         -0.063    
                         arrival time                           0.169    
  -------------------------------------------------------------------
                         slack                                  0.106    

Slack (MET) :             0.107ns  (arrival time - required time)
  Source:                 emit_kx_q_reg[2]/C
                            (rising edge-triggered cell FDRE clocked by clk  {rise@0.000ns fall@2.500ns period=5.000ns})
  Destination:            emit_kx_q_reg[3]/D
                            (rising edge-triggered cell FDRE clocked by clk  {rise@0.000ns fall@2.500ns period=5.000ns})
  Path Group:             clk
  Path Type:              Hold (Min at Fast Process Corner)
  Requirement:            0.000ns  (clk rise@0.000ns - clk rise@0.000ns)
  Data Path Delay:        0.157ns  (logic 0.121ns (77.254%)  route 0.036ns (22.746%))
  Logic Levels:           1  (LUT5=1)
  Clock Path Skew:        0.005ns (DCD - SCD - CPR)
    Destination Clock Delay (DCD):    0.019ns
    Source Clock Delay      (SCD):    0.014ns
    Clock Pessimism Removal (CPR):    -0.000ns

    Location             Delay type                Incr(ns)  Path(ns)    Netlist Resource(s)
  -------------------------------------------------------------------    -------------------
                         (clock clk rise edge)        0.000     0.000 r  
                                                      0.000     0.000 r  clk (IN)
                         net (fo=432, unset)          0.014     0.014    clk
    SLICE_X48Y145        FDRE                                         r  emit_kx_q_reg[2]/C
  -------------------------------------------------------------------    -------------------
    SLICE_X48Y145        FDRE (Prop_DFF_SLICEL_C_Q)
                                                      0.084     0.098 r  emit_kx_q_reg[2]/Q
                         net (fo=8, routed)           0.029     0.127    emit_kx_q__0[2]
    SLICE_X48Y145        LUT5 (Prop_D5LUT_SLICEL_I3_O)
                                                      0.037     0.164 r  emit_kx_q[3]_i_1/O
                         net (fo=1, routed)           0.007     0.171    emit_kx_q[3]_i_1_n_0
    SLICE_X48Y145        FDRE                                         r  emit_kx_q_reg[3]/D
  -------------------------------------------------------------------    -------------------

                         (clock clk rise edge)        0.000     0.000 r  
                                                      0.000     0.000 r  clk (IN)
                         net (fo=432, unset)          0.019     0.019    clk
    SLICE_X48Y145        FDRE                                         r  emit_kx_q_reg[3]/C
                         clock pessimism              0.000     0.019    
    SLICE_X48Y145        FDRE (Hold_DFF2_SLICEL_C_D)
                                                      0.045     0.064    emit_kx_q_reg[3]
  -------------------------------------------------------------------
                         required time                         -0.064    
                         arrival time                           0.171    
  -------------------------------------------------------------------
                         slack                                  0.107    

Slack (MET) :             0.108ns  (arrival time - required time)
  Source:                 emit_k_q_reg[0]/C
                            (rising edge-triggered cell FDRE clocked by clk  {rise@0.000ns fall@2.500ns period=5.000ns})
  Destination:            emit_k_q_reg[3]/D
                            (rising edge-triggered cell FDRE clocked by clk  {rise@0.000ns fall@2.500ns period=5.000ns})
  Path Group:             clk
  Path Type:              Hold (Min at Fast Process Corner)
  Requirement:            0.000ns  (clk rise@0.000ns - clk rise@0.000ns)
  Data Path Delay:        0.158ns  (logic 0.121ns (76.451%)  route 0.037ns (23.549%))
  Logic Levels:           1  (LUT5=1)
  Clock Path Skew:        0.005ns (DCD - SCD - CPR)
    Destination Clock Delay (DCD):    0.019ns
    Source Clock Delay      (SCD):    0.014ns
    Clock Pessimism Removal (CPR):    -0.000ns

    Location             Delay type                Incr(ns)  Path(ns)    Netlist Resource(s)
  -------------------------------------------------------------------    -------------------
                         (clock clk rise edge)        0.000     0.000 r  
                                                      0.000     0.000 r  clk (IN)
                         net (fo=432, unset)          0.014     0.014    clk
    SLICE_X51Y140        FDRE                                         r  emit_k_q_reg[0]/C
  -------------------------------------------------------------------    -------------------
    SLICE_X51Y140        FDRE (Prop_DFF_SLICEL_C_Q)
                                                      0.084     0.098 r  emit_k_q_reg[0]/Q
                         net (fo=8, routed)           0.030     0.128    m_k[0]
    SLICE_X51Y140        LUT5 (Prop_C5LUT_SLICEL_I2_O)
                                                      0.037     0.165 r  emit_k_q[3]_i_1/O
                         net (fo=1, routed)           0.007     0.172    p_0_in__1[3]
    SLICE_X51Y140        FDRE                                         r  emit_k_q_reg[3]/D
  -------------------------------------------------------------------    -------------------

                         (clock clk rise edge)        0.000     0.000 r  
                                                      0.000     0.000 r  clk (IN)
                         net (fo=432, unset)          0.019     0.019    clk
    SLICE_X51Y140        FDRE                                         r  emit_k_q_reg[3]/C
                         clock pessimism              0.000     0.019    
    SLICE_X51Y140        FDRE (Hold_CFF2_SLICEL_C_D)
                                                      0.045     0.064    emit_k_q_reg[3]
  -------------------------------------------------------------------
                         required time                         -0.064    
                         arrival time                           0.172    
  -------------------------------------------------------------------
                         slack                                  0.108    

Slack (MET) :             0.109ns  (arrival time - required time)
  Source:                 emit_ky_q_reg[2]/C
                            (rising edge-triggered cell FDRE clocked by clk  {rise@0.000ns fall@2.500ns period=5.000ns})
  Destination:            emit_ky_q_reg[3]/D
                            (rising edge-triggered cell FDRE clocked by clk  {rise@0.000ns fall@2.500ns period=5.000ns})
  Path Group:             clk
  Path Type:              Hold (Min at Fast Process Corner)
  Requirement:            0.000ns  (clk rise@0.000ns - clk rise@0.000ns)
  Data Path Delay:        0.159ns  (logic 0.121ns (76.213%)  route 0.038ns (23.787%))
  Logic Levels:           1  (LUT5=1)
  Clock Path Skew:        0.005ns (DCD - SCD - CPR)
    Destination Clock Delay (DCD):    0.019ns
    Source Clock Delay      (SCD):    0.014ns
    Clock Pessimism Removal (CPR):    -0.000ns

    Location             Delay type                Incr(ns)  Path(ns)    Netlist Resource(s)
  -------------------------------------------------------------------    -------------------
                         (clock clk rise edge)        0.000     0.000 r  
                                                      0.000     0.000 r  clk (IN)
                         net (fo=432, unset)          0.014     0.014    clk
    SLICE_X50Y144        FDRE                                         r  emit_ky_q_reg[2]/C
  -------------------------------------------------------------------    -------------------
    SLICE_X50Y144        FDRE (Prop_DFF_SLICEL_C_Q)
                                                      0.084     0.098 r  emit_ky_q_reg[2]/Q
                         net (fo=8, routed)           0.031     0.129    emit_ky_q_reg_n_0_[2]
    SLICE_X50Y144        LUT5 (Prop_D5LUT_SLICEL_I3_O)
                                                      0.037     0.166 r  emit_ky_q[3]_i_1/O
                         net (fo=1, routed)           0.007     0.173    emit_ky_q[3]_i_1_n_0
    SLICE_X50Y144        FDRE                                         r  emit_ky_q_reg[3]/D
  -------------------------------------------------------------------    -------------------

                         (clock clk rise edge)        0.000     0.000 r  
                                                      0.000     0.000 r  clk (IN)
                         net (fo=432, unset)          0.019     0.019    clk
    SLICE_X50Y144        FDRE                                         r  emit_ky_q_reg[3]/C
                         clock pessimism              0.000     0.019    
    SLICE_X50Y144        FDRE (Hold_DFF2_SLICEL_C_D)
                                                      0.045     0.064    emit_ky_q_reg[3]
  -------------------------------------------------------------------
                         required time                         -0.064    
                         arrival time                           0.173    
  -------------------------------------------------------------------
                         slack                                  0.109    

Slack (MET) :             0.110ns  (arrival time - required time)
  Source:                 group_x_q_reg[6]/C
                            (rising edge-triggered cell FDRE clocked by clk  {rise@0.000ns fall@2.500ns period=5.000ns})
  Destination:            group_x_q_reg[6]/D
                            (rising edge-triggered cell FDRE clocked by clk  {rise@0.000ns fall@2.500ns period=5.000ns})
  Path Group:             clk
  Path Type:              Hold (Min at Fast Process Corner)
  Requirement:            0.000ns  (clk rise@0.000ns - clk rise@0.000ns)
  Data Path Delay:        0.159ns  (logic 0.106ns (66.709%)  route 0.053ns (33.291%))
  Logic Levels:           1  (LUT6=1)
  Clock Path Skew:        0.005ns (DCD - SCD - CPR)
    Destination Clock Delay (DCD):    0.019ns
    Source Clock Delay      (SCD):    0.014ns
    Clock Pessimism Removal (CPR):    -0.000ns

    Location             Delay type                Incr(ns)  Path(ns)    Netlist Resource(s)
  -------------------------------------------------------------------    -------------------
                         (clock clk rise edge)        0.000     0.000 r  
                                                      0.000     0.000 r  clk (IN)
                         net (fo=432, unset)          0.014     0.014    clk
    SLICE_X50Y146        FDRE                                         r  group_x_q_reg[6]/C
  -------------------------------------------------------------------    -------------------
    SLICE_X50Y146        FDRE (Prop_BFF_SLICEL_C_Q)
                                                      0.084     0.098 r  group_x_q_reg[6]/Q
                         net (fo=14, routed)          0.036     0.134    m_output_x[6]
    SLICE_X50Y146        LUT6 (Prop_B6LUT_SLICEL_I5_O)
                                                      0.022     0.156 r  group_x_q[6]_i_1/O
                         net (fo=1, routed)           0.017     0.173    group_x_q[6]_i_1_n_0
    SLICE_X50Y146        FDRE                                         r  group_x_q_reg[6]/D
  -------------------------------------------------------------------    -------------------

                         (clock clk rise edge)        0.000     0.000 r  
                                                      0.000     0.000 r  clk (IN)
                         net (fo=432, unset)          0.019     0.019    clk
    SLICE_X50Y146        FDRE                                         r  group_x_q_reg[6]/C
                         clock pessimism              0.000     0.019    
    SLICE_X50Y146        FDRE (Hold_BFF_SLICEL_C_D)
                                                      0.044     0.063    group_x_q_reg[6]
  -------------------------------------------------------------------
                         required time                         -0.063    
                         arrival time                           0.173    
  -------------------------------------------------------------------
                         slack                                  0.110    

Slack (MET) :             0.112ns  (arrival time - required time)
  Source:                 scan_x_q_reg[3]/C
                            (rising edge-triggered cell FDRE clocked by clk  {rise@0.000ns fall@2.500ns period=5.000ns})
  Destination:            scan_x_q_reg[4]/D
                            (rising edge-triggered cell FDRE clocked by clk  {rise@0.000ns fall@2.500ns period=5.000ns})
  Path Group:             clk
  Path Type:              Hold (Min at Fast Process Corner)
  Requirement:            0.000ns  (clk rise@0.000ns - clk rise@0.000ns)
  Data Path Delay:        0.162ns  (logic 0.121ns (74.734%)  route 0.041ns (25.266%))
  Logic Levels:           1  (LUT5=1)
  Clock Path Skew:        0.005ns (DCD - SCD - CPR)
    Destination Clock Delay (DCD):    0.019ns
    Source Clock Delay      (SCD):    0.014ns
    Clock Pessimism Removal (CPR):    -0.000ns

    Location             Delay type                Incr(ns)  Path(ns)    Netlist Resource(s)
  -------------------------------------------------------------------    -------------------
                         (clock clk rise edge)        0.000     0.000 r  
                                                      0.000     0.000 r  clk (IN)
                         net (fo=432, unset)          0.014     0.014    clk
    SLICE_X44Y147        FDRE                                         r  scan_x_q_reg[3]/C
  -------------------------------------------------------------------    -------------------
    SLICE_X44Y147        FDRE (Prop_DFF_SLICEL_C_Q)
                                                      0.084     0.098 r  scan_x_q_reg[3]/Q
                         net (fo=10, routed)          0.034     0.132    scan_x_q[3]
    SLICE_X44Y147        LUT5 (Prop_D5LUT_SLICEL_I1_O)
                                                      0.037     0.169 r  scan_x_q[4]_i_1/O
                         net (fo=1, routed)           0.007     0.176    scan_x_q[4]_i_1_n_0
    SLICE_X44Y147        FDRE                                         r  scan_x_q_reg[4]/D
  -------------------------------------------------------------------    -------------------

                         (clock clk rise edge)        0.000     0.000 r  
                                                      0.000     0.000 r  clk (IN)
                         net (fo=432, unset)          0.019     0.019    clk
    SLICE_X44Y147        FDRE                                         r  scan_x_q_reg[4]/C
                         clock pessimism              0.000     0.019    
    SLICE_X44Y147        FDRE (Hold_DFF2_SLICEL_C_D)
                                                      0.045     0.064    scan_x_q_reg[4]
  -------------------------------------------------------------------
                         required time                         -0.064    
                         arrival time                           0.176    
  -------------------------------------------------------------------
                         slack                                  0.112    

Slack (MET) :             0.114ns  (arrival time - required time)
  Source:                 scan_x_q_reg[0]/C
                            (rising edge-triggered cell FDRE clocked by clk  {rise@0.000ns fall@2.500ns period=5.000ns})
  Destination:            scan_x_q_reg[1]/D
                            (rising edge-triggered cell FDRE clocked by clk  {rise@0.000ns fall@2.500ns period=5.000ns})
  Path Group:             clk
  Path Type:              Hold (Min at Fast Process Corner)
  Requirement:            0.000ns  (clk rise@0.000ns - clk rise@0.000ns)
  Data Path Delay:        0.164ns  (logic 0.121ns (73.826%)  route 0.043ns (26.174%))
  Logic Levels:           1  (LUT5=1)
  Clock Path Skew:        0.005ns (DCD - SCD - CPR)
    Destination Clock Delay (DCD):    0.019ns
    Source Clock Delay      (SCD):    0.014ns
    Clock Pessimism Removal (CPR):    -0.000ns

    Location             Delay type                Incr(ns)  Path(ns)    Netlist Resource(s)
  -------------------------------------------------------------------    -------------------
                         (clock clk rise edge)        0.000     0.000 r  
                                                      0.000     0.000 r  clk (IN)
                         net (fo=432, unset)          0.014     0.014    clk
    SLICE_X46Y147        FDRE                                         r  scan_x_q_reg[0]/C
  -------------------------------------------------------------------    -------------------
    SLICE_X46Y147        FDRE (Prop_DFF_SLICEL_C_Q)
                                                      0.084     0.098 r  scan_x_q_reg[0]/Q
                         net (fo=17, routed)          0.036     0.134    scan_x_q[0]
    SLICE_X46Y147        LUT5 (Prop_D5LUT_SLICEL_I3_O)
                                                      0.037     0.171 r  scan_x_q[1]_i_1/O
                         net (fo=1, routed)           0.007     0.178    scan_x_q[1]_i_1_n_0
    SLICE_X46Y147        FDRE                                         r  scan_x_q_reg[1]/D
  -------------------------------------------------------------------    -------------------

                         (clock clk rise edge)        0.000     0.000 r  
                                                      0.000     0.000 r  clk (IN)
                         net (fo=432, unset)          0.019     0.019    clk
    SLICE_X46Y147        FDRE                                         r  scan_x_q_reg[1]/C
                         clock pessimism              0.000     0.019    
    SLICE_X46Y147        FDRE (Hold_DFF2_SLICEL_C_D)
                                                      0.045     0.064    scan_x_q_reg[1]
  -------------------------------------------------------------------
                         required time                         -0.064    
                         arrival time                           0.178    
  -------------------------------------------------------------------
                         slack                                  0.114    

Slack (MET) :             0.114ns  (arrival time - required time)
  Source:                 scan_y_q_reg[0]/C
                            (rising edge-triggered cell FDRE clocked by clk  {rise@0.000ns fall@2.500ns period=5.000ns})
  Destination:            scan_y_q_reg[1]/D
                            (rising edge-triggered cell FDRE clocked by clk  {rise@0.000ns fall@2.500ns period=5.000ns})
  Path Group:             clk
  Path Type:              Hold (Min at Fast Process Corner)
  Requirement:            0.000ns  (clk rise@0.000ns - clk rise@0.000ns)
  Data Path Delay:        0.164ns  (logic 0.121ns (73.826%)  route 0.043ns (26.174%))
  Logic Levels:           1  (LUT3=1)
  Clock Path Skew:        0.005ns (DCD - SCD - CPR)
    Destination Clock Delay (DCD):    0.019ns
    Source Clock Delay      (SCD):    0.014ns
    Clock Pessimism Removal (CPR):    -0.000ns

    Location             Delay type                Incr(ns)  Path(ns)    Netlist Resource(s)
  -------------------------------------------------------------------    -------------------
                         (clock clk rise edge)        0.000     0.000 r  
                                                      0.000     0.000 r  clk (IN)
                         net (fo=432, unset)          0.014     0.014    clk
    SLICE_X46Y146        FDRE                                         r  scan_y_q_reg[0]/C
  -------------------------------------------------------------------    -------------------
    SLICE_X46Y146        FDRE (Prop_DFF_SLICEL_C_Q)
                                                      0.084     0.098 r  scan_y_q_reg[0]/Q
                         net (fo=12, routed)          0.036     0.134    scan_y_q[0]
    SLICE_X46Y146        LUT3 (Prop_D5LUT_SLICEL_I2_O)
                                                      0.037     0.171 r  scan_y_q[1]_i_1/O
                         net (fo=1, routed)           0.007     0.178    scan_y_q[1]_i_1_n_0
    SLICE_X46Y146        FDRE                                         r  scan_y_q_reg[1]/D
  -------------------------------------------------------------------    -------------------

                         (clock clk rise edge)        0.000     0.000 r  
                                                      0.000     0.000 r  clk (IN)
                         net (fo=432, unset)          0.019     0.019    clk
    SLICE_X46Y146        FDRE                                         r  scan_y_q_reg[1]/C
                         clock pessimism              0.000     0.019    
    SLICE_X46Y146        FDRE (Hold_DFF2_SLICEL_C_D)
                                                      0.045     0.064    scan_y_q_reg[1]
  -------------------------------------------------------------------
                         required time                         -0.064    
                         arrival time                           0.178    
  -------------------------------------------------------------------
                         slack                                  0.114    

Slack (MET) :             0.116ns  (arrival time - required time)
  Source:                 state_q_reg[2]/C
                            (rising edge-triggered cell FDRE clocked by clk  {rise@0.000ns fall@2.500ns period=5.000ns})
  Destination:            state_q_reg[2]/D
                            (rising edge-triggered cell FDRE clocked by clk  {rise@0.000ns fall@2.500ns period=5.000ns})
  Path Group:             clk
  Path Type:              Hold (Min at Fast Process Corner)
  Requirement:            0.000ns  (clk rise@0.000ns - clk rise@0.000ns)
  Data Path Delay:        0.165ns  (logic 0.106ns (64.428%)  route 0.059ns (35.572%))
  Logic Levels:           1  (LUT6=1)
  Clock Path Skew:        0.005ns (DCD - SCD - CPR)
    Destination Clock Delay (DCD):    0.019ns
    Source Clock Delay      (SCD):    0.014ns
    Clock Pessimism Removal (CPR):    -0.000ns

    Location             Delay type                Incr(ns)  Path(ns)    Netlist Resource(s)
  -------------------------------------------------------------------    -------------------
                         (clock clk rise edge)        0.000     0.000 r  
                                                      0.000     0.000 r  clk (IN)
                         net (fo=432, unset)          0.014     0.014    clk
    SLICE_X50Y145        FDRE                                         r  state_q_reg[2]/C
  -------------------------------------------------------------------    -------------------
    SLICE_X50Y145        FDRE (Prop_BFF_SLICEL_C_Q)
                                                      0.084     0.098 f  state_q_reg[2]/Q
                         net (fo=38, routed)          0.042     0.140    state_q[2]
    SLICE_X50Y145        LUT6 (Prop_B6LUT_SLICEL_I1_O)
                                                      0.022     0.162 r  state_q[2]_i_2/O
                         net (fo=1, routed)           0.017     0.179    state_q[2]_i_2_n_0
    SLICE_X50Y145        FDRE                                         r  state_q_reg[2]/D
  -------------------------------------------------------------------    -------------------

                         (clock clk rise edge)        0.000     0.000 r  
                                                      0.000     0.000 r  clk (IN)
                         net (fo=432, unset)          0.019     0.019    clk
    SLICE_X50Y145        FDRE                                         r  state_q_reg[2]/C
                         clock pessimism              0.000     0.019    
    SLICE_X50Y145        FDRE (Hold_BFF_SLICEL_C_D)
                                                      0.044     0.063    state_q_reg[2]
  -------------------------------------------------------------------
                         required time                         -0.063    
                         arrival time                           0.179    
  -------------------------------------------------------------------
                         slack                                  0.116    

Slack (MET) :             0.116ns  (arrival time - required time)
  Source:                 read_m_q_reg[1]/C
                            (rising edge-triggered cell FDRE clocked by clk  {rise@0.000ns fall@2.500ns period=5.000ns})
  Destination:            read_m_q_reg[2]/D
                            (rising edge-triggered cell FDRE clocked by clk  {rise@0.000ns fall@2.500ns period=5.000ns})
  Path Group:             clk
  Path Type:              Hold (Min at Fast Process Corner)
  Requirement:            0.000ns  (clk rise@0.000ns - clk rise@0.000ns)
  Data Path Delay:        0.168ns  (logic 0.124ns (73.690%)  route 0.044ns (26.310%))
  Logic Levels:           1  (LUT4=1)
  Clock Path Skew:        0.007ns (DCD - SCD - CPR)
    Destination Clock Delay (DCD):    0.021ns
    Source Clock Delay      (SCD):    0.014ns
    Clock Pessimism Removal (CPR):    -0.000ns

    Location             Delay type                Incr(ns)  Path(ns)    Netlist Resource(s)
  -------------------------------------------------------------------    -------------------
                         (clock clk rise edge)        0.000     0.000 r  
                                                      0.000     0.000 r  clk (IN)
                         net (fo=432, unset)          0.014     0.014    clk
    SLICE_X45Y143        FDRE                                         r  read_m_q_reg[1]/C
  -------------------------------------------------------------------    -------------------
    SLICE_X45Y143        FDRE (Prop_DFF_SLICEM_C_Q)
                                                      0.083     0.097 r  read_m_q_reg[1]/Q
                         net (fo=13, routed)          0.034     0.131    read_m_q_reg_n_0_[1]
    SLICE_X45Y143        LUT4 (Prop_D5LUT_SLICEM_I2_O)
                                                      0.041     0.172 r  read_m_q[2]_i_2/O
                         net (fo=1, routed)           0.010     0.182    read_m_q[2]_i_2_n_0
    SLICE_X45Y143        FDRE                                         r  read_m_q_reg[2]/D
  -------------------------------------------------------------------    -------------------

                         (clock clk rise edge)        0.000     0.000 r  
                                                      0.000     0.000 r  clk (IN)
                         net (fo=432, unset)          0.021     0.021    clk
    SLICE_X45Y143        FDRE                                         r  read_m_q_reg[2]/C
                         clock pessimism              0.000     0.021    
    SLICE_X45Y143        FDRE (Hold_DFF2_SLICEM_C_D)
                                                      0.045     0.066    read_m_q_reg[2]
  -------------------------------------------------------------------
                         required time                         -0.066    
                         arrival time                           0.182    
  -------------------------------------------------------------------
                         slack                                  0.116    

Slack (MET) :             0.117ns  (arrival time - required time)
  Source:                 scan_x_q_reg[2]/C
                            (rising edge-triggered cell FDRE clocked by clk  {rise@0.000ns fall@2.500ns period=5.000ns})
  Destination:            scan_x_q_reg[2]/D
                            (rising edge-triggered cell FDRE clocked by clk  {rise@0.000ns fall@2.500ns period=5.000ns})
  Path Group:             clk
  Path Type:              Hold (Min at Fast Process Corner)
  Requirement:            0.000ns  (clk rise@0.000ns - clk rise@0.000ns)
  Data Path Delay:        0.166ns  (logic 0.105ns (63.184%)  route 0.061ns (36.815%))
  Logic Levels:           1  (LUT6=1)
  Clock Path Skew:        0.005ns (DCD - SCD - CPR)
    Destination Clock Delay (DCD):    0.019ns
    Source Clock Delay      (SCD):    0.014ns
    Clock Pessimism Removal (CPR):    -0.000ns

    Location             Delay type                Incr(ns)  Path(ns)    Netlist Resource(s)
  -------------------------------------------------------------------    -------------------
                         (clock clk rise edge)        0.000     0.000 r  
                                                      0.000     0.000 r  clk (IN)
                         net (fo=432, unset)          0.014     0.014    clk
    SLICE_X46Y147        FDRE                                         r  scan_x_q_reg[2]/C
  -------------------------------------------------------------------    -------------------
    SLICE_X46Y147        FDRE (Prop_CFF_SLICEL_C_Q)
                                                      0.084     0.098 r  scan_x_q_reg[2]/Q
                         net (fo=11, routed)          0.042     0.140    scan_x_q[2]
    SLICE_X46Y147        LUT6 (Prop_C6LUT_SLICEL_I3_O)
                                                      0.021     0.161 r  scan_x_q[2]_i_1/O
                         net (fo=1, routed)           0.019     0.180    scan_x_q[2]_i_1_n_0
    SLICE_X46Y147        FDRE                                         r  scan_x_q_reg[2]/D
  -------------------------------------------------------------------    -------------------

                         (clock clk rise edge)        0.000     0.000 r  
                                                      0.000     0.000 r  clk (IN)
                         net (fo=432, unset)          0.019     0.019    clk
    SLICE_X46Y147        FDRE                                         r  scan_x_q_reg[2]/C
                         clock pessimism              0.000     0.019    
    SLICE_X46Y147        FDRE (Hold_CFF_SLICEL_C_D)
                                                      0.044     0.063    scan_x_q_reg[2]
  -------------------------------------------------------------------
                         required time                         -0.063    
                         arrival time                           0.180    
  -------------------------------------------------------------------
                         slack                                  0.117    

Slack (MET) :             0.118ns  (arrival time - required time)
  Source:                 emit_k_q_reg[5]/C
                            (rising edge-triggered cell FDRE clocked by clk  {rise@0.000ns fall@2.500ns period=5.000ns})
  Destination:            emit_k_q_reg[5]/D
                            (rising edge-triggered cell FDRE clocked by clk  {rise@0.000ns fall@2.500ns period=5.000ns})
  Path Group:             clk
  Path Type:              Hold (Min at Fast Process Corner)
  Requirement:            0.000ns  (clk rise@0.000ns - clk rise@0.000ns)
  Data Path Delay:        0.167ns  (logic 0.121ns (72.613%)  route 0.046ns (27.387%))
  Logic Levels:           1  (LUT6=1)
  Clock Path Skew:        0.005ns (DCD - SCD - CPR)
    Destination Clock Delay (DCD):    0.019ns
    Source Clock Delay      (SCD):    0.014ns
    Clock Pessimism Removal (CPR):    -0.000ns

    Location             Delay type                Incr(ns)  Path(ns)    Netlist Resource(s)
  -------------------------------------------------------------------    -------------------
                         (clock clk rise edge)        0.000     0.000 r  
                                                      0.000     0.000 r  clk (IN)
                         net (fo=432, unset)          0.014     0.014    clk
    SLICE_X51Y143        FDRE                                         r  emit_k_q_reg[5]/C
  -------------------------------------------------------------------    -------------------
    SLICE_X51Y143        FDRE (Prop_AFF_SLICEL_C_Q)
                                                      0.084     0.098 r  emit_k_q_reg[5]/Q
                         net (fo=3, routed)           0.028     0.126    m_k[5]
    SLICE_X51Y143        LUT6 (Prop_A6LUT_SLICEL_I5_O)
                                                      0.037     0.163 r  emit_k_q[5]_i_1/O
                         net (fo=1, routed)           0.018     0.181    p_0_in__1[5]
    SLICE_X51Y143        FDRE                                         r  emit_k_q_reg[5]/D
  -------------------------------------------------------------------    -------------------

                         (clock clk rise edge)        0.000     0.000 r  
                                                      0.000     0.000 r  clk (IN)
                         net (fo=432, unset)          0.019     0.019    clk
    SLICE_X51Y143        FDRE                                         r  emit_k_q_reg[5]/C
                         clock pessimism              0.000     0.019    
    SLICE_X51Y143        FDRE (Hold_AFF_SLICEL_C_D)
                                                      0.044     0.063    emit_k_q_reg[5]
  -------------------------------------------------------------------
                         required time                         -0.063    
                         arrival time                           0.181    
  -------------------------------------------------------------------
                         slack                                  0.118    

Slack (MET) :             0.118ns  (arrival time - required time)
  Source:                 group_x_q_reg[4]/C
                            (rising edge-triggered cell FDRE clocked by clk  {rise@0.000ns fall@2.500ns period=5.000ns})
  Destination:            group_x_q_reg[5]/D
                            (rising edge-triggered cell FDRE clocked by clk  {rise@0.000ns fall@2.500ns period=5.000ns})
  Path Group:             clk
  Path Type:              Hold (Min at Fast Process Corner)
  Requirement:            0.000ns  (clk rise@0.000ns - clk rise@0.000ns)
  Data Path Delay:        0.168ns  (logic 0.121ns (72.160%)  route 0.047ns (27.840%))
  Logic Levels:           1  (LUT5=1)
  Clock Path Skew:        0.005ns (DCD - SCD - CPR)
    Destination Clock Delay (DCD):    0.019ns
    Source Clock Delay      (SCD):    0.014ns
    Clock Pessimism Removal (CPR):    -0.000ns

    Location             Delay type                Incr(ns)  Path(ns)    Netlist Resource(s)
  -------------------------------------------------------------------    -------------------
                         (clock clk rise edge)        0.000     0.000 r  
                                                      0.000     0.000 r  clk (IN)
                         net (fo=432, unset)          0.014     0.014    clk
    SLICE_X50Y148        FDRE                                         r  group_x_q_reg[4]/C
  -------------------------------------------------------------------    -------------------
    SLICE_X50Y148        FDRE (Prop_DFF_SLICEL_C_Q)
                                                      0.084     0.098 r  group_x_q_reg[4]/Q
                         net (fo=20, routed)          0.040     0.138    m_output_x[4]
    SLICE_X50Y148        LUT5 (Prop_D5LUT_SLICEL_I3_O)
                                                      0.037     0.175 r  group_x_q[5]_i_1/O
                         net (fo=1, routed)           0.007     0.182    group_x_q[5]_i_1_n_0
    SLICE_X50Y148        FDRE                                         r  group_x_q_reg[5]/D
  -------------------------------------------------------------------    -------------------

                         (clock clk rise edge)        0.000     0.000 r  
                                                      0.000     0.000 r  clk (IN)
                         net (fo=432, unset)          0.019     0.019    clk
    SLICE_X50Y148        FDRE                                         r  group_x_q_reg[5]/C
                         clock pessimism              0.000     0.019    
    SLICE_X50Y148        FDRE (Hold_DFF2_SLICEL_C_D)
                                                      0.045     0.064    group_x_q_reg[5]
  -------------------------------------------------------------------
                         required time                         -0.064    
                         arrival time                           0.182    
  -------------------------------------------------------------------
                         slack                                  0.118    

Slack (MET) :             0.119ns  (arrival time - required time)
  Source:                 emit_k_q_reg[7]/C
                            (rising edge-triggered cell FDRE clocked by clk  {rise@0.000ns fall@2.500ns period=5.000ns})
  Destination:            emit_k_q_reg[7]/D
                            (rising edge-triggered cell FDRE clocked by clk  {rise@0.000ns fall@2.500ns period=5.000ns})
  Path Group:             clk
  Path Type:              Hold (Min at Fast Process Corner)
  Requirement:            0.000ns  (clk rise@0.000ns - clk rise@0.000ns)
  Data Path Delay:        0.168ns  (logic 0.122ns (72.716%)  route 0.046ns (27.284%))
  Logic Levels:           1  (LUT4=1)
  Clock Path Skew:        0.005ns (DCD - SCD - CPR)
    Destination Clock Delay (DCD):    0.019ns
    Source Clock Delay      (SCD):    0.014ns
    Clock Pessimism Removal (CPR):    -0.000ns

    Location             Delay type                Incr(ns)  Path(ns)    Netlist Resource(s)
  -------------------------------------------------------------------    -------------------
                         (clock clk rise edge)        0.000     0.000 r  
                                                      0.000     0.000 r  clk (IN)
                         net (fo=432, unset)          0.014     0.014    clk
    SLICE_X51Y140        FDRE                                         r  emit_k_q_reg[7]/C
  -------------------------------------------------------------------    -------------------
    SLICE_X51Y140        FDRE (Prop_BFF_SLICEL_C_Q)
                                                      0.084     0.098 r  emit_k_q_reg[7]/Q
                         net (fo=4, routed)           0.029     0.127    m_k[7]
    SLICE_X51Y140        LUT4 (Prop_B6LUT_SLICEL_I3_O)
                                                      0.038     0.165 r  emit_k_q[7]_i_1/O
                         net (fo=1, routed)           0.017     0.182    p_0_in__1[7]
    SLICE_X51Y140        FDRE                                         r  emit_k_q_reg[7]/D
  -------------------------------------------------------------------    -------------------

                         (clock clk rise edge)        0.000     0.000 r  
                                                      0.000     0.000 r  clk (IN)
                         net (fo=432, unset)          0.019     0.019    clk
    SLICE_X51Y140        FDRE                                         r  emit_k_q_reg[7]/C
                         clock pessimism              0.000     0.019    
    SLICE_X51Y140        FDRE (Hold_BFF_SLICEL_C_D)
                                                      0.044     0.063    emit_k_q_reg[7]
  -------------------------------------------------------------------
                         required time                         -0.063    
                         arrival time                           0.182    
  -------------------------------------------------------------------
                         slack                                  0.119    





Pulse Width Checks
--------------------------------------------------------------------------------------
Clock Name:         clk
Waveform(ns):       { 0.000 2.500 }
Period(ns):         5.000
Sources:            { clk }

Check Type        Corner  Lib Pin             Reference Pin  Required(ns)  Actual(ns)  Slack(ns)  Location       Pin
Min Period        n/a     RAMB36E2/CLKARDCLK  n/a            1.960         5.000       3.040      RAMB36_X1Y27   g_ring_bank[0].mem_reg/CLKARDCLK
Min Period        n/a     RAMB36E2/CLKBWRCLK  n/a            1.960         5.000       3.040      RAMB36_X1Y27   g_ring_bank[0].mem_reg/CLKBWRCLK
Min Period        n/a     RAMB36E2/CLKARDCLK  n/a            1.960         5.000       3.040      RAMB36_X1Y28   g_ring_bank[1].mem_reg/CLKARDCLK
Min Period        n/a     RAMB36E2/CLKBWRCLK  n/a            1.960         5.000       3.040      RAMB36_X1Y28   g_ring_bank[1].mem_reg/CLKBWRCLK
Min Period        n/a     RAMB36E2/CLKARDCLK  n/a            1.960         5.000       3.040      RAMB36_X2Y28   g_ring_bank[2].mem_reg/CLKARDCLK
Min Period        n/a     RAMB36E2/CLKBWRCLK  n/a            1.960         5.000       3.040      RAMB36_X2Y28   g_ring_bank[2].mem_reg/CLKBWRCLK
Min Period        n/a     RAMB36E2/CLKARDCLK  n/a            1.960         5.000       3.040      RAMB36_X2Y27   g_ring_bank[3].mem_reg/CLKARDCLK
Min Period        n/a     RAMB36E2/CLKBWRCLK  n/a            1.960         5.000       3.040      RAMB36_X2Y27   g_ring_bank[3].mem_reg/CLKBWRCLK
Min Period        n/a     RAMB36E2/CLKARDCLK  n/a            1.960         5.000       3.040      RAMB36_X1Y26   g_ring_bank[4].mem_reg/CLKARDCLK
Min Period        n/a     RAMB36E2/CLKBWRCLK  n/a            1.960         5.000       3.040      RAMB36_X1Y26   g_ring_bank[4].mem_reg/CLKBWRCLK
Min Period        n/a     FDRE/C              n/a            0.550         5.000       4.450      SLICE_X51Y146  channel_count_q_reg[0]/C
Min Period        n/a     FDRE/C              n/a            0.550         5.000       4.450      SLICE_X51Y146  channel_count_q_reg[1]/C
Min Period        n/a     FDRE/C              n/a            0.550         5.000       4.450      SLICE_X51Y146  channel_count_q_reg[2]/C
Min Period        n/a     FDRE/C              n/a            0.550         5.000       4.450      SLICE_X51Y146  channel_count_q_reg[3]/C
Min Period        n/a     FDRE/C              n/a            0.550         5.000       4.450      SLICE_X51Y145  emit_ic_q_reg[0]/C
Min Period        n/a     FDRE/C              n/a            0.550         5.000       4.450      SLICE_X51Y146  emit_ic_q_reg[1]/C
Min Period        n/a     FDRE/C              n/a            0.550         5.000       4.450      SLICE_X51Y146  emit_ic_q_reg[2]/C
Min Period        n/a     FDRE/C              n/a            0.550         5.000       4.450      SLICE_X51Y146  emit_ic_q_reg[3]/C
Min Period        n/a     FDRE/C              n/a            0.550         5.000       4.450      SLICE_X51Y140  emit_k_q_reg[0]/C
Min Period        n/a     FDRE/C              n/a            0.550         5.000       4.450      SLICE_X51Y140  emit_k_q_reg[1]/C
Low Pulse Width   Slow    RAMB36E2/CLKARDCLK  n/a            0.577         2.500       1.923      RAMB36_X1Y27   g_ring_bank[0].mem_reg/CLKARDCLK
Low Pulse Width   Fast    RAMB36E2/CLKARDCLK  n/a            0.577         2.500       1.923      RAMB36_X1Y27   g_ring_bank[0].mem_reg/CLKARDCLK
Low Pulse Width   Slow    RAMB36E2/CLKBWRCLK  n/a            0.577         2.500       1.923      RAMB36_X1Y27   g_ring_bank[0].mem_reg/CLKBWRCLK
Low Pulse Width   Fast    RAMB36E2/CLKBWRCLK  n/a            0.577         2.500       1.923      RAMB36_X1Y27   g_ring_bank[0].mem_reg/CLKBWRCLK
Low Pulse Width   Slow    RAMB36E2/CLKARDCLK  n/a            0.577         2.500       1.923      RAMB36_X1Y28   g_ring_bank[1].mem_reg/CLKARDCLK
Low Pulse Width   Fast    RAMB36E2/CLKARDCLK  n/a            0.577         2.500       1.923      RAMB36_X1Y28   g_ring_bank[1].mem_reg/CLKARDCLK
Low Pulse Width   Slow    RAMB36E2/CLKBWRCLK  n/a            0.577         2.500       1.923      RAMB36_X1Y28   g_ring_bank[1].mem_reg/CLKBWRCLK
Low Pulse Width   Fast    RAMB36E2/CLKBWRCLK  n/a            0.577         2.500       1.923      RAMB36_X1Y28   g_ring_bank[1].mem_reg/CLKBWRCLK
Low Pulse Width   Slow    RAMB36E2/CLKARDCLK  n/a            0.577         2.500       1.923      RAMB36_X2Y28   g_ring_bank[2].mem_reg/CLKARDCLK
Low Pulse Width   Fast    RAMB36E2/CLKARDCLK  n/a            0.577         2.500       1.923      RAMB36_X2Y28   g_ring_bank[2].mem_reg/CLKARDCLK
Low Pulse Width   Slow    RAMB36E2/CLKBWRCLK  n/a            0.577         2.500       1.923      RAMB36_X2Y28   g_ring_bank[2].mem_reg/CLKBWRCLK
Low Pulse Width   Fast    RAMB36E2/CLKBWRCLK  n/a            0.577         2.500       1.923      RAMB36_X2Y28   g_ring_bank[2].mem_reg/CLKBWRCLK
Low Pulse Width   Slow    RAMB36E2/CLKARDCLK  n/a            0.577         2.500       1.923      RAMB36_X2Y27   g_ring_bank[3].mem_reg/CLKARDCLK
Low Pulse Width   Fast    RAMB36E2/CLKARDCLK  n/a            0.577         2.500       1.923      RAMB36_X2Y27   g_ring_bank[3].mem_reg/CLKARDCLK
Low Pulse Width   Slow    RAMB36E2/CLKBWRCLK  n/a            0.577         2.500       1.923      RAMB36_X2Y27   g_ring_bank[3].mem_reg/CLKBWRCLK
Low Pulse Width   Fast    RAMB36E2/CLKBWRCLK  n/a            0.577         2.500       1.923      RAMB36_X2Y27   g_ring_bank[3].mem_reg/CLKBWRCLK
Low Pulse Width   Slow    RAMB36E2/CLKARDCLK  n/a            0.577         2.500       1.923      RAMB36_X1Y26   g_ring_bank[4].mem_reg/CLKARDCLK
Low Pulse Width   Fast    RAMB36E2/CLKARDCLK  n/a            0.577         2.500       1.923      RAMB36_X1Y26   g_ring_bank[4].mem_reg/CLKARDCLK
Low Pulse Width   Slow    RAMB36E2/CLKBWRCLK  n/a            0.577         2.500       1.923      RAMB36_X1Y26   g_ring_bank[4].mem_reg/CLKBWRCLK
Low Pulse Width   Fast    RAMB36E2/CLKBWRCLK  n/a            0.577         2.500       1.923      RAMB36_X1Y26   g_ring_bank[4].mem_reg/CLKBWRCLK
High Pulse Width  Slow    RAMB36E2/CLKARDCLK  n/a            0.577         2.500       1.923      RAMB36_X1Y27   g_ring_bank[0].mem_reg/CLKARDCLK
High Pulse Width  Fast    RAMB36E2/CLKARDCLK  n/a            0.577         2.500       1.923      RAMB36_X1Y27   g_ring_bank[0].mem_reg/CLKARDCLK
High Pulse Width  Slow    RAMB36E2/CLKBWRCLK  n/a            0.577         2.500       1.923      RAMB36_X1Y27   g_ring_bank[0].mem_reg/CLKBWRCLK
High Pulse Width  Fast    RAMB36E2/CLKBWRCLK  n/a            0.577         2.500       1.923      RAMB36_X1Y27   g_ring_bank[0].mem_reg/CLKBWRCLK
High Pulse Width  Slow    RAMB36E2/CLKARDCLK  n/a            0.577         2.500       1.923      RAMB36_X1Y28   g_ring_bank[1].mem_reg/CLKARDCLK
High Pulse Width  Fast    RAMB36E2/CLKARDCLK  n/a            0.577         2.500       1.923      RAMB36_X1Y28   g_ring_bank[1].mem_reg/CLKARDCLK
High Pulse Width  Slow    RAMB36E2/CLKBWRCLK  n/a            0.577         2.500       1.923      RAMB36_X1Y28   g_ring_bank[1].mem_reg/CLKBWRCLK
High Pulse Width  Fast    RAMB36E2/CLKBWRCLK  n/a            0.577         2.500       1.923      RAMB36_X1Y28   g_ring_bank[1].mem_reg/CLKBWRCLK
High Pulse Width  Slow    RAMB36E2/CLKARDCLK  n/a            0.577         2.500       1.923      RAMB36_X2Y28   g_ring_bank[2].mem_reg/CLKARDCLK
High Pulse Width  Fast    RAMB36E2/CLKARDCLK  n/a            0.577         2.500       1.923      RAMB36_X2Y28   g_ring_bank[2].mem_reg/CLKARDCLK
High Pulse Width  Slow    RAMB36E2/CLKBWRCLK  n/a            0.577         2.500       1.923      RAMB36_X2Y28   g_ring_bank[2].mem_reg/CLKBWRCLK
High Pulse Width  Fast    RAMB36E2/CLKBWRCLK  n/a            0.577         2.500       1.923      RAMB36_X2Y28   g_ring_bank[2].mem_reg/CLKBWRCLK
High Pulse Width  Slow    RAMB36E2/CLKARDCLK  n/a            0.577         2.500       1.923      RAMB36_X2Y27   g_ring_bank[3].mem_reg/CLKARDCLK
High Pulse Width  Fast    RAMB36E2/CLKARDCLK  n/a            0.577         2.500       1.923      RAMB36_X2Y27   g_ring_bank[3].mem_reg/CLKARDCLK
High Pulse Width  Slow    RAMB36E2/CLKBWRCLK  n/a            0.577         2.500       1.923      RAMB36_X2Y27   g_ring_bank[3].mem_reg/CLKBWRCLK
High Pulse Width  Fast    RAMB36E2/CLKBWRCLK  n/a            0.577         2.500       1.923      RAMB36_X2Y27   g_ring_bank[3].mem_reg/CLKBWRCLK
High Pulse Width  Slow    RAMB36E2/CLKARDCLK  n/a            0.577         2.500       1.923      RAMB36_X1Y26   g_ring_bank[4].mem_reg/CLKARDCLK
High Pulse Width  Fast    RAMB36E2/CLKARDCLK  n/a            0.577         2.500       1.923      RAMB36_X1Y26   g_ring_bank[4].mem_reg/CLKARDCLK
High Pulse Width  Slow    RAMB36E2/CLKBWRCLK  n/a            0.577         2.500       1.923      RAMB36_X1Y26   g_ring_bank[4].mem_reg/CLKBWRCLK
High Pulse Width  Fast    RAMB36E2/CLKBWRCLK  n/a            0.577         2.500       1.923      RAMB36_X1Y26   g_ring_bank[4].mem_reg/CLKBWRCLK



