Copyright 1986-2022 Xilinx, Inc. All Rights Reserved. Copyright 2022-2024 Advanced Micro Devices, Inc. All Rights Reserved.
-------------------------------------------------------------------------------------------------------------------------------------------------------------------------------------------------------------------------------------
| Tool Version      : Vivado v.2024.1 (lin64) Build 5076996 Wed May 22 18:36:09 MDT 2024
| Date              : Sun Sep  6 18:37:47 2026
| Host              : yundodo running 64-bit unknown
| Command           : report_timing_summary -delay_type min_max -check_timing_verbose -max_paths 20 -file /home/dodo/Documents/Codex/2026-08-31/kv260-alexnet-rtl/alexnet/reports/ddr_address_planner/200mhz/impl_timing_summary.rpt
| Design            : alexnet_ddr_address_planner
| Device            : xck26-sfvc784
| Speed File        : -2LV  PRODUCTION 1.30 05-15-2022
| Design State      : Routed
| Temperature Grade : C
-------------------------------------------------------------------------------------------------------------------------------------------------------------------------------------------------------------------------------------

Timing Summary Report

------------------------------------------------------------------------------------------------
| Timer Settings
| --------------
------------------------------------------------------------------------------------------------

  Enable Multi Corner Analysis               :  Yes
  Enable Pessimism Removal                   :  Yes
  Pessimism Removal Resolution               :  Nearest Common Node
  Enable Input Delay Default Clock           :  No
  Enable Preset / Clear Arcs                 :  No
  Disable Flight Delays                      :  No
  Ignore I/O Paths                           :  No
  Timing Early Launch at Borrowing Latches   :  No
  Borrow Time for Max Delay Exceptions       :  Yes
  Merge Timing Exceptions                    :  Yes
  Inter-SLR Compensation                     :  Conservative

  Corner  Analyze    Analyze    
  Name    Max Paths  Min Paths  
  ------  ---------  ---------  
  Slow    Yes        Yes        
  Fast    Yes        Yes        


------------------------------------------------------------------------------------------------
| Report Methodology
| ------------------
------------------------------------------------------------------------------------------------

No report available as report_methodology has not been run prior. Run report_methodology on the current design for the summary of methodology violations.



check_timing report

Table of Contents
-----------------
1. checking no_clock (0)
2. checking constant_clock (0)
3. checking pulse_width_clock (0)
4. checking unconstrained_internal_endpoints (0)
5. checking no_input_delay (0)
6. checking no_output_delay (0)
7. checking multiple_clock (0)
8. checking generated_clocks (0)
9. checking loops (0)
10. checking partial_input_delay (0)
11. checking partial_output_delay (0)
12. checking latch_loops (0)

1. checking no_clock (0)
------------------------
 There are 0 register/latch pins with no clock.


2. checking constant_clock (0)
------------------------------
 There are 0 register/latch pins with constant_clock.


3. checking pulse_width_clock (0)
---------------------------------
 There are 0 register/latch pins which need pulse_width check


4. checking unconstrained_internal_endpoints (0)
------------------------------------------------
 There are 0 pins that are not constrained for maximum delay.

 There are 0 pins that are not constrained for maximum delay due to constant clock.


5. checking no_input_delay (0)
------------------------------
 There are 0 input ports with no input delay specified.

 There are 0 input ports with no input delay but user has a false path constraint.


6. checking no_output_delay (0)
-------------------------------
 There are 0 ports with no output delay specified.

 There are 0 ports with no output delay but user has a false path constraint

 There are 0 ports with no output delay but with a timing clock defined on it or propagating through it


7. checking multiple_clock (0)
------------------------------
 There are 0 register/latch pins with multiple clocks.


8. checking generated_clocks (0)
--------------------------------
 There are 0 generated clocks that are not connected to a clock source.


9. checking loops (0)
---------------------
 There are 0 combinational loops in the design.


10. checking partial_input_delay (0)
------------------------------------
 There are 0 input ports with partial input delay specified.


11. checking partial_output_delay (0)
-------------------------------------
 There are 0 ports with partial output delay specified.


12. checking latch_loops (0)
----------------------------
 There are 0 combinational latch loops in the design through latch input



------------------------------------------------------------------------------------------------
| Design Timing Summary
| ---------------------
------------------------------------------------------------------------------------------------

    WNS(ns)      TNS(ns)  TNS Failing Endpoints  TNS Total Endpoints      WHS(ns)      THS(ns)  THS Failing Endpoints  THS Total Endpoints     WPWS(ns)     TPWS(ns)  TPWS Failing Endpoints  TPWS Total Endpoints  
    -------      -------  ---------------------  -------------------      -------      -------  ---------------------  -------------------     --------     --------  ----------------------  --------------------  
      0.372        0.000                      0                 1243        0.055        0.000                      0                 1243        2.225        0.000                       0                   344  


All user specified timing constraints are met.


------------------------------------------------------------------------------------------------
| Clock Summary
| -------------
------------------------------------------------------------------------------------------------

Clock  Waveform(ns)         Period(ns)      Frequency(MHz)
-----  ------------         ----------      --------------
clk    {0.000 2.500}        5.000           200.000         


------------------------------------------------------------------------------------------------
| Intra Clock Table
| -----------------
------------------------------------------------------------------------------------------------

Clock             WNS(ns)      TNS(ns)  TNS Failing Endpoints  TNS Total Endpoints      WHS(ns)      THS(ns)  THS Failing Endpoints  THS Total Endpoints     WPWS(ns)     TPWS(ns)  TPWS Failing Endpoints  TPWS Total Endpoints  
-----             -------      -------  ---------------------  -------------------      -------      -------  ---------------------  -------------------     --------     --------  ----------------------  --------------------  
clk                 0.372        0.000                      0                 1243        0.055        0.000                      0                 1243        2.225        0.000                       0                   344  


------------------------------------------------------------------------------------------------
| Inter Clock Table
| -----------------
------------------------------------------------------------------------------------------------

From Clock    To Clock          WNS(ns)      TNS(ns)  TNS Failing Endpoints  TNS Total Endpoints      WHS(ns)      THS(ns)  THS Failing Endpoints  THS Total Endpoints  
----------    --------          -------      -------  ---------------------  -------------------      -------      -------  ---------------------  -------------------  


------------------------------------------------------------------------------------------------
| Other Path Groups Table
| -----------------------
------------------------------------------------------------------------------------------------

Path Group    From Clock    To Clock          WNS(ns)      TNS(ns)  TNS Failing Endpoints  TNS Total Endpoints      WHS(ns)      THS(ns)  THS Failing Endpoints  THS Total Endpoints  
----------    ----------    --------          -------      -------  ---------------------  -------------------      -------      -------  ---------------------  -------------------  


------------------------------------------------------------------------------------------------
| Timing Details
| --------------
------------------------------------------------------------------------------------------------


---------------------------------------------------------------------------------------------------
From Clock:  clk
  To Clock:  clk

Setup :            0  Failing Endpoints,  Worst Slack        0.372ns,  Total Violation        0.000ns
Hold  :            0  Failing Endpoints,  Worst Slack        0.055ns,  Total Violation        0.000ns
PW    :            0  Failing Endpoints,  Worst Slack        2.225ns,  Total Violation        0.000ns
---------------------------------------------------------------------------------------------------


Max Delay Paths
--------------------------------------------------------------------------------------
Slack (MET) :             0.372ns  (required time - arrival time)
  Source:                 request_n_base[4]
                            (input port clocked by clk  {rise@0.000ns fall@2.500ns period=5.000ns})
  Destination:            stage_offset_q_reg[26]/D
                            (rising edge-triggered cell FDRE clocked by clk  {rise@0.000ns fall@2.500ns period=5.000ns})
  Path Group:             clk
  Path Type:              Setup (Max at Slow Process Corner)
  Requirement:            5.000ns  (clk rise@5.000ns - clk rise@0.000ns)
  Data Path Delay:        3.665ns  (logic 1.712ns (46.710%)  route 1.953ns (53.290%))
  Logic Levels:           11  (CARRY8=4 LUT3=1 LUT5=1 LUT6=5)
  Input Delay:            1.000ns
  Clock Path Skew:        0.029ns (DCD - SCD + CPR)
    Destination Clock Delay (DCD):    0.029ns = ( 5.029 - 5.000 ) 
    Source Clock Delay      (SCD):    0.000ns
    Clock Pessimism Removal (CPR):    0.000ns
  Clock Uncertainty:      0.035ns  ((TSJ^2 + TIJ^2)^1/2 + DJ) / 2 + PE
    Total System Jitter     (TSJ):    0.071ns
    Total Input Jitter      (TIJ):    0.000ns
    Discrete Jitter          (DJ):    0.000ns
    Phase Error              (PE):    0.000ns

    Location             Delay type                Incr(ns)  Path(ns)    Netlist Resource(s)
  -------------------------------------------------------------------    -------------------
                         (clock clk rise edge)        0.000     0.000 r  
                         input delay                  1.000     1.000    
                                                      0.000     1.000 r  request_n_base[4] (IN)
                         net (fo=71, unset)           0.000     1.000    request_n_base[4]
    SLICE_X19Y87         LUT3 (Prop_H6LUT_SLICEL_I0_O)
                                                      0.153     1.153 r  stage_offset_q[28]_i_187/O
                         net (fo=1, routed)           0.210     1.363    stage_offset_q[28]_i_187_n_0
    SLICE_X17Y88         CARRY8 (Prop_CARRY8_SLICEM_DI[2]_O[4])
                                                      0.240     1.603 r  stage_offset_q_reg[28]_i_126/O[4]
                         net (fo=4, routed)           0.377     1.980    stage_offset_q_reg[28]_i_126_n_11
    SLICE_X19Y87         LUT6 (Prop_A6LUT_SLICEL_I1_O)
                                                      0.225     2.205 r  stage_offset_q[20]_i_78/O
                         net (fo=2, routed)           0.225     2.430    stage_offset_q[20]_i_78_n_0
    SLICE_X18Y88         LUT6 (Prop_D6LUT_SLICEM_I0_O)
                                                      0.185     2.615 r  stage_offset_q[20]_i_86/O
                         net (fo=1, routed)           0.032     2.647    stage_offset_q[20]_i_86_n_0
    SLICE_X18Y88         CARRY8 (Prop_CARRY8_SLICEM_S[3]_O[5])
                                                      0.262     2.909 r  stage_offset_q_reg[20]_i_32/O[5]
                         net (fo=1, routed)           0.331     3.240    data0[18]
    SLICE_X21Y91         LUT6 (Prop_C6LUT_SLICEM_I4_O)
                                                      0.056     3.296 r  stage_offset_q[20]_i_94/O
                         net (fo=1, routed)           0.186     3.482    stage_offset_q[20]_i_94_n_0
    SLICE_X21Y89         LUT6 (Prop_H6LUT_SLICEM_I5_O)
                                                      0.060     3.542 r  stage_offset_q[20]_i_37/O
                         net (fo=1, routed)           0.173     3.715    stage_offset_q[20]_i_37_n_0
    SLICE_X19Y89         LUT5 (Prop_F6LUT_SLICEL_I4_O)
                                                      0.081     3.796 r  stage_offset_q[20]_i_15/O
                         net (fo=1, routed)           0.015     3.811    stage_offset_q[20]_i_15_n_0
    SLICE_X19Y89         CARRY8 (Prop_CARRY8_SLICEL_S[5]_CO[7])
                                                      0.232     4.043 r  stage_offset_q_reg[20]_i_3/CO[7]
                         net (fo=1, routed)           0.062     4.105    stage_offset_q_reg[20]_i_3_n_0
    SLICE_X19Y90         CARRY8 (Prop_CARRY8_SLICEL_CI_O[5])
                                                      0.161     4.266 r  stage_offset_q_reg[28]_i_4/O[5]
                         net (fo=1, routed)           0.275     4.541    byte_offset0_in[26]
    SLICE_X19Y95         LUT6 (Prop_D6LUT_SLICEL_I5_O)
                                                      0.057     4.598 r  stage_offset_q[26]_i_1/O
                         net (fo=1, routed)           0.067     4.665    stage_offset_q[26]_i_1_n_0
    SLICE_X19Y95         FDRE                                         r  stage_offset_q_reg[26]/D
  -------------------------------------------------------------------    -------------------

                         (clock clk rise edge)        5.000     5.000 r  
                                                      0.000     5.000 r  clk (IN)
                         net (fo=343, unset)          0.029     5.029    clk
    SLICE_X19Y95         FDRE                                         r  stage_offset_q_reg[26]/C
                         clock pessimism              0.000     5.029    
                         clock uncertainty           -0.035     4.994    
    SLICE_X19Y95         FDRE (Setup_DFF_SLICEL_C_D)
                                                      0.044     5.038    stage_offset_q_reg[26]
  -------------------------------------------------------------------
                         required time                          5.038    
                         arrival time                          -4.665    
  -------------------------------------------------------------------
                         slack                                  0.372    

Slack (MET) :             0.399ns  (required time - arrival time)
  Source:                 request_n_base[4]
                            (input port clocked by clk  {rise@0.000ns fall@2.500ns period=5.000ns})
  Destination:            stage_offset_q_reg[21]/D
                            (rising edge-triggered cell FDRE clocked by clk  {rise@0.000ns fall@2.500ns period=5.000ns})
  Path Group:             clk
  Path Type:              Setup (Max at Slow Process Corner)
  Requirement:            5.000ns  (clk rise@5.000ns - clk rise@0.000ns)
  Data Path Delay:        3.638ns  (logic 1.685ns (46.315%)  route 1.953ns (53.685%))
  Logic Levels:           12  (CARRY8=4 LUT3=1 LUT5=2 LUT6=5)
  Input Delay:            1.000ns
  Clock Path Skew:        0.029ns (DCD - SCD + CPR)
    Destination Clock Delay (DCD):    0.029ns = ( 5.029 - 5.000 ) 
    Source Clock Delay      (SCD):    0.000ns
    Clock Pessimism Removal (CPR):    0.000ns
  Clock Uncertainty:      0.035ns  ((TSJ^2 + TIJ^2)^1/2 + DJ) / 2 + PE
    Total System Jitter     (TSJ):    0.071ns
    Total Input Jitter      (TIJ):    0.000ns
    Discrete Jitter          (DJ):    0.000ns
    Phase Error              (PE):    0.000ns

    Location             Delay type                Incr(ns)  Path(ns)    Netlist Resource(s)
  -------------------------------------------------------------------    -------------------
                         (clock clk rise edge)        0.000     0.000 r  
                         input delay                  1.000     1.000    
                                                      0.000     1.000 r  request_n_base[4] (IN)
                         net (fo=71, unset)           0.000     1.000    request_n_base[4]
    SLICE_X19Y87         LUT3 (Prop_H6LUT_SLICEL_I0_O)
                                                      0.153     1.153 r  stage_offset_q[28]_i_187/O
                         net (fo=1, routed)           0.210     1.363    stage_offset_q[28]_i_187_n_0
    SLICE_X17Y88         CARRY8 (Prop_CARRY8_SLICEM_DI[2]_O[4])
                                                      0.240     1.603 r  stage_offset_q_reg[28]_i_126/O[4]
                         net (fo=4, routed)           0.377     1.980    stage_offset_q_reg[28]_i_126_n_11
    SLICE_X19Y87         LUT6 (Prop_A6LUT_SLICEL_I1_O)
                                                      0.225     2.205 r  stage_offset_q[20]_i_78/O
                         net (fo=2, routed)           0.225     2.430    stage_offset_q[20]_i_78_n_0
    SLICE_X18Y88         LUT6 (Prop_D6LUT_SLICEM_I0_O)
                                                      0.185     2.615 r  stage_offset_q[20]_i_86/O
                         net (fo=1, routed)           0.032     2.647    stage_offset_q[20]_i_86_n_0
    SLICE_X18Y88         CARRY8 (Prop_CARRY8_SLICEM_S[3]_O[5])
                                                      0.262     2.909 r  stage_offset_q_reg[20]_i_32/O[5]
                         net (fo=1, routed)           0.331     3.240    data0[18]
    SLICE_X21Y91         LUT6 (Prop_C6LUT_SLICEM_I4_O)
                                                      0.056     3.296 r  stage_offset_q[20]_i_94/O
                         net (fo=1, routed)           0.186     3.482    stage_offset_q[20]_i_94_n_0
    SLICE_X21Y89         LUT6 (Prop_H6LUT_SLICEM_I5_O)
                                                      0.060     3.542 r  stage_offset_q[20]_i_37/O
                         net (fo=1, routed)           0.173     3.715    stage_offset_q[20]_i_37_n_0
    SLICE_X19Y89         LUT5 (Prop_F6LUT_SLICEL_I4_O)
                                                      0.081     3.796 r  stage_offset_q[20]_i_15/O
                         net (fo=1, routed)           0.015     3.811    stage_offset_q[20]_i_15_n_0
    SLICE_X19Y89         CARRY8 (Prop_CARRY8_SLICEL_S[5]_CO[7])
                                                      0.232     4.043 r  stage_offset_q_reg[20]_i_3/CO[7]
                         net (fo=1, routed)           0.062     4.105    stage_offset_q_reg[20]_i_3_n_0
    SLICE_X19Y90         CARRY8 (Prop_CARRY8_SLICEL_CI_O[0])
                                                      0.078     4.183 r  stage_offset_q_reg[28]_i_4/O[0]
                         net (fo=1, routed)           0.230     4.413    byte_offset0_in[21]
    SLICE_X19Y86         LUT6 (Prop_F6LUT_SLICEL_I3_O)
                                                      0.056     4.469 r  stage_offset_q[21]_i_5/O
                         net (fo=1, routed)           0.046     4.515    stage_offset_q[21]_i_5_n_0
    SLICE_X19Y86         LUT5 (Prop_G6LUT_SLICEL_I4_O)
                                                      0.057     4.572 r  stage_offset_q[21]_i_1/O
                         net (fo=1, routed)           0.066     4.638    stage_offset_q[21]_i_1_n_0
    SLICE_X19Y86         FDRE                                         r  stage_offset_q_reg[21]/D
  -------------------------------------------------------------------    -------------------

                         (clock clk rise edge)        5.000     5.000 r  
                                                      0.000     5.000 r  clk (IN)
                         net (fo=343, unset)          0.029     5.029    clk
    SLICE_X19Y86         FDRE                                         r  stage_offset_q_reg[21]/C
                         clock pessimism              0.000     5.029    
                         clock uncertainty           -0.035     4.994    
    SLICE_X19Y86         FDRE (Setup_GFF_SLICEL_C_D)
                                                      0.044     5.038    stage_offset_q_reg[21]
  -------------------------------------------------------------------
                         required time                          5.038    
                         arrival time                          -4.638    
  -------------------------------------------------------------------
                         slack                                  0.399    

Slack (MET) :             0.412ns  (required time - arrival time)
  Source:                 request_n_base[3]
                            (input port clocked by clk  {rise@0.000ns fall@2.500ns period=5.000ns})
  Destination:            stage_offset_q_reg[31]/D
                            (rising edge-triggered cell FDRE clocked by clk  {rise@0.000ns fall@2.500ns period=5.000ns})
  Path Group:             clk
  Path Type:              Setup (Max at Slow Process Corner)
  Requirement:            5.000ns  (clk rise@5.000ns - clk rise@0.000ns)
  Data Path Delay:        3.626ns  (logic 1.758ns (48.485%)  route 1.868ns (51.515%))
  Logic Levels:           12  (CARRY8=7 LUT3=1 LUT4=1 LUT6=3)
  Input Delay:            1.000ns
  Clock Path Skew:        0.029ns (DCD - SCD + CPR)
    Destination Clock Delay (DCD):    0.029ns = ( 5.029 - 5.000 ) 
    Source Clock Delay      (SCD):    0.000ns
    Clock Pessimism Removal (CPR):    0.000ns
  Clock Uncertainty:      0.035ns  ((TSJ^2 + TIJ^2)^1/2 + DJ) / 2 + PE
    Total System Jitter     (TSJ):    0.071ns
    Total Input Jitter      (TIJ):    0.000ns
    Discrete Jitter          (DJ):    0.000ns
    Phase Error              (PE):    0.000ns

    Location             Delay type                Incr(ns)  Path(ns)    Netlist Resource(s)
  -------------------------------------------------------------------    -------------------
                         (clock clk rise edge)        0.000     0.000 r  
                         input delay                  1.000     1.000    
                                                      0.000     1.000 r  request_n_base[3] (IN)
                         net (fo=70, unset)           0.099     1.099    request_n_base[3]
    SLICE_X17Y87         CARRY8 (Prop_CARRY8_SLICEM_S[0]_O[0])
                                                      0.079     1.178 r  stage_offset_q_reg[4]_i_7/O[0]
                         net (fo=5, routed)           0.221     1.399    p_3_in[12]
    SLICE_X16Y88         LUT3 (Prop_D5LUT_SLICEL_I0_O)
                                                      0.187     1.586 r  stage_offset_q[32]_i_60/O
                         net (fo=2, routed)           0.231     1.817    stage_offset_q[32]_i_60_n_0
    SLICE_X15Y90         CARRY8 (Prop_CARRY8_SLICEL_DI[3]_O[5])
                                                      0.260     2.077 r  stage_offset_q_reg[32]_i_49/O[5]
                         net (fo=3, routed)           0.357     2.434    stage_offset_q_reg[32]_i_49_n_10
    SLICE_X16Y89         LUT6 (Prop_H6LUT_SLICEL_I3_O)
                                                      0.137     2.571 r  stage_offset_q[28]_i_159/O
                         net (fo=1, routed)           0.015     2.586    stage_offset_q[28]_i_159_n_0
    SLICE_X16Y89         CARRY8 (Prop_CARRY8_SLICEL_S[7]_CO[7])
                                                      0.172     2.758 r  stage_offset_q_reg[28]_i_95/CO[7]
                         net (fo=1, routed)           0.062     2.820    stage_offset_q_reg[28]_i_95_n_0
    SLICE_X16Y90         CARRY8 (Prop_CARRY8_SLICEL_CI_CO[7])
                                                      0.065     2.885 r  stage_offset_q_reg[28]_i_42/CO[7]
                         net (fo=1, routed)           0.030     2.915    stage_offset_q_reg[28]_i_42_n_0
    SLICE_X16Y91         CARRY8 (Prop_CARRY8_SLICEL_CI_O[0])
                                                      0.078     2.993 r  stage_offset_q_reg[32]_i_9/O[0]
                         net (fo=1, routed)           0.430     3.423    data1[24]
    SLICE_X20Y90         LUT6 (Prop_F6LUT_SLICEM_I1_O)
                                                      0.224     3.647 r  stage_offset_q[28]_i_40/O
                         net (fo=1, routed)           0.107     3.754    stage_offset_q[28]_i_40_n_0
    SLICE_X19Y90         LUT6 (Prop_D6LUT_SLICEL_I5_O)
                                                      0.185     3.939 r  stage_offset_q[28]_i_22/O
                         net (fo=1, routed)           0.013     3.952    stage_offset_q[28]_i_22_n_0
    SLICE_X19Y90         CARRY8 (Prop_CARRY8_SLICEL_S[3]_CO[7])
                                                      0.220     4.172 r  stage_offset_q_reg[28]_i_4/CO[7]
                         net (fo=1, routed)           0.030     4.202    stage_offset_q_reg[28]_i_4_n_0
    SLICE_X19Y91         CARRY8 (Prop_CARRY8_SLICEL_CI_O[2])
                                                      0.093     4.295 r  stage_offset_q_reg[32]_i_2/O[2]
                         net (fo=1, routed)           0.206     4.501    byte_offset0_in[31]
    SLICE_X19Y95         LUT4 (Prop_B6LUT_SLICEL_I3_O)
                                                      0.058     4.559 r  stage_offset_q[31]_i_1/O
                         net (fo=1, routed)           0.067     4.626    stage_offset_q[31]_i_1_n_0
    SLICE_X19Y95         FDRE                                         r  stage_offset_q_reg[31]/D
  -------------------------------------------------------------------    -------------------

                         (clock clk rise edge)        5.000     5.000 r  
                                                      0.000     5.000 r  clk (IN)
                         net (fo=343, unset)          0.029     5.029    clk
    SLICE_X19Y95         FDRE                                         r  stage_offset_q_reg[31]/C
                         clock pessimism              0.000     5.029    
                         clock uncertainty           -0.035     4.994    
    SLICE_X19Y95         FDRE (Setup_BFF_SLICEL_C_D)
                                                      0.044     5.038    stage_offset_q_reg[31]
  -------------------------------------------------------------------
                         required time                          5.038    
                         arrival time                          -4.626    
  -------------------------------------------------------------------
                         slack                                  0.412    

Slack (MET) :             0.414ns  (required time - arrival time)
  Source:                 request_n_base[3]
                            (input port clocked by clk  {rise@0.000ns fall@2.500ns period=5.000ns})
  Destination:            stage_offset_q_reg[15]/D
                            (rising edge-triggered cell FDRE clocked by clk  {rise@0.000ns fall@2.500ns period=5.000ns})
  Path Group:             clk
  Path Type:              Setup (Max at Slow Process Corner)
  Requirement:            5.000ns  (clk rise@5.000ns - clk rise@0.000ns)
  Data Path Delay:        3.624ns  (logic 1.568ns (43.267%)  route 2.056ns (56.733%))
  Logic Levels:           12  (CARRY8=4 LUT3=1 LUT5=2 LUT6=5)
  Input Delay:            1.000ns
  Clock Path Skew:        0.030ns (DCD - SCD + CPR)
    Destination Clock Delay (DCD):    0.030ns = ( 5.030 - 5.000 ) 
    Source Clock Delay      (SCD):    0.000ns
    Clock Pessimism Removal (CPR):    0.000ns
  Clock Uncertainty:      0.035ns  ((TSJ^2 + TIJ^2)^1/2 + DJ) / 2 + PE
    Total System Jitter     (TSJ):    0.071ns
    Total Input Jitter      (TIJ):    0.000ns
    Discrete Jitter          (DJ):    0.000ns
    Phase Error              (PE):    0.000ns

    Location             Delay type                Incr(ns)  Path(ns)    Netlist Resource(s)
  -------------------------------------------------------------------    -------------------
                         (clock clk rise edge)        0.000     0.000 r  
                         input delay                  1.000     1.000    
                                                      0.000     1.000 r  request_n_base[3] (IN)
                         net (fo=70, unset)           0.099     1.099    request_n_base[3]
    SLICE_X17Y87         CARRY8 (Prop_CARRY8_SLICEM_S[0]_CO[7])
                                                      0.281     1.380 r  stage_offset_q_reg[4]_i_7/CO[7]
                         net (fo=1, routed)           0.030     1.410    stage_offset_q_reg[4]_i_7_n_0
    SLICE_X17Y88         CARRY8 (Prop_CARRY8_SLICEM_CI_O[2])
                                                      0.093     1.503 r  stage_offset_q_reg[28]_i_126/O[2]
                         net (fo=4, routed)           0.351     1.854    stage_offset_q_reg[28]_i_126_n_13
    SLICE_X18Y92         LUT3 (Prop_H6LUT_SLICEM_I0_O)
                                                      0.228     2.082 r  stage_offset_q[20]_i_153/O
                         net (fo=1, routed)           0.218     2.300    stage_offset_q[20]_i_153_n_0
    SLICE_X18Y88         LUT6 (Prop_B6LUT_SLICEM_I1_O)
                                                      0.225     2.525 r  stage_offset_q[20]_i_88/O
                         net (fo=1, routed)           0.022     2.547    stage_offset_q[20]_i_88_n_0
    SLICE_X18Y88         CARRY8 (Prop_CARRY8_SLICEM_S[1]_O[2])
                                                      0.179     2.726 r  stage_offset_q_reg[20]_i_32/O[2]
                         net (fo=1, routed)           0.284     3.010    data0[15]
    SLICE_X21Y90         LUT6 (Prop_D6LUT_SLICEM_I4_O)
                                                      0.151     3.161 r  stage_offset_q[20]_i_100/O
                         net (fo=1, routed)           0.260     3.421    stage_offset_q[20]_i_100_n_0
    SLICE_X20Y89         LUT6 (Prop_C6LUT_SLICEM_I5_O)
                                                      0.056     3.477 r  stage_offset_q[20]_i_40/O
                         net (fo=1, routed)           0.151     3.628    stage_offset_q[20]_i_40_n_0
    SLICE_X19Y89         LUT5 (Prop_C6LUT_SLICEL_I4_O)
                                                      0.081     3.709 r  stage_offset_q[20]_i_18/O
                         net (fo=1, routed)           0.015     3.724    stage_offset_q[20]_i_18_n_0
    SLICE_X19Y89         CARRY8 (Prop_CARRY8_SLICEL_S[2]_O[2])
                                                      0.081     3.805 r  stage_offset_q_reg[20]_i_3/O[2]
                         net (fo=1, routed)           0.287     4.092    byte_offset0_in[15]
    SLICE_X20Y83         LUT6 (Prop_G6LUT_SLICEM_I5_O)
                                                      0.057     4.149 r  stage_offset_q[15]_i_6/O
                         net (fo=1, routed)           0.147     4.296    stage_offset_q[15]_i_6_n_0
    SLICE_X20Y82         LUT5 (Prop_F6LUT_SLICEM_I0_O)
                                                      0.056     4.352 r  stage_offset_q[15]_i_5/O
                         net (fo=1, routed)           0.096     4.448    stage_offset_q[15]_i_5_n_0
    SLICE_X20Y82         LUT6 (Prop_D6LUT_SLICEM_I5_O)
                                                      0.080     4.528 r  stage_offset_q[15]_i_1/O
                         net (fo=1, routed)           0.096     4.624    stage_offset_q[15]_i_1_n_0
    SLICE_X20Y82         FDRE                                         r  stage_offset_q_reg[15]/D
  -------------------------------------------------------------------    -------------------

                         (clock clk rise edge)        5.000     5.000 r  
                                                      0.000     5.000 r  clk (IN)
                         net (fo=343, unset)          0.030     5.030    clk
    SLICE_X20Y82         FDRE                                         r  stage_offset_q_reg[15]/C
                         clock pessimism              0.000     5.030    
                         clock uncertainty           -0.035     4.995    
    SLICE_X20Y82         FDRE (Setup_DFF_SLICEM_C_D)
                                                      0.043     5.038    stage_offset_q_reg[15]
  -------------------------------------------------------------------
                         required time                          5.038    
                         arrival time                          -4.624    
  -------------------------------------------------------------------
                         slack                                  0.414    

Slack (MET) :             0.414ns  (required time - arrival time)
  Source:                 request_n_base[3]
                            (input port clocked by clk  {rise@0.000ns fall@2.500ns period=5.000ns})
  Destination:            stage_offset_q_reg[30]/D
                            (rising edge-triggered cell FDRE clocked by clk  {rise@0.000ns fall@2.500ns period=5.000ns})
  Path Group:             clk
  Path Type:              Setup (Max at Slow Process Corner)
  Requirement:            5.000ns  (clk rise@5.000ns - clk rise@0.000ns)
  Data Path Delay:        3.624ns  (logic 1.770ns (48.843%)  route 1.854ns (51.157%))
  Logic Levels:           12  (CARRY8=7 LUT3=1 LUT4=1 LUT6=3)
  Input Delay:            1.000ns
  Clock Path Skew:        0.029ns (DCD - SCD + CPR)
    Destination Clock Delay (DCD):    0.029ns = ( 5.029 - 5.000 ) 
    Source Clock Delay      (SCD):    0.000ns
    Clock Pessimism Removal (CPR):    0.000ns
  Clock Uncertainty:      0.035ns  ((TSJ^2 + TIJ^2)^1/2 + DJ) / 2 + PE
    Total System Jitter     (TSJ):    0.071ns
    Total Input Jitter      (TIJ):    0.000ns
    Discrete Jitter          (DJ):    0.000ns
    Phase Error              (PE):    0.000ns

    Location             Delay type                Incr(ns)  Path(ns)    Netlist Resource(s)
  -------------------------------------------------------------------    -------------------
                         (clock clk rise edge)        0.000     0.000 r  
                         input delay                  1.000     1.000    
                                                      0.000     1.000 r  request_n_base[3] (IN)
                         net (fo=70, unset)           0.099     1.099    request_n_base[3]
    SLICE_X17Y87         CARRY8 (Prop_CARRY8_SLICEM_S[0]_O[0])
                                                      0.079     1.178 r  stage_offset_q_reg[4]_i_7/O[0]
                         net (fo=5, routed)           0.221     1.399    p_3_in[12]
    SLICE_X16Y88         LUT3 (Prop_D5LUT_SLICEL_I0_O)
                                                      0.187     1.586 r  stage_offset_q[32]_i_60/O
                         net (fo=2, routed)           0.231     1.817    stage_offset_q[32]_i_60_n_0
    SLICE_X15Y90         CARRY8 (Prop_CARRY8_SLICEL_DI[3]_O[5])
                                                      0.260     2.077 r  stage_offset_q_reg[32]_i_49/O[5]
                         net (fo=3, routed)           0.357     2.434    stage_offset_q_reg[32]_i_49_n_10
    SLICE_X16Y89         LUT6 (Prop_H6LUT_SLICEL_I3_O)
                                                      0.137     2.571 r  stage_offset_q[28]_i_159/O
                         net (fo=1, routed)           0.015     2.586    stage_offset_q[28]_i_159_n_0
    SLICE_X16Y89         CARRY8 (Prop_CARRY8_SLICEL_S[7]_CO[7])
                                                      0.172     2.758 r  stage_offset_q_reg[28]_i_95/CO[7]
                         net (fo=1, routed)           0.062     2.820    stage_offset_q_reg[28]_i_95_n_0
    SLICE_X16Y90         CARRY8 (Prop_CARRY8_SLICEL_CI_CO[7])
                                                      0.065     2.885 r  stage_offset_q_reg[28]_i_42/CO[7]
                         net (fo=1, routed)           0.030     2.915    stage_offset_q_reg[28]_i_42_n_0
    SLICE_X16Y91         CARRY8 (Prop_CARRY8_SLICEL_CI_O[0])
                                                      0.078     2.993 r  stage_offset_q_reg[32]_i_9/O[0]
                         net (fo=1, routed)           0.430     3.423    data1[24]
    SLICE_X20Y90         LUT6 (Prop_F6LUT_SLICEM_I1_O)
                                                      0.224     3.647 r  stage_offset_q[28]_i_40/O
                         net (fo=1, routed)           0.107     3.754    stage_offset_q[28]_i_40_n_0
    SLICE_X19Y90         LUT6 (Prop_D6LUT_SLICEL_I5_O)
                                                      0.185     3.939 r  stage_offset_q[28]_i_22/O
                         net (fo=1, routed)           0.013     3.952    stage_offset_q[28]_i_22_n_0
    SLICE_X19Y90         CARRY8 (Prop_CARRY8_SLICEL_S[3]_CO[7])
                                                      0.220     4.172 r  stage_offset_q_reg[28]_i_4/CO[7]
                         net (fo=1, routed)           0.030     4.202    stage_offset_q_reg[28]_i_4_n_0
    SLICE_X19Y91         CARRY8 (Prop_CARRY8_SLICEL_CI_O[1])
                                                      0.106     4.308 r  stage_offset_q_reg[32]_i_2/O[1]
                         net (fo=1, routed)           0.193     4.501    byte_offset0_in[30]
    SLICE_X19Y91         LUT4 (Prop_G6LUT_SLICEL_I3_O)
                                                      0.057     4.558 r  stage_offset_q[30]_i_1/O
                         net (fo=1, routed)           0.066     4.624    stage_offset_q[30]_i_1_n_0
    SLICE_X19Y91         FDRE                                         r  stage_offset_q_reg[30]/D
  -------------------------------------------------------------------    -------------------

                         (clock clk rise edge)        5.000     5.000 r  
                                                      0.000     5.000 r  clk (IN)
                         net (fo=343, unset)          0.029     5.029    clk
    SLICE_X19Y91         FDRE                                         r  stage_offset_q_reg[30]/C
                         clock pessimism              0.000     5.029    
                         clock uncertainty           -0.035     4.994    
    SLICE_X19Y91         FDRE (Setup_GFF_SLICEL_C_D)
                                                      0.044     5.038    stage_offset_q_reg[30]
  -------------------------------------------------------------------
                         required time                          5.038    
                         arrival time                          -4.624    
  -------------------------------------------------------------------
                         slack                                  0.414    

Slack (MET) :             0.416ns  (required time - arrival time)
  Source:                 request_n_base[3]
                            (input port clocked by clk  {rise@0.000ns fall@2.500ns period=5.000ns})
  Destination:            stage_offset_q_reg[32]/D
                            (rising edge-triggered cell FDRE clocked by clk  {rise@0.000ns fall@2.500ns period=5.000ns})
  Path Group:             clk
  Path Type:              Setup (Max at Slow Process Corner)
  Requirement:            5.000ns  (clk rise@5.000ns - clk rise@0.000ns)
  Data Path Delay:        3.622ns  (logic 1.746ns (48.207%)  route 1.876ns (51.793%))
  Logic Levels:           12  (CARRY8=7 LUT3=1 LUT4=1 LUT6=3)
  Input Delay:            1.000ns
  Clock Path Skew:        0.030ns (DCD - SCD + CPR)
    Destination Clock Delay (DCD):    0.030ns = ( 5.030 - 5.000 ) 
    Source Clock Delay      (SCD):    0.000ns
    Clock Pessimism Removal (CPR):    0.000ns
  Clock Uncertainty:      0.035ns  ((TSJ^2 + TIJ^2)^1/2 + DJ) / 2 + PE
    Total System Jitter     (TSJ):    0.071ns
    Total Input Jitter      (TIJ):    0.000ns
    Discrete Jitter          (DJ):    0.000ns
    Phase Error              (PE):    0.000ns

    Location             Delay type                Incr(ns)  Path(ns)    Netlist Resource(s)
  -------------------------------------------------------------------    -------------------
                         (clock clk rise edge)        0.000     0.000 r  
                         input delay                  1.000     1.000    
                                                      0.000     1.000 r  request_n_base[3] (IN)
                         net (fo=70, unset)           0.099     1.099    request_n_base[3]
    SLICE_X17Y87         CARRY8 (Prop_CARRY8_SLICEM_S[0]_O[0])
                                                      0.079     1.178 r  stage_offset_q_reg[4]_i_7/O[0]
                         net (fo=5, routed)           0.221     1.399    p_3_in[12]
    SLICE_X16Y88         LUT3 (Prop_D5LUT_SLICEL_I0_O)
                                                      0.187     1.586 r  stage_offset_q[32]_i_60/O
                         net (fo=2, routed)           0.231     1.817    stage_offset_q[32]_i_60_n_0
    SLICE_X15Y90         CARRY8 (Prop_CARRY8_SLICEL_DI[3]_O[5])
                                                      0.260     2.077 r  stage_offset_q_reg[32]_i_49/O[5]
                         net (fo=3, routed)           0.357     2.434    stage_offset_q_reg[32]_i_49_n_10
    SLICE_X16Y89         LUT6 (Prop_H6LUT_SLICEL_I3_O)
                                                      0.137     2.571 r  stage_offset_q[28]_i_159/O
                         net (fo=1, routed)           0.015     2.586    stage_offset_q[28]_i_159_n_0
    SLICE_X16Y89         CARRY8 (Prop_CARRY8_SLICEL_S[7]_CO[7])
                                                      0.172     2.758 r  stage_offset_q_reg[28]_i_95/CO[7]
                         net (fo=1, routed)           0.062     2.820    stage_offset_q_reg[28]_i_95_n_0
    SLICE_X16Y90         CARRY8 (Prop_CARRY8_SLICEL_CI_CO[7])
                                                      0.065     2.885 r  stage_offset_q_reg[28]_i_42/CO[7]
                         net (fo=1, routed)           0.030     2.915    stage_offset_q_reg[28]_i_42_n_0
    SLICE_X16Y91         CARRY8 (Prop_CARRY8_SLICEL_CI_O[0])
                                                      0.078     2.993 r  stage_offset_q_reg[32]_i_9/O[0]
                         net (fo=1, routed)           0.430     3.423    data1[24]
    SLICE_X20Y90         LUT6 (Prop_F6LUT_SLICEM_I1_O)
                                                      0.224     3.647 r  stage_offset_q[28]_i_40/O
                         net (fo=1, routed)           0.107     3.754    stage_offset_q[28]_i_40_n_0
    SLICE_X19Y90         LUT6 (Prop_D6LUT_SLICEL_I5_O)
                                                      0.185     3.939 r  stage_offset_q[28]_i_22/O
                         net (fo=1, routed)           0.013     3.952    stage_offset_q[28]_i_22_n_0
    SLICE_X19Y90         CARRY8 (Prop_CARRY8_SLICEL_S[3]_CO[7])
                                                      0.220     4.172 r  stage_offset_q_reg[28]_i_4/CO[7]
                         net (fo=1, routed)           0.030     4.202    stage_offset_q_reg[28]_i_4_n_0
    SLICE_X19Y91         CARRY8 (Prop_CARRY8_SLICEL_CI_CO[3])
                                                      0.082     4.284 r  stage_offset_q_reg[32]_i_2/CO[3]
                         net (fo=1, routed)           0.200     4.484    byte_offset0_in[32]
    SLICE_X18Y93         LUT4 (Prop_B6LUT_SLICEM_I3_O)
                                                      0.057     4.541 r  stage_offset_q[32]_i_1/O
                         net (fo=1, routed)           0.081     4.622    stage_offset_q[32]_i_1_n_0
    SLICE_X18Y93         FDRE                                         r  stage_offset_q_reg[32]/D
  -------------------------------------------------------------------    -------------------

                         (clock clk rise edge)        5.000     5.000 r  
                                                      0.000     5.000 r  clk (IN)
                         net (fo=343, unset)          0.030     5.030    clk
    SLICE_X18Y93         FDRE                                         r  stage_offset_q_reg[32]/C
                         clock pessimism              0.000     5.030    
                         clock uncertainty           -0.035     4.995    
    SLICE_X18Y93         FDRE (Setup_BFF_SLICEM_C_D)
                                                      0.043     5.038    stage_offset_q_reg[32]
  -------------------------------------------------------------------
                         required time                          5.038    
                         arrival time                          -4.622    
  -------------------------------------------------------------------
                         slack                                  0.416    

Slack (MET) :             0.430ns  (required time - arrival time)
  Source:                 request_n_base[4]
                            (input port clocked by clk  {rise@0.000ns fall@2.500ns period=5.000ns})
  Destination:            stage_offset_q_reg[28]/D
                            (rising edge-triggered cell FDRE clocked by clk  {rise@0.000ns fall@2.500ns period=5.000ns})
  Path Group:             clk
  Path Type:              Setup (Max at Slow Process Corner)
  Requirement:            5.000ns  (clk rise@5.000ns - clk rise@0.000ns)
  Data Path Delay:        3.607ns  (logic 1.722ns (47.739%)  route 1.885ns (52.261%))
  Logic Levels:           11  (CARRY8=4 LUT3=1 LUT5=1 LUT6=5)
  Input Delay:            1.000ns
  Clock Path Skew:        0.029ns (DCD - SCD + CPR)
    Destination Clock Delay (DCD):    0.029ns = ( 5.029 - 5.000 ) 
    Source Clock Delay      (SCD):    0.000ns
    Clock Pessimism Removal (CPR):    0.000ns
  Clock Uncertainty:      0.035ns  ((TSJ^2 + TIJ^2)^1/2 + DJ) / 2 + PE
    Total System Jitter     (TSJ):    0.071ns
    Total Input Jitter      (TIJ):    0.000ns
    Discrete Jitter          (DJ):    0.000ns
    Phase Error              (PE):    0.000ns

    Location             Delay type                Incr(ns)  Path(ns)    Netlist Resource(s)
  -------------------------------------------------------------------    -------------------
                         (clock clk rise edge)        0.000     0.000 r  
                         input delay                  1.000     1.000    
                                                      0.000     1.000 r  request_n_base[4] (IN)
                         net (fo=71, unset)           0.000     1.000    request_n_base[4]
    SLICE_X19Y87         LUT3 (Prop_H6LUT_SLICEL_I0_O)
                                                      0.153     1.153 r  stage_offset_q[28]_i_187/O
                         net (fo=1, routed)           0.210     1.363    stage_offset_q[28]_i_187_n_0
    SLICE_X17Y88         CARRY8 (Prop_CARRY8_SLICEM_DI[2]_O[4])
                                                      0.240     1.603 r  stage_offset_q_reg[28]_i_126/O[4]
                         net (fo=4, routed)           0.377     1.980    stage_offset_q_reg[28]_i_126_n_11
    SLICE_X19Y87         LUT6 (Prop_A6LUT_SLICEL_I1_O)
                                                      0.225     2.205 r  stage_offset_q[20]_i_78/O
                         net (fo=2, routed)           0.225     2.430    stage_offset_q[20]_i_78_n_0
    SLICE_X18Y88         LUT6 (Prop_D6LUT_SLICEM_I0_O)
                                                      0.185     2.615 r  stage_offset_q[20]_i_86/O
                         net (fo=1, routed)           0.032     2.647    stage_offset_q[20]_i_86_n_0
    SLICE_X18Y88         CARRY8 (Prop_CARRY8_SLICEM_S[3]_O[5])
                                                      0.262     2.909 r  stage_offset_q_reg[20]_i_32/O[5]
                         net (fo=1, routed)           0.331     3.240    data0[18]
    SLICE_X21Y91         LUT6 (Prop_C6LUT_SLICEM_I4_O)
                                                      0.056     3.296 r  stage_offset_q[20]_i_94/O
                         net (fo=1, routed)           0.186     3.482    stage_offset_q[20]_i_94_n_0
    SLICE_X21Y89         LUT6 (Prop_H6LUT_SLICEM_I5_O)
                                                      0.060     3.542 r  stage_offset_q[20]_i_37/O
                         net (fo=1, routed)           0.173     3.715    stage_offset_q[20]_i_37_n_0
    SLICE_X19Y89         LUT5 (Prop_F6LUT_SLICEL_I4_O)
                                                      0.081     3.796 r  stage_offset_q[20]_i_15/O
                         net (fo=1, routed)           0.015     3.811    stage_offset_q[20]_i_15_n_0
    SLICE_X19Y89         CARRY8 (Prop_CARRY8_SLICEL_S[5]_CO[7])
                                                      0.232     4.043 r  stage_offset_q_reg[20]_i_3/CO[7]
                         net (fo=1, routed)           0.062     4.105    stage_offset_q_reg[20]_i_3_n_0
    SLICE_X19Y90         CARRY8 (Prop_CARRY8_SLICEL_CI_O[7])
                                                      0.171     4.276 r  stage_offset_q_reg[28]_i_4/O[7]
                         net (fo=1, routed)           0.211     4.487    byte_offset0_in[28]
    SLICE_X19Y94         LUT6 (Prop_E6LUT_SLICEL_I5_O)
                                                      0.057     4.544 r  stage_offset_q[28]_i_1/O
                         net (fo=1, routed)           0.063     4.607    stage_offset_q[28]_i_1_n_0
    SLICE_X19Y94         FDRE                                         r  stage_offset_q_reg[28]/D
  -------------------------------------------------------------------    -------------------

                         (clock clk rise edge)        5.000     5.000 r  
                                                      0.000     5.000 r  clk (IN)
                         net (fo=343, unset)          0.029     5.029    clk
    SLICE_X19Y94         FDRE                                         r  stage_offset_q_reg[28]/C
                         clock pessimism              0.000     5.029    
                         clock uncertainty           -0.035     4.994    
    SLICE_X19Y94         FDRE (Setup_EFF_SLICEL_C_D)
                                                      0.044     5.038    stage_offset_q_reg[28]
  -------------------------------------------------------------------
                         required time                          5.038    
                         arrival time                          -4.607    
  -------------------------------------------------------------------
                         slack                                  0.430    

Slack (MET) :             0.474ns  (required time - arrival time)
  Source:                 request_n_base[4]
                            (input port clocked by clk  {rise@0.000ns fall@2.500ns period=5.000ns})
  Destination:            stage_offset_q_reg[23]/D
                            (rising edge-triggered cell FDRE clocked by clk  {rise@0.000ns fall@2.500ns period=5.000ns})
  Path Group:             clk
  Path Type:              Setup (Max at Slow Process Corner)
  Requirement:            5.000ns  (clk rise@5.000ns - clk rise@0.000ns)
  Data Path Delay:        3.564ns  (logic 1.670ns (46.855%)  route 1.894ns (53.145%))
  Logic Levels:           11  (CARRY8=4 LUT3=1 LUT5=1 LUT6=5)
  Input Delay:            1.000ns
  Clock Path Skew:        0.030ns (DCD - SCD + CPR)
    Destination Clock Delay (DCD):    0.030ns = ( 5.030 - 5.000 ) 
    Source Clock Delay      (SCD):    0.000ns
    Clock Pessimism Removal (CPR):    0.000ns
  Clock Uncertainty:      0.035ns  ((TSJ^2 + TIJ^2)^1/2 + DJ) / 2 + PE
    Total System Jitter     (TSJ):    0.071ns
    Total Input Jitter      (TIJ):    0.000ns
    Discrete Jitter          (DJ):    0.000ns
    Phase Error              (PE):    0.000ns

    Location             Delay type                Incr(ns)  Path(ns)    Netlist Resource(s)
  -------------------------------------------------------------------    -------------------
                         (clock clk rise edge)        0.000     0.000 r  
                         input delay                  1.000     1.000    
                                                      0.000     1.000 r  request_n_base[4] (IN)
                         net (fo=71, unset)           0.000     1.000    request_n_base[4]
    SLICE_X19Y87         LUT3 (Prop_H6LUT_SLICEL_I0_O)
                                                      0.153     1.153 r  stage_offset_q[28]_i_187/O
                         net (fo=1, routed)           0.210     1.363    stage_offset_q[28]_i_187_n_0
    SLICE_X17Y88         CARRY8 (Prop_CARRY8_SLICEM_DI[2]_O[4])
                                                      0.240     1.603 r  stage_offset_q_reg[28]_i_126/O[4]
                         net (fo=4, routed)           0.377     1.980    stage_offset_q_reg[28]_i_126_n_11
    SLICE_X19Y87         LUT6 (Prop_A6LUT_SLICEL_I1_O)
                                                      0.225     2.205 r  stage_offset_q[20]_i_78/O
                         net (fo=2, routed)           0.225     2.430    stage_offset_q[20]_i_78_n_0
    SLICE_X18Y88         LUT6 (Prop_D6LUT_SLICEM_I0_O)
                                                      0.185     2.615 r  stage_offset_q[20]_i_86/O
                         net (fo=1, routed)           0.032     2.647    stage_offset_q[20]_i_86_n_0
    SLICE_X18Y88         CARRY8 (Prop_CARRY8_SLICEM_S[3]_O[5])
                                                      0.262     2.909 r  stage_offset_q_reg[20]_i_32/O[5]
                         net (fo=1, routed)           0.331     3.240    data0[18]
    SLICE_X21Y91         LUT6 (Prop_C6LUT_SLICEM_I4_O)
                                                      0.056     3.296 r  stage_offset_q[20]_i_94/O
                         net (fo=1, routed)           0.186     3.482    stage_offset_q[20]_i_94_n_0
    SLICE_X21Y89         LUT6 (Prop_H6LUT_SLICEM_I5_O)
                                                      0.060     3.542 r  stage_offset_q[20]_i_37/O
                         net (fo=1, routed)           0.173     3.715    stage_offset_q[20]_i_37_n_0
    SLICE_X19Y89         LUT5 (Prop_F6LUT_SLICEL_I4_O)
                                                      0.081     3.796 r  stage_offset_q[20]_i_15/O
                         net (fo=1, routed)           0.015     3.811    stage_offset_q[20]_i_15_n_0
    SLICE_X19Y89         CARRY8 (Prop_CARRY8_SLICEL_S[5]_CO[7])
                                                      0.232     4.043 r  stage_offset_q_reg[20]_i_3/CO[7]
                         net (fo=1, routed)           0.062     4.105    stage_offset_q_reg[20]_i_3_n_0
    SLICE_X19Y90         CARRY8 (Prop_CARRY8_SLICEL_CI_O[2])
                                                      0.093     4.198 r  stage_offset_q_reg[28]_i_4/O[2]
                         net (fo=1, routed)           0.210     4.408    byte_offset0_in[23]
    SLICE_X20Y91         LUT6 (Prop_A6LUT_SLICEM_I2_O)
                                                      0.083     4.491 r  stage_offset_q[23]_i_1/O
                         net (fo=1, routed)           0.073     4.564    stage_offset_q[23]_i_1_n_0
    SLICE_X20Y91         FDRE                                         r  stage_offset_q_reg[23]/D
  -------------------------------------------------------------------    -------------------

                         (clock clk rise edge)        5.000     5.000 r  
                                                      0.000     5.000 r  clk (IN)
                         net (fo=343, unset)          0.030     5.030    clk
    SLICE_X20Y91         FDRE                                         r  stage_offset_q_reg[23]/C
                         clock pessimism              0.000     5.030    
                         clock uncertainty           -0.035     4.995    
    SLICE_X20Y91         FDRE (Setup_AFF_SLICEM_C_D)
                                                      0.044     5.039    stage_offset_q_reg[23]
  -------------------------------------------------------------------
                         required time                          5.039    
                         arrival time                          -4.564    
  -------------------------------------------------------------------
                         slack                                  0.474    

Slack (MET) :             0.475ns  (required time - arrival time)
  Source:                 request_n_base[3]
                            (input port clocked by clk  {rise@0.000ns fall@2.500ns period=5.000ns})
  Destination:            stage_offset_q_reg[18]/D
                            (rising edge-triggered cell FDRE clocked by clk  {rise@0.000ns fall@2.500ns period=5.000ns})
  Path Group:             clk
  Path Type:              Setup (Max at Slow Process Corner)
  Requirement:            5.000ns  (clk rise@5.000ns - clk rise@0.000ns)
  Data Path Delay:        3.563ns  (logic 1.767ns (49.593%)  route 1.796ns (50.407%))
  Logic Levels:           11  (CARRY8=4 LUT3=1 LUT5=1 LUT6=5)
  Input Delay:            1.000ns
  Clock Path Skew:        0.030ns (DCD - SCD + CPR)
    Destination Clock Delay (DCD):    0.030ns = ( 5.030 - 5.000 ) 
    Source Clock Delay      (SCD):    0.000ns
    Clock Pessimism Removal (CPR):    0.000ns
  Clock Uncertainty:      0.035ns  ((TSJ^2 + TIJ^2)^1/2 + DJ) / 2 + PE
    Total System Jitter     (TSJ):    0.071ns
    Total Input Jitter      (TIJ):    0.000ns
    Discrete Jitter          (DJ):    0.000ns
    Phase Error              (PE):    0.000ns

    Location             Delay type                Incr(ns)  Path(ns)    Netlist Resource(s)
  -------------------------------------------------------------------    -------------------
                         (clock clk rise edge)        0.000     0.000 r  
                         input delay                  1.000     1.000    
                                                      0.000     1.000 r  request_n_base[3] (IN)
                         net (fo=70, unset)           0.099     1.099    request_n_base[3]
    SLICE_X17Y87         CARRY8 (Prop_CARRY8_SLICEM_S[0]_CO[7])
                                                      0.281     1.380 r  stage_offset_q_reg[4]_i_7/CO[7]
                         net (fo=1, routed)           0.030     1.410    stage_offset_q_reg[4]_i_7_n_0
    SLICE_X17Y88         CARRY8 (Prop_CARRY8_SLICEM_CI_O[2])
                                                      0.093     1.503 r  stage_offset_q_reg[28]_i_126/O[2]
                         net (fo=4, routed)           0.351     1.854    stage_offset_q_reg[28]_i_126_n_13
    SLICE_X18Y92         LUT3 (Prop_H6LUT_SLICEM_I0_O)
                                                      0.228     2.082 r  stage_offset_q[20]_i_153/O
                         net (fo=1, routed)           0.218     2.300    stage_offset_q[20]_i_153_n_0
    SLICE_X18Y88         LUT6 (Prop_B6LUT_SLICEM_I1_O)
                                                      0.225     2.525 r  stage_offset_q[20]_i_88/O
                         net (fo=1, routed)           0.022     2.547    stage_offset_q[20]_i_88_n_0
    SLICE_X18Y88         CARRY8 (Prop_CARRY8_SLICEM_S[1]_O[2])
                                                      0.179     2.726 r  stage_offset_q_reg[20]_i_32/O[2]
                         net (fo=1, routed)           0.284     3.010    data0[15]
    SLICE_X21Y90         LUT6 (Prop_D6LUT_SLICEM_I4_O)
                                                      0.151     3.161 r  stage_offset_q[20]_i_100/O
                         net (fo=1, routed)           0.260     3.421    stage_offset_q[20]_i_100_n_0
    SLICE_X20Y89         LUT6 (Prop_C6LUT_SLICEM_I5_O)
                                                      0.056     3.477 r  stage_offset_q[20]_i_40/O
                         net (fo=1, routed)           0.151     3.628    stage_offset_q[20]_i_40_n_0
    SLICE_X19Y89         LUT5 (Prop_C6LUT_SLICEL_I4_O)
                                                      0.081     3.709 r  stage_offset_q[20]_i_18/O
                         net (fo=1, routed)           0.015     3.724    stage_offset_q[20]_i_18_n_0
    SLICE_X19Y89         CARRY8 (Prop_CARRY8_SLICEL_S[2]_O[5])
                                                      0.278     4.002 r  stage_offset_q_reg[20]_i_3/O[5]
                         net (fo=1, routed)           0.232     4.234    byte_offset0_in[18]
    SLICE_X20Y85         LUT6 (Prop_A6LUT_SLICEM_I0_O)
                                                      0.058     4.292 r  stage_offset_q[18]_i_5/O
                         net (fo=1, routed)           0.053     4.345    stage_offset_q[18]_i_5_n_0
    SLICE_X20Y85         LUT6 (Prop_B6LUT_SLICEM_I4_O)
                                                      0.137     4.482 r  stage_offset_q[18]_i_1/O
                         net (fo=1, routed)           0.081     4.563    stage_offset_q[18]_i_1_n_0
    SLICE_X20Y85         FDRE                                         r  stage_offset_q_reg[18]/D
  -------------------------------------------------------------------    -------------------

                         (clock clk rise edge)        5.000     5.000 r  
                                                      0.000     5.000 r  clk (IN)
                         net (fo=343, unset)          0.030     5.030    clk
    SLICE_X20Y85         FDRE                                         r  stage_offset_q_reg[18]/C
                         clock pessimism              0.000     5.030    
                         clock uncertainty           -0.035     4.995    
    SLICE_X20Y85         FDRE (Setup_BFF_SLICEM_C_D)
                                                      0.043     5.038    stage_offset_q_reg[18]
  -------------------------------------------------------------------
                         required time                          5.038    
                         arrival time                          -4.563    
  -------------------------------------------------------------------
                         slack                                  0.475    

Slack (MET) :             0.478ns  (required time - arrival time)
  Source:                 request_n_base[4]
                            (input port clocked by clk  {rise@0.000ns fall@2.500ns period=5.000ns})
  Destination:            stage_offset_q_reg[24]/D
                            (rising edge-triggered cell FDRE clocked by clk  {rise@0.000ns fall@2.500ns period=5.000ns})
  Path Group:             clk
  Path Type:              Setup (Max at Slow Process Corner)
  Requirement:            5.000ns  (clk rise@5.000ns - clk rise@0.000ns)
  Data Path Delay:        3.559ns  (logic 1.665ns (46.781%)  route 1.894ns (53.219%))
  Logic Levels:           11  (CARRY8=4 LUT3=1 LUT5=1 LUT6=5)
  Input Delay:            1.000ns
  Clock Path Skew:        0.029ns (DCD - SCD + CPR)
    Destination Clock Delay (DCD):    0.029ns = ( 5.029 - 5.000 ) 
    Source Clock Delay      (SCD):    0.000ns
    Clock Pessimism Removal (CPR):    0.000ns
  Clock Uncertainty:      0.035ns  ((TSJ^2 + TIJ^2)^1/2 + DJ) / 2 + PE
    Total System Jitter     (TSJ):    0.071ns
    Total Input Jitter      (TIJ):    0.000ns
    Discrete Jitter          (DJ):    0.000ns
    Phase Error              (PE):    0.000ns

    Location             Delay type                Incr(ns)  Path(ns)    Netlist Resource(s)
  -------------------------------------------------------------------    -------------------
                         (clock clk rise edge)        0.000     0.000 r  
                         input delay                  1.000     1.000    
                                                      0.000     1.000 r  request_n_base[4] (IN)
                         net (fo=71, unset)           0.000     1.000    request_n_base[4]
    SLICE_X19Y87         LUT3 (Prop_H6LUT_SLICEL_I0_O)
                                                      0.153     1.153 r  stage_offset_q[28]_i_187/O
                         net (fo=1, routed)           0.210     1.363    stage_offset_q[28]_i_187_n_0
    SLICE_X17Y88         CARRY8 (Prop_CARRY8_SLICEM_DI[2]_O[4])
                                                      0.240     1.603 r  stage_offset_q_reg[28]_i_126/O[4]
                         net (fo=4, routed)           0.377     1.980    stage_offset_q_reg[28]_i_126_n_11
    SLICE_X19Y87         LUT6 (Prop_A6LUT_SLICEL_I1_O)
                                                      0.225     2.205 r  stage_offset_q[20]_i_78/O
                         net (fo=2, routed)           0.225     2.430    stage_offset_q[20]_i_78_n_0
    SLICE_X18Y88         LUT6 (Prop_D6LUT_SLICEM_I0_O)
                                                      0.185     2.615 r  stage_offset_q[20]_i_86/O
                         net (fo=1, routed)           0.032     2.647    stage_offset_q[20]_i_86_n_0
    SLICE_X18Y88         CARRY8 (Prop_CARRY8_SLICEM_S[3]_O[5])
                                                      0.262     2.909 r  stage_offset_q_reg[20]_i_32/O[5]
                         net (fo=1, routed)           0.331     3.240    data0[18]
    SLICE_X21Y91         LUT6 (Prop_C6LUT_SLICEM_I4_O)
                                                      0.056     3.296 r  stage_offset_q[20]_i_94/O
                         net (fo=1, routed)           0.186     3.482    stage_offset_q[20]_i_94_n_0
    SLICE_X21Y89         LUT6 (Prop_H6LUT_SLICEM_I5_O)
                                                      0.060     3.542 r  stage_offset_q[20]_i_37/O
                         net (fo=1, routed)           0.173     3.715    stage_offset_q[20]_i_37_n_0
    SLICE_X19Y89         LUT5 (Prop_F6LUT_SLICEL_I4_O)
                                                      0.081     3.796 r  stage_offset_q[20]_i_15/O
                         net (fo=1, routed)           0.015     3.811    stage_offset_q[20]_i_15_n_0
    SLICE_X19Y89         CARRY8 (Prop_CARRY8_SLICEL_S[5]_CO[7])
                                                      0.232     4.043 r  stage_offset_q_reg[20]_i_3/CO[7]
                         net (fo=1, routed)           0.062     4.105    stage_offset_q_reg[20]_i_3_n_0
    SLICE_X19Y90         CARRY8 (Prop_CARRY8_SLICEL_CI_O[3])
                                                      0.114     4.219 r  stage_offset_q_reg[28]_i_4/O[3]
                         net (fo=1, routed)           0.217     4.436    byte_offset0_in[24]
    SLICE_X19Y94         LUT6 (Prop_G6LUT_SLICEL_I5_O)
                                                      0.057     4.493 r  stage_offset_q[24]_i_1/O
                         net (fo=1, routed)           0.066     4.559    stage_offset_q[24]_i_1_n_0
    SLICE_X19Y94         FDRE                                         r  stage_offset_q_reg[24]/D
  -------------------------------------------------------------------    -------------------

                         (clock clk rise edge)        5.000     5.000 r  
                                                      0.000     5.000 r  clk (IN)
                         net (fo=343, unset)          0.029     5.029    clk
    SLICE_X19Y94         FDRE                                         r  stage_offset_q_reg[24]/C
                         clock pessimism              0.000     5.029    
                         clock uncertainty           -0.035     4.994    
    SLICE_X19Y94         FDRE (Setup_GFF_SLICEL_C_D)
                                                      0.044     5.038    stage_offset_q_reg[24]
  -------------------------------------------------------------------
                         required time                          5.038    
                         arrival time                          -4.559    
  -------------------------------------------------------------------
                         slack                                  0.478    

Slack (MET) :             0.478ns  (required time - arrival time)
  Source:                 request_n_base[4]
                            (input port clocked by clk  {rise@0.000ns fall@2.500ns period=5.000ns})
  Destination:            stage_offset_q_reg[25]/D
                            (rising edge-triggered cell FDRE clocked by clk  {rise@0.000ns fall@2.500ns period=5.000ns})
  Path Group:             clk
  Path Type:              Setup (Max at Slow Process Corner)
  Requirement:            5.000ns  (clk rise@5.000ns - clk rise@0.000ns)
  Data Path Delay:        3.559ns  (logic 1.671ns (46.949%)  route 1.888ns (53.051%))
  Logic Levels:           11  (CARRY8=4 LUT3=1 LUT5=1 LUT6=5)
  Input Delay:            1.000ns
  Clock Path Skew:        0.029ns (DCD - SCD + CPR)
    Destination Clock Delay (DCD):    0.029ns = ( 5.029 - 5.000 ) 
    Source Clock Delay      (SCD):    0.000ns
    Clock Pessimism Removal (CPR):    0.000ns
  Clock Uncertainty:      0.035ns  ((TSJ^2 + TIJ^2)^1/2 + DJ) / 2 + PE
    Total System Jitter     (TSJ):    0.071ns
    Total Input Jitter      (TIJ):    0.000ns
    Discrete Jitter          (DJ):    0.000ns
    Phase Error              (PE):    0.000ns

    Location             Delay type                Incr(ns)  Path(ns)    Netlist Resource(s)
  -------------------------------------------------------------------    -------------------
                         (clock clk rise edge)        0.000     0.000 r  
                         input delay                  1.000     1.000    
                                                      0.000     1.000 r  request_n_base[4] (IN)
                         net (fo=71, unset)           0.000     1.000    request_n_base[4]
    SLICE_X19Y87         LUT3 (Prop_H6LUT_SLICEL_I0_O)
                                                      0.153     1.153 r  stage_offset_q[28]_i_187/O
                         net (fo=1, routed)           0.210     1.363    stage_offset_q[28]_i_187_n_0
    SLICE_X17Y88         CARRY8 (Prop_CARRY8_SLICEM_DI[2]_O[4])
                                                      0.240     1.603 r  stage_offset_q_reg[28]_i_126/O[4]
                         net (fo=4, routed)           0.377     1.980    stage_offset_q_reg[28]_i_126_n_11
    SLICE_X19Y87         LUT6 (Prop_A6LUT_SLICEL_I1_O)
                                                      0.225     2.205 r  stage_offset_q[20]_i_78/O
                         net (fo=2, routed)           0.225     2.430    stage_offset_q[20]_i_78_n_0
    SLICE_X18Y88         LUT6 (Prop_D6LUT_SLICEM_I0_O)
                                                      0.185     2.615 r  stage_offset_q[20]_i_86/O
                         net (fo=1, routed)           0.032     2.647    stage_offset_q[20]_i_86_n_0
    SLICE_X18Y88         CARRY8 (Prop_CARRY8_SLICEM_S[3]_O[5])
                                                      0.262     2.909 r  stage_offset_q_reg[20]_i_32/O[5]
                         net (fo=1, routed)           0.331     3.240    data0[18]
    SLICE_X21Y91         LUT6 (Prop_C6LUT_SLICEM_I4_O)
                                                      0.056     3.296 r  stage_offset_q[20]_i_94/O
                         net (fo=1, routed)           0.186     3.482    stage_offset_q[20]_i_94_n_0
    SLICE_X21Y89         LUT6 (Prop_H6LUT_SLICEM_I5_O)
                                                      0.060     3.542 r  stage_offset_q[20]_i_37/O
                         net (fo=1, routed)           0.173     3.715    stage_offset_q[20]_i_37_n_0
    SLICE_X19Y89         LUT5 (Prop_F6LUT_SLICEL_I4_O)
                                                      0.081     3.796 r  stage_offset_q[20]_i_15/O
                         net (fo=1, routed)           0.015     3.811    stage_offset_q[20]_i_15_n_0
    SLICE_X19Y89         CARRY8 (Prop_CARRY8_SLICEL_S[5]_CO[7])
                                                      0.232     4.043 r  stage_offset_q_reg[20]_i_3/CO[7]
                         net (fo=1, routed)           0.062     4.105    stage_offset_q_reg[20]_i_3_n_0
    SLICE_X19Y90         CARRY8 (Prop_CARRY8_SLICEL_CI_O[4])
                                                      0.119     4.224 r  stage_offset_q_reg[28]_i_4/O[4]
                         net (fo=1, routed)           0.207     4.431    byte_offset0_in[25]
    SLICE_X19Y94         LUT6 (Prop_H6LUT_SLICEL_I5_O)
                                                      0.058     4.489 r  stage_offset_q[25]_i_1/O
                         net (fo=1, routed)           0.070     4.559    stage_offset_q[25]_i_1_n_0
    SLICE_X19Y94         FDRE                                         r  stage_offset_q_reg[25]/D
  -------------------------------------------------------------------    -------------------

                         (clock clk rise edge)        5.000     5.000 r  
                                                      0.000     5.000 r  clk (IN)
                         net (fo=343, unset)          0.029     5.029    clk
    SLICE_X19Y94         FDRE                                         r  stage_offset_q_reg[25]/C
                         clock pessimism              0.000     5.029    
                         clock uncertainty           -0.035     4.994    
    SLICE_X19Y94         FDRE (Setup_HFF_SLICEL_C_D)
                                                      0.044     5.038    stage_offset_q_reg[25]
  -------------------------------------------------------------------
                         required time                          5.038    
                         arrival time                          -4.559    
  -------------------------------------------------------------------
                         slack                                  0.478    

Slack (MET) :             0.481ns  (required time - arrival time)
  Source:                 request_n_base[3]
                            (input port clocked by clk  {rise@0.000ns fall@2.500ns period=5.000ns})
  Destination:            stage_offset_q_reg[29]/D
                            (rising edge-triggered cell FDRE clocked by clk  {rise@0.000ns fall@2.500ns period=5.000ns})
  Path Group:             clk
  Path Type:              Setup (Max at Slow Process Corner)
  Requirement:            5.000ns  (clk rise@5.000ns - clk rise@0.000ns)
  Data Path Delay:        3.559ns  (logic 1.778ns (49.960%)  route 1.781ns (50.040%))
  Logic Levels:           12  (CARRY8=7 LUT3=1 LUT4=1 LUT6=3)
  Input Delay:            1.000ns
  Clock Path Skew:        0.030ns (DCD - SCD + CPR)
    Destination Clock Delay (DCD):    0.030ns = ( 5.030 - 5.000 ) 
    Source Clock Delay      (SCD):    0.000ns
    Clock Pessimism Removal (CPR):    0.000ns
  Clock Uncertainty:      0.035ns  ((TSJ^2 + TIJ^2)^1/2 + DJ) / 2 + PE
    Total System Jitter     (TSJ):    0.071ns
    Total Input Jitter      (TIJ):    0.000ns
    Discrete Jitter          (DJ):    0.000ns
    Phase Error              (PE):    0.000ns

    Location             Delay type                Incr(ns)  Path(ns)    Netlist Resource(s)
  -------------------------------------------------------------------    -------------------
                         (clock clk rise edge)        0.000     0.000 r  
                         input delay                  1.000     1.000    
                                                      0.000     1.000 r  request_n_base[3] (IN)
                         net (fo=70, unset)           0.099     1.099    request_n_base[3]
    SLICE_X17Y87         CARRY8 (Prop_CARRY8_SLICEM_S[0]_O[0])
                                                      0.079     1.178 r  stage_offset_q_reg[4]_i_7/O[0]
                         net (fo=5, routed)           0.221     1.399    p_3_in[12]
    SLICE_X16Y88         LUT3 (Prop_D5LUT_SLICEL_I0_O)
                                                      0.187     1.586 r  stage_offset_q[32]_i_60/O
                         net (fo=2, routed)           0.231     1.817    stage_offset_q[32]_i_60_n_0
    SLICE_X15Y90         CARRY8 (Prop_CARRY8_SLICEL_DI[3]_O[5])
                                                      0.260     2.077 r  stage_offset_q_reg[32]_i_49/O[5]
                         net (fo=3, routed)           0.357     2.434    stage_offset_q_reg[32]_i_49_n_10
    SLICE_X16Y89         LUT6 (Prop_H6LUT_SLICEL_I3_O)
                                                      0.137     2.571 r  stage_offset_q[28]_i_159/O
                         net (fo=1, routed)           0.015     2.586    stage_offset_q[28]_i_159_n_0
    SLICE_X16Y89         CARRY8 (Prop_CARRY8_SLICEL_S[7]_CO[7])
                                                      0.172     2.758 r  stage_offset_q_reg[28]_i_95/CO[7]
                         net (fo=1, routed)           0.062     2.820    stage_offset_q_reg[28]_i_95_n_0
    SLICE_X16Y90         CARRY8 (Prop_CARRY8_SLICEL_CI_CO[7])
                                                      0.065     2.885 r  stage_offset_q_reg[28]_i_42/CO[7]
                         net (fo=1, routed)           0.030     2.915    stage_offset_q_reg[28]_i_42_n_0
    SLICE_X16Y91         CARRY8 (Prop_CARRY8_SLICEL_CI_O[0])
                                                      0.078     2.993 r  stage_offset_q_reg[32]_i_9/O[0]
                         net (fo=1, routed)           0.430     3.423    data1[24]
    SLICE_X20Y90         LUT6 (Prop_F6LUT_SLICEM_I1_O)
                                                      0.224     3.647 r  stage_offset_q[28]_i_40/O
                         net (fo=1, routed)           0.107     3.754    stage_offset_q[28]_i_40_n_0
    SLICE_X19Y90         LUT6 (Prop_D6LUT_SLICEL_I5_O)
                                                      0.185     3.939 r  stage_offset_q[28]_i_22/O
                         net (fo=1, routed)           0.013     3.952    stage_offset_q[28]_i_22_n_0
    SLICE_X19Y90         CARRY8 (Prop_CARRY8_SLICEL_S[3]_CO[7])
                                                      0.220     4.172 r  stage_offset_q_reg[28]_i_4/CO[7]
                         net (fo=1, routed)           0.030     4.202    stage_offset_q_reg[28]_i_4_n_0
    SLICE_X19Y91         CARRY8 (Prop_CARRY8_SLICEL_CI_O[0])
                                                      0.078     4.280 r  stage_offset_q_reg[32]_i_2/O[0]
                         net (fo=1, routed)           0.147     4.427    byte_offset0_in[29]
    SLICE_X20Y91         LUT4 (Prop_C5LUT_SLICEM_I3_O)
                                                      0.093     4.520 r  stage_offset_q[29]_i_1/O
                         net (fo=1, routed)           0.039     4.559    stage_offset_q[29]_i_1_n_0
    SLICE_X20Y91         FDRE                                         r  stage_offset_q_reg[29]/D
  -------------------------------------------------------------------    -------------------

                         (clock clk rise edge)        5.000     5.000 r  
                                                      0.000     5.000 r  clk (IN)
                         net (fo=343, unset)          0.030     5.030    clk
    SLICE_X20Y91         FDRE                                         r  stage_offset_q_reg[29]/C
                         clock pessimism              0.000     5.030    
                         clock uncertainty           -0.035     4.995    
    SLICE_X20Y91         FDRE (Setup_CFF2_SLICEM_C_D)
                                                      0.045     5.040    stage_offset_q_reg[29]
  -------------------------------------------------------------------
                         required time                          5.040    
                         arrival time                          -4.559    
  -------------------------------------------------------------------
                         slack                                  0.481    

Slack (MET) :             0.495ns  (required time - arrival time)
  Source:                 request_n_base[4]
                            (input port clocked by clk  {rise@0.000ns fall@2.500ns period=5.000ns})
  Destination:            stage_offset_q_reg[22]/D
                            (rising edge-triggered cell FDRE clocked by clk  {rise@0.000ns fall@2.500ns period=5.000ns})
  Path Group:             clk
  Path Type:              Setup (Max at Slow Process Corner)
  Requirement:            5.000ns  (clk rise@5.000ns - clk rise@0.000ns)
  Data Path Delay:        3.544ns  (logic 1.657ns (46.753%)  route 1.887ns (53.247%))
  Logic Levels:           11  (CARRY8=4 LUT3=1 LUT5=1 LUT6=5)
  Input Delay:            1.000ns
  Clock Path Skew:        0.031ns (DCD - SCD + CPR)
    Destination Clock Delay (DCD):    0.031ns = ( 5.031 - 5.000 ) 
    Source Clock Delay      (SCD):    0.000ns
    Clock Pessimism Removal (CPR):    0.000ns
  Clock Uncertainty:      0.035ns  ((TSJ^2 + TIJ^2)^1/2 + DJ) / 2 + PE
    Total System Jitter     (TSJ):    0.071ns
    Total Input Jitter      (TIJ):    0.000ns
    Discrete Jitter          (DJ):    0.000ns
    Phase Error              (PE):    0.000ns

    Location             Delay type                Incr(ns)  Path(ns)    Netlist Resource(s)
  -------------------------------------------------------------------    -------------------
                         (clock clk rise edge)        0.000     0.000 r  
                         input delay                  1.000     1.000    
                                                      0.000     1.000 r  request_n_base[4] (IN)
                         net (fo=71, unset)           0.000     1.000    request_n_base[4]
    SLICE_X19Y87         LUT3 (Prop_H6LUT_SLICEL_I0_O)
                                                      0.153     1.153 r  stage_offset_q[28]_i_187/O
                         net (fo=1, routed)           0.210     1.363    stage_offset_q[28]_i_187_n_0
    SLICE_X17Y88         CARRY8 (Prop_CARRY8_SLICEM_DI[2]_O[4])
                                                      0.240     1.603 r  stage_offset_q_reg[28]_i_126/O[4]
                         net (fo=4, routed)           0.377     1.980    stage_offset_q_reg[28]_i_126_n_11
    SLICE_X19Y87         LUT6 (Prop_A6LUT_SLICEL_I1_O)
                                                      0.225     2.205 r  stage_offset_q[20]_i_78/O
                         net (fo=2, routed)           0.225     2.430    stage_offset_q[20]_i_78_n_0
    SLICE_X18Y88         LUT6 (Prop_D6LUT_SLICEM_I0_O)
                                                      0.185     2.615 r  stage_offset_q[20]_i_86/O
                         net (fo=1, routed)           0.032     2.647    stage_offset_q[20]_i_86_n_0
    SLICE_X18Y88         CARRY8 (Prop_CARRY8_SLICEM_S[3]_O[5])
                                                      0.262     2.909 r  stage_offset_q_reg[20]_i_32/O[5]
                         net (fo=1, routed)           0.331     3.240    data0[18]
    SLICE_X21Y91         LUT6 (Prop_C6LUT_SLICEM_I4_O)
                                                      0.056     3.296 r  stage_offset_q[20]_i_94/O
                         net (fo=1, routed)           0.186     3.482    stage_offset_q[20]_i_94_n_0
    SLICE_X21Y89         LUT6 (Prop_H6LUT_SLICEM_I5_O)
                                                      0.060     3.542 r  stage_offset_q[20]_i_37/O
                         net (fo=1, routed)           0.173     3.715    stage_offset_q[20]_i_37_n_0
    SLICE_X19Y89         LUT5 (Prop_F6LUT_SLICEL_I4_O)
                                                      0.081     3.796 r  stage_offset_q[20]_i_15/O
                         net (fo=1, routed)           0.015     3.811    stage_offset_q[20]_i_15_n_0
    SLICE_X19Y89         CARRY8 (Prop_CARRY8_SLICEL_S[5]_CO[7])
                                                      0.232     4.043 r  stage_offset_q_reg[20]_i_3/CO[7]
                         net (fo=1, routed)           0.062     4.105    stage_offset_q_reg[20]_i_3_n_0
    SLICE_X19Y90         CARRY8 (Prop_CARRY8_SLICEL_CI_O[1])
                                                      0.106     4.211 r  stage_offset_q_reg[28]_i_4/O[1]
                         net (fo=1, routed)           0.201     4.412    byte_offset0_in[22]
    SLICE_X20Y90         LUT6 (Prop_E6LUT_SLICEM_I2_O)
                                                      0.057     4.469 r  stage_offset_q[22]_i_1/O
                         net (fo=1, routed)           0.075     4.544    stage_offset_q[22]_i_1_n_0
    SLICE_X20Y90         FDRE                                         r  stage_offset_q_reg[22]/D
  -------------------------------------------------------------------    -------------------

                         (clock clk rise edge)        5.000     5.000 r  
                                                      0.000     5.000 r  clk (IN)
                         net (fo=343, unset)          0.031     5.031    clk
    SLICE_X20Y90         FDRE                                         r  stage_offset_q_reg[22]/C
                         clock pessimism              0.000     5.031    
                         clock uncertainty           -0.035     4.996    
    SLICE_X20Y90         FDRE (Setup_EFF_SLICEM_C_D)
                                                      0.044     5.040    stage_offset_q_reg[22]
  -------------------------------------------------------------------
                         required time                          5.040    
                         arrival time                          -4.544    
  -------------------------------------------------------------------
                         slack                                  0.495    

Slack (MET) :             0.507ns  (required time - arrival time)
  Source:                 request_n_base[4]
                            (input port clocked by clk  {rise@0.000ns fall@2.500ns period=5.000ns})
  Destination:            stage_offset_q_reg[27]/D
                            (rising edge-triggered cell FDRE clocked by clk  {rise@0.000ns fall@2.500ns period=5.000ns})
  Path Group:             clk
  Path Type:              Setup (Max at Slow Process Corner)
  Requirement:            5.000ns  (clk rise@5.000ns - clk rise@0.000ns)
  Data Path Delay:        3.530ns  (logic 1.707ns (48.355%)  route 1.823ns (51.645%))
  Logic Levels:           11  (CARRY8=4 LUT3=1 LUT5=1 LUT6=5)
  Input Delay:            1.000ns
  Clock Path Skew:        0.029ns (DCD - SCD + CPR)
    Destination Clock Delay (DCD):    0.029ns = ( 5.029 - 5.000 ) 
    Source Clock Delay      (SCD):    0.000ns
    Clock Pessimism Removal (CPR):    0.000ns
  Clock Uncertainty:      0.035ns  ((TSJ^2 + TIJ^2)^1/2 + DJ) / 2 + PE
    Total System Jitter     (TSJ):    0.071ns
    Total Input Jitter      (TIJ):    0.000ns
    Discrete Jitter          (DJ):    0.000ns
    Phase Error              (PE):    0.000ns

    Location             Delay type                Incr(ns)  Path(ns)    Netlist Resource(s)
  -------------------------------------------------------------------    -------------------
                         (clock clk rise edge)        0.000     0.000 r  
                         input delay                  1.000     1.000    
                                                      0.000     1.000 r  request_n_base[4] (IN)
                         net (fo=71, unset)           0.000     1.000    request_n_base[4]
    SLICE_X19Y87         LUT3 (Prop_H6LUT_SLICEL_I0_O)
                                                      0.153     1.153 r  stage_offset_q[28]_i_187/O
                         net (fo=1, routed)           0.210     1.363    stage_offset_q[28]_i_187_n_0
    SLICE_X17Y88         CARRY8 (Prop_CARRY8_SLICEM_DI[2]_O[4])
                                                      0.240     1.603 r  stage_offset_q_reg[28]_i_126/O[4]
                         net (fo=4, routed)           0.377     1.980    stage_offset_q_reg[28]_i_126_n_11
    SLICE_X19Y87         LUT6 (Prop_A6LUT_SLICEL_I1_O)
                                                      0.225     2.205 r  stage_offset_q[20]_i_78/O
                         net (fo=2, routed)           0.225     2.430    stage_offset_q[20]_i_78_n_0
    SLICE_X18Y88         LUT6 (Prop_D6LUT_SLICEM_I0_O)
                                                      0.185     2.615 r  stage_offset_q[20]_i_86/O
                         net (fo=1, routed)           0.032     2.647    stage_offset_q[20]_i_86_n_0
    SLICE_X18Y88         CARRY8 (Prop_CARRY8_SLICEM_S[3]_O[5])
                                                      0.262     2.909 r  stage_offset_q_reg[20]_i_32/O[5]
                         net (fo=1, routed)           0.331     3.240    data0[18]
    SLICE_X21Y91         LUT6 (Prop_C6LUT_SLICEM_I4_O)
                                                      0.056     3.296 r  stage_offset_q[20]_i_94/O
                         net (fo=1, routed)           0.186     3.482    stage_offset_q[20]_i_94_n_0
    SLICE_X21Y89         LUT6 (Prop_H6LUT_SLICEM_I5_O)
                                                      0.060     3.542 r  stage_offset_q[20]_i_37/O
                         net (fo=1, routed)           0.173     3.715    stage_offset_q[20]_i_37_n_0
    SLICE_X19Y89         LUT5 (Prop_F6LUT_SLICEL_I4_O)
                                                      0.081     3.796 r  stage_offset_q[20]_i_15/O
                         net (fo=1, routed)           0.015     3.811    stage_offset_q[20]_i_15_n_0
    SLICE_X19Y89         CARRY8 (Prop_CARRY8_SLICEL_S[5]_CO[7])
                                                      0.232     4.043 r  stage_offset_q_reg[20]_i_3/CO[7]
                         net (fo=1, routed)           0.062     4.105    stage_offset_q_reg[20]_i_3_n_0
    SLICE_X19Y90         CARRY8 (Prop_CARRY8_SLICEL_CI_O[6])
                                                      0.157     4.262 r  stage_offset_q_reg[28]_i_4/O[6]
                         net (fo=1, routed)           0.143     4.405    byte_offset0_in[27]
    SLICE_X19Y91         LUT6 (Prop_F6LUT_SLICEL_I5_O)
                                                      0.056     4.461 r  stage_offset_q[27]_i_1/O
                         net (fo=1, routed)           0.069     4.530    stage_offset_q[27]_i_1_n_0
    SLICE_X19Y91         FDRE                                         r  stage_offset_q_reg[27]/D
  -------------------------------------------------------------------    -------------------

                         (clock clk rise edge)        5.000     5.000 r  
                                                      0.000     5.000 r  clk (IN)
                         net (fo=343, unset)          0.029     5.029    clk
    SLICE_X19Y91         FDRE                                         r  stage_offset_q_reg[27]/C
                         clock pessimism              0.000     5.029    
                         clock uncertainty           -0.035     4.994    
    SLICE_X19Y91         FDRE (Setup_FFF_SLICEL_C_D)
                                                      0.044     5.038    stage_offset_q_reg[27]
  -------------------------------------------------------------------
                         required time                          5.038    
                         arrival time                          -4.530    
  -------------------------------------------------------------------
                         slack                                  0.507    

Slack (MET) :             0.543ns  (required time - arrival time)
  Source:                 request_n_base[4]
                            (input port clocked by clk  {rise@0.000ns fall@2.500ns period=5.000ns})
  Destination:            stage_offset_q_reg[20]/D
                            (rising edge-triggered cell FDRE clocked by clk  {rise@0.000ns fall@2.500ns period=5.000ns})
  Path Group:             clk
  Path Type:              Setup (Max at Slow Process Corner)
  Requirement:            5.000ns  (clk rise@5.000ns - clk rise@0.000ns)
  Data Path Delay:        3.494ns  (logic 1.512ns (43.272%)  route 1.982ns (56.728%))
  Logic Levels:           10  (CARRY8=3 LUT3=1 LUT5=1 LUT6=5)
  Input Delay:            1.000ns
  Clock Path Skew:        0.030ns (DCD - SCD + CPR)
    Destination Clock Delay (DCD):    0.030ns = ( 5.030 - 5.000 ) 
    Source Clock Delay      (SCD):    0.000ns
    Clock Pessimism Removal (CPR):    0.000ns
  Clock Uncertainty:      0.035ns  ((TSJ^2 + TIJ^2)^1/2 + DJ) / 2 + PE
    Total System Jitter     (TSJ):    0.071ns
    Total Input Jitter      (TIJ):    0.000ns
    Discrete Jitter          (DJ):    0.000ns
    Phase Error              (PE):    0.000ns

    Location             Delay type                Incr(ns)  Path(ns)    Netlist Resource(s)
  -------------------------------------------------------------------    -------------------
                         (clock clk rise edge)        0.000     0.000 r  
                         input delay                  1.000     1.000    
                                                      0.000     1.000 r  request_n_base[4] (IN)
                         net (fo=71, unset)           0.000     1.000    request_n_base[4]
    SLICE_X19Y87         LUT3 (Prop_H6LUT_SLICEL_I0_O)
                                                      0.153     1.153 r  stage_offset_q[28]_i_187/O
                         net (fo=1, routed)           0.210     1.363    stage_offset_q[28]_i_187_n_0
    SLICE_X17Y88         CARRY8 (Prop_CARRY8_SLICEM_DI[2]_O[4])
                                                      0.240     1.603 r  stage_offset_q_reg[28]_i_126/O[4]
                         net (fo=4, routed)           0.377     1.980    stage_offset_q_reg[28]_i_126_n_11
    SLICE_X19Y87         LUT6 (Prop_A6LUT_SLICEL_I1_O)
                                                      0.225     2.205 r  stage_offset_q[20]_i_78/O
                         net (fo=2, routed)           0.225     2.430    stage_offset_q[20]_i_78_n_0
    SLICE_X18Y88         LUT6 (Prop_D6LUT_SLICEM_I0_O)
                                                      0.185     2.615 r  stage_offset_q[20]_i_86/O
                         net (fo=1, routed)           0.032     2.647    stage_offset_q[20]_i_86_n_0
    SLICE_X18Y88         CARRY8 (Prop_CARRY8_SLICEM_S[3]_O[5])
                                                      0.262     2.909 r  stage_offset_q_reg[20]_i_32/O[5]
                         net (fo=1, routed)           0.331     3.240    data0[18]
    SLICE_X21Y91         LUT6 (Prop_C6LUT_SLICEM_I4_O)
                                                      0.056     3.296 r  stage_offset_q[20]_i_94/O
                         net (fo=1, routed)           0.186     3.482    stage_offset_q[20]_i_94_n_0
    SLICE_X21Y89         LUT6 (Prop_H6LUT_SLICEM_I5_O)
                                                      0.060     3.542 r  stage_offset_q[20]_i_37/O
                         net (fo=1, routed)           0.173     3.715    stage_offset_q[20]_i_37_n_0
    SLICE_X19Y89         LUT5 (Prop_F6LUT_SLICEL_I4_O)
                                                      0.081     3.796 r  stage_offset_q[20]_i_15/O
                         net (fo=1, routed)           0.015     3.811    stage_offset_q[20]_i_15_n_0
    SLICE_X19Y89         CARRY8 (Prop_CARRY8_SLICEL_S[5]_O[7])
                                                      0.194     4.005 r  stage_offset_q_reg[20]_i_3/O[7]
                         net (fo=1, routed)           0.338     4.343    byte_offset0_in[20]
    SLICE_X17Y86         LUT6 (Prop_C6LUT_SLICEM_I4_O)
                                                      0.056     4.399 r  stage_offset_q[20]_i_1/O
                         net (fo=1, routed)           0.095     4.494    stage_offset_q[20]_i_1_n_0
    SLICE_X17Y86         FDRE                                         r  stage_offset_q_reg[20]/D
  -------------------------------------------------------------------    -------------------

                         (clock clk rise edge)        5.000     5.000 r  
                                                      0.000     5.000 r  clk (IN)
                         net (fo=343, unset)          0.030     5.030    clk
    SLICE_X17Y86         FDRE                                         r  stage_offset_q_reg[20]/C
                         clock pessimism              0.000     5.030    
                         clock uncertainty           -0.035     4.995    
    SLICE_X17Y86         FDRE (Setup_CFF_SLICEM_C_D)
                                                      0.043     5.038    stage_offset_q_reg[20]
  -------------------------------------------------------------------
                         required time                          5.038    
                         arrival time                          -4.494    
  -------------------------------------------------------------------
                         slack                                  0.543    

Slack (MET) :             0.552ns  (required time - arrival time)
  Source:                 request_n_base[3]
                            (input port clocked by clk  {rise@0.000ns fall@2.500ns period=5.000ns})
  Destination:            stage_offset_q_reg[13]/D
                            (rising edge-triggered cell FDRE clocked by clk  {rise@0.000ns fall@2.500ns period=5.000ns})
  Path Group:             clk
  Path Type:              Setup (Max at Slow Process Corner)
  Requirement:            5.000ns  (clk rise@5.000ns - clk rise@0.000ns)
  Data Path Delay:        3.486ns  (logic 1.342ns (38.501%)  route 2.144ns (61.499%))
  Logic Levels:           12  (CARRY8=5 LUT5=1 LUT6=6)
  Input Delay:            1.000ns
  Clock Path Skew:        0.029ns (DCD - SCD + CPR)
    Destination Clock Delay (DCD):    0.029ns = ( 5.029 - 5.000 ) 
    Source Clock Delay      (SCD):    0.000ns
    Clock Pessimism Removal (CPR):    0.000ns
  Clock Uncertainty:      0.035ns  ((TSJ^2 + TIJ^2)^1/2 + DJ) / 2 + PE
    Total System Jitter     (TSJ):    0.071ns
    Total Input Jitter      (TIJ):    0.000ns
    Discrete Jitter          (DJ):    0.000ns
    Phase Error              (PE):    0.000ns

    Location             Delay type                Incr(ns)  Path(ns)    Netlist Resource(s)
  -------------------------------------------------------------------    -------------------
                         (clock clk rise edge)        0.000     0.000 r  
                         input delay                  1.000     1.000    
                                                      0.000     1.000 r  request_n_base[3] (IN)
                         net (fo=70, unset)           0.099     1.099    request_n_base[3]
    SLICE_X17Y87         CARRY8 (Prop_CARRY8_SLICEM_S[0]_O[0])
                                                      0.079     1.178 r  stage_offset_q_reg[4]_i_7/O[0]
                         net (fo=5, routed)           0.304     1.482    p_3_in[12]
    SLICE_X17Y90         LUT5 (Prop_C6LUT_SLICEM_I4_O)
                                                      0.080     1.562 r  stage_offset_q[32]_i_69/O
                         net (fo=1, routed)           0.029     1.591    stage_offset_q[32]_i_69_n_0
    SLICE_X17Y90         CARRY8 (Prop_CARRY8_SLICEM_S[2]_O[2])
                                                      0.084     1.675 r  stage_offset_q_reg[32]_i_46/O[2]
                         net (fo=3, routed)           0.319     1.994    stage_offset_q_reg[32]_i_46_n_13
    SLICE_X18Y90         LUT6 (Prop_D6LUT_SLICEM_I3_O)
                                                      0.151     2.145 r  stage_offset_q[20]_i_142/O
                         net (fo=1, routed)           0.032     2.177    stage_offset_q[20]_i_142_n_0
    SLICE_X18Y90         CARRY8 (Prop_CARRY8_SLICEM_S[3]_O[3])
                                                      0.089     2.266 r  stage_offset_q_reg[20]_i_65/O[3]
                         net (fo=1, routed)           0.412     2.678    data2[12]
    SLICE_X21Y90         LUT6 (Prop_B6LUT_SLICEM_I1_O)
                                                      0.225     2.903 r  stage_offset_q[20]_i_61/O
                         net (fo=1, routed)           0.247     3.150    stage_offset_q[20]_i_61_n_0
    SLICE_X19Y88         LUT6 (Prop_H6LUT_SLICEL_I1_O)
                                                      0.137     3.287 r  stage_offset_q[20]_i_23/O
                         net (fo=1, routed)           0.015     3.302    stage_offset_q[20]_i_23_n_0
    SLICE_X19Y88         CARRY8 (Prop_CARRY8_SLICEL_S[7]_CO[7])
                                                      0.172     3.474 r  stage_offset_q_reg[20]_i_5/CO[7]
                         net (fo=1, routed)           0.030     3.504    stage_offset_q_reg[20]_i_5_n_0
    SLICE_X19Y89         CARRY8 (Prop_CARRY8_SLICEL_CI_O[0])
                                                      0.078     3.582 r  stage_offset_q_reg[20]_i_3/O[0]
                         net (fo=1, routed)           0.298     3.880    byte_offset0_in[13]
    SLICE_X18Y81         LUT6 (Prop_G6LUT_SLICEM_I2_O)
                                                      0.082     3.962 r  stage_offset_q[13]_i_6/O
                         net (fo=1, routed)           0.059     4.021    stage_offset_q[13]_i_6_n_0
    SLICE_X18Y81         LUT6 (Prop_H6LUT_SLICEM_I0_O)
                                                      0.084     4.105 r  stage_offset_q[13]_i_2/O
                         net (fo=1, routed)           0.231     4.336    stage_offset_q[13]_i_2_n_0
    SLICE_X16Y83         LUT6 (Prop_F6LUT_SLICEL_I0_O)
                                                      0.081     4.417 r  stage_offset_q[13]_i_1/O
                         net (fo=1, routed)           0.069     4.486    stage_offset_q[13]_i_1_n_0
    SLICE_X16Y83         FDRE                                         r  stage_offset_q_reg[13]/D
  -------------------------------------------------------------------    -------------------

                         (clock clk rise edge)        5.000     5.000 r  
                                                      0.000     5.000 r  clk (IN)
                         net (fo=343, unset)          0.029     5.029    clk
    SLICE_X16Y83         FDRE                                         r  stage_offset_q_reg[13]/C
                         clock pessimism              0.000     5.029    
                         clock uncertainty           -0.035     4.994    
    SLICE_X16Y83         FDRE (Setup_FFF_SLICEL_C_D)
                                                      0.044     5.038    stage_offset_q_reg[13]
  -------------------------------------------------------------------
                         required time                          5.038    
                         arrival time                          -4.486    
  -------------------------------------------------------------------
                         slack                                  0.552    

Slack (MET) :             0.557ns  (required time - arrival time)
  Source:                 request_n_base[3]
                            (input port clocked by clk  {rise@0.000ns fall@2.500ns period=5.000ns})
  Destination:            stage_offset_q_reg[17]/D
                            (rising edge-triggered cell FDRE clocked by clk  {rise@0.000ns fall@2.500ns period=5.000ns})
  Path Group:             clk
  Path Type:              Setup (Max at Slow Process Corner)
  Requirement:            5.000ns  (clk rise@5.000ns - clk rise@0.000ns)
  Data Path Delay:        3.481ns  (logic 1.637ns (47.027%)  route 1.844ns (52.973%))
  Logic Levels:           11  (CARRY8=4 LUT3=1 LUT5=1 LUT6=5)
  Input Delay:            1.000ns
  Clock Path Skew:        0.030ns (DCD - SCD + CPR)
    Destination Clock Delay (DCD):    0.030ns = ( 5.030 - 5.000 ) 
    Source Clock Delay      (SCD):    0.000ns
    Clock Pessimism Removal (CPR):    0.000ns
  Clock Uncertainty:      0.035ns  ((TSJ^2 + TIJ^2)^1/2 + DJ) / 2 + PE
    Total System Jitter     (TSJ):    0.071ns
    Total Input Jitter      (TIJ):    0.000ns
    Discrete Jitter          (DJ):    0.000ns
    Phase Error              (PE):    0.000ns

    Location             Delay type                Incr(ns)  Path(ns)    Netlist Resource(s)
  -------------------------------------------------------------------    -------------------
                         (clock clk rise edge)        0.000     0.000 r  
                         input delay                  1.000     1.000    
                                                      0.000     1.000 r  request_n_base[3] (IN)
                         net (fo=70, unset)           0.099     1.099    request_n_base[3]
    SLICE_X17Y87         CARRY8 (Prop_CARRY8_SLICEM_S[0]_CO[7])
                                                      0.281     1.380 r  stage_offset_q_reg[4]_i_7/CO[7]
                         net (fo=1, routed)           0.030     1.410    stage_offset_q_reg[4]_i_7_n_0
    SLICE_X17Y88         CARRY8 (Prop_CARRY8_SLICEM_CI_O[2])
                                                      0.093     1.503 r  stage_offset_q_reg[28]_i_126/O[2]
                         net (fo=4, routed)           0.351     1.854    stage_offset_q_reg[28]_i_126_n_13
    SLICE_X18Y92         LUT3 (Prop_H6LUT_SLICEM_I0_O)
                                                      0.228     2.082 r  stage_offset_q[20]_i_153/O
                         net (fo=1, routed)           0.218     2.300    stage_offset_q[20]_i_153_n_0
    SLICE_X18Y88         LUT6 (Prop_B6LUT_SLICEM_I1_O)
                                                      0.225     2.525 r  stage_offset_q[20]_i_88/O
                         net (fo=1, routed)           0.022     2.547    stage_offset_q[20]_i_88_n_0
    SLICE_X18Y88         CARRY8 (Prop_CARRY8_SLICEM_S[1]_O[2])
                                                      0.179     2.726 r  stage_offset_q_reg[20]_i_32/O[2]
                         net (fo=1, routed)           0.284     3.010    data0[15]
    SLICE_X21Y90         LUT6 (Prop_D6LUT_SLICEM_I4_O)
                                                      0.151     3.161 r  stage_offset_q[20]_i_100/O
                         net (fo=1, routed)           0.260     3.421    stage_offset_q[20]_i_100_n_0
    SLICE_X20Y89         LUT6 (Prop_C6LUT_SLICEM_I5_O)
                                                      0.056     3.477 r  stage_offset_q[20]_i_40/O
                         net (fo=1, routed)           0.151     3.628    stage_offset_q[20]_i_40_n_0
    SLICE_X19Y89         LUT5 (Prop_C6LUT_SLICEL_I4_O)
                                                      0.081     3.709 r  stage_offset_q[20]_i_18/O
                         net (fo=1, routed)           0.015     3.724    stage_offset_q[20]_i_18_n_0
    SLICE_X19Y89         CARRY8 (Prop_CARRY8_SLICEL_S[2]_O[4])
                                                      0.230     3.954 r  stage_offset_q_reg[20]_i_3/O[4]
                         net (fo=1, routed)           0.221     4.175    byte_offset0_in[17]
    SLICE_X20Y85         LUT6 (Prop_G6LUT_SLICEM_I0_O)
                                                      0.057     4.232 r  stage_offset_q[17]_i_2/O
                         net (fo=1, routed)           0.098     4.330    stage_offset_q[17]_i_2_n_0
    SLICE_X20Y85         LUT6 (Prop_C6LUT_SLICEM_I4_O)
                                                      0.056     4.386 r  stage_offset_q[17]_i_1/O
                         net (fo=1, routed)           0.095     4.481    stage_offset_q[17]_i_1_n_0
    SLICE_X20Y85         FDRE                                         r  stage_offset_q_reg[17]/D
  -------------------------------------------------------------------    -------------------

                         (clock clk rise edge)        5.000     5.000 r  
                                                      0.000     5.000 r  clk (IN)
                         net (fo=343, unset)          0.030     5.030    clk
    SLICE_X20Y85         FDRE                                         r  stage_offset_q_reg[17]/C
                         clock pessimism              0.000     5.030    
                         clock uncertainty           -0.035     4.995    
    SLICE_X20Y85         FDRE (Setup_CFF_SLICEM_C_D)
                                                      0.043     5.038    stage_offset_q_reg[17]
  -------------------------------------------------------------------
                         required time                          5.038    
                         arrival time                          -4.481    
  -------------------------------------------------------------------
                         slack                                  0.557    

Slack (MET) :             0.561ns  (required time - arrival time)
  Source:                 request_n_base[4]
                            (input port clocked by clk  {rise@0.000ns fall@2.500ns period=5.000ns})
  Destination:            stage_offset_q_reg[19]/D
                            (rising edge-triggered cell FDRE clocked by clk  {rise@0.000ns fall@2.500ns period=5.000ns})
  Path Group:             clk
  Path Type:              Setup (Max at Slow Process Corner)
  Requirement:            5.000ns  (clk rise@5.000ns - clk rise@0.000ns)
  Data Path Delay:        3.476ns  (logic 1.498ns (43.094%)  route 1.978ns (56.906%))
  Logic Levels:           10  (CARRY8=3 LUT3=1 LUT5=1 LUT6=5)
  Input Delay:            1.000ns
  Clock Path Skew:        0.030ns (DCD - SCD + CPR)
    Destination Clock Delay (DCD):    0.030ns = ( 5.030 - 5.000 ) 
    Source Clock Delay      (SCD):    0.000ns
    Clock Pessimism Removal (CPR):    0.000ns
  Clock Uncertainty:      0.035ns  ((TSJ^2 + TIJ^2)^1/2 + DJ) / 2 + PE
    Total System Jitter     (TSJ):    0.071ns
    Total Input Jitter      (TIJ):    0.000ns
    Discrete Jitter          (DJ):    0.000ns
    Phase Error              (PE):    0.000ns

    Location             Delay type                Incr(ns)  Path(ns)    Netlist Resource(s)
  -------------------------------------------------------------------    -------------------
                         (clock clk rise edge)        0.000     0.000 r  
                         input delay                  1.000     1.000    
                                                      0.000     1.000 r  request_n_base[4] (IN)
                         net (fo=71, unset)           0.000     1.000    request_n_base[4]
    SLICE_X19Y87         LUT3 (Prop_H6LUT_SLICEL_I0_O)
                                                      0.153     1.153 r  stage_offset_q[28]_i_187/O
                         net (fo=1, routed)           0.210     1.363    stage_offset_q[28]_i_187_n_0
    SLICE_X17Y88         CARRY8 (Prop_CARRY8_SLICEM_DI[2]_O[4])
                                                      0.240     1.603 r  stage_offset_q_reg[28]_i_126/O[4]
                         net (fo=4, routed)           0.377     1.980    stage_offset_q_reg[28]_i_126_n_11
    SLICE_X19Y87         LUT6 (Prop_A6LUT_SLICEL_I1_O)
                                                      0.225     2.205 r  stage_offset_q[20]_i_78/O
                         net (fo=2, routed)           0.225     2.430    stage_offset_q[20]_i_78_n_0
    SLICE_X18Y88         LUT6 (Prop_D6LUT_SLICEM_I0_O)
                                                      0.185     2.615 r  stage_offset_q[20]_i_86/O
                         net (fo=1, routed)           0.032     2.647    stage_offset_q[20]_i_86_n_0
    SLICE_X18Y88         CARRY8 (Prop_CARRY8_SLICEM_S[3]_O[5])
                                                      0.262     2.909 r  stage_offset_q_reg[20]_i_32/O[5]
                         net (fo=1, routed)           0.331     3.240    data0[18]
    SLICE_X21Y91         LUT6 (Prop_C6LUT_SLICEM_I4_O)
                                                      0.056     3.296 r  stage_offset_q[20]_i_94/O
                         net (fo=1, routed)           0.186     3.482    stage_offset_q[20]_i_94_n_0
    SLICE_X21Y89         LUT6 (Prop_H6LUT_SLICEM_I5_O)
                                                      0.060     3.542 r  stage_offset_q[20]_i_37/O
                         net (fo=1, routed)           0.173     3.715    stage_offset_q[20]_i_37_n_0
    SLICE_X19Y89         LUT5 (Prop_F6LUT_SLICEL_I4_O)
                                                      0.081     3.796 r  stage_offset_q[20]_i_15/O
                         net (fo=1, routed)           0.015     3.811    stage_offset_q[20]_i_15_n_0
    SLICE_X19Y89         CARRY8 (Prop_CARRY8_SLICEL_S[5]_O[6])
                                                      0.180     3.991 r  stage_offset_q_reg[20]_i_3/O[6]
                         net (fo=1, routed)           0.333     4.324    byte_offset0_in[19]
    SLICE_X17Y86         LUT6 (Prop_D6LUT_SLICEM_I4_O)
                                                      0.056     4.380 r  stage_offset_q[19]_i_1/O
                         net (fo=1, routed)           0.096     4.476    stage_offset_q[19]_i_1_n_0
    SLICE_X17Y86         FDRE                                         r  stage_offset_q_reg[19]/D
  -------------------------------------------------------------------    -------------------

                         (clock clk rise edge)        5.000     5.000 r  
                                                      0.000     5.000 r  clk (IN)
                         net (fo=343, unset)          0.030     5.030    clk
    SLICE_X17Y86         FDRE                                         r  stage_offset_q_reg[19]/C
                         clock pessimism              0.000     5.030    
                         clock uncertainty           -0.035     4.995    
    SLICE_X17Y86         FDRE (Setup_DFF_SLICEM_C_D)
                                                      0.043     5.038    stage_offset_q_reg[19]
  -------------------------------------------------------------------
                         required time                          5.038    
                         arrival time                          -4.476    
  -------------------------------------------------------------------
                         slack                                  0.561    

Slack (MET) :             0.608ns  (required time - arrival time)
  Source:                 request_n_base[3]
                            (input port clocked by clk  {rise@0.000ns fall@2.500ns period=5.000ns})
  Destination:            stage_offset_q_reg[14]/D
                            (rising edge-triggered cell FDRE clocked by clk  {rise@0.000ns fall@2.500ns period=5.000ns})
  Path Group:             clk
  Path Type:              Setup (Max at Slow Process Corner)
  Requirement:            5.000ns  (clk rise@5.000ns - clk rise@0.000ns)
  Data Path Delay:        3.430ns  (logic 1.049ns (30.583%)  route 2.381ns (69.417%))
  Logic Levels:           11  (CARRY8=4 LUT3=1 LUT5=2 LUT6=4)
  Input Delay:            1.000ns
  Clock Path Skew:        0.030ns (DCD - SCD + CPR)
    Destination Clock Delay (DCD):    0.030ns = ( 5.030 - 5.000 ) 
    Source Clock Delay      (SCD):    0.000ns
    Clock Pessimism Removal (CPR):    0.000ns
  Clock Uncertainty:      0.035ns  ((TSJ^2 + TIJ^2)^1/2 + DJ) / 2 + PE
    Total System Jitter     (TSJ):    0.071ns
    Total Input Jitter      (TIJ):    0.000ns
    Discrete Jitter          (DJ):    0.000ns
    Phase Error              (PE):    0.000ns

    Location             Delay type                Incr(ns)  Path(ns)    Netlist Resource(s)
  -------------------------------------------------------------------    -------------------
                         (clock clk rise edge)        0.000     0.000 r  
                         input delay                  1.000     1.000    
                                                      0.000     1.000 r  request_n_base[3] (IN)
                         net (fo=70, unset)           0.099     1.099    request_n_base[3]
    SLICE_X17Y87         CARRY8 (Prop_CARRY8_SLICEM_S[0]_O[0])
                                                      0.079     1.178 r  stage_offset_q_reg[4]_i_7/O[0]
                         net (fo=5, routed)           0.304     1.482    p_3_in[12]
    SLICE_X17Y90         LUT5 (Prop_C6LUT_SLICEM_I4_O)
                                                      0.080     1.562 r  stage_offset_q[32]_i_69/O
                         net (fo=1, routed)           0.029     1.591    stage_offset_q[32]_i_69_n_0
    SLICE_X17Y90         CARRY8 (Prop_CARRY8_SLICEM_S[2]_O[2])
                                                      0.084     1.675 r  stage_offset_q_reg[32]_i_46/O[2]
                         net (fo=3, routed)           0.288     1.963    stage_offset_q_reg[32]_i_46_n_13
    SLICE_X16Y88         LUT3 (Prop_A6LUT_SLICEL_I0_O)
                                                      0.152     2.115 r  stage_offset_q[20]_i_134/O
                         net (fo=1, routed)           0.438     2.553    stage_offset_q[20]_i_134_n_0
    SLICE_X18Y90         CARRY8 (Prop_CARRY8_SLICEM_DI[4]_O[5])
                                                      0.119     2.672 r  stage_offset_q_reg[20]_i_65/O[5]
                         net (fo=1, routed)           0.332     3.004    data2[14]
    SLICE_X21Y90         LUT6 (Prop_F6LUT_SLICEM_I1_O)
                                                      0.224     3.228 r  stage_offset_q[20]_i_41/O
                         net (fo=1, routed)           0.246     3.474    stage_offset_q[20]_i_41_n_0
    SLICE_X19Y89         LUT6 (Prop_B6LUT_SLICEL_I1_O)
                                                      0.058     3.532 r  stage_offset_q[20]_i_19/O
                         net (fo=1, routed)           0.013     3.545    stage_offset_q[20]_i_19_n_0
    SLICE_X19Y89         CARRY8 (Prop_CARRY8_SLICEL_S[1]_O[1])
                                                      0.080     3.625 r  stage_offset_q_reg[20]_i_3/O[1]
                         net (fo=1, routed)           0.334     3.959    byte_offset0_in[14]
    SLICE_X17Y85         LUT6 (Prop_H6LUT_SLICEM_I5_O)
                                                      0.060     4.019 r  stage_offset_q[14]_i_5/O
                         net (fo=1, routed)           0.097     4.116    stage_offset_q[14]_i_5_n_0
    SLICE_X17Y85         LUT5 (Prop_E6LUT_SLICEM_I0_O)
                                                      0.057     4.173 r  stage_offset_q[14]_i_4/O
                         net (fo=1, routed)           0.105     4.278    stage_offset_q[14]_i_4_n_0
    SLICE_X17Y83         LUT6 (Prop_D6LUT_SLICEM_I5_O)
                                                      0.056     4.334 r  stage_offset_q[14]_i_1/O
                         net (fo=1, routed)           0.096     4.430    stage_offset_q[14]_i_1_n_0
    SLICE_X17Y83         FDRE                                         r  stage_offset_q_reg[14]/D
  -------------------------------------------------------------------    -------------------

                         (clock clk rise edge)        5.000     5.000 r  
                                                      0.000     5.000 r  clk (IN)
                         net (fo=343, unset)          0.030     5.030    clk
    SLICE_X17Y83         FDRE                                         r  stage_offset_q_reg[14]/C
                         clock pessimism              0.000     5.030    
                         clock uncertainty           -0.035     4.995    
    SLICE_X17Y83         FDRE (Setup_DFF_SLICEM_C_D)
                                                      0.043     5.038    stage_offset_q_reg[14]
  -------------------------------------------------------------------
                         required time                          5.038    
                         arrival time                          -4.430    
  -------------------------------------------------------------------
                         slack                                  0.608    

Slack (MET) :             0.610ns  (required time - arrival time)
  Source:                 request_n_base[3]
                            (input port clocked by clk  {rise@0.000ns fall@2.500ns period=5.000ns})
  Destination:            stage_offset_q_reg[16]/D
                            (rising edge-triggered cell FDRE clocked by clk  {rise@0.000ns fall@2.500ns period=5.000ns})
  Path Group:             clk
  Path Type:              Setup (Max at Slow Process Corner)
  Requirement:            5.000ns  (clk rise@5.000ns - clk rise@0.000ns)
  Data Path Delay:        3.428ns  (logic 1.551ns (45.245%)  route 1.877ns (54.755%))
  Logic Levels:           11  (CARRY8=4 LUT3=1 LUT5=1 LUT6=5)
  Input Delay:            1.000ns
  Clock Path Skew:        0.030ns (DCD - SCD + CPR)
    Destination Clock Delay (DCD):    0.030ns = ( 5.030 - 5.000 ) 
    Source Clock Delay      (SCD):    0.000ns
    Clock Pessimism Removal (CPR):    0.000ns
  Clock Uncertainty:      0.035ns  ((TSJ^2 + TIJ^2)^1/2 + DJ) / 2 + PE
    Total System Jitter     (TSJ):    0.071ns
    Total Input Jitter      (TIJ):    0.000ns
    Discrete Jitter          (DJ):    0.000ns
    Phase Error              (PE):    0.000ns

    Location             Delay type                Incr(ns)  Path(ns)    Netlist Resource(s)
  -------------------------------------------------------------------    -------------------
                         (clock clk rise edge)        0.000     0.000 r  
                         input delay                  1.000     1.000    
                                                      0.000     1.000 r  request_n_base[3] (IN)
                         net (fo=70, unset)           0.099     1.099    request_n_base[3]
    SLICE_X17Y87         CARRY8 (Prop_CARRY8_SLICEM_S[0]_CO[7])
                                                      0.281     1.380 r  stage_offset_q_reg[4]_i_7/CO[7]
                         net (fo=1, routed)           0.030     1.410    stage_offset_q_reg[4]_i_7_n_0
    SLICE_X17Y88         CARRY8 (Prop_CARRY8_SLICEM_CI_O[2])
                                                      0.093     1.503 r  stage_offset_q_reg[28]_i_126/O[2]
                         net (fo=4, routed)           0.351     1.854    stage_offset_q_reg[28]_i_126_n_13
    SLICE_X18Y92         LUT3 (Prop_H6LUT_SLICEM_I0_O)
                                                      0.228     2.082 r  stage_offset_q[20]_i_153/O
                         net (fo=1, routed)           0.218     2.300    stage_offset_q[20]_i_153_n_0
    SLICE_X18Y88         LUT6 (Prop_B6LUT_SLICEM_I1_O)
                                                      0.225     2.525 r  stage_offset_q[20]_i_88/O
                         net (fo=1, routed)           0.022     2.547    stage_offset_q[20]_i_88_n_0
    SLICE_X18Y88         CARRY8 (Prop_CARRY8_SLICEM_S[1]_O[2])
                                                      0.179     2.726 r  stage_offset_q_reg[20]_i_32/O[2]
                         net (fo=1, routed)           0.284     3.010    data0[15]
    SLICE_X21Y90         LUT6 (Prop_D6LUT_SLICEM_I4_O)
                                                      0.151     3.161 r  stage_offset_q[20]_i_100/O
                         net (fo=1, routed)           0.260     3.421    stage_offset_q[20]_i_100_n_0
    SLICE_X20Y89         LUT6 (Prop_C6LUT_SLICEM_I5_O)
                                                      0.056     3.477 r  stage_offset_q[20]_i_40/O
                         net (fo=1, routed)           0.151     3.628    stage_offset_q[20]_i_40_n_0
    SLICE_X19Y89         LUT5 (Prop_C6LUT_SLICEL_I4_O)
                                                      0.081     3.709 r  stage_offset_q[20]_i_18/O
                         net (fo=1, routed)           0.015     3.724    stage_offset_q[20]_i_18_n_0
    SLICE_X19Y89         CARRY8 (Prop_CARRY8_SLICEL_S[2]_O[3])
                                                      0.117     3.841 r  stage_offset_q_reg[20]_i_3/O[3]
                         net (fo=1, routed)           0.256     4.097    byte_offset0_in[16]
    SLICE_X20Y85         LUT6 (Prop_H6LUT_SLICEM_I0_O)
                                                      0.060     4.157 r  stage_offset_q[16]_i_3/O
                         net (fo=1, routed)           0.095     4.252    stage_offset_q[16]_i_3_n_0
    SLICE_X20Y85         LUT6 (Prop_D6LUT_SLICEM_I4_O)
                                                      0.080     4.332 r  stage_offset_q[16]_i_1/O
                         net (fo=1, routed)           0.096     4.428    stage_offset_q[16]_i_1_n_0
    SLICE_X20Y85         FDRE                                         r  stage_offset_q_reg[16]/D
  -------------------------------------------------------------------    -------------------

                         (clock clk rise edge)        5.000     5.000 r  
                                                      0.000     5.000 r  clk (IN)
                         net (fo=343, unset)          0.030     5.030    clk
    SLICE_X20Y85         FDRE                                         r  stage_offset_q_reg[16]/C
                         clock pessimism              0.000     5.030    
                         clock uncertainty           -0.035     4.995    
    SLICE_X20Y85         FDRE (Setup_DFF_SLICEM_C_D)
                                                      0.043     5.038    stage_offset_q_reg[16]
  -------------------------------------------------------------------
                         required time                          5.038    
                         arrival time                          -4.428    
  -------------------------------------------------------------------
                         slack                                  0.610    





Min Delay Paths
--------------------------------------------------------------------------------------
Slack (MET) :             0.055ns  (arrival time - required time)
  Source:                 stage_buffer_q_reg[2]/C
                            (rising edge-triggered cell FDRE clocked by clk  {rise@0.000ns fall@2.500ns period=5.000ns})
  Destination:            descriptor_buffer_id_reg[2]/D
                            (rising edge-triggered cell FDRE clocked by clk  {rise@0.000ns fall@2.500ns period=5.000ns})
  Path Group:             clk
  Path Type:              Hold (Min at Slow Process Corner)
  Requirement:            0.000ns  (clk rise@0.000ns - clk rise@0.000ns)
  Data Path Delay:        0.171ns  (logic 0.112ns (65.497%)  route 0.059ns (34.503%))
  Logic Levels:           0  
  Clock Path Skew:        0.013ns (DCD - SCD - CPR)
    Destination Clock Delay (DCD):    0.042ns
    Source Clock Delay      (SCD):    0.029ns
    Clock Pessimism Removal (CPR):    -0.000ns

    Location             Delay type                Incr(ns)  Path(ns)    Netlist Resource(s)
  -------------------------------------------------------------------    -------------------
                         (clock clk rise edge)        0.000     0.000 r  
                                                      0.000     0.000 r  clk (IN)
                         net (fo=343, unset)          0.029     0.029    clk
    SLICE_X19Y100        FDRE                                         r  stage_buffer_q_reg[2]/C
  -------------------------------------------------------------------    -------------------
    SLICE_X19Y100        FDRE (Prop_HFF_SLICEL_C_Q)
                                                      0.112     0.141 r  stage_buffer_q_reg[2]/Q
                         net (fo=1, routed)           0.059     0.200    stage_buffer_q[2]
    SLICE_X19Y100        FDRE                                         r  descriptor_buffer_id_reg[2]/D
  -------------------------------------------------------------------    -------------------

                         (clock clk rise edge)        0.000     0.000 r  
                                                      0.000     0.000 r  clk (IN)
                         net (fo=343, unset)          0.042     0.042    clk
    SLICE_X19Y100        FDRE                                         r  descriptor_buffer_id_reg[2]/C
                         clock pessimism              0.000     0.042    
    SLICE_X19Y100        FDRE (Hold_HFF2_SLICEL_C_D)
                                                      0.103     0.145    descriptor_buffer_id_reg[2]
  -------------------------------------------------------------------
                         required time                         -0.145    
                         arrival time                           0.200    
  -------------------------------------------------------------------
                         slack                                  0.055    

Slack (MET) :             0.055ns  (arrival time - required time)
  Source:                 stage_bytes_q_reg[0]/C
                            (rising edge-triggered cell FDRE clocked by clk  {rise@0.000ns fall@2.500ns period=5.000ns})
  Destination:            descriptor_byte_count_reg[0]/D
                            (rising edge-triggered cell FDRE clocked by clk  {rise@0.000ns fall@2.500ns period=5.000ns})
  Path Group:             clk
  Path Type:              Hold (Min at Slow Process Corner)
  Requirement:            0.000ns  (clk rise@0.000ns - clk rise@0.000ns)
  Data Path Delay:        0.171ns  (logic 0.112ns (65.497%)  route 0.059ns (34.503%))
  Logic Levels:           0  
  Clock Path Skew:        0.013ns (DCD - SCD - CPR)
    Destination Clock Delay (DCD):    0.042ns
    Source Clock Delay      (SCD):    0.029ns
    Clock Pessimism Removal (CPR):    -0.000ns

    Location             Delay type                Incr(ns)  Path(ns)    Netlist Resource(s)
  -------------------------------------------------------------------    -------------------
                         (clock clk rise edge)        0.000     0.000 r  
                                                      0.000     0.000 r  clk (IN)
                         net (fo=343, unset)          0.029     0.029    clk
    SLICE_X14Y75         FDRE                                         r  stage_bytes_q_reg[0]/C
  -------------------------------------------------------------------    -------------------
    SLICE_X14Y75         FDRE (Prop_HFF_SLICEL_C_Q)
                                                      0.112     0.141 r  stage_bytes_q_reg[0]/Q
                         net (fo=1, routed)           0.059     0.200    stage_bytes_q[0]
    SLICE_X14Y75         FDRE                                         r  descriptor_byte_count_reg[0]/D
  -------------------------------------------------------------------    -------------------

                         (clock clk rise edge)        0.000     0.000 r  
                                                      0.000     0.000 r  clk (IN)
                         net (fo=343, unset)          0.042     0.042    clk
    SLICE_X14Y75         FDRE                                         r  descriptor_byte_count_reg[0]/C
                         clock pessimism              0.000     0.042    
    SLICE_X14Y75         FDRE (Hold_HFF2_SLICEL_C_D)
                                                      0.103     0.145    descriptor_byte_count_reg[0]
  -------------------------------------------------------------------
                         required time                         -0.145    
                         arrival time                           0.200    
  -------------------------------------------------------------------
                         slack                                  0.055    

Slack (MET) :             0.055ns  (arrival time - required time)
  Source:                 stage_bytes_q_reg[12]/C
                            (rising edge-triggered cell FDRE clocked by clk  {rise@0.000ns fall@2.500ns period=5.000ns})
  Destination:            descriptor_byte_count_reg[12]/D
                            (rising edge-triggered cell FDRE clocked by clk  {rise@0.000ns fall@2.500ns period=5.000ns})
  Path Group:             clk
  Path Type:              Hold (Min at Slow Process Corner)
  Requirement:            0.000ns  (clk rise@0.000ns - clk rise@0.000ns)
  Data Path Delay:        0.171ns  (logic 0.112ns (65.497%)  route 0.059ns (34.503%))
  Logic Levels:           0  
  Clock Path Skew:        0.013ns (DCD - SCD - CPR)
    Destination Clock Delay (DCD):    0.042ns
    Source Clock Delay      (SCD):    0.029ns
    Clock Pessimism Removal (CPR):    -0.000ns

    Location             Delay type                Incr(ns)  Path(ns)    Netlist Resource(s)
  -------------------------------------------------------------------    -------------------
                         (clock clk rise edge)        0.000     0.000 r  
                                                      0.000     0.000 r  clk (IN)
                         net (fo=343, unset)          0.029     0.029    clk
    SLICE_X14Y74         FDRE                                         r  stage_bytes_q_reg[12]/C
  -------------------------------------------------------------------    -------------------
    SLICE_X14Y74         FDRE (Prop_HFF_SLICEL_C_Q)
                                                      0.112     0.141 r  stage_bytes_q_reg[12]/Q
                         net (fo=1, routed)           0.059     0.200    stage_bytes_q[12]
    SLICE_X14Y74         FDRE                                         r  descriptor_byte_count_reg[12]/D
  -------------------------------------------------------------------    -------------------

                         (clock clk rise edge)        0.000     0.000 r  
                                                      0.000     0.000 r  clk (IN)
                         net (fo=343, unset)          0.042     0.042    clk
    SLICE_X14Y74         FDRE                                         r  descriptor_byte_count_reg[12]/C
                         clock pessimism              0.000     0.042    
    SLICE_X14Y74         FDRE (Hold_HFF2_SLICEL_C_D)
                                                      0.103     0.145    descriptor_byte_count_reg[12]
  -------------------------------------------------------------------
                         required time                         -0.145    
                         arrival time                           0.200    
  -------------------------------------------------------------------
                         slack                                  0.055    

Slack (MET) :             0.064ns  (arrival time - required time)
  Source:                 stage_bytes_q_reg[6]/C
                            (rising edge-triggered cell FDRE clocked by clk  {rise@0.000ns fall@2.500ns period=5.000ns})
  Destination:            descriptor_byte_count_reg[6]/D
                            (rising edge-triggered cell FDRE clocked by clk  {rise@0.000ns fall@2.500ns period=5.000ns})
  Path Group:             clk
  Path Type:              Hold (Min at Slow Process Corner)
  Requirement:            0.000ns  (clk rise@0.000ns - clk rise@0.000ns)
  Data Path Delay:        0.179ns  (logic 0.112ns (62.570%)  route 0.067ns (37.430%))
  Logic Levels:           0  
  Clock Path Skew:        0.012ns (DCD - SCD - CPR)
    Destination Clock Delay (DCD):    0.043ns
    Source Clock Delay      (SCD):    0.031ns
    Clock Pessimism Removal (CPR):    -0.000ns

    Location             Delay type                Incr(ns)  Path(ns)    Netlist Resource(s)
  -------------------------------------------------------------------    -------------------
                         (clock clk rise edge)        0.000     0.000 r  
                                                      0.000     0.000 r  clk (IN)
                         net (fo=343, unset)          0.031     0.031    clk
    SLICE_X17Y74         FDRE                                         r  stage_bytes_q_reg[6]/C
  -------------------------------------------------------------------    -------------------
    SLICE_X17Y74         FDRE (Prop_HFF_SLICEM_C_Q)
                                                      0.112     0.143 r  stage_bytes_q_reg[6]/Q
                         net (fo=1, routed)           0.067     0.210    stage_bytes_q[6]
    SLICE_X17Y74         FDRE                                         r  descriptor_byte_count_reg[6]/D
  -------------------------------------------------------------------    -------------------

                         (clock clk rise edge)        0.000     0.000 r  
                                                      0.000     0.000 r  clk (IN)
                         net (fo=343, unset)          0.043     0.043    clk
    SLICE_X17Y74         FDRE                                         r  descriptor_byte_count_reg[6]/C
                         clock pessimism              0.000     0.043    
    SLICE_X17Y74         FDRE (Hold_HFF2_SLICEM_C_D)
                                                      0.103     0.146    descriptor_byte_count_reg[6]
  -------------------------------------------------------------------
                         required time                         -0.146    
                         arrival time                           0.210    
  -------------------------------------------------------------------
                         slack                                  0.064    

Slack (MET) :             0.064ns  (arrival time - required time)
  Source:                 stage_kind_q_reg[2]/C
                            (rising edge-triggered cell FDRE clocked by clk  {rise@0.000ns fall@2.500ns period=5.000ns})
  Destination:            descriptor_kind_reg[2]/D
                            (rising edge-triggered cell FDRE clocked by clk  {rise@0.000ns fall@2.500ns period=5.000ns})
  Path Group:             clk
  Path Type:              Hold (Min at Slow Process Corner)
  Requirement:            0.000ns  (clk rise@0.000ns - clk rise@0.000ns)
  Data Path Delay:        0.179ns  (logic 0.112ns (62.570%)  route 0.067ns (37.430%))
  Logic Levels:           0  
  Clock Path Skew:        0.012ns (DCD - SCD - CPR)
    Destination Clock Delay (DCD):    0.043ns
    Source Clock Delay      (SCD):    0.031ns
    Clock Pessimism Removal (CPR):    -0.000ns

    Location             Delay type                Incr(ns)  Path(ns)    Netlist Resource(s)
  -------------------------------------------------------------------    -------------------
                         (clock clk rise edge)        0.000     0.000 r  
                                                      0.000     0.000 r  clk (IN)
                         net (fo=343, unset)          0.031     0.031    clk
    SLICE_X13Y96         FDRE                                         r  stage_kind_q_reg[2]/C
  -------------------------------------------------------------------    -------------------
    SLICE_X13Y96         FDRE (Prop_HFF_SLICEM_C_Q)
                                                      0.112     0.143 r  stage_kind_q_reg[2]/Q
                         net (fo=1, routed)           0.067     0.210    stage_kind_q[2]
    SLICE_X13Y96         FDRE                                         r  descriptor_kind_reg[2]/D
  -------------------------------------------------------------------    -------------------

                         (clock clk rise edge)        0.000     0.000 r  
                                                      0.000     0.000 r  clk (IN)
                         net (fo=343, unset)          0.043     0.043    clk
    SLICE_X13Y96         FDRE                                         r  descriptor_kind_reg[2]/C
                         clock pessimism              0.000     0.043    
    SLICE_X13Y96         FDRE (Hold_HFF2_SLICEM_C_D)
                                                      0.103     0.146    descriptor_kind_reg[2]
  -------------------------------------------------------------------
                         required time                         -0.146    
                         arrival time                           0.210    
  -------------------------------------------------------------------
                         slack                                  0.064    

Slack (MET) :             0.064ns  (arrival time - required time)
  Source:                 stage_layer_q_reg[0]/C
                            (rising edge-triggered cell FDRE clocked by clk  {rise@0.000ns fall@2.500ns period=5.000ns})
  Destination:            descriptor_layer_id_reg[0]/D
                            (rising edge-triggered cell FDRE clocked by clk  {rise@0.000ns fall@2.500ns period=5.000ns})
  Path Group:             clk
  Path Type:              Hold (Min at Slow Process Corner)
  Requirement:            0.000ns  (clk rise@0.000ns - clk rise@0.000ns)
  Data Path Delay:        0.179ns  (logic 0.112ns (62.570%)  route 0.067ns (37.430%))
  Logic Levels:           0  
  Clock Path Skew:        0.012ns (DCD - SCD - CPR)
    Destination Clock Delay (DCD):    0.043ns
    Source Clock Delay      (SCD):    0.031ns
    Clock Pessimism Removal (CPR):    -0.000ns

    Location             Delay type                Incr(ns)  Path(ns)    Netlist Resource(s)
  -------------------------------------------------------------------    -------------------
                         (clock clk rise edge)        0.000     0.000 r  
                                                      0.000     0.000 r  clk (IN)
                         net (fo=343, unset)          0.031     0.031    clk
    SLICE_X21Y79         FDRE                                         r  stage_layer_q_reg[0]/C
  -------------------------------------------------------------------    -------------------
    SLICE_X21Y79         FDRE (Prop_HFF_SLICEM_C_Q)
                                                      0.112     0.143 r  stage_layer_q_reg[0]/Q
                         net (fo=1, routed)           0.067     0.210    stage_layer_q[0]
    SLICE_X21Y79         FDRE                                         r  descriptor_layer_id_reg[0]/D
  -------------------------------------------------------------------    -------------------

                         (clock clk rise edge)        0.000     0.000 r  
                                                      0.000     0.000 r  clk (IN)
                         net (fo=343, unset)          0.043     0.043    clk
    SLICE_X21Y79         FDRE                                         r  descriptor_layer_id_reg[0]/C
                         clock pessimism              0.000     0.043    
    SLICE_X21Y79         FDRE (Hold_HFF2_SLICEM_C_D)
                                                      0.103     0.146    descriptor_layer_id_reg[0]
  -------------------------------------------------------------------
                         required time                         -0.146    
                         arrival time                           0.210    
  -------------------------------------------------------------------
                         slack                                  0.064    

Slack (MET) :             0.064ns  (arrival time - required time)
  Source:                 stage_layer_q_reg[1]/C
                            (rising edge-triggered cell FDRE clocked by clk  {rise@0.000ns fall@2.500ns period=5.000ns})
  Destination:            descriptor_layer_id_reg[1]/D
                            (rising edge-triggered cell FDRE clocked by clk  {rise@0.000ns fall@2.500ns period=5.000ns})
  Path Group:             clk
  Path Type:              Hold (Min at Slow Process Corner)
  Requirement:            0.000ns  (clk rise@0.000ns - clk rise@0.000ns)
  Data Path Delay:        0.179ns  (logic 0.112ns (62.570%)  route 0.067ns (37.430%))
  Logic Levels:           0  
  Clock Path Skew:        0.012ns (DCD - SCD - CPR)
    Destination Clock Delay (DCD):    0.043ns
    Source Clock Delay      (SCD):    0.031ns
    Clock Pessimism Removal (CPR):    -0.000ns

    Location             Delay type                Incr(ns)  Path(ns)    Netlist Resource(s)
  -------------------------------------------------------------------    -------------------
                         (clock clk rise edge)        0.000     0.000 r  
                                                      0.000     0.000 r  clk (IN)
                         net (fo=343, unset)          0.031     0.031    clk
    SLICE_X21Y101        FDRE                                         r  stage_layer_q_reg[1]/C
  -------------------------------------------------------------------    -------------------
    SLICE_X21Y101        FDRE (Prop_HFF_SLICEM_C_Q)
                                                      0.112     0.143 r  stage_layer_q_reg[1]/Q
                         net (fo=1, routed)           0.067     0.210    stage_layer_q[1]
    SLICE_X21Y101        FDRE                                         r  descriptor_layer_id_reg[1]/D
  -------------------------------------------------------------------    -------------------

                         (clock clk rise edge)        0.000     0.000 r  
                                                      0.000     0.000 r  clk (IN)
                         net (fo=343, unset)          0.043     0.043    clk
    SLICE_X21Y101        FDRE                                         r  descriptor_layer_id_reg[1]/C
                         clock pessimism              0.000     0.043    
    SLICE_X21Y101        FDRE (Hold_HFF2_SLICEM_C_D)
                                                      0.103     0.146    descriptor_layer_id_reg[1]
  -------------------------------------------------------------------
                         required time                         -0.146    
                         arrival time                           0.210    
  -------------------------------------------------------------------
                         slack                                  0.064    

Slack (MET) :             0.093ns  (arrival time - required time)
  Source:                 stage_words_q_reg[0]/C
                            (rising edge-triggered cell FDRE clocked by clk  {rise@0.000ns fall@2.500ns period=5.000ns})
  Destination:            descriptor_word_count_reg[0]/D
                            (rising edge-triggered cell FDRE clocked by clk  {rise@0.000ns fall@2.500ns period=5.000ns})
  Path Group:             clk
  Path Type:              Hold (Min at Fast Process Corner)
  Requirement:            0.000ns  (clk rise@0.000ns - clk rise@0.000ns)
  Data Path Delay:        0.144ns  (logic 0.084ns (58.333%)  route 0.060ns (41.667%))
  Logic Levels:           0  
  Clock Path Skew:        0.006ns (DCD - SCD - CPR)
    Destination Clock Delay (DCD):    0.020ns
    Source Clock Delay      (SCD):    0.014ns
    Clock Pessimism Removal (CPR):    -0.000ns

    Location             Delay type                Incr(ns)  Path(ns)    Netlist Resource(s)
  -------------------------------------------------------------------    -------------------
                         (clock clk rise edge)        0.000     0.000 r  
                                                      0.000     0.000 r  clk (IN)
                         net (fo=343, unset)          0.014     0.014    clk
    SLICE_X16Y76         FDRE                                         r  stage_words_q_reg[0]/C
  -------------------------------------------------------------------    -------------------
    SLICE_X16Y76         FDRE (Prop_HFF_SLICEL_C_Q)
                                                      0.084     0.098 r  stage_words_q_reg[0]/Q
                         net (fo=1, routed)           0.060     0.158    stage_words_q[0]
    SLICE_X16Y76         FDRE                                         r  descriptor_word_count_reg[0]/D
  -------------------------------------------------------------------    -------------------

                         (clock clk rise edge)        0.000     0.000 r  
                                                      0.000     0.000 r  clk (IN)
                         net (fo=343, unset)          0.020     0.020    clk
    SLICE_X16Y76         FDRE                                         r  descriptor_word_count_reg[0]/C
                         clock pessimism              0.000     0.020    
    SLICE_X16Y76         FDRE (Hold_GFF2_SLICEL_C_D)
                                                      0.045     0.065    descriptor_word_count_reg[0]
  -------------------------------------------------------------------
                         required time                         -0.065    
                         arrival time                           0.158    
  -------------------------------------------------------------------
                         slack                                  0.093    

Slack (MET) :             0.096ns  (arrival time - required time)
  Source:                 stage_bytes_q_reg[9]/C
                            (rising edge-triggered cell FDRE clocked by clk  {rise@0.000ns fall@2.500ns period=5.000ns})
  Destination:            descriptor_byte_count_reg[9]/D
                            (rising edge-triggered cell FDRE clocked by clk  {rise@0.000ns fall@2.500ns period=5.000ns})
  Path Group:             clk
  Path Type:              Hold (Min at Fast Process Corner)
  Requirement:            0.000ns  (clk rise@0.000ns - clk rise@0.000ns)
  Data Path Delay:        0.147ns  (logic 0.084ns (57.143%)  route 0.063ns (42.857%))
  Logic Levels:           0  
  Clock Path Skew:        0.006ns (DCD - SCD - CPR)
    Destination Clock Delay (DCD):    0.020ns
    Source Clock Delay      (SCD):    0.014ns
    Clock Pessimism Removal (CPR):    -0.000ns

    Location             Delay type                Incr(ns)  Path(ns)    Netlist Resource(s)
  -------------------------------------------------------------------    -------------------
                         (clock clk rise edge)        0.000     0.000 r  
                                                      0.000     0.000 r  clk (IN)
                         net (fo=343, unset)          0.014     0.014    clk
    SLICE_X14Y75         FDRE                                         r  stage_bytes_q_reg[9]/C
  -------------------------------------------------------------------    -------------------
    SLICE_X14Y75         FDRE (Prop_EFF_SLICEL_C_Q)
                                                      0.084     0.098 r  stage_bytes_q_reg[9]/Q
                         net (fo=1, routed)           0.063     0.161    stage_bytes_q[9]
    SLICE_X14Y75         FDRE                                         r  descriptor_byte_count_reg[9]/D
  -------------------------------------------------------------------    -------------------

                         (clock clk rise edge)        0.000     0.000 r  
                                                      0.000     0.000 r  clk (IN)
                         net (fo=343, unset)          0.020     0.020    clk
    SLICE_X14Y75         FDRE                                         r  descriptor_byte_count_reg[9]/C
                         clock pessimism              0.000     0.020    
    SLICE_X14Y75         FDRE (Hold_EFF2_SLICEL_C_D)
                                                      0.045     0.065    descriptor_byte_count_reg[9]
  -------------------------------------------------------------------
                         required time                         -0.065    
                         arrival time                           0.161    
  -------------------------------------------------------------------
                         slack                                  0.096    

Slack (MET) :             0.096ns  (arrival time - required time)
  Source:                 stage_tag_q_reg[8]/C
                            (rising edge-triggered cell FDRE clocked by clk  {rise@0.000ns fall@2.500ns period=5.000ns})
  Destination:            descriptor_tag_reg[8]/D
                            (rising edge-triggered cell FDRE clocked by clk  {rise@0.000ns fall@2.500ns period=5.000ns})
  Path Group:             clk
  Path Type:              Hold (Min at Fast Process Corner)
  Requirement:            0.000ns  (clk rise@0.000ns - clk rise@0.000ns)
  Data Path Delay:        0.147ns  (logic 0.084ns (57.143%)  route 0.063ns (42.857%))
  Logic Levels:           0  
  Clock Path Skew:        0.006ns (DCD - SCD - CPR)
    Destination Clock Delay (DCD):    0.020ns
    Source Clock Delay      (SCD):    0.014ns
    Clock Pessimism Removal (CPR):    -0.000ns

    Location             Delay type                Incr(ns)  Path(ns)    Netlist Resource(s)
  -------------------------------------------------------------------    -------------------
                         (clock clk rise edge)        0.000     0.000 r  
                                                      0.000     0.000 r  clk (IN)
                         net (fo=343, unset)          0.014     0.014    clk
    SLICE_X19Y100        FDRE                                         r  stage_tag_q_reg[8]/C
  -------------------------------------------------------------------    -------------------
    SLICE_X19Y100        FDRE (Prop_EFF_SLICEL_C_Q)
                                                      0.084     0.098 r  stage_tag_q_reg[8]/Q
                         net (fo=1, routed)           0.063     0.161    stage_tag_q[8]
    SLICE_X19Y100        FDRE                                         r  descriptor_tag_reg[8]/D
  -------------------------------------------------------------------    -------------------

                         (clock clk rise edge)        0.000     0.000 r  
                                                      0.000     0.000 r  clk (IN)
                         net (fo=343, unset)          0.020     0.020    clk
    SLICE_X19Y100        FDRE                                         r  descriptor_tag_reg[8]/C
                         clock pessimism              0.000     0.020    
    SLICE_X19Y100        FDRE (Hold_EFF2_SLICEL_C_D)
                                                      0.045     0.065    descriptor_tag_reg[8]
  -------------------------------------------------------------------
                         required time                         -0.065    
                         arrival time                           0.161    
  -------------------------------------------------------------------
                         slack                                  0.096    

Slack (MET) :             0.098ns  (arrival time - required time)
  Source:                 stage_tag_q_reg[5]/C
                            (rising edge-triggered cell FDRE clocked by clk  {rise@0.000ns fall@2.500ns period=5.000ns})
  Destination:            descriptor_tag_reg[5]/D
                            (rising edge-triggered cell FDRE clocked by clk  {rise@0.000ns fall@2.500ns period=5.000ns})
  Path Group:             clk
  Path Type:              Hold (Min at Fast Process Corner)
  Requirement:            0.000ns  (clk rise@0.000ns - clk rise@0.000ns)
  Data Path Delay:        0.150ns  (logic 0.082ns (54.667%)  route 0.068ns (45.333%))
  Logic Levels:           0  
  Clock Path Skew:        0.007ns (DCD - SCD - CPR)
    Destination Clock Delay (DCD):    0.021ns
    Source Clock Delay      (SCD):    0.014ns
    Clock Pessimism Removal (CPR):    -0.000ns

    Location             Delay type                Incr(ns)  Path(ns)    Netlist Resource(s)
  -------------------------------------------------------------------    -------------------
                         (clock clk rise edge)        0.000     0.000 r  
                                                      0.000     0.000 r  clk (IN)
                         net (fo=343, unset)          0.014     0.014    clk
    SLICE_X13Y96         FDRE                                         r  stage_tag_q_reg[5]/C
  -------------------------------------------------------------------    -------------------
    SLICE_X13Y96         FDRE (Prop_EFF_SLICEM_C_Q)
                                                      0.082     0.096 r  stage_tag_q_reg[5]/Q
                         net (fo=1, routed)           0.068     0.164    stage_tag_q[5]
    SLICE_X13Y96         FDRE                                         r  descriptor_tag_reg[5]/D
  -------------------------------------------------------------------    -------------------

                         (clock clk rise edge)        0.000     0.000 r  
                                                      0.000     0.000 r  clk (IN)
                         net (fo=343, unset)          0.021     0.021    clk
    SLICE_X13Y96         FDRE                                         r  descriptor_tag_reg[5]/C
                         clock pessimism              0.000     0.021    
    SLICE_X13Y96         FDRE (Hold_EFF2_SLICEM_C_D)
                                                      0.045     0.066    descriptor_tag_reg[5]
  -------------------------------------------------------------------
                         required time                         -0.066    
                         arrival time                           0.164    
  -------------------------------------------------------------------
                         slack                                  0.098    

Slack (MET) :             0.099ns  (arrival time - required time)
  Source:                 stage_tag_q_reg[2]/C
                            (rising edge-triggered cell FDRE clocked by clk  {rise@0.000ns fall@2.500ns period=5.000ns})
  Destination:            descriptor_tag_reg[2]/D
                            (rising edge-triggered cell FDRE clocked by clk  {rise@0.000ns fall@2.500ns period=5.000ns})
  Path Group:             clk
  Path Type:              Hold (Min at Fast Process Corner)
  Requirement:            0.000ns  (clk rise@0.000ns - clk rise@0.000ns)
  Data Path Delay:        0.151ns  (logic 0.083ns (54.967%)  route 0.068ns (45.033%))
  Logic Levels:           0  
  Clock Path Skew:        0.007ns (DCD - SCD - CPR)
    Destination Clock Delay (DCD):    0.021ns
    Source Clock Delay      (SCD):    0.014ns
    Clock Pessimism Removal (CPR):    -0.000ns

    Location             Delay type                Incr(ns)  Path(ns)    Netlist Resource(s)
  -------------------------------------------------------------------    -------------------
                         (clock clk rise edge)        0.000     0.000 r  
                                                      0.000     0.000 r  clk (IN)
                         net (fo=343, unset)          0.014     0.014    clk
    SLICE_X21Y101        FDRE                                         r  stage_tag_q_reg[2]/C
  -------------------------------------------------------------------    -------------------
    SLICE_X21Y101        FDRE (Prop_GFF_SLICEM_C_Q)
                                                      0.083     0.097 r  stage_tag_q_reg[2]/Q
                         net (fo=1, routed)           0.068     0.165    stage_tag_q[2]
    SLICE_X21Y101        FDRE                                         r  descriptor_tag_reg[2]/D
  -------------------------------------------------------------------    -------------------

                         (clock clk rise edge)        0.000     0.000 r  
                                                      0.000     0.000 r  clk (IN)
                         net (fo=343, unset)          0.021     0.021    clk
    SLICE_X21Y101        FDRE                                         r  descriptor_tag_reg[2]/C
                         clock pessimism              0.000     0.021    
    SLICE_X21Y101        FDRE (Hold_FFF2_SLICEM_C_D)
                                                      0.045     0.066    descriptor_tag_reg[2]
  -------------------------------------------------------------------
                         required time                         -0.066    
                         arrival time                           0.165    
  -------------------------------------------------------------------
                         slack                                  0.099    

Slack (MET) :             0.100ns  (arrival time - required time)
  Source:                 stage_tag_q_reg[10]/C
                            (rising edge-triggered cell FDRE clocked by clk  {rise@0.000ns fall@2.500ns period=5.000ns})
  Destination:            descriptor_tag_reg[10]/D
                            (rising edge-triggered cell FDRE clocked by clk  {rise@0.000ns fall@2.500ns period=5.000ns})
  Path Group:             clk
  Path Type:              Hold (Min at Fast Process Corner)
  Requirement:            0.000ns  (clk rise@0.000ns - clk rise@0.000ns)
  Data Path Delay:        0.152ns  (logic 0.083ns (54.605%)  route 0.069ns (45.395%))
  Logic Levels:           0  
  Clock Path Skew:        0.007ns (DCD - SCD - CPR)
    Destination Clock Delay (DCD):    0.021ns
    Source Clock Delay      (SCD):    0.014ns
    Clock Pessimism Removal (CPR):    -0.000ns

    Location             Delay type                Incr(ns)  Path(ns)    Netlist Resource(s)
  -------------------------------------------------------------------    -------------------
                         (clock clk rise edge)        0.000     0.000 r  
                                                      0.000     0.000 r  clk (IN)
                         net (fo=343, unset)          0.014     0.014    clk
    SLICE_X13Y96         FDRE                                         r  stage_tag_q_reg[10]/C
  -------------------------------------------------------------------    -------------------
    SLICE_X13Y96         FDRE (Prop_CFF_SLICEM_C_Q)
                                                      0.083     0.097 r  stage_tag_q_reg[10]/Q
                         net (fo=1, routed)           0.069     0.166    stage_tag_q[10]
    SLICE_X13Y96         FDRE                                         r  descriptor_tag_reg[10]/D
  -------------------------------------------------------------------    -------------------

                         (clock clk rise edge)        0.000     0.000 r  
                                                      0.000     0.000 r  clk (IN)
                         net (fo=343, unset)          0.021     0.021    clk
    SLICE_X13Y96         FDRE                                         r  descriptor_tag_reg[10]/C
                         clock pessimism              0.000     0.021    
    SLICE_X13Y96         FDRE (Hold_CFF2_SLICEM_C_D)
                                                      0.045     0.066    descriptor_tag_reg[10]
  -------------------------------------------------------------------
                         required time                         -0.066    
                         arrival time                           0.166    
  -------------------------------------------------------------------
                         slack                                  0.100    

Slack (MET) :             0.105ns  (arrival time - required time)
  Source:                 stage_words_q_reg[1]/C
                            (rising edge-triggered cell FDRE clocked by clk  {rise@0.000ns fall@2.500ns period=5.000ns})
  Destination:            descriptor_word_count_reg[1]/D
                            (rising edge-triggered cell FDRE clocked by clk  {rise@0.000ns fall@2.500ns period=5.000ns})
  Path Group:             clk
  Path Type:              Hold (Min at Fast Process Corner)
  Requirement:            0.000ns  (clk rise@0.000ns - clk rise@0.000ns)
  Data Path Delay:        0.155ns  (logic 0.084ns (54.194%)  route 0.071ns (45.806%))
  Logic Levels:           0  
  Clock Path Skew:        0.006ns (DCD - SCD - CPR)
    Destination Clock Delay (DCD):    0.020ns
    Source Clock Delay      (SCD):    0.014ns
    Clock Pessimism Removal (CPR):    -0.000ns

    Location             Delay type                Incr(ns)  Path(ns)    Netlist Resource(s)
  -------------------------------------------------------------------    -------------------
                         (clock clk rise edge)        0.000     0.000 r  
                                                      0.000     0.000 r  clk (IN)
                         net (fo=343, unset)          0.014     0.014    clk
    SLICE_X15Y75         FDRE                                         r  stage_words_q_reg[1]/C
  -------------------------------------------------------------------    -------------------
    SLICE_X15Y75         FDRE (Prop_AFF_SLICEL_C_Q)
                                                      0.084     0.098 r  stage_words_q_reg[1]/Q
                         net (fo=1, routed)           0.071     0.169    stage_words_q[1]
    SLICE_X15Y75         FDRE                                         r  descriptor_word_count_reg[1]/D
  -------------------------------------------------------------------    -------------------

                         (clock clk rise edge)        0.000     0.000 r  
                                                      0.000     0.000 r  clk (IN)
                         net (fo=343, unset)          0.020     0.020    clk
    SLICE_X15Y75         FDRE                                         r  descriptor_word_count_reg[1]/C
                         clock pessimism              0.000     0.020    
    SLICE_X15Y75         FDRE (Hold_EFF_SLICEL_C_D)
                                                      0.044     0.064    descriptor_word_count_reg[1]
  -------------------------------------------------------------------
                         required time                         -0.064    
                         arrival time                           0.169    
  -------------------------------------------------------------------
                         slack                                  0.105    

Slack (MET) :             0.107ns  (arrival time - required time)
  Source:                 descriptor_valid_q_reg/C
                            (rising edge-triggered cell FDRE clocked by clk  {rise@0.000ns fall@2.500ns period=5.000ns})
  Destination:            fault_q_reg/D
                            (rising edge-triggered cell FDRE clocked by clk  {rise@0.000ns fall@2.500ns period=5.000ns})
  Path Group:             clk
  Path Type:              Hold (Min at Fast Process Corner)
  Requirement:            0.000ns  (clk rise@0.000ns - clk rise@0.000ns)
  Data Path Delay:        0.157ns  (logic 0.121ns (77.011%)  route 0.036ns (22.989%))
  Logic Levels:           1  (LUT5=1)
  Clock Path Skew:        0.005ns (DCD - SCD - CPR)
    Destination Clock Delay (DCD):    0.019ns
    Source Clock Delay      (SCD):    0.014ns
    Clock Pessimism Removal (CPR):    -0.000ns

    Location             Delay type                Incr(ns)  Path(ns)    Netlist Resource(s)
  -------------------------------------------------------------------    -------------------
                         (clock clk rise edge)        0.000     0.000 r  
                                                      0.000     0.000 r  clk (IN)
                         net (fo=343, unset)          0.014     0.014    clk
    SLICE_X14Y71         FDRE                                         r  descriptor_valid_q_reg/C
  -------------------------------------------------------------------    -------------------
    SLICE_X14Y71         FDRE (Prop_DFF_SLICEL_C_Q)
                                                      0.084     0.098 f  descriptor_valid_q_reg/Q
                         net (fo=10, routed)          0.029     0.127    descriptor_valid
    SLICE_X14Y71         LUT5 (Prop_C5LUT_SLICEL_I1_O)
                                                      0.037     0.164 r  fault_q_i_1/O
                         net (fo=1, routed)           0.007     0.171    fault_q_i_1_n_0
    SLICE_X14Y71         FDRE                                         r  fault_q_reg/D
  -------------------------------------------------------------------    -------------------

                         (clock clk rise edge)        0.000     0.000 r  
                                                      0.000     0.000 r  clk (IN)
                         net (fo=343, unset)          0.019     0.019    clk
    SLICE_X14Y71         FDRE                                         r  fault_q_reg/C
                         clock pessimism              0.000     0.019    
    SLICE_X14Y71         FDRE (Hold_CFF2_SLICEL_C_D)
                                                      0.045     0.064    fault_q_reg
  -------------------------------------------------------------------
                         required time                         -0.064    
                         arrival time                           0.171    
  -------------------------------------------------------------------
                         slack                                  0.107    

Slack (MET) :             0.107ns  (arrival time - required time)
  Source:                 descriptor_valid_q_reg/C
                            (rising edge-triggered cell FDRE clocked by clk  {rise@0.000ns fall@2.500ns period=5.000ns})
  Destination:            stage_valid_q_reg/D
                            (rising edge-triggered cell FDRE clocked by clk  {rise@0.000ns fall@2.500ns period=5.000ns})
  Path Group:             clk
  Path Type:              Hold (Min at Fast Process Corner)
  Requirement:            0.000ns  (clk rise@0.000ns - clk rise@0.000ns)
  Data Path Delay:        0.157ns  (logic 0.121ns (77.011%)  route 0.036ns (22.989%))
  Logic Levels:           1  (LUT3=1)
  Clock Path Skew:        0.005ns (DCD - SCD - CPR)
    Destination Clock Delay (DCD):    0.019ns
    Source Clock Delay      (SCD):    0.014ns
    Clock Pessimism Removal (CPR):    -0.000ns

    Location             Delay type                Incr(ns)  Path(ns)    Netlist Resource(s)
  -------------------------------------------------------------------    -------------------
                         (clock clk rise edge)        0.000     0.000 r  
                                                      0.000     0.000 r  clk (IN)
                         net (fo=343, unset)          0.014     0.014    clk
    SLICE_X14Y71         FDRE                                         r  descriptor_valid_q_reg/C
  -------------------------------------------------------------------    -------------------
    SLICE_X14Y71         FDRE (Prop_DFF_SLICEL_C_Q)
                                                      0.084     0.098 r  descriptor_valid_q_reg/Q
                         net (fo=10, routed)          0.029     0.127    descriptor_valid
    SLICE_X14Y71         LUT3 (Prop_D5LUT_SLICEL_I1_O)
                                                      0.037     0.164 r  stage_valid_q_i_1/O
                         net (fo=1, routed)           0.007     0.171    stage_valid_q_i_1_n_0
    SLICE_X14Y71         FDRE                                         r  stage_valid_q_reg/D
  -------------------------------------------------------------------    -------------------

                         (clock clk rise edge)        0.000     0.000 r  
                                                      0.000     0.000 r  clk (IN)
                         net (fo=343, unset)          0.019     0.019    clk
    SLICE_X14Y71         FDRE                                         r  stage_valid_q_reg/C
                         clock pessimism              0.000     0.019    
    SLICE_X14Y71         FDRE (Hold_DFF2_SLICEL_C_D)
                                                      0.045     0.064    stage_valid_q_reg
  -------------------------------------------------------------------
                         required time                         -0.064    
                         arrival time                           0.171    
  -------------------------------------------------------------------
                         slack                                  0.107    

Slack (MET) :             0.109ns  (arrival time - required time)
  Source:                 stage_tag_q_reg[0]/C
                            (rising edge-triggered cell FDRE clocked by clk  {rise@0.000ns fall@2.500ns period=5.000ns})
  Destination:            descriptor_tag_reg[0]/D
                            (rising edge-triggered cell FDRE clocked by clk  {rise@0.000ns fall@2.500ns period=5.000ns})
  Path Group:             clk
  Path Type:              Hold (Min at Fast Process Corner)
  Requirement:            0.000ns  (clk rise@0.000ns - clk rise@0.000ns)
  Data Path Delay:        0.159ns  (logic 0.084ns (52.830%)  route 0.075ns (47.170%))
  Logic Levels:           0  
  Clock Path Skew:        0.005ns (DCD - SCD - CPR)
    Destination Clock Delay (DCD):    0.019ns
    Source Clock Delay      (SCD):    0.014ns
    Clock Pessimism Removal (CPR):    -0.000ns

    Location             Delay type                Incr(ns)  Path(ns)    Netlist Resource(s)
  -------------------------------------------------------------------    -------------------
                         (clock clk rise edge)        0.000     0.000 r  
                                                      0.000     0.000 r  clk (IN)
                         net (fo=343, unset)          0.014     0.014    clk
    SLICE_X19Y100        FDRE                                         r  stage_tag_q_reg[0]/C
  -------------------------------------------------------------------    -------------------
    SLICE_X19Y100        FDRE (Prop_AFF_SLICEL_C_Q)
                                                      0.084     0.098 r  stage_tag_q_reg[0]/Q
                         net (fo=1, routed)           0.075     0.173    stage_tag_q[0]
    SLICE_X19Y100        FDRE                                         r  descriptor_tag_reg[0]/D
  -------------------------------------------------------------------    -------------------

                         (clock clk rise edge)        0.000     0.000 r  
                                                      0.000     0.000 r  clk (IN)
                         net (fo=343, unset)          0.019     0.019    clk
    SLICE_X19Y100        FDRE                                         r  descriptor_tag_reg[0]/C
                         clock pessimism              0.000     0.019    
    SLICE_X19Y100        FDRE (Hold_DFF2_SLICEL_C_D)
                                                      0.045     0.064    descriptor_tag_reg[0]
  -------------------------------------------------------------------
                         required time                         -0.064    
                         arrival time                           0.173    
  -------------------------------------------------------------------
                         slack                                  0.109    

Slack (MET) :             0.114ns  (arrival time - required time)
  Source:                 rejected_requests_reg[11]/C
                            (rising edge-triggered cell FDRE clocked by clk  {rise@0.000ns fall@2.500ns period=5.000ns})
  Destination:            rejected_requests_reg[11]/D
                            (rising edge-triggered cell FDRE clocked by clk  {rise@0.000ns fall@2.500ns period=5.000ns})
  Path Group:             clk
  Path Type:              Hold (Min at Fast Process Corner)
  Requirement:            0.000ns  (clk rise@0.000ns - clk rise@0.000ns)
  Data Path Delay:        0.163ns  (logic 0.103ns (63.190%)  route 0.060ns (36.810%))
  Logic Levels:           1  (CARRY8=1)
  Clock Path Skew:        0.005ns (DCD - SCD - CPR)
    Destination Clock Delay (DCD):    0.019ns
    Source Clock Delay      (SCD):    0.014ns
    Clock Pessimism Removal (CPR):    -0.000ns

    Location             Delay type                Incr(ns)  Path(ns)    Netlist Resource(s)
  -------------------------------------------------------------------    -------------------
                         (clock clk rise edge)        0.000     0.000 r  
                                                      0.000     0.000 r  clk (IN)
                         net (fo=343, unset)          0.014     0.014    clk
    SLICE_X14Y67         FDRE                                         r  rejected_requests_reg[11]/C
  -------------------------------------------------------------------    -------------------
    SLICE_X14Y67         FDRE (Prop_DFF_SLICEL_C_Q)
                                                      0.084     0.098 r  rejected_requests_reg[11]/Q
                         net (fo=1, routed)           0.052     0.150    rejected_requests[11]
    SLICE_X14Y67         CARRY8 (Prop_CARRY8_SLICEL_S[3]_O[3])
                                                      0.019     0.169 r  rejected_requests_reg[15]_i_1/O[3]
                         net (fo=1, routed)           0.008     0.177    rejected_requests_reg[15]_i_1_n_12
    SLICE_X14Y67         FDRE                                         r  rejected_requests_reg[11]/D
  -------------------------------------------------------------------    -------------------

                         (clock clk rise edge)        0.000     0.000 r  
                                                      0.000     0.000 r  clk (IN)
                         net (fo=343, unset)          0.019     0.019    clk
    SLICE_X14Y67         FDRE                                         r  rejected_requests_reg[11]/C
                         clock pessimism              0.000     0.019    
    SLICE_X14Y67         FDRE (Hold_DFF_SLICEL_C_D)
                                                      0.044     0.063    rejected_requests_reg[11]
  -------------------------------------------------------------------
                         required time                         -0.063    
                         arrival time                           0.177    
  -------------------------------------------------------------------
                         slack                                  0.114    

Slack (MET) :             0.114ns  (arrival time - required time)
  Source:                 rejected_requests_reg[19]/C
                            (rising edge-triggered cell FDRE clocked by clk  {rise@0.000ns fall@2.500ns period=5.000ns})
  Destination:            rejected_requests_reg[19]/D
                            (rising edge-triggered cell FDRE clocked by clk  {rise@0.000ns fall@2.500ns period=5.000ns})
  Path Group:             clk
  Path Type:              Hold (Min at Fast Process Corner)
  Requirement:            0.000ns  (clk rise@0.000ns - clk rise@0.000ns)
  Data Path Delay:        0.163ns  (logic 0.103ns (63.190%)  route 0.060ns (36.810%))
  Logic Levels:           1  (CARRY8=1)
  Clock Path Skew:        0.005ns (DCD - SCD - CPR)
    Destination Clock Delay (DCD):    0.019ns
    Source Clock Delay      (SCD):    0.014ns
    Clock Pessimism Removal (CPR):    -0.000ns

    Location             Delay type                Incr(ns)  Path(ns)    Netlist Resource(s)
  -------------------------------------------------------------------    -------------------
                         (clock clk rise edge)        0.000     0.000 r  
                                                      0.000     0.000 r  clk (IN)
                         net (fo=343, unset)          0.014     0.014    clk
    SLICE_X14Y68         FDRE                                         r  rejected_requests_reg[19]/C
  -------------------------------------------------------------------    -------------------
    SLICE_X14Y68         FDRE (Prop_DFF_SLICEL_C_Q)
                                                      0.084     0.098 r  rejected_requests_reg[19]/Q
                         net (fo=1, routed)           0.052     0.150    rejected_requests[19]
    SLICE_X14Y68         CARRY8 (Prop_CARRY8_SLICEL_S[3]_O[3])
                                                      0.019     0.169 r  rejected_requests_reg[23]_i_1/O[3]
                         net (fo=1, routed)           0.008     0.177    rejected_requests_reg[23]_i_1_n_12
    SLICE_X14Y68         FDRE                                         r  rejected_requests_reg[19]/D
  -------------------------------------------------------------------    -------------------

                         (clock clk rise edge)        0.000     0.000 r  
                                                      0.000     0.000 r  clk (IN)
                         net (fo=343, unset)          0.019     0.019    clk
    SLICE_X14Y68         FDRE                                         r  rejected_requests_reg[19]/C
                         clock pessimism              0.000     0.019    
    SLICE_X14Y68         FDRE (Hold_DFF_SLICEL_C_D)
                                                      0.044     0.063    rejected_requests_reg[19]
  -------------------------------------------------------------------
                         required time                         -0.063    
                         arrival time                           0.177    
  -------------------------------------------------------------------
                         slack                                  0.114    

Slack (MET) :             0.114ns  (arrival time - required time)
  Source:                 rejected_requests_reg[27]/C
                            (rising edge-triggered cell FDRE clocked by clk  {rise@0.000ns fall@2.500ns period=5.000ns})
  Destination:            rejected_requests_reg[27]/D
                            (rising edge-triggered cell FDRE clocked by clk  {rise@0.000ns fall@2.500ns period=5.000ns})
  Path Group:             clk
  Path Type:              Hold (Min at Fast Process Corner)
  Requirement:            0.000ns  (clk rise@0.000ns - clk rise@0.000ns)
  Data Path Delay:        0.163ns  (logic 0.103ns (63.190%)  route 0.060ns (36.810%))
  Logic Levels:           1  (CARRY8=1)
  Clock Path Skew:        0.005ns (DCD - SCD - CPR)
    Destination Clock Delay (DCD):    0.019ns
    Source Clock Delay      (SCD):    0.014ns
    Clock Pessimism Removal (CPR):    -0.000ns

    Location             Delay type                Incr(ns)  Path(ns)    Netlist Resource(s)
  -------------------------------------------------------------------    -------------------
                         (clock clk rise edge)        0.000     0.000 r  
                                                      0.000     0.000 r  clk (IN)
                         net (fo=343, unset)          0.014     0.014    clk
    SLICE_X14Y69         FDRE                                         r  rejected_requests_reg[27]/C
  -------------------------------------------------------------------    -------------------
    SLICE_X14Y69         FDRE (Prop_DFF_SLICEL_C_Q)
                                                      0.084     0.098 r  rejected_requests_reg[27]/Q
                         net (fo=1, routed)           0.052     0.150    rejected_requests[27]
    SLICE_X14Y69         CARRY8 (Prop_CARRY8_SLICEL_S[3]_O[3])
                                                      0.019     0.169 r  rejected_requests_reg[31]_i_2/O[3]
                         net (fo=1, routed)           0.008     0.177    rejected_requests_reg[31]_i_2_n_12
    SLICE_X14Y69         FDRE                                         r  rejected_requests_reg[27]/D
  -------------------------------------------------------------------    -------------------

                         (clock clk rise edge)        0.000     0.000 r  
                                                      0.000     0.000 r  clk (IN)
                         net (fo=343, unset)          0.019     0.019    clk
    SLICE_X14Y69         FDRE                                         r  rejected_requests_reg[27]/C
                         clock pessimism              0.000     0.019    
    SLICE_X14Y69         FDRE (Hold_DFF_SLICEL_C_D)
                                                      0.044     0.063    rejected_requests_reg[27]
  -------------------------------------------------------------------
                         required time                         -0.063    
                         arrival time                           0.177    
  -------------------------------------------------------------------
                         slack                                  0.114    





Pulse Width Checks
--------------------------------------------------------------------------------------
Clock Name:         clk
Waveform(ns):       { 0.000 2.500 }
Period(ns):         5.000
Sources:            { clk }

Check Type        Corner  Lib Pin  Reference Pin  Required(ns)  Actual(ns)  Slack(ns)  Location      Pin
Min Period        n/a     FDRE/C   n/a            0.550         5.000       4.450      SLICE_X13Y68  accepted_requests_reg[0]/C
Min Period        n/a     FDRE/C   n/a            0.550         5.000       4.450      SLICE_X13Y69  accepted_requests_reg[10]/C
Min Period        n/a     FDRE/C   n/a            0.550         5.000       4.450      SLICE_X13Y69  accepted_requests_reg[11]/C
Min Period        n/a     FDRE/C   n/a            0.550         5.000       4.450      SLICE_X13Y69  accepted_requests_reg[12]/C
Min Period        n/a     FDRE/C   n/a            0.550         5.000       4.450      SLICE_X13Y69  accepted_requests_reg[13]/C
Min Period        n/a     FDRE/C   n/a            0.550         5.000       4.450      SLICE_X13Y69  accepted_requests_reg[14]/C
Min Period        n/a     FDRE/C   n/a            0.550         5.000       4.450      SLICE_X13Y69  accepted_requests_reg[15]/C
Min Period        n/a     FDRE/C   n/a            0.550         5.000       4.450      SLICE_X13Y70  accepted_requests_reg[16]/C
Min Period        n/a     FDRE/C   n/a            0.550         5.000       4.450      SLICE_X13Y70  accepted_requests_reg[17]/C
Min Period        n/a     FDRE/C   n/a            0.550         5.000       4.450      SLICE_X13Y70  accepted_requests_reg[18]/C
Min Period        n/a     FDRE/C   n/a            0.550         5.000       4.450      SLICE_X13Y70  accepted_requests_reg[19]/C
Min Period        n/a     FDRE/C   n/a            0.550         5.000       4.450      SLICE_X13Y68  accepted_requests_reg[1]/C
Min Period        n/a     FDRE/C   n/a            0.550         5.000       4.450      SLICE_X13Y70  accepted_requests_reg[20]/C
Min Period        n/a     FDRE/C   n/a            0.550         5.000       4.450      SLICE_X13Y70  accepted_requests_reg[21]/C
Min Period        n/a     FDRE/C   n/a            0.550         5.000       4.450      SLICE_X13Y70  accepted_requests_reg[22]/C
Min Period        n/a     FDRE/C   n/a            0.550         5.000       4.450      SLICE_X13Y70  accepted_requests_reg[23]/C
Min Period        n/a     FDRE/C   n/a            0.550         5.000       4.450      SLICE_X13Y71  accepted_requests_reg[24]/C
Min Period        n/a     FDRE/C   n/a            0.550         5.000       4.450      SLICE_X13Y71  accepted_requests_reg[25]/C
Min Period        n/a     FDRE/C   n/a            0.550         5.000       4.450      SLICE_X13Y71  accepted_requests_reg[26]/C
Min Period        n/a     FDRE/C   n/a            0.550         5.000       4.450      SLICE_X13Y71  accepted_requests_reg[27]/C
Low Pulse Width   Slow    FDRE/C   n/a            0.275         2.500       2.225      SLICE_X13Y68  accepted_requests_reg[0]/C
Low Pulse Width   Fast    FDRE/C   n/a            0.275         2.500       2.225      SLICE_X13Y68  accepted_requests_reg[0]/C
Low Pulse Width   Slow    FDRE/C   n/a            0.275         2.500       2.225      SLICE_X13Y69  accepted_requests_reg[10]/C
Low Pulse Width   Fast    FDRE/C   n/a            0.275         2.500       2.225      SLICE_X13Y69  accepted_requests_reg[10]/C
Low Pulse Width   Slow    FDRE/C   n/a            0.275         2.500       2.225      SLICE_X13Y69  accepted_requests_reg[11]/C
Low Pulse Width   Fast    FDRE/C   n/a            0.275         2.500       2.225      SLICE_X13Y69  accepted_requests_reg[11]/C
Low Pulse Width   Slow    FDRE/C   n/a            0.275         2.500       2.225      SLICE_X13Y69  accepted_requests_reg[12]/C
Low Pulse Width   Fast    FDRE/C   n/a            0.275         2.500       2.225      SLICE_X13Y69  accepted_requests_reg[12]/C
Low Pulse Width   Slow    FDRE/C   n/a            0.275         2.500       2.225      SLICE_X13Y69  accepted_requests_reg[13]/C
Low Pulse Width   Fast    FDRE/C   n/a            0.275         2.500       2.225      SLICE_X13Y69  accepted_requests_reg[13]/C
Low Pulse Width   Slow    FDRE/C   n/a            0.275         2.500       2.225      SLICE_X13Y69  accepted_requests_reg[14]/C
Low Pulse Width   Fast    FDRE/C   n/a            0.275         2.500       2.225      SLICE_X13Y69  accepted_requests_reg[14]/C
Low Pulse Width   Slow    FDRE/C   n/a            0.275         2.500       2.225      SLICE_X13Y69  accepted_requests_reg[15]/C
Low Pulse Width   Fast    FDRE/C   n/a            0.275         2.500       2.225      SLICE_X13Y69  accepted_requests_reg[15]/C
Low Pulse Width   Slow    FDRE/C   n/a            0.275         2.500       2.225      SLICE_X13Y70  accepted_requests_reg[16]/C
Low Pulse Width   Fast    FDRE/C   n/a            0.275         2.500       2.225      SLICE_X13Y70  accepted_requests_reg[16]/C
Low Pulse Width   Slow    FDRE/C   n/a            0.275         2.500       2.225      SLICE_X13Y70  accepted_requests_reg[17]/C
Low Pulse Width   Fast    FDRE/C   n/a            0.275         2.500       2.225      SLICE_X13Y70  accepted_requests_reg[17]/C
Low Pulse Width   Slow    FDRE/C   n/a            0.275         2.500       2.225      SLICE_X13Y70  accepted_requests_reg[18]/C
Low Pulse Width   Fast    FDRE/C   n/a            0.275         2.500       2.225      SLICE_X13Y70  accepted_requests_reg[18]/C
High Pulse Width  Slow    FDRE/C   n/a            0.275         2.500       2.225      SLICE_X13Y68  accepted_requests_reg[0]/C
High Pulse Width  Fast    FDRE/C   n/a            0.275         2.500       2.225      SLICE_X13Y68  accepted_requests_reg[0]/C
High Pulse Width  Slow    FDRE/C   n/a            0.275         2.500       2.225      SLICE_X13Y69  accepted_requests_reg[10]/C
High Pulse Width  Fast    FDRE/C   n/a            0.275         2.500       2.225      SLICE_X13Y69  accepted_requests_reg[10]/C
High Pulse Width  Slow    FDRE/C   n/a            0.275         2.500       2.225      SLICE_X13Y69  accepted_requests_reg[11]/C
High Pulse Width  Fast    FDRE/C   n/a            0.275         2.500       2.225      SLICE_X13Y69  accepted_requests_reg[11]/C
High Pulse Width  Slow    FDRE/C   n/a            0.275         2.500       2.225      SLICE_X13Y69  accepted_requests_reg[12]/C
High Pulse Width  Fast    FDRE/C   n/a            0.275         2.500       2.225      SLICE_X13Y69  accepted_requests_reg[12]/C
High Pulse Width  Slow    FDRE/C   n/a            0.275         2.500       2.225      SLICE_X13Y69  accepted_requests_reg[13]/C
High Pulse Width  Fast    FDRE/C   n/a            0.275         2.500       2.225      SLICE_X13Y69  accepted_requests_reg[13]/C
High Pulse Width  Slow    FDRE/C   n/a            0.275         2.500       2.225      SLICE_X13Y69  accepted_requests_reg[14]/C
High Pulse Width  Fast    FDRE/C   n/a            0.275         2.500       2.225      SLICE_X13Y69  accepted_requests_reg[14]/C
High Pulse Width  Slow    FDRE/C   n/a            0.275         2.500       2.225      SLICE_X13Y69  accepted_requests_reg[15]/C
High Pulse Width  Fast    FDRE/C   n/a            0.275         2.500       2.225      SLICE_X13Y69  accepted_requests_reg[15]/C
High Pulse Width  Slow    FDRE/C   n/a            0.275         2.500       2.225      SLICE_X13Y70  accepted_requests_reg[16]/C
High Pulse Width  Fast    FDRE/C   n/a            0.275         2.500       2.225      SLICE_X13Y70  accepted_requests_reg[16]/C
High Pulse Width  Slow    FDRE/C   n/a            0.275         2.500       2.225      SLICE_X13Y70  accepted_requests_reg[17]/C
High Pulse Width  Fast    FDRE/C   n/a            0.275         2.500       2.225      SLICE_X13Y70  accepted_requests_reg[17]/C
High Pulse Width  Slow    FDRE/C   n/a            0.275         2.500       2.225      SLICE_X13Y70  accepted_requests_reg[18]/C
High Pulse Width  Fast    FDRE/C   n/a            0.275         2.500       2.225      SLICE_X13Y70  accepted_requests_reg[18]/C



