Copyright 1986-2022 Xilinx, Inc. All Rights Reserved. Copyright 2022-2024 Advanced Micro Devices, Inc. All Rights Reserved.
--------------------------------------------------------------------------------------------------------------------------------------------------------------------------------------------------------------------
| Tool Version      : Vivado v.2024.1 (lin64) Build 5076996 Wed May 22 18:36:09 MDT 2024
| Date              : Sat Sep  5 16:55:20 2026
| Host              : yundodo running 64-bit unknown
| Command           : report_timing -delay_type max -max_paths 20 -sort_by group -file /home/dodo/Documents/Codex/2026-08-31/kv260-alexnet-rtl/alexnet/reports/m4n8_fc_dma_runtime_placement/200mhz/worst_setup.rpt
| Design            : alexnet_m4n8_fc_dma_io_datapath
| Device            : xck26-sfvc784
| Speed File        : -2LV  PRODUCTION 1.30 05-15-2022
| Design State      : Routed
| Temperature Grade : C
--------------------------------------------------------------------------------------------------------------------------------------------------------------------------------------------------------------------

Timing Report

Slack (MET) :             0.539ns  (required time - arrival time)
  Source:                 u_core/u_core/u_base/u_output_slice/u_partial_sum_bank/resident_n_lane_mask_reg[6]/C
                            (rising edge-triggered cell FDRE clocked by clk  {rise@0.000ns fall@2.500ns period=5.000ns})
  Destination:            u_core/u_core/u_base/u_output_slice/egress_tile_index_q_reg[13]/CE
                            (rising edge-triggered cell FDRE clocked by clk  {rise@0.000ns fall@2.500ns period=5.000ns})
  Path Group:             clk
  Path Type:              Setup (Max at Slow Process Corner)
  Requirement:            5.000ns  (clk rise@5.000ns - clk rise@0.000ns)
  Data Path Delay:        4.334ns  (logic 0.910ns (20.998%)  route 3.424ns (79.002%))
  Logic Levels:           7  (LUT5=1 LUT6=6)
  Clock Path Skew:        -0.013ns (DCD - SCD + CPR)
    Destination Clock Delay (DCD):    0.029ns = ( 5.029 - 5.000 ) 
    Source Clock Delay      (SCD):    0.042ns
    Clock Pessimism Removal (CPR):    0.000ns
  Clock Uncertainty:      0.035ns  ((TSJ^2 + TIJ^2)^1/2 + DJ) / 2 + PE
    Total System Jitter     (TSJ):    0.071ns
    Total Input Jitter      (TIJ):    0.000ns
    Discrete Jitter          (DJ):    0.000ns
    Phase Error              (PE):    0.000ns

    Location             Delay type                Incr(ns)  Path(ns)    Netlist Resource(s)
  -------------------------------------------------------------------    -------------------
                         (clock clk rise edge)        0.000     0.000 r  
                                                      0.000     0.000 r  clk (IN)
                         net (fo=5369, unset)         0.042     0.042    u_core/u_core/u_base/u_output_slice/u_partial_sum_bank/clk
    SLICE_X49Y59         FDRE                                         r  u_core/u_core/u_base/u_output_slice/u_partial_sum_bank/resident_n_lane_mask_reg[6]/C
  -------------------------------------------------------------------    -------------------
    SLICE_X49Y59         FDRE (Prop_EFF_SLICEL_C_Q)
                                                      0.114     0.156 r  u_core/u_core/u_base/u_output_slice/u_partial_sum_bank/resident_n_lane_mask_reg[6]/Q
                         net (fo=6, routed)           0.608     0.764    u_core/u_core/u_base/u_output_slice/u_partial_sum_bank/resident_n_lane_mask_reg_n_0_[6]
    SLICE_X47Y63         LUT6 (Prop_H6LUT_SLICEL_I3_O)
                                                      0.058     0.822 f  u_core/u_core/u_base/u_output_slice/u_partial_sum_bank/k_count_q[9]_i_42/O
                         net (fo=1, routed)           0.099     0.921    u_core/u_core/u_base/u_output_slice/u_partial_sum_bank/k_count_q[9]_i_42_n_0
    SLICE_X47Y63         LUT6 (Prop_D6LUT_SLICEL_I0_O)
                                                      0.152     1.073 f  u_core/u_core/u_base/u_output_slice/u_partial_sum_bank/k_count_q[9]_i_28/O
                         net (fo=1, routed)           0.200     1.273    u_core/u_core/u_base/u_output_slice/u_partial_sum_bank/k_count_q[9]_i_28_n_0
    SLICE_X47Y61         LUT6 (Prop_H6LUT_SLICEL_I0_O)
                                                      0.227     1.500 f  u_core/u_core/u_base/u_output_slice/u_partial_sum_bank/k_count_q[9]_i_12/O
                         net (fo=1, routed)           0.445     1.945    u_core/u_core/u_base/u_output_slice/u_partial_sum_bank/k_count_q[9]_i_12_n_0
    SLICE_X49Y60         LUT5 (Prop_H6LUT_SLICEL_I4_O)
                                                      0.058     2.003 f  u_core/u_core/u_base/u_output_slice/u_partial_sum_bank/k_count_q[9]_i_4/O
                         net (fo=1, routed)           0.547     2.550    u_core/u_core/u_base/u_output_slice/u_partial_sum_bank/k_count_q[9]_i_4_n_0
    SLICE_X46Y60         LUT6 (Prop_G6LUT_SLICEL_I0_O)
                                                      0.186     2.736 r  u_core/u_core/u_base/u_output_slice/u_partial_sum_bank/k_count_q[9]_i_2/O
                         net (fo=2, routed)           0.273     3.009    u_core/u_core/u_base/u_output_slice/u_partial_sum_bank/output_chunk_ready
    SLICE_X47Y57         LUT6 (Prop_H6LUT_SLICEL_I2_O)
                                                      0.058     3.067 r  u_core/u_core/u_base/u_output_slice/u_partial_sum_bank/k_count_q[9]_i_1/O
                         net (fo=115, routed)         0.651     3.718    u_core/u_core/u_base/u_output_slice/u_partial_sum_bank/FSM_sequential_state_q_reg[1]
    SLICE_X50Y63         LUT6 (Prop_G6LUT_SLICEL_I4_O)
                                                      0.057     3.775 r  u_core/u_core/u_base/u_output_slice/u_partial_sum_bank/egress_tile_index_q[15]_i_1/O
                         net (fo=16, routed)          0.601     4.376    u_core/u_core/u_base/u_output_slice/u_partial_sum_bank_n_134
    SLICE_X47Y65         FDRE                                         r  u_core/u_core/u_base/u_output_slice/egress_tile_index_q_reg[13]/CE
  -------------------------------------------------------------------    -------------------

                         (clock clk rise edge)        5.000     5.000 r  
                                                      0.000     5.000 r  clk (IN)
                         net (fo=5369, unset)         0.029     5.029    u_core/u_core/u_base/u_output_slice/clk
    SLICE_X47Y65         FDRE                                         r  u_core/u_core/u_base/u_output_slice/egress_tile_index_q_reg[13]/C
                         clock pessimism              0.000     5.029    
                         clock uncertainty           -0.035     4.994    
    SLICE_X47Y65         FDRE (Setup_DFF_SLICEL_C_CE)
                                                     -0.079     4.915    u_core/u_core/u_base/u_output_slice/egress_tile_index_q_reg[13]
  -------------------------------------------------------------------
                         required time                          4.915    
                         arrival time                          -4.376    
  -------------------------------------------------------------------
                         slack                                  0.539    

Slack (MET) :             0.539ns  (required time - arrival time)
  Source:                 u_core/u_core/u_base/u_output_slice/u_partial_sum_bank/resident_n_lane_mask_reg[6]/C
                            (rising edge-triggered cell FDRE clocked by clk  {rise@0.000ns fall@2.500ns period=5.000ns})
  Destination:            u_core/u_core/u_base/u_output_slice/egress_tile_index_q_reg[14]/CE
                            (rising edge-triggered cell FDRE clocked by clk  {rise@0.000ns fall@2.500ns period=5.000ns})
  Path Group:             clk
  Path Type:              Setup (Max at Slow Process Corner)
  Requirement:            5.000ns  (clk rise@5.000ns - clk rise@0.000ns)
  Data Path Delay:        4.334ns  (logic 0.910ns (20.998%)  route 3.424ns (79.002%))
  Logic Levels:           7  (LUT5=1 LUT6=6)
  Clock Path Skew:        -0.013ns (DCD - SCD + CPR)
    Destination Clock Delay (DCD):    0.029ns = ( 5.029 - 5.000 ) 
    Source Clock Delay      (SCD):    0.042ns
    Clock Pessimism Removal (CPR):    0.000ns
  Clock Uncertainty:      0.035ns  ((TSJ^2 + TIJ^2)^1/2 + DJ) / 2 + PE
    Total System Jitter     (TSJ):    0.071ns
    Total Input Jitter      (TIJ):    0.000ns
    Discrete Jitter          (DJ):    0.000ns
    Phase Error              (PE):    0.000ns

    Location             Delay type                Incr(ns)  Path(ns)    Netlist Resource(s)
  -------------------------------------------------------------------    -------------------
                         (clock clk rise edge)        0.000     0.000 r  
                                                      0.000     0.000 r  clk (IN)
                         net (fo=5369, unset)         0.042     0.042    u_core/u_core/u_base/u_output_slice/u_partial_sum_bank/clk
    SLICE_X49Y59         FDRE                                         r  u_core/u_core/u_base/u_output_slice/u_partial_sum_bank/resident_n_lane_mask_reg[6]/C
  -------------------------------------------------------------------    -------------------
    SLICE_X49Y59         FDRE (Prop_EFF_SLICEL_C_Q)
                                                      0.114     0.156 r  u_core/u_core/u_base/u_output_slice/u_partial_sum_bank/resident_n_lane_mask_reg[6]/Q
                         net (fo=6, routed)           0.608     0.764    u_core/u_core/u_base/u_output_slice/u_partial_sum_bank/resident_n_lane_mask_reg_n_0_[6]
    SLICE_X47Y63         LUT6 (Prop_H6LUT_SLICEL_I3_O)
                                                      0.058     0.822 f  u_core/u_core/u_base/u_output_slice/u_partial_sum_bank/k_count_q[9]_i_42/O
                         net (fo=1, routed)           0.099     0.921    u_core/u_core/u_base/u_output_slice/u_partial_sum_bank/k_count_q[9]_i_42_n_0
    SLICE_X47Y63         LUT6 (Prop_D6LUT_SLICEL_I0_O)
                                                      0.152     1.073 f  u_core/u_core/u_base/u_output_slice/u_partial_sum_bank/k_count_q[9]_i_28/O
                         net (fo=1, routed)           0.200     1.273    u_core/u_core/u_base/u_output_slice/u_partial_sum_bank/k_count_q[9]_i_28_n_0
    SLICE_X47Y61         LUT6 (Prop_H6LUT_SLICEL_I0_O)
                                                      0.227     1.500 f  u_core/u_core/u_base/u_output_slice/u_partial_sum_bank/k_count_q[9]_i_12/O
                         net (fo=1, routed)           0.445     1.945    u_core/u_core/u_base/u_output_slice/u_partial_sum_bank/k_count_q[9]_i_12_n_0
    SLICE_X49Y60         LUT5 (Prop_H6LUT_SLICEL_I4_O)
                                                      0.058     2.003 f  u_core/u_core/u_base/u_output_slice/u_partial_sum_bank/k_count_q[9]_i_4/O
                         net (fo=1, routed)           0.547     2.550    u_core/u_core/u_base/u_output_slice/u_partial_sum_bank/k_count_q[9]_i_4_n_0
    SLICE_X46Y60         LUT6 (Prop_G6LUT_SLICEL_I0_O)
                                                      0.186     2.736 r  u_core/u_core/u_base/u_output_slice/u_partial_sum_bank/k_count_q[9]_i_2/O
                         net (fo=2, routed)           0.273     3.009    u_core/u_core/u_base/u_output_slice/u_partial_sum_bank/output_chunk_ready
    SLICE_X47Y57         LUT6 (Prop_H6LUT_SLICEL_I2_O)
                                                      0.058     3.067 r  u_core/u_core/u_base/u_output_slice/u_partial_sum_bank/k_count_q[9]_i_1/O
                         net (fo=115, routed)         0.651     3.718    u_core/u_core/u_base/u_output_slice/u_partial_sum_bank/FSM_sequential_state_q_reg[1]
    SLICE_X50Y63         LUT6 (Prop_G6LUT_SLICEL_I4_O)
                                                      0.057     3.775 r  u_core/u_core/u_base/u_output_slice/u_partial_sum_bank/egress_tile_index_q[15]_i_1/O
                         net (fo=16, routed)          0.601     4.376    u_core/u_core/u_base/u_output_slice/u_partial_sum_bank_n_134
    SLICE_X47Y65         FDRE                                         r  u_core/u_core/u_base/u_output_slice/egress_tile_index_q_reg[14]/CE
  -------------------------------------------------------------------    -------------------

                         (clock clk rise edge)        5.000     5.000 r  
                                                      0.000     5.000 r  clk (IN)
                         net (fo=5369, unset)         0.029     5.029    u_core/u_core/u_base/u_output_slice/clk
    SLICE_X47Y65         FDRE                                         r  u_core/u_core/u_base/u_output_slice/egress_tile_index_q_reg[14]/C
                         clock pessimism              0.000     5.029    
                         clock uncertainty           -0.035     4.994    
    SLICE_X47Y65         FDRE (Setup_CFF_SLICEL_C_CE)
                                                     -0.079     4.915    u_core/u_core/u_base/u_output_slice/egress_tile_index_q_reg[14]
  -------------------------------------------------------------------
                         required time                          4.915    
                         arrival time                          -4.376    
  -------------------------------------------------------------------
                         slack                                  0.539    

Slack (MET) :             0.540ns  (required time - arrival time)
  Source:                 u_core/u_core/u_base/u_output_slice/u_partial_sum_bank/resident_n_lane_mask_reg[6]/C
                            (rising edge-triggered cell FDRE clocked by clk  {rise@0.000ns fall@2.500ns period=5.000ns})
  Destination:            u_core/u_core/u_base/u_output_slice/egress_tile_index_q_reg[15]/CE
                            (rising edge-triggered cell FDRE clocked by clk  {rise@0.000ns fall@2.500ns period=5.000ns})
  Path Group:             clk
  Path Type:              Setup (Max at Slow Process Corner)
  Requirement:            5.000ns  (clk rise@5.000ns - clk rise@0.000ns)
  Data Path Delay:        4.334ns  (logic 0.910ns (20.998%)  route 3.424ns (79.002%))
  Logic Levels:           7  (LUT5=1 LUT6=6)
  Clock Path Skew:        -0.013ns (DCD - SCD + CPR)
    Destination Clock Delay (DCD):    0.029ns = ( 5.029 - 5.000 ) 
    Source Clock Delay      (SCD):    0.042ns
    Clock Pessimism Removal (CPR):    0.000ns
  Clock Uncertainty:      0.035ns  ((TSJ^2 + TIJ^2)^1/2 + DJ) / 2 + PE
    Total System Jitter     (TSJ):    0.071ns
    Total Input Jitter      (TIJ):    0.000ns
    Discrete Jitter          (DJ):    0.000ns
    Phase Error              (PE):    0.000ns

    Location             Delay type                Incr(ns)  Path(ns)    Netlist Resource(s)
  -------------------------------------------------------------------    -------------------
                         (clock clk rise edge)        0.000     0.000 r  
                                                      0.000     0.000 r  clk (IN)
                         net (fo=5369, unset)         0.042     0.042    u_core/u_core/u_base/u_output_slice/u_partial_sum_bank/clk
    SLICE_X49Y59         FDRE                                         r  u_core/u_core/u_base/u_output_slice/u_partial_sum_bank/resident_n_lane_mask_reg[6]/C
  -------------------------------------------------------------------    -------------------
    SLICE_X49Y59         FDRE (Prop_EFF_SLICEL_C_Q)
                                                      0.114     0.156 r  u_core/u_core/u_base/u_output_slice/u_partial_sum_bank/resident_n_lane_mask_reg[6]/Q
                         net (fo=6, routed)           0.608     0.764    u_core/u_core/u_base/u_output_slice/u_partial_sum_bank/resident_n_lane_mask_reg_n_0_[6]
    SLICE_X47Y63         LUT6 (Prop_H6LUT_SLICEL_I3_O)
                                                      0.058     0.822 f  u_core/u_core/u_base/u_output_slice/u_partial_sum_bank/k_count_q[9]_i_42/O
                         net (fo=1, routed)           0.099     0.921    u_core/u_core/u_base/u_output_slice/u_partial_sum_bank/k_count_q[9]_i_42_n_0
    SLICE_X47Y63         LUT6 (Prop_D6LUT_SLICEL_I0_O)
                                                      0.152     1.073 f  u_core/u_core/u_base/u_output_slice/u_partial_sum_bank/k_count_q[9]_i_28/O
                         net (fo=1, routed)           0.200     1.273    u_core/u_core/u_base/u_output_slice/u_partial_sum_bank/k_count_q[9]_i_28_n_0
    SLICE_X47Y61         LUT6 (Prop_H6LUT_SLICEL_I0_O)
                                                      0.227     1.500 f  u_core/u_core/u_base/u_output_slice/u_partial_sum_bank/k_count_q[9]_i_12/O
                         net (fo=1, routed)           0.445     1.945    u_core/u_core/u_base/u_output_slice/u_partial_sum_bank/k_count_q[9]_i_12_n_0
    SLICE_X49Y60         LUT5 (Prop_H6LUT_SLICEL_I4_O)
                                                      0.058     2.003 f  u_core/u_core/u_base/u_output_slice/u_partial_sum_bank/k_count_q[9]_i_4/O
                         net (fo=1, routed)           0.547     2.550    u_core/u_core/u_base/u_output_slice/u_partial_sum_bank/k_count_q[9]_i_4_n_0
    SLICE_X46Y60         LUT6 (Prop_G6LUT_SLICEL_I0_O)
                                                      0.186     2.736 r  u_core/u_core/u_base/u_output_slice/u_partial_sum_bank/k_count_q[9]_i_2/O
                         net (fo=2, routed)           0.273     3.009    u_core/u_core/u_base/u_output_slice/u_partial_sum_bank/output_chunk_ready
    SLICE_X47Y57         LUT6 (Prop_H6LUT_SLICEL_I2_O)
                                                      0.058     3.067 r  u_core/u_core/u_base/u_output_slice/u_partial_sum_bank/k_count_q[9]_i_1/O
                         net (fo=115, routed)         0.651     3.718    u_core/u_core/u_base/u_output_slice/u_partial_sum_bank/FSM_sequential_state_q_reg[1]
    SLICE_X50Y63         LUT6 (Prop_G6LUT_SLICEL_I4_O)
                                                      0.057     3.775 r  u_core/u_core/u_base/u_output_slice/u_partial_sum_bank/egress_tile_index_q[15]_i_1/O
                         net (fo=16, routed)          0.601     4.376    u_core/u_core/u_base/u_output_slice/u_partial_sum_bank_n_134
    SLICE_X47Y65         FDRE                                         r  u_core/u_core/u_base/u_output_slice/egress_tile_index_q_reg[15]/CE
  -------------------------------------------------------------------    -------------------

                         (clock clk rise edge)        5.000     5.000 r  
                                                      0.000     5.000 r  clk (IN)
                         net (fo=5369, unset)         0.029     5.029    u_core/u_core/u_base/u_output_slice/clk
    SLICE_X47Y65         FDRE                                         r  u_core/u_core/u_base/u_output_slice/egress_tile_index_q_reg[15]/C
                         clock pessimism              0.000     5.029    
                         clock uncertainty           -0.035     4.994    
    SLICE_X47Y65         FDRE (Setup_CFF2_SLICEL_C_CE)
                                                     -0.078     4.916    u_core/u_core/u_base/u_output_slice/egress_tile_index_q_reg[15]
  -------------------------------------------------------------------
                         required time                          4.916    
                         arrival time                          -4.376    
  -------------------------------------------------------------------
                         slack                                  0.540    

Slack (MET) :             0.578ns  (required time - arrival time)
  Source:                 u_core/u_core/u_base/u_output_slice/u_partial_sum_bank/resident_n_lane_mask_reg[6]/C
                            (rising edge-triggered cell FDRE clocked by clk  {rise@0.000ns fall@2.500ns period=5.000ns})
  Destination:            u_core/u_core/u_issuer/activation_block_q_reg[0][22]/CE
                            (rising edge-triggered cell FDRE clocked by clk  {rise@0.000ns fall@2.500ns period=5.000ns})
  Path Group:             clk
  Path Type:              Setup (Max at Slow Process Corner)
  Requirement:            5.000ns  (clk rise@5.000ns - clk rise@0.000ns)
  Data Path Delay:        4.295ns  (logic 0.911ns (21.212%)  route 3.384ns (78.788%))
  Logic Levels:           7  (LUT5=1 LUT6=6)
  Clock Path Skew:        -0.012ns (DCD - SCD + CPR)
    Destination Clock Delay (DCD):    0.030ns = ( 5.030 - 5.000 ) 
    Source Clock Delay      (SCD):    0.042ns
    Clock Pessimism Removal (CPR):    0.000ns
  Clock Uncertainty:      0.035ns  ((TSJ^2 + TIJ^2)^1/2 + DJ) / 2 + PE
    Total System Jitter     (TSJ):    0.071ns
    Total Input Jitter      (TIJ):    0.000ns
    Discrete Jitter          (DJ):    0.000ns
    Phase Error              (PE):    0.000ns

    Location             Delay type                Incr(ns)  Path(ns)    Netlist Resource(s)
  -------------------------------------------------------------------    -------------------
                         (clock clk rise edge)        0.000     0.000 r  
                                                      0.000     0.000 r  clk (IN)
                         net (fo=5369, unset)         0.042     0.042    u_core/u_core/u_base/u_output_slice/u_partial_sum_bank/clk
    SLICE_X49Y59         FDRE                                         r  u_core/u_core/u_base/u_output_slice/u_partial_sum_bank/resident_n_lane_mask_reg[6]/C
  -------------------------------------------------------------------    -------------------
    SLICE_X49Y59         FDRE (Prop_EFF_SLICEL_C_Q)
                                                      0.114     0.156 r  u_core/u_core/u_base/u_output_slice/u_partial_sum_bank/resident_n_lane_mask_reg[6]/Q
                         net (fo=6, routed)           0.608     0.764    u_core/u_core/u_base/u_output_slice/u_partial_sum_bank/resident_n_lane_mask_reg_n_0_[6]
    SLICE_X47Y63         LUT6 (Prop_H6LUT_SLICEL_I3_O)
                                                      0.058     0.822 f  u_core/u_core/u_base/u_output_slice/u_partial_sum_bank/k_count_q[9]_i_42/O
                         net (fo=1, routed)           0.099     0.921    u_core/u_core/u_base/u_output_slice/u_partial_sum_bank/k_count_q[9]_i_42_n_0
    SLICE_X47Y63         LUT6 (Prop_D6LUT_SLICEL_I0_O)
                                                      0.152     1.073 f  u_core/u_core/u_base/u_output_slice/u_partial_sum_bank/k_count_q[9]_i_28/O
                         net (fo=1, routed)           0.200     1.273    u_core/u_core/u_base/u_output_slice/u_partial_sum_bank/k_count_q[9]_i_28_n_0
    SLICE_X47Y61         LUT6 (Prop_H6LUT_SLICEL_I0_O)
                                                      0.227     1.500 f  u_core/u_core/u_base/u_output_slice/u_partial_sum_bank/k_count_q[9]_i_12/O
                         net (fo=1, routed)           0.445     1.945    u_core/u_core/u_base/u_output_slice/u_partial_sum_bank/k_count_q[9]_i_12_n_0
    SLICE_X49Y60         LUT5 (Prop_H6LUT_SLICEL_I4_O)
                                                      0.058     2.003 f  u_core/u_core/u_base/u_output_slice/u_partial_sum_bank/k_count_q[9]_i_4/O
                         net (fo=1, routed)           0.547     2.550    u_core/u_core/u_base/u_output_slice/u_partial_sum_bank/k_count_q[9]_i_4_n_0
    SLICE_X46Y60         LUT6 (Prop_G6LUT_SLICEL_I0_O)
                                                      0.186     2.736 r  u_core/u_core/u_base/u_output_slice/u_partial_sum_bank/k_count_q[9]_i_2/O
                         net (fo=2, routed)           0.273     3.009    u_core/u_core/u_base/u_output_slice/u_partial_sum_bank/output_chunk_ready
    SLICE_X47Y57         LUT6 (Prop_H6LUT_SLICEL_I2_O)
                                                      0.058     3.067 r  u_core/u_core/u_base/u_output_slice/u_partial_sum_bank/k_count_q[9]_i_1/O
                         net (fo=115, routed)         0.374     3.441    u_core/u_core/u_issuer/p_0_in24_out
    SLICE_X47Y46         LUT6 (Prop_H6LUT_SLICEL_I5_O)
                                                      0.058     3.499 r  u_core/u_core/u_issuer/activation_block_q[0][63]_i_1/O
                         net (fo=64, routed)          0.838     4.337    u_core/u_core/u_issuer/activation_block_q[0][63]_i_1_n_0
    SLICE_X53Y43         FDRE                                         r  u_core/u_core/u_issuer/activation_block_q_reg[0][22]/CE
  -------------------------------------------------------------------    -------------------

                         (clock clk rise edge)        5.000     5.000 r  
                                                      0.000     5.000 r  clk (IN)
                         net (fo=5369, unset)         0.030     5.030    u_core/u_core/u_issuer/clk
    SLICE_X53Y43         FDRE                                         r  u_core/u_core/u_issuer/activation_block_q_reg[0][22]/C
                         clock pessimism              0.000     5.030    
                         clock uncertainty           -0.035     4.995    
    SLICE_X53Y43         FDRE (Setup_BFF_SLICEM_C_CE)
                                                     -0.080     4.915    u_core/u_core/u_issuer/activation_block_q_reg[0][22]
  -------------------------------------------------------------------
                         required time                          4.915    
                         arrival time                          -4.337    
  -------------------------------------------------------------------
                         slack                                  0.578    

Slack (MET) :             0.578ns  (required time - arrival time)
  Source:                 u_core/u_core/u_base/u_output_slice/u_partial_sum_bank/resident_n_lane_mask_reg[6]/C
                            (rising edge-triggered cell FDRE clocked by clk  {rise@0.000ns fall@2.500ns period=5.000ns})
  Destination:            u_core/u_core/u_issuer/activation_block_q_reg[0][23]/CE
                            (rising edge-triggered cell FDRE clocked by clk  {rise@0.000ns fall@2.500ns period=5.000ns})
  Path Group:             clk
  Path Type:              Setup (Max at Slow Process Corner)
  Requirement:            5.000ns  (clk rise@5.000ns - clk rise@0.000ns)
  Data Path Delay:        4.296ns  (logic 0.911ns (21.207%)  route 3.385ns (78.793%))
  Logic Levels:           7  (LUT5=1 LUT6=6)
  Clock Path Skew:        -0.012ns (DCD - SCD + CPR)
    Destination Clock Delay (DCD):    0.030ns = ( 5.030 - 5.000 ) 
    Source Clock Delay      (SCD):    0.042ns
    Clock Pessimism Removal (CPR):    0.000ns
  Clock Uncertainty:      0.035ns  ((TSJ^2 + TIJ^2)^1/2 + DJ) / 2 + PE
    Total System Jitter     (TSJ):    0.071ns
    Total Input Jitter      (TIJ):    0.000ns
    Discrete Jitter          (DJ):    0.000ns
    Phase Error              (PE):    0.000ns

    Location             Delay type                Incr(ns)  Path(ns)    Netlist Resource(s)
  -------------------------------------------------------------------    -------------------
                         (clock clk rise edge)        0.000     0.000 r  
                                                      0.000     0.000 r  clk (IN)
                         net (fo=5369, unset)         0.042     0.042    u_core/u_core/u_base/u_output_slice/u_partial_sum_bank/clk
    SLICE_X49Y59         FDRE                                         r  u_core/u_core/u_base/u_output_slice/u_partial_sum_bank/resident_n_lane_mask_reg[6]/C
  -------------------------------------------------------------------    -------------------
    SLICE_X49Y59         FDRE (Prop_EFF_SLICEL_C_Q)
                                                      0.114     0.156 r  u_core/u_core/u_base/u_output_slice/u_partial_sum_bank/resident_n_lane_mask_reg[6]/Q
                         net (fo=6, routed)           0.608     0.764    u_core/u_core/u_base/u_output_slice/u_partial_sum_bank/resident_n_lane_mask_reg_n_0_[6]
    SLICE_X47Y63         LUT6 (Prop_H6LUT_SLICEL_I3_O)
                                                      0.058     0.822 f  u_core/u_core/u_base/u_output_slice/u_partial_sum_bank/k_count_q[9]_i_42/O
                         net (fo=1, routed)           0.099     0.921    u_core/u_core/u_base/u_output_slice/u_partial_sum_bank/k_count_q[9]_i_42_n_0
    SLICE_X47Y63         LUT6 (Prop_D6LUT_SLICEL_I0_O)
                                                      0.152     1.073 f  u_core/u_core/u_base/u_output_slice/u_partial_sum_bank/k_count_q[9]_i_28/O
                         net (fo=1, routed)           0.200     1.273    u_core/u_core/u_base/u_output_slice/u_partial_sum_bank/k_count_q[9]_i_28_n_0
    SLICE_X47Y61         LUT6 (Prop_H6LUT_SLICEL_I0_O)
                                                      0.227     1.500 f  u_core/u_core/u_base/u_output_slice/u_partial_sum_bank/k_count_q[9]_i_12/O
                         net (fo=1, routed)           0.445     1.945    u_core/u_core/u_base/u_output_slice/u_partial_sum_bank/k_count_q[9]_i_12_n_0
    SLICE_X49Y60         LUT5 (Prop_H6LUT_SLICEL_I4_O)
                                                      0.058     2.003 f  u_core/u_core/u_base/u_output_slice/u_partial_sum_bank/k_count_q[9]_i_4/O
                         net (fo=1, routed)           0.547     2.550    u_core/u_core/u_base/u_output_slice/u_partial_sum_bank/k_count_q[9]_i_4_n_0
    SLICE_X46Y60         LUT6 (Prop_G6LUT_SLICEL_I0_O)
                                                      0.186     2.736 r  u_core/u_core/u_base/u_output_slice/u_partial_sum_bank/k_count_q[9]_i_2/O
                         net (fo=2, routed)           0.273     3.009    u_core/u_core/u_base/u_output_slice/u_partial_sum_bank/output_chunk_ready
    SLICE_X47Y57         LUT6 (Prop_H6LUT_SLICEL_I2_O)
                                                      0.058     3.067 r  u_core/u_core/u_base/u_output_slice/u_partial_sum_bank/k_count_q[9]_i_1/O
                         net (fo=115, routed)         0.374     3.441    u_core/u_core/u_issuer/p_0_in24_out
    SLICE_X47Y46         LUT6 (Prop_H6LUT_SLICEL_I5_O)
                                                      0.058     3.499 r  u_core/u_core/u_issuer/activation_block_q[0][63]_i_1/O
                         net (fo=64, routed)          0.839     4.338    u_core/u_core/u_issuer/activation_block_q[0][63]_i_1_n_0
    SLICE_X53Y43         FDRE                                         r  u_core/u_core/u_issuer/activation_block_q_reg[0][23]/CE
  -------------------------------------------------------------------    -------------------

                         (clock clk rise edge)        5.000     5.000 r  
                                                      0.000     5.000 r  clk (IN)
                         net (fo=5369, unset)         0.030     5.030    u_core/u_core/u_issuer/clk
    SLICE_X53Y43         FDRE                                         r  u_core/u_core/u_issuer/activation_block_q_reg[0][23]/C
                         clock pessimism              0.000     5.030    
                         clock uncertainty           -0.035     4.995    
    SLICE_X53Y43         FDRE (Setup_BFF2_SLICEM_C_CE)
                                                     -0.079     4.916    u_core/u_core/u_issuer/activation_block_q_reg[0][23]
  -------------------------------------------------------------------
                         required time                          4.916    
                         arrival time                          -4.338    
  -------------------------------------------------------------------
                         slack                                  0.578    

Slack (MET) :             0.578ns  (required time - arrival time)
  Source:                 u_core/u_core/u_base/u_output_slice/u_partial_sum_bank/resident_n_lane_mask_reg[6]/C
                            (rising edge-triggered cell FDRE clocked by clk  {rise@0.000ns fall@2.500ns period=5.000ns})
  Destination:            u_core/u_core/u_issuer/activation_block_q_reg[0][46]/CE
                            (rising edge-triggered cell FDRE clocked by clk  {rise@0.000ns fall@2.500ns period=5.000ns})
  Path Group:             clk
  Path Type:              Setup (Max at Slow Process Corner)
  Requirement:            5.000ns  (clk rise@5.000ns - clk rise@0.000ns)
  Data Path Delay:        4.295ns  (logic 0.911ns (21.212%)  route 3.384ns (78.788%))
  Logic Levels:           7  (LUT5=1 LUT6=6)
  Clock Path Skew:        -0.012ns (DCD - SCD + CPR)
    Destination Clock Delay (DCD):    0.030ns = ( 5.030 - 5.000 ) 
    Source Clock Delay      (SCD):    0.042ns
    Clock Pessimism Removal (CPR):    0.000ns
  Clock Uncertainty:      0.035ns  ((TSJ^2 + TIJ^2)^1/2 + DJ) / 2 + PE
    Total System Jitter     (TSJ):    0.071ns
    Total Input Jitter      (TIJ):    0.000ns
    Discrete Jitter          (DJ):    0.000ns
    Phase Error              (PE):    0.000ns

    Location             Delay type                Incr(ns)  Path(ns)    Netlist Resource(s)
  -------------------------------------------------------------------    -------------------
                         (clock clk rise edge)        0.000     0.000 r  
                                                      0.000     0.000 r  clk (IN)
                         net (fo=5369, unset)         0.042     0.042    u_core/u_core/u_base/u_output_slice/u_partial_sum_bank/clk
    SLICE_X49Y59         FDRE                                         r  u_core/u_core/u_base/u_output_slice/u_partial_sum_bank/resident_n_lane_mask_reg[6]/C
  -------------------------------------------------------------------    -------------------
    SLICE_X49Y59         FDRE (Prop_EFF_SLICEL_C_Q)
                                                      0.114     0.156 r  u_core/u_core/u_base/u_output_slice/u_partial_sum_bank/resident_n_lane_mask_reg[6]/Q
                         net (fo=6, routed)           0.608     0.764    u_core/u_core/u_base/u_output_slice/u_partial_sum_bank/resident_n_lane_mask_reg_n_0_[6]
    SLICE_X47Y63         LUT6 (Prop_H6LUT_SLICEL_I3_O)
                                                      0.058     0.822 f  u_core/u_core/u_base/u_output_slice/u_partial_sum_bank/k_count_q[9]_i_42/O
                         net (fo=1, routed)           0.099     0.921    u_core/u_core/u_base/u_output_slice/u_partial_sum_bank/k_count_q[9]_i_42_n_0
    SLICE_X47Y63         LUT6 (Prop_D6LUT_SLICEL_I0_O)
                                                      0.152     1.073 f  u_core/u_core/u_base/u_output_slice/u_partial_sum_bank/k_count_q[9]_i_28/O
                         net (fo=1, routed)           0.200     1.273    u_core/u_core/u_base/u_output_slice/u_partial_sum_bank/k_count_q[9]_i_28_n_0
    SLICE_X47Y61         LUT6 (Prop_H6LUT_SLICEL_I0_O)
                                                      0.227     1.500 f  u_core/u_core/u_base/u_output_slice/u_partial_sum_bank/k_count_q[9]_i_12/O
                         net (fo=1, routed)           0.445     1.945    u_core/u_core/u_base/u_output_slice/u_partial_sum_bank/k_count_q[9]_i_12_n_0
    SLICE_X49Y60         LUT5 (Prop_H6LUT_SLICEL_I4_O)
                                                      0.058     2.003 f  u_core/u_core/u_base/u_output_slice/u_partial_sum_bank/k_count_q[9]_i_4/O
                         net (fo=1, routed)           0.547     2.550    u_core/u_core/u_base/u_output_slice/u_partial_sum_bank/k_count_q[9]_i_4_n_0
    SLICE_X46Y60         LUT6 (Prop_G6LUT_SLICEL_I0_O)
                                                      0.186     2.736 r  u_core/u_core/u_base/u_output_slice/u_partial_sum_bank/k_count_q[9]_i_2/O
                         net (fo=2, routed)           0.273     3.009    u_core/u_core/u_base/u_output_slice/u_partial_sum_bank/output_chunk_ready
    SLICE_X47Y57         LUT6 (Prop_H6LUT_SLICEL_I2_O)
                                                      0.058     3.067 r  u_core/u_core/u_base/u_output_slice/u_partial_sum_bank/k_count_q[9]_i_1/O
                         net (fo=115, routed)         0.374     3.441    u_core/u_core/u_issuer/p_0_in24_out
    SLICE_X47Y46         LUT6 (Prop_H6LUT_SLICEL_I5_O)
                                                      0.058     3.499 r  u_core/u_core/u_issuer/activation_block_q[0][63]_i_1/O
                         net (fo=64, routed)          0.838     4.337    u_core/u_core/u_issuer/activation_block_q[0][63]_i_1_n_0
    SLICE_X53Y43         FDRE                                         r  u_core/u_core/u_issuer/activation_block_q_reg[0][46]/CE
  -------------------------------------------------------------------    -------------------

                         (clock clk rise edge)        5.000     5.000 r  
                                                      0.000     5.000 r  clk (IN)
                         net (fo=5369, unset)         0.030     5.030    u_core/u_core/u_issuer/clk
    SLICE_X53Y43         FDRE                                         r  u_core/u_core/u_issuer/activation_block_q_reg[0][46]/C
                         clock pessimism              0.000     5.030    
                         clock uncertainty           -0.035     4.995    
    SLICE_X53Y43         FDRE (Setup_AFF_SLICEM_C_CE)
                                                     -0.080     4.915    u_core/u_core/u_issuer/activation_block_q_reg[0][46]
  -------------------------------------------------------------------
                         required time                          4.915    
                         arrival time                          -4.337    
  -------------------------------------------------------------------
                         slack                                  0.578    

Slack (MET) :             0.578ns  (required time - arrival time)
  Source:                 u_core/u_core/u_base/u_output_slice/u_partial_sum_bank/resident_n_lane_mask_reg[6]/C
                            (rising edge-triggered cell FDRE clocked by clk  {rise@0.000ns fall@2.500ns period=5.000ns})
  Destination:            u_core/u_core/u_issuer/activation_block_q_reg[0][47]/CE
                            (rising edge-triggered cell FDRE clocked by clk  {rise@0.000ns fall@2.500ns period=5.000ns})
  Path Group:             clk
  Path Type:              Setup (Max at Slow Process Corner)
  Requirement:            5.000ns  (clk rise@5.000ns - clk rise@0.000ns)
  Data Path Delay:        4.296ns  (logic 0.911ns (21.207%)  route 3.385ns (78.793%))
  Logic Levels:           7  (LUT5=1 LUT6=6)
  Clock Path Skew:        -0.012ns (DCD - SCD + CPR)
    Destination Clock Delay (DCD):    0.030ns = ( 5.030 - 5.000 ) 
    Source Clock Delay      (SCD):    0.042ns
    Clock Pessimism Removal (CPR):    0.000ns
  Clock Uncertainty:      0.035ns  ((TSJ^2 + TIJ^2)^1/2 + DJ) / 2 + PE
    Total System Jitter     (TSJ):    0.071ns
    Total Input Jitter      (TIJ):    0.000ns
    Discrete Jitter          (DJ):    0.000ns
    Phase Error              (PE):    0.000ns

    Location             Delay type                Incr(ns)  Path(ns)    Netlist Resource(s)
  -------------------------------------------------------------------    -------------------
                         (clock clk rise edge)        0.000     0.000 r  
                                                      0.000     0.000 r  clk (IN)
                         net (fo=5369, unset)         0.042     0.042    u_core/u_core/u_base/u_output_slice/u_partial_sum_bank/clk
    SLICE_X49Y59         FDRE                                         r  u_core/u_core/u_base/u_output_slice/u_partial_sum_bank/resident_n_lane_mask_reg[6]/C
  -------------------------------------------------------------------    -------------------
    SLICE_X49Y59         FDRE (Prop_EFF_SLICEL_C_Q)
                                                      0.114     0.156 r  u_core/u_core/u_base/u_output_slice/u_partial_sum_bank/resident_n_lane_mask_reg[6]/Q
                         net (fo=6, routed)           0.608     0.764    u_core/u_core/u_base/u_output_slice/u_partial_sum_bank/resident_n_lane_mask_reg_n_0_[6]
    SLICE_X47Y63         LUT6 (Prop_H6LUT_SLICEL_I3_O)
                                                      0.058     0.822 f  u_core/u_core/u_base/u_output_slice/u_partial_sum_bank/k_count_q[9]_i_42/O
                         net (fo=1, routed)           0.099     0.921    u_core/u_core/u_base/u_output_slice/u_partial_sum_bank/k_count_q[9]_i_42_n_0
    SLICE_X47Y63         LUT6 (Prop_D6LUT_SLICEL_I0_O)
                                                      0.152     1.073 f  u_core/u_core/u_base/u_output_slice/u_partial_sum_bank/k_count_q[9]_i_28/O
                         net (fo=1, routed)           0.200     1.273    u_core/u_core/u_base/u_output_slice/u_partial_sum_bank/k_count_q[9]_i_28_n_0
    SLICE_X47Y61         LUT6 (Prop_H6LUT_SLICEL_I0_O)
                                                      0.227     1.500 f  u_core/u_core/u_base/u_output_slice/u_partial_sum_bank/k_count_q[9]_i_12/O
                         net (fo=1, routed)           0.445     1.945    u_core/u_core/u_base/u_output_slice/u_partial_sum_bank/k_count_q[9]_i_12_n_0
    SLICE_X49Y60         LUT5 (Prop_H6LUT_SLICEL_I4_O)
                                                      0.058     2.003 f  u_core/u_core/u_base/u_output_slice/u_partial_sum_bank/k_count_q[9]_i_4/O
                         net (fo=1, routed)           0.547     2.550    u_core/u_core/u_base/u_output_slice/u_partial_sum_bank/k_count_q[9]_i_4_n_0
    SLICE_X46Y60         LUT6 (Prop_G6LUT_SLICEL_I0_O)
                                                      0.186     2.736 r  u_core/u_core/u_base/u_output_slice/u_partial_sum_bank/k_count_q[9]_i_2/O
                         net (fo=2, routed)           0.273     3.009    u_core/u_core/u_base/u_output_slice/u_partial_sum_bank/output_chunk_ready
    SLICE_X47Y57         LUT6 (Prop_H6LUT_SLICEL_I2_O)
                                                      0.058     3.067 r  u_core/u_core/u_base/u_output_slice/u_partial_sum_bank/k_count_q[9]_i_1/O
                         net (fo=115, routed)         0.374     3.441    u_core/u_core/u_issuer/p_0_in24_out
    SLICE_X47Y46         LUT6 (Prop_H6LUT_SLICEL_I5_O)
                                                      0.058     3.499 r  u_core/u_core/u_issuer/activation_block_q[0][63]_i_1/O
                         net (fo=64, routed)          0.839     4.338    u_core/u_core/u_issuer/activation_block_q[0][63]_i_1_n_0
    SLICE_X53Y43         FDRE                                         r  u_core/u_core/u_issuer/activation_block_q_reg[0][47]/CE
  -------------------------------------------------------------------    -------------------

                         (clock clk rise edge)        5.000     5.000 r  
                                                      0.000     5.000 r  clk (IN)
                         net (fo=5369, unset)         0.030     5.030    u_core/u_core/u_issuer/clk
    SLICE_X53Y43         FDRE                                         r  u_core/u_core/u_issuer/activation_block_q_reg[0][47]/C
                         clock pessimism              0.000     5.030    
                         clock uncertainty           -0.035     4.995    
    SLICE_X53Y43         FDRE (Setup_AFF2_SLICEM_C_CE)
                                                     -0.079     4.916    u_core/u_core/u_issuer/activation_block_q_reg[0][47]
  -------------------------------------------------------------------
                         required time                          4.916    
                         arrival time                          -4.338    
  -------------------------------------------------------------------
                         slack                                  0.578    

Slack (MET) :             0.608ns  (required time - arrival time)
  Source:                 u_core/u_core/u_base/u_output_slice/u_partial_sum_bank/resident_n_lane_mask_reg[6]/C
                            (rising edge-triggered cell FDRE clocked by clk  {rise@0.000ns fall@2.500ns period=5.000ns})
  Destination:            u_core/u_core/u_issuer/activation_block_q_reg[0][0]/CE
                            (rising edge-triggered cell FDRE clocked by clk  {rise@0.000ns fall@2.500ns period=5.000ns})
  Path Group:             clk
  Path Type:              Setup (Max at Slow Process Corner)
  Requirement:            5.000ns  (clk rise@5.000ns - clk rise@0.000ns)
  Data Path Delay:        4.265ns  (logic 0.911ns (21.360%)  route 3.354ns (78.640%))
  Logic Levels:           7  (LUT5=1 LUT6=6)
  Clock Path Skew:        -0.012ns (DCD - SCD + CPR)
    Destination Clock Delay (DCD):    0.030ns = ( 5.030 - 5.000 ) 
    Source Clock Delay      (SCD):    0.042ns
    Clock Pessimism Removal (CPR):    0.000ns
  Clock Uncertainty:      0.035ns  ((TSJ^2 + TIJ^2)^1/2 + DJ) / 2 + PE
    Total System Jitter     (TSJ):    0.071ns
    Total Input Jitter      (TIJ):    0.000ns
    Discrete Jitter          (DJ):    0.000ns
    Phase Error              (PE):    0.000ns

    Location             Delay type                Incr(ns)  Path(ns)    Netlist Resource(s)
  -------------------------------------------------------------------    -------------------
                         (clock clk rise edge)        0.000     0.000 r  
                                                      0.000     0.000 r  clk (IN)
                         net (fo=5369, unset)         0.042     0.042    u_core/u_core/u_base/u_output_slice/u_partial_sum_bank/clk
    SLICE_X49Y59         FDRE                                         r  u_core/u_core/u_base/u_output_slice/u_partial_sum_bank/resident_n_lane_mask_reg[6]/C
  -------------------------------------------------------------------    -------------------
    SLICE_X49Y59         FDRE (Prop_EFF_SLICEL_C_Q)
                                                      0.114     0.156 r  u_core/u_core/u_base/u_output_slice/u_partial_sum_bank/resident_n_lane_mask_reg[6]/Q
                         net (fo=6, routed)           0.608     0.764    u_core/u_core/u_base/u_output_slice/u_partial_sum_bank/resident_n_lane_mask_reg_n_0_[6]
    SLICE_X47Y63         LUT6 (Prop_H6LUT_SLICEL_I3_O)
                                                      0.058     0.822 f  u_core/u_core/u_base/u_output_slice/u_partial_sum_bank/k_count_q[9]_i_42/O
                         net (fo=1, routed)           0.099     0.921    u_core/u_core/u_base/u_output_slice/u_partial_sum_bank/k_count_q[9]_i_42_n_0
    SLICE_X47Y63         LUT6 (Prop_D6LUT_SLICEL_I0_O)
                                                      0.152     1.073 f  u_core/u_core/u_base/u_output_slice/u_partial_sum_bank/k_count_q[9]_i_28/O
                         net (fo=1, routed)           0.200     1.273    u_core/u_core/u_base/u_output_slice/u_partial_sum_bank/k_count_q[9]_i_28_n_0
    SLICE_X47Y61         LUT6 (Prop_H6LUT_SLICEL_I0_O)
                                                      0.227     1.500 f  u_core/u_core/u_base/u_output_slice/u_partial_sum_bank/k_count_q[9]_i_12/O
                         net (fo=1, routed)           0.445     1.945    u_core/u_core/u_base/u_output_slice/u_partial_sum_bank/k_count_q[9]_i_12_n_0
    SLICE_X49Y60         LUT5 (Prop_H6LUT_SLICEL_I4_O)
                                                      0.058     2.003 f  u_core/u_core/u_base/u_output_slice/u_partial_sum_bank/k_count_q[9]_i_4/O
                         net (fo=1, routed)           0.547     2.550    u_core/u_core/u_base/u_output_slice/u_partial_sum_bank/k_count_q[9]_i_4_n_0
    SLICE_X46Y60         LUT6 (Prop_G6LUT_SLICEL_I0_O)
                                                      0.186     2.736 r  u_core/u_core/u_base/u_output_slice/u_partial_sum_bank/k_count_q[9]_i_2/O
                         net (fo=2, routed)           0.273     3.009    u_core/u_core/u_base/u_output_slice/u_partial_sum_bank/output_chunk_ready
    SLICE_X47Y57         LUT6 (Prop_H6LUT_SLICEL_I2_O)
                                                      0.058     3.067 r  u_core/u_core/u_base/u_output_slice/u_partial_sum_bank/k_count_q[9]_i_1/O
                         net (fo=115, routed)         0.374     3.441    u_core/u_core/u_issuer/p_0_in24_out
    SLICE_X47Y46         LUT6 (Prop_H6LUT_SLICEL_I5_O)
                                                      0.058     3.499 r  u_core/u_core/u_issuer/activation_block_q[0][63]_i_1/O
                         net (fo=64, routed)          0.808     4.307    u_core/u_core/u_issuer/activation_block_q[0][63]_i_1_n_0
    SLICE_X53Y49         FDRE                                         r  u_core/u_core/u_issuer/activation_block_q_reg[0][0]/CE
  -------------------------------------------------------------------    -------------------

                         (clock clk rise edge)        5.000     5.000 r  
                                                      0.000     5.000 r  clk (IN)
                         net (fo=5369, unset)         0.030     5.030    u_core/u_core/u_issuer/clk
    SLICE_X53Y49         FDRE                                         r  u_core/u_core/u_issuer/activation_block_q_reg[0][0]/C
                         clock pessimism              0.000     5.030    
                         clock uncertainty           -0.035     4.995    
    SLICE_X53Y49         FDRE (Setup_DFF_SLICEM_C_CE)
                                                     -0.080     4.915    u_core/u_core/u_issuer/activation_block_q_reg[0][0]
  -------------------------------------------------------------------
                         required time                          4.915    
                         arrival time                          -4.307    
  -------------------------------------------------------------------
                         slack                                  0.608    

Slack (MET) :             0.608ns  (required time - arrival time)
  Source:                 u_core/u_core/u_base/u_output_slice/u_partial_sum_bank/resident_n_lane_mask_reg[6]/C
                            (rising edge-triggered cell FDRE clocked by clk  {rise@0.000ns fall@2.500ns period=5.000ns})
  Destination:            u_core/u_core/u_issuer/activation_block_q_reg[0][16]/CE
                            (rising edge-triggered cell FDRE clocked by clk  {rise@0.000ns fall@2.500ns period=5.000ns})
  Path Group:             clk
  Path Type:              Setup (Max at Slow Process Corner)
  Requirement:            5.000ns  (clk rise@5.000ns - clk rise@0.000ns)
  Data Path Delay:        4.265ns  (logic 0.911ns (21.360%)  route 3.354ns (78.640%))
  Logic Levels:           7  (LUT5=1 LUT6=6)
  Clock Path Skew:        -0.012ns (DCD - SCD + CPR)
    Destination Clock Delay (DCD):    0.030ns = ( 5.030 - 5.000 ) 
    Source Clock Delay      (SCD):    0.042ns
    Clock Pessimism Removal (CPR):    0.000ns
  Clock Uncertainty:      0.035ns  ((TSJ^2 + TIJ^2)^1/2 + DJ) / 2 + PE
    Total System Jitter     (TSJ):    0.071ns
    Total Input Jitter      (TIJ):    0.000ns
    Discrete Jitter          (DJ):    0.000ns
    Phase Error              (PE):    0.000ns

    Location             Delay type                Incr(ns)  Path(ns)    Netlist Resource(s)
  -------------------------------------------------------------------    -------------------
                         (clock clk rise edge)        0.000     0.000 r  
                                                      0.000     0.000 r  clk (IN)
                         net (fo=5369, unset)         0.042     0.042    u_core/u_core/u_base/u_output_slice/u_partial_sum_bank/clk
    SLICE_X49Y59         FDRE                                         r  u_core/u_core/u_base/u_output_slice/u_partial_sum_bank/resident_n_lane_mask_reg[6]/C
  -------------------------------------------------------------------    -------------------
    SLICE_X49Y59         FDRE (Prop_EFF_SLICEL_C_Q)
                                                      0.114     0.156 r  u_core/u_core/u_base/u_output_slice/u_partial_sum_bank/resident_n_lane_mask_reg[6]/Q
                         net (fo=6, routed)           0.608     0.764    u_core/u_core/u_base/u_output_slice/u_partial_sum_bank/resident_n_lane_mask_reg_n_0_[6]
    SLICE_X47Y63         LUT6 (Prop_H6LUT_SLICEL_I3_O)
                                                      0.058     0.822 f  u_core/u_core/u_base/u_output_slice/u_partial_sum_bank/k_count_q[9]_i_42/O
                         net (fo=1, routed)           0.099     0.921    u_core/u_core/u_base/u_output_slice/u_partial_sum_bank/k_count_q[9]_i_42_n_0
    SLICE_X47Y63         LUT6 (Prop_D6LUT_SLICEL_I0_O)
                                                      0.152     1.073 f  u_core/u_core/u_base/u_output_slice/u_partial_sum_bank/k_count_q[9]_i_28/O
                         net (fo=1, routed)           0.200     1.273    u_core/u_core/u_base/u_output_slice/u_partial_sum_bank/k_count_q[9]_i_28_n_0
    SLICE_X47Y61         LUT6 (Prop_H6LUT_SLICEL_I0_O)
                                                      0.227     1.500 f  u_core/u_core/u_base/u_output_slice/u_partial_sum_bank/k_count_q[9]_i_12/O
                         net (fo=1, routed)           0.445     1.945    u_core/u_core/u_base/u_output_slice/u_partial_sum_bank/k_count_q[9]_i_12_n_0
    SLICE_X49Y60         LUT5 (Prop_H6LUT_SLICEL_I4_O)
                                                      0.058     2.003 f  u_core/u_core/u_base/u_output_slice/u_partial_sum_bank/k_count_q[9]_i_4/O
                         net (fo=1, routed)           0.547     2.550    u_core/u_core/u_base/u_output_slice/u_partial_sum_bank/k_count_q[9]_i_4_n_0
    SLICE_X46Y60         LUT6 (Prop_G6LUT_SLICEL_I0_O)
                                                      0.186     2.736 r  u_core/u_core/u_base/u_output_slice/u_partial_sum_bank/k_count_q[9]_i_2/O
                         net (fo=2, routed)           0.273     3.009    u_core/u_core/u_base/u_output_slice/u_partial_sum_bank/output_chunk_ready
    SLICE_X47Y57         LUT6 (Prop_H6LUT_SLICEL_I2_O)
                                                      0.058     3.067 r  u_core/u_core/u_base/u_output_slice/u_partial_sum_bank/k_count_q[9]_i_1/O
                         net (fo=115, routed)         0.374     3.441    u_core/u_core/u_issuer/p_0_in24_out
    SLICE_X47Y46         LUT6 (Prop_H6LUT_SLICEL_I5_O)
                                                      0.058     3.499 r  u_core/u_core/u_issuer/activation_block_q[0][63]_i_1/O
                         net (fo=64, routed)          0.808     4.307    u_core/u_core/u_issuer/activation_block_q[0][63]_i_1_n_0
    SLICE_X53Y49         FDRE                                         r  u_core/u_core/u_issuer/activation_block_q_reg[0][16]/CE
  -------------------------------------------------------------------    -------------------

                         (clock clk rise edge)        5.000     5.000 r  
                                                      0.000     5.000 r  clk (IN)
                         net (fo=5369, unset)         0.030     5.030    u_core/u_core/u_issuer/clk
    SLICE_X53Y49         FDRE                                         r  u_core/u_core/u_issuer/activation_block_q_reg[0][16]/C
                         clock pessimism              0.000     5.030    
                         clock uncertainty           -0.035     4.995    
    SLICE_X53Y49         FDRE (Setup_CFF_SLICEM_C_CE)
                                                     -0.080     4.915    u_core/u_core/u_issuer/activation_block_q_reg[0][16]
  -------------------------------------------------------------------
                         required time                          4.915    
                         arrival time                          -4.307    
  -------------------------------------------------------------------
                         slack                                  0.608    

Slack (MET) :             0.608ns  (required time - arrival time)
  Source:                 u_core/u_core/u_base/u_output_slice/u_partial_sum_bank/resident_n_lane_mask_reg[6]/C
                            (rising edge-triggered cell FDRE clocked by clk  {rise@0.000ns fall@2.500ns period=5.000ns})
  Destination:            u_core/u_core/u_issuer/activation_block_q_reg[0][17]/CE
                            (rising edge-triggered cell FDRE clocked by clk  {rise@0.000ns fall@2.500ns period=5.000ns})
  Path Group:             clk
  Path Type:              Setup (Max at Slow Process Corner)
  Requirement:            5.000ns  (clk rise@5.000ns - clk rise@0.000ns)
  Data Path Delay:        4.266ns  (logic 0.911ns (21.355%)  route 3.355ns (78.645%))
  Logic Levels:           7  (LUT5=1 LUT6=6)
  Clock Path Skew:        -0.012ns (DCD - SCD + CPR)
    Destination Clock Delay (DCD):    0.030ns = ( 5.030 - 5.000 ) 
    Source Clock Delay      (SCD):    0.042ns
    Clock Pessimism Removal (CPR):    0.000ns
  Clock Uncertainty:      0.035ns  ((TSJ^2 + TIJ^2)^1/2 + DJ) / 2 + PE
    Total System Jitter     (TSJ):    0.071ns
    Total Input Jitter      (TIJ):    0.000ns
    Discrete Jitter          (DJ):    0.000ns
    Phase Error              (PE):    0.000ns

    Location             Delay type                Incr(ns)  Path(ns)    Netlist Resource(s)
  -------------------------------------------------------------------    -------------------
                         (clock clk rise edge)        0.000     0.000 r  
                                                      0.000     0.000 r  clk (IN)
                         net (fo=5369, unset)         0.042     0.042    u_core/u_core/u_base/u_output_slice/u_partial_sum_bank/clk
    SLICE_X49Y59         FDRE                                         r  u_core/u_core/u_base/u_output_slice/u_partial_sum_bank/resident_n_lane_mask_reg[6]/C
  -------------------------------------------------------------------    -------------------
    SLICE_X49Y59         FDRE (Prop_EFF_SLICEL_C_Q)
                                                      0.114     0.156 r  u_core/u_core/u_base/u_output_slice/u_partial_sum_bank/resident_n_lane_mask_reg[6]/Q
                         net (fo=6, routed)           0.608     0.764    u_core/u_core/u_base/u_output_slice/u_partial_sum_bank/resident_n_lane_mask_reg_n_0_[6]
    SLICE_X47Y63         LUT6 (Prop_H6LUT_SLICEL_I3_O)
                                                      0.058     0.822 f  u_core/u_core/u_base/u_output_slice/u_partial_sum_bank/k_count_q[9]_i_42/O
                         net (fo=1, routed)           0.099     0.921    u_core/u_core/u_base/u_output_slice/u_partial_sum_bank/k_count_q[9]_i_42_n_0
    SLICE_X47Y63         LUT6 (Prop_D6LUT_SLICEL_I0_O)
                                                      0.152     1.073 f  u_core/u_core/u_base/u_output_slice/u_partial_sum_bank/k_count_q[9]_i_28/O
                         net (fo=1, routed)           0.200     1.273    u_core/u_core/u_base/u_output_slice/u_partial_sum_bank/k_count_q[9]_i_28_n_0
    SLICE_X47Y61         LUT6 (Prop_H6LUT_SLICEL_I0_O)
                                                      0.227     1.500 f  u_core/u_core/u_base/u_output_slice/u_partial_sum_bank/k_count_q[9]_i_12/O
                         net (fo=1, routed)           0.445     1.945    u_core/u_core/u_base/u_output_slice/u_partial_sum_bank/k_count_q[9]_i_12_n_0
    SLICE_X49Y60         LUT5 (Prop_H6LUT_SLICEL_I4_O)
                                                      0.058     2.003 f  u_core/u_core/u_base/u_output_slice/u_partial_sum_bank/k_count_q[9]_i_4/O
                         net (fo=1, routed)           0.547     2.550    u_core/u_core/u_base/u_output_slice/u_partial_sum_bank/k_count_q[9]_i_4_n_0
    SLICE_X46Y60         LUT6 (Prop_G6LUT_SLICEL_I0_O)
                                                      0.186     2.736 r  u_core/u_core/u_base/u_output_slice/u_partial_sum_bank/k_count_q[9]_i_2/O
                         net (fo=2, routed)           0.273     3.009    u_core/u_core/u_base/u_output_slice/u_partial_sum_bank/output_chunk_ready
    SLICE_X47Y57         LUT6 (Prop_H6LUT_SLICEL_I2_O)
                                                      0.058     3.067 r  u_core/u_core/u_base/u_output_slice/u_partial_sum_bank/k_count_q[9]_i_1/O
                         net (fo=115, routed)         0.374     3.441    u_core/u_core/u_issuer/p_0_in24_out
    SLICE_X47Y46         LUT6 (Prop_H6LUT_SLICEL_I5_O)
                                                      0.058     3.499 r  u_core/u_core/u_issuer/activation_block_q[0][63]_i_1/O
                         net (fo=64, routed)          0.809     4.308    u_core/u_core/u_issuer/activation_block_q[0][63]_i_1_n_0
    SLICE_X53Y49         FDRE                                         r  u_core/u_core/u_issuer/activation_block_q_reg[0][17]/CE
  -------------------------------------------------------------------    -------------------

                         (clock clk rise edge)        5.000     5.000 r  
                                                      0.000     5.000 r  clk (IN)
                         net (fo=5369, unset)         0.030     5.030    u_core/u_core/u_issuer/clk
    SLICE_X53Y49         FDRE                                         r  u_core/u_core/u_issuer/activation_block_q_reg[0][17]/C
                         clock pessimism              0.000     5.030    
                         clock uncertainty           -0.035     4.995    
    SLICE_X53Y49         FDRE (Setup_CFF2_SLICEM_C_CE)
                                                     -0.079     4.916    u_core/u_core/u_issuer/activation_block_q_reg[0][17]
  -------------------------------------------------------------------
                         required time                          4.916    
                         arrival time                          -4.308    
  -------------------------------------------------------------------
                         slack                                  0.608    

Slack (MET) :             0.608ns  (required time - arrival time)
  Source:                 u_core/u_core/u_base/u_output_slice/u_partial_sum_bank/resident_n_lane_mask_reg[6]/C
                            (rising edge-triggered cell FDRE clocked by clk  {rise@0.000ns fall@2.500ns period=5.000ns})
  Destination:            u_core/u_core/u_issuer/activation_block_q_reg[0][18]/CE
                            (rising edge-triggered cell FDRE clocked by clk  {rise@0.000ns fall@2.500ns period=5.000ns})
  Path Group:             clk
  Path Type:              Setup (Max at Slow Process Corner)
  Requirement:            5.000ns  (clk rise@5.000ns - clk rise@0.000ns)
  Data Path Delay:        4.265ns  (logic 0.911ns (21.360%)  route 3.354ns (78.640%))
  Logic Levels:           7  (LUT5=1 LUT6=6)
  Clock Path Skew:        -0.012ns (DCD - SCD + CPR)
    Destination Clock Delay (DCD):    0.030ns = ( 5.030 - 5.000 ) 
    Source Clock Delay      (SCD):    0.042ns
    Clock Pessimism Removal (CPR):    0.000ns
  Clock Uncertainty:      0.035ns  ((TSJ^2 + TIJ^2)^1/2 + DJ) / 2 + PE
    Total System Jitter     (TSJ):    0.071ns
    Total Input Jitter      (TIJ):    0.000ns
    Discrete Jitter          (DJ):    0.000ns
    Phase Error              (PE):    0.000ns

    Location             Delay type                Incr(ns)  Path(ns)    Netlist Resource(s)
  -------------------------------------------------------------------    -------------------
                         (clock clk rise edge)        0.000     0.000 r  
                                                      0.000     0.000 r  clk (IN)
                         net (fo=5369, unset)         0.042     0.042    u_core/u_core/u_base/u_output_slice/u_partial_sum_bank/clk
    SLICE_X49Y59         FDRE                                         r  u_core/u_core/u_base/u_output_slice/u_partial_sum_bank/resident_n_lane_mask_reg[6]/C
  -------------------------------------------------------------------    -------------------
    SLICE_X49Y59         FDRE (Prop_EFF_SLICEL_C_Q)
                                                      0.114     0.156 r  u_core/u_core/u_base/u_output_slice/u_partial_sum_bank/resident_n_lane_mask_reg[6]/Q
                         net (fo=6, routed)           0.608     0.764    u_core/u_core/u_base/u_output_slice/u_partial_sum_bank/resident_n_lane_mask_reg_n_0_[6]
    SLICE_X47Y63         LUT6 (Prop_H6LUT_SLICEL_I3_O)
                                                      0.058     0.822 f  u_core/u_core/u_base/u_output_slice/u_partial_sum_bank/k_count_q[9]_i_42/O
                         net (fo=1, routed)           0.099     0.921    u_core/u_core/u_base/u_output_slice/u_partial_sum_bank/k_count_q[9]_i_42_n_0
    SLICE_X47Y63         LUT6 (Prop_D6LUT_SLICEL_I0_O)
                                                      0.152     1.073 f  u_core/u_core/u_base/u_output_slice/u_partial_sum_bank/k_count_q[9]_i_28/O
                         net (fo=1, routed)           0.200     1.273    u_core/u_core/u_base/u_output_slice/u_partial_sum_bank/k_count_q[9]_i_28_n_0
    SLICE_X47Y61         LUT6 (Prop_H6LUT_SLICEL_I0_O)
                                                      0.227     1.500 f  u_core/u_core/u_base/u_output_slice/u_partial_sum_bank/k_count_q[9]_i_12/O
                         net (fo=1, routed)           0.445     1.945    u_core/u_core/u_base/u_output_slice/u_partial_sum_bank/k_count_q[9]_i_12_n_0
    SLICE_X49Y60         LUT5 (Prop_H6LUT_SLICEL_I4_O)
                                                      0.058     2.003 f  u_core/u_core/u_base/u_output_slice/u_partial_sum_bank/k_count_q[9]_i_4/O
                         net (fo=1, routed)           0.547     2.550    u_core/u_core/u_base/u_output_slice/u_partial_sum_bank/k_count_q[9]_i_4_n_0
    SLICE_X46Y60         LUT6 (Prop_G6LUT_SLICEL_I0_O)
                                                      0.186     2.736 r  u_core/u_core/u_base/u_output_slice/u_partial_sum_bank/k_count_q[9]_i_2/O
                         net (fo=2, routed)           0.273     3.009    u_core/u_core/u_base/u_output_slice/u_partial_sum_bank/output_chunk_ready
    SLICE_X47Y57         LUT6 (Prop_H6LUT_SLICEL_I2_O)
                                                      0.058     3.067 r  u_core/u_core/u_base/u_output_slice/u_partial_sum_bank/k_count_q[9]_i_1/O
                         net (fo=115, routed)         0.374     3.441    u_core/u_core/u_issuer/p_0_in24_out
    SLICE_X47Y46         LUT6 (Prop_H6LUT_SLICEL_I5_O)
                                                      0.058     3.499 r  u_core/u_core/u_issuer/activation_block_q[0][63]_i_1/O
                         net (fo=64, routed)          0.808     4.307    u_core/u_core/u_issuer/activation_block_q[0][63]_i_1_n_0
    SLICE_X53Y49         FDRE                                         r  u_core/u_core/u_issuer/activation_block_q_reg[0][18]/CE
  -------------------------------------------------------------------    -------------------

                         (clock clk rise edge)        5.000     5.000 r  
                                                      0.000     5.000 r  clk (IN)
                         net (fo=5369, unset)         0.030     5.030    u_core/u_core/u_issuer/clk
    SLICE_X53Y49         FDRE                                         r  u_core/u_core/u_issuer/activation_block_q_reg[0][18]/C
                         clock pessimism              0.000     5.030    
                         clock uncertainty           -0.035     4.995    
    SLICE_X53Y49         FDRE (Setup_BFF_SLICEM_C_CE)
                                                     -0.080     4.915    u_core/u_core/u_issuer/activation_block_q_reg[0][18]
  -------------------------------------------------------------------
                         required time                          4.915    
                         arrival time                          -4.307    
  -------------------------------------------------------------------
                         slack                                  0.608    

Slack (MET) :             0.608ns  (required time - arrival time)
  Source:                 u_core/u_core/u_base/u_output_slice/u_partial_sum_bank/resident_n_lane_mask_reg[6]/C
                            (rising edge-triggered cell FDRE clocked by clk  {rise@0.000ns fall@2.500ns period=5.000ns})
  Destination:            u_core/u_core/u_issuer/activation_block_q_reg[0][19]/CE
                            (rising edge-triggered cell FDRE clocked by clk  {rise@0.000ns fall@2.500ns period=5.000ns})
  Path Group:             clk
  Path Type:              Setup (Max at Slow Process Corner)
  Requirement:            5.000ns  (clk rise@5.000ns - clk rise@0.000ns)
  Data Path Delay:        4.266ns  (logic 0.911ns (21.355%)  route 3.355ns (78.645%))
  Logic Levels:           7  (LUT5=1 LUT6=6)
  Clock Path Skew:        -0.012ns (DCD - SCD + CPR)
    Destination Clock Delay (DCD):    0.030ns = ( 5.030 - 5.000 ) 
    Source Clock Delay      (SCD):    0.042ns
    Clock Pessimism Removal (CPR):    0.000ns
  Clock Uncertainty:      0.035ns  ((TSJ^2 + TIJ^2)^1/2 + DJ) / 2 + PE
    Total System Jitter     (TSJ):    0.071ns
    Total Input Jitter      (TIJ):    0.000ns
    Discrete Jitter          (DJ):    0.000ns
    Phase Error              (PE):    0.000ns

    Location             Delay type                Incr(ns)  Path(ns)    Netlist Resource(s)
  -------------------------------------------------------------------    -------------------
                         (clock clk rise edge)        0.000     0.000 r  
                                                      0.000     0.000 r  clk (IN)
                         net (fo=5369, unset)         0.042     0.042    u_core/u_core/u_base/u_output_slice/u_partial_sum_bank/clk
    SLICE_X49Y59         FDRE                                         r  u_core/u_core/u_base/u_output_slice/u_partial_sum_bank/resident_n_lane_mask_reg[6]/C
  -------------------------------------------------------------------    -------------------
    SLICE_X49Y59         FDRE (Prop_EFF_SLICEL_C_Q)
                                                      0.114     0.156 r  u_core/u_core/u_base/u_output_slice/u_partial_sum_bank/resident_n_lane_mask_reg[6]/Q
                         net (fo=6, routed)           0.608     0.764    u_core/u_core/u_base/u_output_slice/u_partial_sum_bank/resident_n_lane_mask_reg_n_0_[6]
    SLICE_X47Y63         LUT6 (Prop_H6LUT_SLICEL_I3_O)
                                                      0.058     0.822 f  u_core/u_core/u_base/u_output_slice/u_partial_sum_bank/k_count_q[9]_i_42/O
                         net (fo=1, routed)           0.099     0.921    u_core/u_core/u_base/u_output_slice/u_partial_sum_bank/k_count_q[9]_i_42_n_0
    SLICE_X47Y63         LUT6 (Prop_D6LUT_SLICEL_I0_O)
                                                      0.152     1.073 f  u_core/u_core/u_base/u_output_slice/u_partial_sum_bank/k_count_q[9]_i_28/O
                         net (fo=1, routed)           0.200     1.273    u_core/u_core/u_base/u_output_slice/u_partial_sum_bank/k_count_q[9]_i_28_n_0
    SLICE_X47Y61         LUT6 (Prop_H6LUT_SLICEL_I0_O)
                                                      0.227     1.500 f  u_core/u_core/u_base/u_output_slice/u_partial_sum_bank/k_count_q[9]_i_12/O
                         net (fo=1, routed)           0.445     1.945    u_core/u_core/u_base/u_output_slice/u_partial_sum_bank/k_count_q[9]_i_12_n_0
    SLICE_X49Y60         LUT5 (Prop_H6LUT_SLICEL_I4_O)
                                                      0.058     2.003 f  u_core/u_core/u_base/u_output_slice/u_partial_sum_bank/k_count_q[9]_i_4/O
                         net (fo=1, routed)           0.547     2.550    u_core/u_core/u_base/u_output_slice/u_partial_sum_bank/k_count_q[9]_i_4_n_0
    SLICE_X46Y60         LUT6 (Prop_G6LUT_SLICEL_I0_O)
                                                      0.186     2.736 r  u_core/u_core/u_base/u_output_slice/u_partial_sum_bank/k_count_q[9]_i_2/O
                         net (fo=2, routed)           0.273     3.009    u_core/u_core/u_base/u_output_slice/u_partial_sum_bank/output_chunk_ready
    SLICE_X47Y57         LUT6 (Prop_H6LUT_SLICEL_I2_O)
                                                      0.058     3.067 r  u_core/u_core/u_base/u_output_slice/u_partial_sum_bank/k_count_q[9]_i_1/O
                         net (fo=115, routed)         0.374     3.441    u_core/u_core/u_issuer/p_0_in24_out
    SLICE_X47Y46         LUT6 (Prop_H6LUT_SLICEL_I5_O)
                                                      0.058     3.499 r  u_core/u_core/u_issuer/activation_block_q[0][63]_i_1/O
                         net (fo=64, routed)          0.809     4.308    u_core/u_core/u_issuer/activation_block_q[0][63]_i_1_n_0
    SLICE_X53Y49         FDRE                                         r  u_core/u_core/u_issuer/activation_block_q_reg[0][19]/CE
  -------------------------------------------------------------------    -------------------

                         (clock clk rise edge)        5.000     5.000 r  
                                                      0.000     5.000 r  clk (IN)
                         net (fo=5369, unset)         0.030     5.030    u_core/u_core/u_issuer/clk
    SLICE_X53Y49         FDRE                                         r  u_core/u_core/u_issuer/activation_block_q_reg[0][19]/C
                         clock pessimism              0.000     5.030    
                         clock uncertainty           -0.035     4.995    
    SLICE_X53Y49         FDRE (Setup_BFF2_SLICEM_C_CE)
                                                     -0.079     4.916    u_core/u_core/u_issuer/activation_block_q_reg[0][19]
  -------------------------------------------------------------------
                         required time                          4.916    
                         arrival time                          -4.308    
  -------------------------------------------------------------------
                         slack                                  0.608    

Slack (MET) :             0.608ns  (required time - arrival time)
  Source:                 u_core/u_core/u_base/u_output_slice/u_partial_sum_bank/resident_n_lane_mask_reg[6]/C
                            (rising edge-triggered cell FDRE clocked by clk  {rise@0.000ns fall@2.500ns period=5.000ns})
  Destination:            u_core/u_core/u_issuer/activation_block_q_reg[0][1]/CE
                            (rising edge-triggered cell FDRE clocked by clk  {rise@0.000ns fall@2.500ns period=5.000ns})
  Path Group:             clk
  Path Type:              Setup (Max at Slow Process Corner)
  Requirement:            5.000ns  (clk rise@5.000ns - clk rise@0.000ns)
  Data Path Delay:        4.266ns  (logic 0.911ns (21.355%)  route 3.355ns (78.645%))
  Logic Levels:           7  (LUT5=1 LUT6=6)
  Clock Path Skew:        -0.012ns (DCD - SCD + CPR)
    Destination Clock Delay (DCD):    0.030ns = ( 5.030 - 5.000 ) 
    Source Clock Delay      (SCD):    0.042ns
    Clock Pessimism Removal (CPR):    0.000ns
  Clock Uncertainty:      0.035ns  ((TSJ^2 + TIJ^2)^1/2 + DJ) / 2 + PE
    Total System Jitter     (TSJ):    0.071ns
    Total Input Jitter      (TIJ):    0.000ns
    Discrete Jitter          (DJ):    0.000ns
    Phase Error              (PE):    0.000ns

    Location             Delay type                Incr(ns)  Path(ns)    Netlist Resource(s)
  -------------------------------------------------------------------    -------------------
                         (clock clk rise edge)        0.000     0.000 r  
                                                      0.000     0.000 r  clk (IN)
                         net (fo=5369, unset)         0.042     0.042    u_core/u_core/u_base/u_output_slice/u_partial_sum_bank/clk
    SLICE_X49Y59         FDRE                                         r  u_core/u_core/u_base/u_output_slice/u_partial_sum_bank/resident_n_lane_mask_reg[6]/C
  -------------------------------------------------------------------    -------------------
    SLICE_X49Y59         FDRE (Prop_EFF_SLICEL_C_Q)
                                                      0.114     0.156 r  u_core/u_core/u_base/u_output_slice/u_partial_sum_bank/resident_n_lane_mask_reg[6]/Q
                         net (fo=6, routed)           0.608     0.764    u_core/u_core/u_base/u_output_slice/u_partial_sum_bank/resident_n_lane_mask_reg_n_0_[6]
    SLICE_X47Y63         LUT6 (Prop_H6LUT_SLICEL_I3_O)
                                                      0.058     0.822 f  u_core/u_core/u_base/u_output_slice/u_partial_sum_bank/k_count_q[9]_i_42/O
                         net (fo=1, routed)           0.099     0.921    u_core/u_core/u_base/u_output_slice/u_partial_sum_bank/k_count_q[9]_i_42_n_0
    SLICE_X47Y63         LUT6 (Prop_D6LUT_SLICEL_I0_O)
                                                      0.152     1.073 f  u_core/u_core/u_base/u_output_slice/u_partial_sum_bank/k_count_q[9]_i_28/O
                         net (fo=1, routed)           0.200     1.273    u_core/u_core/u_base/u_output_slice/u_partial_sum_bank/k_count_q[9]_i_28_n_0
    SLICE_X47Y61         LUT6 (Prop_H6LUT_SLICEL_I0_O)
                                                      0.227     1.500 f  u_core/u_core/u_base/u_output_slice/u_partial_sum_bank/k_count_q[9]_i_12/O
                         net (fo=1, routed)           0.445     1.945    u_core/u_core/u_base/u_output_slice/u_partial_sum_bank/k_count_q[9]_i_12_n_0
    SLICE_X49Y60         LUT5 (Prop_H6LUT_SLICEL_I4_O)
                                                      0.058     2.003 f  u_core/u_core/u_base/u_output_slice/u_partial_sum_bank/k_count_q[9]_i_4/O
                         net (fo=1, routed)           0.547     2.550    u_core/u_core/u_base/u_output_slice/u_partial_sum_bank/k_count_q[9]_i_4_n_0
    SLICE_X46Y60         LUT6 (Prop_G6LUT_SLICEL_I0_O)
                                                      0.186     2.736 r  u_core/u_core/u_base/u_output_slice/u_partial_sum_bank/k_count_q[9]_i_2/O
                         net (fo=2, routed)           0.273     3.009    u_core/u_core/u_base/u_output_slice/u_partial_sum_bank/output_chunk_ready
    SLICE_X47Y57         LUT6 (Prop_H6LUT_SLICEL_I2_O)
                                                      0.058     3.067 r  u_core/u_core/u_base/u_output_slice/u_partial_sum_bank/k_count_q[9]_i_1/O
                         net (fo=115, routed)         0.374     3.441    u_core/u_core/u_issuer/p_0_in24_out
    SLICE_X47Y46         LUT6 (Prop_H6LUT_SLICEL_I5_O)
                                                      0.058     3.499 r  u_core/u_core/u_issuer/activation_block_q[0][63]_i_1/O
                         net (fo=64, routed)          0.809     4.308    u_core/u_core/u_issuer/activation_block_q[0][63]_i_1_n_0
    SLICE_X53Y49         FDRE                                         r  u_core/u_core/u_issuer/activation_block_q_reg[0][1]/CE
  -------------------------------------------------------------------    -------------------

                         (clock clk rise edge)        5.000     5.000 r  
                                                      0.000     5.000 r  clk (IN)
                         net (fo=5369, unset)         0.030     5.030    u_core/u_core/u_issuer/clk
    SLICE_X53Y49         FDRE                                         r  u_core/u_core/u_issuer/activation_block_q_reg[0][1]/C
                         clock pessimism              0.000     5.030    
                         clock uncertainty           -0.035     4.995    
    SLICE_X53Y49         FDRE (Setup_DFF2_SLICEM_C_CE)
                                                     -0.079     4.916    u_core/u_core/u_issuer/activation_block_q_reg[0][1]
  -------------------------------------------------------------------
                         required time                          4.916    
                         arrival time                          -4.308    
  -------------------------------------------------------------------
                         slack                                  0.608    

Slack (MET) :             0.608ns  (required time - arrival time)
  Source:                 u_core/u_core/u_base/u_output_slice/u_partial_sum_bank/resident_n_lane_mask_reg[6]/C
                            (rising edge-triggered cell FDRE clocked by clk  {rise@0.000ns fall@2.500ns period=5.000ns})
  Destination:            u_core/u_core/u_issuer/activation_block_q_reg[0][14]/CE
                            (rising edge-triggered cell FDRE clocked by clk  {rise@0.000ns fall@2.500ns period=5.000ns})
  Path Group:             clk
  Path Type:              Setup (Max at Slow Process Corner)
  Requirement:            5.000ns  (clk rise@5.000ns - clk rise@0.000ns)
  Data Path Delay:        4.264ns  (logic 0.911ns (21.364%)  route 3.353ns (78.636%))
  Logic Levels:           7  (LUT5=1 LUT6=6)
  Clock Path Skew:        -0.013ns (DCD - SCD + CPR)
    Destination Clock Delay (DCD):    0.029ns = ( 5.029 - 5.000 ) 
    Source Clock Delay      (SCD):    0.042ns
    Clock Pessimism Removal (CPR):    0.000ns
  Clock Uncertainty:      0.035ns  ((TSJ^2 + TIJ^2)^1/2 + DJ) / 2 + PE
    Total System Jitter     (TSJ):    0.071ns
    Total Input Jitter      (TIJ):    0.000ns
    Discrete Jitter          (DJ):    0.000ns
    Phase Error              (PE):    0.000ns

    Location             Delay type                Incr(ns)  Path(ns)    Netlist Resource(s)
  -------------------------------------------------------------------    -------------------
                         (clock clk rise edge)        0.000     0.000 r  
                                                      0.000     0.000 r  clk (IN)
                         net (fo=5369, unset)         0.042     0.042    u_core/u_core/u_base/u_output_slice/u_partial_sum_bank/clk
    SLICE_X49Y59         FDRE                                         r  u_core/u_core/u_base/u_output_slice/u_partial_sum_bank/resident_n_lane_mask_reg[6]/C
  -------------------------------------------------------------------    -------------------
    SLICE_X49Y59         FDRE (Prop_EFF_SLICEL_C_Q)
                                                      0.114     0.156 r  u_core/u_core/u_base/u_output_slice/u_partial_sum_bank/resident_n_lane_mask_reg[6]/Q
                         net (fo=6, routed)           0.608     0.764    u_core/u_core/u_base/u_output_slice/u_partial_sum_bank/resident_n_lane_mask_reg_n_0_[6]
    SLICE_X47Y63         LUT6 (Prop_H6LUT_SLICEL_I3_O)
                                                      0.058     0.822 f  u_core/u_core/u_base/u_output_slice/u_partial_sum_bank/k_count_q[9]_i_42/O
                         net (fo=1, routed)           0.099     0.921    u_core/u_core/u_base/u_output_slice/u_partial_sum_bank/k_count_q[9]_i_42_n_0
    SLICE_X47Y63         LUT6 (Prop_D6LUT_SLICEL_I0_O)
                                                      0.152     1.073 f  u_core/u_core/u_base/u_output_slice/u_partial_sum_bank/k_count_q[9]_i_28/O
                         net (fo=1, routed)           0.200     1.273    u_core/u_core/u_base/u_output_slice/u_partial_sum_bank/k_count_q[9]_i_28_n_0
    SLICE_X47Y61         LUT6 (Prop_H6LUT_SLICEL_I0_O)
                                                      0.227     1.500 f  u_core/u_core/u_base/u_output_slice/u_partial_sum_bank/k_count_q[9]_i_12/O
                         net (fo=1, routed)           0.445     1.945    u_core/u_core/u_base/u_output_slice/u_partial_sum_bank/k_count_q[9]_i_12_n_0
    SLICE_X49Y60         LUT5 (Prop_H6LUT_SLICEL_I4_O)
                                                      0.058     2.003 f  u_core/u_core/u_base/u_output_slice/u_partial_sum_bank/k_count_q[9]_i_4/O
                         net (fo=1, routed)           0.547     2.550    u_core/u_core/u_base/u_output_slice/u_partial_sum_bank/k_count_q[9]_i_4_n_0
    SLICE_X46Y60         LUT6 (Prop_G6LUT_SLICEL_I0_O)
                                                      0.186     2.736 r  u_core/u_core/u_base/u_output_slice/u_partial_sum_bank/k_count_q[9]_i_2/O
                         net (fo=2, routed)           0.273     3.009    u_core/u_core/u_base/u_output_slice/u_partial_sum_bank/output_chunk_ready
    SLICE_X47Y57         LUT6 (Prop_H6LUT_SLICEL_I2_O)
                                                      0.058     3.067 r  u_core/u_core/u_base/u_output_slice/u_partial_sum_bank/k_count_q[9]_i_1/O
                         net (fo=115, routed)         0.374     3.441    u_core/u_core/u_issuer/p_0_in24_out
    SLICE_X47Y46         LUT6 (Prop_H6LUT_SLICEL_I5_O)
                                                      0.058     3.499 r  u_core/u_core/u_issuer/activation_block_q[0][63]_i_1/O
                         net (fo=64, routed)          0.807     4.306    u_core/u_core/u_issuer/activation_block_q[0][63]_i_1_n_0
    SLICE_X52Y45         FDRE                                         r  u_core/u_core/u_issuer/activation_block_q_reg[0][14]/CE
  -------------------------------------------------------------------    -------------------

                         (clock clk rise edge)        5.000     5.000 r  
                                                      0.000     5.000 r  clk (IN)
                         net (fo=5369, unset)         0.029     5.029    u_core/u_core/u_issuer/clk
    SLICE_X52Y45         FDRE                                         r  u_core/u_core/u_issuer/activation_block_q_reg[0][14]/C
                         clock pessimism              0.000     5.029    
                         clock uncertainty           -0.035     4.994    
    SLICE_X52Y45         FDRE (Setup_CFF_SLICEL_C_CE)
                                                     -0.079     4.915    u_core/u_core/u_issuer/activation_block_q_reg[0][14]
  -------------------------------------------------------------------
                         required time                          4.915    
                         arrival time                          -4.306    
  -------------------------------------------------------------------
                         slack                                  0.608    

Slack (MET) :             0.608ns  (required time - arrival time)
  Source:                 u_core/u_core/u_base/u_output_slice/u_partial_sum_bank/resident_n_lane_mask_reg[6]/C
                            (rising edge-triggered cell FDRE clocked by clk  {rise@0.000ns fall@2.500ns period=5.000ns})
  Destination:            u_core/u_core/u_issuer/activation_block_q_reg[0][54]/CE
                            (rising edge-triggered cell FDRE clocked by clk  {rise@0.000ns fall@2.500ns period=5.000ns})
  Path Group:             clk
  Path Type:              Setup (Max at Slow Process Corner)
  Requirement:            5.000ns  (clk rise@5.000ns - clk rise@0.000ns)
  Data Path Delay:        4.264ns  (logic 0.911ns (21.364%)  route 3.353ns (78.636%))
  Logic Levels:           7  (LUT5=1 LUT6=6)
  Clock Path Skew:        -0.013ns (DCD - SCD + CPR)
    Destination Clock Delay (DCD):    0.029ns = ( 5.029 - 5.000 ) 
    Source Clock Delay      (SCD):    0.042ns
    Clock Pessimism Removal (CPR):    0.000ns
  Clock Uncertainty:      0.035ns  ((TSJ^2 + TIJ^2)^1/2 + DJ) / 2 + PE
    Total System Jitter     (TSJ):    0.071ns
    Total Input Jitter      (TIJ):    0.000ns
    Discrete Jitter          (DJ):    0.000ns
    Phase Error              (PE):    0.000ns

    Location             Delay type                Incr(ns)  Path(ns)    Netlist Resource(s)
  -------------------------------------------------------------------    -------------------
                         (clock clk rise edge)        0.000     0.000 r  
                                                      0.000     0.000 r  clk (IN)
                         net (fo=5369, unset)         0.042     0.042    u_core/u_core/u_base/u_output_slice/u_partial_sum_bank/clk
    SLICE_X49Y59         FDRE                                         r  u_core/u_core/u_base/u_output_slice/u_partial_sum_bank/resident_n_lane_mask_reg[6]/C
  -------------------------------------------------------------------    -------------------
    SLICE_X49Y59         FDRE (Prop_EFF_SLICEL_C_Q)
                                                      0.114     0.156 r  u_core/u_core/u_base/u_output_slice/u_partial_sum_bank/resident_n_lane_mask_reg[6]/Q
                         net (fo=6, routed)           0.608     0.764    u_core/u_core/u_base/u_output_slice/u_partial_sum_bank/resident_n_lane_mask_reg_n_0_[6]
    SLICE_X47Y63         LUT6 (Prop_H6LUT_SLICEL_I3_O)
                                                      0.058     0.822 f  u_core/u_core/u_base/u_output_slice/u_partial_sum_bank/k_count_q[9]_i_42/O
                         net (fo=1, routed)           0.099     0.921    u_core/u_core/u_base/u_output_slice/u_partial_sum_bank/k_count_q[9]_i_42_n_0
    SLICE_X47Y63         LUT6 (Prop_D6LUT_SLICEL_I0_O)
                                                      0.152     1.073 f  u_core/u_core/u_base/u_output_slice/u_partial_sum_bank/k_count_q[9]_i_28/O
                         net (fo=1, routed)           0.200     1.273    u_core/u_core/u_base/u_output_slice/u_partial_sum_bank/k_count_q[9]_i_28_n_0
    SLICE_X47Y61         LUT6 (Prop_H6LUT_SLICEL_I0_O)
                                                      0.227     1.500 f  u_core/u_core/u_base/u_output_slice/u_partial_sum_bank/k_count_q[9]_i_12/O
                         net (fo=1, routed)           0.445     1.945    u_core/u_core/u_base/u_output_slice/u_partial_sum_bank/k_count_q[9]_i_12_n_0
    SLICE_X49Y60         LUT5 (Prop_H6LUT_SLICEL_I4_O)
                                                      0.058     2.003 f  u_core/u_core/u_base/u_output_slice/u_partial_sum_bank/k_count_q[9]_i_4/O
                         net (fo=1, routed)           0.547     2.550    u_core/u_core/u_base/u_output_slice/u_partial_sum_bank/k_count_q[9]_i_4_n_0
    SLICE_X46Y60         LUT6 (Prop_G6LUT_SLICEL_I0_O)
                                                      0.186     2.736 r  u_core/u_core/u_base/u_output_slice/u_partial_sum_bank/k_count_q[9]_i_2/O
                         net (fo=2, routed)           0.273     3.009    u_core/u_core/u_base/u_output_slice/u_partial_sum_bank/output_chunk_ready
    SLICE_X47Y57         LUT6 (Prop_H6LUT_SLICEL_I2_O)
                                                      0.058     3.067 r  u_core/u_core/u_base/u_output_slice/u_partial_sum_bank/k_count_q[9]_i_1/O
                         net (fo=115, routed)         0.374     3.441    u_core/u_core/u_issuer/p_0_in24_out
    SLICE_X47Y46         LUT6 (Prop_H6LUT_SLICEL_I5_O)
                                                      0.058     3.499 r  u_core/u_core/u_issuer/activation_block_q[0][63]_i_1/O
                         net (fo=64, routed)          0.807     4.306    u_core/u_core/u_issuer/activation_block_q[0][63]_i_1_n_0
    SLICE_X52Y45         FDRE                                         r  u_core/u_core/u_issuer/activation_block_q_reg[0][54]/CE
  -------------------------------------------------------------------    -------------------

                         (clock clk rise edge)        5.000     5.000 r  
                                                      0.000     5.000 r  clk (IN)
                         net (fo=5369, unset)         0.029     5.029    u_core/u_core/u_issuer/clk
    SLICE_X52Y45         FDRE                                         r  u_core/u_core/u_issuer/activation_block_q_reg[0][54]/C
                         clock pessimism              0.000     5.029    
                         clock uncertainty           -0.035     4.994    
    SLICE_X52Y45         FDRE (Setup_BFF_SLICEL_C_CE)
                                                     -0.079     4.915    u_core/u_core/u_issuer/activation_block_q_reg[0][54]
  -------------------------------------------------------------------
                         required time                          4.915    
                         arrival time                          -4.306    
  -------------------------------------------------------------------
                         slack                                  0.608    

Slack (MET) :             0.609ns  (required time - arrival time)
  Source:                 u_core/u_core/u_base/u_output_slice/u_partial_sum_bank/resident_n_lane_mask_reg[6]/C
                            (rising edge-triggered cell FDRE clocked by clk  {rise@0.000ns fall@2.500ns period=5.000ns})
  Destination:            u_core/u_core/u_issuer/activation_block_q_reg[0][15]/CE
                            (rising edge-triggered cell FDRE clocked by clk  {rise@0.000ns fall@2.500ns period=5.000ns})
  Path Group:             clk
  Path Type:              Setup (Max at Slow Process Corner)
  Requirement:            5.000ns  (clk rise@5.000ns - clk rise@0.000ns)
  Data Path Delay:        4.264ns  (logic 0.911ns (21.364%)  route 3.353ns (78.636%))
  Logic Levels:           7  (LUT5=1 LUT6=6)
  Clock Path Skew:        -0.013ns (DCD - SCD + CPR)
    Destination Clock Delay (DCD):    0.029ns = ( 5.029 - 5.000 ) 
    Source Clock Delay      (SCD):    0.042ns
    Clock Pessimism Removal (CPR):    0.000ns
  Clock Uncertainty:      0.035ns  ((TSJ^2 + TIJ^2)^1/2 + DJ) / 2 + PE
    Total System Jitter     (TSJ):    0.071ns
    Total Input Jitter      (TIJ):    0.000ns
    Discrete Jitter          (DJ):    0.000ns
    Phase Error              (PE):    0.000ns

    Location             Delay type                Incr(ns)  Path(ns)    Netlist Resource(s)
  -------------------------------------------------------------------    -------------------
                         (clock clk rise edge)        0.000     0.000 r  
                                                      0.000     0.000 r  clk (IN)
                         net (fo=5369, unset)         0.042     0.042    u_core/u_core/u_base/u_output_slice/u_partial_sum_bank/clk
    SLICE_X49Y59         FDRE                                         r  u_core/u_core/u_base/u_output_slice/u_partial_sum_bank/resident_n_lane_mask_reg[6]/C
  -------------------------------------------------------------------    -------------------
    SLICE_X49Y59         FDRE (Prop_EFF_SLICEL_C_Q)
                                                      0.114     0.156 r  u_core/u_core/u_base/u_output_slice/u_partial_sum_bank/resident_n_lane_mask_reg[6]/Q
                         net (fo=6, routed)           0.608     0.764    u_core/u_core/u_base/u_output_slice/u_partial_sum_bank/resident_n_lane_mask_reg_n_0_[6]
    SLICE_X47Y63         LUT6 (Prop_H6LUT_SLICEL_I3_O)
                                                      0.058     0.822 f  u_core/u_core/u_base/u_output_slice/u_partial_sum_bank/k_count_q[9]_i_42/O
                         net (fo=1, routed)           0.099     0.921    u_core/u_core/u_base/u_output_slice/u_partial_sum_bank/k_count_q[9]_i_42_n_0
    SLICE_X47Y63         LUT6 (Prop_D6LUT_SLICEL_I0_O)
                                                      0.152     1.073 f  u_core/u_core/u_base/u_output_slice/u_partial_sum_bank/k_count_q[9]_i_28/O
                         net (fo=1, routed)           0.200     1.273    u_core/u_core/u_base/u_output_slice/u_partial_sum_bank/k_count_q[9]_i_28_n_0
    SLICE_X47Y61         LUT6 (Prop_H6LUT_SLICEL_I0_O)
                                                      0.227     1.500 f  u_core/u_core/u_base/u_output_slice/u_partial_sum_bank/k_count_q[9]_i_12/O
                         net (fo=1, routed)           0.445     1.945    u_core/u_core/u_base/u_output_slice/u_partial_sum_bank/k_count_q[9]_i_12_n_0
    SLICE_X49Y60         LUT5 (Prop_H6LUT_SLICEL_I4_O)
                                                      0.058     2.003 f  u_core/u_core/u_base/u_output_slice/u_partial_sum_bank/k_count_q[9]_i_4/O
                         net (fo=1, routed)           0.547     2.550    u_core/u_core/u_base/u_output_slice/u_partial_sum_bank/k_count_q[9]_i_4_n_0
    SLICE_X46Y60         LUT6 (Prop_G6LUT_SLICEL_I0_O)
                                                      0.186     2.736 r  u_core/u_core/u_base/u_output_slice/u_partial_sum_bank/k_count_q[9]_i_2/O
                         net (fo=2, routed)           0.273     3.009    u_core/u_core/u_base/u_output_slice/u_partial_sum_bank/output_chunk_ready
    SLICE_X47Y57         LUT6 (Prop_H6LUT_SLICEL_I2_O)
                                                      0.058     3.067 r  u_core/u_core/u_base/u_output_slice/u_partial_sum_bank/k_count_q[9]_i_1/O
                         net (fo=115, routed)         0.374     3.441    u_core/u_core/u_issuer/p_0_in24_out
    SLICE_X47Y46         LUT6 (Prop_H6LUT_SLICEL_I5_O)
                                                      0.058     3.499 r  u_core/u_core/u_issuer/activation_block_q[0][63]_i_1/O
                         net (fo=64, routed)          0.807     4.306    u_core/u_core/u_issuer/activation_block_q[0][63]_i_1_n_0
    SLICE_X52Y45         FDRE                                         r  u_core/u_core/u_issuer/activation_block_q_reg[0][15]/CE
  -------------------------------------------------------------------    -------------------

                         (clock clk rise edge)        5.000     5.000 r  
                                                      0.000     5.000 r  clk (IN)
                         net (fo=5369, unset)         0.029     5.029    u_core/u_core/u_issuer/clk
    SLICE_X52Y45         FDRE                                         r  u_core/u_core/u_issuer/activation_block_q_reg[0][15]/C
                         clock pessimism              0.000     5.029    
                         clock uncertainty           -0.035     4.994    
    SLICE_X52Y45         FDRE (Setup_CFF2_SLICEL_C_CE)
                                                     -0.078     4.916    u_core/u_core/u_issuer/activation_block_q_reg[0][15]
  -------------------------------------------------------------------
                         required time                          4.916    
                         arrival time                          -4.306    
  -------------------------------------------------------------------
                         slack                                  0.609    

Slack (MET) :             0.609ns  (required time - arrival time)
  Source:                 u_core/u_core/u_base/u_output_slice/u_partial_sum_bank/resident_n_lane_mask_reg[6]/C
                            (rising edge-triggered cell FDRE clocked by clk  {rise@0.000ns fall@2.500ns period=5.000ns})
  Destination:            u_core/u_core/u_issuer/activation_block_q_reg[0][55]/CE
                            (rising edge-triggered cell FDRE clocked by clk  {rise@0.000ns fall@2.500ns period=5.000ns})
  Path Group:             clk
  Path Type:              Setup (Max at Slow Process Corner)
  Requirement:            5.000ns  (clk rise@5.000ns - clk rise@0.000ns)
  Data Path Delay:        4.264ns  (logic 0.911ns (21.364%)  route 3.353ns (78.636%))
  Logic Levels:           7  (LUT5=1 LUT6=6)
  Clock Path Skew:        -0.013ns (DCD - SCD + CPR)
    Destination Clock Delay (DCD):    0.029ns = ( 5.029 - 5.000 ) 
    Source Clock Delay      (SCD):    0.042ns
    Clock Pessimism Removal (CPR):    0.000ns
  Clock Uncertainty:      0.035ns  ((TSJ^2 + TIJ^2)^1/2 + DJ) / 2 + PE
    Total System Jitter     (TSJ):    0.071ns
    Total Input Jitter      (TIJ):    0.000ns
    Discrete Jitter          (DJ):    0.000ns
    Phase Error              (PE):    0.000ns

    Location             Delay type                Incr(ns)  Path(ns)    Netlist Resource(s)
  -------------------------------------------------------------------    -------------------
                         (clock clk rise edge)        0.000     0.000 r  
                                                      0.000     0.000 r  clk (IN)
                         net (fo=5369, unset)         0.042     0.042    u_core/u_core/u_base/u_output_slice/u_partial_sum_bank/clk
    SLICE_X49Y59         FDRE                                         r  u_core/u_core/u_base/u_output_slice/u_partial_sum_bank/resident_n_lane_mask_reg[6]/C
  -------------------------------------------------------------------    -------------------
    SLICE_X49Y59         FDRE (Prop_EFF_SLICEL_C_Q)
                                                      0.114     0.156 r  u_core/u_core/u_base/u_output_slice/u_partial_sum_bank/resident_n_lane_mask_reg[6]/Q
                         net (fo=6, routed)           0.608     0.764    u_core/u_core/u_base/u_output_slice/u_partial_sum_bank/resident_n_lane_mask_reg_n_0_[6]
    SLICE_X47Y63         LUT6 (Prop_H6LUT_SLICEL_I3_O)
                                                      0.058     0.822 f  u_core/u_core/u_base/u_output_slice/u_partial_sum_bank/k_count_q[9]_i_42/O
                         net (fo=1, routed)           0.099     0.921    u_core/u_core/u_base/u_output_slice/u_partial_sum_bank/k_count_q[9]_i_42_n_0
    SLICE_X47Y63         LUT6 (Prop_D6LUT_SLICEL_I0_O)
                                                      0.152     1.073 f  u_core/u_core/u_base/u_output_slice/u_partial_sum_bank/k_count_q[9]_i_28/O
                         net (fo=1, routed)           0.200     1.273    u_core/u_core/u_base/u_output_slice/u_partial_sum_bank/k_count_q[9]_i_28_n_0
    SLICE_X47Y61         LUT6 (Prop_H6LUT_SLICEL_I0_O)
                                                      0.227     1.500 f  u_core/u_core/u_base/u_output_slice/u_partial_sum_bank/k_count_q[9]_i_12/O
                         net (fo=1, routed)           0.445     1.945    u_core/u_core/u_base/u_output_slice/u_partial_sum_bank/k_count_q[9]_i_12_n_0
    SLICE_X49Y60         LUT5 (Prop_H6LUT_SLICEL_I4_O)
                                                      0.058     2.003 f  u_core/u_core/u_base/u_output_slice/u_partial_sum_bank/k_count_q[9]_i_4/O
                         net (fo=1, routed)           0.547     2.550    u_core/u_core/u_base/u_output_slice/u_partial_sum_bank/k_count_q[9]_i_4_n_0
    SLICE_X46Y60         LUT6 (Prop_G6LUT_SLICEL_I0_O)
                                                      0.186     2.736 r  u_core/u_core/u_base/u_output_slice/u_partial_sum_bank/k_count_q[9]_i_2/O
                         net (fo=2, routed)           0.273     3.009    u_core/u_core/u_base/u_output_slice/u_partial_sum_bank/output_chunk_ready
    SLICE_X47Y57         LUT6 (Prop_H6LUT_SLICEL_I2_O)
                                                      0.058     3.067 r  u_core/u_core/u_base/u_output_slice/u_partial_sum_bank/k_count_q[9]_i_1/O
                         net (fo=115, routed)         0.374     3.441    u_core/u_core/u_issuer/p_0_in24_out
    SLICE_X47Y46         LUT6 (Prop_H6LUT_SLICEL_I5_O)
                                                      0.058     3.499 r  u_core/u_core/u_issuer/activation_block_q[0][63]_i_1/O
                         net (fo=64, routed)          0.807     4.306    u_core/u_core/u_issuer/activation_block_q[0][63]_i_1_n_0
    SLICE_X52Y45         FDRE                                         r  u_core/u_core/u_issuer/activation_block_q_reg[0][55]/CE
  -------------------------------------------------------------------    -------------------

                         (clock clk rise edge)        5.000     5.000 r  
                                                      0.000     5.000 r  clk (IN)
                         net (fo=5369, unset)         0.029     5.029    u_core/u_core/u_issuer/clk
    SLICE_X52Y45         FDRE                                         r  u_core/u_core/u_issuer/activation_block_q_reg[0][55]/C
                         clock pessimism              0.000     5.029    
                         clock uncertainty           -0.035     4.994    
    SLICE_X52Y45         FDRE (Setup_BFF2_SLICEL_C_CE)
                                                     -0.078     4.916    u_core/u_core/u_issuer/activation_block_q_reg[0][55]
  -------------------------------------------------------------------
                         required time                          4.916    
                         arrival time                          -4.306    
  -------------------------------------------------------------------
                         slack                                  0.609    

Slack (MET) :             0.624ns  (required time - arrival time)
  Source:                 u_core/u_core/u_base/u_output_slice/u_partial_sum_bank/resident_n_lane_mask_reg[6]/C
                            (rising edge-triggered cell FDRE clocked by clk  {rise@0.000ns fall@2.500ns period=5.000ns})
  Destination:            u_core/u_core/u_issuer/activation_block_q_reg[3][46]/CE
                            (rising edge-triggered cell FDRE clocked by clk  {rise@0.000ns fall@2.500ns period=5.000ns})
  Path Group:             clk
  Path Type:              Setup (Max at Slow Process Corner)
  Requirement:            5.000ns  (clk rise@5.000ns - clk rise@0.000ns)
  Data Path Delay:        4.249ns  (logic 0.909ns (21.393%)  route 3.340ns (78.607%))
  Logic Levels:           7  (LUT5=1 LUT6=6)
  Clock Path Skew:        -0.012ns (DCD - SCD + CPR)
    Destination Clock Delay (DCD):    0.030ns = ( 5.030 - 5.000 ) 
    Source Clock Delay      (SCD):    0.042ns
    Clock Pessimism Removal (CPR):    0.000ns
  Clock Uncertainty:      0.035ns  ((TSJ^2 + TIJ^2)^1/2 + DJ) / 2 + PE
    Total System Jitter     (TSJ):    0.071ns
    Total Input Jitter      (TIJ):    0.000ns
    Discrete Jitter          (DJ):    0.000ns
    Phase Error              (PE):    0.000ns

    Location             Delay type                Incr(ns)  Path(ns)    Netlist Resource(s)
  -------------------------------------------------------------------    -------------------
                         (clock clk rise edge)        0.000     0.000 r  
                                                      0.000     0.000 r  clk (IN)
                         net (fo=5369, unset)         0.042     0.042    u_core/u_core/u_base/u_output_slice/u_partial_sum_bank/clk
    SLICE_X49Y59         FDRE                                         r  u_core/u_core/u_base/u_output_slice/u_partial_sum_bank/resident_n_lane_mask_reg[6]/C
  -------------------------------------------------------------------    -------------------
    SLICE_X49Y59         FDRE (Prop_EFF_SLICEL_C_Q)
                                                      0.114     0.156 r  u_core/u_core/u_base/u_output_slice/u_partial_sum_bank/resident_n_lane_mask_reg[6]/Q
                         net (fo=6, routed)           0.608     0.764    u_core/u_core/u_base/u_output_slice/u_partial_sum_bank/resident_n_lane_mask_reg_n_0_[6]
    SLICE_X47Y63         LUT6 (Prop_H6LUT_SLICEL_I3_O)
                                                      0.058     0.822 f  u_core/u_core/u_base/u_output_slice/u_partial_sum_bank/k_count_q[9]_i_42/O
                         net (fo=1, routed)           0.099     0.921    u_core/u_core/u_base/u_output_slice/u_partial_sum_bank/k_count_q[9]_i_42_n_0
    SLICE_X47Y63         LUT6 (Prop_D6LUT_SLICEL_I0_O)
                                                      0.152     1.073 f  u_core/u_core/u_base/u_output_slice/u_partial_sum_bank/k_count_q[9]_i_28/O
                         net (fo=1, routed)           0.200     1.273    u_core/u_core/u_base/u_output_slice/u_partial_sum_bank/k_count_q[9]_i_28_n_0
    SLICE_X47Y61         LUT6 (Prop_H6LUT_SLICEL_I0_O)
                                                      0.227     1.500 f  u_core/u_core/u_base/u_output_slice/u_partial_sum_bank/k_count_q[9]_i_12/O
                         net (fo=1, routed)           0.445     1.945    u_core/u_core/u_base/u_output_slice/u_partial_sum_bank/k_count_q[9]_i_12_n_0
    SLICE_X49Y60         LUT5 (Prop_H6LUT_SLICEL_I4_O)
                                                      0.058     2.003 f  u_core/u_core/u_base/u_output_slice/u_partial_sum_bank/k_count_q[9]_i_4/O
                         net (fo=1, routed)           0.547     2.550    u_core/u_core/u_base/u_output_slice/u_partial_sum_bank/k_count_q[9]_i_4_n_0
    SLICE_X46Y60         LUT6 (Prop_G6LUT_SLICEL_I0_O)
                                                      0.186     2.736 r  u_core/u_core/u_base/u_output_slice/u_partial_sum_bank/k_count_q[9]_i_2/O
                         net (fo=2, routed)           0.273     3.009    u_core/u_core/u_base/u_output_slice/u_partial_sum_bank/output_chunk_ready
    SLICE_X47Y57         LUT6 (Prop_H6LUT_SLICEL_I2_O)
                                                      0.058     3.067 r  u_core/u_core/u_base/u_output_slice/u_partial_sum_bank/k_count_q[9]_i_1/O
                         net (fo=115, routed)         0.310     3.377    u_core/u_core/u_issuer/p_0_in24_out
    SLICE_X48Y51         LUT6 (Prop_F6LUT_SLICEL_I4_O)
                                                      0.056     3.433 r  u_core/u_core/u_issuer/activation_block_q[3][63]_i_1/O
                         net (fo=64, routed)          0.858     4.291    u_core/u_core/u_issuer/activation_block_q[3][63]_i_1_n_0
    SLICE_X53Y50         FDRE                                         r  u_core/u_core/u_issuer/activation_block_q_reg[3][46]/CE
  -------------------------------------------------------------------    -------------------

                         (clock clk rise edge)        5.000     5.000 r  
                                                      0.000     5.000 r  clk (IN)
                         net (fo=5369, unset)         0.030     5.030    u_core/u_core/u_issuer/clk
    SLICE_X53Y50         FDRE                                         r  u_core/u_core/u_issuer/activation_block_q_reg[3][46]/C
                         clock pessimism              0.000     5.030    
                         clock uncertainty           -0.035     4.995    
    SLICE_X53Y50         FDRE (Setup_DFF_SLICEM_C_CE)
                                                     -0.080     4.915    u_core/u_core/u_issuer/activation_block_q_reg[3][46]
  -------------------------------------------------------------------
                         required time                          4.915    
                         arrival time                          -4.291    
  -------------------------------------------------------------------
                         slack                                  0.624    

Slack (MET) :             0.624ns  (required time - arrival time)
  Source:                 u_core/u_core/u_base/u_output_slice/u_partial_sum_bank/resident_n_lane_mask_reg[6]/C
                            (rising edge-triggered cell FDRE clocked by clk  {rise@0.000ns fall@2.500ns period=5.000ns})
  Destination:            u_core/u_core/u_issuer/activation_block_q_reg[3][57]/CE
                            (rising edge-triggered cell FDRE clocked by clk  {rise@0.000ns fall@2.500ns period=5.000ns})
  Path Group:             clk
  Path Type:              Setup (Max at Slow Process Corner)
  Requirement:            5.000ns  (clk rise@5.000ns - clk rise@0.000ns)
  Data Path Delay:        4.249ns  (logic 0.909ns (21.393%)  route 3.340ns (78.607%))
  Logic Levels:           7  (LUT5=1 LUT6=6)
  Clock Path Skew:        -0.012ns (DCD - SCD + CPR)
    Destination Clock Delay (DCD):    0.030ns = ( 5.030 - 5.000 ) 
    Source Clock Delay      (SCD):    0.042ns
    Clock Pessimism Removal (CPR):    0.000ns
  Clock Uncertainty:      0.035ns  ((TSJ^2 + TIJ^2)^1/2 + DJ) / 2 + PE
    Total System Jitter     (TSJ):    0.071ns
    Total Input Jitter      (TIJ):    0.000ns
    Discrete Jitter          (DJ):    0.000ns
    Phase Error              (PE):    0.000ns

    Location             Delay type                Incr(ns)  Path(ns)    Netlist Resource(s)
  -------------------------------------------------------------------    -------------------
                         (clock clk rise edge)        0.000     0.000 r  
                                                      0.000     0.000 r  clk (IN)
                         net (fo=5369, unset)         0.042     0.042    u_core/u_core/u_base/u_output_slice/u_partial_sum_bank/clk
    SLICE_X49Y59         FDRE                                         r  u_core/u_core/u_base/u_output_slice/u_partial_sum_bank/resident_n_lane_mask_reg[6]/C
  -------------------------------------------------------------------    -------------------
    SLICE_X49Y59         FDRE (Prop_EFF_SLICEL_C_Q)
                                                      0.114     0.156 r  u_core/u_core/u_base/u_output_slice/u_partial_sum_bank/resident_n_lane_mask_reg[6]/Q
                         net (fo=6, routed)           0.608     0.764    u_core/u_core/u_base/u_output_slice/u_partial_sum_bank/resident_n_lane_mask_reg_n_0_[6]
    SLICE_X47Y63         LUT6 (Prop_H6LUT_SLICEL_I3_O)
                                                      0.058     0.822 f  u_core/u_core/u_base/u_output_slice/u_partial_sum_bank/k_count_q[9]_i_42/O
                         net (fo=1, routed)           0.099     0.921    u_core/u_core/u_base/u_output_slice/u_partial_sum_bank/k_count_q[9]_i_42_n_0
    SLICE_X47Y63         LUT6 (Prop_D6LUT_SLICEL_I0_O)
                                                      0.152     1.073 f  u_core/u_core/u_base/u_output_slice/u_partial_sum_bank/k_count_q[9]_i_28/O
                         net (fo=1, routed)           0.200     1.273    u_core/u_core/u_base/u_output_slice/u_partial_sum_bank/k_count_q[9]_i_28_n_0
    SLICE_X47Y61         LUT6 (Prop_H6LUT_SLICEL_I0_O)
                                                      0.227     1.500 f  u_core/u_core/u_base/u_output_slice/u_partial_sum_bank/k_count_q[9]_i_12/O
                         net (fo=1, routed)           0.445     1.945    u_core/u_core/u_base/u_output_slice/u_partial_sum_bank/k_count_q[9]_i_12_n_0
    SLICE_X49Y60         LUT5 (Prop_H6LUT_SLICEL_I4_O)
                                                      0.058     2.003 f  u_core/u_core/u_base/u_output_slice/u_partial_sum_bank/k_count_q[9]_i_4/O
                         net (fo=1, routed)           0.547     2.550    u_core/u_core/u_base/u_output_slice/u_partial_sum_bank/k_count_q[9]_i_4_n_0
    SLICE_X46Y60         LUT6 (Prop_G6LUT_SLICEL_I0_O)
                                                      0.186     2.736 r  u_core/u_core/u_base/u_output_slice/u_partial_sum_bank/k_count_q[9]_i_2/O
                         net (fo=2, routed)           0.273     3.009    u_core/u_core/u_base/u_output_slice/u_partial_sum_bank/output_chunk_ready
    SLICE_X47Y57         LUT6 (Prop_H6LUT_SLICEL_I2_O)
                                                      0.058     3.067 r  u_core/u_core/u_base/u_output_slice/u_partial_sum_bank/k_count_q[9]_i_1/O
                         net (fo=115, routed)         0.310     3.377    u_core/u_core/u_issuer/p_0_in24_out
    SLICE_X48Y51         LUT6 (Prop_F6LUT_SLICEL_I4_O)
                                                      0.056     3.433 r  u_core/u_core/u_issuer/activation_block_q[3][63]_i_1/O
                         net (fo=64, routed)          0.858     4.291    u_core/u_core/u_issuer/activation_block_q[3][63]_i_1_n_0
    SLICE_X53Y50         FDRE                                         r  u_core/u_core/u_issuer/activation_block_q_reg[3][57]/CE
  -------------------------------------------------------------------    -------------------

                         (clock clk rise edge)        5.000     5.000 r  
                                                      0.000     5.000 r  clk (IN)
                         net (fo=5369, unset)         0.030     5.030    u_core/u_core/u_issuer/clk
    SLICE_X53Y50         FDRE                                         r  u_core/u_core/u_issuer/activation_block_q_reg[3][57]/C
                         clock pessimism              0.000     5.030    
                         clock uncertainty           -0.035     4.995    
    SLICE_X53Y50         FDRE (Setup_CFF_SLICEM_C_CE)
                                                     -0.080     4.915    u_core/u_core/u_issuer/activation_block_q_reg[3][57]
  -------------------------------------------------------------------
                         required time                          4.915    
                         arrival time                          -4.291    
  -------------------------------------------------------------------
                         slack                                  0.624    

Slack (MET) :             0.624ns  (required time - arrival time)
  Source:                 u_core/u_core/u_base/u_output_slice/u_partial_sum_bank/resident_n_lane_mask_reg[6]/C
                            (rising edge-triggered cell FDRE clocked by clk  {rise@0.000ns fall@2.500ns period=5.000ns})
  Destination:            u_core/u_core/u_issuer/activation_block_q_reg[3][47]/CE
                            (rising edge-triggered cell FDRE clocked by clk  {rise@0.000ns fall@2.500ns period=5.000ns})
  Path Group:             clk
  Path Type:              Setup (Max at Slow Process Corner)
  Requirement:            5.000ns  (clk rise@5.000ns - clk rise@0.000ns)
  Data Path Delay:        4.250ns  (logic 0.909ns (21.388%)  route 3.341ns (78.612%))
  Logic Levels:           7  (LUT5=1 LUT6=6)
  Clock Path Skew:        -0.012ns (DCD - SCD + CPR)
    Destination Clock Delay (DCD):    0.030ns = ( 5.030 - 5.000 ) 
    Source Clock Delay      (SCD):    0.042ns
    Clock Pessimism Removal (CPR):    0.000ns
  Clock Uncertainty:      0.035ns  ((TSJ^2 + TIJ^2)^1/2 + DJ) / 2 + PE
    Total System Jitter     (TSJ):    0.071ns
    Total Input Jitter      (TIJ):    0.000ns
    Discrete Jitter          (DJ):    0.000ns
    Phase Error              (PE):    0.000ns

    Location             Delay type                Incr(ns)  Path(ns)    Netlist Resource(s)
  -------------------------------------------------------------------    -------------------
                         (clock clk rise edge)        0.000     0.000 r  
                                                      0.000     0.000 r  clk (IN)
                         net (fo=5369, unset)         0.042     0.042    u_core/u_core/u_base/u_output_slice/u_partial_sum_bank/clk
    SLICE_X49Y59         FDRE                                         r  u_core/u_core/u_base/u_output_slice/u_partial_sum_bank/resident_n_lane_mask_reg[6]/C
  -------------------------------------------------------------------    -------------------
    SLICE_X49Y59         FDRE (Prop_EFF_SLICEL_C_Q)
                                                      0.114     0.156 r  u_core/u_core/u_base/u_output_slice/u_partial_sum_bank/resident_n_lane_mask_reg[6]/Q
                         net (fo=6, routed)           0.608     0.764    u_core/u_core/u_base/u_output_slice/u_partial_sum_bank/resident_n_lane_mask_reg_n_0_[6]
    SLICE_X47Y63         LUT6 (Prop_H6LUT_SLICEL_I3_O)
                                                      0.058     0.822 f  u_core/u_core/u_base/u_output_slice/u_partial_sum_bank/k_count_q[9]_i_42/O
                         net (fo=1, routed)           0.099     0.921    u_core/u_core/u_base/u_output_slice/u_partial_sum_bank/k_count_q[9]_i_42_n_0
    SLICE_X47Y63         LUT6 (Prop_D6LUT_SLICEL_I0_O)
                                                      0.152     1.073 f  u_core/u_core/u_base/u_output_slice/u_partial_sum_bank/k_count_q[9]_i_28/O
                         net (fo=1, routed)           0.200     1.273    u_core/u_core/u_base/u_output_slice/u_partial_sum_bank/k_count_q[9]_i_28_n_0
    SLICE_X47Y61         LUT6 (Prop_H6LUT_SLICEL_I0_O)
                                                      0.227     1.500 f  u_core/u_core/u_base/u_output_slice/u_partial_sum_bank/k_count_q[9]_i_12/O
                         net (fo=1, routed)           0.445     1.945    u_core/u_core/u_base/u_output_slice/u_partial_sum_bank/k_count_q[9]_i_12_n_0
    SLICE_X49Y60         LUT5 (Prop_H6LUT_SLICEL_I4_O)
                                                      0.058     2.003 f  u_core/u_core/u_base/u_output_slice/u_partial_sum_bank/k_count_q[9]_i_4/O
                         net (fo=1, routed)           0.547     2.550    u_core/u_core/u_base/u_output_slice/u_partial_sum_bank/k_count_q[9]_i_4_n_0
    SLICE_X46Y60         LUT6 (Prop_G6LUT_SLICEL_I0_O)
                                                      0.186     2.736 r  u_core/u_core/u_base/u_output_slice/u_partial_sum_bank/k_count_q[9]_i_2/O
                         net (fo=2, routed)           0.273     3.009    u_core/u_core/u_base/u_output_slice/u_partial_sum_bank/output_chunk_ready
    SLICE_X47Y57         LUT6 (Prop_H6LUT_SLICEL_I2_O)
                                                      0.058     3.067 r  u_core/u_core/u_base/u_output_slice/u_partial_sum_bank/k_count_q[9]_i_1/O
                         net (fo=115, routed)         0.310     3.377    u_core/u_core/u_issuer/p_0_in24_out
    SLICE_X48Y51         LUT6 (Prop_F6LUT_SLICEL_I4_O)
                                                      0.056     3.433 r  u_core/u_core/u_issuer/activation_block_q[3][63]_i_1/O
                         net (fo=64, routed)          0.859     4.292    u_core/u_core/u_issuer/activation_block_q[3][63]_i_1_n_0
    SLICE_X53Y50         FDRE                                         r  u_core/u_core/u_issuer/activation_block_q_reg[3][47]/CE
  -------------------------------------------------------------------    -------------------

                         (clock clk rise edge)        5.000     5.000 r  
                                                      0.000     5.000 r  clk (IN)
                         net (fo=5369, unset)         0.030     5.030    u_core/u_core/u_issuer/clk
    SLICE_X53Y50         FDRE                                         r  u_core/u_core/u_issuer/activation_block_q_reg[3][47]/C
                         clock pessimism              0.000     5.030    
                         clock uncertainty           -0.035     4.995    
    SLICE_X53Y50         FDRE (Setup_DFF2_SLICEM_C_CE)
                                                     -0.079     4.916    u_core/u_core/u_issuer/activation_block_q_reg[3][47]
  -------------------------------------------------------------------
                         required time                          4.916    
                         arrival time                          -4.292    
  -------------------------------------------------------------------
                         slack                                  0.624    




