Copyright 1986-2022 Xilinx, Inc. All Rights Reserved. Copyright 2022-2024 Advanced Micro Devices, Inc. All Rights Reserved.
----------------------------------------------------------------------------------------------------------------------------------------------------------------------------------------------------------------------------------------------------------------------------
| Tool Version      : Vivado v.2024.1 (lin64) Build 5076996 Wed May 22 18:36:09 MDT 2024
| Date              : Thu Sep  3 17:58:15 2026
| Host              : yundodo running 64-bit unknown
| Command           : report_timing_summary -delay_type min_max -check_timing_verbose -max_paths 20 -file /home/dodo/Documents/Codex/2026-08-31/kv260-alexnet-rtl/alexnet/reports/m4n8_rs_dma_activation_resident_weight_dual_accum_datapath/200mhz/impl_timing_summary.rpt
| Design            : alexnet_m4n8_rs_dma_activation_resident_weight_dual_accum_datapath
| Device            : xck26-sfvc784
| Speed File        : -2LV  PRODUCTION 1.30 05-15-2022
| Design State      : Routed
| Temperature Grade : C
----------------------------------------------------------------------------------------------------------------------------------------------------------------------------------------------------------------------------------------------------------------------------

Timing Summary Report

------------------------------------------------------------------------------------------------
| Timer Settings
| --------------
------------------------------------------------------------------------------------------------

  Enable Multi Corner Analysis               :  Yes
  Enable Pessimism Removal                   :  Yes
  Pessimism Removal Resolution               :  Nearest Common Node
  Enable Input Delay Default Clock           :  No
  Enable Preset / Clear Arcs                 :  No
  Disable Flight Delays                      :  No
  Ignore I/O Paths                           :  No
  Timing Early Launch at Borrowing Latches   :  No
  Borrow Time for Max Delay Exceptions       :  Yes
  Merge Timing Exceptions                    :  Yes
  Inter-SLR Compensation                     :  Conservative

  Corner  Analyze    Analyze    
  Name    Max Paths  Min Paths  
  ------  ---------  ---------  
  Slow    Yes        Yes        
  Fast    Yes        Yes        


------------------------------------------------------------------------------------------------
| Report Methodology
| ------------------
------------------------------------------------------------------------------------------------

No report available as report_methodology has not been run prior. Run report_methodology on the current design for the summary of methodology violations.



check_timing report

Table of Contents
-----------------
1. checking no_clock (0)
2. checking constant_clock (0)
3. checking pulse_width_clock (0)
4. checking unconstrained_internal_endpoints (0)
5. checking no_input_delay (0)
6. checking no_output_delay (0)
7. checking multiple_clock (0)
8. checking generated_clocks (0)
9. checking loops (0)
10. checking partial_input_delay (0)
11. checking partial_output_delay (0)
12. checking latch_loops (0)

1. checking no_clock (0)
------------------------
 There are 0 register/latch pins with no clock.


2. checking constant_clock (0)
------------------------------
 There are 0 register/latch pins with constant_clock.


3. checking pulse_width_clock (0)
---------------------------------
 There are 0 register/latch pins which need pulse_width check


4. checking unconstrained_internal_endpoints (0)
------------------------------------------------
 There are 0 pins that are not constrained for maximum delay.

 There are 0 pins that are not constrained for maximum delay due to constant clock.


5. checking no_input_delay (0)
------------------------------
 There are 0 input ports with no input delay specified.

 There are 0 input ports with no input delay but user has a false path constraint.


6. checking no_output_delay (0)
-------------------------------
 There are 0 ports with no output delay specified.

 There are 0 ports with no output delay but user has a false path constraint

 There are 0 ports with no output delay but with a timing clock defined on it or propagating through it


7. checking multiple_clock (0)
------------------------------
 There are 0 register/latch pins with multiple clocks.


8. checking generated_clocks (0)
--------------------------------
 There are 0 generated clocks that are not connected to a clock source.


9. checking loops (0)
---------------------
 There are 0 combinational loops in the design.


10. checking partial_input_delay (0)
------------------------------------
 There are 0 input ports with partial input delay specified.


11. checking partial_output_delay (0)
-------------------------------------
 There are 0 ports with partial output delay specified.


12. checking latch_loops (0)
----------------------------
 There are 0 combinational latch loops in the design through latch input



------------------------------------------------------------------------------------------------
| Design Timing Summary
| ---------------------
------------------------------------------------------------------------------------------------

    WNS(ns)      TNS(ns)  TNS Failing Endpoints  TNS Total Endpoints      WHS(ns)      THS(ns)  THS Failing Endpoints  THS Total Endpoints     WPWS(ns)     TPWS(ns)  TPWS Failing Endpoints  TPWS Total Endpoints  
    -------      -------  ---------------------  -------------------      -------      -------  ---------------------  -------------------     --------     --------  ----------------------  --------------------  
      0.289        0.000                      0                25006        0.046        0.000                      0                25006        1.738        0.000                       0                  5889  


All user specified timing constraints are met.


------------------------------------------------------------------------------------------------
| Clock Summary
| -------------
------------------------------------------------------------------------------------------------

Clock  Waveform(ns)         Period(ns)      Frequency(MHz)
-----  ------------         ----------      --------------
clk    {0.000 2.500}        5.000           200.000         


------------------------------------------------------------------------------------------------
| Intra Clock Table
| -----------------
------------------------------------------------------------------------------------------------

Clock             WNS(ns)      TNS(ns)  TNS Failing Endpoints  TNS Total Endpoints      WHS(ns)      THS(ns)  THS Failing Endpoints  THS Total Endpoints     WPWS(ns)     TPWS(ns)  TPWS Failing Endpoints  TPWS Total Endpoints  
-----             -------      -------  ---------------------  -------------------      -------      -------  ---------------------  -------------------     --------     --------  ----------------------  --------------------  
clk                 0.289        0.000                      0                25006        0.046        0.000                      0                25006        1.738        0.000                       0                  5889  


------------------------------------------------------------------------------------------------
| Inter Clock Table
| -----------------
------------------------------------------------------------------------------------------------

From Clock    To Clock          WNS(ns)      TNS(ns)  TNS Failing Endpoints  TNS Total Endpoints      WHS(ns)      THS(ns)  THS Failing Endpoints  THS Total Endpoints  
----------    --------          -------      -------  ---------------------  -------------------      -------      -------  ---------------------  -------------------  


------------------------------------------------------------------------------------------------
| Other Path Groups Table
| -----------------------
------------------------------------------------------------------------------------------------

Path Group    From Clock    To Clock          WNS(ns)      TNS(ns)  TNS Failing Endpoints  TNS Total Endpoints      WHS(ns)      THS(ns)  THS Failing Endpoints  THS Total Endpoints  
----------    ----------    --------          -------      -------  ---------------------  -------------------      -------      -------  ---------------------  -------------------  


------------------------------------------------------------------------------------------------
| Timing Details
| --------------
------------------------------------------------------------------------------------------------


---------------------------------------------------------------------------------------------------
From Clock:  clk
  To Clock:  clk

Setup :            0  Failing Endpoints,  Worst Slack        0.289ns,  Total Violation        0.000ns
Hold  :            0  Failing Endpoints,  Worst Slack        0.046ns,  Total Violation        0.000ns
PW    :            0  Failing Endpoints,  Worst Slack        1.738ns,  Total Violation        0.000ns
---------------------------------------------------------------------------------------------------


Max Delay Paths
--------------------------------------------------------------------------------------
Slack (MET) :             0.289ns  (required time - arrival time)
  Source:                 u_datapath/u_core/u_accum_base_datapath/u_output_slice/resident_tile_tag_base_q_reg[4]/C
                            (rising edge-triggered cell FDRE clocked by clk  {rise@0.000ns fall@2.500ns period=5.000ns})
  Destination:            u_datapath/u_core/u_accum_base_datapath/u_output_slice/u_partial_sum_bank_pair/g_segment[0].u_bank/mem_reg_2/DINADIN[30]
                            (rising edge-triggered cell RAMB36E2 clocked by clk  {rise@0.000ns fall@2.500ns period=5.000ns})
  Path Group:             clk
  Path Type:              Setup (Max at Slow Process Corner)
  Requirement:            5.000ns  (clk rise@5.000ns - clk rise@0.000ns)
  Data Path Delay:        4.150ns  (logic 1.396ns (33.642%)  route 2.754ns (66.358%))
  Logic Levels:           10  (CARRY8=2 LUT2=1 LUT5=3 LUT6=4)
  Clock Path Skew:        0.005ns (DCD - SCD + CPR)
    Destination Clock Delay (DCD):    0.048ns = ( 5.048 - 5.000 ) 
    Source Clock Delay      (SCD):    0.043ns
    Clock Pessimism Removal (CPR):    0.000ns
  Clock Uncertainty:      0.035ns  ((TSJ^2 + TIJ^2)^1/2 + DJ) / 2 + PE
    Total System Jitter     (TSJ):    0.071ns
    Total Input Jitter      (TIJ):    0.000ns
    Discrete Jitter          (DJ):    0.000ns
    Phase Error              (PE):    0.000ns

    Location             Delay type                Incr(ns)  Path(ns)    Netlist Resource(s)
  -------------------------------------------------------------------    -------------------
                         (clock clk rise edge)        0.000     0.000 r  
                                                      0.000     0.000 r  clk (IN)
                         net (fo=5992, unset)         0.043     0.043    u_datapath/u_core/u_accum_base_datapath/u_output_slice/clk
    SLICE_X29Y37         FDRE                                         r  u_datapath/u_core/u_accum_base_datapath/u_output_slice/resident_tile_tag_base_q_reg[4]/C
  -------------------------------------------------------------------    -------------------
    SLICE_X29Y37         FDRE (Prop_EFF2_SLICEM_C_Q)
                                                      0.118     0.161 r  u_datapath/u_core/u_accum_base_datapath/u_output_slice/resident_tile_tag_base_q_reg[4]/Q
                         net (fo=5, routed)           0.209     0.370    u_datapath/u_core/u_accum_base_datapath/u_output_slice/u_partial_sum_bank_pair/g_segment[0].u_bank/words_accepted_reg[10]_i_18_0[4]
    SLICE_X29Y37         LUT2 (Prop_E6LUT_SLICEM_I0_O)
                                                      0.187     0.557 r  u_datapath/u_core/u_accum_base_datapath/u_output_slice/u_partial_sum_bank_pair/g_segment[0].u_bank/words_accepted[10]_i_26/O
                         net (fo=1, routed)           0.018     0.575    u_datapath/u_core/u_accum_base_datapath/u_output_slice/u_partial_sum_bank_pair/g_segment[0].u_bank/words_accepted[10]_i_26_n_0
    SLICE_X29Y37         CARRY8 (Prop_CARRY8_SLICEM_S[4]_CO[7])
                                                      0.236     0.811 r  u_datapath/u_core/u_accum_base_datapath/u_output_slice/u_partial_sum_bank_pair/g_segment[0].u_bank/words_accepted_reg[10]_i_16/CO[7]
                         net (fo=1, routed)           0.030     0.841    u_datapath/u_core/u_accum_base_datapath/u_output_slice/u_partial_sum_bank_pair/g_segment[0].u_bank/words_accepted_reg[10]_i_16_n_0
    SLICE_X29Y38         CARRY8 (Prop_CARRY8_SLICEM_CI_O[4])
                                                      0.119     0.960 r  u_datapath/u_core/u_accum_base_datapath/u_output_slice/u_partial_sum_bank_pair/g_segment[0].u_bank/words_accepted_reg[10]_i_18/O[4]
                         net (fo=1, routed)           0.191     1.151    u_datapath/u_core/u_accum_base_datapath/u_output_slice/u_scanner/scanner_metadata_match1[12]
    SLICE_X28Y38         LUT6 (Prop_B6LUT_SLICEM_I2_O)
                                                      0.225     1.376 r  u_datapath/u_core/u_accum_base_datapath/u_output_slice/u_scanner/words_accepted[10]_i_19/O
                         net (fo=1, routed)           0.055     1.431    u_datapath/u_core/u_accum_base_datapath/u_output_slice/u_scanner/words_accepted[10]_i_19_n_0
    SLICE_X28Y38         LUT6 (Prop_G6LUT_SLICEM_I2_O)
                                                      0.152     1.583 r  u_datapath/u_core/u_accum_base_datapath/u_output_slice/u_scanner/words_accepted[10]_i_8/O
                         net (fo=1, routed)           0.215     1.798    u_datapath/u_core/u_accum_base_datapath/u_output_slice/u_scanner/words_accepted[10]_i_8_n_0
    SLICE_X32Y38         LUT6 (Prop_E6LUT_SLICEM_I5_O)
                                                      0.083     1.881 r  u_datapath/u_core/u_accum_base_datapath/u_output_slice/u_scanner/words_accepted[10]_i_3/O
                         net (fo=9, routed)           0.256     2.137    u_datapath/u_core/u_accum_base_datapath/u_output_slice/u_partial_sum_bank_pair/g_segment[1].u_bank/ingress_raster_x_q_reg[7]
    SLICE_X33Y46         LUT6 (Prop_D6LUT_SLICEL_I5_O)
                                                      0.057     2.194 f  u_datapath/u_core/u_accum_base_datapath/u_output_slice/u_partial_sum_bank_pair/g_segment[1].u_bank/mem_reg_0_i_166/O
                         net (fo=4, routed)           0.376     2.570    u_datapath/u_core/u_accum_base_datapath/u_output_slice/u_partial_sum_bank_pair/g_segment[0].u_bank/mem_reg_0_0
    SLICE_X37Y50         LUT5 (Prop_F6LUT_SLICEM_I0_O)
                                                      0.056     2.626 f  u_datapath/u_core/u_accum_base_datapath/u_output_slice/u_partial_sum_bank_pair/g_segment[0].u_bank/mem_reg_0_i_96__0/O
                         net (fo=16, routed)          0.062     2.688    u_datapath/u_core/u_accum_base_datapath/u_output_slice/u_partial_sum_bank_pair/g_segment[0].u_bank/mem_reg_0_i_96__0_n_0
    SLICE_X37Y50         LUT5 (Prop_G6LUT_SLICEM_I3_O)
                                                      0.082     2.770 r  u_datapath/u_core/u_accum_base_datapath/u_output_slice/u_partial_sum_bank_pair/g_segment[0].u_bank/mem_reg_0_i_99/O
                         net (fo=265, routed)         0.648     3.418    u_datapath/u_core/u_accum_base_datapath/u_output_slice/u_partial_sum_bank_pair/g_segment[0].u_bank/mem_reg_0_i_99_n_0
    SLICE_X46Y57         LUT5 (Prop_F6LUT_SLICEL_I4_O)
                                                      0.081     3.499 r  u_datapath/u_core/u_accum_base_datapath/u_output_slice/u_partial_sum_bank_pair/g_segment[0].u_bank/mem_reg_2_i_2/O
                         net (fo=1, routed)           0.694     4.193    u_datapath/u_core/u_accum_base_datapath/u_output_slice/u_partial_sum_bank_pair/g_segment[0].u_bank/mem_write_data[174]
    RAMB36_X2Y11         RAMB36E2                                     r  u_datapath/u_core/u_accum_base_datapath/u_output_slice/u_partial_sum_bank_pair/g_segment[0].u_bank/mem_reg_2/DINADIN[30]
  -------------------------------------------------------------------    -------------------

                         (clock clk rise edge)        5.000     5.000 r  
                                                      0.000     5.000 r  clk (IN)
                         net (fo=5992, unset)         0.048     5.048    u_datapath/u_core/u_accum_base_datapath/u_output_slice/u_partial_sum_bank_pair/g_segment[0].u_bank/clk
    RAMB36_X2Y11         RAMB36E2                                     r  u_datapath/u_core/u_accum_base_datapath/u_output_slice/u_partial_sum_bank_pair/g_segment[0].u_bank/mem_reg_2/CLKBWRCLK
                         clock pessimism              0.000     5.048    
                         clock uncertainty           -0.035     5.013    
    RAMB36_X2Y11         RAMB36E2 (Setup_RAMB36E2_RAMB36_CLKBWRCLK_DINADIN[30])
                                                     -0.531     4.482    u_datapath/u_core/u_accum_base_datapath/u_output_slice/u_partial_sum_bank_pair/g_segment[0].u_bank/mem_reg_2
  -------------------------------------------------------------------
                         required time                          4.482    
                         arrival time                          -4.193    
  -------------------------------------------------------------------
                         slack                                  0.289    

Slack (MET) :             0.293ns  (required time - arrival time)
  Source:                 u_datapath/u_core/u_accum_base_datapath/u_output_slice/resident_tile_tag_base_q_reg[4]/C
                            (rising edge-triggered cell FDRE clocked by clk  {rise@0.000ns fall@2.500ns period=5.000ns})
  Destination:            u_datapath/u_core/u_accum_base_datapath/u_output_slice/u_partial_sum_bank_pair/g_segment[0].u_bank/mem_reg_2/DINBDIN[4]
                            (rising edge-triggered cell RAMB36E2 clocked by clk  {rise@0.000ns fall@2.500ns period=5.000ns})
  Path Group:             clk
  Path Type:              Setup (Max at Slow Process Corner)
  Requirement:            5.000ns  (clk rise@5.000ns - clk rise@0.000ns)
  Data Path Delay:        4.267ns  (logic 1.467ns (34.383%)  route 2.800ns (65.617%))
  Logic Levels:           10  (CARRY8=2 LUT2=1 LUT5=3 LUT6=4)
  Clock Path Skew:        0.005ns (DCD - SCD + CPR)
    Destination Clock Delay (DCD):    0.048ns = ( 5.048 - 5.000 ) 
    Source Clock Delay      (SCD):    0.043ns
    Clock Pessimism Removal (CPR):    0.000ns
  Clock Uncertainty:      0.035ns  ((TSJ^2 + TIJ^2)^1/2 + DJ) / 2 + PE
    Total System Jitter     (TSJ):    0.071ns
    Total Input Jitter      (TIJ):    0.000ns
    Discrete Jitter          (DJ):    0.000ns
    Phase Error              (PE):    0.000ns

    Location             Delay type                Incr(ns)  Path(ns)    Netlist Resource(s)
  -------------------------------------------------------------------    -------------------
                         (clock clk rise edge)        0.000     0.000 r  
                                                      0.000     0.000 r  clk (IN)
                         net (fo=5992, unset)         0.043     0.043    u_datapath/u_core/u_accum_base_datapath/u_output_slice/clk
    SLICE_X29Y37         FDRE                                         r  u_datapath/u_core/u_accum_base_datapath/u_output_slice/resident_tile_tag_base_q_reg[4]/C
  -------------------------------------------------------------------    -------------------
    SLICE_X29Y37         FDRE (Prop_EFF2_SLICEM_C_Q)
                                                      0.118     0.161 r  u_datapath/u_core/u_accum_base_datapath/u_output_slice/resident_tile_tag_base_q_reg[4]/Q
                         net (fo=5, routed)           0.209     0.370    u_datapath/u_core/u_accum_base_datapath/u_output_slice/u_partial_sum_bank_pair/g_segment[0].u_bank/words_accepted_reg[10]_i_18_0[4]
    SLICE_X29Y37         LUT2 (Prop_E6LUT_SLICEM_I0_O)
                                                      0.187     0.557 r  u_datapath/u_core/u_accum_base_datapath/u_output_slice/u_partial_sum_bank_pair/g_segment[0].u_bank/words_accepted[10]_i_26/O
                         net (fo=1, routed)           0.018     0.575    u_datapath/u_core/u_accum_base_datapath/u_output_slice/u_partial_sum_bank_pair/g_segment[0].u_bank/words_accepted[10]_i_26_n_0
    SLICE_X29Y37         CARRY8 (Prop_CARRY8_SLICEM_S[4]_CO[7])
                                                      0.236     0.811 r  u_datapath/u_core/u_accum_base_datapath/u_output_slice/u_partial_sum_bank_pair/g_segment[0].u_bank/words_accepted_reg[10]_i_16/CO[7]
                         net (fo=1, routed)           0.030     0.841    u_datapath/u_core/u_accum_base_datapath/u_output_slice/u_partial_sum_bank_pair/g_segment[0].u_bank/words_accepted_reg[10]_i_16_n_0
    SLICE_X29Y38         CARRY8 (Prop_CARRY8_SLICEM_CI_O[4])
                                                      0.119     0.960 r  u_datapath/u_core/u_accum_base_datapath/u_output_slice/u_partial_sum_bank_pair/g_segment[0].u_bank/words_accepted_reg[10]_i_18/O[4]
                         net (fo=1, routed)           0.191     1.151    u_datapath/u_core/u_accum_base_datapath/u_output_slice/u_scanner/scanner_metadata_match1[12]
    SLICE_X28Y38         LUT6 (Prop_B6LUT_SLICEM_I2_O)
                                                      0.225     1.376 r  u_datapath/u_core/u_accum_base_datapath/u_output_slice/u_scanner/words_accepted[10]_i_19/O
                         net (fo=1, routed)           0.055     1.431    u_datapath/u_core/u_accum_base_datapath/u_output_slice/u_scanner/words_accepted[10]_i_19_n_0
    SLICE_X28Y38         LUT6 (Prop_G6LUT_SLICEM_I2_O)
                                                      0.152     1.583 r  u_datapath/u_core/u_accum_base_datapath/u_output_slice/u_scanner/words_accepted[10]_i_8/O
                         net (fo=1, routed)           0.215     1.798    u_datapath/u_core/u_accum_base_datapath/u_output_slice/u_scanner/words_accepted[10]_i_8_n_0
    SLICE_X32Y38         LUT6 (Prop_E6LUT_SLICEM_I5_O)
                                                      0.083     1.881 r  u_datapath/u_core/u_accum_base_datapath/u_output_slice/u_scanner/words_accepted[10]_i_3/O
                         net (fo=9, routed)           0.256     2.137    u_datapath/u_core/u_accum_base_datapath/u_output_slice/u_partial_sum_bank_pair/g_segment[1].u_bank/ingress_raster_x_q_reg[7]
    SLICE_X33Y46         LUT6 (Prop_D6LUT_SLICEL_I5_O)
                                                      0.057     2.194 f  u_datapath/u_core/u_accum_base_datapath/u_output_slice/u_partial_sum_bank_pair/g_segment[1].u_bank/mem_reg_0_i_166/O
                         net (fo=4, routed)           0.376     2.570    u_datapath/u_core/u_accum_base_datapath/u_output_slice/u_partial_sum_bank_pair/g_segment[0].u_bank/mem_reg_0_0
    SLICE_X37Y50         LUT5 (Prop_F6LUT_SLICEM_I0_O)
                                                      0.056     2.626 f  u_datapath/u_core/u_accum_base_datapath/u_output_slice/u_partial_sum_bank_pair/g_segment[0].u_bank/mem_reg_0_i_96__0/O
                         net (fo=16, routed)          0.062     2.688    u_datapath/u_core/u_accum_base_datapath/u_output_slice/u_partial_sum_bank_pair/g_segment[0].u_bank/mem_reg_0_i_96__0_n_0
    SLICE_X37Y50         LUT5 (Prop_G6LUT_SLICEM_I3_O)
                                                      0.082     2.770 r  u_datapath/u_core/u_accum_base_datapath/u_output_slice/u_partial_sum_bank_pair/g_segment[0].u_bank/mem_reg_0_i_99/O
                         net (fo=265, routed)         0.710     3.480    u_datapath/u_core/u_accum_base_datapath/u_output_slice/u_partial_sum_bank_pair/g_segment[0].u_bank/mem_reg_0_i_99_n_0
    SLICE_X45Y55         LUT5 (Prop_B6LUT_SLICEM_I4_O)
                                                      0.152     3.632 r  u_datapath/u_core/u_accum_base_datapath/u_output_slice/u_partial_sum_bank_pair/g_segment[0].u_bank/mem_reg_2_i_60/O
                         net (fo=1, routed)           0.678     4.310    u_datapath/u_core/u_accum_base_datapath/u_output_slice/u_partial_sum_bank_pair/g_segment[0].u_bank/mem_write_data[180]
    RAMB36_X2Y11         RAMB36E2                                     r  u_datapath/u_core/u_accum_base_datapath/u_output_slice/u_partial_sum_bank_pair/g_segment[0].u_bank/mem_reg_2/DINBDIN[4]
  -------------------------------------------------------------------    -------------------

                         (clock clk rise edge)        5.000     5.000 r  
                                                      0.000     5.000 r  clk (IN)
                         net (fo=5992, unset)         0.048     5.048    u_datapath/u_core/u_accum_base_datapath/u_output_slice/u_partial_sum_bank_pair/g_segment[0].u_bank/clk
    RAMB36_X2Y11         RAMB36E2                                     r  u_datapath/u_core/u_accum_base_datapath/u_output_slice/u_partial_sum_bank_pair/g_segment[0].u_bank/mem_reg_2/CLKBWRCLK
                         clock pessimism              0.000     5.048    
                         clock uncertainty           -0.035     5.013    
    RAMB36_X2Y11         RAMB36E2 (Setup_RAMB36E2_RAMB36_CLKBWRCLK_DINBDIN[4])
                                                     -0.410     4.603    u_datapath/u_core/u_accum_base_datapath/u_output_slice/u_partial_sum_bank_pair/g_segment[0].u_bank/mem_reg_2
  -------------------------------------------------------------------
                         required time                          4.603    
                         arrival time                          -4.310    
  -------------------------------------------------------------------
                         slack                                  0.293    

Slack (MET) :             0.293ns  (required time - arrival time)
  Source:                 u_datapath/u_core/u_accum_base_datapath/u_output_slice/resident_tile_tag_base_q_reg[4]/C
                            (rising edge-triggered cell FDRE clocked by clk  {rise@0.000ns fall@2.500ns period=5.000ns})
  Destination:            u_datapath/u_core/u_accum_base_datapath/u_output_slice/u_partial_sum_bank_pair/g_segment[0].u_bank/mem_reg_3/DINBDIN[7]
                            (rising edge-triggered cell RAMB36E2 clocked by clk  {rise@0.000ns fall@2.500ns period=5.000ns})
  Path Group:             clk
  Path Type:              Setup (Max at Slow Process Corner)
  Requirement:            5.000ns  (clk rise@5.000ns - clk rise@0.000ns)
  Data Path Delay:        4.219ns  (logic 1.467ns (34.768%)  route 2.752ns (65.232%))
  Logic Levels:           10  (CARRY8=2 LUT2=1 LUT5=3 LUT6=4)
  Clock Path Skew:        0.005ns (DCD - SCD + CPR)
    Destination Clock Delay (DCD):    0.048ns = ( 5.048 - 5.000 ) 
    Source Clock Delay      (SCD):    0.043ns
    Clock Pessimism Removal (CPR):    0.000ns
  Clock Uncertainty:      0.035ns  ((TSJ^2 + TIJ^2)^1/2 + DJ) / 2 + PE
    Total System Jitter     (TSJ):    0.071ns
    Total Input Jitter      (TIJ):    0.000ns
    Discrete Jitter          (DJ):    0.000ns
    Phase Error              (PE):    0.000ns

    Location             Delay type                Incr(ns)  Path(ns)    Netlist Resource(s)
  -------------------------------------------------------------------    -------------------
                         (clock clk rise edge)        0.000     0.000 r  
                                                      0.000     0.000 r  clk (IN)
                         net (fo=5992, unset)         0.043     0.043    u_datapath/u_core/u_accum_base_datapath/u_output_slice/clk
    SLICE_X29Y37         FDRE                                         r  u_datapath/u_core/u_accum_base_datapath/u_output_slice/resident_tile_tag_base_q_reg[4]/C
  -------------------------------------------------------------------    -------------------
    SLICE_X29Y37         FDRE (Prop_EFF2_SLICEM_C_Q)
                                                      0.118     0.161 r  u_datapath/u_core/u_accum_base_datapath/u_output_slice/resident_tile_tag_base_q_reg[4]/Q
                         net (fo=5, routed)           0.209     0.370    u_datapath/u_core/u_accum_base_datapath/u_output_slice/u_partial_sum_bank_pair/g_segment[0].u_bank/words_accepted_reg[10]_i_18_0[4]
    SLICE_X29Y37         LUT2 (Prop_E6LUT_SLICEM_I0_O)
                                                      0.187     0.557 r  u_datapath/u_core/u_accum_base_datapath/u_output_slice/u_partial_sum_bank_pair/g_segment[0].u_bank/words_accepted[10]_i_26/O
                         net (fo=1, routed)           0.018     0.575    u_datapath/u_core/u_accum_base_datapath/u_output_slice/u_partial_sum_bank_pair/g_segment[0].u_bank/words_accepted[10]_i_26_n_0
    SLICE_X29Y37         CARRY8 (Prop_CARRY8_SLICEM_S[4]_CO[7])
                                                      0.236     0.811 r  u_datapath/u_core/u_accum_base_datapath/u_output_slice/u_partial_sum_bank_pair/g_segment[0].u_bank/words_accepted_reg[10]_i_16/CO[7]
                         net (fo=1, routed)           0.030     0.841    u_datapath/u_core/u_accum_base_datapath/u_output_slice/u_partial_sum_bank_pair/g_segment[0].u_bank/words_accepted_reg[10]_i_16_n_0
    SLICE_X29Y38         CARRY8 (Prop_CARRY8_SLICEM_CI_O[4])
                                                      0.119     0.960 r  u_datapath/u_core/u_accum_base_datapath/u_output_slice/u_partial_sum_bank_pair/g_segment[0].u_bank/words_accepted_reg[10]_i_18/O[4]
                         net (fo=1, routed)           0.191     1.151    u_datapath/u_core/u_accum_base_datapath/u_output_slice/u_scanner/scanner_metadata_match1[12]
    SLICE_X28Y38         LUT6 (Prop_B6LUT_SLICEM_I2_O)
                                                      0.225     1.376 r  u_datapath/u_core/u_accum_base_datapath/u_output_slice/u_scanner/words_accepted[10]_i_19/O
                         net (fo=1, routed)           0.055     1.431    u_datapath/u_core/u_accum_base_datapath/u_output_slice/u_scanner/words_accepted[10]_i_19_n_0
    SLICE_X28Y38         LUT6 (Prop_G6LUT_SLICEM_I2_O)
                                                      0.152     1.583 r  u_datapath/u_core/u_accum_base_datapath/u_output_slice/u_scanner/words_accepted[10]_i_8/O
                         net (fo=1, routed)           0.215     1.798    u_datapath/u_core/u_accum_base_datapath/u_output_slice/u_scanner/words_accepted[10]_i_8_n_0
    SLICE_X32Y38         LUT6 (Prop_E6LUT_SLICEM_I5_O)
                                                      0.083     1.881 r  u_datapath/u_core/u_accum_base_datapath/u_output_slice/u_scanner/words_accepted[10]_i_3/O
                         net (fo=9, routed)           0.256     2.137    u_datapath/u_core/u_accum_base_datapath/u_output_slice/u_partial_sum_bank_pair/g_segment[1].u_bank/ingress_raster_x_q_reg[7]
    SLICE_X33Y46         LUT6 (Prop_D6LUT_SLICEL_I5_O)
                                                      0.057     2.194 f  u_datapath/u_core/u_accum_base_datapath/u_output_slice/u_partial_sum_bank_pair/g_segment[1].u_bank/mem_reg_0_i_166/O
                         net (fo=4, routed)           0.376     2.570    u_datapath/u_core/u_accum_base_datapath/u_output_slice/u_partial_sum_bank_pair/g_segment[0].u_bank/mem_reg_0_0
    SLICE_X37Y50         LUT5 (Prop_F6LUT_SLICEM_I0_O)
                                                      0.056     2.626 f  u_datapath/u_core/u_accum_base_datapath/u_output_slice/u_partial_sum_bank_pair/g_segment[0].u_bank/mem_reg_0_i_96__0/O
                         net (fo=16, routed)          0.062     2.688    u_datapath/u_core/u_accum_base_datapath/u_output_slice/u_partial_sum_bank_pair/g_segment[0].u_bank/mem_reg_0_i_96__0_n_0
    SLICE_X37Y50         LUT5 (Prop_G6LUT_SLICEM_I3_O)
                                                      0.082     2.770 r  u_datapath/u_core/u_accum_base_datapath/u_output_slice/u_partial_sum_bank_pair/g_segment[0].u_bank/mem_reg_0_i_99/O
                         net (fo=265, routed)         0.713     3.482    u_datapath/u_core/u_accum_base_datapath/u_output_slice/u_partial_sum_bank_pair/g_segment[0].u_bank/mem_reg_0_i_99_n_0
    SLICE_X47Y49         LUT5 (Prop_B6LUT_SLICEL_I4_O)
                                                      0.152     3.634 r  u_datapath/u_core/u_accum_base_datapath/u_output_slice/u_partial_sum_bank_pair/g_segment[0].u_bank/mem_reg_3_i_33/O
                         net (fo=1, routed)           0.628     4.262    u_datapath/u_core/u_accum_base_datapath/u_output_slice/u_partial_sum_bank_pair/g_segment[0].u_bank/mem_write_data[255]
    RAMB36_X2Y10         RAMB36E2                                     r  u_datapath/u_core/u_accum_base_datapath/u_output_slice/u_partial_sum_bank_pair/g_segment[0].u_bank/mem_reg_3/DINBDIN[7]
  -------------------------------------------------------------------    -------------------

                         (clock clk rise edge)        5.000     5.000 r  
                                                      0.000     5.000 r  clk (IN)
                         net (fo=5992, unset)         0.048     5.048    u_datapath/u_core/u_accum_base_datapath/u_output_slice/u_partial_sum_bank_pair/g_segment[0].u_bank/clk
    RAMB36_X2Y10         RAMB36E2                                     r  u_datapath/u_core/u_accum_base_datapath/u_output_slice/u_partial_sum_bank_pair/g_segment[0].u_bank/mem_reg_3/CLKBWRCLK
                         clock pessimism              0.000     5.048    
                         clock uncertainty           -0.035     5.013    
    RAMB36_X2Y10         RAMB36E2 (Setup_RAMB36E2_RAMB36_CLKBWRCLK_DINBDIN[7])
                                                     -0.457     4.556    u_datapath/u_core/u_accum_base_datapath/u_output_slice/u_partial_sum_bank_pair/g_segment[0].u_bank/mem_reg_3
  -------------------------------------------------------------------
                         required time                          4.556    
                         arrival time                          -4.262    
  -------------------------------------------------------------------
                         slack                                  0.293    

Slack (MET) :             0.294ns  (required time - arrival time)
  Source:                 u_datapath/u_core/u_accum_base_datapath/u_output_slice/resident_tile_tag_base_q_reg[4]/C
                            (rising edge-triggered cell FDRE clocked by clk  {rise@0.000ns fall@2.500ns period=5.000ns})
  Destination:            u_datapath/u_core/u_accum_base_datapath/u_output_slice/u_partial_sum_bank_pair/g_segment[0].u_bank/mem_reg_3/DINADIN[3]
                            (rising edge-triggered cell RAMB36E2 clocked by clk  {rise@0.000ns fall@2.500ns period=5.000ns})
  Path Group:             clk
  Path Type:              Setup (Max at Slow Process Corner)
  Requirement:            5.000ns  (clk rise@5.000ns - clk rise@0.000ns)
  Data Path Delay:        4.229ns  (logic 1.466ns (34.662%)  route 2.763ns (65.338%))
  Logic Levels:           10  (CARRY8=2 LUT2=1 LUT5=3 LUT6=4)
  Clock Path Skew:        0.005ns (DCD - SCD + CPR)
    Destination Clock Delay (DCD):    0.048ns = ( 5.048 - 5.000 ) 
    Source Clock Delay      (SCD):    0.043ns
    Clock Pessimism Removal (CPR):    0.000ns
  Clock Uncertainty:      0.035ns  ((TSJ^2 + TIJ^2)^1/2 + DJ) / 2 + PE
    Total System Jitter     (TSJ):    0.071ns
    Total Input Jitter      (TIJ):    0.000ns
    Discrete Jitter          (DJ):    0.000ns
    Phase Error              (PE):    0.000ns

    Location             Delay type                Incr(ns)  Path(ns)    Netlist Resource(s)
  -------------------------------------------------------------------    -------------------
                         (clock clk rise edge)        0.000     0.000 r  
                                                      0.000     0.000 r  clk (IN)
                         net (fo=5992, unset)         0.043     0.043    u_datapath/u_core/u_accum_base_datapath/u_output_slice/clk
    SLICE_X29Y37         FDRE                                         r  u_datapath/u_core/u_accum_base_datapath/u_output_slice/resident_tile_tag_base_q_reg[4]/C
  -------------------------------------------------------------------    -------------------
    SLICE_X29Y37         FDRE (Prop_EFF2_SLICEM_C_Q)
                                                      0.118     0.161 r  u_datapath/u_core/u_accum_base_datapath/u_output_slice/resident_tile_tag_base_q_reg[4]/Q
                         net (fo=5, routed)           0.209     0.370    u_datapath/u_core/u_accum_base_datapath/u_output_slice/u_partial_sum_bank_pair/g_segment[0].u_bank/words_accepted_reg[10]_i_18_0[4]
    SLICE_X29Y37         LUT2 (Prop_E6LUT_SLICEM_I0_O)
                                                      0.187     0.557 r  u_datapath/u_core/u_accum_base_datapath/u_output_slice/u_partial_sum_bank_pair/g_segment[0].u_bank/words_accepted[10]_i_26/O
                         net (fo=1, routed)           0.018     0.575    u_datapath/u_core/u_accum_base_datapath/u_output_slice/u_partial_sum_bank_pair/g_segment[0].u_bank/words_accepted[10]_i_26_n_0
    SLICE_X29Y37         CARRY8 (Prop_CARRY8_SLICEM_S[4]_CO[7])
                                                      0.236     0.811 r  u_datapath/u_core/u_accum_base_datapath/u_output_slice/u_partial_sum_bank_pair/g_segment[0].u_bank/words_accepted_reg[10]_i_16/CO[7]
                         net (fo=1, routed)           0.030     0.841    u_datapath/u_core/u_accum_base_datapath/u_output_slice/u_partial_sum_bank_pair/g_segment[0].u_bank/words_accepted_reg[10]_i_16_n_0
    SLICE_X29Y38         CARRY8 (Prop_CARRY8_SLICEM_CI_O[4])
                                                      0.119     0.960 r  u_datapath/u_core/u_accum_base_datapath/u_output_slice/u_partial_sum_bank_pair/g_segment[0].u_bank/words_accepted_reg[10]_i_18/O[4]
                         net (fo=1, routed)           0.191     1.151    u_datapath/u_core/u_accum_base_datapath/u_output_slice/u_scanner/scanner_metadata_match1[12]
    SLICE_X28Y38         LUT6 (Prop_B6LUT_SLICEM_I2_O)
                                                      0.225     1.376 r  u_datapath/u_core/u_accum_base_datapath/u_output_slice/u_scanner/words_accepted[10]_i_19/O
                         net (fo=1, routed)           0.055     1.431    u_datapath/u_core/u_accum_base_datapath/u_output_slice/u_scanner/words_accepted[10]_i_19_n_0
    SLICE_X28Y38         LUT6 (Prop_G6LUT_SLICEM_I2_O)
                                                      0.152     1.583 r  u_datapath/u_core/u_accum_base_datapath/u_output_slice/u_scanner/words_accepted[10]_i_8/O
                         net (fo=1, routed)           0.215     1.798    u_datapath/u_core/u_accum_base_datapath/u_output_slice/u_scanner/words_accepted[10]_i_8_n_0
    SLICE_X32Y38         LUT6 (Prop_E6LUT_SLICEM_I5_O)
                                                      0.083     1.881 r  u_datapath/u_core/u_accum_base_datapath/u_output_slice/u_scanner/words_accepted[10]_i_3/O
                         net (fo=9, routed)           0.256     2.137    u_datapath/u_core/u_accum_base_datapath/u_output_slice/u_partial_sum_bank_pair/g_segment[1].u_bank/ingress_raster_x_q_reg[7]
    SLICE_X33Y46         LUT6 (Prop_D6LUT_SLICEL_I5_O)
                                                      0.057     2.194 f  u_datapath/u_core/u_accum_base_datapath/u_output_slice/u_partial_sum_bank_pair/g_segment[1].u_bank/mem_reg_0_i_166/O
                         net (fo=4, routed)           0.376     2.570    u_datapath/u_core/u_accum_base_datapath/u_output_slice/u_partial_sum_bank_pair/g_segment[0].u_bank/mem_reg_0_0
    SLICE_X37Y50         LUT5 (Prop_F6LUT_SLICEM_I0_O)
                                                      0.056     2.626 f  u_datapath/u_core/u_accum_base_datapath/u_output_slice/u_partial_sum_bank_pair/g_segment[0].u_bank/mem_reg_0_i_96__0/O
                         net (fo=16, routed)          0.062     2.688    u_datapath/u_core/u_accum_base_datapath/u_output_slice/u_partial_sum_bank_pair/g_segment[0].u_bank/mem_reg_0_i_96__0_n_0
    SLICE_X37Y50         LUT5 (Prop_G6LUT_SLICEM_I3_O)
                                                      0.082     2.770 r  u_datapath/u_core/u_accum_base_datapath/u_output_slice/u_partial_sum_bank_pair/g_segment[0].u_bank/mem_reg_0_i_99/O
                         net (fo=265, routed)         0.648     3.417    u_datapath/u_core/u_accum_base_datapath/u_output_slice/u_partial_sum_bank_pair/g_segment[0].u_bank/mem_reg_0_i_99_n_0
    SLICE_X46Y50         LUT5 (Prop_G6LUT_SLICEL_I2_O)
                                                      0.151     3.568 r  u_datapath/u_core/u_accum_base_datapath/u_output_slice/u_partial_sum_bank_pair/g_segment[0].u_bank/mem_reg_3_i_29/O
                         net (fo=1, routed)           0.704     4.272    u_datapath/u_core/u_accum_base_datapath/u_output_slice/u_partial_sum_bank_pair/g_segment[0].u_bank/mem_write_data[219]
    RAMB36_X2Y10         RAMB36E2                                     r  u_datapath/u_core/u_accum_base_datapath/u_output_slice/u_partial_sum_bank_pair/g_segment[0].u_bank/mem_reg_3/DINADIN[3]
  -------------------------------------------------------------------    -------------------

                         (clock clk rise edge)        5.000     5.000 r  
                                                      0.000     5.000 r  clk (IN)
                         net (fo=5992, unset)         0.048     5.048    u_datapath/u_core/u_accum_base_datapath/u_output_slice/u_partial_sum_bank_pair/g_segment[0].u_bank/clk
    RAMB36_X2Y10         RAMB36E2                                     r  u_datapath/u_core/u_accum_base_datapath/u_output_slice/u_partial_sum_bank_pair/g_segment[0].u_bank/mem_reg_3/CLKBWRCLK
                         clock pessimism              0.000     5.048    
                         clock uncertainty           -0.035     5.013    
    RAMB36_X2Y10         RAMB36E2 (Setup_RAMB36E2_RAMB36_CLKBWRCLK_DINADIN[3])
                                                     -0.446     4.567    u_datapath/u_core/u_accum_base_datapath/u_output_slice/u_partial_sum_bank_pair/g_segment[0].u_bank/mem_reg_3
  -------------------------------------------------------------------
                         required time                          4.567    
                         arrival time                          -4.272    
  -------------------------------------------------------------------
                         slack                                  0.294    

Slack (MET) :             0.308ns  (required time - arrival time)
  Source:                 u_datapath/u_core/u_accum_base_datapath/u_output_slice/resident_tile_tag_base_q_reg[4]/C
                            (rising edge-triggered cell FDRE clocked by clk  {rise@0.000ns fall@2.500ns period=5.000ns})
  Destination:            u_datapath/u_core/u_accum_base_datapath/u_output_slice/u_partial_sum_bank_pair/g_segment[0].u_bank/mem_reg_2/DINBDIN[2]
                            (rising edge-triggered cell RAMB36E2 clocked by clk  {rise@0.000ns fall@2.500ns period=5.000ns})
  Path Group:             clk
  Path Type:              Setup (Max at Slow Process Corner)
  Requirement:            5.000ns  (clk rise@5.000ns - clk rise@0.000ns)
  Data Path Delay:        4.241ns  (logic 1.452ns (34.241%)  route 2.789ns (65.759%))
  Logic Levels:           10  (CARRY8=2 LUT2=1 LUT5=3 LUT6=4)
  Clock Path Skew:        0.005ns (DCD - SCD + CPR)
    Destination Clock Delay (DCD):    0.048ns = ( 5.048 - 5.000 ) 
    Source Clock Delay      (SCD):    0.043ns
    Clock Pessimism Removal (CPR):    0.000ns
  Clock Uncertainty:      0.035ns  ((TSJ^2 + TIJ^2)^1/2 + DJ) / 2 + PE
    Total System Jitter     (TSJ):    0.071ns
    Total Input Jitter      (TIJ):    0.000ns
    Discrete Jitter          (DJ):    0.000ns
    Phase Error              (PE):    0.000ns

    Location             Delay type                Incr(ns)  Path(ns)    Netlist Resource(s)
  -------------------------------------------------------------------    -------------------
                         (clock clk rise edge)        0.000     0.000 r  
                                                      0.000     0.000 r  clk (IN)
                         net (fo=5992, unset)         0.043     0.043    u_datapath/u_core/u_accum_base_datapath/u_output_slice/clk
    SLICE_X29Y37         FDRE                                         r  u_datapath/u_core/u_accum_base_datapath/u_output_slice/resident_tile_tag_base_q_reg[4]/C
  -------------------------------------------------------------------    -------------------
    SLICE_X29Y37         FDRE (Prop_EFF2_SLICEM_C_Q)
                                                      0.118     0.161 r  u_datapath/u_core/u_accum_base_datapath/u_output_slice/resident_tile_tag_base_q_reg[4]/Q
                         net (fo=5, routed)           0.209     0.370    u_datapath/u_core/u_accum_base_datapath/u_output_slice/u_partial_sum_bank_pair/g_segment[0].u_bank/words_accepted_reg[10]_i_18_0[4]
    SLICE_X29Y37         LUT2 (Prop_E6LUT_SLICEM_I0_O)
                                                      0.187     0.557 r  u_datapath/u_core/u_accum_base_datapath/u_output_slice/u_partial_sum_bank_pair/g_segment[0].u_bank/words_accepted[10]_i_26/O
                         net (fo=1, routed)           0.018     0.575    u_datapath/u_core/u_accum_base_datapath/u_output_slice/u_partial_sum_bank_pair/g_segment[0].u_bank/words_accepted[10]_i_26_n_0
    SLICE_X29Y37         CARRY8 (Prop_CARRY8_SLICEM_S[4]_CO[7])
                                                      0.236     0.811 r  u_datapath/u_core/u_accum_base_datapath/u_output_slice/u_partial_sum_bank_pair/g_segment[0].u_bank/words_accepted_reg[10]_i_16/CO[7]
                         net (fo=1, routed)           0.030     0.841    u_datapath/u_core/u_accum_base_datapath/u_output_slice/u_partial_sum_bank_pair/g_segment[0].u_bank/words_accepted_reg[10]_i_16_n_0
    SLICE_X29Y38         CARRY8 (Prop_CARRY8_SLICEM_CI_O[4])
                                                      0.119     0.960 r  u_datapath/u_core/u_accum_base_datapath/u_output_slice/u_partial_sum_bank_pair/g_segment[0].u_bank/words_accepted_reg[10]_i_18/O[4]
                         net (fo=1, routed)           0.191     1.151    u_datapath/u_core/u_accum_base_datapath/u_output_slice/u_scanner/scanner_metadata_match1[12]
    SLICE_X28Y38         LUT6 (Prop_B6LUT_SLICEM_I2_O)
                                                      0.225     1.376 r  u_datapath/u_core/u_accum_base_datapath/u_output_slice/u_scanner/words_accepted[10]_i_19/O
                         net (fo=1, routed)           0.055     1.431    u_datapath/u_core/u_accum_base_datapath/u_output_slice/u_scanner/words_accepted[10]_i_19_n_0
    SLICE_X28Y38         LUT6 (Prop_G6LUT_SLICEM_I2_O)
                                                      0.152     1.583 r  u_datapath/u_core/u_accum_base_datapath/u_output_slice/u_scanner/words_accepted[10]_i_8/O
                         net (fo=1, routed)           0.215     1.798    u_datapath/u_core/u_accum_base_datapath/u_output_slice/u_scanner/words_accepted[10]_i_8_n_0
    SLICE_X32Y38         LUT6 (Prop_E6LUT_SLICEM_I5_O)
                                                      0.083     1.881 r  u_datapath/u_core/u_accum_base_datapath/u_output_slice/u_scanner/words_accepted[10]_i_3/O
                         net (fo=9, routed)           0.256     2.137    u_datapath/u_core/u_accum_base_datapath/u_output_slice/u_partial_sum_bank_pair/g_segment[1].u_bank/ingress_raster_x_q_reg[7]
    SLICE_X33Y46         LUT6 (Prop_D6LUT_SLICEL_I5_O)
                                                      0.057     2.194 f  u_datapath/u_core/u_accum_base_datapath/u_output_slice/u_partial_sum_bank_pair/g_segment[1].u_bank/mem_reg_0_i_166/O
                         net (fo=4, routed)           0.376     2.570    u_datapath/u_core/u_accum_base_datapath/u_output_slice/u_partial_sum_bank_pair/g_segment[0].u_bank/mem_reg_0_0
    SLICE_X37Y50         LUT5 (Prop_F6LUT_SLICEM_I0_O)
                                                      0.056     2.626 f  u_datapath/u_core/u_accum_base_datapath/u_output_slice/u_partial_sum_bank_pair/g_segment[0].u_bank/mem_reg_0_i_96__0/O
                         net (fo=16, routed)          0.062     2.688    u_datapath/u_core/u_accum_base_datapath/u_output_slice/u_partial_sum_bank_pair/g_segment[0].u_bank/mem_reg_0_i_96__0_n_0
    SLICE_X37Y50         LUT5 (Prop_G6LUT_SLICEM_I3_O)
                                                      0.082     2.770 r  u_datapath/u_core/u_accum_base_datapath/u_output_slice/u_partial_sum_bank_pair/g_segment[0].u_bank/mem_reg_0_i_99/O
                         net (fo=265, routed)         0.667     3.437    u_datapath/u_core/u_accum_base_datapath/u_output_slice/u_partial_sum_bank_pair/g_segment[0].u_bank/mem_reg_0_i_99_n_0
    SLICE_X46Y55         LUT5 (Prop_G6LUT_SLICEL_I4_O)
                                                      0.137     3.574 r  u_datapath/u_core/u_accum_base_datapath/u_output_slice/u_partial_sum_bank_pair/g_segment[0].u_bank/mem_reg_2_i_62/O
                         net (fo=1, routed)           0.710     4.284    u_datapath/u_core/u_accum_base_datapath/u_output_slice/u_partial_sum_bank_pair/g_segment[0].u_bank/mem_write_data[178]
    RAMB36_X2Y11         RAMB36E2                                     r  u_datapath/u_core/u_accum_base_datapath/u_output_slice/u_partial_sum_bank_pair/g_segment[0].u_bank/mem_reg_2/DINBDIN[2]
  -------------------------------------------------------------------    -------------------

                         (clock clk rise edge)        5.000     5.000 r  
                                                      0.000     5.000 r  clk (IN)
                         net (fo=5992, unset)         0.048     5.048    u_datapath/u_core/u_accum_base_datapath/u_output_slice/u_partial_sum_bank_pair/g_segment[0].u_bank/clk
    RAMB36_X2Y11         RAMB36E2                                     r  u_datapath/u_core/u_accum_base_datapath/u_output_slice/u_partial_sum_bank_pair/g_segment[0].u_bank/mem_reg_2/CLKBWRCLK
                         clock pessimism              0.000     5.048    
                         clock uncertainty           -0.035     5.013    
    RAMB36_X2Y11         RAMB36E2 (Setup_RAMB36E2_RAMB36_CLKBWRCLK_DINBDIN[2])
                                                     -0.421     4.592    u_datapath/u_core/u_accum_base_datapath/u_output_slice/u_partial_sum_bank_pair/g_segment[0].u_bank/mem_reg_2
  -------------------------------------------------------------------
                         required time                          4.592    
                         arrival time                          -4.284    
  -------------------------------------------------------------------
                         slack                                  0.308    

Slack (MET) :             0.311ns  (required time - arrival time)
  Source:                 u_datapath/u_core/u_accum_base_datapath/u_output_slice/resident_tile_tag_base_q_reg[4]/C
                            (rising edge-triggered cell FDRE clocked by clk  {rise@0.000ns fall@2.500ns period=5.000ns})
  Destination:            u_datapath/u_core/u_accum_base_datapath/u_output_slice/u_partial_sum_bank_pair/g_segment[0].u_bank/mem_reg_2/DINADIN[10]
                            (rising edge-triggered cell RAMB36E2 clocked by clk  {rise@0.000ns fall@2.500ns period=5.000ns})
  Path Group:             clk
  Path Type:              Setup (Max at Slow Process Corner)
  Requirement:            5.000ns  (clk rise@5.000ns - clk rise@0.000ns)
  Data Path Delay:        4.242ns  (logic 1.398ns (32.953%)  route 2.844ns (67.047%))
  Logic Levels:           10  (CARRY8=2 LUT2=1 LUT5=3 LUT6=4)
  Clock Path Skew:        0.005ns (DCD - SCD + CPR)
    Destination Clock Delay (DCD):    0.048ns = ( 5.048 - 5.000 ) 
    Source Clock Delay      (SCD):    0.043ns
    Clock Pessimism Removal (CPR):    0.000ns
  Clock Uncertainty:      0.035ns  ((TSJ^2 + TIJ^2)^1/2 + DJ) / 2 + PE
    Total System Jitter     (TSJ):    0.071ns
    Total Input Jitter      (TIJ):    0.000ns
    Discrete Jitter          (DJ):    0.000ns
    Phase Error              (PE):    0.000ns

    Location             Delay type                Incr(ns)  Path(ns)    Netlist Resource(s)
  -------------------------------------------------------------------    -------------------
                         (clock clk rise edge)        0.000     0.000 r  
                                                      0.000     0.000 r  clk (IN)
                         net (fo=5992, unset)         0.043     0.043    u_datapath/u_core/u_accum_base_datapath/u_output_slice/clk
    SLICE_X29Y37         FDRE                                         r  u_datapath/u_core/u_accum_base_datapath/u_output_slice/resident_tile_tag_base_q_reg[4]/C
  -------------------------------------------------------------------    -------------------
    SLICE_X29Y37         FDRE (Prop_EFF2_SLICEM_C_Q)
                                                      0.118     0.161 r  u_datapath/u_core/u_accum_base_datapath/u_output_slice/resident_tile_tag_base_q_reg[4]/Q
                         net (fo=5, routed)           0.209     0.370    u_datapath/u_core/u_accum_base_datapath/u_output_slice/u_partial_sum_bank_pair/g_segment[0].u_bank/words_accepted_reg[10]_i_18_0[4]
    SLICE_X29Y37         LUT2 (Prop_E6LUT_SLICEM_I0_O)
                                                      0.187     0.557 r  u_datapath/u_core/u_accum_base_datapath/u_output_slice/u_partial_sum_bank_pair/g_segment[0].u_bank/words_accepted[10]_i_26/O
                         net (fo=1, routed)           0.018     0.575    u_datapath/u_core/u_accum_base_datapath/u_output_slice/u_partial_sum_bank_pair/g_segment[0].u_bank/words_accepted[10]_i_26_n_0
    SLICE_X29Y37         CARRY8 (Prop_CARRY8_SLICEM_S[4]_CO[7])
                                                      0.236     0.811 r  u_datapath/u_core/u_accum_base_datapath/u_output_slice/u_partial_sum_bank_pair/g_segment[0].u_bank/words_accepted_reg[10]_i_16/CO[7]
                         net (fo=1, routed)           0.030     0.841    u_datapath/u_core/u_accum_base_datapath/u_output_slice/u_partial_sum_bank_pair/g_segment[0].u_bank/words_accepted_reg[10]_i_16_n_0
    SLICE_X29Y38         CARRY8 (Prop_CARRY8_SLICEM_CI_O[4])
                                                      0.119     0.960 r  u_datapath/u_core/u_accum_base_datapath/u_output_slice/u_partial_sum_bank_pair/g_segment[0].u_bank/words_accepted_reg[10]_i_18/O[4]
                         net (fo=1, routed)           0.191     1.151    u_datapath/u_core/u_accum_base_datapath/u_output_slice/u_scanner/scanner_metadata_match1[12]
    SLICE_X28Y38         LUT6 (Prop_B6LUT_SLICEM_I2_O)
                                                      0.225     1.376 r  u_datapath/u_core/u_accum_base_datapath/u_output_slice/u_scanner/words_accepted[10]_i_19/O
                         net (fo=1, routed)           0.055     1.431    u_datapath/u_core/u_accum_base_datapath/u_output_slice/u_scanner/words_accepted[10]_i_19_n_0
    SLICE_X28Y38         LUT6 (Prop_G6LUT_SLICEM_I2_O)
                                                      0.152     1.583 r  u_datapath/u_core/u_accum_base_datapath/u_output_slice/u_scanner/words_accepted[10]_i_8/O
                         net (fo=1, routed)           0.215     1.798    u_datapath/u_core/u_accum_base_datapath/u_output_slice/u_scanner/words_accepted[10]_i_8_n_0
    SLICE_X32Y38         LUT6 (Prop_E6LUT_SLICEM_I5_O)
                                                      0.083     1.881 r  u_datapath/u_core/u_accum_base_datapath/u_output_slice/u_scanner/words_accepted[10]_i_3/O
                         net (fo=9, routed)           0.256     2.137    u_datapath/u_core/u_accum_base_datapath/u_output_slice/u_partial_sum_bank_pair/g_segment[1].u_bank/ingress_raster_x_q_reg[7]
    SLICE_X33Y46         LUT6 (Prop_D6LUT_SLICEL_I5_O)
                                                      0.057     2.194 f  u_datapath/u_core/u_accum_base_datapath/u_output_slice/u_partial_sum_bank_pair/g_segment[1].u_bank/mem_reg_0_i_166/O
                         net (fo=4, routed)           0.376     2.570    u_datapath/u_core/u_accum_base_datapath/u_output_slice/u_partial_sum_bank_pair/g_segment[0].u_bank/mem_reg_0_0
    SLICE_X37Y50         LUT5 (Prop_F6LUT_SLICEM_I0_O)
                                                      0.056     2.626 f  u_datapath/u_core/u_accum_base_datapath/u_output_slice/u_partial_sum_bank_pair/g_segment[0].u_bank/mem_reg_0_i_96__0/O
                         net (fo=16, routed)          0.062     2.688    u_datapath/u_core/u_accum_base_datapath/u_output_slice/u_partial_sum_bank_pair/g_segment[0].u_bank/mem_reg_0_i_96__0_n_0
    SLICE_X37Y50         LUT5 (Prop_G6LUT_SLICEM_I3_O)
                                                      0.082     2.770 r  u_datapath/u_core/u_accum_base_datapath/u_output_slice/u_partial_sum_bank_pair/g_segment[0].u_bank/mem_reg_0_i_99/O
                         net (fo=265, routed)         0.742     3.511    u_datapath/u_core/u_accum_base_datapath/u_output_slice/u_partial_sum_bank_pair/g_segment[0].u_bank/mem_reg_0_i_99_n_0
    SLICE_X45Y56         LUT5 (Prop_A6LUT_SLICEM_I2_O)
                                                      0.083     3.594 r  u_datapath/u_core/u_accum_base_datapath/u_output_slice/u_partial_sum_bank_pair/g_segment[0].u_bank/mem_reg_2_i_22/O
                         net (fo=1, routed)           0.691     4.285    u_datapath/u_core/u_accum_base_datapath/u_output_slice/u_partial_sum_bank_pair/g_segment[0].u_bank/mem_write_data[154]
    RAMB36_X2Y11         RAMB36E2                                     r  u_datapath/u_core/u_accum_base_datapath/u_output_slice/u_partial_sum_bank_pair/g_segment[0].u_bank/mem_reg_2/DINADIN[10]
  -------------------------------------------------------------------    -------------------

                         (clock clk rise edge)        5.000     5.000 r  
                                                      0.000     5.000 r  clk (IN)
                         net (fo=5992, unset)         0.048     5.048    u_datapath/u_core/u_accum_base_datapath/u_output_slice/u_partial_sum_bank_pair/g_segment[0].u_bank/clk
    RAMB36_X2Y11         RAMB36E2                                     r  u_datapath/u_core/u_accum_base_datapath/u_output_slice/u_partial_sum_bank_pair/g_segment[0].u_bank/mem_reg_2/CLKBWRCLK
                         clock pessimism              0.000     5.048    
                         clock uncertainty           -0.035     5.013    
    RAMB36_X2Y11         RAMB36E2 (Setup_RAMB36E2_RAMB36_CLKBWRCLK_DINADIN[10])
                                                     -0.416     4.597    u_datapath/u_core/u_accum_base_datapath/u_output_slice/u_partial_sum_bank_pair/g_segment[0].u_bank/mem_reg_2
  -------------------------------------------------------------------
                         required time                          4.597    
                         arrival time                          -4.285    
  -------------------------------------------------------------------
                         slack                                  0.311    

Slack (MET) :             0.328ns  (required time - arrival time)
  Source:                 u_datapath/u_core/u_accum_base_datapath/u_output_slice/resident_tile_tag_base_q_reg[4]/C
                            (rising edge-triggered cell FDRE clocked by clk  {rise@0.000ns fall@2.500ns period=5.000ns})
  Destination:            u_datapath/u_core/u_accum_base_datapath/u_output_slice/u_partial_sum_bank_pair/g_segment[0].u_bank/mem_reg_2/DINADIN[27]
                            (rising edge-triggered cell RAMB36E2 clocked by clk  {rise@0.000ns fall@2.500ns period=5.000ns})
  Path Group:             clk
  Path Type:              Setup (Max at Slow Process Corner)
  Requirement:            5.000ns  (clk rise@5.000ns - clk rise@0.000ns)
  Data Path Delay:        4.193ns  (logic 1.451ns (34.603%)  route 2.742ns (65.397%))
  Logic Levels:           10  (CARRY8=2 LUT2=1 LUT5=3 LUT6=4)
  Clock Path Skew:        0.005ns (DCD - SCD + CPR)
    Destination Clock Delay (DCD):    0.048ns = ( 5.048 - 5.000 ) 
    Source Clock Delay      (SCD):    0.043ns
    Clock Pessimism Removal (CPR):    0.000ns
  Clock Uncertainty:      0.035ns  ((TSJ^2 + TIJ^2)^1/2 + DJ) / 2 + PE
    Total System Jitter     (TSJ):    0.071ns
    Total Input Jitter      (TIJ):    0.000ns
    Discrete Jitter          (DJ):    0.000ns
    Phase Error              (PE):    0.000ns

    Location             Delay type                Incr(ns)  Path(ns)    Netlist Resource(s)
  -------------------------------------------------------------------    -------------------
                         (clock clk rise edge)        0.000     0.000 r  
                                                      0.000     0.000 r  clk (IN)
                         net (fo=5992, unset)         0.043     0.043    u_datapath/u_core/u_accum_base_datapath/u_output_slice/clk
    SLICE_X29Y37         FDRE                                         r  u_datapath/u_core/u_accum_base_datapath/u_output_slice/resident_tile_tag_base_q_reg[4]/C
  -------------------------------------------------------------------    -------------------
    SLICE_X29Y37         FDRE (Prop_EFF2_SLICEM_C_Q)
                                                      0.118     0.161 r  u_datapath/u_core/u_accum_base_datapath/u_output_slice/resident_tile_tag_base_q_reg[4]/Q
                         net (fo=5, routed)           0.209     0.370    u_datapath/u_core/u_accum_base_datapath/u_output_slice/u_partial_sum_bank_pair/g_segment[0].u_bank/words_accepted_reg[10]_i_18_0[4]
    SLICE_X29Y37         LUT2 (Prop_E6LUT_SLICEM_I0_O)
                                                      0.187     0.557 r  u_datapath/u_core/u_accum_base_datapath/u_output_slice/u_partial_sum_bank_pair/g_segment[0].u_bank/words_accepted[10]_i_26/O
                         net (fo=1, routed)           0.018     0.575    u_datapath/u_core/u_accum_base_datapath/u_output_slice/u_partial_sum_bank_pair/g_segment[0].u_bank/words_accepted[10]_i_26_n_0
    SLICE_X29Y37         CARRY8 (Prop_CARRY8_SLICEM_S[4]_CO[7])
                                                      0.236     0.811 r  u_datapath/u_core/u_accum_base_datapath/u_output_slice/u_partial_sum_bank_pair/g_segment[0].u_bank/words_accepted_reg[10]_i_16/CO[7]
                         net (fo=1, routed)           0.030     0.841    u_datapath/u_core/u_accum_base_datapath/u_output_slice/u_partial_sum_bank_pair/g_segment[0].u_bank/words_accepted_reg[10]_i_16_n_0
    SLICE_X29Y38         CARRY8 (Prop_CARRY8_SLICEM_CI_O[4])
                                                      0.119     0.960 r  u_datapath/u_core/u_accum_base_datapath/u_output_slice/u_partial_sum_bank_pair/g_segment[0].u_bank/words_accepted_reg[10]_i_18/O[4]
                         net (fo=1, routed)           0.191     1.151    u_datapath/u_core/u_accum_base_datapath/u_output_slice/u_scanner/scanner_metadata_match1[12]
    SLICE_X28Y38         LUT6 (Prop_B6LUT_SLICEM_I2_O)
                                                      0.225     1.376 r  u_datapath/u_core/u_accum_base_datapath/u_output_slice/u_scanner/words_accepted[10]_i_19/O
                         net (fo=1, routed)           0.055     1.431    u_datapath/u_core/u_accum_base_datapath/u_output_slice/u_scanner/words_accepted[10]_i_19_n_0
    SLICE_X28Y38         LUT6 (Prop_G6LUT_SLICEM_I2_O)
                                                      0.152     1.583 r  u_datapath/u_core/u_accum_base_datapath/u_output_slice/u_scanner/words_accepted[10]_i_8/O
                         net (fo=1, routed)           0.215     1.798    u_datapath/u_core/u_accum_base_datapath/u_output_slice/u_scanner/words_accepted[10]_i_8_n_0
    SLICE_X32Y38         LUT6 (Prop_E6LUT_SLICEM_I5_O)
                                                      0.083     1.881 r  u_datapath/u_core/u_accum_base_datapath/u_output_slice/u_scanner/words_accepted[10]_i_3/O
                         net (fo=9, routed)           0.256     2.137    u_datapath/u_core/u_accum_base_datapath/u_output_slice/u_partial_sum_bank_pair/g_segment[1].u_bank/ingress_raster_x_q_reg[7]
    SLICE_X33Y46         LUT6 (Prop_D6LUT_SLICEL_I5_O)
                                                      0.057     2.194 f  u_datapath/u_core/u_accum_base_datapath/u_output_slice/u_partial_sum_bank_pair/g_segment[1].u_bank/mem_reg_0_i_166/O
                         net (fo=4, routed)           0.376     2.570    u_datapath/u_core/u_accum_base_datapath/u_output_slice/u_partial_sum_bank_pair/g_segment[0].u_bank/mem_reg_0_0
    SLICE_X37Y50         LUT5 (Prop_F6LUT_SLICEM_I0_O)
                                                      0.056     2.626 f  u_datapath/u_core/u_accum_base_datapath/u_output_slice/u_partial_sum_bank_pair/g_segment[0].u_bank/mem_reg_0_i_96__0/O
                         net (fo=16, routed)          0.062     2.688    u_datapath/u_core/u_accum_base_datapath/u_output_slice/u_partial_sum_bank_pair/g_segment[0].u_bank/mem_reg_0_i_96__0_n_0
    SLICE_X37Y50         LUT5 (Prop_G6LUT_SLICEM_I3_O)
                                                      0.082     2.770 r  u_datapath/u_core/u_accum_base_datapath/u_output_slice/u_partial_sum_bank_pair/g_segment[0].u_bank/mem_reg_0_i_99/O
                         net (fo=265, routed)         0.650     3.419    u_datapath/u_core/u_accum_base_datapath/u_output_slice/u_partial_sum_bank_pair/g_segment[0].u_bank/mem_reg_0_i_99_n_0
    SLICE_X44Y59         LUT5 (Prop_F6LUT_SLICEL_I4_O)
                                                      0.136     3.555 r  u_datapath/u_core/u_accum_base_datapath/u_output_slice/u_partial_sum_bank_pair/g_segment[0].u_bank/mem_reg_2_i_5/O
                         net (fo=1, routed)           0.681     4.236    u_datapath/u_core/u_accum_base_datapath/u_output_slice/u_partial_sum_bank_pair/g_segment[0].u_bank/mem_write_data[171]
    RAMB36_X2Y11         RAMB36E2                                     r  u_datapath/u_core/u_accum_base_datapath/u_output_slice/u_partial_sum_bank_pair/g_segment[0].u_bank/mem_reg_2/DINADIN[27]
  -------------------------------------------------------------------    -------------------

                         (clock clk rise edge)        5.000     5.000 r  
                                                      0.000     5.000 r  clk (IN)
                         net (fo=5992, unset)         0.048     5.048    u_datapath/u_core/u_accum_base_datapath/u_output_slice/u_partial_sum_bank_pair/g_segment[0].u_bank/clk
    RAMB36_X2Y11         RAMB36E2                                     r  u_datapath/u_core/u_accum_base_datapath/u_output_slice/u_partial_sum_bank_pair/g_segment[0].u_bank/mem_reg_2/CLKBWRCLK
                         clock pessimism              0.000     5.048    
                         clock uncertainty           -0.035     5.013    
    RAMB36_X2Y11         RAMB36E2 (Setup_RAMB36E2_RAMB36_CLKBWRCLK_DINADIN[27])
                                                     -0.448     4.565    u_datapath/u_core/u_accum_base_datapath/u_output_slice/u_partial_sum_bank_pair/g_segment[0].u_bank/mem_reg_2
  -------------------------------------------------------------------
                         required time                          4.565    
                         arrival time                          -4.236    
  -------------------------------------------------------------------
                         slack                                  0.328    

Slack (MET) :             0.332ns  (required time - arrival time)
  Source:                 u_datapath/u_core/u_accum_base_datapath/u_output_slice/resident_tile_tag_base_q_reg[4]/C
                            (rising edge-triggered cell FDRE clocked by clk  {rise@0.000ns fall@2.500ns period=5.000ns})
  Destination:            u_datapath/u_core/u_accum_base_datapath/u_output_slice/u_partial_sum_bank_pair/g_segment[0].u_bank/mem_reg_3/DINADIN[14]
                            (rising edge-triggered cell RAMB36E2 clocked by clk  {rise@0.000ns fall@2.500ns period=5.000ns})
  Path Group:             clk
  Path Type:              Setup (Max at Slow Process Corner)
  Requirement:            5.000ns  (clk rise@5.000ns - clk rise@0.000ns)
  Data Path Delay:        4.231ns  (logic 1.398ns (33.045%)  route 2.833ns (66.955%))
  Logic Levels:           10  (CARRY8=2 LUT2=1 LUT5=3 LUT6=4)
  Clock Path Skew:        0.005ns (DCD - SCD + CPR)
    Destination Clock Delay (DCD):    0.048ns = ( 5.048 - 5.000 ) 
    Source Clock Delay      (SCD):    0.043ns
    Clock Pessimism Removal (CPR):    0.000ns
  Clock Uncertainty:      0.035ns  ((TSJ^2 + TIJ^2)^1/2 + DJ) / 2 + PE
    Total System Jitter     (TSJ):    0.071ns
    Total Input Jitter      (TIJ):    0.000ns
    Discrete Jitter          (DJ):    0.000ns
    Phase Error              (PE):    0.000ns

    Location             Delay type                Incr(ns)  Path(ns)    Netlist Resource(s)
  -------------------------------------------------------------------    -------------------
                         (clock clk rise edge)        0.000     0.000 r  
                                                      0.000     0.000 r  clk (IN)
                         net (fo=5992, unset)         0.043     0.043    u_datapath/u_core/u_accum_base_datapath/u_output_slice/clk
    SLICE_X29Y37         FDRE                                         r  u_datapath/u_core/u_accum_base_datapath/u_output_slice/resident_tile_tag_base_q_reg[4]/C
  -------------------------------------------------------------------    -------------------
    SLICE_X29Y37         FDRE (Prop_EFF2_SLICEM_C_Q)
                                                      0.118     0.161 r  u_datapath/u_core/u_accum_base_datapath/u_output_slice/resident_tile_tag_base_q_reg[4]/Q
                         net (fo=5, routed)           0.209     0.370    u_datapath/u_core/u_accum_base_datapath/u_output_slice/u_partial_sum_bank_pair/g_segment[0].u_bank/words_accepted_reg[10]_i_18_0[4]
    SLICE_X29Y37         LUT2 (Prop_E6LUT_SLICEM_I0_O)
                                                      0.187     0.557 r  u_datapath/u_core/u_accum_base_datapath/u_output_slice/u_partial_sum_bank_pair/g_segment[0].u_bank/words_accepted[10]_i_26/O
                         net (fo=1, routed)           0.018     0.575    u_datapath/u_core/u_accum_base_datapath/u_output_slice/u_partial_sum_bank_pair/g_segment[0].u_bank/words_accepted[10]_i_26_n_0
    SLICE_X29Y37         CARRY8 (Prop_CARRY8_SLICEM_S[4]_CO[7])
                                                      0.236     0.811 r  u_datapath/u_core/u_accum_base_datapath/u_output_slice/u_partial_sum_bank_pair/g_segment[0].u_bank/words_accepted_reg[10]_i_16/CO[7]
                         net (fo=1, routed)           0.030     0.841    u_datapath/u_core/u_accum_base_datapath/u_output_slice/u_partial_sum_bank_pair/g_segment[0].u_bank/words_accepted_reg[10]_i_16_n_0
    SLICE_X29Y38         CARRY8 (Prop_CARRY8_SLICEM_CI_O[4])
                                                      0.119     0.960 r  u_datapath/u_core/u_accum_base_datapath/u_output_slice/u_partial_sum_bank_pair/g_segment[0].u_bank/words_accepted_reg[10]_i_18/O[4]
                         net (fo=1, routed)           0.191     1.151    u_datapath/u_core/u_accum_base_datapath/u_output_slice/u_scanner/scanner_metadata_match1[12]
    SLICE_X28Y38         LUT6 (Prop_B6LUT_SLICEM_I2_O)
                                                      0.225     1.376 r  u_datapath/u_core/u_accum_base_datapath/u_output_slice/u_scanner/words_accepted[10]_i_19/O
                         net (fo=1, routed)           0.055     1.431    u_datapath/u_core/u_accum_base_datapath/u_output_slice/u_scanner/words_accepted[10]_i_19_n_0
    SLICE_X28Y38         LUT6 (Prop_G6LUT_SLICEM_I2_O)
                                                      0.152     1.583 r  u_datapath/u_core/u_accum_base_datapath/u_output_slice/u_scanner/words_accepted[10]_i_8/O
                         net (fo=1, routed)           0.215     1.798    u_datapath/u_core/u_accum_base_datapath/u_output_slice/u_scanner/words_accepted[10]_i_8_n_0
    SLICE_X32Y38         LUT6 (Prop_E6LUT_SLICEM_I5_O)
                                                      0.083     1.881 r  u_datapath/u_core/u_accum_base_datapath/u_output_slice/u_scanner/words_accepted[10]_i_3/O
                         net (fo=9, routed)           0.256     2.137    u_datapath/u_core/u_accum_base_datapath/u_output_slice/u_partial_sum_bank_pair/g_segment[1].u_bank/ingress_raster_x_q_reg[7]
    SLICE_X33Y46         LUT6 (Prop_D6LUT_SLICEL_I5_O)
                                                      0.057     2.194 f  u_datapath/u_core/u_accum_base_datapath/u_output_slice/u_partial_sum_bank_pair/g_segment[1].u_bank/mem_reg_0_i_166/O
                         net (fo=4, routed)           0.376     2.570    u_datapath/u_core/u_accum_base_datapath/u_output_slice/u_partial_sum_bank_pair/g_segment[0].u_bank/mem_reg_0_0
    SLICE_X37Y50         LUT5 (Prop_F6LUT_SLICEM_I0_O)
                                                      0.056     2.626 f  u_datapath/u_core/u_accum_base_datapath/u_output_slice/u_partial_sum_bank_pair/g_segment[0].u_bank/mem_reg_0_i_96__0/O
                         net (fo=16, routed)          0.062     2.688    u_datapath/u_core/u_accum_base_datapath/u_output_slice/u_partial_sum_bank_pair/g_segment[0].u_bank/mem_reg_0_i_96__0_n_0
    SLICE_X37Y50         LUT5 (Prop_G6LUT_SLICEM_I3_O)
                                                      0.082     2.770 r  u_datapath/u_core/u_accum_base_datapath/u_output_slice/u_partial_sum_bank_pair/g_segment[0].u_bank/mem_reg_0_i_99/O
                         net (fo=265, routed)         0.767     3.537    u_datapath/u_core/u_accum_base_datapath/u_output_slice/u_partial_sum_bank_pair/g_segment[0].u_bank/mem_reg_0_i_99_n_0
    SLICE_X47Y48         LUT5 (Prop_B6LUT_SLICEL_I4_O)
                                                      0.083     3.620 r  u_datapath/u_core/u_accum_base_datapath/u_output_slice/u_partial_sum_bank_pair/g_segment[0].u_bank/mem_reg_3_i_18/O
                         net (fo=1, routed)           0.654     4.274    u_datapath/u_core/u_accum_base_datapath/u_output_slice/u_partial_sum_bank_pair/g_segment[0].u_bank/mem_write_data[230]
    RAMB36_X2Y10         RAMB36E2                                     r  u_datapath/u_core/u_accum_base_datapath/u_output_slice/u_partial_sum_bank_pair/g_segment[0].u_bank/mem_reg_3/DINADIN[14]
  -------------------------------------------------------------------    -------------------

                         (clock clk rise edge)        5.000     5.000 r  
                                                      0.000     5.000 r  clk (IN)
                         net (fo=5992, unset)         0.048     5.048    u_datapath/u_core/u_accum_base_datapath/u_output_slice/u_partial_sum_bank_pair/g_segment[0].u_bank/clk
    RAMB36_X2Y10         RAMB36E2                                     r  u_datapath/u_core/u_accum_base_datapath/u_output_slice/u_partial_sum_bank_pair/g_segment[0].u_bank/mem_reg_3/CLKBWRCLK
                         clock pessimism              0.000     5.048    
                         clock uncertainty           -0.035     5.013    
    RAMB36_X2Y10         RAMB36E2 (Setup_RAMB36E2_RAMB36_CLKBWRCLK_DINADIN[14])
                                                     -0.407     4.606    u_datapath/u_core/u_accum_base_datapath/u_output_slice/u_partial_sum_bank_pair/g_segment[0].u_bank/mem_reg_3
  -------------------------------------------------------------------
                         required time                          4.606    
                         arrival time                          -4.274    
  -------------------------------------------------------------------
                         slack                                  0.332    

Slack (MET) :             0.333ns  (required time - arrival time)
  Source:                 u_datapath/u_core/u_accum_base_datapath/u_output_slice/resident_tile_tag_base_q_reg[4]/C
                            (rising edge-triggered cell FDRE clocked by clk  {rise@0.000ns fall@2.500ns period=5.000ns})
  Destination:            u_datapath/u_core/u_accum_base_datapath/u_output_slice/u_partial_sum_bank_pair/g_segment[0].u_bank/mem_reg_3/DINADIN[5]
                            (rising edge-triggered cell RAMB36E2 clocked by clk  {rise@0.000ns fall@2.500ns period=5.000ns})
  Path Group:             clk
  Path Type:              Setup (Max at Slow Process Corner)
  Requirement:            5.000ns  (clk rise@5.000ns - clk rise@0.000ns)
  Data Path Delay:        4.181ns  (logic 1.468ns (35.112%)  route 2.713ns (64.888%))
  Logic Levels:           10  (CARRY8=2 LUT2=1 LUT5=3 LUT6=4)
  Clock Path Skew:        0.005ns (DCD - SCD + CPR)
    Destination Clock Delay (DCD):    0.048ns = ( 5.048 - 5.000 ) 
    Source Clock Delay      (SCD):    0.043ns
    Clock Pessimism Removal (CPR):    0.000ns
  Clock Uncertainty:      0.035ns  ((TSJ^2 + TIJ^2)^1/2 + DJ) / 2 + PE
    Total System Jitter     (TSJ):    0.071ns
    Total Input Jitter      (TIJ):    0.000ns
    Discrete Jitter          (DJ):    0.000ns
    Phase Error              (PE):    0.000ns

    Location             Delay type                Incr(ns)  Path(ns)    Netlist Resource(s)
  -------------------------------------------------------------------    -------------------
                         (clock clk rise edge)        0.000     0.000 r  
                                                      0.000     0.000 r  clk (IN)
                         net (fo=5992, unset)         0.043     0.043    u_datapath/u_core/u_accum_base_datapath/u_output_slice/clk
    SLICE_X29Y37         FDRE                                         r  u_datapath/u_core/u_accum_base_datapath/u_output_slice/resident_tile_tag_base_q_reg[4]/C
  -------------------------------------------------------------------    -------------------
    SLICE_X29Y37         FDRE (Prop_EFF2_SLICEM_C_Q)
                                                      0.118     0.161 r  u_datapath/u_core/u_accum_base_datapath/u_output_slice/resident_tile_tag_base_q_reg[4]/Q
                         net (fo=5, routed)           0.209     0.370    u_datapath/u_core/u_accum_base_datapath/u_output_slice/u_partial_sum_bank_pair/g_segment[0].u_bank/words_accepted_reg[10]_i_18_0[4]
    SLICE_X29Y37         LUT2 (Prop_E6LUT_SLICEM_I0_O)
                                                      0.187     0.557 r  u_datapath/u_core/u_accum_base_datapath/u_output_slice/u_partial_sum_bank_pair/g_segment[0].u_bank/words_accepted[10]_i_26/O
                         net (fo=1, routed)           0.018     0.575    u_datapath/u_core/u_accum_base_datapath/u_output_slice/u_partial_sum_bank_pair/g_segment[0].u_bank/words_accepted[10]_i_26_n_0
    SLICE_X29Y37         CARRY8 (Prop_CARRY8_SLICEM_S[4]_CO[7])
                                                      0.236     0.811 r  u_datapath/u_core/u_accum_base_datapath/u_output_slice/u_partial_sum_bank_pair/g_segment[0].u_bank/words_accepted_reg[10]_i_16/CO[7]
                         net (fo=1, routed)           0.030     0.841    u_datapath/u_core/u_accum_base_datapath/u_output_slice/u_partial_sum_bank_pair/g_segment[0].u_bank/words_accepted_reg[10]_i_16_n_0
    SLICE_X29Y38         CARRY8 (Prop_CARRY8_SLICEM_CI_O[4])
                                                      0.119     0.960 r  u_datapath/u_core/u_accum_base_datapath/u_output_slice/u_partial_sum_bank_pair/g_segment[0].u_bank/words_accepted_reg[10]_i_18/O[4]
                         net (fo=1, routed)           0.191     1.151    u_datapath/u_core/u_accum_base_datapath/u_output_slice/u_scanner/scanner_metadata_match1[12]
    SLICE_X28Y38         LUT6 (Prop_B6LUT_SLICEM_I2_O)
                                                      0.225     1.376 r  u_datapath/u_core/u_accum_base_datapath/u_output_slice/u_scanner/words_accepted[10]_i_19/O
                         net (fo=1, routed)           0.055     1.431    u_datapath/u_core/u_accum_base_datapath/u_output_slice/u_scanner/words_accepted[10]_i_19_n_0
    SLICE_X28Y38         LUT6 (Prop_G6LUT_SLICEM_I2_O)
                                                      0.152     1.583 r  u_datapath/u_core/u_accum_base_datapath/u_output_slice/u_scanner/words_accepted[10]_i_8/O
                         net (fo=1, routed)           0.215     1.798    u_datapath/u_core/u_accum_base_datapath/u_output_slice/u_scanner/words_accepted[10]_i_8_n_0
    SLICE_X32Y38         LUT6 (Prop_E6LUT_SLICEM_I5_O)
                                                      0.083     1.881 r  u_datapath/u_core/u_accum_base_datapath/u_output_slice/u_scanner/words_accepted[10]_i_3/O
                         net (fo=9, routed)           0.256     2.137    u_datapath/u_core/u_accum_base_datapath/u_output_slice/u_partial_sum_bank_pair/g_segment[1].u_bank/ingress_raster_x_q_reg[7]
    SLICE_X33Y46         LUT6 (Prop_D6LUT_SLICEL_I5_O)
                                                      0.057     2.194 f  u_datapath/u_core/u_accum_base_datapath/u_output_slice/u_partial_sum_bank_pair/g_segment[1].u_bank/mem_reg_0_i_166/O
                         net (fo=4, routed)           0.376     2.570    u_datapath/u_core/u_accum_base_datapath/u_output_slice/u_partial_sum_bank_pair/g_segment[0].u_bank/mem_reg_0_0
    SLICE_X37Y50         LUT5 (Prop_F6LUT_SLICEM_I0_O)
                                                      0.056     2.626 f  u_datapath/u_core/u_accum_base_datapath/u_output_slice/u_partial_sum_bank_pair/g_segment[0].u_bank/mem_reg_0_i_96__0/O
                         net (fo=16, routed)          0.062     2.688    u_datapath/u_core/u_accum_base_datapath/u_output_slice/u_partial_sum_bank_pair/g_segment[0].u_bank/mem_reg_0_i_96__0_n_0
    SLICE_X37Y50         LUT5 (Prop_G6LUT_SLICEM_I3_O)
                                                      0.082     2.770 r  u_datapath/u_core/u_accum_base_datapath/u_output_slice/u_partial_sum_bank_pair/g_segment[0].u_bank/mem_reg_0_i_99/O
                         net (fo=265, routed)         0.634     3.404    u_datapath/u_core/u_accum_base_datapath/u_output_slice/u_partial_sum_bank_pair/g_segment[0].u_bank/mem_reg_0_i_99_n_0
    SLICE_X46Y51         LUT5 (Prop_H6LUT_SLICEL_I2_O)
                                                      0.153     3.557 r  u_datapath/u_core/u_accum_base_datapath/u_output_slice/u_partial_sum_bank_pair/g_segment[0].u_bank/mem_reg_3_i_27/O
                         net (fo=1, routed)           0.667     4.224    u_datapath/u_core/u_accum_base_datapath/u_output_slice/u_partial_sum_bank_pair/g_segment[0].u_bank/mem_write_data[221]
    RAMB36_X2Y10         RAMB36E2                                     r  u_datapath/u_core/u_accum_base_datapath/u_output_slice/u_partial_sum_bank_pair/g_segment[0].u_bank/mem_reg_3/DINADIN[5]
  -------------------------------------------------------------------    -------------------

                         (clock clk rise edge)        5.000     5.000 r  
                                                      0.000     5.000 r  clk (IN)
                         net (fo=5992, unset)         0.048     5.048    u_datapath/u_core/u_accum_base_datapath/u_output_slice/u_partial_sum_bank_pair/g_segment[0].u_bank/clk
    RAMB36_X2Y10         RAMB36E2                                     r  u_datapath/u_core/u_accum_base_datapath/u_output_slice/u_partial_sum_bank_pair/g_segment[0].u_bank/mem_reg_3/CLKBWRCLK
                         clock pessimism              0.000     5.048    
                         clock uncertainty           -0.035     5.013    
    RAMB36_X2Y10         RAMB36E2 (Setup_RAMB36E2_RAMB36_CLKBWRCLK_DINADIN[5])
                                                     -0.456     4.557    u_datapath/u_core/u_accum_base_datapath/u_output_slice/u_partial_sum_bank_pair/g_segment[0].u_bank/mem_reg_3
  -------------------------------------------------------------------
                         required time                          4.557    
                         arrival time                          -4.224    
  -------------------------------------------------------------------
                         slack                                  0.333    

Slack (MET) :             0.334ns  (required time - arrival time)
  Source:                 u_datapath/u_core/u_accum_base_datapath/u_output_slice/resident_tile_tag_base_q_reg[4]/C
                            (rising edge-triggered cell FDRE clocked by clk  {rise@0.000ns fall@2.500ns period=5.000ns})
  Destination:            u_datapath/u_core/u_accum_base_datapath/u_output_slice/u_partial_sum_bank_pair/g_segment[0].u_bank/mem_reg_2/DINADIN[17]
                            (rising edge-triggered cell RAMB36E2 clocked by clk  {rise@0.000ns fall@2.500ns period=5.000ns})
  Path Group:             clk
  Path Type:              Setup (Max at Slow Process Corner)
  Requirement:            5.000ns  (clk rise@5.000ns - clk rise@0.000ns)
  Data Path Delay:        4.178ns  (logic 1.398ns (33.461%)  route 2.780ns (66.539%))
  Logic Levels:           10  (CARRY8=2 LUT2=1 LUT5=3 LUT6=4)
  Clock Path Skew:        0.005ns (DCD - SCD + CPR)
    Destination Clock Delay (DCD):    0.048ns = ( 5.048 - 5.000 ) 
    Source Clock Delay      (SCD):    0.043ns
    Clock Pessimism Removal (CPR):    0.000ns
  Clock Uncertainty:      0.035ns  ((TSJ^2 + TIJ^2)^1/2 + DJ) / 2 + PE
    Total System Jitter     (TSJ):    0.071ns
    Total Input Jitter      (TIJ):    0.000ns
    Discrete Jitter          (DJ):    0.000ns
    Phase Error              (PE):    0.000ns

    Location             Delay type                Incr(ns)  Path(ns)    Netlist Resource(s)
  -------------------------------------------------------------------    -------------------
                         (clock clk rise edge)        0.000     0.000 r  
                                                      0.000     0.000 r  clk (IN)
                         net (fo=5992, unset)         0.043     0.043    u_datapath/u_core/u_accum_base_datapath/u_output_slice/clk
    SLICE_X29Y37         FDRE                                         r  u_datapath/u_core/u_accum_base_datapath/u_output_slice/resident_tile_tag_base_q_reg[4]/C
  -------------------------------------------------------------------    -------------------
    SLICE_X29Y37         FDRE (Prop_EFF2_SLICEM_C_Q)
                                                      0.118     0.161 r  u_datapath/u_core/u_accum_base_datapath/u_output_slice/resident_tile_tag_base_q_reg[4]/Q
                         net (fo=5, routed)           0.209     0.370    u_datapath/u_core/u_accum_base_datapath/u_output_slice/u_partial_sum_bank_pair/g_segment[0].u_bank/words_accepted_reg[10]_i_18_0[4]
    SLICE_X29Y37         LUT2 (Prop_E6LUT_SLICEM_I0_O)
                                                      0.187     0.557 r  u_datapath/u_core/u_accum_base_datapath/u_output_slice/u_partial_sum_bank_pair/g_segment[0].u_bank/words_accepted[10]_i_26/O
                         net (fo=1, routed)           0.018     0.575    u_datapath/u_core/u_accum_base_datapath/u_output_slice/u_partial_sum_bank_pair/g_segment[0].u_bank/words_accepted[10]_i_26_n_0
    SLICE_X29Y37         CARRY8 (Prop_CARRY8_SLICEM_S[4]_CO[7])
                                                      0.236     0.811 r  u_datapath/u_core/u_accum_base_datapath/u_output_slice/u_partial_sum_bank_pair/g_segment[0].u_bank/words_accepted_reg[10]_i_16/CO[7]
                         net (fo=1, routed)           0.030     0.841    u_datapath/u_core/u_accum_base_datapath/u_output_slice/u_partial_sum_bank_pair/g_segment[0].u_bank/words_accepted_reg[10]_i_16_n_0
    SLICE_X29Y38         CARRY8 (Prop_CARRY8_SLICEM_CI_O[4])
                                                      0.119     0.960 r  u_datapath/u_core/u_accum_base_datapath/u_output_slice/u_partial_sum_bank_pair/g_segment[0].u_bank/words_accepted_reg[10]_i_18/O[4]
                         net (fo=1, routed)           0.191     1.151    u_datapath/u_core/u_accum_base_datapath/u_output_slice/u_scanner/scanner_metadata_match1[12]
    SLICE_X28Y38         LUT6 (Prop_B6LUT_SLICEM_I2_O)
                                                      0.225     1.376 r  u_datapath/u_core/u_accum_base_datapath/u_output_slice/u_scanner/words_accepted[10]_i_19/O
                         net (fo=1, routed)           0.055     1.431    u_datapath/u_core/u_accum_base_datapath/u_output_slice/u_scanner/words_accepted[10]_i_19_n_0
    SLICE_X28Y38         LUT6 (Prop_G6LUT_SLICEM_I2_O)
                                                      0.152     1.583 r  u_datapath/u_core/u_accum_base_datapath/u_output_slice/u_scanner/words_accepted[10]_i_8/O
                         net (fo=1, routed)           0.215     1.798    u_datapath/u_core/u_accum_base_datapath/u_output_slice/u_scanner/words_accepted[10]_i_8_n_0
    SLICE_X32Y38         LUT6 (Prop_E6LUT_SLICEM_I5_O)
                                                      0.083     1.881 r  u_datapath/u_core/u_accum_base_datapath/u_output_slice/u_scanner/words_accepted[10]_i_3/O
                         net (fo=9, routed)           0.256     2.137    u_datapath/u_core/u_accum_base_datapath/u_output_slice/u_partial_sum_bank_pair/g_segment[1].u_bank/ingress_raster_x_q_reg[7]
    SLICE_X33Y46         LUT6 (Prop_D6LUT_SLICEL_I5_O)
                                                      0.057     2.194 f  u_datapath/u_core/u_accum_base_datapath/u_output_slice/u_partial_sum_bank_pair/g_segment[1].u_bank/mem_reg_0_i_166/O
                         net (fo=4, routed)           0.376     2.570    u_datapath/u_core/u_accum_base_datapath/u_output_slice/u_partial_sum_bank_pair/g_segment[0].u_bank/mem_reg_0_0
    SLICE_X37Y50         LUT5 (Prop_F6LUT_SLICEM_I0_O)
                                                      0.056     2.626 f  u_datapath/u_core/u_accum_base_datapath/u_output_slice/u_partial_sum_bank_pair/g_segment[0].u_bank/mem_reg_0_i_96__0/O
                         net (fo=16, routed)          0.062     2.688    u_datapath/u_core/u_accum_base_datapath/u_output_slice/u_partial_sum_bank_pair/g_segment[0].u_bank/mem_reg_0_i_96__0_n_0
    SLICE_X37Y50         LUT5 (Prop_G6LUT_SLICEM_I3_O)
                                                      0.082     2.770 r  u_datapath/u_core/u_accum_base_datapath/u_output_slice/u_partial_sum_bank_pair/g_segment[0].u_bank/mem_reg_0_i_99/O
                         net (fo=265, routed)         0.667     3.437    u_datapath/u_core/u_accum_base_datapath/u_output_slice/u_partial_sum_bank_pair/g_segment[0].u_bank/mem_reg_0_i_99_n_0
    SLICE_X46Y56         LUT5 (Prop_B6LUT_SLICEL_I4_O)
                                                      0.083     3.520 r  u_datapath/u_core/u_accum_base_datapath/u_output_slice/u_partial_sum_bank_pair/g_segment[0].u_bank/mem_reg_2_i_15/O
                         net (fo=1, routed)           0.701     4.221    u_datapath/u_core/u_accum_base_datapath/u_output_slice/u_partial_sum_bank_pair/g_segment[0].u_bank/mem_write_data[161]
    RAMB36_X2Y11         RAMB36E2                                     r  u_datapath/u_core/u_accum_base_datapath/u_output_slice/u_partial_sum_bank_pair/g_segment[0].u_bank/mem_reg_2/DINADIN[17]
  -------------------------------------------------------------------    -------------------

                         (clock clk rise edge)        5.000     5.000 r  
                                                      0.000     5.000 r  clk (IN)
                         net (fo=5992, unset)         0.048     5.048    u_datapath/u_core/u_accum_base_datapath/u_output_slice/u_partial_sum_bank_pair/g_segment[0].u_bank/clk
    RAMB36_X2Y11         RAMB36E2                                     r  u_datapath/u_core/u_accum_base_datapath/u_output_slice/u_partial_sum_bank_pair/g_segment[0].u_bank/mem_reg_2/CLKBWRCLK
                         clock pessimism              0.000     5.048    
                         clock uncertainty           -0.035     5.013    
    RAMB36_X2Y11         RAMB36E2 (Setup_RAMB36E2_RAMB36_CLKBWRCLK_DINADIN[17])
                                                     -0.458     4.555    u_datapath/u_core/u_accum_base_datapath/u_output_slice/u_partial_sum_bank_pair/g_segment[0].u_bank/mem_reg_2
  -------------------------------------------------------------------
                         required time                          4.555    
                         arrival time                          -4.221    
  -------------------------------------------------------------------
                         slack                                  0.334    

Slack (MET) :             0.341ns  (required time - arrival time)
  Source:                 u_datapath/u_core/u_accum_base_datapath/u_output_slice/resident_tile_tag_base_q_reg[4]/C
                            (rising edge-triggered cell FDRE clocked by clk  {rise@0.000ns fall@2.500ns period=5.000ns})
  Destination:            u_datapath/u_core/u_accum_base_datapath/u_output_slice/u_partial_sum_bank_pair/g_segment[0].u_bank/mem_reg_2/DINADIN[11]
                            (rising edge-triggered cell RAMB36E2 clocked by clk  {rise@0.000ns fall@2.500ns period=5.000ns})
  Path Group:             clk
  Path Type:              Setup (Max at Slow Process Corner)
  Requirement:            5.000ns  (clk rise@5.000ns - clk rise@0.000ns)
  Data Path Delay:        4.208ns  (logic 1.397ns (33.195%)  route 2.811ns (66.805%))
  Logic Levels:           10  (CARRY8=2 LUT2=1 LUT5=3 LUT6=4)
  Clock Path Skew:        0.005ns (DCD - SCD + CPR)
    Destination Clock Delay (DCD):    0.048ns = ( 5.048 - 5.000 ) 
    Source Clock Delay      (SCD):    0.043ns
    Clock Pessimism Removal (CPR):    0.000ns
  Clock Uncertainty:      0.035ns  ((TSJ^2 + TIJ^2)^1/2 + DJ) / 2 + PE
    Total System Jitter     (TSJ):    0.071ns
    Total Input Jitter      (TIJ):    0.000ns
    Discrete Jitter          (DJ):    0.000ns
    Phase Error              (PE):    0.000ns

    Location             Delay type                Incr(ns)  Path(ns)    Netlist Resource(s)
  -------------------------------------------------------------------    -------------------
                         (clock clk rise edge)        0.000     0.000 r  
                                                      0.000     0.000 r  clk (IN)
                         net (fo=5992, unset)         0.043     0.043    u_datapath/u_core/u_accum_base_datapath/u_output_slice/clk
    SLICE_X29Y37         FDRE                                         r  u_datapath/u_core/u_accum_base_datapath/u_output_slice/resident_tile_tag_base_q_reg[4]/C
  -------------------------------------------------------------------    -------------------
    SLICE_X29Y37         FDRE (Prop_EFF2_SLICEM_C_Q)
                                                      0.118     0.161 r  u_datapath/u_core/u_accum_base_datapath/u_output_slice/resident_tile_tag_base_q_reg[4]/Q
                         net (fo=5, routed)           0.209     0.370    u_datapath/u_core/u_accum_base_datapath/u_output_slice/u_partial_sum_bank_pair/g_segment[0].u_bank/words_accepted_reg[10]_i_18_0[4]
    SLICE_X29Y37         LUT2 (Prop_E6LUT_SLICEM_I0_O)
                                                      0.187     0.557 r  u_datapath/u_core/u_accum_base_datapath/u_output_slice/u_partial_sum_bank_pair/g_segment[0].u_bank/words_accepted[10]_i_26/O
                         net (fo=1, routed)           0.018     0.575    u_datapath/u_core/u_accum_base_datapath/u_output_slice/u_partial_sum_bank_pair/g_segment[0].u_bank/words_accepted[10]_i_26_n_0
    SLICE_X29Y37         CARRY8 (Prop_CARRY8_SLICEM_S[4]_CO[7])
                                                      0.236     0.811 r  u_datapath/u_core/u_accum_base_datapath/u_output_slice/u_partial_sum_bank_pair/g_segment[0].u_bank/words_accepted_reg[10]_i_16/CO[7]
                         net (fo=1, routed)           0.030     0.841    u_datapath/u_core/u_accum_base_datapath/u_output_slice/u_partial_sum_bank_pair/g_segment[0].u_bank/words_accepted_reg[10]_i_16_n_0
    SLICE_X29Y38         CARRY8 (Prop_CARRY8_SLICEM_CI_O[4])
                                                      0.119     0.960 r  u_datapath/u_core/u_accum_base_datapath/u_output_slice/u_partial_sum_bank_pair/g_segment[0].u_bank/words_accepted_reg[10]_i_18/O[4]
                         net (fo=1, routed)           0.191     1.151    u_datapath/u_core/u_accum_base_datapath/u_output_slice/u_scanner/scanner_metadata_match1[12]
    SLICE_X28Y38         LUT6 (Prop_B6LUT_SLICEM_I2_O)
                                                      0.225     1.376 r  u_datapath/u_core/u_accum_base_datapath/u_output_slice/u_scanner/words_accepted[10]_i_19/O
                         net (fo=1, routed)           0.055     1.431    u_datapath/u_core/u_accum_base_datapath/u_output_slice/u_scanner/words_accepted[10]_i_19_n_0
    SLICE_X28Y38         LUT6 (Prop_G6LUT_SLICEM_I2_O)
                                                      0.152     1.583 r  u_datapath/u_core/u_accum_base_datapath/u_output_slice/u_scanner/words_accepted[10]_i_8/O
                         net (fo=1, routed)           0.215     1.798    u_datapath/u_core/u_accum_base_datapath/u_output_slice/u_scanner/words_accepted[10]_i_8_n_0
    SLICE_X32Y38         LUT6 (Prop_E6LUT_SLICEM_I5_O)
                                                      0.083     1.881 r  u_datapath/u_core/u_accum_base_datapath/u_output_slice/u_scanner/words_accepted[10]_i_3/O
                         net (fo=9, routed)           0.256     2.137    u_datapath/u_core/u_accum_base_datapath/u_output_slice/u_partial_sum_bank_pair/g_segment[1].u_bank/ingress_raster_x_q_reg[7]
    SLICE_X33Y46         LUT6 (Prop_D6LUT_SLICEL_I5_O)
                                                      0.057     2.194 f  u_datapath/u_core/u_accum_base_datapath/u_output_slice/u_partial_sum_bank_pair/g_segment[1].u_bank/mem_reg_0_i_166/O
                         net (fo=4, routed)           0.376     2.570    u_datapath/u_core/u_accum_base_datapath/u_output_slice/u_partial_sum_bank_pair/g_segment[0].u_bank/mem_reg_0_0
    SLICE_X37Y50         LUT5 (Prop_F6LUT_SLICEM_I0_O)
                                                      0.056     2.626 f  u_datapath/u_core/u_accum_base_datapath/u_output_slice/u_partial_sum_bank_pair/g_segment[0].u_bank/mem_reg_0_i_96__0/O
                         net (fo=16, routed)          0.062     2.688    u_datapath/u_core/u_accum_base_datapath/u_output_slice/u_partial_sum_bank_pair/g_segment[0].u_bank/mem_reg_0_i_96__0_n_0
    SLICE_X37Y50         LUT5 (Prop_G6LUT_SLICEM_I3_O)
                                                      0.082     2.770 r  u_datapath/u_core/u_accum_base_datapath/u_output_slice/u_partial_sum_bank_pair/g_segment[0].u_bank/mem_reg_0_i_99/O
                         net (fo=265, routed)         0.740     3.509    u_datapath/u_core/u_accum_base_datapath/u_output_slice/u_partial_sum_bank_pair/g_segment[0].u_bank/mem_reg_0_i_99_n_0
    SLICE_X45Y56         LUT5 (Prop_B6LUT_SLICEM_I2_O)
                                                      0.082     3.591 r  u_datapath/u_core/u_accum_base_datapath/u_output_slice/u_partial_sum_bank_pair/g_segment[0].u_bank/mem_reg_2_i_21/O
                         net (fo=1, routed)           0.660     4.251    u_datapath/u_core/u_accum_base_datapath/u_output_slice/u_partial_sum_bank_pair/g_segment[0].u_bank/mem_write_data[155]
    RAMB36_X2Y11         RAMB36E2                                     r  u_datapath/u_core/u_accum_base_datapath/u_output_slice/u_partial_sum_bank_pair/g_segment[0].u_bank/mem_reg_2/DINADIN[11]
  -------------------------------------------------------------------    -------------------

                         (clock clk rise edge)        5.000     5.000 r  
                                                      0.000     5.000 r  clk (IN)
                         net (fo=5992, unset)         0.048     5.048    u_datapath/u_core/u_accum_base_datapath/u_output_slice/u_partial_sum_bank_pair/g_segment[0].u_bank/clk
    RAMB36_X2Y11         RAMB36E2                                     r  u_datapath/u_core/u_accum_base_datapath/u_output_slice/u_partial_sum_bank_pair/g_segment[0].u_bank/mem_reg_2/CLKBWRCLK
                         clock pessimism              0.000     5.048    
                         clock uncertainty           -0.035     5.013    
    RAMB36_X2Y11         RAMB36E2 (Setup_RAMB36E2_RAMB36_CLKBWRCLK_DINADIN[11])
                                                     -0.420     4.593    u_datapath/u_core/u_accum_base_datapath/u_output_slice/u_partial_sum_bank_pair/g_segment[0].u_bank/mem_reg_2
  -------------------------------------------------------------------
                         required time                          4.593    
                         arrival time                          -4.251    
  -------------------------------------------------------------------
                         slack                                  0.341    

Slack (MET) :             0.347ns  (required time - arrival time)
  Source:                 u_datapath/u_core/u_accum_base_datapath/u_output_slice/resident_tile_tag_base_q_reg[4]/C
                            (rising edge-triggered cell FDRE clocked by clk  {rise@0.000ns fall@2.500ns period=5.000ns})
  Destination:            u_datapath/u_core/u_accum_base_datapath/u_output_slice/u_partial_sum_bank_pair/g_segment[0].u_bank/mem_reg_2/DINBDIN[30]
                            (rising edge-triggered cell RAMB36E2 clocked by clk  {rise@0.000ns fall@2.500ns period=5.000ns})
  Path Group:             clk
  Path Type:              Setup (Max at Slow Process Corner)
  Requirement:            5.000ns  (clk rise@5.000ns - clk rise@0.000ns)
  Data Path Delay:        4.139ns  (logic 1.372ns (33.148%)  route 2.767ns (66.852%))
  Logic Levels:           10  (CARRY8=2 LUT2=1 LUT5=3 LUT6=4)
  Clock Path Skew:        0.005ns (DCD - SCD + CPR)
    Destination Clock Delay (DCD):    0.048ns = ( 5.048 - 5.000 ) 
    Source Clock Delay      (SCD):    0.043ns
    Clock Pessimism Removal (CPR):    0.000ns
  Clock Uncertainty:      0.035ns  ((TSJ^2 + TIJ^2)^1/2 + DJ) / 2 + PE
    Total System Jitter     (TSJ):    0.071ns
    Total Input Jitter      (TIJ):    0.000ns
    Discrete Jitter          (DJ):    0.000ns
    Phase Error              (PE):    0.000ns

    Location             Delay type                Incr(ns)  Path(ns)    Netlist Resource(s)
  -------------------------------------------------------------------    -------------------
                         (clock clk rise edge)        0.000     0.000 r  
                                                      0.000     0.000 r  clk (IN)
                         net (fo=5992, unset)         0.043     0.043    u_datapath/u_core/u_accum_base_datapath/u_output_slice/clk
    SLICE_X29Y37         FDRE                                         r  u_datapath/u_core/u_accum_base_datapath/u_output_slice/resident_tile_tag_base_q_reg[4]/C
  -------------------------------------------------------------------    -------------------
    SLICE_X29Y37         FDRE (Prop_EFF2_SLICEM_C_Q)
                                                      0.118     0.161 r  u_datapath/u_core/u_accum_base_datapath/u_output_slice/resident_tile_tag_base_q_reg[4]/Q
                         net (fo=5, routed)           0.209     0.370    u_datapath/u_core/u_accum_base_datapath/u_output_slice/u_partial_sum_bank_pair/g_segment[0].u_bank/words_accepted_reg[10]_i_18_0[4]
    SLICE_X29Y37         LUT2 (Prop_E6LUT_SLICEM_I0_O)
                                                      0.187     0.557 r  u_datapath/u_core/u_accum_base_datapath/u_output_slice/u_partial_sum_bank_pair/g_segment[0].u_bank/words_accepted[10]_i_26/O
                         net (fo=1, routed)           0.018     0.575    u_datapath/u_core/u_accum_base_datapath/u_output_slice/u_partial_sum_bank_pair/g_segment[0].u_bank/words_accepted[10]_i_26_n_0
    SLICE_X29Y37         CARRY8 (Prop_CARRY8_SLICEM_S[4]_CO[7])
                                                      0.236     0.811 r  u_datapath/u_core/u_accum_base_datapath/u_output_slice/u_partial_sum_bank_pair/g_segment[0].u_bank/words_accepted_reg[10]_i_16/CO[7]
                         net (fo=1, routed)           0.030     0.841    u_datapath/u_core/u_accum_base_datapath/u_output_slice/u_partial_sum_bank_pair/g_segment[0].u_bank/words_accepted_reg[10]_i_16_n_0
    SLICE_X29Y38         CARRY8 (Prop_CARRY8_SLICEM_CI_O[4])
                                                      0.119     0.960 r  u_datapath/u_core/u_accum_base_datapath/u_output_slice/u_partial_sum_bank_pair/g_segment[0].u_bank/words_accepted_reg[10]_i_18/O[4]
                         net (fo=1, routed)           0.191     1.151    u_datapath/u_core/u_accum_base_datapath/u_output_slice/u_scanner/scanner_metadata_match1[12]
    SLICE_X28Y38         LUT6 (Prop_B6LUT_SLICEM_I2_O)
                                                      0.225     1.376 r  u_datapath/u_core/u_accum_base_datapath/u_output_slice/u_scanner/words_accepted[10]_i_19/O
                         net (fo=1, routed)           0.055     1.431    u_datapath/u_core/u_accum_base_datapath/u_output_slice/u_scanner/words_accepted[10]_i_19_n_0
    SLICE_X28Y38         LUT6 (Prop_G6LUT_SLICEM_I2_O)
                                                      0.152     1.583 r  u_datapath/u_core/u_accum_base_datapath/u_output_slice/u_scanner/words_accepted[10]_i_8/O
                         net (fo=1, routed)           0.215     1.798    u_datapath/u_core/u_accum_base_datapath/u_output_slice/u_scanner/words_accepted[10]_i_8_n_0
    SLICE_X32Y38         LUT6 (Prop_E6LUT_SLICEM_I5_O)
                                                      0.083     1.881 r  u_datapath/u_core/u_accum_base_datapath/u_output_slice/u_scanner/words_accepted[10]_i_3/O
                         net (fo=9, routed)           0.256     2.137    u_datapath/u_core/u_accum_base_datapath/u_output_slice/u_partial_sum_bank_pair/g_segment[1].u_bank/ingress_raster_x_q_reg[7]
    SLICE_X33Y46         LUT6 (Prop_D6LUT_SLICEL_I5_O)
                                                      0.057     2.194 f  u_datapath/u_core/u_accum_base_datapath/u_output_slice/u_partial_sum_bank_pair/g_segment[1].u_bank/mem_reg_0_i_166/O
                         net (fo=4, routed)           0.376     2.570    u_datapath/u_core/u_accum_base_datapath/u_output_slice/u_partial_sum_bank_pair/g_segment[0].u_bank/mem_reg_0_0
    SLICE_X37Y50         LUT5 (Prop_F6LUT_SLICEM_I0_O)
                                                      0.056     2.626 f  u_datapath/u_core/u_accum_base_datapath/u_output_slice/u_partial_sum_bank_pair/g_segment[0].u_bank/mem_reg_0_i_96__0/O
                         net (fo=16, routed)          0.062     2.688    u_datapath/u_core/u_accum_base_datapath/u_output_slice/u_partial_sum_bank_pair/g_segment[0].u_bank/mem_reg_0_i_96__0_n_0
    SLICE_X37Y50         LUT5 (Prop_G6LUT_SLICEM_I3_O)
                                                      0.082     2.770 r  u_datapath/u_core/u_accum_base_datapath/u_output_slice/u_partial_sum_bank_pair/g_segment[0].u_bank/mem_reg_0_i_99/O
                         net (fo=265, routed)         0.731     3.501    u_datapath/u_core/u_accum_base_datapath/u_output_slice/u_partial_sum_bank_pair/g_segment[0].u_bank/mem_reg_0_i_99_n_0
    SLICE_X47Y56         LUT5 (Prop_D6LUT_SLICEL_I4_O)
                                                      0.057     3.558 r  u_datapath/u_core/u_accum_base_datapath/u_output_slice/u_partial_sum_bank_pair/g_segment[0].u_bank/mem_reg_2_i_34/O
                         net (fo=1, routed)           0.624     4.182    u_datapath/u_core/u_accum_base_datapath/u_output_slice/u_partial_sum_bank_pair/g_segment[0].u_bank/mem_write_data[206]
    RAMB36_X2Y11         RAMB36E2                                     r  u_datapath/u_core/u_accum_base_datapath/u_output_slice/u_partial_sum_bank_pair/g_segment[0].u_bank/mem_reg_2/DINBDIN[30]
  -------------------------------------------------------------------    -------------------

                         (clock clk rise edge)        5.000     5.000 r  
                                                      0.000     5.000 r  clk (IN)
                         net (fo=5992, unset)         0.048     5.048    u_datapath/u_core/u_accum_base_datapath/u_output_slice/u_partial_sum_bank_pair/g_segment[0].u_bank/clk
    RAMB36_X2Y11         RAMB36E2                                     r  u_datapath/u_core/u_accum_base_datapath/u_output_slice/u_partial_sum_bank_pair/g_segment[0].u_bank/mem_reg_2/CLKBWRCLK
                         clock pessimism              0.000     5.048    
                         clock uncertainty           -0.035     5.013    
    RAMB36_X2Y11         RAMB36E2 (Setup_RAMB36E2_RAMB36_CLKBWRCLK_DINBDIN[30])
                                                     -0.484     4.529    u_datapath/u_core/u_accum_base_datapath/u_output_slice/u_partial_sum_bank_pair/g_segment[0].u_bank/mem_reg_2
  -------------------------------------------------------------------
                         required time                          4.529    
                         arrival time                          -4.182    
  -------------------------------------------------------------------
                         slack                                  0.347    

Slack (MET) :             0.347ns  (required time - arrival time)
  Source:                 u_datapath/u_core/u_accum_base_datapath/u_output_slice/resident_tile_tag_base_q_reg[4]/C
                            (rising edge-triggered cell FDRE clocked by clk  {rise@0.000ns fall@2.500ns period=5.000ns})
  Destination:            u_datapath/u_core/u_accum_base_datapath/u_output_slice/u_partial_sum_bank_pair/g_segment[0].u_bank/mem_reg_3/DINADIN[17]
                            (rising edge-triggered cell RAMB36E2 clocked by clk  {rise@0.000ns fall@2.500ns period=5.000ns})
  Path Group:             clk
  Path Type:              Setup (Max at Slow Process Corner)
  Requirement:            5.000ns  (clk rise@5.000ns - clk rise@0.000ns)
  Data Path Delay:        4.164ns  (logic 1.396ns (33.521%)  route 2.768ns (66.479%))
  Logic Levels:           10  (CARRY8=2 LUT2=1 LUT5=3 LUT6=4)
  Clock Path Skew:        0.005ns (DCD - SCD + CPR)
    Destination Clock Delay (DCD):    0.048ns = ( 5.048 - 5.000 ) 
    Source Clock Delay      (SCD):    0.043ns
    Clock Pessimism Removal (CPR):    0.000ns
  Clock Uncertainty:      0.035ns  ((TSJ^2 + TIJ^2)^1/2 + DJ) / 2 + PE
    Total System Jitter     (TSJ):    0.071ns
    Total Input Jitter      (TIJ):    0.000ns
    Discrete Jitter          (DJ):    0.000ns
    Phase Error              (PE):    0.000ns

    Location             Delay type                Incr(ns)  Path(ns)    Netlist Resource(s)
  -------------------------------------------------------------------    -------------------
                         (clock clk rise edge)        0.000     0.000 r  
                                                      0.000     0.000 r  clk (IN)
                         net (fo=5992, unset)         0.043     0.043    u_datapath/u_core/u_accum_base_datapath/u_output_slice/clk
    SLICE_X29Y37         FDRE                                         r  u_datapath/u_core/u_accum_base_datapath/u_output_slice/resident_tile_tag_base_q_reg[4]/C
  -------------------------------------------------------------------    -------------------
    SLICE_X29Y37         FDRE (Prop_EFF2_SLICEM_C_Q)
                                                      0.118     0.161 r  u_datapath/u_core/u_accum_base_datapath/u_output_slice/resident_tile_tag_base_q_reg[4]/Q
                         net (fo=5, routed)           0.209     0.370    u_datapath/u_core/u_accum_base_datapath/u_output_slice/u_partial_sum_bank_pair/g_segment[0].u_bank/words_accepted_reg[10]_i_18_0[4]
    SLICE_X29Y37         LUT2 (Prop_E6LUT_SLICEM_I0_O)
                                                      0.187     0.557 r  u_datapath/u_core/u_accum_base_datapath/u_output_slice/u_partial_sum_bank_pair/g_segment[0].u_bank/words_accepted[10]_i_26/O
                         net (fo=1, routed)           0.018     0.575    u_datapath/u_core/u_accum_base_datapath/u_output_slice/u_partial_sum_bank_pair/g_segment[0].u_bank/words_accepted[10]_i_26_n_0
    SLICE_X29Y37         CARRY8 (Prop_CARRY8_SLICEM_S[4]_CO[7])
                                                      0.236     0.811 r  u_datapath/u_core/u_accum_base_datapath/u_output_slice/u_partial_sum_bank_pair/g_segment[0].u_bank/words_accepted_reg[10]_i_16/CO[7]
                         net (fo=1, routed)           0.030     0.841    u_datapath/u_core/u_accum_base_datapath/u_output_slice/u_partial_sum_bank_pair/g_segment[0].u_bank/words_accepted_reg[10]_i_16_n_0
    SLICE_X29Y38         CARRY8 (Prop_CARRY8_SLICEM_CI_O[4])
                                                      0.119     0.960 r  u_datapath/u_core/u_accum_base_datapath/u_output_slice/u_partial_sum_bank_pair/g_segment[0].u_bank/words_accepted_reg[10]_i_18/O[4]
                         net (fo=1, routed)           0.191     1.151    u_datapath/u_core/u_accum_base_datapath/u_output_slice/u_scanner/scanner_metadata_match1[12]
    SLICE_X28Y38         LUT6 (Prop_B6LUT_SLICEM_I2_O)
                                                      0.225     1.376 r  u_datapath/u_core/u_accum_base_datapath/u_output_slice/u_scanner/words_accepted[10]_i_19/O
                         net (fo=1, routed)           0.055     1.431    u_datapath/u_core/u_accum_base_datapath/u_output_slice/u_scanner/words_accepted[10]_i_19_n_0
    SLICE_X28Y38         LUT6 (Prop_G6LUT_SLICEM_I2_O)
                                                      0.152     1.583 r  u_datapath/u_core/u_accum_base_datapath/u_output_slice/u_scanner/words_accepted[10]_i_8/O
                         net (fo=1, routed)           0.215     1.798    u_datapath/u_core/u_accum_base_datapath/u_output_slice/u_scanner/words_accepted[10]_i_8_n_0
    SLICE_X32Y38         LUT6 (Prop_E6LUT_SLICEM_I5_O)
                                                      0.083     1.881 r  u_datapath/u_core/u_accum_base_datapath/u_output_slice/u_scanner/words_accepted[10]_i_3/O
                         net (fo=9, routed)           0.256     2.137    u_datapath/u_core/u_accum_base_datapath/u_output_slice/u_partial_sum_bank_pair/g_segment[1].u_bank/ingress_raster_x_q_reg[7]
    SLICE_X33Y46         LUT6 (Prop_D6LUT_SLICEL_I5_O)
                                                      0.057     2.194 f  u_datapath/u_core/u_accum_base_datapath/u_output_slice/u_partial_sum_bank_pair/g_segment[1].u_bank/mem_reg_0_i_166/O
                         net (fo=4, routed)           0.376     2.570    u_datapath/u_core/u_accum_base_datapath/u_output_slice/u_partial_sum_bank_pair/g_segment[0].u_bank/mem_reg_0_0
    SLICE_X37Y50         LUT5 (Prop_F6LUT_SLICEM_I0_O)
                                                      0.056     2.626 f  u_datapath/u_core/u_accum_base_datapath/u_output_slice/u_partial_sum_bank_pair/g_segment[0].u_bank/mem_reg_0_i_96__0/O
                         net (fo=16, routed)          0.062     2.688    u_datapath/u_core/u_accum_base_datapath/u_output_slice/u_partial_sum_bank_pair/g_segment[0].u_bank/mem_reg_0_i_96__0_n_0
    SLICE_X37Y50         LUT5 (Prop_G6LUT_SLICEM_I3_O)
                                                      0.082     2.770 r  u_datapath/u_core/u_accum_base_datapath/u_output_slice/u_partial_sum_bank_pair/g_segment[0].u_bank/mem_reg_0_i_99/O
                         net (fo=265, routed)         0.760     3.529    u_datapath/u_core/u_accum_base_datapath/u_output_slice/u_partial_sum_bank_pair/g_segment[0].u_bank/mem_reg_0_i_99_n_0
    SLICE_X47Y48         LUT5 (Prop_D6LUT_SLICEL_I4_O)
                                                      0.081     3.610 r  u_datapath/u_core/u_accum_base_datapath/u_output_slice/u_partial_sum_bank_pair/g_segment[0].u_bank/mem_reg_3_i_15/O
                         net (fo=1, routed)           0.597     4.207    u_datapath/u_core/u_accum_base_datapath/u_output_slice/u_partial_sum_bank_pair/g_segment[0].u_bank/mem_write_data[233]
    RAMB36_X2Y10         RAMB36E2                                     r  u_datapath/u_core/u_accum_base_datapath/u_output_slice/u_partial_sum_bank_pair/g_segment[0].u_bank/mem_reg_3/DINADIN[17]
  -------------------------------------------------------------------    -------------------

                         (clock clk rise edge)        5.000     5.000 r  
                                                      0.000     5.000 r  clk (IN)
                         net (fo=5992, unset)         0.048     5.048    u_datapath/u_core/u_accum_base_datapath/u_output_slice/u_partial_sum_bank_pair/g_segment[0].u_bank/clk
    RAMB36_X2Y10         RAMB36E2                                     r  u_datapath/u_core/u_accum_base_datapath/u_output_slice/u_partial_sum_bank_pair/g_segment[0].u_bank/mem_reg_3/CLKBWRCLK
                         clock pessimism              0.000     5.048    
                         clock uncertainty           -0.035     5.013    
    RAMB36_X2Y10         RAMB36E2 (Setup_RAMB36E2_RAMB36_CLKBWRCLK_DINADIN[17])
                                                     -0.458     4.555    u_datapath/u_core/u_accum_base_datapath/u_output_slice/u_partial_sum_bank_pair/g_segment[0].u_bank/mem_reg_3
  -------------------------------------------------------------------
                         required time                          4.555    
                         arrival time                          -4.207    
  -------------------------------------------------------------------
                         slack                                  0.347    

Slack (MET) :             0.353ns  (required time - arrival time)
  Source:                 u_datapath/u_core/u_accum_base_datapath/u_output_slice/resident_tile_tag_base_q_reg[4]/C
                            (rising edge-triggered cell FDRE clocked by clk  {rise@0.000ns fall@2.500ns period=5.000ns})
  Destination:            u_datapath/u_core/u_accum_base_datapath/u_output_slice/u_partial_sum_bank_pair/g_segment[0].u_bank/mem_reg_3/DINADIN[16]
                            (rising edge-triggered cell RAMB36E2 clocked by clk  {rise@0.000ns fall@2.500ns period=5.000ns})
  Path Group:             clk
  Path Type:              Setup (Max at Slow Process Corner)
  Requirement:            5.000ns  (clk rise@5.000ns - clk rise@0.000ns)
  Data Path Delay:        4.177ns  (logic 1.396ns (33.417%)  route 2.781ns (66.583%))
  Logic Levels:           10  (CARRY8=2 LUT2=1 LUT5=3 LUT6=4)
  Clock Path Skew:        0.005ns (DCD - SCD + CPR)
    Destination Clock Delay (DCD):    0.048ns = ( 5.048 - 5.000 ) 
    Source Clock Delay      (SCD):    0.043ns
    Clock Pessimism Removal (CPR):    0.000ns
  Clock Uncertainty:      0.035ns  ((TSJ^2 + TIJ^2)^1/2 + DJ) / 2 + PE
    Total System Jitter     (TSJ):    0.071ns
    Total Input Jitter      (TIJ):    0.000ns
    Discrete Jitter          (DJ):    0.000ns
    Phase Error              (PE):    0.000ns

    Location             Delay type                Incr(ns)  Path(ns)    Netlist Resource(s)
  -------------------------------------------------------------------    -------------------
                         (clock clk rise edge)        0.000     0.000 r  
                                                      0.000     0.000 r  clk (IN)
                         net (fo=5992, unset)         0.043     0.043    u_datapath/u_core/u_accum_base_datapath/u_output_slice/clk
    SLICE_X29Y37         FDRE                                         r  u_datapath/u_core/u_accum_base_datapath/u_output_slice/resident_tile_tag_base_q_reg[4]/C
  -------------------------------------------------------------------    -------------------
    SLICE_X29Y37         FDRE (Prop_EFF2_SLICEM_C_Q)
                                                      0.118     0.161 r  u_datapath/u_core/u_accum_base_datapath/u_output_slice/resident_tile_tag_base_q_reg[4]/Q
                         net (fo=5, routed)           0.209     0.370    u_datapath/u_core/u_accum_base_datapath/u_output_slice/u_partial_sum_bank_pair/g_segment[0].u_bank/words_accepted_reg[10]_i_18_0[4]
    SLICE_X29Y37         LUT2 (Prop_E6LUT_SLICEM_I0_O)
                                                      0.187     0.557 r  u_datapath/u_core/u_accum_base_datapath/u_output_slice/u_partial_sum_bank_pair/g_segment[0].u_bank/words_accepted[10]_i_26/O
                         net (fo=1, routed)           0.018     0.575    u_datapath/u_core/u_accum_base_datapath/u_output_slice/u_partial_sum_bank_pair/g_segment[0].u_bank/words_accepted[10]_i_26_n_0
    SLICE_X29Y37         CARRY8 (Prop_CARRY8_SLICEM_S[4]_CO[7])
                                                      0.236     0.811 r  u_datapath/u_core/u_accum_base_datapath/u_output_slice/u_partial_sum_bank_pair/g_segment[0].u_bank/words_accepted_reg[10]_i_16/CO[7]
                         net (fo=1, routed)           0.030     0.841    u_datapath/u_core/u_accum_base_datapath/u_output_slice/u_partial_sum_bank_pair/g_segment[0].u_bank/words_accepted_reg[10]_i_16_n_0
    SLICE_X29Y38         CARRY8 (Prop_CARRY8_SLICEM_CI_O[4])
                                                      0.119     0.960 r  u_datapath/u_core/u_accum_base_datapath/u_output_slice/u_partial_sum_bank_pair/g_segment[0].u_bank/words_accepted_reg[10]_i_18/O[4]
                         net (fo=1, routed)           0.191     1.151    u_datapath/u_core/u_accum_base_datapath/u_output_slice/u_scanner/scanner_metadata_match1[12]
    SLICE_X28Y38         LUT6 (Prop_B6LUT_SLICEM_I2_O)
                                                      0.225     1.376 r  u_datapath/u_core/u_accum_base_datapath/u_output_slice/u_scanner/words_accepted[10]_i_19/O
                         net (fo=1, routed)           0.055     1.431    u_datapath/u_core/u_accum_base_datapath/u_output_slice/u_scanner/words_accepted[10]_i_19_n_0
    SLICE_X28Y38         LUT6 (Prop_G6LUT_SLICEM_I2_O)
                                                      0.152     1.583 r  u_datapath/u_core/u_accum_base_datapath/u_output_slice/u_scanner/words_accepted[10]_i_8/O
                         net (fo=1, routed)           0.215     1.798    u_datapath/u_core/u_accum_base_datapath/u_output_slice/u_scanner/words_accepted[10]_i_8_n_0
    SLICE_X32Y38         LUT6 (Prop_E6LUT_SLICEM_I5_O)
                                                      0.083     1.881 r  u_datapath/u_core/u_accum_base_datapath/u_output_slice/u_scanner/words_accepted[10]_i_3/O
                         net (fo=9, routed)           0.256     2.137    u_datapath/u_core/u_accum_base_datapath/u_output_slice/u_partial_sum_bank_pair/g_segment[1].u_bank/ingress_raster_x_q_reg[7]
    SLICE_X33Y46         LUT6 (Prop_D6LUT_SLICEL_I5_O)
                                                      0.057     2.194 f  u_datapath/u_core/u_accum_base_datapath/u_output_slice/u_partial_sum_bank_pair/g_segment[1].u_bank/mem_reg_0_i_166/O
                         net (fo=4, routed)           0.376     2.570    u_datapath/u_core/u_accum_base_datapath/u_output_slice/u_partial_sum_bank_pair/g_segment[0].u_bank/mem_reg_0_0
    SLICE_X37Y50         LUT5 (Prop_F6LUT_SLICEM_I0_O)
                                                      0.056     2.626 f  u_datapath/u_core/u_accum_base_datapath/u_output_slice/u_partial_sum_bank_pair/g_segment[0].u_bank/mem_reg_0_i_96__0/O
                         net (fo=16, routed)          0.062     2.688    u_datapath/u_core/u_accum_base_datapath/u_output_slice/u_partial_sum_bank_pair/g_segment[0].u_bank/mem_reg_0_i_96__0_n_0
    SLICE_X37Y50         LUT5 (Prop_G6LUT_SLICEM_I3_O)
                                                      0.082     2.770 r  u_datapath/u_core/u_accum_base_datapath/u_output_slice/u_partial_sum_bank_pair/g_segment[0].u_bank/mem_reg_0_i_99/O
                         net (fo=265, routed)         0.762     3.531    u_datapath/u_core/u_accum_base_datapath/u_output_slice/u_partial_sum_bank_pair/g_segment[0].u_bank/mem_reg_0_i_99_n_0
    SLICE_X47Y48         LUT5 (Prop_C6LUT_SLICEL_I4_O)
                                                      0.081     3.612 r  u_datapath/u_core/u_accum_base_datapath/u_output_slice/u_partial_sum_bank_pair/g_segment[0].u_bank/mem_reg_3_i_16/O
                         net (fo=1, routed)           0.608     4.220    u_datapath/u_core/u_accum_base_datapath/u_output_slice/u_partial_sum_bank_pair/g_segment[0].u_bank/mem_write_data[232]
    RAMB36_X2Y10         RAMB36E2                                     r  u_datapath/u_core/u_accum_base_datapath/u_output_slice/u_partial_sum_bank_pair/g_segment[0].u_bank/mem_reg_3/DINADIN[16]
  -------------------------------------------------------------------    -------------------

                         (clock clk rise edge)        5.000     5.000 r  
                                                      0.000     5.000 r  clk (IN)
                         net (fo=5992, unset)         0.048     5.048    u_datapath/u_core/u_accum_base_datapath/u_output_slice/u_partial_sum_bank_pair/g_segment[0].u_bank/clk
    RAMB36_X2Y10         RAMB36E2                                     r  u_datapath/u_core/u_accum_base_datapath/u_output_slice/u_partial_sum_bank_pair/g_segment[0].u_bank/mem_reg_3/CLKBWRCLK
                         clock pessimism              0.000     5.048    
                         clock uncertainty           -0.035     5.013    
    RAMB36_X2Y10         RAMB36E2 (Setup_RAMB36E2_RAMB36_CLKBWRCLK_DINADIN[16])
                                                     -0.439     4.574    u_datapath/u_core/u_accum_base_datapath/u_output_slice/u_partial_sum_bank_pair/g_segment[0].u_bank/mem_reg_3
  -------------------------------------------------------------------
                         required time                          4.574    
                         arrival time                          -4.220    
  -------------------------------------------------------------------
                         slack                                  0.353    

Slack (MET) :             0.360ns  (required time - arrival time)
  Source:                 u_datapath/u_core/u_accum_base_datapath/u_output_slice/resident_tile_tag_base_q_reg[4]/C
                            (rising edge-triggered cell FDRE clocked by clk  {rise@0.000ns fall@2.500ns period=5.000ns})
  Destination:            u_datapath/u_core/u_accum_base_datapath/u_output_slice/u_partial_sum_bank_pair/g_segment[0].u_bank/mem_reg_3/DINADIN[9]
                            (rising edge-triggered cell RAMB36E2 clocked by clk  {rise@0.000ns fall@2.500ns period=5.000ns})
  Path Group:             clk
  Path Type:              Setup (Max at Slow Process Corner)
  Requirement:            5.000ns  (clk rise@5.000ns - clk rise@0.000ns)
  Data Path Delay:        4.161ns  (logic 1.372ns (32.977%)  route 2.789ns (67.023%))
  Logic Levels:           10  (CARRY8=2 LUT2=1 LUT5=3 LUT6=4)
  Clock Path Skew:        0.005ns (DCD - SCD + CPR)
    Destination Clock Delay (DCD):    0.048ns = ( 5.048 - 5.000 ) 
    Source Clock Delay      (SCD):    0.043ns
    Clock Pessimism Removal (CPR):    0.000ns
  Clock Uncertainty:      0.035ns  ((TSJ^2 + TIJ^2)^1/2 + DJ) / 2 + PE
    Total System Jitter     (TSJ):    0.071ns
    Total Input Jitter      (TIJ):    0.000ns
    Discrete Jitter          (DJ):    0.000ns
    Phase Error              (PE):    0.000ns

    Location             Delay type                Incr(ns)  Path(ns)    Netlist Resource(s)
  -------------------------------------------------------------------    -------------------
                         (clock clk rise edge)        0.000     0.000 r  
                                                      0.000     0.000 r  clk (IN)
                         net (fo=5992, unset)         0.043     0.043    u_datapath/u_core/u_accum_base_datapath/u_output_slice/clk
    SLICE_X29Y37         FDRE                                         r  u_datapath/u_core/u_accum_base_datapath/u_output_slice/resident_tile_tag_base_q_reg[4]/C
  -------------------------------------------------------------------    -------------------
    SLICE_X29Y37         FDRE (Prop_EFF2_SLICEM_C_Q)
                                                      0.118     0.161 r  u_datapath/u_core/u_accum_base_datapath/u_output_slice/resident_tile_tag_base_q_reg[4]/Q
                         net (fo=5, routed)           0.209     0.370    u_datapath/u_core/u_accum_base_datapath/u_output_slice/u_partial_sum_bank_pair/g_segment[0].u_bank/words_accepted_reg[10]_i_18_0[4]
    SLICE_X29Y37         LUT2 (Prop_E6LUT_SLICEM_I0_O)
                                                      0.187     0.557 r  u_datapath/u_core/u_accum_base_datapath/u_output_slice/u_partial_sum_bank_pair/g_segment[0].u_bank/words_accepted[10]_i_26/O
                         net (fo=1, routed)           0.018     0.575    u_datapath/u_core/u_accum_base_datapath/u_output_slice/u_partial_sum_bank_pair/g_segment[0].u_bank/words_accepted[10]_i_26_n_0
    SLICE_X29Y37         CARRY8 (Prop_CARRY8_SLICEM_S[4]_CO[7])
                                                      0.236     0.811 r  u_datapath/u_core/u_accum_base_datapath/u_output_slice/u_partial_sum_bank_pair/g_segment[0].u_bank/words_accepted_reg[10]_i_16/CO[7]
                         net (fo=1, routed)           0.030     0.841    u_datapath/u_core/u_accum_base_datapath/u_output_slice/u_partial_sum_bank_pair/g_segment[0].u_bank/words_accepted_reg[10]_i_16_n_0
    SLICE_X29Y38         CARRY8 (Prop_CARRY8_SLICEM_CI_O[4])
                                                      0.119     0.960 r  u_datapath/u_core/u_accum_base_datapath/u_output_slice/u_partial_sum_bank_pair/g_segment[0].u_bank/words_accepted_reg[10]_i_18/O[4]
                         net (fo=1, routed)           0.191     1.151    u_datapath/u_core/u_accum_base_datapath/u_output_slice/u_scanner/scanner_metadata_match1[12]
    SLICE_X28Y38         LUT6 (Prop_B6LUT_SLICEM_I2_O)
                                                      0.225     1.376 r  u_datapath/u_core/u_accum_base_datapath/u_output_slice/u_scanner/words_accepted[10]_i_19/O
                         net (fo=1, routed)           0.055     1.431    u_datapath/u_core/u_accum_base_datapath/u_output_slice/u_scanner/words_accepted[10]_i_19_n_0
    SLICE_X28Y38         LUT6 (Prop_G6LUT_SLICEM_I2_O)
                                                      0.152     1.583 r  u_datapath/u_core/u_accum_base_datapath/u_output_slice/u_scanner/words_accepted[10]_i_8/O
                         net (fo=1, routed)           0.215     1.798    u_datapath/u_core/u_accum_base_datapath/u_output_slice/u_scanner/words_accepted[10]_i_8_n_0
    SLICE_X32Y38         LUT6 (Prop_E6LUT_SLICEM_I5_O)
                                                      0.083     1.881 r  u_datapath/u_core/u_accum_base_datapath/u_output_slice/u_scanner/words_accepted[10]_i_3/O
                         net (fo=9, routed)           0.256     2.137    u_datapath/u_core/u_accum_base_datapath/u_output_slice/u_partial_sum_bank_pair/g_segment[1].u_bank/ingress_raster_x_q_reg[7]
    SLICE_X33Y46         LUT6 (Prop_D6LUT_SLICEL_I5_O)
                                                      0.057     2.194 f  u_datapath/u_core/u_accum_base_datapath/u_output_slice/u_partial_sum_bank_pair/g_segment[1].u_bank/mem_reg_0_i_166/O
                         net (fo=4, routed)           0.376     2.570    u_datapath/u_core/u_accum_base_datapath/u_output_slice/u_partial_sum_bank_pair/g_segment[0].u_bank/mem_reg_0_0
    SLICE_X37Y50         LUT5 (Prop_F6LUT_SLICEM_I0_O)
                                                      0.056     2.626 f  u_datapath/u_core/u_accum_base_datapath/u_output_slice/u_partial_sum_bank_pair/g_segment[0].u_bank/mem_reg_0_i_96__0/O
                         net (fo=16, routed)          0.062     2.688    u_datapath/u_core/u_accum_base_datapath/u_output_slice/u_partial_sum_bank_pair/g_segment[0].u_bank/mem_reg_0_i_96__0_n_0
    SLICE_X37Y50         LUT5 (Prop_G6LUT_SLICEM_I3_O)
                                                      0.082     2.770 r  u_datapath/u_core/u_accum_base_datapath/u_output_slice/u_partial_sum_bank_pair/g_segment[0].u_bank/mem_reg_0_i_99/O
                         net (fo=265, routed)         0.698     3.468    u_datapath/u_core/u_accum_base_datapath/u_output_slice/u_partial_sum_bank_pair/g_segment[0].u_bank/mem_reg_0_i_99_n_0
    SLICE_X47Y48         LUT5 (Prop_E6LUT_SLICEL_I4_O)
                                                      0.057     3.525 r  u_datapath/u_core/u_accum_base_datapath/u_output_slice/u_partial_sum_bank_pair/g_segment[0].u_bank/mem_reg_3_i_23/O
                         net (fo=1, routed)           0.679     4.204    u_datapath/u_core/u_accum_base_datapath/u_output_slice/u_partial_sum_bank_pair/g_segment[0].u_bank/mem_write_data[225]
    RAMB36_X2Y10         RAMB36E2                                     r  u_datapath/u_core/u_accum_base_datapath/u_output_slice/u_partial_sum_bank_pair/g_segment[0].u_bank/mem_reg_3/DINADIN[9]
  -------------------------------------------------------------------    -------------------

                         (clock clk rise edge)        5.000     5.000 r  
                                                      0.000     5.000 r  clk (IN)
                         net (fo=5992, unset)         0.048     5.048    u_datapath/u_core/u_accum_base_datapath/u_output_slice/u_partial_sum_bank_pair/g_segment[0].u_bank/clk
    RAMB36_X2Y10         RAMB36E2                                     r  u_datapath/u_core/u_accum_base_datapath/u_output_slice/u_partial_sum_bank_pair/g_segment[0].u_bank/mem_reg_3/CLKBWRCLK
                         clock pessimism              0.000     5.048    
                         clock uncertainty           -0.035     5.013    
    RAMB36_X2Y10         RAMB36E2 (Setup_RAMB36E2_RAMB36_CLKBWRCLK_DINADIN[9])
                                                     -0.449     4.564    u_datapath/u_core/u_accum_base_datapath/u_output_slice/u_partial_sum_bank_pair/g_segment[0].u_bank/mem_reg_3
  -------------------------------------------------------------------
                         required time                          4.564    
                         arrival time                          -4.204    
  -------------------------------------------------------------------
                         slack                                  0.360    

Slack (MET) :             0.362ns  (required time - arrival time)
  Source:                 u_datapath/u_core/u_accum_base_datapath/u_output_slice/resident_tile_tag_base_q_reg[4]/C
                            (rising edge-triggered cell FDRE clocked by clk  {rise@0.000ns fall@2.500ns period=5.000ns})
  Destination:            u_datapath/u_core/u_accum_base_datapath/u_output_slice/u_partial_sum_bank_pair/g_segment[0].u_bank/mem_reg_3/DINADIN[2]
                            (rising edge-triggered cell RAMB36E2 clocked by clk  {rise@0.000ns fall@2.500ns period=5.000ns})
  Path Group:             clk
  Path Type:              Setup (Max at Slow Process Corner)
  Requirement:            5.000ns  (clk rise@5.000ns - clk rise@0.000ns)
  Data Path Delay:        4.136ns  (logic 1.398ns (33.798%)  route 2.738ns (66.202%))
  Logic Levels:           10  (CARRY8=2 LUT2=1 LUT5=3 LUT6=4)
  Clock Path Skew:        0.005ns (DCD - SCD + CPR)
    Destination Clock Delay (DCD):    0.048ns = ( 5.048 - 5.000 ) 
    Source Clock Delay      (SCD):    0.043ns
    Clock Pessimism Removal (CPR):    0.000ns
  Clock Uncertainty:      0.035ns  ((TSJ^2 + TIJ^2)^1/2 + DJ) / 2 + PE
    Total System Jitter     (TSJ):    0.071ns
    Total Input Jitter      (TIJ):    0.000ns
    Discrete Jitter          (DJ):    0.000ns
    Phase Error              (PE):    0.000ns

    Location             Delay type                Incr(ns)  Path(ns)    Netlist Resource(s)
  -------------------------------------------------------------------    -------------------
                         (clock clk rise edge)        0.000     0.000 r  
                                                      0.000     0.000 r  clk (IN)
                         net (fo=5992, unset)         0.043     0.043    u_datapath/u_core/u_accum_base_datapath/u_output_slice/clk
    SLICE_X29Y37         FDRE                                         r  u_datapath/u_core/u_accum_base_datapath/u_output_slice/resident_tile_tag_base_q_reg[4]/C
  -------------------------------------------------------------------    -------------------
    SLICE_X29Y37         FDRE (Prop_EFF2_SLICEM_C_Q)
                                                      0.118     0.161 r  u_datapath/u_core/u_accum_base_datapath/u_output_slice/resident_tile_tag_base_q_reg[4]/Q
                         net (fo=5, routed)           0.209     0.370    u_datapath/u_core/u_accum_base_datapath/u_output_slice/u_partial_sum_bank_pair/g_segment[0].u_bank/words_accepted_reg[10]_i_18_0[4]
    SLICE_X29Y37         LUT2 (Prop_E6LUT_SLICEM_I0_O)
                                                      0.187     0.557 r  u_datapath/u_core/u_accum_base_datapath/u_output_slice/u_partial_sum_bank_pair/g_segment[0].u_bank/words_accepted[10]_i_26/O
                         net (fo=1, routed)           0.018     0.575    u_datapath/u_core/u_accum_base_datapath/u_output_slice/u_partial_sum_bank_pair/g_segment[0].u_bank/words_accepted[10]_i_26_n_0
    SLICE_X29Y37         CARRY8 (Prop_CARRY8_SLICEM_S[4]_CO[7])
                                                      0.236     0.811 r  u_datapath/u_core/u_accum_base_datapath/u_output_slice/u_partial_sum_bank_pair/g_segment[0].u_bank/words_accepted_reg[10]_i_16/CO[7]
                         net (fo=1, routed)           0.030     0.841    u_datapath/u_core/u_accum_base_datapath/u_output_slice/u_partial_sum_bank_pair/g_segment[0].u_bank/words_accepted_reg[10]_i_16_n_0
    SLICE_X29Y38         CARRY8 (Prop_CARRY8_SLICEM_CI_O[4])
                                                      0.119     0.960 r  u_datapath/u_core/u_accum_base_datapath/u_output_slice/u_partial_sum_bank_pair/g_segment[0].u_bank/words_accepted_reg[10]_i_18/O[4]
                         net (fo=1, routed)           0.191     1.151    u_datapath/u_core/u_accum_base_datapath/u_output_slice/u_scanner/scanner_metadata_match1[12]
    SLICE_X28Y38         LUT6 (Prop_B6LUT_SLICEM_I2_O)
                                                      0.225     1.376 r  u_datapath/u_core/u_accum_base_datapath/u_output_slice/u_scanner/words_accepted[10]_i_19/O
                         net (fo=1, routed)           0.055     1.431    u_datapath/u_core/u_accum_base_datapath/u_output_slice/u_scanner/words_accepted[10]_i_19_n_0
    SLICE_X28Y38         LUT6 (Prop_G6LUT_SLICEM_I2_O)
                                                      0.152     1.583 r  u_datapath/u_core/u_accum_base_datapath/u_output_slice/u_scanner/words_accepted[10]_i_8/O
                         net (fo=1, routed)           0.215     1.798    u_datapath/u_core/u_accum_base_datapath/u_output_slice/u_scanner/words_accepted[10]_i_8_n_0
    SLICE_X32Y38         LUT6 (Prop_E6LUT_SLICEM_I5_O)
                                                      0.083     1.881 r  u_datapath/u_core/u_accum_base_datapath/u_output_slice/u_scanner/words_accepted[10]_i_3/O
                         net (fo=9, routed)           0.256     2.137    u_datapath/u_core/u_accum_base_datapath/u_output_slice/u_partial_sum_bank_pair/g_segment[1].u_bank/ingress_raster_x_q_reg[7]
    SLICE_X33Y46         LUT6 (Prop_D6LUT_SLICEL_I5_O)
                                                      0.057     2.194 f  u_datapath/u_core/u_accum_base_datapath/u_output_slice/u_partial_sum_bank_pair/g_segment[1].u_bank/mem_reg_0_i_166/O
                         net (fo=4, routed)           0.376     2.570    u_datapath/u_core/u_accum_base_datapath/u_output_slice/u_partial_sum_bank_pair/g_segment[0].u_bank/mem_reg_0_0
    SLICE_X37Y50         LUT5 (Prop_F6LUT_SLICEM_I0_O)
                                                      0.056     2.626 f  u_datapath/u_core/u_accum_base_datapath/u_output_slice/u_partial_sum_bank_pair/g_segment[0].u_bank/mem_reg_0_i_96__0/O
                         net (fo=16, routed)          0.062     2.688    u_datapath/u_core/u_accum_base_datapath/u_output_slice/u_partial_sum_bank_pair/g_segment[0].u_bank/mem_reg_0_i_96__0_n_0
    SLICE_X37Y50         LUT5 (Prop_G6LUT_SLICEM_I3_O)
                                                      0.082     2.770 r  u_datapath/u_core/u_accum_base_datapath/u_output_slice/u_partial_sum_bank_pair/g_segment[0].u_bank/mem_reg_0_i_99/O
                         net (fo=265, routed)         0.685     3.454    u_datapath/u_core/u_accum_base_datapath/u_output_slice/u_partial_sum_bank_pair/g_segment[0].u_bank/mem_reg_0_i_99_n_0
    SLICE_X48Y53         LUT5 (Prop_H6LUT_SLICEL_I2_O)
                                                      0.083     3.537 r  u_datapath/u_core/u_accum_base_datapath/u_output_slice/u_partial_sum_bank_pair/g_segment[0].u_bank/mem_reg_3_i_30/O
                         net (fo=1, routed)           0.642     4.179    u_datapath/u_core/u_accum_base_datapath/u_output_slice/u_partial_sum_bank_pair/g_segment[0].u_bank/mem_write_data[218]
    RAMB36_X2Y10         RAMB36E2                                     r  u_datapath/u_core/u_accum_base_datapath/u_output_slice/u_partial_sum_bank_pair/g_segment[0].u_bank/mem_reg_3/DINADIN[2]
  -------------------------------------------------------------------    -------------------

                         (clock clk rise edge)        5.000     5.000 r  
                                                      0.000     5.000 r  clk (IN)
                         net (fo=5992, unset)         0.048     5.048    u_datapath/u_core/u_accum_base_datapath/u_output_slice/u_partial_sum_bank_pair/g_segment[0].u_bank/clk
    RAMB36_X2Y10         RAMB36E2                                     r  u_datapath/u_core/u_accum_base_datapath/u_output_slice/u_partial_sum_bank_pair/g_segment[0].u_bank/mem_reg_3/CLKBWRCLK
                         clock pessimism              0.000     5.048    
                         clock uncertainty           -0.035     5.013    
    RAMB36_X2Y10         RAMB36E2 (Setup_RAMB36E2_RAMB36_CLKBWRCLK_DINADIN[2])
                                                     -0.471     4.542    u_datapath/u_core/u_accum_base_datapath/u_output_slice/u_partial_sum_bank_pair/g_segment[0].u_bank/mem_reg_3
  -------------------------------------------------------------------
                         required time                          4.542    
                         arrival time                          -4.179    
  -------------------------------------------------------------------
                         slack                                  0.362    

Slack (MET) :             0.362ns  (required time - arrival time)
  Source:                 u_datapath/u_core/u_accum_base_datapath/u_output_slice/resident_tile_tag_base_q_reg[4]/C
                            (rising edge-triggered cell FDRE clocked by clk  {rise@0.000ns fall@2.500ns period=5.000ns})
  Destination:            u_datapath/u_core/u_accum_base_datapath/u_output_slice/u_partial_sum_bank_pair/g_segment[0].u_bank/mem_reg_2/DINADIN[12]
                            (rising edge-triggered cell RAMB36E2 clocked by clk  {rise@0.000ns fall@2.500ns period=5.000ns})
  Path Group:             clk
  Path Type:              Setup (Max at Slow Process Corner)
  Requirement:            5.000ns  (clk rise@5.000ns - clk rise@0.000ns)
  Data Path Delay:        4.210ns  (logic 1.395ns (33.134%)  route 2.815ns (66.866%))
  Logic Levels:           10  (CARRY8=2 LUT2=1 LUT5=3 LUT6=4)
  Clock Path Skew:        0.005ns (DCD - SCD + CPR)
    Destination Clock Delay (DCD):    0.048ns = ( 5.048 - 5.000 ) 
    Source Clock Delay      (SCD):    0.043ns
    Clock Pessimism Removal (CPR):    0.000ns
  Clock Uncertainty:      0.035ns  ((TSJ^2 + TIJ^2)^1/2 + DJ) / 2 + PE
    Total System Jitter     (TSJ):    0.071ns
    Total Input Jitter      (TIJ):    0.000ns
    Discrete Jitter          (DJ):    0.000ns
    Phase Error              (PE):    0.000ns

    Location             Delay type                Incr(ns)  Path(ns)    Netlist Resource(s)
  -------------------------------------------------------------------    -------------------
                         (clock clk rise edge)        0.000     0.000 r  
                                                      0.000     0.000 r  clk (IN)
                         net (fo=5992, unset)         0.043     0.043    u_datapath/u_core/u_accum_base_datapath/u_output_slice/clk
    SLICE_X29Y37         FDRE                                         r  u_datapath/u_core/u_accum_base_datapath/u_output_slice/resident_tile_tag_base_q_reg[4]/C
  -------------------------------------------------------------------    -------------------
    SLICE_X29Y37         FDRE (Prop_EFF2_SLICEM_C_Q)
                                                      0.118     0.161 r  u_datapath/u_core/u_accum_base_datapath/u_output_slice/resident_tile_tag_base_q_reg[4]/Q
                         net (fo=5, routed)           0.209     0.370    u_datapath/u_core/u_accum_base_datapath/u_output_slice/u_partial_sum_bank_pair/g_segment[0].u_bank/words_accepted_reg[10]_i_18_0[4]
    SLICE_X29Y37         LUT2 (Prop_E6LUT_SLICEM_I0_O)
                                                      0.187     0.557 r  u_datapath/u_core/u_accum_base_datapath/u_output_slice/u_partial_sum_bank_pair/g_segment[0].u_bank/words_accepted[10]_i_26/O
                         net (fo=1, routed)           0.018     0.575    u_datapath/u_core/u_accum_base_datapath/u_output_slice/u_partial_sum_bank_pair/g_segment[0].u_bank/words_accepted[10]_i_26_n_0
    SLICE_X29Y37         CARRY8 (Prop_CARRY8_SLICEM_S[4]_CO[7])
                                                      0.236     0.811 r  u_datapath/u_core/u_accum_base_datapath/u_output_slice/u_partial_sum_bank_pair/g_segment[0].u_bank/words_accepted_reg[10]_i_16/CO[7]
                         net (fo=1, routed)           0.030     0.841    u_datapath/u_core/u_accum_base_datapath/u_output_slice/u_partial_sum_bank_pair/g_segment[0].u_bank/words_accepted_reg[10]_i_16_n_0
    SLICE_X29Y38         CARRY8 (Prop_CARRY8_SLICEM_CI_O[4])
                                                      0.119     0.960 r  u_datapath/u_core/u_accum_base_datapath/u_output_slice/u_partial_sum_bank_pair/g_segment[0].u_bank/words_accepted_reg[10]_i_18/O[4]
                         net (fo=1, routed)           0.191     1.151    u_datapath/u_core/u_accum_base_datapath/u_output_slice/u_scanner/scanner_metadata_match1[12]
    SLICE_X28Y38         LUT6 (Prop_B6LUT_SLICEM_I2_O)
                                                      0.225     1.376 r  u_datapath/u_core/u_accum_base_datapath/u_output_slice/u_scanner/words_accepted[10]_i_19/O
                         net (fo=1, routed)           0.055     1.431    u_datapath/u_core/u_accum_base_datapath/u_output_slice/u_scanner/words_accepted[10]_i_19_n_0
    SLICE_X28Y38         LUT6 (Prop_G6LUT_SLICEM_I2_O)
                                                      0.152     1.583 r  u_datapath/u_core/u_accum_base_datapath/u_output_slice/u_scanner/words_accepted[10]_i_8/O
                         net (fo=1, routed)           0.215     1.798    u_datapath/u_core/u_accum_base_datapath/u_output_slice/u_scanner/words_accepted[10]_i_8_n_0
    SLICE_X32Y38         LUT6 (Prop_E6LUT_SLICEM_I5_O)
                                                      0.083     1.881 r  u_datapath/u_core/u_accum_base_datapath/u_output_slice/u_scanner/words_accepted[10]_i_3/O
                         net (fo=9, routed)           0.256     2.137    u_datapath/u_core/u_accum_base_datapath/u_output_slice/u_partial_sum_bank_pair/g_segment[1].u_bank/ingress_raster_x_q_reg[7]
    SLICE_X33Y46         LUT6 (Prop_D6LUT_SLICEL_I5_O)
                                                      0.057     2.194 f  u_datapath/u_core/u_accum_base_datapath/u_output_slice/u_partial_sum_bank_pair/g_segment[1].u_bank/mem_reg_0_i_166/O
                         net (fo=4, routed)           0.376     2.570    u_datapath/u_core/u_accum_base_datapath/u_output_slice/u_partial_sum_bank_pair/g_segment[0].u_bank/mem_reg_0_0
    SLICE_X37Y50         LUT5 (Prop_F6LUT_SLICEM_I0_O)
                                                      0.056     2.626 f  u_datapath/u_core/u_accum_base_datapath/u_output_slice/u_partial_sum_bank_pair/g_segment[0].u_bank/mem_reg_0_i_96__0/O
                         net (fo=16, routed)          0.062     2.688    u_datapath/u_core/u_accum_base_datapath/u_output_slice/u_partial_sum_bank_pair/g_segment[0].u_bank/mem_reg_0_i_96__0_n_0
    SLICE_X37Y50         LUT5 (Prop_G6LUT_SLICEM_I3_O)
                                                      0.082     2.770 r  u_datapath/u_core/u_accum_base_datapath/u_output_slice/u_partial_sum_bank_pair/g_segment[0].u_bank/mem_reg_0_i_99/O
                         net (fo=265, routed)         0.730     3.500    u_datapath/u_core/u_accum_base_datapath/u_output_slice/u_partial_sum_bank_pair/g_segment[0].u_bank/mem_reg_0_i_99_n_0
    SLICE_X45Y56         LUT5 (Prop_C6LUT_SLICEM_I2_O)
                                                      0.080     3.580 r  u_datapath/u_core/u_accum_base_datapath/u_output_slice/u_partial_sum_bank_pair/g_segment[0].u_bank/mem_reg_2_i_20/O
                         net (fo=1, routed)           0.673     4.253    u_datapath/u_core/u_accum_base_datapath/u_output_slice/u_partial_sum_bank_pair/g_segment[0].u_bank/mem_write_data[156]
    RAMB36_X2Y11         RAMB36E2                                     r  u_datapath/u_core/u_accum_base_datapath/u_output_slice/u_partial_sum_bank_pair/g_segment[0].u_bank/mem_reg_2/DINADIN[12]
  -------------------------------------------------------------------    -------------------

                         (clock clk rise edge)        5.000     5.000 r  
                                                      0.000     5.000 r  clk (IN)
                         net (fo=5992, unset)         0.048     5.048    u_datapath/u_core/u_accum_base_datapath/u_output_slice/u_partial_sum_bank_pair/g_segment[0].u_bank/clk
    RAMB36_X2Y11         RAMB36E2                                     r  u_datapath/u_core/u_accum_base_datapath/u_output_slice/u_partial_sum_bank_pair/g_segment[0].u_bank/mem_reg_2/CLKBWRCLK
                         clock pessimism              0.000     5.048    
                         clock uncertainty           -0.035     5.013    
    RAMB36_X2Y11         RAMB36E2 (Setup_RAMB36E2_RAMB36_CLKBWRCLK_DINADIN[12])
                                                     -0.397     4.616    u_datapath/u_core/u_accum_base_datapath/u_output_slice/u_partial_sum_bank_pair/g_segment[0].u_bank/mem_reg_2
  -------------------------------------------------------------------
                         required time                          4.616    
                         arrival time                          -4.253    
  -------------------------------------------------------------------
                         slack                                  0.362    

Slack (MET) :             0.364ns  (required time - arrival time)
  Source:                 u_datapath/u_core/u_accum_base_datapath/u_output_slice/resident_tile_tag_base_q_reg[4]/C
                            (rising edge-triggered cell FDRE clocked by clk  {rise@0.000ns fall@2.500ns period=5.000ns})
  Destination:            u_datapath/u_core/u_accum_base_datapath/u_output_slice/u_partial_sum_bank_pair/g_segment[0].u_bank/mem_reg_2/DINADIN[21]
                            (rising edge-triggered cell RAMB36E2 clocked by clk  {rise@0.000ns fall@2.500ns period=5.000ns})
  Path Group:             clk
  Path Type:              Setup (Max at Slow Process Corner)
  Requirement:            5.000ns  (clk rise@5.000ns - clk rise@0.000ns)
  Data Path Delay:        4.190ns  (logic 1.452ns (34.651%)  route 2.738ns (65.349%))
  Logic Levels:           10  (CARRY8=2 LUT2=1 LUT5=3 LUT6=4)
  Clock Path Skew:        0.005ns (DCD - SCD + CPR)
    Destination Clock Delay (DCD):    0.048ns = ( 5.048 - 5.000 ) 
    Source Clock Delay      (SCD):    0.043ns
    Clock Pessimism Removal (CPR):    0.000ns
  Clock Uncertainty:      0.035ns  ((TSJ^2 + TIJ^2)^1/2 + DJ) / 2 + PE
    Total System Jitter     (TSJ):    0.071ns
    Total Input Jitter      (TIJ):    0.000ns
    Discrete Jitter          (DJ):    0.000ns
    Phase Error              (PE):    0.000ns

    Location             Delay type                Incr(ns)  Path(ns)    Netlist Resource(s)
  -------------------------------------------------------------------    -------------------
                         (clock clk rise edge)        0.000     0.000 r  
                                                      0.000     0.000 r  clk (IN)
                         net (fo=5992, unset)         0.043     0.043    u_datapath/u_core/u_accum_base_datapath/u_output_slice/clk
    SLICE_X29Y37         FDRE                                         r  u_datapath/u_core/u_accum_base_datapath/u_output_slice/resident_tile_tag_base_q_reg[4]/C
  -------------------------------------------------------------------    -------------------
    SLICE_X29Y37         FDRE (Prop_EFF2_SLICEM_C_Q)
                                                      0.118     0.161 r  u_datapath/u_core/u_accum_base_datapath/u_output_slice/resident_tile_tag_base_q_reg[4]/Q
                         net (fo=5, routed)           0.209     0.370    u_datapath/u_core/u_accum_base_datapath/u_output_slice/u_partial_sum_bank_pair/g_segment[0].u_bank/words_accepted_reg[10]_i_18_0[4]
    SLICE_X29Y37         LUT2 (Prop_E6LUT_SLICEM_I0_O)
                                                      0.187     0.557 r  u_datapath/u_core/u_accum_base_datapath/u_output_slice/u_partial_sum_bank_pair/g_segment[0].u_bank/words_accepted[10]_i_26/O
                         net (fo=1, routed)           0.018     0.575    u_datapath/u_core/u_accum_base_datapath/u_output_slice/u_partial_sum_bank_pair/g_segment[0].u_bank/words_accepted[10]_i_26_n_0
    SLICE_X29Y37         CARRY8 (Prop_CARRY8_SLICEM_S[4]_CO[7])
                                                      0.236     0.811 r  u_datapath/u_core/u_accum_base_datapath/u_output_slice/u_partial_sum_bank_pair/g_segment[0].u_bank/words_accepted_reg[10]_i_16/CO[7]
                         net (fo=1, routed)           0.030     0.841    u_datapath/u_core/u_accum_base_datapath/u_output_slice/u_partial_sum_bank_pair/g_segment[0].u_bank/words_accepted_reg[10]_i_16_n_0
    SLICE_X29Y38         CARRY8 (Prop_CARRY8_SLICEM_CI_O[4])
                                                      0.119     0.960 r  u_datapath/u_core/u_accum_base_datapath/u_output_slice/u_partial_sum_bank_pair/g_segment[0].u_bank/words_accepted_reg[10]_i_18/O[4]
                         net (fo=1, routed)           0.191     1.151    u_datapath/u_core/u_accum_base_datapath/u_output_slice/u_scanner/scanner_metadata_match1[12]
    SLICE_X28Y38         LUT6 (Prop_B6LUT_SLICEM_I2_O)
                                                      0.225     1.376 r  u_datapath/u_core/u_accum_base_datapath/u_output_slice/u_scanner/words_accepted[10]_i_19/O
                         net (fo=1, routed)           0.055     1.431    u_datapath/u_core/u_accum_base_datapath/u_output_slice/u_scanner/words_accepted[10]_i_19_n_0
    SLICE_X28Y38         LUT6 (Prop_G6LUT_SLICEM_I2_O)
                                                      0.152     1.583 r  u_datapath/u_core/u_accum_base_datapath/u_output_slice/u_scanner/words_accepted[10]_i_8/O
                         net (fo=1, routed)           0.215     1.798    u_datapath/u_core/u_accum_base_datapath/u_output_slice/u_scanner/words_accepted[10]_i_8_n_0
    SLICE_X32Y38         LUT6 (Prop_E6LUT_SLICEM_I5_O)
                                                      0.083     1.881 r  u_datapath/u_core/u_accum_base_datapath/u_output_slice/u_scanner/words_accepted[10]_i_3/O
                         net (fo=9, routed)           0.256     2.137    u_datapath/u_core/u_accum_base_datapath/u_output_slice/u_partial_sum_bank_pair/g_segment[1].u_bank/ingress_raster_x_q_reg[7]
    SLICE_X33Y46         LUT6 (Prop_D6LUT_SLICEL_I5_O)
                                                      0.057     2.194 f  u_datapath/u_core/u_accum_base_datapath/u_output_slice/u_partial_sum_bank_pair/g_segment[1].u_bank/mem_reg_0_i_166/O
                         net (fo=4, routed)           0.376     2.570    u_datapath/u_core/u_accum_base_datapath/u_output_slice/u_partial_sum_bank_pair/g_segment[0].u_bank/mem_reg_0_0
    SLICE_X37Y50         LUT5 (Prop_F6LUT_SLICEM_I0_O)
                                                      0.056     2.626 f  u_datapath/u_core/u_accum_base_datapath/u_output_slice/u_partial_sum_bank_pair/g_segment[0].u_bank/mem_reg_0_i_96__0/O
                         net (fo=16, routed)          0.062     2.688    u_datapath/u_core/u_accum_base_datapath/u_output_slice/u_partial_sum_bank_pair/g_segment[0].u_bank/mem_reg_0_i_96__0_n_0
    SLICE_X37Y50         LUT5 (Prop_G6LUT_SLICEM_I3_O)
                                                      0.082     2.770 r  u_datapath/u_core/u_accum_base_datapath/u_output_slice/u_partial_sum_bank_pair/g_segment[0].u_bank/mem_reg_0_i_99/O
                         net (fo=265, routed)         0.625     3.394    u_datapath/u_core/u_accum_base_datapath/u_output_slice/u_partial_sum_bank_pair/g_segment[0].u_bank/mem_reg_0_i_99_n_0
    SLICE_X46Y58         LUT5 (Prop_H6LUT_SLICEL_I4_O)
                                                      0.137     3.531 r  u_datapath/u_core/u_accum_base_datapath/u_output_slice/u_partial_sum_bank_pair/g_segment[0].u_bank/mem_reg_2_i_11/O
                         net (fo=1, routed)           0.702     4.233    u_datapath/u_core/u_accum_base_datapath/u_output_slice/u_partial_sum_bank_pair/g_segment[0].u_bank/mem_write_data[165]
    RAMB36_X2Y11         RAMB36E2                                     r  u_datapath/u_core/u_accum_base_datapath/u_output_slice/u_partial_sum_bank_pair/g_segment[0].u_bank/mem_reg_2/DINADIN[21]
  -------------------------------------------------------------------    -------------------

                         (clock clk rise edge)        5.000     5.000 r  
                                                      0.000     5.000 r  clk (IN)
                         net (fo=5992, unset)         0.048     5.048    u_datapath/u_core/u_accum_base_datapath/u_output_slice/u_partial_sum_bank_pair/g_segment[0].u_bank/clk
    RAMB36_X2Y11         RAMB36E2                                     r  u_datapath/u_core/u_accum_base_datapath/u_output_slice/u_partial_sum_bank_pair/g_segment[0].u_bank/mem_reg_2/CLKBWRCLK
                         clock pessimism              0.000     5.048    
                         clock uncertainty           -0.035     5.013    
    RAMB36_X2Y11         RAMB36E2 (Setup_RAMB36E2_RAMB36_CLKBWRCLK_DINADIN[21])
                                                     -0.415     4.598    u_datapath/u_core/u_accum_base_datapath/u_output_slice/u_partial_sum_bank_pair/g_segment[0].u_bank/mem_reg_2
  -------------------------------------------------------------------
                         required time                          4.598    
                         arrival time                          -4.233    
  -------------------------------------------------------------------
                         slack                                  0.364    

Slack (MET) :             0.366ns  (required time - arrival time)
  Source:                 u_datapath/u_core/u_accum_base_datapath/u_output_slice/resident_tile_tag_base_q_reg[4]/C
                            (rising edge-triggered cell FDRE clocked by clk  {rise@0.000ns fall@2.500ns period=5.000ns})
  Destination:            u_datapath/u_core/u_accum_base_datapath/u_output_slice/u_partial_sum_bank_pair/g_segment[0].u_bank/mem_reg_2/DINADIN[14]
                            (rising edge-triggered cell RAMB36E2 clocked by clk  {rise@0.000ns fall@2.500ns period=5.000ns})
  Path Group:             clk
  Path Type:              Setup (Max at Slow Process Corner)
  Requirement:            5.000ns  (clk rise@5.000ns - clk rise@0.000ns)
  Data Path Delay:        4.197ns  (logic 1.371ns (32.669%)  route 2.826ns (67.331%))
  Logic Levels:           10  (CARRY8=2 LUT2=1 LUT5=3 LUT6=4)
  Clock Path Skew:        0.005ns (DCD - SCD + CPR)
    Destination Clock Delay (DCD):    0.048ns = ( 5.048 - 5.000 ) 
    Source Clock Delay      (SCD):    0.043ns
    Clock Pessimism Removal (CPR):    0.000ns
  Clock Uncertainty:      0.035ns  ((TSJ^2 + TIJ^2)^1/2 + DJ) / 2 + PE
    Total System Jitter     (TSJ):    0.071ns
    Total Input Jitter      (TIJ):    0.000ns
    Discrete Jitter          (DJ):    0.000ns
    Phase Error              (PE):    0.000ns

    Location             Delay type                Incr(ns)  Path(ns)    Netlist Resource(s)
  -------------------------------------------------------------------    -------------------
                         (clock clk rise edge)        0.000     0.000 r  
                                                      0.000     0.000 r  clk (IN)
                         net (fo=5992, unset)         0.043     0.043    u_datapath/u_core/u_accum_base_datapath/u_output_slice/clk
    SLICE_X29Y37         FDRE                                         r  u_datapath/u_core/u_accum_base_datapath/u_output_slice/resident_tile_tag_base_q_reg[4]/C
  -------------------------------------------------------------------    -------------------
    SLICE_X29Y37         FDRE (Prop_EFF2_SLICEM_C_Q)
                                                      0.118     0.161 r  u_datapath/u_core/u_accum_base_datapath/u_output_slice/resident_tile_tag_base_q_reg[4]/Q
                         net (fo=5, routed)           0.209     0.370    u_datapath/u_core/u_accum_base_datapath/u_output_slice/u_partial_sum_bank_pair/g_segment[0].u_bank/words_accepted_reg[10]_i_18_0[4]
    SLICE_X29Y37         LUT2 (Prop_E6LUT_SLICEM_I0_O)
                                                      0.187     0.557 r  u_datapath/u_core/u_accum_base_datapath/u_output_slice/u_partial_sum_bank_pair/g_segment[0].u_bank/words_accepted[10]_i_26/O
                         net (fo=1, routed)           0.018     0.575    u_datapath/u_core/u_accum_base_datapath/u_output_slice/u_partial_sum_bank_pair/g_segment[0].u_bank/words_accepted[10]_i_26_n_0
    SLICE_X29Y37         CARRY8 (Prop_CARRY8_SLICEM_S[4]_CO[7])
                                                      0.236     0.811 r  u_datapath/u_core/u_accum_base_datapath/u_output_slice/u_partial_sum_bank_pair/g_segment[0].u_bank/words_accepted_reg[10]_i_16/CO[7]
                         net (fo=1, routed)           0.030     0.841    u_datapath/u_core/u_accum_base_datapath/u_output_slice/u_partial_sum_bank_pair/g_segment[0].u_bank/words_accepted_reg[10]_i_16_n_0
    SLICE_X29Y38         CARRY8 (Prop_CARRY8_SLICEM_CI_O[4])
                                                      0.119     0.960 r  u_datapath/u_core/u_accum_base_datapath/u_output_slice/u_partial_sum_bank_pair/g_segment[0].u_bank/words_accepted_reg[10]_i_18/O[4]
                         net (fo=1, routed)           0.191     1.151    u_datapath/u_core/u_accum_base_datapath/u_output_slice/u_scanner/scanner_metadata_match1[12]
    SLICE_X28Y38         LUT6 (Prop_B6LUT_SLICEM_I2_O)
                                                      0.225     1.376 r  u_datapath/u_core/u_accum_base_datapath/u_output_slice/u_scanner/words_accepted[10]_i_19/O
                         net (fo=1, routed)           0.055     1.431    u_datapath/u_core/u_accum_base_datapath/u_output_slice/u_scanner/words_accepted[10]_i_19_n_0
    SLICE_X28Y38         LUT6 (Prop_G6LUT_SLICEM_I2_O)
                                                      0.152     1.583 r  u_datapath/u_core/u_accum_base_datapath/u_output_slice/u_scanner/words_accepted[10]_i_8/O
                         net (fo=1, routed)           0.215     1.798    u_datapath/u_core/u_accum_base_datapath/u_output_slice/u_scanner/words_accepted[10]_i_8_n_0
    SLICE_X32Y38         LUT6 (Prop_E6LUT_SLICEM_I5_O)
                                                      0.083     1.881 r  u_datapath/u_core/u_accum_base_datapath/u_output_slice/u_scanner/words_accepted[10]_i_3/O
                         net (fo=9, routed)           0.256     2.137    u_datapath/u_core/u_accum_base_datapath/u_output_slice/u_partial_sum_bank_pair/g_segment[1].u_bank/ingress_raster_x_q_reg[7]
    SLICE_X33Y46         LUT6 (Prop_D6LUT_SLICEL_I5_O)
                                                      0.057     2.194 f  u_datapath/u_core/u_accum_base_datapath/u_output_slice/u_partial_sum_bank_pair/g_segment[1].u_bank/mem_reg_0_i_166/O
                         net (fo=4, routed)           0.376     2.570    u_datapath/u_core/u_accum_base_datapath/u_output_slice/u_partial_sum_bank_pair/g_segment[0].u_bank/mem_reg_0_0
    SLICE_X37Y50         LUT5 (Prop_F6LUT_SLICEM_I0_O)
                                                      0.056     2.626 f  u_datapath/u_core/u_accum_base_datapath/u_output_slice/u_partial_sum_bank_pair/g_segment[0].u_bank/mem_reg_0_i_96__0/O
                         net (fo=16, routed)          0.062     2.688    u_datapath/u_core/u_accum_base_datapath/u_output_slice/u_partial_sum_bank_pair/g_segment[0].u_bank/mem_reg_0_i_96__0_n_0
    SLICE_X37Y50         LUT5 (Prop_G6LUT_SLICEM_I3_O)
                                                      0.082     2.770 r  u_datapath/u_core/u_accum_base_datapath/u_output_slice/u_partial_sum_bank_pair/g_segment[0].u_bank/mem_reg_0_i_99/O
                         net (fo=265, routed)         0.710     3.480    u_datapath/u_core/u_accum_base_datapath/u_output_slice/u_partial_sum_bank_pair/g_segment[0].u_bank/mem_reg_0_i_99_n_0
    SLICE_X45Y56         LUT5 (Prop_D6LUT_SLICEM_I2_O)
                                                      0.056     3.536 r  u_datapath/u_core/u_accum_base_datapath/u_output_slice/u_partial_sum_bank_pair/g_segment[0].u_bank/mem_reg_2_i_18/O
                         net (fo=1, routed)           0.704     4.240    u_datapath/u_core/u_accum_base_datapath/u_output_slice/u_partial_sum_bank_pair/g_segment[0].u_bank/mem_write_data[158]
    RAMB36_X2Y11         RAMB36E2                                     r  u_datapath/u_core/u_accum_base_datapath/u_output_slice/u_partial_sum_bank_pair/g_segment[0].u_bank/mem_reg_2/DINADIN[14]
  -------------------------------------------------------------------    -------------------

                         (clock clk rise edge)        5.000     5.000 r  
                                                      0.000     5.000 r  clk (IN)
                         net (fo=5992, unset)         0.048     5.048    u_datapath/u_core/u_accum_base_datapath/u_output_slice/u_partial_sum_bank_pair/g_segment[0].u_bank/clk
    RAMB36_X2Y11         RAMB36E2                                     r  u_datapath/u_core/u_accum_base_datapath/u_output_slice/u_partial_sum_bank_pair/g_segment[0].u_bank/mem_reg_2/CLKBWRCLK
                         clock pessimism              0.000     5.048    
                         clock uncertainty           -0.035     5.013    
    RAMB36_X2Y11         RAMB36E2 (Setup_RAMB36E2_RAMB36_CLKBWRCLK_DINADIN[14])
                                                     -0.407     4.606    u_datapath/u_core/u_accum_base_datapath/u_output_slice/u_partial_sum_bank_pair/g_segment[0].u_bank/mem_reg_2
  -------------------------------------------------------------------
                         required time                          4.606    
                         arrival time                          -4.240    
  -------------------------------------------------------------------
                         slack                                  0.366    

Slack (MET) :             0.366ns  (required time - arrival time)
  Source:                 u_datapath/u_core/u_accum_base_datapath/u_output_slice/resident_tile_tag_base_q_reg[4]/C
                            (rising edge-triggered cell FDRE clocked by clk  {rise@0.000ns fall@2.500ns period=5.000ns})
  Destination:            u_datapath/u_core/u_accum_base_datapath/u_output_slice/u_partial_sum_bank_pair/g_segment[0].u_bank/mem_reg_2/DINADIN[20]
                            (rising edge-triggered cell RAMB36E2 clocked by clk  {rise@0.000ns fall@2.500ns period=5.000ns})
  Path Group:             clk
  Path Type:              Setup (Max at Slow Process Corner)
  Requirement:            5.000ns  (clk rise@5.000ns - clk rise@0.000ns)
  Data Path Delay:        4.201ns  (logic 1.452ns (34.567%)  route 2.749ns (65.433%))
  Logic Levels:           10  (CARRY8=2 LUT2=1 LUT5=3 LUT6=4)
  Clock Path Skew:        0.005ns (DCD - SCD + CPR)
    Destination Clock Delay (DCD):    0.048ns = ( 5.048 - 5.000 ) 
    Source Clock Delay      (SCD):    0.043ns
    Clock Pessimism Removal (CPR):    0.000ns
  Clock Uncertainty:      0.035ns  ((TSJ^2 + TIJ^2)^1/2 + DJ) / 2 + PE
    Total System Jitter     (TSJ):    0.071ns
    Total Input Jitter      (TIJ):    0.000ns
    Discrete Jitter          (DJ):    0.000ns
    Phase Error              (PE):    0.000ns

    Location             Delay type                Incr(ns)  Path(ns)    Netlist Resource(s)
  -------------------------------------------------------------------    -------------------
                         (clock clk rise edge)        0.000     0.000 r  
                                                      0.000     0.000 r  clk (IN)
                         net (fo=5992, unset)         0.043     0.043    u_datapath/u_core/u_accum_base_datapath/u_output_slice/clk
    SLICE_X29Y37         FDRE                                         r  u_datapath/u_core/u_accum_base_datapath/u_output_slice/resident_tile_tag_base_q_reg[4]/C
  -------------------------------------------------------------------    -------------------
    SLICE_X29Y37         FDRE (Prop_EFF2_SLICEM_C_Q)
                                                      0.118     0.161 r  u_datapath/u_core/u_accum_base_datapath/u_output_slice/resident_tile_tag_base_q_reg[4]/Q
                         net (fo=5, routed)           0.209     0.370    u_datapath/u_core/u_accum_base_datapath/u_output_slice/u_partial_sum_bank_pair/g_segment[0].u_bank/words_accepted_reg[10]_i_18_0[4]
    SLICE_X29Y37         LUT2 (Prop_E6LUT_SLICEM_I0_O)
                                                      0.187     0.557 r  u_datapath/u_core/u_accum_base_datapath/u_output_slice/u_partial_sum_bank_pair/g_segment[0].u_bank/words_accepted[10]_i_26/O
                         net (fo=1, routed)           0.018     0.575    u_datapath/u_core/u_accum_base_datapath/u_output_slice/u_partial_sum_bank_pair/g_segment[0].u_bank/words_accepted[10]_i_26_n_0
    SLICE_X29Y37         CARRY8 (Prop_CARRY8_SLICEM_S[4]_CO[7])
                                                      0.236     0.811 r  u_datapath/u_core/u_accum_base_datapath/u_output_slice/u_partial_sum_bank_pair/g_segment[0].u_bank/words_accepted_reg[10]_i_16/CO[7]
                         net (fo=1, routed)           0.030     0.841    u_datapath/u_core/u_accum_base_datapath/u_output_slice/u_partial_sum_bank_pair/g_segment[0].u_bank/words_accepted_reg[10]_i_16_n_0
    SLICE_X29Y38         CARRY8 (Prop_CARRY8_SLICEM_CI_O[4])
                                                      0.119     0.960 r  u_datapath/u_core/u_accum_base_datapath/u_output_slice/u_partial_sum_bank_pair/g_segment[0].u_bank/words_accepted_reg[10]_i_18/O[4]
                         net (fo=1, routed)           0.191     1.151    u_datapath/u_core/u_accum_base_datapath/u_output_slice/u_scanner/scanner_metadata_match1[12]
    SLICE_X28Y38         LUT6 (Prop_B6LUT_SLICEM_I2_O)
                                                      0.225     1.376 r  u_datapath/u_core/u_accum_base_datapath/u_output_slice/u_scanner/words_accepted[10]_i_19/O
                         net (fo=1, routed)           0.055     1.431    u_datapath/u_core/u_accum_base_datapath/u_output_slice/u_scanner/words_accepted[10]_i_19_n_0
    SLICE_X28Y38         LUT6 (Prop_G6LUT_SLICEM_I2_O)
                                                      0.152     1.583 r  u_datapath/u_core/u_accum_base_datapath/u_output_slice/u_scanner/words_accepted[10]_i_8/O
                         net (fo=1, routed)           0.215     1.798    u_datapath/u_core/u_accum_base_datapath/u_output_slice/u_scanner/words_accepted[10]_i_8_n_0
    SLICE_X32Y38         LUT6 (Prop_E6LUT_SLICEM_I5_O)
                                                      0.083     1.881 r  u_datapath/u_core/u_accum_base_datapath/u_output_slice/u_scanner/words_accepted[10]_i_3/O
                         net (fo=9, routed)           0.256     2.137    u_datapath/u_core/u_accum_base_datapath/u_output_slice/u_partial_sum_bank_pair/g_segment[1].u_bank/ingress_raster_x_q_reg[7]
    SLICE_X33Y46         LUT6 (Prop_D6LUT_SLICEL_I5_O)
                                                      0.057     2.194 f  u_datapath/u_core/u_accum_base_datapath/u_output_slice/u_partial_sum_bank_pair/g_segment[1].u_bank/mem_reg_0_i_166/O
                         net (fo=4, routed)           0.376     2.570    u_datapath/u_core/u_accum_base_datapath/u_output_slice/u_partial_sum_bank_pair/g_segment[0].u_bank/mem_reg_0_0
    SLICE_X37Y50         LUT5 (Prop_F6LUT_SLICEM_I0_O)
                                                      0.056     2.626 f  u_datapath/u_core/u_accum_base_datapath/u_output_slice/u_partial_sum_bank_pair/g_segment[0].u_bank/mem_reg_0_i_96__0/O
                         net (fo=16, routed)          0.062     2.688    u_datapath/u_core/u_accum_base_datapath/u_output_slice/u_partial_sum_bank_pair/g_segment[0].u_bank/mem_reg_0_i_96__0_n_0
    SLICE_X37Y50         LUT5 (Prop_G6LUT_SLICEM_I3_O)
                                                      0.082     2.770 r  u_datapath/u_core/u_accum_base_datapath/u_output_slice/u_partial_sum_bank_pair/g_segment[0].u_bank/mem_reg_0_i_99/O
                         net (fo=265, routed)         0.667     3.437    u_datapath/u_core/u_accum_base_datapath/u_output_slice/u_partial_sum_bank_pair/g_segment[0].u_bank/mem_reg_0_i_99_n_0
    SLICE_X46Y55         LUT5 (Prop_H6LUT_SLICEL_I4_O)
                                                      0.137     3.574 r  u_datapath/u_core/u_accum_base_datapath/u_output_slice/u_partial_sum_bank_pair/g_segment[0].u_bank/mem_reg_2_i_12/O
                         net (fo=1, routed)           0.670     4.244    u_datapath/u_core/u_accum_base_datapath/u_output_slice/u_partial_sum_bank_pair/g_segment[0].u_bank/mem_write_data[164]
    RAMB36_X2Y11         RAMB36E2                                     r  u_datapath/u_core/u_accum_base_datapath/u_output_slice/u_partial_sum_bank_pair/g_segment[0].u_bank/mem_reg_2/DINADIN[20]
  -------------------------------------------------------------------    -------------------

                         (clock clk rise edge)        5.000     5.000 r  
                                                      0.000     5.000 r  clk (IN)
                         net (fo=5992, unset)         0.048     5.048    u_datapath/u_core/u_accum_base_datapath/u_output_slice/u_partial_sum_bank_pair/g_segment[0].u_bank/clk
    RAMB36_X2Y11         RAMB36E2                                     r  u_datapath/u_core/u_accum_base_datapath/u_output_slice/u_partial_sum_bank_pair/g_segment[0].u_bank/mem_reg_2/CLKBWRCLK
                         clock pessimism              0.000     5.048    
                         clock uncertainty           -0.035     5.013    
    RAMB36_X2Y11         RAMB36E2 (Setup_RAMB36E2_RAMB36_CLKBWRCLK_DINADIN[20])
                                                     -0.403     4.610    u_datapath/u_core/u_accum_base_datapath/u_output_slice/u_partial_sum_bank_pair/g_segment[0].u_bank/mem_reg_2
  -------------------------------------------------------------------
                         required time                          4.610    
                         arrival time                          -4.244    
  -------------------------------------------------------------------
                         slack                                  0.366    





Min Delay Paths
--------------------------------------------------------------------------------------
Slack (MET) :             0.046ns  (arrival time - required time)
  Source:                 u_datapath/u_core/u_accum_base_datapath/u_sa/g_pe_row[0].g_pe_col[0].u_pe/product_reg_reg/DSP_PREADD_DATA_INST/CLK
                            (rising edge-triggered cell DSP_PREADD_DATA clocked by clk  {rise@0.000ns fall@2.500ns period=5.000ns})
  Destination:            u_datapath/u_core/u_accum_base_datapath/u_sa/g_pe_row[0].g_pe_col[0].u_pe/product_reg_reg/DSP_PREADD_DATA_INST/AD[0]
                            (rising edge-triggered cell DSP_PREADD_DATA clocked by clk  {rise@0.000ns fall@2.500ns period=5.000ns})
  Path Group:             clk
  Path Type:              Hold (Min at Fast Process Corner)
  Requirement:            0.000ns  (clk rise@0.000ns - clk rise@0.000ns)
  Data Path Delay:        0.114ns  (logic 0.114ns (100.000%)  route 0.000ns (0.000%))
  Logic Levels:           1  (DSP_PREADD=1)
  Clock Path Skew:        0.008ns (DCD - SCD - CPR)
    Destination Clock Delay (DCD):    0.042ns
    Source Clock Delay      (SCD):    0.034ns
    Clock Pessimism Removal (CPR):    -0.000ns

    Location             Delay type                Incr(ns)  Path(ns)    Netlist Resource(s)
  -------------------------------------------------------------------    -------------------
                         (clock clk rise edge)        0.000     0.000 r  
                                                      0.000     0.000 r  clk (IN)
                         net (fo=5992, unset)         0.034     0.034    u_datapath/u_core/u_accum_base_datapath/u_sa/g_pe_row[0].g_pe_col[0].u_pe/product_reg_reg/CLK
    DSP48E2_X9Y14        DSP_PREADD_DATA                              r  u_datapath/u_core/u_accum_base_datapath/u_sa/g_pe_row[0].g_pe_col[0].u_pe/product_reg_reg/DSP_PREADD_DATA_INST/CLK
  -------------------------------------------------------------------    -------------------
    DSP48E2_X9Y14        DSP_PREADD_DATA (Prop_DSP_PREADD_DATA_DSP48E2_CLK_D_DATA[0])
                                                      0.081     0.115 r  u_datapath/u_core/u_accum_base_datapath/u_sa/g_pe_row[0].g_pe_col[0].u_pe/product_reg_reg/DSP_PREADD_DATA_INST/D_DATA[0]
                         net (fo=1, routed)           0.000     0.115    u_datapath/u_core/u_accum_base_datapath/u_sa/g_pe_row[0].g_pe_col[0].u_pe/product_reg_reg/DSP_PREADD_DATA.D_DATA<0>
    DSP48E2_X9Y14        DSP_PREADD (Prop_DSP_PREADD_DSP48E2_D_DATA[0]_AD[0])
                                                      0.033     0.148 r  u_datapath/u_core/u_accum_base_datapath/u_sa/g_pe_row[0].g_pe_col[0].u_pe/product_reg_reg/DSP_PREADD_INST/AD[0]
                         net (fo=1, routed)           0.000     0.148    u_datapath/u_core/u_accum_base_datapath/u_sa/g_pe_row[0].g_pe_col[0].u_pe/product_reg_reg/DSP_PREADD.AD<0>
    DSP48E2_X9Y14        DSP_PREADD_DATA                              r  u_datapath/u_core/u_accum_base_datapath/u_sa/g_pe_row[0].g_pe_col[0].u_pe/product_reg_reg/DSP_PREADD_DATA_INST/AD[0]
  -------------------------------------------------------------------    -------------------

                         (clock clk rise edge)        0.000     0.000 r  
                                                      0.000     0.000 r  clk (IN)
                         net (fo=5992, unset)         0.042     0.042    u_datapath/u_core/u_accum_base_datapath/u_sa/g_pe_row[0].g_pe_col[0].u_pe/product_reg_reg/CLK
    DSP48E2_X9Y14        DSP_PREADD_DATA                              r  u_datapath/u_core/u_accum_base_datapath/u_sa/g_pe_row[0].g_pe_col[0].u_pe/product_reg_reg/DSP_PREADD_DATA_INST/CLK
                         clock pessimism              0.000     0.042    
    DSP48E2_X9Y14        DSP_PREADD_DATA (Hold_DSP_PREADD_DATA_DSP48E2_CLK_AD[0])
                                                      0.060     0.102    u_datapath/u_core/u_accum_base_datapath/u_sa/g_pe_row[0].g_pe_col[0].u_pe/product_reg_reg/DSP_PREADD_DATA_INST
  -------------------------------------------------------------------
                         required time                         -0.102    
                         arrival time                           0.148    
  -------------------------------------------------------------------
                         slack                                  0.046    

Slack (MET) :             0.046ns  (arrival time - required time)
  Source:                 u_datapath/u_core/u_accum_base_datapath/u_sa/g_pe_row[0].g_pe_col[0].u_pe/product_reg_reg/DSP_PREADD_DATA_INST/CLK
                            (rising edge-triggered cell DSP_PREADD_DATA clocked by clk  {rise@0.000ns fall@2.500ns period=5.000ns})
  Destination:            u_datapath/u_core/u_accum_base_datapath/u_sa/g_pe_row[0].g_pe_col[0].u_pe/product_reg_reg/DSP_PREADD_DATA_INST/AD[10]
                            (rising edge-triggered cell DSP_PREADD_DATA clocked by clk  {rise@0.000ns fall@2.500ns period=5.000ns})
  Path Group:             clk
  Path Type:              Hold (Min at Fast Process Corner)
  Requirement:            0.000ns  (clk rise@0.000ns - clk rise@0.000ns)
  Data Path Delay:        0.114ns  (logic 0.114ns (100.000%)  route 0.000ns (0.000%))
  Logic Levels:           1  (DSP_PREADD=1)
  Clock Path Skew:        0.008ns (DCD - SCD - CPR)
    Destination Clock Delay (DCD):    0.042ns
    Source Clock Delay      (SCD):    0.034ns
    Clock Pessimism Removal (CPR):    -0.000ns

    Location             Delay type                Incr(ns)  Path(ns)    Netlist Resource(s)
  -------------------------------------------------------------------    -------------------
                         (clock clk rise edge)        0.000     0.000 r  
                                                      0.000     0.000 r  clk (IN)
                         net (fo=5992, unset)         0.034     0.034    u_datapath/u_core/u_accum_base_datapath/u_sa/g_pe_row[0].g_pe_col[0].u_pe/product_reg_reg/CLK
    DSP48E2_X9Y14        DSP_PREADD_DATA                              r  u_datapath/u_core/u_accum_base_datapath/u_sa/g_pe_row[0].g_pe_col[0].u_pe/product_reg_reg/DSP_PREADD_DATA_INST/CLK
  -------------------------------------------------------------------    -------------------
    DSP48E2_X9Y14        DSP_PREADD_DATA (Prop_DSP_PREADD_DATA_DSP48E2_CLK_D_DATA[10])
                                                      0.081     0.115 r  u_datapath/u_core/u_accum_base_datapath/u_sa/g_pe_row[0].g_pe_col[0].u_pe/product_reg_reg/DSP_PREADD_DATA_INST/D_DATA[10]
                         net (fo=1, routed)           0.000     0.115    u_datapath/u_core/u_accum_base_datapath/u_sa/g_pe_row[0].g_pe_col[0].u_pe/product_reg_reg/DSP_PREADD_DATA.D_DATA<10>
    DSP48E2_X9Y14        DSP_PREADD (Prop_DSP_PREADD_DSP48E2_D_DATA[10]_AD[10])
                                                      0.033     0.148 r  u_datapath/u_core/u_accum_base_datapath/u_sa/g_pe_row[0].g_pe_col[0].u_pe/product_reg_reg/DSP_PREADD_INST/AD[10]
                         net (fo=1, routed)           0.000     0.148    u_datapath/u_core/u_accum_base_datapath/u_sa/g_pe_row[0].g_pe_col[0].u_pe/product_reg_reg/DSP_PREADD.AD<10>
    DSP48E2_X9Y14        DSP_PREADD_DATA                              r  u_datapath/u_core/u_accum_base_datapath/u_sa/g_pe_row[0].g_pe_col[0].u_pe/product_reg_reg/DSP_PREADD_DATA_INST/AD[10]
  -------------------------------------------------------------------    -------------------

                         (clock clk rise edge)        0.000     0.000 r  
                                                      0.000     0.000 r  clk (IN)
                         net (fo=5992, unset)         0.042     0.042    u_datapath/u_core/u_accum_base_datapath/u_sa/g_pe_row[0].g_pe_col[0].u_pe/product_reg_reg/CLK
    DSP48E2_X9Y14        DSP_PREADD_DATA                              r  u_datapath/u_core/u_accum_base_datapath/u_sa/g_pe_row[0].g_pe_col[0].u_pe/product_reg_reg/DSP_PREADD_DATA_INST/CLK
                         clock pessimism              0.000     0.042    
    DSP48E2_X9Y14        DSP_PREADD_DATA (Hold_DSP_PREADD_DATA_DSP48E2_CLK_AD[10])
                                                      0.060     0.102    u_datapath/u_core/u_accum_base_datapath/u_sa/g_pe_row[0].g_pe_col[0].u_pe/product_reg_reg/DSP_PREADD_DATA_INST
  -------------------------------------------------------------------
                         required time                         -0.102    
                         arrival time                           0.148    
  -------------------------------------------------------------------
                         slack                                  0.046    

Slack (MET) :             0.046ns  (arrival time - required time)
  Source:                 u_datapath/u_core/u_accum_base_datapath/u_sa/g_pe_row[0].g_pe_col[0].u_pe/product_reg_reg/DSP_PREADD_DATA_INST/CLK
                            (rising edge-triggered cell DSP_PREADD_DATA clocked by clk  {rise@0.000ns fall@2.500ns period=5.000ns})
  Destination:            u_datapath/u_core/u_accum_base_datapath/u_sa/g_pe_row[0].g_pe_col[0].u_pe/product_reg_reg/DSP_PREADD_DATA_INST/AD[11]
                            (rising edge-triggered cell DSP_PREADD_DATA clocked by clk  {rise@0.000ns fall@2.500ns period=5.000ns})
  Path Group:             clk
  Path Type:              Hold (Min at Fast Process Corner)
  Requirement:            0.000ns  (clk rise@0.000ns - clk rise@0.000ns)
  Data Path Delay:        0.114ns  (logic 0.114ns (100.000%)  route 0.000ns (0.000%))
  Logic Levels:           1  (DSP_PREADD=1)
  Clock Path Skew:        0.008ns (DCD - SCD - CPR)
    Destination Clock Delay (DCD):    0.042ns
    Source Clock Delay      (SCD):    0.034ns
    Clock Pessimism Removal (CPR):    -0.000ns

    Location             Delay type                Incr(ns)  Path(ns)    Netlist Resource(s)
  -------------------------------------------------------------------    -------------------
                         (clock clk rise edge)        0.000     0.000 r  
                                                      0.000     0.000 r  clk (IN)
                         net (fo=5992, unset)         0.034     0.034    u_datapath/u_core/u_accum_base_datapath/u_sa/g_pe_row[0].g_pe_col[0].u_pe/product_reg_reg/CLK
    DSP48E2_X9Y14        DSP_PREADD_DATA                              r  u_datapath/u_core/u_accum_base_datapath/u_sa/g_pe_row[0].g_pe_col[0].u_pe/product_reg_reg/DSP_PREADD_DATA_INST/CLK
  -------------------------------------------------------------------    -------------------
    DSP48E2_X9Y14        DSP_PREADD_DATA (Prop_DSP_PREADD_DATA_DSP48E2_CLK_D_DATA[11])
                                                      0.081     0.115 r  u_datapath/u_core/u_accum_base_datapath/u_sa/g_pe_row[0].g_pe_col[0].u_pe/product_reg_reg/DSP_PREADD_DATA_INST/D_DATA[11]
                         net (fo=1, routed)           0.000     0.115    u_datapath/u_core/u_accum_base_datapath/u_sa/g_pe_row[0].g_pe_col[0].u_pe/product_reg_reg/DSP_PREADD_DATA.D_DATA<11>
    DSP48E2_X9Y14        DSP_PREADD (Prop_DSP_PREADD_DSP48E2_D_DATA[11]_AD[11])
                                                      0.033     0.148 r  u_datapath/u_core/u_accum_base_datapath/u_sa/g_pe_row[0].g_pe_col[0].u_pe/product_reg_reg/DSP_PREADD_INST/AD[11]
                         net (fo=1, routed)           0.000     0.148    u_datapath/u_core/u_accum_base_datapath/u_sa/g_pe_row[0].g_pe_col[0].u_pe/product_reg_reg/DSP_PREADD.AD<11>
    DSP48E2_X9Y14        DSP_PREADD_DATA                              r  u_datapath/u_core/u_accum_base_datapath/u_sa/g_pe_row[0].g_pe_col[0].u_pe/product_reg_reg/DSP_PREADD_DATA_INST/AD[11]
  -------------------------------------------------------------------    -------------------

                         (clock clk rise edge)        0.000     0.000 r  
                                                      0.000     0.000 r  clk (IN)
                         net (fo=5992, unset)         0.042     0.042    u_datapath/u_core/u_accum_base_datapath/u_sa/g_pe_row[0].g_pe_col[0].u_pe/product_reg_reg/CLK
    DSP48E2_X9Y14        DSP_PREADD_DATA                              r  u_datapath/u_core/u_accum_base_datapath/u_sa/g_pe_row[0].g_pe_col[0].u_pe/product_reg_reg/DSP_PREADD_DATA_INST/CLK
                         clock pessimism              0.000     0.042    
    DSP48E2_X9Y14        DSP_PREADD_DATA (Hold_DSP_PREADD_DATA_DSP48E2_CLK_AD[11])
                                                      0.060     0.102    u_datapath/u_core/u_accum_base_datapath/u_sa/g_pe_row[0].g_pe_col[0].u_pe/product_reg_reg/DSP_PREADD_DATA_INST
  -------------------------------------------------------------------
                         required time                         -0.102    
                         arrival time                           0.148    
  -------------------------------------------------------------------
                         slack                                  0.046    

Slack (MET) :             0.046ns  (arrival time - required time)
  Source:                 u_datapath/u_core/u_accum_base_datapath/u_sa/g_pe_row[0].g_pe_col[0].u_pe/product_reg_reg/DSP_PREADD_DATA_INST/CLK
                            (rising edge-triggered cell DSP_PREADD_DATA clocked by clk  {rise@0.000ns fall@2.500ns period=5.000ns})
  Destination:            u_datapath/u_core/u_accum_base_datapath/u_sa/g_pe_row[0].g_pe_col[0].u_pe/product_reg_reg/DSP_PREADD_DATA_INST/AD[12]
                            (rising edge-triggered cell DSP_PREADD_DATA clocked by clk  {rise@0.000ns fall@2.500ns period=5.000ns})
  Path Group:             clk
  Path Type:              Hold (Min at Fast Process Corner)
  Requirement:            0.000ns  (clk rise@0.000ns - clk rise@0.000ns)
  Data Path Delay:        0.114ns  (logic 0.114ns (100.000%)  route 0.000ns (0.000%))
  Logic Levels:           1  (DSP_PREADD=1)
  Clock Path Skew:        0.008ns (DCD - SCD - CPR)
    Destination Clock Delay (DCD):    0.042ns
    Source Clock Delay      (SCD):    0.034ns
    Clock Pessimism Removal (CPR):    -0.000ns

    Location             Delay type                Incr(ns)  Path(ns)    Netlist Resource(s)
  -------------------------------------------------------------------    -------------------
                         (clock clk rise edge)        0.000     0.000 r  
                                                      0.000     0.000 r  clk (IN)
                         net (fo=5992, unset)         0.034     0.034    u_datapath/u_core/u_accum_base_datapath/u_sa/g_pe_row[0].g_pe_col[0].u_pe/product_reg_reg/CLK
    DSP48E2_X9Y14        DSP_PREADD_DATA                              r  u_datapath/u_core/u_accum_base_datapath/u_sa/g_pe_row[0].g_pe_col[0].u_pe/product_reg_reg/DSP_PREADD_DATA_INST/CLK
  -------------------------------------------------------------------    -------------------
    DSP48E2_X9Y14        DSP_PREADD_DATA (Prop_DSP_PREADD_DATA_DSP48E2_CLK_D_DATA[12])
                                                      0.081     0.115 r  u_datapath/u_core/u_accum_base_datapath/u_sa/g_pe_row[0].g_pe_col[0].u_pe/product_reg_reg/DSP_PREADD_DATA_INST/D_DATA[12]
                         net (fo=1, routed)           0.000     0.115    u_datapath/u_core/u_accum_base_datapath/u_sa/g_pe_row[0].g_pe_col[0].u_pe/product_reg_reg/DSP_PREADD_DATA.D_DATA<12>
    DSP48E2_X9Y14        DSP_PREADD (Prop_DSP_PREADD_DSP48E2_D_DATA[12]_AD[12])
                                                      0.033     0.148 r  u_datapath/u_core/u_accum_base_datapath/u_sa/g_pe_row[0].g_pe_col[0].u_pe/product_reg_reg/DSP_PREADD_INST/AD[12]
                         net (fo=1, routed)           0.000     0.148    u_datapath/u_core/u_accum_base_datapath/u_sa/g_pe_row[0].g_pe_col[0].u_pe/product_reg_reg/DSP_PREADD.AD<12>
    DSP48E2_X9Y14        DSP_PREADD_DATA                              r  u_datapath/u_core/u_accum_base_datapath/u_sa/g_pe_row[0].g_pe_col[0].u_pe/product_reg_reg/DSP_PREADD_DATA_INST/AD[12]
  -------------------------------------------------------------------    -------------------

                         (clock clk rise edge)        0.000     0.000 r  
                                                      0.000     0.000 r  clk (IN)
                         net (fo=5992, unset)         0.042     0.042    u_datapath/u_core/u_accum_base_datapath/u_sa/g_pe_row[0].g_pe_col[0].u_pe/product_reg_reg/CLK
    DSP48E2_X9Y14        DSP_PREADD_DATA                              r  u_datapath/u_core/u_accum_base_datapath/u_sa/g_pe_row[0].g_pe_col[0].u_pe/product_reg_reg/DSP_PREADD_DATA_INST/CLK
                         clock pessimism              0.000     0.042    
    DSP48E2_X9Y14        DSP_PREADD_DATA (Hold_DSP_PREADD_DATA_DSP48E2_CLK_AD[12])
                                                      0.060     0.102    u_datapath/u_core/u_accum_base_datapath/u_sa/g_pe_row[0].g_pe_col[0].u_pe/product_reg_reg/DSP_PREADD_DATA_INST
  -------------------------------------------------------------------
                         required time                         -0.102    
                         arrival time                           0.148    
  -------------------------------------------------------------------
                         slack                                  0.046    

Slack (MET) :             0.046ns  (arrival time - required time)
  Source:                 u_datapath/u_core/u_accum_base_datapath/u_sa/g_pe_row[0].g_pe_col[0].u_pe/product_reg_reg/DSP_PREADD_DATA_INST/CLK
                            (rising edge-triggered cell DSP_PREADD_DATA clocked by clk  {rise@0.000ns fall@2.500ns period=5.000ns})
  Destination:            u_datapath/u_core/u_accum_base_datapath/u_sa/g_pe_row[0].g_pe_col[0].u_pe/product_reg_reg/DSP_PREADD_DATA_INST/AD[13]
                            (rising edge-triggered cell DSP_PREADD_DATA clocked by clk  {rise@0.000ns fall@2.500ns period=5.000ns})
  Path Group:             clk
  Path Type:              Hold (Min at Fast Process Corner)
  Requirement:            0.000ns  (clk rise@0.000ns - clk rise@0.000ns)
  Data Path Delay:        0.114ns  (logic 0.114ns (100.000%)  route 0.000ns (0.000%))
  Logic Levels:           1  (DSP_PREADD=1)
  Clock Path Skew:        0.008ns (DCD - SCD - CPR)
    Destination Clock Delay (DCD):    0.042ns
    Source Clock Delay      (SCD):    0.034ns
    Clock Pessimism Removal (CPR):    -0.000ns

    Location             Delay type                Incr(ns)  Path(ns)    Netlist Resource(s)
  -------------------------------------------------------------------    -------------------
                         (clock clk rise edge)        0.000     0.000 r  
                                                      0.000     0.000 r  clk (IN)
                         net (fo=5992, unset)         0.034     0.034    u_datapath/u_core/u_accum_base_datapath/u_sa/g_pe_row[0].g_pe_col[0].u_pe/product_reg_reg/CLK
    DSP48E2_X9Y14        DSP_PREADD_DATA                              r  u_datapath/u_core/u_accum_base_datapath/u_sa/g_pe_row[0].g_pe_col[0].u_pe/product_reg_reg/DSP_PREADD_DATA_INST/CLK
  -------------------------------------------------------------------    -------------------
    DSP48E2_X9Y14        DSP_PREADD_DATA (Prop_DSP_PREADD_DATA_DSP48E2_CLK_D_DATA[13])
                                                      0.081     0.115 r  u_datapath/u_core/u_accum_base_datapath/u_sa/g_pe_row[0].g_pe_col[0].u_pe/product_reg_reg/DSP_PREADD_DATA_INST/D_DATA[13]
                         net (fo=1, routed)           0.000     0.115    u_datapath/u_core/u_accum_base_datapath/u_sa/g_pe_row[0].g_pe_col[0].u_pe/product_reg_reg/DSP_PREADD_DATA.D_DATA<13>
    DSP48E2_X9Y14        DSP_PREADD (Prop_DSP_PREADD_DSP48E2_D_DATA[13]_AD[13])
                                                      0.033     0.148 r  u_datapath/u_core/u_accum_base_datapath/u_sa/g_pe_row[0].g_pe_col[0].u_pe/product_reg_reg/DSP_PREADD_INST/AD[13]
                         net (fo=1, routed)           0.000     0.148    u_datapath/u_core/u_accum_base_datapath/u_sa/g_pe_row[0].g_pe_col[0].u_pe/product_reg_reg/DSP_PREADD.AD<13>
    DSP48E2_X9Y14        DSP_PREADD_DATA                              r  u_datapath/u_core/u_accum_base_datapath/u_sa/g_pe_row[0].g_pe_col[0].u_pe/product_reg_reg/DSP_PREADD_DATA_INST/AD[13]
  -------------------------------------------------------------------    -------------------

                         (clock clk rise edge)        0.000     0.000 r  
                                                      0.000     0.000 r  clk (IN)
                         net (fo=5992, unset)         0.042     0.042    u_datapath/u_core/u_accum_base_datapath/u_sa/g_pe_row[0].g_pe_col[0].u_pe/product_reg_reg/CLK
    DSP48E2_X9Y14        DSP_PREADD_DATA                              r  u_datapath/u_core/u_accum_base_datapath/u_sa/g_pe_row[0].g_pe_col[0].u_pe/product_reg_reg/DSP_PREADD_DATA_INST/CLK
                         clock pessimism              0.000     0.042    
    DSP48E2_X9Y14        DSP_PREADD_DATA (Hold_DSP_PREADD_DATA_DSP48E2_CLK_AD[13])
                                                      0.060     0.102    u_datapath/u_core/u_accum_base_datapath/u_sa/g_pe_row[0].g_pe_col[0].u_pe/product_reg_reg/DSP_PREADD_DATA_INST
  -------------------------------------------------------------------
                         required time                         -0.102    
                         arrival time                           0.148    
  -------------------------------------------------------------------
                         slack                                  0.046    

Slack (MET) :             0.046ns  (arrival time - required time)
  Source:                 u_datapath/u_core/u_accum_base_datapath/u_sa/g_pe_row[0].g_pe_col[0].u_pe/product_reg_reg/DSP_PREADD_DATA_INST/CLK
                            (rising edge-triggered cell DSP_PREADD_DATA clocked by clk  {rise@0.000ns fall@2.500ns period=5.000ns})
  Destination:            u_datapath/u_core/u_accum_base_datapath/u_sa/g_pe_row[0].g_pe_col[0].u_pe/product_reg_reg/DSP_PREADD_DATA_INST/AD[14]
                            (rising edge-triggered cell DSP_PREADD_DATA clocked by clk  {rise@0.000ns fall@2.500ns period=5.000ns})
  Path Group:             clk
  Path Type:              Hold (Min at Fast Process Corner)
  Requirement:            0.000ns  (clk rise@0.000ns - clk rise@0.000ns)
  Data Path Delay:        0.114ns  (logic 0.114ns (100.000%)  route 0.000ns (0.000%))
  Logic Levels:           1  (DSP_PREADD=1)
  Clock Path Skew:        0.008ns (DCD - SCD - CPR)
    Destination Clock Delay (DCD):    0.042ns
    Source Clock Delay      (SCD):    0.034ns
    Clock Pessimism Removal (CPR):    -0.000ns

    Location             Delay type                Incr(ns)  Path(ns)    Netlist Resource(s)
  -------------------------------------------------------------------    -------------------
                         (clock clk rise edge)        0.000     0.000 r  
                                                      0.000     0.000 r  clk (IN)
                         net (fo=5992, unset)         0.034     0.034    u_datapath/u_core/u_accum_base_datapath/u_sa/g_pe_row[0].g_pe_col[0].u_pe/product_reg_reg/CLK
    DSP48E2_X9Y14        DSP_PREADD_DATA                              r  u_datapath/u_core/u_accum_base_datapath/u_sa/g_pe_row[0].g_pe_col[0].u_pe/product_reg_reg/DSP_PREADD_DATA_INST/CLK
  -------------------------------------------------------------------    -------------------
    DSP48E2_X9Y14        DSP_PREADD_DATA (Prop_DSP_PREADD_DATA_DSP48E2_CLK_D_DATA[14])
                                                      0.081     0.115 r  u_datapath/u_core/u_accum_base_datapath/u_sa/g_pe_row[0].g_pe_col[0].u_pe/product_reg_reg/DSP_PREADD_DATA_INST/D_DATA[14]
                         net (fo=1, routed)           0.000     0.115    u_datapath/u_core/u_accum_base_datapath/u_sa/g_pe_row[0].g_pe_col[0].u_pe/product_reg_reg/DSP_PREADD_DATA.D_DATA<14>
    DSP48E2_X9Y14        DSP_PREADD (Prop_DSP_PREADD_DSP48E2_D_DATA[14]_AD[14])
                                                      0.033     0.148 r  u_datapath/u_core/u_accum_base_datapath/u_sa/g_pe_row[0].g_pe_col[0].u_pe/product_reg_reg/DSP_PREADD_INST/AD[14]
                         net (fo=1, routed)           0.000     0.148    u_datapath/u_core/u_accum_base_datapath/u_sa/g_pe_row[0].g_pe_col[0].u_pe/product_reg_reg/DSP_PREADD.AD<14>
    DSP48E2_X9Y14        DSP_PREADD_DATA                              r  u_datapath/u_core/u_accum_base_datapath/u_sa/g_pe_row[0].g_pe_col[0].u_pe/product_reg_reg/DSP_PREADD_DATA_INST/AD[14]
  -------------------------------------------------------------------    -------------------

                         (clock clk rise edge)        0.000     0.000 r  
                                                      0.000     0.000 r  clk (IN)
                         net (fo=5992, unset)         0.042     0.042    u_datapath/u_core/u_accum_base_datapath/u_sa/g_pe_row[0].g_pe_col[0].u_pe/product_reg_reg/CLK
    DSP48E2_X9Y14        DSP_PREADD_DATA                              r  u_datapath/u_core/u_accum_base_datapath/u_sa/g_pe_row[0].g_pe_col[0].u_pe/product_reg_reg/DSP_PREADD_DATA_INST/CLK
                         clock pessimism              0.000     0.042    
    DSP48E2_X9Y14        DSP_PREADD_DATA (Hold_DSP_PREADD_DATA_DSP48E2_CLK_AD[14])
                                                      0.060     0.102    u_datapath/u_core/u_accum_base_datapath/u_sa/g_pe_row[0].g_pe_col[0].u_pe/product_reg_reg/DSP_PREADD_DATA_INST
  -------------------------------------------------------------------
                         required time                         -0.102    
                         arrival time                           0.148    
  -------------------------------------------------------------------
                         slack                                  0.046    

Slack (MET) :             0.046ns  (arrival time - required time)
  Source:                 u_datapath/u_core/u_accum_base_datapath/u_sa/g_pe_row[0].g_pe_col[0].u_pe/product_reg_reg/DSP_PREADD_DATA_INST/CLK
                            (rising edge-triggered cell DSP_PREADD_DATA clocked by clk  {rise@0.000ns fall@2.500ns period=5.000ns})
  Destination:            u_datapath/u_core/u_accum_base_datapath/u_sa/g_pe_row[0].g_pe_col[0].u_pe/product_reg_reg/DSP_PREADD_DATA_INST/AD[15]
                            (rising edge-triggered cell DSP_PREADD_DATA clocked by clk  {rise@0.000ns fall@2.500ns period=5.000ns})
  Path Group:             clk
  Path Type:              Hold (Min at Fast Process Corner)
  Requirement:            0.000ns  (clk rise@0.000ns - clk rise@0.000ns)
  Data Path Delay:        0.114ns  (logic 0.114ns (100.000%)  route 0.000ns (0.000%))
  Logic Levels:           1  (DSP_PREADD=1)
  Clock Path Skew:        0.008ns (DCD - SCD - CPR)
    Destination Clock Delay (DCD):    0.042ns
    Source Clock Delay      (SCD):    0.034ns
    Clock Pessimism Removal (CPR):    -0.000ns

    Location             Delay type                Incr(ns)  Path(ns)    Netlist Resource(s)
  -------------------------------------------------------------------    -------------------
                         (clock clk rise edge)        0.000     0.000 r  
                                                      0.000     0.000 r  clk (IN)
                         net (fo=5992, unset)         0.034     0.034    u_datapath/u_core/u_accum_base_datapath/u_sa/g_pe_row[0].g_pe_col[0].u_pe/product_reg_reg/CLK
    DSP48E2_X9Y14        DSP_PREADD_DATA                              r  u_datapath/u_core/u_accum_base_datapath/u_sa/g_pe_row[0].g_pe_col[0].u_pe/product_reg_reg/DSP_PREADD_DATA_INST/CLK
  -------------------------------------------------------------------    -------------------
    DSP48E2_X9Y14        DSP_PREADD_DATA (Prop_DSP_PREADD_DATA_DSP48E2_CLK_D_DATA[15])
                                                      0.081     0.115 r  u_datapath/u_core/u_accum_base_datapath/u_sa/g_pe_row[0].g_pe_col[0].u_pe/product_reg_reg/DSP_PREADD_DATA_INST/D_DATA[15]
                         net (fo=1, routed)           0.000     0.115    u_datapath/u_core/u_accum_base_datapath/u_sa/g_pe_row[0].g_pe_col[0].u_pe/product_reg_reg/DSP_PREADD_DATA.D_DATA<15>
    DSP48E2_X9Y14        DSP_PREADD (Prop_DSP_PREADD_DSP48E2_D_DATA[15]_AD[15])
                                                      0.033     0.148 r  u_datapath/u_core/u_accum_base_datapath/u_sa/g_pe_row[0].g_pe_col[0].u_pe/product_reg_reg/DSP_PREADD_INST/AD[15]
                         net (fo=1, routed)           0.000     0.148    u_datapath/u_core/u_accum_base_datapath/u_sa/g_pe_row[0].g_pe_col[0].u_pe/product_reg_reg/DSP_PREADD.AD<15>
    DSP48E2_X9Y14        DSP_PREADD_DATA                              r  u_datapath/u_core/u_accum_base_datapath/u_sa/g_pe_row[0].g_pe_col[0].u_pe/product_reg_reg/DSP_PREADD_DATA_INST/AD[15]
  -------------------------------------------------------------------    -------------------

                         (clock clk rise edge)        0.000     0.000 r  
                                                      0.000     0.000 r  clk (IN)
                         net (fo=5992, unset)         0.042     0.042    u_datapath/u_core/u_accum_base_datapath/u_sa/g_pe_row[0].g_pe_col[0].u_pe/product_reg_reg/CLK
    DSP48E2_X9Y14        DSP_PREADD_DATA                              r  u_datapath/u_core/u_accum_base_datapath/u_sa/g_pe_row[0].g_pe_col[0].u_pe/product_reg_reg/DSP_PREADD_DATA_INST/CLK
                         clock pessimism              0.000     0.042    
    DSP48E2_X9Y14        DSP_PREADD_DATA (Hold_DSP_PREADD_DATA_DSP48E2_CLK_AD[15])
                                                      0.060     0.102    u_datapath/u_core/u_accum_base_datapath/u_sa/g_pe_row[0].g_pe_col[0].u_pe/product_reg_reg/DSP_PREADD_DATA_INST
  -------------------------------------------------------------------
                         required time                         -0.102    
                         arrival time                           0.148    
  -------------------------------------------------------------------
                         slack                                  0.046    

Slack (MET) :             0.046ns  (arrival time - required time)
  Source:                 u_datapath/u_core/u_accum_base_datapath/u_sa/g_pe_row[0].g_pe_col[0].u_pe/product_reg_reg/DSP_PREADD_DATA_INST/CLK
                            (rising edge-triggered cell DSP_PREADD_DATA clocked by clk  {rise@0.000ns fall@2.500ns period=5.000ns})
  Destination:            u_datapath/u_core/u_accum_base_datapath/u_sa/g_pe_row[0].g_pe_col[0].u_pe/product_reg_reg/DSP_PREADD_DATA_INST/AD[16]
                            (rising edge-triggered cell DSP_PREADD_DATA clocked by clk  {rise@0.000ns fall@2.500ns period=5.000ns})
  Path Group:             clk
  Path Type:              Hold (Min at Fast Process Corner)
  Requirement:            0.000ns  (clk rise@0.000ns - clk rise@0.000ns)
  Data Path Delay:        0.114ns  (logic 0.114ns (100.000%)  route 0.000ns (0.000%))
  Logic Levels:           1  (DSP_PREADD=1)
  Clock Path Skew:        0.008ns (DCD - SCD - CPR)
    Destination Clock Delay (DCD):    0.042ns
    Source Clock Delay      (SCD):    0.034ns
    Clock Pessimism Removal (CPR):    -0.000ns

    Location             Delay type                Incr(ns)  Path(ns)    Netlist Resource(s)
  -------------------------------------------------------------------    -------------------
                         (clock clk rise edge)        0.000     0.000 r  
                                                      0.000     0.000 r  clk (IN)
                         net (fo=5992, unset)         0.034     0.034    u_datapath/u_core/u_accum_base_datapath/u_sa/g_pe_row[0].g_pe_col[0].u_pe/product_reg_reg/CLK
    DSP48E2_X9Y14        DSP_PREADD_DATA                              r  u_datapath/u_core/u_accum_base_datapath/u_sa/g_pe_row[0].g_pe_col[0].u_pe/product_reg_reg/DSP_PREADD_DATA_INST/CLK
  -------------------------------------------------------------------    -------------------
    DSP48E2_X9Y14        DSP_PREADD_DATA (Prop_DSP_PREADD_DATA_DSP48E2_CLK_D_DATA[16])
                                                      0.081     0.115 r  u_datapath/u_core/u_accum_base_datapath/u_sa/g_pe_row[0].g_pe_col[0].u_pe/product_reg_reg/DSP_PREADD_DATA_INST/D_DATA[16]
                         net (fo=1, routed)           0.000     0.115    u_datapath/u_core/u_accum_base_datapath/u_sa/g_pe_row[0].g_pe_col[0].u_pe/product_reg_reg/DSP_PREADD_DATA.D_DATA<16>
    DSP48E2_X9Y14        DSP_PREADD (Prop_DSP_PREADD_DSP48E2_D_DATA[16]_AD[16])
                                                      0.033     0.148 r  u_datapath/u_core/u_accum_base_datapath/u_sa/g_pe_row[0].g_pe_col[0].u_pe/product_reg_reg/DSP_PREADD_INST/AD[16]
                         net (fo=1, routed)           0.000     0.148    u_datapath/u_core/u_accum_base_datapath/u_sa/g_pe_row[0].g_pe_col[0].u_pe/product_reg_reg/DSP_PREADD.AD<16>
    DSP48E2_X9Y14        DSP_PREADD_DATA                              r  u_datapath/u_core/u_accum_base_datapath/u_sa/g_pe_row[0].g_pe_col[0].u_pe/product_reg_reg/DSP_PREADD_DATA_INST/AD[16]
  -------------------------------------------------------------------    -------------------

                         (clock clk rise edge)        0.000     0.000 r  
                                                      0.000     0.000 r  clk (IN)
                         net (fo=5992, unset)         0.042     0.042    u_datapath/u_core/u_accum_base_datapath/u_sa/g_pe_row[0].g_pe_col[0].u_pe/product_reg_reg/CLK
    DSP48E2_X9Y14        DSP_PREADD_DATA                              r  u_datapath/u_core/u_accum_base_datapath/u_sa/g_pe_row[0].g_pe_col[0].u_pe/product_reg_reg/DSP_PREADD_DATA_INST/CLK
                         clock pessimism              0.000     0.042    
    DSP48E2_X9Y14        DSP_PREADD_DATA (Hold_DSP_PREADD_DATA_DSP48E2_CLK_AD[16])
                                                      0.060     0.102    u_datapath/u_core/u_accum_base_datapath/u_sa/g_pe_row[0].g_pe_col[0].u_pe/product_reg_reg/DSP_PREADD_DATA_INST
  -------------------------------------------------------------------
                         required time                         -0.102    
                         arrival time                           0.148    
  -------------------------------------------------------------------
                         slack                                  0.046    

Slack (MET) :             0.046ns  (arrival time - required time)
  Source:                 u_datapath/u_core/u_accum_base_datapath/u_sa/g_pe_row[0].g_pe_col[0].u_pe/product_reg_reg/DSP_PREADD_DATA_INST/CLK
                            (rising edge-triggered cell DSP_PREADD_DATA clocked by clk  {rise@0.000ns fall@2.500ns period=5.000ns})
  Destination:            u_datapath/u_core/u_accum_base_datapath/u_sa/g_pe_row[0].g_pe_col[0].u_pe/product_reg_reg/DSP_PREADD_DATA_INST/AD[17]
                            (rising edge-triggered cell DSP_PREADD_DATA clocked by clk  {rise@0.000ns fall@2.500ns period=5.000ns})
  Path Group:             clk
  Path Type:              Hold (Min at Fast Process Corner)
  Requirement:            0.000ns  (clk rise@0.000ns - clk rise@0.000ns)
  Data Path Delay:        0.114ns  (logic 0.114ns (100.000%)  route 0.000ns (0.000%))
  Logic Levels:           1  (DSP_PREADD=1)
  Clock Path Skew:        0.008ns (DCD - SCD - CPR)
    Destination Clock Delay (DCD):    0.042ns
    Source Clock Delay      (SCD):    0.034ns
    Clock Pessimism Removal (CPR):    -0.000ns

    Location             Delay type                Incr(ns)  Path(ns)    Netlist Resource(s)
  -------------------------------------------------------------------    -------------------
                         (clock clk rise edge)        0.000     0.000 r  
                                                      0.000     0.000 r  clk (IN)
                         net (fo=5992, unset)         0.034     0.034    u_datapath/u_core/u_accum_base_datapath/u_sa/g_pe_row[0].g_pe_col[0].u_pe/product_reg_reg/CLK
    DSP48E2_X9Y14        DSP_PREADD_DATA                              r  u_datapath/u_core/u_accum_base_datapath/u_sa/g_pe_row[0].g_pe_col[0].u_pe/product_reg_reg/DSP_PREADD_DATA_INST/CLK
  -------------------------------------------------------------------    -------------------
    DSP48E2_X9Y14        DSP_PREADD_DATA (Prop_DSP_PREADD_DATA_DSP48E2_CLK_D_DATA[17])
                                                      0.081     0.115 r  u_datapath/u_core/u_accum_base_datapath/u_sa/g_pe_row[0].g_pe_col[0].u_pe/product_reg_reg/DSP_PREADD_DATA_INST/D_DATA[17]
                         net (fo=1, routed)           0.000     0.115    u_datapath/u_core/u_accum_base_datapath/u_sa/g_pe_row[0].g_pe_col[0].u_pe/product_reg_reg/DSP_PREADD_DATA.D_DATA<17>
    DSP48E2_X9Y14        DSP_PREADD (Prop_DSP_PREADD_DSP48E2_D_DATA[17]_AD[17])
                                                      0.033     0.148 r  u_datapath/u_core/u_accum_base_datapath/u_sa/g_pe_row[0].g_pe_col[0].u_pe/product_reg_reg/DSP_PREADD_INST/AD[17]
                         net (fo=1, routed)           0.000     0.148    u_datapath/u_core/u_accum_base_datapath/u_sa/g_pe_row[0].g_pe_col[0].u_pe/product_reg_reg/DSP_PREADD.AD<17>
    DSP48E2_X9Y14        DSP_PREADD_DATA                              r  u_datapath/u_core/u_accum_base_datapath/u_sa/g_pe_row[0].g_pe_col[0].u_pe/product_reg_reg/DSP_PREADD_DATA_INST/AD[17]
  -------------------------------------------------------------------    -------------------

                         (clock clk rise edge)        0.000     0.000 r  
                                                      0.000     0.000 r  clk (IN)
                         net (fo=5992, unset)         0.042     0.042    u_datapath/u_core/u_accum_base_datapath/u_sa/g_pe_row[0].g_pe_col[0].u_pe/product_reg_reg/CLK
    DSP48E2_X9Y14        DSP_PREADD_DATA                              r  u_datapath/u_core/u_accum_base_datapath/u_sa/g_pe_row[0].g_pe_col[0].u_pe/product_reg_reg/DSP_PREADD_DATA_INST/CLK
                         clock pessimism              0.000     0.042    
    DSP48E2_X9Y14        DSP_PREADD_DATA (Hold_DSP_PREADD_DATA_DSP48E2_CLK_AD[17])
                                                      0.060     0.102    u_datapath/u_core/u_accum_base_datapath/u_sa/g_pe_row[0].g_pe_col[0].u_pe/product_reg_reg/DSP_PREADD_DATA_INST
  -------------------------------------------------------------------
                         required time                         -0.102    
                         arrival time                           0.148    
  -------------------------------------------------------------------
                         slack                                  0.046    

Slack (MET) :             0.046ns  (arrival time - required time)
  Source:                 u_datapath/u_core/u_accum_base_datapath/u_sa/g_pe_row[0].g_pe_col[0].u_pe/product_reg_reg/DSP_PREADD_DATA_INST/CLK
                            (rising edge-triggered cell DSP_PREADD_DATA clocked by clk  {rise@0.000ns fall@2.500ns period=5.000ns})
  Destination:            u_datapath/u_core/u_accum_base_datapath/u_sa/g_pe_row[0].g_pe_col[0].u_pe/product_reg_reg/DSP_PREADD_DATA_INST/AD[18]
                            (rising edge-triggered cell DSP_PREADD_DATA clocked by clk  {rise@0.000ns fall@2.500ns period=5.000ns})
  Path Group:             clk
  Path Type:              Hold (Min at Fast Process Corner)
  Requirement:            0.000ns  (clk rise@0.000ns - clk rise@0.000ns)
  Data Path Delay:        0.114ns  (logic 0.114ns (100.000%)  route 0.000ns (0.000%))
  Logic Levels:           1  (DSP_PREADD=1)
  Clock Path Skew:        0.008ns (DCD - SCD - CPR)
    Destination Clock Delay (DCD):    0.042ns
    Source Clock Delay      (SCD):    0.034ns
    Clock Pessimism Removal (CPR):    -0.000ns

    Location             Delay type                Incr(ns)  Path(ns)    Netlist Resource(s)
  -------------------------------------------------------------------    -------------------
                         (clock clk rise edge)        0.000     0.000 r  
                                                      0.000     0.000 r  clk (IN)
                         net (fo=5992, unset)         0.034     0.034    u_datapath/u_core/u_accum_base_datapath/u_sa/g_pe_row[0].g_pe_col[0].u_pe/product_reg_reg/CLK
    DSP48E2_X9Y14        DSP_PREADD_DATA                              r  u_datapath/u_core/u_accum_base_datapath/u_sa/g_pe_row[0].g_pe_col[0].u_pe/product_reg_reg/DSP_PREADD_DATA_INST/CLK
  -------------------------------------------------------------------    -------------------
    DSP48E2_X9Y14        DSP_PREADD_DATA (Prop_DSP_PREADD_DATA_DSP48E2_CLK_D_DATA[18])
                                                      0.081     0.115 r  u_datapath/u_core/u_accum_base_datapath/u_sa/g_pe_row[0].g_pe_col[0].u_pe/product_reg_reg/DSP_PREADD_DATA_INST/D_DATA[18]
                         net (fo=1, routed)           0.000     0.115    u_datapath/u_core/u_accum_base_datapath/u_sa/g_pe_row[0].g_pe_col[0].u_pe/product_reg_reg/DSP_PREADD_DATA.D_DATA<18>
    DSP48E2_X9Y14        DSP_PREADD (Prop_DSP_PREADD_DSP48E2_D_DATA[18]_AD[18])
                                                      0.033     0.148 r  u_datapath/u_core/u_accum_base_datapath/u_sa/g_pe_row[0].g_pe_col[0].u_pe/product_reg_reg/DSP_PREADD_INST/AD[18]
                         net (fo=1, routed)           0.000     0.148    u_datapath/u_core/u_accum_base_datapath/u_sa/g_pe_row[0].g_pe_col[0].u_pe/product_reg_reg/DSP_PREADD.AD<18>
    DSP48E2_X9Y14        DSP_PREADD_DATA                              r  u_datapath/u_core/u_accum_base_datapath/u_sa/g_pe_row[0].g_pe_col[0].u_pe/product_reg_reg/DSP_PREADD_DATA_INST/AD[18]
  -------------------------------------------------------------------    -------------------

                         (clock clk rise edge)        0.000     0.000 r  
                                                      0.000     0.000 r  clk (IN)
                         net (fo=5992, unset)         0.042     0.042    u_datapath/u_core/u_accum_base_datapath/u_sa/g_pe_row[0].g_pe_col[0].u_pe/product_reg_reg/CLK
    DSP48E2_X9Y14        DSP_PREADD_DATA                              r  u_datapath/u_core/u_accum_base_datapath/u_sa/g_pe_row[0].g_pe_col[0].u_pe/product_reg_reg/DSP_PREADD_DATA_INST/CLK
                         clock pessimism              0.000     0.042    
    DSP48E2_X9Y14        DSP_PREADD_DATA (Hold_DSP_PREADD_DATA_DSP48E2_CLK_AD[18])
                                                      0.060     0.102    u_datapath/u_core/u_accum_base_datapath/u_sa/g_pe_row[0].g_pe_col[0].u_pe/product_reg_reg/DSP_PREADD_DATA_INST
  -------------------------------------------------------------------
                         required time                         -0.102    
                         arrival time                           0.148    
  -------------------------------------------------------------------
                         slack                                  0.046    

Slack (MET) :             0.046ns  (arrival time - required time)
  Source:                 u_datapath/u_core/u_accum_base_datapath/u_sa/g_pe_row[0].g_pe_col[0].u_pe/product_reg_reg/DSP_PREADD_DATA_INST/CLK
                            (rising edge-triggered cell DSP_PREADD_DATA clocked by clk  {rise@0.000ns fall@2.500ns period=5.000ns})
  Destination:            u_datapath/u_core/u_accum_base_datapath/u_sa/g_pe_row[0].g_pe_col[0].u_pe/product_reg_reg/DSP_PREADD_DATA_INST/AD[19]
                            (rising edge-triggered cell DSP_PREADD_DATA clocked by clk  {rise@0.000ns fall@2.500ns period=5.000ns})
  Path Group:             clk
  Path Type:              Hold (Min at Fast Process Corner)
  Requirement:            0.000ns  (clk rise@0.000ns - clk rise@0.000ns)
  Data Path Delay:        0.114ns  (logic 0.114ns (100.000%)  route 0.000ns (0.000%))
  Logic Levels:           1  (DSP_PREADD=1)
  Clock Path Skew:        0.008ns (DCD - SCD - CPR)
    Destination Clock Delay (DCD):    0.042ns
    Source Clock Delay      (SCD):    0.034ns
    Clock Pessimism Removal (CPR):    -0.000ns

    Location             Delay type                Incr(ns)  Path(ns)    Netlist Resource(s)
  -------------------------------------------------------------------    -------------------
                         (clock clk rise edge)        0.000     0.000 r  
                                                      0.000     0.000 r  clk (IN)
                         net (fo=5992, unset)         0.034     0.034    u_datapath/u_core/u_accum_base_datapath/u_sa/g_pe_row[0].g_pe_col[0].u_pe/product_reg_reg/CLK
    DSP48E2_X9Y14        DSP_PREADD_DATA                              r  u_datapath/u_core/u_accum_base_datapath/u_sa/g_pe_row[0].g_pe_col[0].u_pe/product_reg_reg/DSP_PREADD_DATA_INST/CLK
  -------------------------------------------------------------------    -------------------
    DSP48E2_X9Y14        DSP_PREADD_DATA (Prop_DSP_PREADD_DATA_DSP48E2_CLK_D_DATA[19])
                                                      0.081     0.115 r  u_datapath/u_core/u_accum_base_datapath/u_sa/g_pe_row[0].g_pe_col[0].u_pe/product_reg_reg/DSP_PREADD_DATA_INST/D_DATA[19]
                         net (fo=1, routed)           0.000     0.115    u_datapath/u_core/u_accum_base_datapath/u_sa/g_pe_row[0].g_pe_col[0].u_pe/product_reg_reg/DSP_PREADD_DATA.D_DATA<19>
    DSP48E2_X9Y14        DSP_PREADD (Prop_DSP_PREADD_DSP48E2_D_DATA[19]_AD[19])
                                                      0.033     0.148 r  u_datapath/u_core/u_accum_base_datapath/u_sa/g_pe_row[0].g_pe_col[0].u_pe/product_reg_reg/DSP_PREADD_INST/AD[19]
                         net (fo=1, routed)           0.000     0.148    u_datapath/u_core/u_accum_base_datapath/u_sa/g_pe_row[0].g_pe_col[0].u_pe/product_reg_reg/DSP_PREADD.AD<19>
    DSP48E2_X9Y14        DSP_PREADD_DATA                              r  u_datapath/u_core/u_accum_base_datapath/u_sa/g_pe_row[0].g_pe_col[0].u_pe/product_reg_reg/DSP_PREADD_DATA_INST/AD[19]
  -------------------------------------------------------------------    -------------------

                         (clock clk rise edge)        0.000     0.000 r  
                                                      0.000     0.000 r  clk (IN)
                         net (fo=5992, unset)         0.042     0.042    u_datapath/u_core/u_accum_base_datapath/u_sa/g_pe_row[0].g_pe_col[0].u_pe/product_reg_reg/CLK
    DSP48E2_X9Y14        DSP_PREADD_DATA                              r  u_datapath/u_core/u_accum_base_datapath/u_sa/g_pe_row[0].g_pe_col[0].u_pe/product_reg_reg/DSP_PREADD_DATA_INST/CLK
                         clock pessimism              0.000     0.042    
    DSP48E2_X9Y14        DSP_PREADD_DATA (Hold_DSP_PREADD_DATA_DSP48E2_CLK_AD[19])
                                                      0.060     0.102    u_datapath/u_core/u_accum_base_datapath/u_sa/g_pe_row[0].g_pe_col[0].u_pe/product_reg_reg/DSP_PREADD_DATA_INST
  -------------------------------------------------------------------
                         required time                         -0.102    
                         arrival time                           0.148    
  -------------------------------------------------------------------
                         slack                                  0.046    

Slack (MET) :             0.046ns  (arrival time - required time)
  Source:                 u_datapath/u_core/u_accum_base_datapath/u_sa/g_pe_row[0].g_pe_col[0].u_pe/product_reg_reg/DSP_PREADD_DATA_INST/CLK
                            (rising edge-triggered cell DSP_PREADD_DATA clocked by clk  {rise@0.000ns fall@2.500ns period=5.000ns})
  Destination:            u_datapath/u_core/u_accum_base_datapath/u_sa/g_pe_row[0].g_pe_col[0].u_pe/product_reg_reg/DSP_PREADD_DATA_INST/AD[1]
                            (rising edge-triggered cell DSP_PREADD_DATA clocked by clk  {rise@0.000ns fall@2.500ns period=5.000ns})
  Path Group:             clk
  Path Type:              Hold (Min at Fast Process Corner)
  Requirement:            0.000ns  (clk rise@0.000ns - clk rise@0.000ns)
  Data Path Delay:        0.114ns  (logic 0.114ns (100.000%)  route 0.000ns (0.000%))
  Logic Levels:           1  (DSP_PREADD=1)
  Clock Path Skew:        0.008ns (DCD - SCD - CPR)
    Destination Clock Delay (DCD):    0.042ns
    Source Clock Delay      (SCD):    0.034ns
    Clock Pessimism Removal (CPR):    -0.000ns

    Location             Delay type                Incr(ns)  Path(ns)    Netlist Resource(s)
  -------------------------------------------------------------------    -------------------
                         (clock clk rise edge)        0.000     0.000 r  
                                                      0.000     0.000 r  clk (IN)
                         net (fo=5992, unset)         0.034     0.034    u_datapath/u_core/u_accum_base_datapath/u_sa/g_pe_row[0].g_pe_col[0].u_pe/product_reg_reg/CLK
    DSP48E2_X9Y14        DSP_PREADD_DATA                              r  u_datapath/u_core/u_accum_base_datapath/u_sa/g_pe_row[0].g_pe_col[0].u_pe/product_reg_reg/DSP_PREADD_DATA_INST/CLK
  -------------------------------------------------------------------    -------------------
    DSP48E2_X9Y14        DSP_PREADD_DATA (Prop_DSP_PREADD_DATA_DSP48E2_CLK_D_DATA[1])
                                                      0.081     0.115 r  u_datapath/u_core/u_accum_base_datapath/u_sa/g_pe_row[0].g_pe_col[0].u_pe/product_reg_reg/DSP_PREADD_DATA_INST/D_DATA[1]
                         net (fo=1, routed)           0.000     0.115    u_datapath/u_core/u_accum_base_datapath/u_sa/g_pe_row[0].g_pe_col[0].u_pe/product_reg_reg/DSP_PREADD_DATA.D_DATA<1>
    DSP48E2_X9Y14        DSP_PREADD (Prop_DSP_PREADD_DSP48E2_D_DATA[1]_AD[1])
                                                      0.033     0.148 r  u_datapath/u_core/u_accum_base_datapath/u_sa/g_pe_row[0].g_pe_col[0].u_pe/product_reg_reg/DSP_PREADD_INST/AD[1]
                         net (fo=1, routed)           0.000     0.148    u_datapath/u_core/u_accum_base_datapath/u_sa/g_pe_row[0].g_pe_col[0].u_pe/product_reg_reg/DSP_PREADD.AD<1>
    DSP48E2_X9Y14        DSP_PREADD_DATA                              r  u_datapath/u_core/u_accum_base_datapath/u_sa/g_pe_row[0].g_pe_col[0].u_pe/product_reg_reg/DSP_PREADD_DATA_INST/AD[1]
  -------------------------------------------------------------------    -------------------

                         (clock clk rise edge)        0.000     0.000 r  
                                                      0.000     0.000 r  clk (IN)
                         net (fo=5992, unset)         0.042     0.042    u_datapath/u_core/u_accum_base_datapath/u_sa/g_pe_row[0].g_pe_col[0].u_pe/product_reg_reg/CLK
    DSP48E2_X9Y14        DSP_PREADD_DATA                              r  u_datapath/u_core/u_accum_base_datapath/u_sa/g_pe_row[0].g_pe_col[0].u_pe/product_reg_reg/DSP_PREADD_DATA_INST/CLK
                         clock pessimism              0.000     0.042    
    DSP48E2_X9Y14        DSP_PREADD_DATA (Hold_DSP_PREADD_DATA_DSP48E2_CLK_AD[1])
                                                      0.060     0.102    u_datapath/u_core/u_accum_base_datapath/u_sa/g_pe_row[0].g_pe_col[0].u_pe/product_reg_reg/DSP_PREADD_DATA_INST
  -------------------------------------------------------------------
                         required time                         -0.102    
                         arrival time                           0.148    
  -------------------------------------------------------------------
                         slack                                  0.046    

Slack (MET) :             0.046ns  (arrival time - required time)
  Source:                 u_datapath/u_core/u_accum_base_datapath/u_sa/g_pe_row[0].g_pe_col[0].u_pe/product_reg_reg/DSP_PREADD_DATA_INST/CLK
                            (rising edge-triggered cell DSP_PREADD_DATA clocked by clk  {rise@0.000ns fall@2.500ns period=5.000ns})
  Destination:            u_datapath/u_core/u_accum_base_datapath/u_sa/g_pe_row[0].g_pe_col[0].u_pe/product_reg_reg/DSP_PREADD_DATA_INST/AD[20]
                            (rising edge-triggered cell DSP_PREADD_DATA clocked by clk  {rise@0.000ns fall@2.500ns period=5.000ns})
  Path Group:             clk
  Path Type:              Hold (Min at Fast Process Corner)
  Requirement:            0.000ns  (clk rise@0.000ns - clk rise@0.000ns)
  Data Path Delay:        0.114ns  (logic 0.114ns (100.000%)  route 0.000ns (0.000%))
  Logic Levels:           1  (DSP_PREADD=1)
  Clock Path Skew:        0.008ns (DCD - SCD - CPR)
    Destination Clock Delay (DCD):    0.042ns
    Source Clock Delay      (SCD):    0.034ns
    Clock Pessimism Removal (CPR):    -0.000ns

    Location             Delay type                Incr(ns)  Path(ns)    Netlist Resource(s)
  -------------------------------------------------------------------    -------------------
                         (clock clk rise edge)        0.000     0.000 r  
                                                      0.000     0.000 r  clk (IN)
                         net (fo=5992, unset)         0.034     0.034    u_datapath/u_core/u_accum_base_datapath/u_sa/g_pe_row[0].g_pe_col[0].u_pe/product_reg_reg/CLK
    DSP48E2_X9Y14        DSP_PREADD_DATA                              r  u_datapath/u_core/u_accum_base_datapath/u_sa/g_pe_row[0].g_pe_col[0].u_pe/product_reg_reg/DSP_PREADD_DATA_INST/CLK
  -------------------------------------------------------------------    -------------------
    DSP48E2_X9Y14        DSP_PREADD_DATA (Prop_DSP_PREADD_DATA_DSP48E2_CLK_D_DATA[20])
                                                      0.081     0.115 r  u_datapath/u_core/u_accum_base_datapath/u_sa/g_pe_row[0].g_pe_col[0].u_pe/product_reg_reg/DSP_PREADD_DATA_INST/D_DATA[20]
                         net (fo=1, routed)           0.000     0.115    u_datapath/u_core/u_accum_base_datapath/u_sa/g_pe_row[0].g_pe_col[0].u_pe/product_reg_reg/DSP_PREADD_DATA.D_DATA<20>
    DSP48E2_X9Y14        DSP_PREADD (Prop_DSP_PREADD_DSP48E2_D_DATA[20]_AD[20])
                                                      0.033     0.148 r  u_datapath/u_core/u_accum_base_datapath/u_sa/g_pe_row[0].g_pe_col[0].u_pe/product_reg_reg/DSP_PREADD_INST/AD[20]
                         net (fo=1, routed)           0.000     0.148    u_datapath/u_core/u_accum_base_datapath/u_sa/g_pe_row[0].g_pe_col[0].u_pe/product_reg_reg/DSP_PREADD.AD<20>
    DSP48E2_X9Y14        DSP_PREADD_DATA                              r  u_datapath/u_core/u_accum_base_datapath/u_sa/g_pe_row[0].g_pe_col[0].u_pe/product_reg_reg/DSP_PREADD_DATA_INST/AD[20]
  -------------------------------------------------------------------    -------------------

                         (clock clk rise edge)        0.000     0.000 r  
                                                      0.000     0.000 r  clk (IN)
                         net (fo=5992, unset)         0.042     0.042    u_datapath/u_core/u_accum_base_datapath/u_sa/g_pe_row[0].g_pe_col[0].u_pe/product_reg_reg/CLK
    DSP48E2_X9Y14        DSP_PREADD_DATA                              r  u_datapath/u_core/u_accum_base_datapath/u_sa/g_pe_row[0].g_pe_col[0].u_pe/product_reg_reg/DSP_PREADD_DATA_INST/CLK
                         clock pessimism              0.000     0.042    
    DSP48E2_X9Y14        DSP_PREADD_DATA (Hold_DSP_PREADD_DATA_DSP48E2_CLK_AD[20])
                                                      0.060     0.102    u_datapath/u_core/u_accum_base_datapath/u_sa/g_pe_row[0].g_pe_col[0].u_pe/product_reg_reg/DSP_PREADD_DATA_INST
  -------------------------------------------------------------------
                         required time                         -0.102    
                         arrival time                           0.148    
  -------------------------------------------------------------------
                         slack                                  0.046    

Slack (MET) :             0.046ns  (arrival time - required time)
  Source:                 u_datapath/u_core/u_accum_base_datapath/u_sa/g_pe_row[0].g_pe_col[0].u_pe/product_reg_reg/DSP_PREADD_DATA_INST/CLK
                            (rising edge-triggered cell DSP_PREADD_DATA clocked by clk  {rise@0.000ns fall@2.500ns period=5.000ns})
  Destination:            u_datapath/u_core/u_accum_base_datapath/u_sa/g_pe_row[0].g_pe_col[0].u_pe/product_reg_reg/DSP_PREADD_DATA_INST/AD[21]
                            (rising edge-triggered cell DSP_PREADD_DATA clocked by clk  {rise@0.000ns fall@2.500ns period=5.000ns})
  Path Group:             clk
  Path Type:              Hold (Min at Fast Process Corner)
  Requirement:            0.000ns  (clk rise@0.000ns - clk rise@0.000ns)
  Data Path Delay:        0.114ns  (logic 0.114ns (100.000%)  route 0.000ns (0.000%))
  Logic Levels:           1  (DSP_PREADD=1)
  Clock Path Skew:        0.008ns (DCD - SCD - CPR)
    Destination Clock Delay (DCD):    0.042ns
    Source Clock Delay      (SCD):    0.034ns
    Clock Pessimism Removal (CPR):    -0.000ns

    Location             Delay type                Incr(ns)  Path(ns)    Netlist Resource(s)
  -------------------------------------------------------------------    -------------------
                         (clock clk rise edge)        0.000     0.000 r  
                                                      0.000     0.000 r  clk (IN)
                         net (fo=5992, unset)         0.034     0.034    u_datapath/u_core/u_accum_base_datapath/u_sa/g_pe_row[0].g_pe_col[0].u_pe/product_reg_reg/CLK
    DSP48E2_X9Y14        DSP_PREADD_DATA                              r  u_datapath/u_core/u_accum_base_datapath/u_sa/g_pe_row[0].g_pe_col[0].u_pe/product_reg_reg/DSP_PREADD_DATA_INST/CLK
  -------------------------------------------------------------------    -------------------
    DSP48E2_X9Y14        DSP_PREADD_DATA (Prop_DSP_PREADD_DATA_DSP48E2_CLK_D_DATA[21])
                                                      0.081     0.115 r  u_datapath/u_core/u_accum_base_datapath/u_sa/g_pe_row[0].g_pe_col[0].u_pe/product_reg_reg/DSP_PREADD_DATA_INST/D_DATA[21]
                         net (fo=1, routed)           0.000     0.115    u_datapath/u_core/u_accum_base_datapath/u_sa/g_pe_row[0].g_pe_col[0].u_pe/product_reg_reg/DSP_PREADD_DATA.D_DATA<21>
    DSP48E2_X9Y14        DSP_PREADD (Prop_DSP_PREADD_DSP48E2_D_DATA[21]_AD[21])
                                                      0.033     0.148 r  u_datapath/u_core/u_accum_base_datapath/u_sa/g_pe_row[0].g_pe_col[0].u_pe/product_reg_reg/DSP_PREADD_INST/AD[21]
                         net (fo=1, routed)           0.000     0.148    u_datapath/u_core/u_accum_base_datapath/u_sa/g_pe_row[0].g_pe_col[0].u_pe/product_reg_reg/DSP_PREADD.AD<21>
    DSP48E2_X9Y14        DSP_PREADD_DATA                              r  u_datapath/u_core/u_accum_base_datapath/u_sa/g_pe_row[0].g_pe_col[0].u_pe/product_reg_reg/DSP_PREADD_DATA_INST/AD[21]
  -------------------------------------------------------------------    -------------------

                         (clock clk rise edge)        0.000     0.000 r  
                                                      0.000     0.000 r  clk (IN)
                         net (fo=5992, unset)         0.042     0.042    u_datapath/u_core/u_accum_base_datapath/u_sa/g_pe_row[0].g_pe_col[0].u_pe/product_reg_reg/CLK
    DSP48E2_X9Y14        DSP_PREADD_DATA                              r  u_datapath/u_core/u_accum_base_datapath/u_sa/g_pe_row[0].g_pe_col[0].u_pe/product_reg_reg/DSP_PREADD_DATA_INST/CLK
                         clock pessimism              0.000     0.042    
    DSP48E2_X9Y14        DSP_PREADD_DATA (Hold_DSP_PREADD_DATA_DSP48E2_CLK_AD[21])
                                                      0.060     0.102    u_datapath/u_core/u_accum_base_datapath/u_sa/g_pe_row[0].g_pe_col[0].u_pe/product_reg_reg/DSP_PREADD_DATA_INST
  -------------------------------------------------------------------
                         required time                         -0.102    
                         arrival time                           0.148    
  -------------------------------------------------------------------
                         slack                                  0.046    

Slack (MET) :             0.046ns  (arrival time - required time)
  Source:                 u_datapath/u_core/u_accum_base_datapath/u_sa/g_pe_row[0].g_pe_col[0].u_pe/product_reg_reg/DSP_PREADD_DATA_INST/CLK
                            (rising edge-triggered cell DSP_PREADD_DATA clocked by clk  {rise@0.000ns fall@2.500ns period=5.000ns})
  Destination:            u_datapath/u_core/u_accum_base_datapath/u_sa/g_pe_row[0].g_pe_col[0].u_pe/product_reg_reg/DSP_PREADD_DATA_INST/AD[22]
                            (rising edge-triggered cell DSP_PREADD_DATA clocked by clk  {rise@0.000ns fall@2.500ns period=5.000ns})
  Path Group:             clk
  Path Type:              Hold (Min at Fast Process Corner)
  Requirement:            0.000ns  (clk rise@0.000ns - clk rise@0.000ns)
  Data Path Delay:        0.114ns  (logic 0.114ns (100.000%)  route 0.000ns (0.000%))
  Logic Levels:           1  (DSP_PREADD=1)
  Clock Path Skew:        0.008ns (DCD - SCD - CPR)
    Destination Clock Delay (DCD):    0.042ns
    Source Clock Delay      (SCD):    0.034ns
    Clock Pessimism Removal (CPR):    -0.000ns

    Location             Delay type                Incr(ns)  Path(ns)    Netlist Resource(s)
  -------------------------------------------------------------------    -------------------
                         (clock clk rise edge)        0.000     0.000 r  
                                                      0.000     0.000 r  clk (IN)
                         net (fo=5992, unset)         0.034     0.034    u_datapath/u_core/u_accum_base_datapath/u_sa/g_pe_row[0].g_pe_col[0].u_pe/product_reg_reg/CLK
    DSP48E2_X9Y14        DSP_PREADD_DATA                              r  u_datapath/u_core/u_accum_base_datapath/u_sa/g_pe_row[0].g_pe_col[0].u_pe/product_reg_reg/DSP_PREADD_DATA_INST/CLK
  -------------------------------------------------------------------    -------------------
    DSP48E2_X9Y14        DSP_PREADD_DATA (Prop_DSP_PREADD_DATA_DSP48E2_CLK_D_DATA[22])
                                                      0.081     0.115 r  u_datapath/u_core/u_accum_base_datapath/u_sa/g_pe_row[0].g_pe_col[0].u_pe/product_reg_reg/DSP_PREADD_DATA_INST/D_DATA[22]
                         net (fo=1, routed)           0.000     0.115    u_datapath/u_core/u_accum_base_datapath/u_sa/g_pe_row[0].g_pe_col[0].u_pe/product_reg_reg/DSP_PREADD_DATA.D_DATA<22>
    DSP48E2_X9Y14        DSP_PREADD (Prop_DSP_PREADD_DSP48E2_D_DATA[22]_AD[22])
                                                      0.033     0.148 r  u_datapath/u_core/u_accum_base_datapath/u_sa/g_pe_row[0].g_pe_col[0].u_pe/product_reg_reg/DSP_PREADD_INST/AD[22]
                         net (fo=1, routed)           0.000     0.148    u_datapath/u_core/u_accum_base_datapath/u_sa/g_pe_row[0].g_pe_col[0].u_pe/product_reg_reg/DSP_PREADD.AD<22>
    DSP48E2_X9Y14        DSP_PREADD_DATA                              r  u_datapath/u_core/u_accum_base_datapath/u_sa/g_pe_row[0].g_pe_col[0].u_pe/product_reg_reg/DSP_PREADD_DATA_INST/AD[22]
  -------------------------------------------------------------------    -------------------

                         (clock clk rise edge)        0.000     0.000 r  
                                                      0.000     0.000 r  clk (IN)
                         net (fo=5992, unset)         0.042     0.042    u_datapath/u_core/u_accum_base_datapath/u_sa/g_pe_row[0].g_pe_col[0].u_pe/product_reg_reg/CLK
    DSP48E2_X9Y14        DSP_PREADD_DATA                              r  u_datapath/u_core/u_accum_base_datapath/u_sa/g_pe_row[0].g_pe_col[0].u_pe/product_reg_reg/DSP_PREADD_DATA_INST/CLK
                         clock pessimism              0.000     0.042    
    DSP48E2_X9Y14        DSP_PREADD_DATA (Hold_DSP_PREADD_DATA_DSP48E2_CLK_AD[22])
                                                      0.060     0.102    u_datapath/u_core/u_accum_base_datapath/u_sa/g_pe_row[0].g_pe_col[0].u_pe/product_reg_reg/DSP_PREADD_DATA_INST
  -------------------------------------------------------------------
                         required time                         -0.102    
                         arrival time                           0.148    
  -------------------------------------------------------------------
                         slack                                  0.046    

Slack (MET) :             0.046ns  (arrival time - required time)
  Source:                 u_datapath/u_core/u_accum_base_datapath/u_sa/g_pe_row[0].g_pe_col[0].u_pe/product_reg_reg/DSP_PREADD_DATA_INST/CLK
                            (rising edge-triggered cell DSP_PREADD_DATA clocked by clk  {rise@0.000ns fall@2.500ns period=5.000ns})
  Destination:            u_datapath/u_core/u_accum_base_datapath/u_sa/g_pe_row[0].g_pe_col[0].u_pe/product_reg_reg/DSP_PREADD_DATA_INST/AD[23]
                            (rising edge-triggered cell DSP_PREADD_DATA clocked by clk  {rise@0.000ns fall@2.500ns period=5.000ns})
  Path Group:             clk
  Path Type:              Hold (Min at Fast Process Corner)
  Requirement:            0.000ns  (clk rise@0.000ns - clk rise@0.000ns)
  Data Path Delay:        0.114ns  (logic 0.114ns (100.000%)  route 0.000ns (0.000%))
  Logic Levels:           1  (DSP_PREADD=1)
  Clock Path Skew:        0.008ns (DCD - SCD - CPR)
    Destination Clock Delay (DCD):    0.042ns
    Source Clock Delay      (SCD):    0.034ns
    Clock Pessimism Removal (CPR):    -0.000ns

    Location             Delay type                Incr(ns)  Path(ns)    Netlist Resource(s)
  -------------------------------------------------------------------    -------------------
                         (clock clk rise edge)        0.000     0.000 r  
                                                      0.000     0.000 r  clk (IN)
                         net (fo=5992, unset)         0.034     0.034    u_datapath/u_core/u_accum_base_datapath/u_sa/g_pe_row[0].g_pe_col[0].u_pe/product_reg_reg/CLK
    DSP48E2_X9Y14        DSP_PREADD_DATA                              r  u_datapath/u_core/u_accum_base_datapath/u_sa/g_pe_row[0].g_pe_col[0].u_pe/product_reg_reg/DSP_PREADD_DATA_INST/CLK
  -------------------------------------------------------------------    -------------------
    DSP48E2_X9Y14        DSP_PREADD_DATA (Prop_DSP_PREADD_DATA_DSP48E2_CLK_D_DATA[23])
                                                      0.081     0.115 r  u_datapath/u_core/u_accum_base_datapath/u_sa/g_pe_row[0].g_pe_col[0].u_pe/product_reg_reg/DSP_PREADD_DATA_INST/D_DATA[23]
                         net (fo=1, routed)           0.000     0.115    u_datapath/u_core/u_accum_base_datapath/u_sa/g_pe_row[0].g_pe_col[0].u_pe/product_reg_reg/DSP_PREADD_DATA.D_DATA<23>
    DSP48E2_X9Y14        DSP_PREADD (Prop_DSP_PREADD_DSP48E2_D_DATA[23]_AD[23])
                                                      0.033     0.148 r  u_datapath/u_core/u_accum_base_datapath/u_sa/g_pe_row[0].g_pe_col[0].u_pe/product_reg_reg/DSP_PREADD_INST/AD[23]
                         net (fo=1, routed)           0.000     0.148    u_datapath/u_core/u_accum_base_datapath/u_sa/g_pe_row[0].g_pe_col[0].u_pe/product_reg_reg/DSP_PREADD.AD<23>
    DSP48E2_X9Y14        DSP_PREADD_DATA                              r  u_datapath/u_core/u_accum_base_datapath/u_sa/g_pe_row[0].g_pe_col[0].u_pe/product_reg_reg/DSP_PREADD_DATA_INST/AD[23]
  -------------------------------------------------------------------    -------------------

                         (clock clk rise edge)        0.000     0.000 r  
                                                      0.000     0.000 r  clk (IN)
                         net (fo=5992, unset)         0.042     0.042    u_datapath/u_core/u_accum_base_datapath/u_sa/g_pe_row[0].g_pe_col[0].u_pe/product_reg_reg/CLK
    DSP48E2_X9Y14        DSP_PREADD_DATA                              r  u_datapath/u_core/u_accum_base_datapath/u_sa/g_pe_row[0].g_pe_col[0].u_pe/product_reg_reg/DSP_PREADD_DATA_INST/CLK
                         clock pessimism              0.000     0.042    
    DSP48E2_X9Y14        DSP_PREADD_DATA (Hold_DSP_PREADD_DATA_DSP48E2_CLK_AD[23])
                                                      0.060     0.102    u_datapath/u_core/u_accum_base_datapath/u_sa/g_pe_row[0].g_pe_col[0].u_pe/product_reg_reg/DSP_PREADD_DATA_INST
  -------------------------------------------------------------------
                         required time                         -0.102    
                         arrival time                           0.148    
  -------------------------------------------------------------------
                         slack                                  0.046    

Slack (MET) :             0.046ns  (arrival time - required time)
  Source:                 u_datapath/u_core/u_accum_base_datapath/u_sa/g_pe_row[0].g_pe_col[0].u_pe/product_reg_reg/DSP_PREADD_DATA_INST/CLK
                            (rising edge-triggered cell DSP_PREADD_DATA clocked by clk  {rise@0.000ns fall@2.500ns period=5.000ns})
  Destination:            u_datapath/u_core/u_accum_base_datapath/u_sa/g_pe_row[0].g_pe_col[0].u_pe/product_reg_reg/DSP_PREADD_DATA_INST/AD[24]
                            (rising edge-triggered cell DSP_PREADD_DATA clocked by clk  {rise@0.000ns fall@2.500ns period=5.000ns})
  Path Group:             clk
  Path Type:              Hold (Min at Fast Process Corner)
  Requirement:            0.000ns  (clk rise@0.000ns - clk rise@0.000ns)
  Data Path Delay:        0.114ns  (logic 0.114ns (100.000%)  route 0.000ns (0.000%))
  Logic Levels:           1  (DSP_PREADD=1)
  Clock Path Skew:        0.008ns (DCD - SCD - CPR)
    Destination Clock Delay (DCD):    0.042ns
    Source Clock Delay      (SCD):    0.034ns
    Clock Pessimism Removal (CPR):    -0.000ns

    Location             Delay type                Incr(ns)  Path(ns)    Netlist Resource(s)
  -------------------------------------------------------------------    -------------------
                         (clock clk rise edge)        0.000     0.000 r  
                                                      0.000     0.000 r  clk (IN)
                         net (fo=5992, unset)         0.034     0.034    u_datapath/u_core/u_accum_base_datapath/u_sa/g_pe_row[0].g_pe_col[0].u_pe/product_reg_reg/CLK
    DSP48E2_X9Y14        DSP_PREADD_DATA                              r  u_datapath/u_core/u_accum_base_datapath/u_sa/g_pe_row[0].g_pe_col[0].u_pe/product_reg_reg/DSP_PREADD_DATA_INST/CLK
  -------------------------------------------------------------------    -------------------
    DSP48E2_X9Y14        DSP_PREADD_DATA (Prop_DSP_PREADD_DATA_DSP48E2_CLK_D_DATA[24])
                                                      0.081     0.115 r  u_datapath/u_core/u_accum_base_datapath/u_sa/g_pe_row[0].g_pe_col[0].u_pe/product_reg_reg/DSP_PREADD_DATA_INST/D_DATA[24]
                         net (fo=1, routed)           0.000     0.115    u_datapath/u_core/u_accum_base_datapath/u_sa/g_pe_row[0].g_pe_col[0].u_pe/product_reg_reg/DSP_PREADD_DATA.D_DATA<24>
    DSP48E2_X9Y14        DSP_PREADD (Prop_DSP_PREADD_DSP48E2_D_DATA[24]_AD[24])
                                                      0.033     0.148 r  u_datapath/u_core/u_accum_base_datapath/u_sa/g_pe_row[0].g_pe_col[0].u_pe/product_reg_reg/DSP_PREADD_INST/AD[24]
                         net (fo=1, routed)           0.000     0.148    u_datapath/u_core/u_accum_base_datapath/u_sa/g_pe_row[0].g_pe_col[0].u_pe/product_reg_reg/DSP_PREADD.AD<24>
    DSP48E2_X9Y14        DSP_PREADD_DATA                              r  u_datapath/u_core/u_accum_base_datapath/u_sa/g_pe_row[0].g_pe_col[0].u_pe/product_reg_reg/DSP_PREADD_DATA_INST/AD[24]
  -------------------------------------------------------------------    -------------------

                         (clock clk rise edge)        0.000     0.000 r  
                                                      0.000     0.000 r  clk (IN)
                         net (fo=5992, unset)         0.042     0.042    u_datapath/u_core/u_accum_base_datapath/u_sa/g_pe_row[0].g_pe_col[0].u_pe/product_reg_reg/CLK
    DSP48E2_X9Y14        DSP_PREADD_DATA                              r  u_datapath/u_core/u_accum_base_datapath/u_sa/g_pe_row[0].g_pe_col[0].u_pe/product_reg_reg/DSP_PREADD_DATA_INST/CLK
                         clock pessimism              0.000     0.042    
    DSP48E2_X9Y14        DSP_PREADD_DATA (Hold_DSP_PREADD_DATA_DSP48E2_CLK_AD[24])
                                                      0.060     0.102    u_datapath/u_core/u_accum_base_datapath/u_sa/g_pe_row[0].g_pe_col[0].u_pe/product_reg_reg/DSP_PREADD_DATA_INST
  -------------------------------------------------------------------
                         required time                         -0.102    
                         arrival time                           0.148    
  -------------------------------------------------------------------
                         slack                                  0.046    

Slack (MET) :             0.046ns  (arrival time - required time)
  Source:                 u_datapath/u_core/u_accum_base_datapath/u_sa/g_pe_row[0].g_pe_col[0].u_pe/product_reg_reg/DSP_PREADD_DATA_INST/CLK
                            (rising edge-triggered cell DSP_PREADD_DATA clocked by clk  {rise@0.000ns fall@2.500ns period=5.000ns})
  Destination:            u_datapath/u_core/u_accum_base_datapath/u_sa/g_pe_row[0].g_pe_col[0].u_pe/product_reg_reg/DSP_PREADD_DATA_INST/AD[25]
                            (rising edge-triggered cell DSP_PREADD_DATA clocked by clk  {rise@0.000ns fall@2.500ns period=5.000ns})
  Path Group:             clk
  Path Type:              Hold (Min at Fast Process Corner)
  Requirement:            0.000ns  (clk rise@0.000ns - clk rise@0.000ns)
  Data Path Delay:        0.114ns  (logic 0.114ns (100.000%)  route 0.000ns (0.000%))
  Logic Levels:           1  (DSP_PREADD=1)
  Clock Path Skew:        0.008ns (DCD - SCD - CPR)
    Destination Clock Delay (DCD):    0.042ns
    Source Clock Delay      (SCD):    0.034ns
    Clock Pessimism Removal (CPR):    -0.000ns

    Location             Delay type                Incr(ns)  Path(ns)    Netlist Resource(s)
  -------------------------------------------------------------------    -------------------
                         (clock clk rise edge)        0.000     0.000 r  
                                                      0.000     0.000 r  clk (IN)
                         net (fo=5992, unset)         0.034     0.034    u_datapath/u_core/u_accum_base_datapath/u_sa/g_pe_row[0].g_pe_col[0].u_pe/product_reg_reg/CLK
    DSP48E2_X9Y14        DSP_PREADD_DATA                              r  u_datapath/u_core/u_accum_base_datapath/u_sa/g_pe_row[0].g_pe_col[0].u_pe/product_reg_reg/DSP_PREADD_DATA_INST/CLK
  -------------------------------------------------------------------    -------------------
    DSP48E2_X9Y14        DSP_PREADD_DATA (Prop_DSP_PREADD_DATA_DSP48E2_CLK_D_DATA[25])
                                                      0.081     0.115 r  u_datapath/u_core/u_accum_base_datapath/u_sa/g_pe_row[0].g_pe_col[0].u_pe/product_reg_reg/DSP_PREADD_DATA_INST/D_DATA[25]
                         net (fo=1, routed)           0.000     0.115    u_datapath/u_core/u_accum_base_datapath/u_sa/g_pe_row[0].g_pe_col[0].u_pe/product_reg_reg/DSP_PREADD_DATA.D_DATA<25>
    DSP48E2_X9Y14        DSP_PREADD (Prop_DSP_PREADD_DSP48E2_D_DATA[25]_AD[25])
                                                      0.033     0.148 r  u_datapath/u_core/u_accum_base_datapath/u_sa/g_pe_row[0].g_pe_col[0].u_pe/product_reg_reg/DSP_PREADD_INST/AD[25]
                         net (fo=1, routed)           0.000     0.148    u_datapath/u_core/u_accum_base_datapath/u_sa/g_pe_row[0].g_pe_col[0].u_pe/product_reg_reg/DSP_PREADD.AD<25>
    DSP48E2_X9Y14        DSP_PREADD_DATA                              r  u_datapath/u_core/u_accum_base_datapath/u_sa/g_pe_row[0].g_pe_col[0].u_pe/product_reg_reg/DSP_PREADD_DATA_INST/AD[25]
  -------------------------------------------------------------------    -------------------

                         (clock clk rise edge)        0.000     0.000 r  
                                                      0.000     0.000 r  clk (IN)
                         net (fo=5992, unset)         0.042     0.042    u_datapath/u_core/u_accum_base_datapath/u_sa/g_pe_row[0].g_pe_col[0].u_pe/product_reg_reg/CLK
    DSP48E2_X9Y14        DSP_PREADD_DATA                              r  u_datapath/u_core/u_accum_base_datapath/u_sa/g_pe_row[0].g_pe_col[0].u_pe/product_reg_reg/DSP_PREADD_DATA_INST/CLK
                         clock pessimism              0.000     0.042    
    DSP48E2_X9Y14        DSP_PREADD_DATA (Hold_DSP_PREADD_DATA_DSP48E2_CLK_AD[25])
                                                      0.060     0.102    u_datapath/u_core/u_accum_base_datapath/u_sa/g_pe_row[0].g_pe_col[0].u_pe/product_reg_reg/DSP_PREADD_DATA_INST
  -------------------------------------------------------------------
                         required time                         -0.102    
                         arrival time                           0.148    
  -------------------------------------------------------------------
                         slack                                  0.046    

Slack (MET) :             0.046ns  (arrival time - required time)
  Source:                 u_datapath/u_core/u_accum_base_datapath/u_sa/g_pe_row[0].g_pe_col[0].u_pe/product_reg_reg/DSP_PREADD_DATA_INST/CLK
                            (rising edge-triggered cell DSP_PREADD_DATA clocked by clk  {rise@0.000ns fall@2.500ns period=5.000ns})
  Destination:            u_datapath/u_core/u_accum_base_datapath/u_sa/g_pe_row[0].g_pe_col[0].u_pe/product_reg_reg/DSP_PREADD_DATA_INST/AD[26]
                            (rising edge-triggered cell DSP_PREADD_DATA clocked by clk  {rise@0.000ns fall@2.500ns period=5.000ns})
  Path Group:             clk
  Path Type:              Hold (Min at Fast Process Corner)
  Requirement:            0.000ns  (clk rise@0.000ns - clk rise@0.000ns)
  Data Path Delay:        0.114ns  (logic 0.114ns (100.000%)  route 0.000ns (0.000%))
  Logic Levels:           1  (DSP_PREADD=1)
  Clock Path Skew:        0.008ns (DCD - SCD - CPR)
    Destination Clock Delay (DCD):    0.042ns
    Source Clock Delay      (SCD):    0.034ns
    Clock Pessimism Removal (CPR):    -0.000ns

    Location             Delay type                Incr(ns)  Path(ns)    Netlist Resource(s)
  -------------------------------------------------------------------    -------------------
                         (clock clk rise edge)        0.000     0.000 r  
                                                      0.000     0.000 r  clk (IN)
                         net (fo=5992, unset)         0.034     0.034    u_datapath/u_core/u_accum_base_datapath/u_sa/g_pe_row[0].g_pe_col[0].u_pe/product_reg_reg/CLK
    DSP48E2_X9Y14        DSP_PREADD_DATA                              r  u_datapath/u_core/u_accum_base_datapath/u_sa/g_pe_row[0].g_pe_col[0].u_pe/product_reg_reg/DSP_PREADD_DATA_INST/CLK
  -------------------------------------------------------------------    -------------------
    DSP48E2_X9Y14        DSP_PREADD_DATA (Prop_DSP_PREADD_DATA_DSP48E2_CLK_D_DATA[26])
                                                      0.081     0.115 r  u_datapath/u_core/u_accum_base_datapath/u_sa/g_pe_row[0].g_pe_col[0].u_pe/product_reg_reg/DSP_PREADD_DATA_INST/D_DATA[26]
                         net (fo=1, routed)           0.000     0.115    u_datapath/u_core/u_accum_base_datapath/u_sa/g_pe_row[0].g_pe_col[0].u_pe/product_reg_reg/DSP_PREADD_DATA.D_DATA<26>
    DSP48E2_X9Y14        DSP_PREADD (Prop_DSP_PREADD_DSP48E2_D_DATA[26]_AD[26])
                                                      0.033     0.148 r  u_datapath/u_core/u_accum_base_datapath/u_sa/g_pe_row[0].g_pe_col[0].u_pe/product_reg_reg/DSP_PREADD_INST/AD[26]
                         net (fo=1, routed)           0.000     0.148    u_datapath/u_core/u_accum_base_datapath/u_sa/g_pe_row[0].g_pe_col[0].u_pe/product_reg_reg/DSP_PREADD.AD<26>
    DSP48E2_X9Y14        DSP_PREADD_DATA                              r  u_datapath/u_core/u_accum_base_datapath/u_sa/g_pe_row[0].g_pe_col[0].u_pe/product_reg_reg/DSP_PREADD_DATA_INST/AD[26]
  -------------------------------------------------------------------    -------------------

                         (clock clk rise edge)        0.000     0.000 r  
                                                      0.000     0.000 r  clk (IN)
                         net (fo=5992, unset)         0.042     0.042    u_datapath/u_core/u_accum_base_datapath/u_sa/g_pe_row[0].g_pe_col[0].u_pe/product_reg_reg/CLK
    DSP48E2_X9Y14        DSP_PREADD_DATA                              r  u_datapath/u_core/u_accum_base_datapath/u_sa/g_pe_row[0].g_pe_col[0].u_pe/product_reg_reg/DSP_PREADD_DATA_INST/CLK
                         clock pessimism              0.000     0.042    
    DSP48E2_X9Y14        DSP_PREADD_DATA (Hold_DSP_PREADD_DATA_DSP48E2_CLK_AD[26])
                                                      0.060     0.102    u_datapath/u_core/u_accum_base_datapath/u_sa/g_pe_row[0].g_pe_col[0].u_pe/product_reg_reg/DSP_PREADD_DATA_INST
  -------------------------------------------------------------------
                         required time                         -0.102    
                         arrival time                           0.148    
  -------------------------------------------------------------------
                         slack                                  0.046    

Slack (MET) :             0.046ns  (arrival time - required time)
  Source:                 u_datapath/u_core/u_accum_base_datapath/u_sa/g_pe_row[0].g_pe_col[0].u_pe/product_reg_reg/DSP_PREADD_DATA_INST/CLK
                            (rising edge-triggered cell DSP_PREADD_DATA clocked by clk  {rise@0.000ns fall@2.500ns period=5.000ns})
  Destination:            u_datapath/u_core/u_accum_base_datapath/u_sa/g_pe_row[0].g_pe_col[0].u_pe/product_reg_reg/DSP_PREADD_DATA_INST/AD[2]
                            (rising edge-triggered cell DSP_PREADD_DATA clocked by clk  {rise@0.000ns fall@2.500ns period=5.000ns})
  Path Group:             clk
  Path Type:              Hold (Min at Fast Process Corner)
  Requirement:            0.000ns  (clk rise@0.000ns - clk rise@0.000ns)
  Data Path Delay:        0.114ns  (logic 0.114ns (100.000%)  route 0.000ns (0.000%))
  Logic Levels:           1  (DSP_PREADD=1)
  Clock Path Skew:        0.008ns (DCD - SCD - CPR)
    Destination Clock Delay (DCD):    0.042ns
    Source Clock Delay      (SCD):    0.034ns
    Clock Pessimism Removal (CPR):    -0.000ns

    Location             Delay type                Incr(ns)  Path(ns)    Netlist Resource(s)
  -------------------------------------------------------------------    -------------------
                         (clock clk rise edge)        0.000     0.000 r  
                                                      0.000     0.000 r  clk (IN)
                         net (fo=5992, unset)         0.034     0.034    u_datapath/u_core/u_accum_base_datapath/u_sa/g_pe_row[0].g_pe_col[0].u_pe/product_reg_reg/CLK
    DSP48E2_X9Y14        DSP_PREADD_DATA                              r  u_datapath/u_core/u_accum_base_datapath/u_sa/g_pe_row[0].g_pe_col[0].u_pe/product_reg_reg/DSP_PREADD_DATA_INST/CLK
  -------------------------------------------------------------------    -------------------
    DSP48E2_X9Y14        DSP_PREADD_DATA (Prop_DSP_PREADD_DATA_DSP48E2_CLK_D_DATA[2])
                                                      0.081     0.115 r  u_datapath/u_core/u_accum_base_datapath/u_sa/g_pe_row[0].g_pe_col[0].u_pe/product_reg_reg/DSP_PREADD_DATA_INST/D_DATA[2]
                         net (fo=1, routed)           0.000     0.115    u_datapath/u_core/u_accum_base_datapath/u_sa/g_pe_row[0].g_pe_col[0].u_pe/product_reg_reg/DSP_PREADD_DATA.D_DATA<2>
    DSP48E2_X9Y14        DSP_PREADD (Prop_DSP_PREADD_DSP48E2_D_DATA[2]_AD[2])
                                                      0.033     0.148 r  u_datapath/u_core/u_accum_base_datapath/u_sa/g_pe_row[0].g_pe_col[0].u_pe/product_reg_reg/DSP_PREADD_INST/AD[2]
                         net (fo=1, routed)           0.000     0.148    u_datapath/u_core/u_accum_base_datapath/u_sa/g_pe_row[0].g_pe_col[0].u_pe/product_reg_reg/DSP_PREADD.AD<2>
    DSP48E2_X9Y14        DSP_PREADD_DATA                              r  u_datapath/u_core/u_accum_base_datapath/u_sa/g_pe_row[0].g_pe_col[0].u_pe/product_reg_reg/DSP_PREADD_DATA_INST/AD[2]
  -------------------------------------------------------------------    -------------------

                         (clock clk rise edge)        0.000     0.000 r  
                                                      0.000     0.000 r  clk (IN)
                         net (fo=5992, unset)         0.042     0.042    u_datapath/u_core/u_accum_base_datapath/u_sa/g_pe_row[0].g_pe_col[0].u_pe/product_reg_reg/CLK
    DSP48E2_X9Y14        DSP_PREADD_DATA                              r  u_datapath/u_core/u_accum_base_datapath/u_sa/g_pe_row[0].g_pe_col[0].u_pe/product_reg_reg/DSP_PREADD_DATA_INST/CLK
                         clock pessimism              0.000     0.042    
    DSP48E2_X9Y14        DSP_PREADD_DATA (Hold_DSP_PREADD_DATA_DSP48E2_CLK_AD[2])
                                                      0.060     0.102    u_datapath/u_core/u_accum_base_datapath/u_sa/g_pe_row[0].g_pe_col[0].u_pe/product_reg_reg/DSP_PREADD_DATA_INST
  -------------------------------------------------------------------
                         required time                         -0.102    
                         arrival time                           0.148    
  -------------------------------------------------------------------
                         slack                                  0.046    





Pulse Width Checks
--------------------------------------------------------------------------------------
Clock Name:         clk
Waveform(ns):       { 0.000 2.500 }
Period(ns):         5.000
Sources:            { clk }

Check Type        Corner  Lib Pin             Reference Pin  Required(ns)  Actual(ns)  Slack(ns)  Location      Pin
Min Period        n/a     RAMB36E2/CLKARDCLK  n/a            1.960         5.000       3.040      RAMB36_X1Y3   u_datapath/u_activation/segment0/bank0/mem_reg/CLKARDCLK
Min Period        n/a     RAMB36E2/CLKBWRCLK  n/a            1.960         5.000       3.040      RAMB36_X1Y3   u_datapath/u_activation/segment0/bank0/mem_reg/CLKBWRCLK
Min Period        n/a     RAMB36E2/CLKARDCLK  n/a            1.960         5.000       3.040      RAMB36_X1Y4   u_datapath/u_activation/segment0/bank1/mem_reg/CLKARDCLK
Min Period        n/a     RAMB36E2/CLKBWRCLK  n/a            1.960         5.000       3.040      RAMB36_X1Y4   u_datapath/u_activation/segment0/bank1/mem_reg/CLKBWRCLK
Min Period        n/a     RAMB36E2/CLKARDCLK  n/a            1.960         5.000       3.040      RAMB36_X1Y1   u_datapath/u_activation/segment1/bank0/mem_reg/CLKARDCLK
Min Period        n/a     RAMB36E2/CLKBWRCLK  n/a            1.960         5.000       3.040      RAMB36_X1Y1   u_datapath/u_activation/segment1/bank0/mem_reg/CLKBWRCLK
Min Period        n/a     RAMB36E2/CLKARDCLK  n/a            1.960         5.000       3.040      RAMB36_X1Y2   u_datapath/u_activation/segment1/bank1/mem_reg/CLKARDCLK
Min Period        n/a     RAMB36E2/CLKBWRCLK  n/a            1.960         5.000       3.040      RAMB36_X1Y2   u_datapath/u_activation/segment1/bank1/mem_reg/CLKBWRCLK
Min Period        n/a     RAMB36E2/CLKARDCLK  n/a            1.960         5.000       3.040      RAMB36_X0Y9   u_datapath/u_core/u_accum_base_datapath/u_output_slice/u_partial_sum_bank_pair/g_segment[0].u_bank/mem_reg_0/CLKARDCLK
Min Period        n/a     RAMB36E2/CLKBWRCLK  n/a            1.960         5.000       3.040      RAMB36_X0Y9   u_datapath/u_core/u_accum_base_datapath/u_output_slice/u_partial_sum_bank_pair/g_segment[0].u_bank/mem_reg_0/CLKBWRCLK
Min Period        n/a     RAMB36E2/CLKARDCLK  n/a            1.960         5.000       3.040      RAMB36_X1Y9   u_datapath/u_core/u_accum_base_datapath/u_output_slice/u_partial_sum_bank_pair/g_segment[0].u_bank/mem_reg_1/CLKARDCLK
Min Period        n/a     RAMB36E2/CLKBWRCLK  n/a            1.960         5.000       3.040      RAMB36_X1Y9   u_datapath/u_core/u_accum_base_datapath/u_output_slice/u_partial_sum_bank_pair/g_segment[0].u_bank/mem_reg_1/CLKBWRCLK
Min Period        n/a     RAMB36E2/CLKARDCLK  n/a            1.960         5.000       3.040      RAMB36_X2Y11  u_datapath/u_core/u_accum_base_datapath/u_output_slice/u_partial_sum_bank_pair/g_segment[0].u_bank/mem_reg_2/CLKARDCLK
Min Period        n/a     RAMB36E2/CLKBWRCLK  n/a            1.960         5.000       3.040      RAMB36_X2Y11  u_datapath/u_core/u_accum_base_datapath/u_output_slice/u_partial_sum_bank_pair/g_segment[0].u_bank/mem_reg_2/CLKBWRCLK
Min Period        n/a     RAMB36E2/CLKARDCLK  n/a            1.960         5.000       3.040      RAMB36_X2Y10  u_datapath/u_core/u_accum_base_datapath/u_output_slice/u_partial_sum_bank_pair/g_segment[0].u_bank/mem_reg_3/CLKARDCLK
Min Period        n/a     RAMB36E2/CLKBWRCLK  n/a            1.960         5.000       3.040      RAMB36_X2Y10  u_datapath/u_core/u_accum_base_datapath/u_output_slice/u_partial_sum_bank_pair/g_segment[0].u_bank/mem_reg_3/CLKBWRCLK
Min Period        n/a     RAMB36E2/CLKARDCLK  n/a            1.960         5.000       3.040      RAMB36_X0Y10  u_datapath/u_core/u_accum_base_datapath/u_output_slice/u_partial_sum_bank_pair/g_segment[1].u_bank/mem_reg_0/CLKARDCLK
Min Period        n/a     RAMB36E2/CLKBWRCLK  n/a            1.960         5.000       3.040      RAMB36_X0Y10  u_datapath/u_core/u_accum_base_datapath/u_output_slice/u_partial_sum_bank_pair/g_segment[1].u_bank/mem_reg_0/CLKBWRCLK
Min Period        n/a     RAMB36E2/CLKARDCLK  n/a            1.960         5.000       3.040      RAMB36_X1Y10  u_datapath/u_core/u_accum_base_datapath/u_output_slice/u_partial_sum_bank_pair/g_segment[1].u_bank/mem_reg_1/CLKARDCLK
Min Period        n/a     RAMB36E2/CLKBWRCLK  n/a            1.960         5.000       3.040      RAMB36_X1Y10  u_datapath/u_core/u_accum_base_datapath/u_output_slice/u_partial_sum_bank_pair/g_segment[1].u_bank/mem_reg_1/CLKBWRCLK
Low Pulse Width   Slow    RAMD64E/CLK         n/a            0.762         2.500       1.738      SLICE_X31Y68  u_datapath/u_core/u_accum_base_datapath/u_output_slice/u_router/fifo_mem_reg_0_63_0_6/RAMA/CLK
Low Pulse Width   Fast    RAMD64E/CLK         n/a            0.762         2.500       1.738      SLICE_X31Y68  u_datapath/u_core/u_accum_base_datapath/u_output_slice/u_router/fifo_mem_reg_0_63_0_6/RAMA/CLK
Low Pulse Width   Slow    RAMD64E/CLK         n/a            0.762         2.500       1.738      SLICE_X31Y68  u_datapath/u_core/u_accum_base_datapath/u_output_slice/u_router/fifo_mem_reg_0_63_0_6/RAMB/CLK
Low Pulse Width   Fast    RAMD64E/CLK         n/a            0.762         2.500       1.738      SLICE_X31Y68  u_datapath/u_core/u_accum_base_datapath/u_output_slice/u_router/fifo_mem_reg_0_63_0_6/RAMB/CLK
Low Pulse Width   Slow    RAMD64E/CLK         n/a            0.762         2.500       1.738      SLICE_X31Y68  u_datapath/u_core/u_accum_base_datapath/u_output_slice/u_router/fifo_mem_reg_0_63_0_6/RAMC/CLK
Low Pulse Width   Fast    RAMD64E/CLK         n/a            0.762         2.500       1.738      SLICE_X31Y68  u_datapath/u_core/u_accum_base_datapath/u_output_slice/u_router/fifo_mem_reg_0_63_0_6/RAMC/CLK
Low Pulse Width   Slow    RAMD64E/CLK         n/a            0.762         2.500       1.738      SLICE_X31Y68  u_datapath/u_core/u_accum_base_datapath/u_output_slice/u_router/fifo_mem_reg_0_63_0_6/RAMD/CLK
Low Pulse Width   Fast    RAMD64E/CLK         n/a            0.762         2.500       1.738      SLICE_X31Y68  u_datapath/u_core/u_accum_base_datapath/u_output_slice/u_router/fifo_mem_reg_0_63_0_6/RAMD/CLK
Low Pulse Width   Slow    RAMD64E/CLK         n/a            0.762         2.500       1.738      SLICE_X31Y68  u_datapath/u_core/u_accum_base_datapath/u_output_slice/u_router/fifo_mem_reg_0_63_0_6/RAME/CLK
Low Pulse Width   Fast    RAMD64E/CLK         n/a            0.762         2.500       1.738      SLICE_X31Y68  u_datapath/u_core/u_accum_base_datapath/u_output_slice/u_router/fifo_mem_reg_0_63_0_6/RAME/CLK
Low Pulse Width   Slow    RAMD64E/CLK         n/a            0.762         2.500       1.738      SLICE_X31Y68  u_datapath/u_core/u_accum_base_datapath/u_output_slice/u_router/fifo_mem_reg_0_63_0_6/RAMF/CLK
Low Pulse Width   Fast    RAMD64E/CLK         n/a            0.762         2.500       1.738      SLICE_X31Y68  u_datapath/u_core/u_accum_base_datapath/u_output_slice/u_router/fifo_mem_reg_0_63_0_6/RAMF/CLK
Low Pulse Width   Slow    RAMD64E/CLK         n/a            0.762         2.500       1.738      SLICE_X31Y68  u_datapath/u_core/u_accum_base_datapath/u_output_slice/u_router/fifo_mem_reg_0_63_0_6/RAMG/CLK
Low Pulse Width   Fast    RAMD64E/CLK         n/a            0.762         2.500       1.738      SLICE_X31Y68  u_datapath/u_core/u_accum_base_datapath/u_output_slice/u_router/fifo_mem_reg_0_63_0_6/RAMG/CLK
Low Pulse Width   Slow    RAMD64E/CLK         n/a            0.762         2.500       1.738      SLICE_X31Y68  u_datapath/u_core/u_accum_base_datapath/u_output_slice/u_router/fifo_mem_reg_0_63_0_6/RAMH/CLK
Low Pulse Width   Fast    RAMD64E/CLK         n/a            0.762         2.500       1.738      SLICE_X31Y68  u_datapath/u_core/u_accum_base_datapath/u_output_slice/u_router/fifo_mem_reg_0_63_0_6/RAMH/CLK
Low Pulse Width   Slow    RAMD64E/CLK         n/a            0.762         2.500       1.738      SLICE_X32Y85  u_datapath/u_core/u_accum_base_datapath/u_output_slice/u_router/fifo_mem_reg_0_63_14_20/RAMA/CLK
Low Pulse Width   Fast    RAMD64E/CLK         n/a            0.762         2.500       1.738      SLICE_X32Y85  u_datapath/u_core/u_accum_base_datapath/u_output_slice/u_router/fifo_mem_reg_0_63_14_20/RAMA/CLK
Low Pulse Width   Slow    RAMD64E/CLK         n/a            0.762         2.500       1.738      SLICE_X32Y85  u_datapath/u_core/u_accum_base_datapath/u_output_slice/u_router/fifo_mem_reg_0_63_14_20/RAMB/CLK
Low Pulse Width   Fast    RAMD64E/CLK         n/a            0.762         2.500       1.738      SLICE_X32Y85  u_datapath/u_core/u_accum_base_datapath/u_output_slice/u_router/fifo_mem_reg_0_63_14_20/RAMB/CLK
High Pulse Width  Slow    RAMD64E/CLK         n/a            0.762         2.500       1.738      SLICE_X31Y68  u_datapath/u_core/u_accum_base_datapath/u_output_slice/u_router/fifo_mem_reg_0_63_0_6/RAMA/CLK
High Pulse Width  Fast    RAMD64E/CLK         n/a            0.762         2.500       1.738      SLICE_X31Y68  u_datapath/u_core/u_accum_base_datapath/u_output_slice/u_router/fifo_mem_reg_0_63_0_6/RAMA/CLK
High Pulse Width  Slow    RAMD64E/CLK         n/a            0.762         2.500       1.738      SLICE_X31Y68  u_datapath/u_core/u_accum_base_datapath/u_output_slice/u_router/fifo_mem_reg_0_63_0_6/RAMB/CLK
High Pulse Width  Fast    RAMD64E/CLK         n/a            0.762         2.500       1.738      SLICE_X31Y68  u_datapath/u_core/u_accum_base_datapath/u_output_slice/u_router/fifo_mem_reg_0_63_0_6/RAMB/CLK
High Pulse Width  Slow    RAMD64E/CLK         n/a            0.762         2.500       1.738      SLICE_X31Y68  u_datapath/u_core/u_accum_base_datapath/u_output_slice/u_router/fifo_mem_reg_0_63_0_6/RAMC/CLK
High Pulse Width  Fast    RAMD64E/CLK         n/a            0.762         2.500       1.738      SLICE_X31Y68  u_datapath/u_core/u_accum_base_datapath/u_output_slice/u_router/fifo_mem_reg_0_63_0_6/RAMC/CLK
High Pulse Width  Slow    RAMD64E/CLK         n/a            0.762         2.500       1.738      SLICE_X31Y68  u_datapath/u_core/u_accum_base_datapath/u_output_slice/u_router/fifo_mem_reg_0_63_0_6/RAMD/CLK
High Pulse Width  Fast    RAMD64E/CLK         n/a            0.762         2.500       1.738      SLICE_X31Y68  u_datapath/u_core/u_accum_base_datapath/u_output_slice/u_router/fifo_mem_reg_0_63_0_6/RAMD/CLK
High Pulse Width  Slow    RAMD64E/CLK         n/a            0.762         2.500       1.738      SLICE_X31Y68  u_datapath/u_core/u_accum_base_datapath/u_output_slice/u_router/fifo_mem_reg_0_63_0_6/RAME/CLK
High Pulse Width  Fast    RAMD64E/CLK         n/a            0.762         2.500       1.738      SLICE_X31Y68  u_datapath/u_core/u_accum_base_datapath/u_output_slice/u_router/fifo_mem_reg_0_63_0_6/RAME/CLK
High Pulse Width  Slow    RAMD64E/CLK         n/a            0.762         2.500       1.738      SLICE_X31Y68  u_datapath/u_core/u_accum_base_datapath/u_output_slice/u_router/fifo_mem_reg_0_63_0_6/RAMF/CLK
High Pulse Width  Fast    RAMD64E/CLK         n/a            0.762         2.500       1.738      SLICE_X31Y68  u_datapath/u_core/u_accum_base_datapath/u_output_slice/u_router/fifo_mem_reg_0_63_0_6/RAMF/CLK
High Pulse Width  Slow    RAMD64E/CLK         n/a            0.762         2.500       1.738      SLICE_X31Y68  u_datapath/u_core/u_accum_base_datapath/u_output_slice/u_router/fifo_mem_reg_0_63_0_6/RAMG/CLK
High Pulse Width  Fast    RAMD64E/CLK         n/a            0.762         2.500       1.738      SLICE_X31Y68  u_datapath/u_core/u_accum_base_datapath/u_output_slice/u_router/fifo_mem_reg_0_63_0_6/RAMG/CLK
High Pulse Width  Slow    RAMD64E/CLK         n/a            0.762         2.500       1.738      SLICE_X31Y68  u_datapath/u_core/u_accum_base_datapath/u_output_slice/u_router/fifo_mem_reg_0_63_0_6/RAMH/CLK
High Pulse Width  Fast    RAMD64E/CLK         n/a            0.762         2.500       1.738      SLICE_X31Y68  u_datapath/u_core/u_accum_base_datapath/u_output_slice/u_router/fifo_mem_reg_0_63_0_6/RAMH/CLK
High Pulse Width  Slow    RAMD64E/CLK         n/a            0.762         2.500       1.738      SLICE_X32Y85  u_datapath/u_core/u_accum_base_datapath/u_output_slice/u_router/fifo_mem_reg_0_63_14_20/RAMA/CLK
High Pulse Width  Fast    RAMD64E/CLK         n/a            0.762         2.500       1.738      SLICE_X32Y85  u_datapath/u_core/u_accum_base_datapath/u_output_slice/u_router/fifo_mem_reg_0_63_14_20/RAMA/CLK
High Pulse Width  Slow    RAMD64E/CLK         n/a            0.762         2.500       1.738      SLICE_X32Y85  u_datapath/u_core/u_accum_base_datapath/u_output_slice/u_router/fifo_mem_reg_0_63_14_20/RAMB/CLK
High Pulse Width  Fast    RAMD64E/CLK         n/a            0.762         2.500       1.738      SLICE_X32Y85  u_datapath/u_core/u_accum_base_datapath/u_output_slice/u_router/fifo_mem_reg_0_63_14_20/RAMB/CLK



