Copyright 1986-2022 Xilinx, Inc. All Rights Reserved. Copyright 2022-2024 Advanced Micro Devices, Inc. All Rights Reserved.
-------------------------------------------------------------------------------------------------------------------------------------------------------------------------------------------------------
| Tool Version      : Vivado v.2024.1 (lin64) Build 5076996 Wed May 22 18:36:09 MDT 2024
| Date              : Tue Sep  1 10:07:40 2026
| Host              : yundodo running 64-bit unknown
| Command           : report_timing -delay_type max -max_paths 20 -sort_by group -file /home/dodo/Documents/Codex/2026-08-31/kv260-alexnet-rtl/alexnet/reports/m4n8_rs_datapath/200mhz/worst_setup.rpt
| Design            : alexnet_m4n8_rs_datapath
| Device            : xck26-sfvc784
| Speed File        : -2LV  PRODUCTION 1.30 05-15-2022
| Design State      : Routed
| Temperature Grade : C
-------------------------------------------------------------------------------------------------------------------------------------------------------------------------------------------------------

Timing Report

Slack (MET) :             0.339ns  (required time - arrival time)
  Source:                 u_base_datapath/u_output_slice/u_requant/right_shift_q_reg[7][2]/C
                            (rising edge-triggered cell FDRE clocked by clk  {rise@0.000ns fall@2.500ns period=5.000ns})
  Destination:            u_base_datapath/u_output_slice/u_requant/rounded_q_reg[7][9]/D
                            (rising edge-triggered cell FDRE clocked by clk  {rise@0.000ns fall@2.500ns period=5.000ns})
  Path Group:             clk
  Path Type:              Setup (Max at Slow Process Corner)
  Requirement:            5.000ns  (clk rise@5.000ns - clk rise@0.000ns)
  Data Path Delay:        4.656ns  (logic 1.247ns (26.781%)  route 3.409ns (73.219%))
  Logic Levels:           11  (CARRY8=5 LUT3=1 LUT4=1 LUT5=2 LUT6=2)
  Clock Path Skew:        -0.013ns (DCD - SCD + CPR)
    Destination Clock Delay (DCD):    0.029ns = ( 5.029 - 5.000 ) 
    Source Clock Delay      (SCD):    0.042ns
    Clock Pessimism Removal (CPR):    0.000ns
  Clock Uncertainty:      0.035ns  ((TSJ^2 + TIJ^2)^1/2 + DJ) / 2 + PE
    Total System Jitter     (TSJ):    0.071ns
    Total Input Jitter      (TIJ):    0.000ns
    Discrete Jitter          (DJ):    0.000ns
    Phase Error              (PE):    0.000ns

    Location             Delay type                Incr(ns)  Path(ns)    Netlist Resource(s)
  -------------------------------------------------------------------    -------------------
                         (clock clk rise edge)        0.000     0.000 r  
                                                      0.000     0.000 r  clk (IN)
                         net (fo=3453, unset)         0.042     0.042    u_base_datapath/u_output_slice/u_requant/clk
    SLICE_X51Y126        FDRE                                         r  u_base_datapath/u_output_slice/u_requant/right_shift_q_reg[7][2]/C
  -------------------------------------------------------------------    -------------------
    SLICE_X51Y126        FDRE (Prop_EFF_SLICEL_C_Q)
                                                      0.114     0.156 r  u_base_datapath/u_output_slice/u_requant/right_shift_q_reg[7][2]/Q
                         net (fo=112, routed)         0.847     1.003    u_base_datapath/u_output_slice/u_requant/right_shift_q_reg[7]_114[2]
    SLICE_X48Y124        LUT3 (Prop_D5LUT_SLICEL_I0_O)
                                                      0.088     1.091 r  u_base_datapath/u_output_slice/u_requant/rounded_q[7][45]_i_32/O
                         net (fo=5, routed)           0.742     1.833    u_base_datapath/u_output_slice/u_requant/rounded_q[7][45]_i_32_n_0
    SLICE_X52Y122        LUT6 (Prop_A6LUT_SLICEL_I4_O)
                                                      0.058     1.891 r  u_base_datapath/u_output_slice/u_requant/rounded_q[7][45]_i_85/O
                         net (fo=1, routed)           0.014     1.905    u_base_datapath/u_output_slice/u_requant/rounded_q[7][45]_i_85_n_0
    SLICE_X52Y122        CARRY8 (Prop_CARRY8_SLICEL_S[0]_CO[7])
                                                      0.278     2.183 r  u_base_datapath/u_output_slice/u_requant/rounded_q_reg[7][45]_i_51/CO[7]
                         net (fo=1, routed)           0.030     2.213    u_base_datapath/u_output_slice/u_requant/rounded_q_reg[7][45]_i_51_n_0
    SLICE_X52Y123        CARRY8 (Prop_CARRY8_SLICEL_CI_CO[7])
                                                      0.065     2.278 r  u_base_datapath/u_output_slice/u_requant/rounded_q_reg[7][45]_i_33/CO[7]
                         net (fo=1, routed)           0.030     2.308    u_base_datapath/u_output_slice/u_requant/rounded_q_reg[7][45]_i_33_n_0
    SLICE_X52Y124        CARRY8 (Prop_CARRY8_SLICEL_CI_CO[7])
                                                      0.065     2.373 r  u_base_datapath/u_output_slice/u_requant/rounded_q_reg[7][45]_i_12/CO[7]
                         net (fo=1, routed)           0.030     2.403    u_base_datapath/u_output_slice/u_requant/rounded_q_reg[7][45]_i_12_n_0
    SLICE_X52Y125        CARRY8 (Prop_CARRY8_SLICEL_CI_CO[7])
                                                      0.065     2.468 r  u_base_datapath/u_output_slice/u_requant/rounded_q_reg[7][45]_i_2/CO[7]
                         net (fo=1, routed)           0.030     2.498    u_base_datapath/u_output_slice/u_requant/rounded_q_reg[7][45]_i_2_n_0
    SLICE_X52Y126        CARRY8 (Prop_CARRY8_SLICEL_CI_O[4])
                                                      0.127     2.625 r  u_base_datapath/u_output_slice/u_requant/rounded_q_reg[7][45]_i_1/O[4]
                         net (fo=53, routed)          0.753     3.377    u_base_datapath/u_output_slice/u_requant/rounded_q_reg[7][45]_i_1_n_11
    SLICE_X47Y126        LUT5 (Prop_D5LUT_SLICEL_I2_O)
                                                      0.088     3.465 r  u_base_datapath/u_output_slice/u_requant/rounded_q[7][8]_i_3/O
                         net (fo=3, routed)           0.240     3.705    u_base_datapath/u_output_slice/u_requant/rounded_q[7][8]_i_3_n_0
    SLICE_X47Y126        LUT6 (Prop_H6LUT_SLICEL_I5_O)
                                                      0.058     3.763 r  u_base_datapath/u_output_slice/u_requant/rounded_q[7][12]_i_3/O
                         net (fo=2, routed)           0.113     3.876    u_base_datapath/u_output_slice/u_requant/rounded_q[7][12]_i_3_n_0
    SLICE_X48Y126        LUT4 (Prop_D6LUT_SLICEL_I0_O)
                                                      0.185     4.061 r  u_base_datapath/u_output_slice/u_requant/rounded_q[7][10]_i_2/O
                         net (fo=2, routed)           0.512     4.573    u_base_datapath/u_output_slice/u_requant/rounded_q[7][10]_i_2_n_0
    SLICE_X49Y127        LUT5 (Prop_F6LUT_SLICEL_I2_O)
                                                      0.056     4.629 r  u_base_datapath/u_output_slice/u_requant/rounded_q[7][9]_i_1/O
                         net (fo=1, routed)           0.069     4.698    u_base_datapath/u_output_slice/u_requant/rounded_q[7][9]_i_1_n_0
    SLICE_X49Y127        FDRE                                         r  u_base_datapath/u_output_slice/u_requant/rounded_q_reg[7][9]/D
  -------------------------------------------------------------------    -------------------

                         (clock clk rise edge)        5.000     5.000 r  
                                                      0.000     5.000 r  clk (IN)
                         net (fo=3453, unset)         0.029     5.029    u_base_datapath/u_output_slice/u_requant/clk
    SLICE_X49Y127        FDRE                                         r  u_base_datapath/u_output_slice/u_requant/rounded_q_reg[7][9]/C
                         clock pessimism              0.000     5.029    
                         clock uncertainty           -0.035     4.994    
    SLICE_X49Y127        FDRE (Setup_FFF_SLICEL_C_D)
                                                      0.044     5.038    u_base_datapath/u_output_slice/u_requant/rounded_q_reg[7][9]
  -------------------------------------------------------------------
                         required time                          5.038    
                         arrival time                          -4.698    
  -------------------------------------------------------------------
                         slack                                  0.339    

Slack (MET) :             0.346ns  (required time - arrival time)
  Source:                 u_base_datapath/u_output_slice/u_requant/right_shift_q_reg[7][2]/C
                            (rising edge-triggered cell FDRE clocked by clk  {rise@0.000ns fall@2.500ns period=5.000ns})
  Destination:            u_base_datapath/u_output_slice/u_requant/rounded_q_reg[7][11]/D
                            (rising edge-triggered cell FDRE clocked by clk  {rise@0.000ns fall@2.500ns period=5.000ns})
  Path Group:             clk
  Path Type:              Setup (Max at Slow Process Corner)
  Requirement:            5.000ns  (clk rise@5.000ns - clk rise@0.000ns)
  Data Path Delay:        4.650ns  (logic 1.251ns (26.906%)  route 3.399ns (73.094%))
  Logic Levels:           11  (CARRY8=5 LUT3=1 LUT4=1 LUT5=2 LUT6=2)
  Clock Path Skew:        -0.013ns (DCD - SCD + CPR)
    Destination Clock Delay (DCD):    0.029ns = ( 5.029 - 5.000 ) 
    Source Clock Delay      (SCD):    0.042ns
    Clock Pessimism Removal (CPR):    0.000ns
  Clock Uncertainty:      0.035ns  ((TSJ^2 + TIJ^2)^1/2 + DJ) / 2 + PE
    Total System Jitter     (TSJ):    0.071ns
    Total Input Jitter      (TIJ):    0.000ns
    Discrete Jitter          (DJ):    0.000ns
    Phase Error              (PE):    0.000ns

    Location             Delay type                Incr(ns)  Path(ns)    Netlist Resource(s)
  -------------------------------------------------------------------    -------------------
                         (clock clk rise edge)        0.000     0.000 r  
                                                      0.000     0.000 r  clk (IN)
                         net (fo=3453, unset)         0.042     0.042    u_base_datapath/u_output_slice/u_requant/clk
    SLICE_X51Y126        FDRE                                         r  u_base_datapath/u_output_slice/u_requant/right_shift_q_reg[7][2]/C
  -------------------------------------------------------------------    -------------------
    SLICE_X51Y126        FDRE (Prop_EFF_SLICEL_C_Q)
                                                      0.114     0.156 r  u_base_datapath/u_output_slice/u_requant/right_shift_q_reg[7][2]/Q
                         net (fo=112, routed)         0.847     1.003    u_base_datapath/u_output_slice/u_requant/right_shift_q_reg[7]_114[2]
    SLICE_X48Y124        LUT3 (Prop_D5LUT_SLICEL_I0_O)
                                                      0.088     1.091 r  u_base_datapath/u_output_slice/u_requant/rounded_q[7][45]_i_32/O
                         net (fo=5, routed)           0.742     1.833    u_base_datapath/u_output_slice/u_requant/rounded_q[7][45]_i_32_n_0
    SLICE_X52Y122        LUT6 (Prop_A6LUT_SLICEL_I4_O)
                                                      0.058     1.891 r  u_base_datapath/u_output_slice/u_requant/rounded_q[7][45]_i_85/O
                         net (fo=1, routed)           0.014     1.905    u_base_datapath/u_output_slice/u_requant/rounded_q[7][45]_i_85_n_0
    SLICE_X52Y122        CARRY8 (Prop_CARRY8_SLICEL_S[0]_CO[7])
                                                      0.278     2.183 r  u_base_datapath/u_output_slice/u_requant/rounded_q_reg[7][45]_i_51/CO[7]
                         net (fo=1, routed)           0.030     2.213    u_base_datapath/u_output_slice/u_requant/rounded_q_reg[7][45]_i_51_n_0
    SLICE_X52Y123        CARRY8 (Prop_CARRY8_SLICEL_CI_CO[7])
                                                      0.065     2.278 r  u_base_datapath/u_output_slice/u_requant/rounded_q_reg[7][45]_i_33/CO[7]
                         net (fo=1, routed)           0.030     2.308    u_base_datapath/u_output_slice/u_requant/rounded_q_reg[7][45]_i_33_n_0
    SLICE_X52Y124        CARRY8 (Prop_CARRY8_SLICEL_CI_CO[7])
                                                      0.065     2.373 r  u_base_datapath/u_output_slice/u_requant/rounded_q_reg[7][45]_i_12/CO[7]
                         net (fo=1, routed)           0.030     2.403    u_base_datapath/u_output_slice/u_requant/rounded_q_reg[7][45]_i_12_n_0
    SLICE_X52Y125        CARRY8 (Prop_CARRY8_SLICEL_CI_CO[7])
                                                      0.065     2.468 r  u_base_datapath/u_output_slice/u_requant/rounded_q_reg[7][45]_i_2/CO[7]
                         net (fo=1, routed)           0.030     2.498    u_base_datapath/u_output_slice/u_requant/rounded_q_reg[7][45]_i_2_n_0
    SLICE_X52Y126        CARRY8 (Prop_CARRY8_SLICEL_CI_O[4])
                                                      0.127     2.625 r  u_base_datapath/u_output_slice/u_requant/rounded_q_reg[7][45]_i_1/O[4]
                         net (fo=53, routed)          0.753     3.377    u_base_datapath/u_output_slice/u_requant/rounded_q_reg[7][45]_i_1_n_11
    SLICE_X47Y126        LUT5 (Prop_D5LUT_SLICEL_I2_O)
                                                      0.088     3.465 r  u_base_datapath/u_output_slice/u_requant/rounded_q[7][8]_i_3/O
                         net (fo=3, routed)           0.240     3.705    u_base_datapath/u_output_slice/u_requant/rounded_q[7][8]_i_3_n_0
    SLICE_X47Y126        LUT6 (Prop_H6LUT_SLICEL_I5_O)
                                                      0.058     3.763 r  u_base_datapath/u_output_slice/u_requant/rounded_q[7][12]_i_3/O
                         net (fo=2, routed)           0.113     3.876    u_base_datapath/u_output_slice/u_requant/rounded_q[7][12]_i_3_n_0
    SLICE_X48Y126        LUT4 (Prop_D5LUT_SLICEL_I3_O)
                                                      0.187     4.063 r  u_base_datapath/u_output_slice/u_requant/rounded_q[7][12]_i_2/O
                         net (fo=2, routed)           0.500     4.564    u_base_datapath/u_output_slice/u_requant/rounded_q[7][12]_i_2_n_0
    SLICE_X49Y127        LUT5 (Prop_H6LUT_SLICEL_I2_O)
                                                      0.058     4.622 r  u_base_datapath/u_output_slice/u_requant/rounded_q[7][11]_i_1/O
                         net (fo=1, routed)           0.070     4.692    u_base_datapath/u_output_slice/u_requant/rounded_q[7][11]_i_1_n_0
    SLICE_X49Y127        FDRE                                         r  u_base_datapath/u_output_slice/u_requant/rounded_q_reg[7][11]/D
  -------------------------------------------------------------------    -------------------

                         (clock clk rise edge)        5.000     5.000 r  
                                                      0.000     5.000 r  clk (IN)
                         net (fo=3453, unset)         0.029     5.029    u_base_datapath/u_output_slice/u_requant/clk
    SLICE_X49Y127        FDRE                                         r  u_base_datapath/u_output_slice/u_requant/rounded_q_reg[7][11]/C
                         clock pessimism              0.000     5.029    
                         clock uncertainty           -0.035     4.994    
    SLICE_X49Y127        FDRE (Setup_HFF_SLICEL_C_D)
                                                      0.044     5.038    u_base_datapath/u_output_slice/u_requant/rounded_q_reg[7][11]
  -------------------------------------------------------------------
                         required time                          5.038    
                         arrival time                          -4.692    
  -------------------------------------------------------------------
                         slack                                  0.346    

Slack (MET) :             0.352ns  (required time - arrival time)
  Source:                 u_base_datapath/u_output_slice/u_requant/right_shift_q_reg[7][2]/C
                            (rising edge-triggered cell FDRE clocked by clk  {rise@0.000ns fall@2.500ns period=5.000ns})
  Destination:            u_base_datapath/u_output_slice/u_requant/rounded_q_reg[7][12]/D
                            (rising edge-triggered cell FDRE clocked by clk  {rise@0.000ns fall@2.500ns period=5.000ns})
  Path Group:             clk
  Path Type:              Setup (Max at Slow Process Corner)
  Requirement:            5.000ns  (clk rise@5.000ns - clk rise@0.000ns)
  Data Path Delay:        4.644ns  (logic 1.250ns (26.919%)  route 3.394ns (73.081%))
  Logic Levels:           11  (CARRY8=5 LUT3=1 LUT4=1 LUT5=2 LUT6=2)
  Clock Path Skew:        -0.013ns (DCD - SCD + CPR)
    Destination Clock Delay (DCD):    0.029ns = ( 5.029 - 5.000 ) 
    Source Clock Delay      (SCD):    0.042ns
    Clock Pessimism Removal (CPR):    0.000ns
  Clock Uncertainty:      0.035ns  ((TSJ^2 + TIJ^2)^1/2 + DJ) / 2 + PE
    Total System Jitter     (TSJ):    0.071ns
    Total Input Jitter      (TIJ):    0.000ns
    Discrete Jitter          (DJ):    0.000ns
    Phase Error              (PE):    0.000ns

    Location             Delay type                Incr(ns)  Path(ns)    Netlist Resource(s)
  -------------------------------------------------------------------    -------------------
                         (clock clk rise edge)        0.000     0.000 r  
                                                      0.000     0.000 r  clk (IN)
                         net (fo=3453, unset)         0.042     0.042    u_base_datapath/u_output_slice/u_requant/clk
    SLICE_X51Y126        FDRE                                         r  u_base_datapath/u_output_slice/u_requant/right_shift_q_reg[7][2]/C
  -------------------------------------------------------------------    -------------------
    SLICE_X51Y126        FDRE (Prop_EFF_SLICEL_C_Q)
                                                      0.114     0.156 r  u_base_datapath/u_output_slice/u_requant/right_shift_q_reg[7][2]/Q
                         net (fo=112, routed)         0.847     1.003    u_base_datapath/u_output_slice/u_requant/right_shift_q_reg[7]_114[2]
    SLICE_X48Y124        LUT3 (Prop_D5LUT_SLICEL_I0_O)
                                                      0.088     1.091 r  u_base_datapath/u_output_slice/u_requant/rounded_q[7][45]_i_32/O
                         net (fo=5, routed)           0.742     1.833    u_base_datapath/u_output_slice/u_requant/rounded_q[7][45]_i_32_n_0
    SLICE_X52Y122        LUT6 (Prop_A6LUT_SLICEL_I4_O)
                                                      0.058     1.891 r  u_base_datapath/u_output_slice/u_requant/rounded_q[7][45]_i_85/O
                         net (fo=1, routed)           0.014     1.905    u_base_datapath/u_output_slice/u_requant/rounded_q[7][45]_i_85_n_0
    SLICE_X52Y122        CARRY8 (Prop_CARRY8_SLICEL_S[0]_CO[7])
                                                      0.278     2.183 r  u_base_datapath/u_output_slice/u_requant/rounded_q_reg[7][45]_i_51/CO[7]
                         net (fo=1, routed)           0.030     2.213    u_base_datapath/u_output_slice/u_requant/rounded_q_reg[7][45]_i_51_n_0
    SLICE_X52Y123        CARRY8 (Prop_CARRY8_SLICEL_CI_CO[7])
                                                      0.065     2.278 r  u_base_datapath/u_output_slice/u_requant/rounded_q_reg[7][45]_i_33/CO[7]
                         net (fo=1, routed)           0.030     2.308    u_base_datapath/u_output_slice/u_requant/rounded_q_reg[7][45]_i_33_n_0
    SLICE_X52Y124        CARRY8 (Prop_CARRY8_SLICEL_CI_CO[7])
                                                      0.065     2.373 r  u_base_datapath/u_output_slice/u_requant/rounded_q_reg[7][45]_i_12/CO[7]
                         net (fo=1, routed)           0.030     2.403    u_base_datapath/u_output_slice/u_requant/rounded_q_reg[7][45]_i_12_n_0
    SLICE_X52Y125        CARRY8 (Prop_CARRY8_SLICEL_CI_CO[7])
                                                      0.065     2.468 r  u_base_datapath/u_output_slice/u_requant/rounded_q_reg[7][45]_i_2/CO[7]
                         net (fo=1, routed)           0.030     2.498    u_base_datapath/u_output_slice/u_requant/rounded_q_reg[7][45]_i_2_n_0
    SLICE_X52Y126        CARRY8 (Prop_CARRY8_SLICEL_CI_O[4])
                                                      0.127     2.625 r  u_base_datapath/u_output_slice/u_requant/rounded_q_reg[7][45]_i_1/O[4]
                         net (fo=53, routed)          0.753     3.377    u_base_datapath/u_output_slice/u_requant/rounded_q_reg[7][45]_i_1_n_11
    SLICE_X47Y126        LUT5 (Prop_D5LUT_SLICEL_I2_O)
                                                      0.088     3.465 r  u_base_datapath/u_output_slice/u_requant/rounded_q[7][8]_i_3/O
                         net (fo=3, routed)           0.240     3.705    u_base_datapath/u_output_slice/u_requant/rounded_q[7][8]_i_3_n_0
    SLICE_X47Y126        LUT6 (Prop_H6LUT_SLICEL_I5_O)
                                                      0.058     3.763 r  u_base_datapath/u_output_slice/u_requant/rounded_q[7][12]_i_3/O
                         net (fo=2, routed)           0.113     3.876    u_base_datapath/u_output_slice/u_requant/rounded_q[7][12]_i_3_n_0
    SLICE_X48Y126        LUT4 (Prop_D5LUT_SLICEL_I3_O)
                                                      0.187     4.063 r  u_base_datapath/u_output_slice/u_requant/rounded_q[7][12]_i_2/O
                         net (fo=2, routed)           0.499     4.563    u_base_datapath/u_output_slice/u_requant/rounded_q[7][12]_i_2_n_0
    SLICE_X49Y127        LUT5 (Prop_G6LUT_SLICEL_I0_O)
                                                      0.057     4.620 r  u_base_datapath/u_output_slice/u_requant/rounded_q[7][12]_i_1/O
                         net (fo=1, routed)           0.066     4.686    u_base_datapath/u_output_slice/u_requant/rounded_q[7][12]_i_1_n_0
    SLICE_X49Y127        FDRE                                         r  u_base_datapath/u_output_slice/u_requant/rounded_q_reg[7][12]/D
  -------------------------------------------------------------------    -------------------

                         (clock clk rise edge)        5.000     5.000 r  
                                                      0.000     5.000 r  clk (IN)
                         net (fo=3453, unset)         0.029     5.029    u_base_datapath/u_output_slice/u_requant/clk
    SLICE_X49Y127        FDRE                                         r  u_base_datapath/u_output_slice/u_requant/rounded_q_reg[7][12]/C
                         clock pessimism              0.000     5.029    
                         clock uncertainty           -0.035     4.994    
    SLICE_X49Y127        FDRE (Setup_GFF_SLICEL_C_D)
                                                      0.044     5.038    u_base_datapath/u_output_slice/u_requant/rounded_q_reg[7][12]
  -------------------------------------------------------------------
                         required time                          5.038    
                         arrival time                          -4.686    
  -------------------------------------------------------------------
                         slack                                  0.352    

Slack (MET) :             0.369ns  (required time - arrival time)
  Source:                 u_base_datapath/u_output_slice/u_requant/right_shift_q_reg[7][2]/C
                            (rising edge-triggered cell FDRE clocked by clk  {rise@0.000ns fall@2.500ns period=5.000ns})
  Destination:            u_base_datapath/u_output_slice/u_requant/rounded_q_reg[7][10]/D
                            (rising edge-triggered cell FDRE clocked by clk  {rise@0.000ns fall@2.500ns period=5.000ns})
  Path Group:             clk
  Path Type:              Setup (Max at Slow Process Corner)
  Requirement:            5.000ns  (clk rise@5.000ns - clk rise@0.000ns)
  Data Path Delay:        4.626ns  (logic 1.272ns (27.495%)  route 3.354ns (72.505%))
  Logic Levels:           11  (CARRY8=5 LUT3=1 LUT4=1 LUT5=2 LUT6=2)
  Clock Path Skew:        -0.013ns (DCD - SCD + CPR)
    Destination Clock Delay (DCD):    0.029ns = ( 5.029 - 5.000 ) 
    Source Clock Delay      (SCD):    0.042ns
    Clock Pessimism Removal (CPR):    0.000ns
  Clock Uncertainty:      0.035ns  ((TSJ^2 + TIJ^2)^1/2 + DJ) / 2 + PE
    Total System Jitter     (TSJ):    0.071ns
    Total Input Jitter      (TIJ):    0.000ns
    Discrete Jitter          (DJ):    0.000ns
    Phase Error              (PE):    0.000ns

    Location             Delay type                Incr(ns)  Path(ns)    Netlist Resource(s)
  -------------------------------------------------------------------    -------------------
                         (clock clk rise edge)        0.000     0.000 r  
                                                      0.000     0.000 r  clk (IN)
                         net (fo=3453, unset)         0.042     0.042    u_base_datapath/u_output_slice/u_requant/clk
    SLICE_X51Y126        FDRE                                         r  u_base_datapath/u_output_slice/u_requant/right_shift_q_reg[7][2]/C
  -------------------------------------------------------------------    -------------------
    SLICE_X51Y126        FDRE (Prop_EFF_SLICEL_C_Q)
                                                      0.114     0.156 r  u_base_datapath/u_output_slice/u_requant/right_shift_q_reg[7][2]/Q
                         net (fo=112, routed)         0.847     1.003    u_base_datapath/u_output_slice/u_requant/right_shift_q_reg[7]_114[2]
    SLICE_X48Y124        LUT3 (Prop_D5LUT_SLICEL_I0_O)
                                                      0.088     1.091 r  u_base_datapath/u_output_slice/u_requant/rounded_q[7][45]_i_32/O
                         net (fo=5, routed)           0.742     1.833    u_base_datapath/u_output_slice/u_requant/rounded_q[7][45]_i_32_n_0
    SLICE_X52Y122        LUT6 (Prop_A6LUT_SLICEL_I4_O)
                                                      0.058     1.891 r  u_base_datapath/u_output_slice/u_requant/rounded_q[7][45]_i_85/O
                         net (fo=1, routed)           0.014     1.905    u_base_datapath/u_output_slice/u_requant/rounded_q[7][45]_i_85_n_0
    SLICE_X52Y122        CARRY8 (Prop_CARRY8_SLICEL_S[0]_CO[7])
                                                      0.278     2.183 r  u_base_datapath/u_output_slice/u_requant/rounded_q_reg[7][45]_i_51/CO[7]
                         net (fo=1, routed)           0.030     2.213    u_base_datapath/u_output_slice/u_requant/rounded_q_reg[7][45]_i_51_n_0
    SLICE_X52Y123        CARRY8 (Prop_CARRY8_SLICEL_CI_CO[7])
                                                      0.065     2.278 r  u_base_datapath/u_output_slice/u_requant/rounded_q_reg[7][45]_i_33/CO[7]
                         net (fo=1, routed)           0.030     2.308    u_base_datapath/u_output_slice/u_requant/rounded_q_reg[7][45]_i_33_n_0
    SLICE_X52Y124        CARRY8 (Prop_CARRY8_SLICEL_CI_CO[7])
                                                      0.065     2.373 r  u_base_datapath/u_output_slice/u_requant/rounded_q_reg[7][45]_i_12/CO[7]
                         net (fo=1, routed)           0.030     2.403    u_base_datapath/u_output_slice/u_requant/rounded_q_reg[7][45]_i_12_n_0
    SLICE_X52Y125        CARRY8 (Prop_CARRY8_SLICEL_CI_CO[7])
                                                      0.065     2.468 r  u_base_datapath/u_output_slice/u_requant/rounded_q_reg[7][45]_i_2/CO[7]
                         net (fo=1, routed)           0.030     2.498    u_base_datapath/u_output_slice/u_requant/rounded_q_reg[7][45]_i_2_n_0
    SLICE_X52Y126        CARRY8 (Prop_CARRY8_SLICEL_CI_O[4])
                                                      0.127     2.625 r  u_base_datapath/u_output_slice/u_requant/rounded_q_reg[7][45]_i_1/O[4]
                         net (fo=53, routed)          0.753     3.377    u_base_datapath/u_output_slice/u_requant/rounded_q_reg[7][45]_i_1_n_11
    SLICE_X47Y126        LUT5 (Prop_D5LUT_SLICEL_I2_O)
                                                      0.088     3.465 r  u_base_datapath/u_output_slice/u_requant/rounded_q[7][8]_i_3/O
                         net (fo=3, routed)           0.240     3.705    u_base_datapath/u_output_slice/u_requant/rounded_q[7][8]_i_3_n_0
    SLICE_X47Y126        LUT6 (Prop_H6LUT_SLICEL_I5_O)
                                                      0.058     3.763 r  u_base_datapath/u_output_slice/u_requant/rounded_q[7][12]_i_3/O
                         net (fo=2, routed)           0.113     3.876    u_base_datapath/u_output_slice/u_requant/rounded_q[7][12]_i_3_n_0
    SLICE_X48Y126        LUT4 (Prop_D6LUT_SLICEL_I0_O)
                                                      0.185     4.061 r  u_base_datapath/u_output_slice/u_requant/rounded_q[7][10]_i_2/O
                         net (fo=2, routed)           0.459     4.520    u_base_datapath/u_output_slice/u_requant/rounded_q[7][10]_i_2_n_0
    SLICE_X49Y127        LUT5 (Prop_D6LUT_SLICEL_I0_O)
                                                      0.081     4.601 r  u_base_datapath/u_output_slice/u_requant/rounded_q[7][10]_i_1/O
                         net (fo=1, routed)           0.067     4.668    u_base_datapath/u_output_slice/u_requant/rounded_q[7][10]_i_1_n_0
    SLICE_X49Y127        FDRE                                         r  u_base_datapath/u_output_slice/u_requant/rounded_q_reg[7][10]/D
  -------------------------------------------------------------------    -------------------

                         (clock clk rise edge)        5.000     5.000 r  
                                                      0.000     5.000 r  clk (IN)
                         net (fo=3453, unset)         0.029     5.029    u_base_datapath/u_output_slice/u_requant/clk
    SLICE_X49Y127        FDRE                                         r  u_base_datapath/u_output_slice/u_requant/rounded_q_reg[7][10]/C
                         clock pessimism              0.000     5.029    
                         clock uncertainty           -0.035     4.994    
    SLICE_X49Y127        FDRE (Setup_DFF_SLICEL_C_D)
                                                      0.044     5.038    u_base_datapath/u_output_slice/u_requant/rounded_q_reg[7][10]
  -------------------------------------------------------------------
                         required time                          5.038    
                         arrival time                          -4.668    
  -------------------------------------------------------------------
                         slack                                  0.369    

Slack (MET) :             0.498ns  (required time - arrival time)
  Source:                 u_base_datapath/u_output_slice/u_requant/right_shift_q_reg[7][2]/C
                            (rising edge-triggered cell FDRE clocked by clk  {rise@0.000ns fall@2.500ns period=5.000ns})
  Destination:            u_base_datapath/u_output_slice/u_requant/rounded_q_reg[7][8]/D
                            (rising edge-triggered cell FDRE clocked by clk  {rise@0.000ns fall@2.500ns period=5.000ns})
  Path Group:             clk
  Path Type:              Setup (Max at Slow Process Corner)
  Requirement:            5.000ns  (clk rise@5.000ns - clk rise@0.000ns)
  Data Path Delay:        4.498ns  (logic 1.401ns (31.149%)  route 3.097ns (68.851%))
  Logic Levels:           11  (CARRY8=5 LUT3=1 LUT5=2 LUT6=3)
  Clock Path Skew:        -0.013ns (DCD - SCD + CPR)
    Destination Clock Delay (DCD):    0.029ns = ( 5.029 - 5.000 ) 
    Source Clock Delay      (SCD):    0.042ns
    Clock Pessimism Removal (CPR):    0.000ns
  Clock Uncertainty:      0.035ns  ((TSJ^2 + TIJ^2)^1/2 + DJ) / 2 + PE
    Total System Jitter     (TSJ):    0.071ns
    Total Input Jitter      (TIJ):    0.000ns
    Discrete Jitter          (DJ):    0.000ns
    Phase Error              (PE):    0.000ns

    Location             Delay type                Incr(ns)  Path(ns)    Netlist Resource(s)
  -------------------------------------------------------------------    -------------------
                         (clock clk rise edge)        0.000     0.000 r  
                                                      0.000     0.000 r  clk (IN)
                         net (fo=3453, unset)         0.042     0.042    u_base_datapath/u_output_slice/u_requant/clk
    SLICE_X51Y126        FDRE                                         r  u_base_datapath/u_output_slice/u_requant/right_shift_q_reg[7][2]/C
  -------------------------------------------------------------------    -------------------
    SLICE_X51Y126        FDRE (Prop_EFF_SLICEL_C_Q)
                                                      0.114     0.156 r  u_base_datapath/u_output_slice/u_requant/right_shift_q_reg[7][2]/Q
                         net (fo=112, routed)         0.847     1.003    u_base_datapath/u_output_slice/u_requant/right_shift_q_reg[7]_114[2]
    SLICE_X48Y124        LUT3 (Prop_D5LUT_SLICEL_I0_O)
                                                      0.088     1.091 r  u_base_datapath/u_output_slice/u_requant/rounded_q[7][45]_i_32/O
                         net (fo=5, routed)           0.742     1.833    u_base_datapath/u_output_slice/u_requant/rounded_q[7][45]_i_32_n_0
    SLICE_X52Y122        LUT6 (Prop_A6LUT_SLICEL_I4_O)
                                                      0.058     1.891 r  u_base_datapath/u_output_slice/u_requant/rounded_q[7][45]_i_85/O
                         net (fo=1, routed)           0.014     1.905    u_base_datapath/u_output_slice/u_requant/rounded_q[7][45]_i_85_n_0
    SLICE_X52Y122        CARRY8 (Prop_CARRY8_SLICEL_S[0]_CO[7])
                                                      0.278     2.183 r  u_base_datapath/u_output_slice/u_requant/rounded_q_reg[7][45]_i_51/CO[7]
                         net (fo=1, routed)           0.030     2.213    u_base_datapath/u_output_slice/u_requant/rounded_q_reg[7][45]_i_51_n_0
    SLICE_X52Y123        CARRY8 (Prop_CARRY8_SLICEL_CI_CO[7])
                                                      0.065     2.278 r  u_base_datapath/u_output_slice/u_requant/rounded_q_reg[7][45]_i_33/CO[7]
                         net (fo=1, routed)           0.030     2.308    u_base_datapath/u_output_slice/u_requant/rounded_q_reg[7][45]_i_33_n_0
    SLICE_X52Y124        CARRY8 (Prop_CARRY8_SLICEL_CI_CO[7])
                                                      0.065     2.373 r  u_base_datapath/u_output_slice/u_requant/rounded_q_reg[7][45]_i_12/CO[7]
                         net (fo=1, routed)           0.030     2.403    u_base_datapath/u_output_slice/u_requant/rounded_q_reg[7][45]_i_12_n_0
    SLICE_X52Y125        CARRY8 (Prop_CARRY8_SLICEL_CI_CO[7])
                                                      0.065     2.468 r  u_base_datapath/u_output_slice/u_requant/rounded_q_reg[7][45]_i_2/CO[7]
                         net (fo=1, routed)           0.030     2.498    u_base_datapath/u_output_slice/u_requant/rounded_q_reg[7][45]_i_2_n_0
    SLICE_X52Y126        CARRY8 (Prop_CARRY8_SLICEL_CI_O[4])
                                                      0.127     2.625 r  u_base_datapath/u_output_slice/u_requant/rounded_q_reg[7][45]_i_1/O[4]
                         net (fo=53, routed)          0.703     3.327    u_base_datapath/u_output_slice/u_requant/rounded_q_reg[7][45]_i_1_n_11
    SLICE_X48Y126        LUT5 (Prop_C6LUT_SLICEL_I2_O)
                                                      0.187     3.514 r  u_base_datapath/u_output_slice/u_requant/rounded_q[7][10]_i_4/O
                         net (fo=2, routed)           0.102     3.617    u_base_datapath/u_output_slice/u_requant/rounded_q[7][10]_i_4_n_0
    SLICE_X48Y126        LUT6 (Prop_H6LUT_SLICEL_I5_O)
                                                      0.137     3.754 r  u_base_datapath/u_output_slice/u_requant/rounded_q[7][10]_i_3/O
                         net (fo=2, routed)           0.047     3.801    u_base_datapath/u_output_slice/u_requant/rounded_q[7][10]_i_3_n_0
    SLICE_X48Y126        LUT6 (Prop_F6LUT_SLICEL_I5_O)
                                                      0.136     3.937 r  u_base_datapath/u_output_slice/u_requant/rounded_q[7][8]_i_2/O
                         net (fo=2, routed)           0.452     4.390    u_base_datapath/u_output_slice/u_requant/rounded_q[7][8]_i_2_n_0
    SLICE_X49Y126        LUT5 (Prop_C6LUT_SLICEL_I0_O)
                                                      0.081     4.471 r  u_base_datapath/u_output_slice/u_requant/rounded_q[7][8]_i_1/O
                         net (fo=1, routed)           0.069     4.540    u_base_datapath/u_output_slice/u_requant/rounded_q[7][8]_i_1_n_0
    SLICE_X49Y126        FDRE                                         r  u_base_datapath/u_output_slice/u_requant/rounded_q_reg[7][8]/D
  -------------------------------------------------------------------    -------------------

                         (clock clk rise edge)        5.000     5.000 r  
                                                      0.000     5.000 r  clk (IN)
                         net (fo=3453, unset)         0.029     5.029    u_base_datapath/u_output_slice/u_requant/clk
    SLICE_X49Y126        FDRE                                         r  u_base_datapath/u_output_slice/u_requant/rounded_q_reg[7][8]/C
                         clock pessimism              0.000     5.029    
                         clock uncertainty           -0.035     4.994    
    SLICE_X49Y126        FDRE (Setup_CFF_SLICEL_C_D)
                                                      0.044     5.038    u_base_datapath/u_output_slice/u_requant/rounded_q_reg[7][8]
  -------------------------------------------------------------------
                         required time                          5.038    
                         arrival time                          -4.540    
  -------------------------------------------------------------------
                         slack                                  0.498    

Slack (MET) :             0.501ns  (required time - arrival time)
  Source:                 u_base_datapath/u_output_slice/u_requant/right_shift_q_reg[7][2]/C
                            (rising edge-triggered cell FDRE clocked by clk  {rise@0.000ns fall@2.500ns period=5.000ns})
  Destination:            u_base_datapath/u_output_slice/u_requant/rounded_q_reg[7][7]/D
                            (rising edge-triggered cell FDRE clocked by clk  {rise@0.000ns fall@2.500ns period=5.000ns})
  Path Group:             clk
  Path Type:              Setup (Max at Slow Process Corner)
  Requirement:            5.000ns  (clk rise@5.000ns - clk rise@0.000ns)
  Data Path Delay:        4.495ns  (logic 1.401ns (31.170%)  route 3.094ns (68.830%))
  Logic Levels:           11  (CARRY8=5 LUT3=1 LUT5=2 LUT6=3)
  Clock Path Skew:        -0.013ns (DCD - SCD + CPR)
    Destination Clock Delay (DCD):    0.029ns = ( 5.029 - 5.000 ) 
    Source Clock Delay      (SCD):    0.042ns
    Clock Pessimism Removal (CPR):    0.000ns
  Clock Uncertainty:      0.035ns  ((TSJ^2 + TIJ^2)^1/2 + DJ) / 2 + PE
    Total System Jitter     (TSJ):    0.071ns
    Total Input Jitter      (TIJ):    0.000ns
    Discrete Jitter          (DJ):    0.000ns
    Phase Error              (PE):    0.000ns

    Location             Delay type                Incr(ns)  Path(ns)    Netlist Resource(s)
  -------------------------------------------------------------------    -------------------
                         (clock clk rise edge)        0.000     0.000 r  
                                                      0.000     0.000 r  clk (IN)
                         net (fo=3453, unset)         0.042     0.042    u_base_datapath/u_output_slice/u_requant/clk
    SLICE_X51Y126        FDRE                                         r  u_base_datapath/u_output_slice/u_requant/right_shift_q_reg[7][2]/C
  -------------------------------------------------------------------    -------------------
    SLICE_X51Y126        FDRE (Prop_EFF_SLICEL_C_Q)
                                                      0.114     0.156 r  u_base_datapath/u_output_slice/u_requant/right_shift_q_reg[7][2]/Q
                         net (fo=112, routed)         0.847     1.003    u_base_datapath/u_output_slice/u_requant/right_shift_q_reg[7]_114[2]
    SLICE_X48Y124        LUT3 (Prop_D5LUT_SLICEL_I0_O)
                                                      0.088     1.091 r  u_base_datapath/u_output_slice/u_requant/rounded_q[7][45]_i_32/O
                         net (fo=5, routed)           0.742     1.833    u_base_datapath/u_output_slice/u_requant/rounded_q[7][45]_i_32_n_0
    SLICE_X52Y122        LUT6 (Prop_A6LUT_SLICEL_I4_O)
                                                      0.058     1.891 r  u_base_datapath/u_output_slice/u_requant/rounded_q[7][45]_i_85/O
                         net (fo=1, routed)           0.014     1.905    u_base_datapath/u_output_slice/u_requant/rounded_q[7][45]_i_85_n_0
    SLICE_X52Y122        CARRY8 (Prop_CARRY8_SLICEL_S[0]_CO[7])
                                                      0.278     2.183 r  u_base_datapath/u_output_slice/u_requant/rounded_q_reg[7][45]_i_51/CO[7]
                         net (fo=1, routed)           0.030     2.213    u_base_datapath/u_output_slice/u_requant/rounded_q_reg[7][45]_i_51_n_0
    SLICE_X52Y123        CARRY8 (Prop_CARRY8_SLICEL_CI_CO[7])
                                                      0.065     2.278 r  u_base_datapath/u_output_slice/u_requant/rounded_q_reg[7][45]_i_33/CO[7]
                         net (fo=1, routed)           0.030     2.308    u_base_datapath/u_output_slice/u_requant/rounded_q_reg[7][45]_i_33_n_0
    SLICE_X52Y124        CARRY8 (Prop_CARRY8_SLICEL_CI_CO[7])
                                                      0.065     2.373 r  u_base_datapath/u_output_slice/u_requant/rounded_q_reg[7][45]_i_12/CO[7]
                         net (fo=1, routed)           0.030     2.403    u_base_datapath/u_output_slice/u_requant/rounded_q_reg[7][45]_i_12_n_0
    SLICE_X52Y125        CARRY8 (Prop_CARRY8_SLICEL_CI_CO[7])
                                                      0.065     2.468 r  u_base_datapath/u_output_slice/u_requant/rounded_q_reg[7][45]_i_2/CO[7]
                         net (fo=1, routed)           0.030     2.498    u_base_datapath/u_output_slice/u_requant/rounded_q_reg[7][45]_i_2_n_0
    SLICE_X52Y126        CARRY8 (Prop_CARRY8_SLICEL_CI_O[4])
                                                      0.127     2.625 r  u_base_datapath/u_output_slice/u_requant/rounded_q_reg[7][45]_i_1/O[4]
                         net (fo=53, routed)          0.703     3.327    u_base_datapath/u_output_slice/u_requant/rounded_q_reg[7][45]_i_1_n_11
    SLICE_X48Y126        LUT5 (Prop_C6LUT_SLICEL_I2_O)
                                                      0.187     3.514 r  u_base_datapath/u_output_slice/u_requant/rounded_q[7][10]_i_4/O
                         net (fo=2, routed)           0.102     3.617    u_base_datapath/u_output_slice/u_requant/rounded_q[7][10]_i_4_n_0
    SLICE_X48Y126        LUT6 (Prop_H6LUT_SLICEL_I5_O)
                                                      0.137     3.754 r  u_base_datapath/u_output_slice/u_requant/rounded_q[7][10]_i_3/O
                         net (fo=2, routed)           0.047     3.801    u_base_datapath/u_output_slice/u_requant/rounded_q[7][10]_i_3_n_0
    SLICE_X48Y126        LUT6 (Prop_F6LUT_SLICEL_I5_O)
                                                      0.136     3.937 r  u_base_datapath/u_output_slice/u_requant/rounded_q[7][8]_i_2/O
                         net (fo=2, routed)           0.451     4.389    u_base_datapath/u_output_slice/u_requant/rounded_q[7][8]_i_2_n_0
    SLICE_X49Y126        LUT5 (Prop_D6LUT_SLICEL_I2_O)
                                                      0.081     4.470 r  u_base_datapath/u_output_slice/u_requant/rounded_q[7][7]_i_1/O
                         net (fo=1, routed)           0.067     4.537    u_base_datapath/u_output_slice/u_requant/rounded_q[7][7]_i_1_n_0
    SLICE_X49Y126        FDRE                                         r  u_base_datapath/u_output_slice/u_requant/rounded_q_reg[7][7]/D
  -------------------------------------------------------------------    -------------------

                         (clock clk rise edge)        5.000     5.000 r  
                                                      0.000     5.000 r  clk (IN)
                         net (fo=3453, unset)         0.029     5.029    u_base_datapath/u_output_slice/u_requant/clk
    SLICE_X49Y126        FDRE                                         r  u_base_datapath/u_output_slice/u_requant/rounded_q_reg[7][7]/C
                         clock pessimism              0.000     5.029    
                         clock uncertainty           -0.035     4.994    
    SLICE_X49Y126        FDRE (Setup_DFF_SLICEL_C_D)
                                                      0.044     5.038    u_base_datapath/u_output_slice/u_requant/rounded_q_reg[7][7]
  -------------------------------------------------------------------
                         required time                          5.038    
                         arrival time                          -4.537    
  -------------------------------------------------------------------
                         slack                                  0.501    

Slack (MET) :             0.512ns  (required time - arrival time)
  Source:                 u_base_datapath/u_output_slice/u_requant/right_shift_q_reg[7][2]/C
                            (rising edge-triggered cell FDRE clocked by clk  {rise@0.000ns fall@2.500ns period=5.000ns})
  Destination:            u_base_datapath/u_output_slice/u_requant/rounded_q_reg[7][15]/D
                            (rising edge-triggered cell FDRE clocked by clk  {rise@0.000ns fall@2.500ns period=5.000ns})
  Path Group:             clk
  Path Type:              Setup (Max at Slow Process Corner)
  Requirement:            5.000ns  (clk rise@5.000ns - clk rise@0.000ns)
  Data Path Delay:        4.483ns  (logic 1.210ns (26.990%)  route 3.273ns (73.010%))
  Logic Levels:           9  (CARRY8=4 LUT3=1 LUT5=1 LUT6=3)
  Clock Path Skew:        -0.013ns (DCD - SCD + CPR)
    Destination Clock Delay (DCD):    0.029ns = ( 5.029 - 5.000 ) 
    Source Clock Delay      (SCD):    0.042ns
    Clock Pessimism Removal (CPR):    0.000ns
  Clock Uncertainty:      0.035ns  ((TSJ^2 + TIJ^2)^1/2 + DJ) / 2 + PE
    Total System Jitter     (TSJ):    0.071ns
    Total Input Jitter      (TIJ):    0.000ns
    Discrete Jitter          (DJ):    0.000ns
    Phase Error              (PE):    0.000ns

    Location             Delay type                Incr(ns)  Path(ns)    Netlist Resource(s)
  -------------------------------------------------------------------    -------------------
                         (clock clk rise edge)        0.000     0.000 r  
                                                      0.000     0.000 r  clk (IN)
                         net (fo=3453, unset)         0.042     0.042    u_base_datapath/u_output_slice/u_requant/clk
    SLICE_X51Y126        FDRE                                         r  u_base_datapath/u_output_slice/u_requant/right_shift_q_reg[7][2]/C
  -------------------------------------------------------------------    -------------------
    SLICE_X51Y126        FDRE (Prop_EFF_SLICEL_C_Q)
                                                      0.114     0.156 r  u_base_datapath/u_output_slice/u_requant/right_shift_q_reg[7][2]/Q
                         net (fo=112, routed)         0.847     1.003    u_base_datapath/u_output_slice/u_requant/right_shift_q_reg[7]_114[2]
    SLICE_X48Y124        LUT3 (Prop_D5LUT_SLICEL_I0_O)
                                                      0.088     1.091 r  u_base_datapath/u_output_slice/u_requant/rounded_q[7][45]_i_32/O
                         net (fo=5, routed)           0.742     1.833    u_base_datapath/u_output_slice/u_requant/rounded_q[7][45]_i_32_n_0
    SLICE_X52Y122        LUT6 (Prop_A6LUT_SLICEL_I4_O)
                                                      0.058     1.891 r  u_base_datapath/u_output_slice/u_requant/rounded_q[7][45]_i_85/O
                         net (fo=1, routed)           0.014     1.905    u_base_datapath/u_output_slice/u_requant/rounded_q[7][45]_i_85_n_0
    SLICE_X52Y122        CARRY8 (Prop_CARRY8_SLICEL_S[0]_CO[7])
                                                      0.278     2.183 r  u_base_datapath/u_output_slice/u_requant/rounded_q_reg[7][45]_i_51/CO[7]
                         net (fo=1, routed)           0.030     2.213    u_base_datapath/u_output_slice/u_requant/rounded_q_reg[7][45]_i_51_n_0
    SLICE_X52Y123        CARRY8 (Prop_CARRY8_SLICEL_CI_CO[7])
                                                      0.065     2.278 r  u_base_datapath/u_output_slice/u_requant/rounded_q_reg[7][45]_i_33/CO[7]
                         net (fo=1, routed)           0.030     2.308    u_base_datapath/u_output_slice/u_requant/rounded_q_reg[7][45]_i_33_n_0
    SLICE_X52Y124        CARRY8 (Prop_CARRY8_SLICEL_CI_CO[7])
                                                      0.065     2.373 r  u_base_datapath/u_output_slice/u_requant/rounded_q_reg[7][45]_i_12/CO[7]
                         net (fo=1, routed)           0.030     2.403    u_base_datapath/u_output_slice/u_requant/rounded_q_reg[7][45]_i_12_n_0
    SLICE_X52Y125        CARRY8 (Prop_CARRY8_SLICEL_CI_O[7])
                                                      0.171     2.574 r  u_base_datapath/u_output_slice/u_requant/rounded_q_reg[7][45]_i_2/O[7]
                         net (fo=4, routed)           0.803     3.377    u_base_datapath/u_output_slice/u_requant/rounded_q_reg[7][45]_i_2_n_8
    SLICE_X47Y126        LUT6 (Prop_G6LUT_SLICEL_I3_O)
                                                      0.151     3.528 r  u_base_datapath/u_output_slice/u_requant/rounded_q[7][16]_i_3/O
                         net (fo=2, routed)           0.176     3.704    u_base_datapath/u_output_slice/u_requant/rounded_q[7][16]_i_3_n_0
    SLICE_X48Y127        LUT6 (Prop_H6LUT_SLICEL_I5_O)
                                                      0.083     3.787 r  u_base_datapath/u_output_slice/u_requant/rounded_q[7][16]_i_2/O
                         net (fo=2, routed)           0.534     4.321    u_base_datapath/u_output_slice/u_requant/rounded_q[7][16]_i_2_n_0
    SLICE_X49Y127        LUT5 (Prop_A6LUT_SLICEL_I2_O)
                                                      0.137     4.458 r  u_base_datapath/u_output_slice/u_requant/rounded_q[7][15]_i_1/O
                         net (fo=1, routed)           0.067     4.525    u_base_datapath/u_output_slice/u_requant/rounded_q[7][15]_i_1_n_0
    SLICE_X49Y127        FDRE                                         r  u_base_datapath/u_output_slice/u_requant/rounded_q_reg[7][15]/D
  -------------------------------------------------------------------    -------------------

                         (clock clk rise edge)        5.000     5.000 r  
                                                      0.000     5.000 r  clk (IN)
                         net (fo=3453, unset)         0.029     5.029    u_base_datapath/u_output_slice/u_requant/clk
    SLICE_X49Y127        FDRE                                         r  u_base_datapath/u_output_slice/u_requant/rounded_q_reg[7][15]/C
                         clock pessimism              0.000     5.029    
                         clock uncertainty           -0.035     4.994    
    SLICE_X49Y127        FDRE (Setup_AFF_SLICEL_C_D)
                                                      0.044     5.038    u_base_datapath/u_output_slice/u_requant/rounded_q_reg[7][15]
  -------------------------------------------------------------------
                         required time                          5.038    
                         arrival time                          -4.525    
  -------------------------------------------------------------------
                         slack                                  0.512    

Slack (MET) :             0.547ns  (required time - arrival time)
  Source:                 u_base_datapath/u_output_slice/u_requant/right_shift_q_reg[7][2]/C
                            (rising edge-triggered cell FDRE clocked by clk  {rise@0.000ns fall@2.500ns period=5.000ns})
  Destination:            u_base_datapath/u_output_slice/u_requant/rounded_q_reg[7][2]/D
                            (rising edge-triggered cell FDRE clocked by clk  {rise@0.000ns fall@2.500ns period=5.000ns})
  Path Group:             clk
  Path Type:              Setup (Max at Slow Process Corner)
  Requirement:            5.000ns  (clk rise@5.000ns - clk rise@0.000ns)
  Data Path Delay:        4.449ns  (logic 1.184ns (26.612%)  route 3.265ns (73.388%))
  Logic Levels:           11  (CARRY8=5 LUT3=1 LUT5=2 LUT6=3)
  Clock Path Skew:        -0.013ns (DCD - SCD + CPR)
    Destination Clock Delay (DCD):    0.029ns = ( 5.029 - 5.000 ) 
    Source Clock Delay      (SCD):    0.042ns
    Clock Pessimism Removal (CPR):    0.000ns
  Clock Uncertainty:      0.035ns  ((TSJ^2 + TIJ^2)^1/2 + DJ) / 2 + PE
    Total System Jitter     (TSJ):    0.071ns
    Total Input Jitter      (TIJ):    0.000ns
    Discrete Jitter          (DJ):    0.000ns
    Phase Error              (PE):    0.000ns

    Location             Delay type                Incr(ns)  Path(ns)    Netlist Resource(s)
  -------------------------------------------------------------------    -------------------
                         (clock clk rise edge)        0.000     0.000 r  
                                                      0.000     0.000 r  clk (IN)
                         net (fo=3453, unset)         0.042     0.042    u_base_datapath/u_output_slice/u_requant/clk
    SLICE_X51Y126        FDRE                                         r  u_base_datapath/u_output_slice/u_requant/right_shift_q_reg[7][2]/C
  -------------------------------------------------------------------    -------------------
    SLICE_X51Y126        FDRE (Prop_EFF_SLICEL_C_Q)
                                                      0.114     0.156 r  u_base_datapath/u_output_slice/u_requant/right_shift_q_reg[7][2]/Q
                         net (fo=112, routed)         0.847     1.003    u_base_datapath/u_output_slice/u_requant/right_shift_q_reg[7]_114[2]
    SLICE_X48Y124        LUT3 (Prop_D5LUT_SLICEL_I0_O)
                                                      0.088     1.091 r  u_base_datapath/u_output_slice/u_requant/rounded_q[7][45]_i_32/O
                         net (fo=5, routed)           0.742     1.833    u_base_datapath/u_output_slice/u_requant/rounded_q[7][45]_i_32_n_0
    SLICE_X52Y122        LUT6 (Prop_A6LUT_SLICEL_I4_O)
                                                      0.058     1.891 r  u_base_datapath/u_output_slice/u_requant/rounded_q[7][45]_i_85/O
                         net (fo=1, routed)           0.014     1.905    u_base_datapath/u_output_slice/u_requant/rounded_q[7][45]_i_85_n_0
    SLICE_X52Y122        CARRY8 (Prop_CARRY8_SLICEL_S[0]_CO[7])
                                                      0.278     2.183 r  u_base_datapath/u_output_slice/u_requant/rounded_q_reg[7][45]_i_51/CO[7]
                         net (fo=1, routed)           0.030     2.213    u_base_datapath/u_output_slice/u_requant/rounded_q_reg[7][45]_i_51_n_0
    SLICE_X52Y123        CARRY8 (Prop_CARRY8_SLICEL_CI_CO[7])
                                                      0.065     2.278 r  u_base_datapath/u_output_slice/u_requant/rounded_q_reg[7][45]_i_33/CO[7]
                         net (fo=1, routed)           0.030     2.308    u_base_datapath/u_output_slice/u_requant/rounded_q_reg[7][45]_i_33_n_0
    SLICE_X52Y124        CARRY8 (Prop_CARRY8_SLICEL_CI_CO[7])
                                                      0.065     2.373 r  u_base_datapath/u_output_slice/u_requant/rounded_q_reg[7][45]_i_12/CO[7]
                         net (fo=1, routed)           0.030     2.403    u_base_datapath/u_output_slice/u_requant/rounded_q_reg[7][45]_i_12_n_0
    SLICE_X52Y125        CARRY8 (Prop_CARRY8_SLICEL_CI_CO[7])
                                                      0.065     2.468 r  u_base_datapath/u_output_slice/u_requant/rounded_q_reg[7][45]_i_2/CO[7]
                         net (fo=1, routed)           0.030     2.498    u_base_datapath/u_output_slice/u_requant/rounded_q_reg[7][45]_i_2_n_0
    SLICE_X52Y126        CARRY8 (Prop_CARRY8_SLICEL_CI_O[4])
                                                      0.127     2.625 r  u_base_datapath/u_output_slice/u_requant/rounded_q_reg[7][45]_i_1/O[4]
                         net (fo=53, routed)          0.806     3.430    u_base_datapath/u_output_slice/u_requant/rounded_q_reg[7][45]_i_1_n_11
    SLICE_X48Y125        LUT6 (Prop_C6LUT_SLICEL_I3_O)
                                                      0.056     3.486 r  u_base_datapath/u_output_slice/u_requant/rounded_q[7][2]_i_4/O
                         net (fo=1, routed)           0.104     3.590    u_base_datapath/u_output_slice/u_requant/rounded_q[7][2]_i_4_n_0
    SLICE_X48Y124        LUT5 (Prop_D6LUT_SLICEL_I4_O)
                                                      0.152     3.742 r  u_base_datapath/u_output_slice/u_requant/rounded_q[7][2]_i_3/O
                         net (fo=2, routed)           0.103     3.845    u_base_datapath/u_output_slice/u_requant/rounded_q[7][2]_i_3_n_0
    SLICE_X48Y124        LUT6 (Prop_H6LUT_SLICEL_I5_O)
                                                      0.058     3.903 r  u_base_datapath/u_output_slice/u_requant/rounded_q[7][2]_i_2/O
                         net (fo=2, routed)           0.460     4.363    u_base_datapath/u_output_slice/u_requant/rounded_q[7][2]_i_2_n_0
    SLICE_X49Y125        LUT5 (Prop_H6LUT_SLICEL_I0_O)
                                                      0.058     4.421 r  u_base_datapath/u_output_slice/u_requant/rounded_q[7][2]_i_1/O
                         net (fo=1, routed)           0.070     4.491    u_base_datapath/u_output_slice/u_requant/rounded_q[7][2]_i_1_n_0
    SLICE_X49Y125        FDRE                                         r  u_base_datapath/u_output_slice/u_requant/rounded_q_reg[7][2]/D
  -------------------------------------------------------------------    -------------------

                         (clock clk rise edge)        5.000     5.000 r  
                                                      0.000     5.000 r  clk (IN)
                         net (fo=3453, unset)         0.029     5.029    u_base_datapath/u_output_slice/u_requant/clk
    SLICE_X49Y125        FDRE                                         r  u_base_datapath/u_output_slice/u_requant/rounded_q_reg[7][2]/C
                         clock pessimism              0.000     5.029    
                         clock uncertainty           -0.035     4.994    
    SLICE_X49Y125        FDRE (Setup_HFF_SLICEL_C_D)
                                                      0.044     5.038    u_base_datapath/u_output_slice/u_requant/rounded_q_reg[7][2]
  -------------------------------------------------------------------
                         required time                          5.038    
                         arrival time                          -4.491    
  -------------------------------------------------------------------
                         slack                                  0.547    

Slack (MET) :             0.552ns  (required time - arrival time)
  Source:                 u_base_datapath/u_output_slice/u_requant/right_shift_q_reg[7][2]/C
                            (rising edge-triggered cell FDRE clocked by clk  {rise@0.000ns fall@2.500ns period=5.000ns})
  Destination:            u_base_datapath/u_output_slice/u_requant/rounded_q_reg[7][6]/D
                            (rising edge-triggered cell FDRE clocked by clk  {rise@0.000ns fall@2.500ns period=5.000ns})
  Path Group:             clk
  Path Type:              Setup (Max at Slow Process Corner)
  Requirement:            5.000ns  (clk rise@5.000ns - clk rise@0.000ns)
  Data Path Delay:        4.443ns  (logic 1.268ns (28.537%)  route 3.175ns (71.463%))
  Logic Levels:           11  (CARRY8=5 LUT3=1 LUT5=3 LUT6=2)
  Clock Path Skew:        -0.013ns (DCD - SCD + CPR)
    Destination Clock Delay (DCD):    0.029ns = ( 5.029 - 5.000 ) 
    Source Clock Delay      (SCD):    0.042ns
    Clock Pessimism Removal (CPR):    0.000ns
  Clock Uncertainty:      0.035ns  ((TSJ^2 + TIJ^2)^1/2 + DJ) / 2 + PE
    Total System Jitter     (TSJ):    0.071ns
    Total Input Jitter      (TIJ):    0.000ns
    Discrete Jitter          (DJ):    0.000ns
    Phase Error              (PE):    0.000ns

    Location             Delay type                Incr(ns)  Path(ns)    Netlist Resource(s)
  -------------------------------------------------------------------    -------------------
                         (clock clk rise edge)        0.000     0.000 r  
                                                      0.000     0.000 r  clk (IN)
                         net (fo=3453, unset)         0.042     0.042    u_base_datapath/u_output_slice/u_requant/clk
    SLICE_X51Y126        FDRE                                         r  u_base_datapath/u_output_slice/u_requant/right_shift_q_reg[7][2]/C
  -------------------------------------------------------------------    -------------------
    SLICE_X51Y126        FDRE (Prop_EFF_SLICEL_C_Q)
                                                      0.114     0.156 r  u_base_datapath/u_output_slice/u_requant/right_shift_q_reg[7][2]/Q
                         net (fo=112, routed)         0.847     1.003    u_base_datapath/u_output_slice/u_requant/right_shift_q_reg[7]_114[2]
    SLICE_X48Y124        LUT3 (Prop_D5LUT_SLICEL_I0_O)
                                                      0.088     1.091 r  u_base_datapath/u_output_slice/u_requant/rounded_q[7][45]_i_32/O
                         net (fo=5, routed)           0.742     1.833    u_base_datapath/u_output_slice/u_requant/rounded_q[7][45]_i_32_n_0
    SLICE_X52Y122        LUT6 (Prop_A6LUT_SLICEL_I4_O)
                                                      0.058     1.891 r  u_base_datapath/u_output_slice/u_requant/rounded_q[7][45]_i_85/O
                         net (fo=1, routed)           0.014     1.905    u_base_datapath/u_output_slice/u_requant/rounded_q[7][45]_i_85_n_0
    SLICE_X52Y122        CARRY8 (Prop_CARRY8_SLICEL_S[0]_CO[7])
                                                      0.278     2.183 r  u_base_datapath/u_output_slice/u_requant/rounded_q_reg[7][45]_i_51/CO[7]
                         net (fo=1, routed)           0.030     2.213    u_base_datapath/u_output_slice/u_requant/rounded_q_reg[7][45]_i_51_n_0
    SLICE_X52Y123        CARRY8 (Prop_CARRY8_SLICEL_CI_CO[7])
                                                      0.065     2.278 r  u_base_datapath/u_output_slice/u_requant/rounded_q_reg[7][45]_i_33/CO[7]
                         net (fo=1, routed)           0.030     2.308    u_base_datapath/u_output_slice/u_requant/rounded_q_reg[7][45]_i_33_n_0
    SLICE_X52Y124        CARRY8 (Prop_CARRY8_SLICEL_CI_CO[7])
                                                      0.065     2.373 r  u_base_datapath/u_output_slice/u_requant/rounded_q_reg[7][45]_i_12/CO[7]
                         net (fo=1, routed)           0.030     2.403    u_base_datapath/u_output_slice/u_requant/rounded_q_reg[7][45]_i_12_n_0
    SLICE_X52Y125        CARRY8 (Prop_CARRY8_SLICEL_CI_CO[7])
                                                      0.065     2.468 r  u_base_datapath/u_output_slice/u_requant/rounded_q_reg[7][45]_i_2/CO[7]
                         net (fo=1, routed)           0.030     2.498    u_base_datapath/u_output_slice/u_requant/rounded_q_reg[7][45]_i_2_n_0
    SLICE_X52Y126        CARRY8 (Prop_CARRY8_SLICEL_CI_O[4])
                                                      0.127     2.625 r  u_base_datapath/u_output_slice/u_requant/rounded_q_reg[7][45]_i_1/O[4]
                         net (fo=53, routed)          0.703     3.327    u_base_datapath/u_output_slice/u_requant/rounded_q_reg[7][45]_i_1_n_11
    SLICE_X48Y126        LUT5 (Prop_C6LUT_SLICEL_I2_O)
                                                      0.187     3.514 r  u_base_datapath/u_output_slice/u_requant/rounded_q[7][10]_i_4/O
                         net (fo=2, routed)           0.118     3.633    u_base_datapath/u_output_slice/u_requant/rounded_q[7][10]_i_4_n_0
    SLICE_X48Y125        LUT5 (Prop_F6LUT_SLICEL_I0_O)
                                                      0.081     3.714 r  u_base_datapath/u_output_slice/u_requant/rounded_q[7][6]_i_3/O
                         net (fo=2, routed)           0.050     3.764    u_base_datapath/u_output_slice/u_requant/rounded_q[7][6]_i_3_n_0
    SLICE_X48Y125        LUT6 (Prop_G6LUT_SLICEL_I5_O)
                                                      0.082     3.846 r  u_base_datapath/u_output_slice/u_requant/rounded_q[7][6]_i_2/O
                         net (fo=2, routed)           0.511     4.357    u_base_datapath/u_output_slice/u_requant/rounded_q[7][6]_i_2_n_0
    SLICE_X49Y126        LUT5 (Prop_H6LUT_SLICEL_I0_O)
                                                      0.058     4.415 r  u_base_datapath/u_output_slice/u_requant/rounded_q[7][6]_i_1/O
                         net (fo=1, routed)           0.070     4.485    u_base_datapath/u_output_slice/u_requant/rounded_q[7][6]_i_1_n_0
    SLICE_X49Y126        FDRE                                         r  u_base_datapath/u_output_slice/u_requant/rounded_q_reg[7][6]/D
  -------------------------------------------------------------------    -------------------

                         (clock clk rise edge)        5.000     5.000 r  
                                                      0.000     5.000 r  clk (IN)
                         net (fo=3453, unset)         0.029     5.029    u_base_datapath/u_output_slice/u_requant/clk
    SLICE_X49Y126        FDRE                                         r  u_base_datapath/u_output_slice/u_requant/rounded_q_reg[7][6]/C
                         clock pessimism              0.000     5.029    
                         clock uncertainty           -0.035     4.994    
    SLICE_X49Y126        FDRE (Setup_HFF_SLICEL_C_D)
                                                      0.044     5.038    u_base_datapath/u_output_slice/u_requant/rounded_q_reg[7][6]
  -------------------------------------------------------------------
                         required time                          5.038    
                         arrival time                          -4.485    
  -------------------------------------------------------------------
                         slack                                  0.552    

Slack (MET) :             0.557ns  (required time - arrival time)
  Source:                 u_base_datapath/u_output_slice/u_requant/right_shift_q_reg[7][2]/C
                            (rising edge-triggered cell FDRE clocked by clk  {rise@0.000ns fall@2.500ns period=5.000ns})
  Destination:            u_base_datapath/u_output_slice/u_requant/rounded_q_reg[7][16]/D
                            (rising edge-triggered cell FDRE clocked by clk  {rise@0.000ns fall@2.500ns period=5.000ns})
  Path Group:             clk
  Path Type:              Setup (Max at Slow Process Corner)
  Requirement:            5.000ns  (clk rise@5.000ns - clk rise@0.000ns)
  Data Path Delay:        4.439ns  (logic 1.154ns (25.996%)  route 3.285ns (74.004%))
  Logic Levels:           9  (CARRY8=4 LUT3=1 LUT5=1 LUT6=3)
  Clock Path Skew:        -0.013ns (DCD - SCD + CPR)
    Destination Clock Delay (DCD):    0.029ns = ( 5.029 - 5.000 ) 
    Source Clock Delay      (SCD):    0.042ns
    Clock Pessimism Removal (CPR):    0.000ns
  Clock Uncertainty:      0.035ns  ((TSJ^2 + TIJ^2)^1/2 + DJ) / 2 + PE
    Total System Jitter     (TSJ):    0.071ns
    Total Input Jitter      (TIJ):    0.000ns
    Discrete Jitter          (DJ):    0.000ns
    Phase Error              (PE):    0.000ns

    Location             Delay type                Incr(ns)  Path(ns)    Netlist Resource(s)
  -------------------------------------------------------------------    -------------------
                         (clock clk rise edge)        0.000     0.000 r  
                                                      0.000     0.000 r  clk (IN)
                         net (fo=3453, unset)         0.042     0.042    u_base_datapath/u_output_slice/u_requant/clk
    SLICE_X51Y126        FDRE                                         r  u_base_datapath/u_output_slice/u_requant/right_shift_q_reg[7][2]/C
  -------------------------------------------------------------------    -------------------
    SLICE_X51Y126        FDRE (Prop_EFF_SLICEL_C_Q)
                                                      0.114     0.156 r  u_base_datapath/u_output_slice/u_requant/right_shift_q_reg[7][2]/Q
                         net (fo=112, routed)         0.847     1.003    u_base_datapath/u_output_slice/u_requant/right_shift_q_reg[7]_114[2]
    SLICE_X48Y124        LUT3 (Prop_D5LUT_SLICEL_I0_O)
                                                      0.088     1.091 r  u_base_datapath/u_output_slice/u_requant/rounded_q[7][45]_i_32/O
                         net (fo=5, routed)           0.742     1.833    u_base_datapath/u_output_slice/u_requant/rounded_q[7][45]_i_32_n_0
    SLICE_X52Y122        LUT6 (Prop_A6LUT_SLICEL_I4_O)
                                                      0.058     1.891 r  u_base_datapath/u_output_slice/u_requant/rounded_q[7][45]_i_85/O
                         net (fo=1, routed)           0.014     1.905    u_base_datapath/u_output_slice/u_requant/rounded_q[7][45]_i_85_n_0
    SLICE_X52Y122        CARRY8 (Prop_CARRY8_SLICEL_S[0]_CO[7])
                                                      0.278     2.183 r  u_base_datapath/u_output_slice/u_requant/rounded_q_reg[7][45]_i_51/CO[7]
                         net (fo=1, routed)           0.030     2.213    u_base_datapath/u_output_slice/u_requant/rounded_q_reg[7][45]_i_51_n_0
    SLICE_X52Y123        CARRY8 (Prop_CARRY8_SLICEL_CI_CO[7])
                                                      0.065     2.278 r  u_base_datapath/u_output_slice/u_requant/rounded_q_reg[7][45]_i_33/CO[7]
                         net (fo=1, routed)           0.030     2.308    u_base_datapath/u_output_slice/u_requant/rounded_q_reg[7][45]_i_33_n_0
    SLICE_X52Y124        CARRY8 (Prop_CARRY8_SLICEL_CI_CO[7])
                                                      0.065     2.373 r  u_base_datapath/u_output_slice/u_requant/rounded_q_reg[7][45]_i_12/CO[7]
                         net (fo=1, routed)           0.030     2.403    u_base_datapath/u_output_slice/u_requant/rounded_q_reg[7][45]_i_12_n_0
    SLICE_X52Y125        CARRY8 (Prop_CARRY8_SLICEL_CI_O[7])
                                                      0.171     2.574 r  u_base_datapath/u_output_slice/u_requant/rounded_q_reg[7][45]_i_2/O[7]
                         net (fo=4, routed)           0.803     3.377    u_base_datapath/u_output_slice/u_requant/rounded_q_reg[7][45]_i_2_n_8
    SLICE_X47Y126        LUT6 (Prop_G6LUT_SLICEL_I3_O)
                                                      0.151     3.528 r  u_base_datapath/u_output_slice/u_requant/rounded_q[7][16]_i_3/O
                         net (fo=2, routed)           0.176     3.704    u_base_datapath/u_output_slice/u_requant/rounded_q[7][16]_i_3_n_0
    SLICE_X48Y127        LUT6 (Prop_H6LUT_SLICEL_I5_O)
                                                      0.083     3.787 r  u_base_datapath/u_output_slice/u_requant/rounded_q[7][16]_i_2/O
                         net (fo=2, routed)           0.546     4.333    u_base_datapath/u_output_slice/u_requant/rounded_q[7][16]_i_2_n_0
    SLICE_X49Y128        LUT5 (Prop_D6LUT_SLICEL_I0_O)
                                                      0.081     4.414 r  u_base_datapath/u_output_slice/u_requant/rounded_q[7][16]_i_1/O
                         net (fo=1, routed)           0.067     4.481    u_base_datapath/u_output_slice/u_requant/rounded_q[7][16]_i_1_n_0
    SLICE_X49Y128        FDRE                                         r  u_base_datapath/u_output_slice/u_requant/rounded_q_reg[7][16]/D
  -------------------------------------------------------------------    -------------------

                         (clock clk rise edge)        5.000     5.000 r  
                                                      0.000     5.000 r  clk (IN)
                         net (fo=3453, unset)         0.029     5.029    u_base_datapath/u_output_slice/u_requant/clk
    SLICE_X49Y128        FDRE                                         r  u_base_datapath/u_output_slice/u_requant/rounded_q_reg[7][16]/C
                         clock pessimism              0.000     5.029    
                         clock uncertainty           -0.035     4.994    
    SLICE_X49Y128        FDRE (Setup_DFF_SLICEL_C_D)
                                                      0.044     5.038    u_base_datapath/u_output_slice/u_requant/rounded_q_reg[7][16]
  -------------------------------------------------------------------
                         required time                          5.038    
                         arrival time                          -4.481    
  -------------------------------------------------------------------
                         slack                                  0.557    

Slack (MET) :             0.582ns  (required time - arrival time)
  Source:                 u_base_datapath/u_output_slice/u_requant/right_shift_q_reg[7][2]/C
                            (rising edge-triggered cell FDRE clocked by clk  {rise@0.000ns fall@2.500ns period=5.000ns})
  Destination:            u_base_datapath/u_output_slice/u_requant/rounded_q_reg[7][0]/D
                            (rising edge-triggered cell FDRE clocked by clk  {rise@0.000ns fall@2.500ns period=5.000ns})
  Path Group:             clk
  Path Type:              Setup (Max at Slow Process Corner)
  Requirement:            5.000ns  (clk rise@5.000ns - clk rise@0.000ns)
  Data Path Delay:        4.414ns  (logic 1.207ns (27.346%)  route 3.207ns (72.654%))
  Logic Levels:           11  (CARRY8=5 LUT3=1 LUT5=2 LUT6=3)
  Clock Path Skew:        -0.013ns (DCD - SCD + CPR)
    Destination Clock Delay (DCD):    0.029ns = ( 5.029 - 5.000 ) 
    Source Clock Delay      (SCD):    0.042ns
    Clock Pessimism Removal (CPR):    0.000ns
  Clock Uncertainty:      0.035ns  ((TSJ^2 + TIJ^2)^1/2 + DJ) / 2 + PE
    Total System Jitter     (TSJ):    0.071ns
    Total Input Jitter      (TIJ):    0.000ns
    Discrete Jitter          (DJ):    0.000ns
    Phase Error              (PE):    0.000ns

    Location             Delay type                Incr(ns)  Path(ns)    Netlist Resource(s)
  -------------------------------------------------------------------    -------------------
                         (clock clk rise edge)        0.000     0.000 r  
                                                      0.000     0.000 r  clk (IN)
                         net (fo=3453, unset)         0.042     0.042    u_base_datapath/u_output_slice/u_requant/clk
    SLICE_X51Y126        FDRE                                         r  u_base_datapath/u_output_slice/u_requant/right_shift_q_reg[7][2]/C
  -------------------------------------------------------------------    -------------------
    SLICE_X51Y126        FDRE (Prop_EFF_SLICEL_C_Q)
                                                      0.114     0.156 r  u_base_datapath/u_output_slice/u_requant/right_shift_q_reg[7][2]/Q
                         net (fo=112, routed)         0.847     1.003    u_base_datapath/u_output_slice/u_requant/right_shift_q_reg[7]_114[2]
    SLICE_X48Y124        LUT3 (Prop_D5LUT_SLICEL_I0_O)
                                                      0.088     1.091 r  u_base_datapath/u_output_slice/u_requant/rounded_q[7][45]_i_32/O
                         net (fo=5, routed)           0.742     1.833    u_base_datapath/u_output_slice/u_requant/rounded_q[7][45]_i_32_n_0
    SLICE_X52Y122        LUT6 (Prop_A6LUT_SLICEL_I4_O)
                                                      0.058     1.891 r  u_base_datapath/u_output_slice/u_requant/rounded_q[7][45]_i_85/O
                         net (fo=1, routed)           0.014     1.905    u_base_datapath/u_output_slice/u_requant/rounded_q[7][45]_i_85_n_0
    SLICE_X52Y122        CARRY8 (Prop_CARRY8_SLICEL_S[0]_CO[7])
                                                      0.278     2.183 r  u_base_datapath/u_output_slice/u_requant/rounded_q_reg[7][45]_i_51/CO[7]
                         net (fo=1, routed)           0.030     2.213    u_base_datapath/u_output_slice/u_requant/rounded_q_reg[7][45]_i_51_n_0
    SLICE_X52Y123        CARRY8 (Prop_CARRY8_SLICEL_CI_CO[7])
                                                      0.065     2.278 r  u_base_datapath/u_output_slice/u_requant/rounded_q_reg[7][45]_i_33/CO[7]
                         net (fo=1, routed)           0.030     2.308    u_base_datapath/u_output_slice/u_requant/rounded_q_reg[7][45]_i_33_n_0
    SLICE_X52Y124        CARRY8 (Prop_CARRY8_SLICEL_CI_CO[7])
                                                      0.065     2.373 r  u_base_datapath/u_output_slice/u_requant/rounded_q_reg[7][45]_i_12/CO[7]
                         net (fo=1, routed)           0.030     2.403    u_base_datapath/u_output_slice/u_requant/rounded_q_reg[7][45]_i_12_n_0
    SLICE_X52Y125        CARRY8 (Prop_CARRY8_SLICEL_CI_CO[7])
                                                      0.065     2.468 r  u_base_datapath/u_output_slice/u_requant/rounded_q_reg[7][45]_i_2/CO[7]
                         net (fo=1, routed)           0.030     2.498    u_base_datapath/u_output_slice/u_requant/rounded_q_reg[7][45]_i_2_n_0
    SLICE_X52Y126        CARRY8 (Prop_CARRY8_SLICEL_CI_O[4])
                                                      0.127     2.625 r  u_base_datapath/u_output_slice/u_requant/rounded_q_reg[7][45]_i_1/O[4]
                         net (fo=53, routed)          0.806     3.430    u_base_datapath/u_output_slice/u_requant/rounded_q_reg[7][45]_i_1_n_11
    SLICE_X48Y125        LUT6 (Prop_C6LUT_SLICEL_I3_O)
                                                      0.056     3.486 r  u_base_datapath/u_output_slice/u_requant/rounded_q[7][2]_i_4/O
                         net (fo=1, routed)           0.104     3.590    u_base_datapath/u_output_slice/u_requant/rounded_q[7][2]_i_4_n_0
    SLICE_X48Y124        LUT5 (Prop_D6LUT_SLICEL_I4_O)
                                                      0.152     3.742 r  u_base_datapath/u_output_slice/u_requant/rounded_q[7][2]_i_3/O
                         net (fo=2, routed)           0.457     4.200    u_base_datapath/u_output_slice/u_requant/rounded_q[7][2]_i_3_n_0
    SLICE_X50Y124        LUT6 (Prop_F6LUT_SLICEL_I0_O)
                                                      0.081     4.281 r  u_base_datapath/u_output_slice/u_requant/rounded_q[7][0]_i_2/O
                         net (fo=1, routed)           0.047     4.328    u_base_datapath/u_output_slice/u_requant/rounded_q[7][0]_i_2_n_0
    SLICE_X50Y124        LUT5 (Prop_H6LUT_SLICEL_I0_O)
                                                      0.058     4.386 r  u_base_datapath/u_output_slice/u_requant/rounded_q[7][0]_i_1/O
                         net (fo=1, routed)           0.070     4.456    u_base_datapath/u_output_slice/u_requant/rounded_q[7][0]_i_1_n_0
    SLICE_X50Y124        FDRE                                         r  u_base_datapath/u_output_slice/u_requant/rounded_q_reg[7][0]/D
  -------------------------------------------------------------------    -------------------

                         (clock clk rise edge)        5.000     5.000 r  
                                                      0.000     5.000 r  clk (IN)
                         net (fo=3453, unset)         0.029     5.029    u_base_datapath/u_output_slice/u_requant/clk
    SLICE_X50Y124        FDRE                                         r  u_base_datapath/u_output_slice/u_requant/rounded_q_reg[7][0]/C
                         clock pessimism              0.000     5.029    
                         clock uncertainty           -0.035     4.994    
    SLICE_X50Y124        FDRE (Setup_HFF_SLICEL_C_D)
                                                      0.044     5.038    u_base_datapath/u_output_slice/u_requant/rounded_q_reg[7][0]
  -------------------------------------------------------------------
                         required time                          5.038    
                         arrival time                          -4.456    
  -------------------------------------------------------------------
                         slack                                  0.582    

Slack (MET) :             0.602ns  (required time - arrival time)
  Source:                 u_base_datapath/u_output_slice/u_requant/right_shift_q_reg[7][2]/C
                            (rising edge-triggered cell FDRE clocked by clk  {rise@0.000ns fall@2.500ns period=5.000ns})
  Destination:            u_base_datapath/u_output_slice/u_requant/rounded_q_reg[7][1]/D
                            (rising edge-triggered cell FDRE clocked by clk  {rise@0.000ns fall@2.500ns period=5.000ns})
  Path Group:             clk
  Path Type:              Setup (Max at Slow Process Corner)
  Requirement:            5.000ns  (clk rise@5.000ns - clk rise@0.000ns)
  Data Path Delay:        4.394ns  (logic 1.183ns (26.922%)  route 3.211ns (73.078%))
  Logic Levels:           11  (CARRY8=5 LUT3=1 LUT5=2 LUT6=3)
  Clock Path Skew:        -0.013ns (DCD - SCD + CPR)
    Destination Clock Delay (DCD):    0.029ns = ( 5.029 - 5.000 ) 
    Source Clock Delay      (SCD):    0.042ns
    Clock Pessimism Removal (CPR):    0.000ns
  Clock Uncertainty:      0.035ns  ((TSJ^2 + TIJ^2)^1/2 + DJ) / 2 + PE
    Total System Jitter     (TSJ):    0.071ns
    Total Input Jitter      (TIJ):    0.000ns
    Discrete Jitter          (DJ):    0.000ns
    Phase Error              (PE):    0.000ns

    Location             Delay type                Incr(ns)  Path(ns)    Netlist Resource(s)
  -------------------------------------------------------------------    -------------------
                         (clock clk rise edge)        0.000     0.000 r  
                                                      0.000     0.000 r  clk (IN)
                         net (fo=3453, unset)         0.042     0.042    u_base_datapath/u_output_slice/u_requant/clk
    SLICE_X51Y126        FDRE                                         r  u_base_datapath/u_output_slice/u_requant/right_shift_q_reg[7][2]/C
  -------------------------------------------------------------------    -------------------
    SLICE_X51Y126        FDRE (Prop_EFF_SLICEL_C_Q)
                                                      0.114     0.156 r  u_base_datapath/u_output_slice/u_requant/right_shift_q_reg[7][2]/Q
                         net (fo=112, routed)         0.847     1.003    u_base_datapath/u_output_slice/u_requant/right_shift_q_reg[7]_114[2]
    SLICE_X48Y124        LUT3 (Prop_D5LUT_SLICEL_I0_O)
                                                      0.088     1.091 r  u_base_datapath/u_output_slice/u_requant/rounded_q[7][45]_i_32/O
                         net (fo=5, routed)           0.742     1.833    u_base_datapath/u_output_slice/u_requant/rounded_q[7][45]_i_32_n_0
    SLICE_X52Y122        LUT6 (Prop_A6LUT_SLICEL_I4_O)
                                                      0.058     1.891 r  u_base_datapath/u_output_slice/u_requant/rounded_q[7][45]_i_85/O
                         net (fo=1, routed)           0.014     1.905    u_base_datapath/u_output_slice/u_requant/rounded_q[7][45]_i_85_n_0
    SLICE_X52Y122        CARRY8 (Prop_CARRY8_SLICEL_S[0]_CO[7])
                                                      0.278     2.183 r  u_base_datapath/u_output_slice/u_requant/rounded_q_reg[7][45]_i_51/CO[7]
                         net (fo=1, routed)           0.030     2.213    u_base_datapath/u_output_slice/u_requant/rounded_q_reg[7][45]_i_51_n_0
    SLICE_X52Y123        CARRY8 (Prop_CARRY8_SLICEL_CI_CO[7])
                                                      0.065     2.278 r  u_base_datapath/u_output_slice/u_requant/rounded_q_reg[7][45]_i_33/CO[7]
                         net (fo=1, routed)           0.030     2.308    u_base_datapath/u_output_slice/u_requant/rounded_q_reg[7][45]_i_33_n_0
    SLICE_X52Y124        CARRY8 (Prop_CARRY8_SLICEL_CI_CO[7])
                                                      0.065     2.373 r  u_base_datapath/u_output_slice/u_requant/rounded_q_reg[7][45]_i_12/CO[7]
                         net (fo=1, routed)           0.030     2.403    u_base_datapath/u_output_slice/u_requant/rounded_q_reg[7][45]_i_12_n_0
    SLICE_X52Y125        CARRY8 (Prop_CARRY8_SLICEL_CI_CO[7])
                                                      0.065     2.468 r  u_base_datapath/u_output_slice/u_requant/rounded_q_reg[7][45]_i_2/CO[7]
                         net (fo=1, routed)           0.030     2.498    u_base_datapath/u_output_slice/u_requant/rounded_q_reg[7][45]_i_2_n_0
    SLICE_X52Y126        CARRY8 (Prop_CARRY8_SLICEL_CI_O[4])
                                                      0.127     2.625 r  u_base_datapath/u_output_slice/u_requant/rounded_q_reg[7][45]_i_1/O[4]
                         net (fo=53, routed)          0.806     3.430    u_base_datapath/u_output_slice/u_requant/rounded_q_reg[7][45]_i_1_n_11
    SLICE_X48Y125        LUT6 (Prop_C6LUT_SLICEL_I3_O)
                                                      0.056     3.486 r  u_base_datapath/u_output_slice/u_requant/rounded_q[7][2]_i_4/O
                         net (fo=1, routed)           0.104     3.590    u_base_datapath/u_output_slice/u_requant/rounded_q[7][2]_i_4_n_0
    SLICE_X48Y124        LUT5 (Prop_D6LUT_SLICEL_I4_O)
                                                      0.152     3.742 r  u_base_datapath/u_output_slice/u_requant/rounded_q[7][2]_i_3/O
                         net (fo=2, routed)           0.103     3.845    u_base_datapath/u_output_slice/u_requant/rounded_q[7][2]_i_3_n_0
    SLICE_X48Y124        LUT6 (Prop_H6LUT_SLICEL_I5_O)
                                                      0.058     3.903 r  u_base_datapath/u_output_slice/u_requant/rounded_q[7][2]_i_2/O
                         net (fo=2, routed)           0.410     4.313    u_base_datapath/u_output_slice/u_requant/rounded_q[7][2]_i_2_n_0
    SLICE_X50Y124        LUT5 (Prop_G6LUT_SLICEL_I2_O)
                                                      0.057     4.370 r  u_base_datapath/u_output_slice/u_requant/rounded_q[7][1]_i_1/O
                         net (fo=1, routed)           0.066     4.436    u_base_datapath/u_output_slice/u_requant/rounded_q[7][1]_i_1_n_0
    SLICE_X50Y124        FDRE                                         r  u_base_datapath/u_output_slice/u_requant/rounded_q_reg[7][1]/D
  -------------------------------------------------------------------    -------------------

                         (clock clk rise edge)        5.000     5.000 r  
                                                      0.000     5.000 r  clk (IN)
                         net (fo=3453, unset)         0.029     5.029    u_base_datapath/u_output_slice/u_requant/clk
    SLICE_X50Y124        FDRE                                         r  u_base_datapath/u_output_slice/u_requant/rounded_q_reg[7][1]/C
                         clock pessimism              0.000     5.029    
                         clock uncertainty           -0.035     4.994    
    SLICE_X50Y124        FDRE (Setup_GFF_SLICEL_C_D)
                                                      0.044     5.038    u_base_datapath/u_output_slice/u_requant/rounded_q_reg[7][1]
  -------------------------------------------------------------------
                         required time                          5.038    
                         arrival time                          -4.436    
  -------------------------------------------------------------------
                         slack                                  0.602    

Slack (MET) :             0.606ns  (required time - arrival time)
  Source:                 u_base_datapath/u_output_slice/u_requant/right_shift_q_reg[7][2]/C
                            (rising edge-triggered cell FDRE clocked by clk  {rise@0.000ns fall@2.500ns period=5.000ns})
  Destination:            u_base_datapath/u_output_slice/u_requant/rounded_q_reg[7][5]/D
                            (rising edge-triggered cell FDRE clocked by clk  {rise@0.000ns fall@2.500ns period=5.000ns})
  Path Group:             clk
  Path Type:              Setup (Max at Slow Process Corner)
  Requirement:            5.000ns  (clk rise@5.000ns - clk rise@0.000ns)
  Data Path Delay:        4.390ns  (logic 1.266ns (28.841%)  route 3.124ns (71.159%))
  Logic Levels:           11  (CARRY8=5 LUT3=1 LUT5=3 LUT6=2)
  Clock Path Skew:        -0.013ns (DCD - SCD + CPR)
    Destination Clock Delay (DCD):    0.029ns = ( 5.029 - 5.000 ) 
    Source Clock Delay      (SCD):    0.042ns
    Clock Pessimism Removal (CPR):    0.000ns
  Clock Uncertainty:      0.035ns  ((TSJ^2 + TIJ^2)^1/2 + DJ) / 2 + PE
    Total System Jitter     (TSJ):    0.071ns
    Total Input Jitter      (TIJ):    0.000ns
    Discrete Jitter          (DJ):    0.000ns
    Phase Error              (PE):    0.000ns

    Location             Delay type                Incr(ns)  Path(ns)    Netlist Resource(s)
  -------------------------------------------------------------------    -------------------
                         (clock clk rise edge)        0.000     0.000 r  
                                                      0.000     0.000 r  clk (IN)
                         net (fo=3453, unset)         0.042     0.042    u_base_datapath/u_output_slice/u_requant/clk
    SLICE_X51Y126        FDRE                                         r  u_base_datapath/u_output_slice/u_requant/right_shift_q_reg[7][2]/C
  -------------------------------------------------------------------    -------------------
    SLICE_X51Y126        FDRE (Prop_EFF_SLICEL_C_Q)
                                                      0.114     0.156 r  u_base_datapath/u_output_slice/u_requant/right_shift_q_reg[7][2]/Q
                         net (fo=112, routed)         0.847     1.003    u_base_datapath/u_output_slice/u_requant/right_shift_q_reg[7]_114[2]
    SLICE_X48Y124        LUT3 (Prop_D5LUT_SLICEL_I0_O)
                                                      0.088     1.091 r  u_base_datapath/u_output_slice/u_requant/rounded_q[7][45]_i_32/O
                         net (fo=5, routed)           0.742     1.833    u_base_datapath/u_output_slice/u_requant/rounded_q[7][45]_i_32_n_0
    SLICE_X52Y122        LUT6 (Prop_A6LUT_SLICEL_I4_O)
                                                      0.058     1.891 r  u_base_datapath/u_output_slice/u_requant/rounded_q[7][45]_i_85/O
                         net (fo=1, routed)           0.014     1.905    u_base_datapath/u_output_slice/u_requant/rounded_q[7][45]_i_85_n_0
    SLICE_X52Y122        CARRY8 (Prop_CARRY8_SLICEL_S[0]_CO[7])
                                                      0.278     2.183 r  u_base_datapath/u_output_slice/u_requant/rounded_q_reg[7][45]_i_51/CO[7]
                         net (fo=1, routed)           0.030     2.213    u_base_datapath/u_output_slice/u_requant/rounded_q_reg[7][45]_i_51_n_0
    SLICE_X52Y123        CARRY8 (Prop_CARRY8_SLICEL_CI_CO[7])
                                                      0.065     2.278 r  u_base_datapath/u_output_slice/u_requant/rounded_q_reg[7][45]_i_33/CO[7]
                         net (fo=1, routed)           0.030     2.308    u_base_datapath/u_output_slice/u_requant/rounded_q_reg[7][45]_i_33_n_0
    SLICE_X52Y124        CARRY8 (Prop_CARRY8_SLICEL_CI_CO[7])
                                                      0.065     2.373 r  u_base_datapath/u_output_slice/u_requant/rounded_q_reg[7][45]_i_12/CO[7]
                         net (fo=1, routed)           0.030     2.403    u_base_datapath/u_output_slice/u_requant/rounded_q_reg[7][45]_i_12_n_0
    SLICE_X52Y125        CARRY8 (Prop_CARRY8_SLICEL_CI_CO[7])
                                                      0.065     2.468 r  u_base_datapath/u_output_slice/u_requant/rounded_q_reg[7][45]_i_2/CO[7]
                         net (fo=1, routed)           0.030     2.498    u_base_datapath/u_output_slice/u_requant/rounded_q_reg[7][45]_i_2_n_0
    SLICE_X52Y126        CARRY8 (Prop_CARRY8_SLICEL_CI_O[4])
                                                      0.127     2.625 r  u_base_datapath/u_output_slice/u_requant/rounded_q_reg[7][45]_i_1/O[4]
                         net (fo=53, routed)          0.703     3.327    u_base_datapath/u_output_slice/u_requant/rounded_q_reg[7][45]_i_1_n_11
    SLICE_X48Y126        LUT5 (Prop_C6LUT_SLICEL_I2_O)
                                                      0.187     3.514 r  u_base_datapath/u_output_slice/u_requant/rounded_q[7][10]_i_4/O
                         net (fo=2, routed)           0.118     3.633    u_base_datapath/u_output_slice/u_requant/rounded_q[7][10]_i_4_n_0
    SLICE_X48Y125        LUT5 (Prop_F6LUT_SLICEL_I0_O)
                                                      0.081     3.714 r  u_base_datapath/u_output_slice/u_requant/rounded_q[7][6]_i_3/O
                         net (fo=2, routed)           0.050     3.764    u_base_datapath/u_output_slice/u_requant/rounded_q[7][6]_i_3_n_0
    SLICE_X48Y125        LUT6 (Prop_G6LUT_SLICEL_I5_O)
                                                      0.082     3.846 r  u_base_datapath/u_output_slice/u_requant/rounded_q[7][6]_i_2/O
                         net (fo=2, routed)           0.460     4.307    u_base_datapath/u_output_slice/u_requant/rounded_q[7][6]_i_2_n_0
    SLICE_X49Y125        LUT5 (Prop_F6LUT_SLICEL_I2_O)
                                                      0.056     4.363 r  u_base_datapath/u_output_slice/u_requant/rounded_q[7][5]_i_1/O
                         net (fo=1, routed)           0.069     4.432    u_base_datapath/u_output_slice/u_requant/rounded_q[7][5]_i_1_n_0
    SLICE_X49Y125        FDRE                                         r  u_base_datapath/u_output_slice/u_requant/rounded_q_reg[7][5]/D
  -------------------------------------------------------------------    -------------------

                         (clock clk rise edge)        5.000     5.000 r  
                                                      0.000     5.000 r  clk (IN)
                         net (fo=3453, unset)         0.029     5.029    u_base_datapath/u_output_slice/u_requant/clk
    SLICE_X49Y125        FDRE                                         r  u_base_datapath/u_output_slice/u_requant/rounded_q_reg[7][5]/C
                         clock pessimism              0.000     5.029    
                         clock uncertainty           -0.035     4.994    
    SLICE_X49Y125        FDRE (Setup_FFF_SLICEL_C_D)
                                                      0.044     5.038    u_base_datapath/u_output_slice/u_requant/rounded_q_reg[7][5]
  -------------------------------------------------------------------
                         required time                          5.038    
                         arrival time                          -4.432    
  -------------------------------------------------------------------
                         slack                                  0.606    

Slack (MET) :             0.607ns  (required time - arrival time)
  Source:                 u_base_datapath/u_output_slice/u_requant/right_shift_q_reg[7][2]/C
                            (rising edge-triggered cell FDRE clocked by clk  {rise@0.000ns fall@2.500ns period=5.000ns})
  Destination:            u_base_datapath/u_output_slice/u_requant/rounded_q_reg[7][14]/D
                            (rising edge-triggered cell FDRE clocked by clk  {rise@0.000ns fall@2.500ns period=5.000ns})
  Path Group:             clk
  Path Type:              Setup (Max at Slow Process Corner)
  Requirement:            5.000ns  (clk rise@5.000ns - clk rise@0.000ns)
  Data Path Delay:        4.388ns  (logic 1.130ns (25.750%)  route 3.258ns (74.250%))
  Logic Levels:           9  (CARRY8=4 LUT3=1 LUT4=1 LUT5=1 LUT6=2)
  Clock Path Skew:        -0.013ns (DCD - SCD + CPR)
    Destination Clock Delay (DCD):    0.029ns = ( 5.029 - 5.000 ) 
    Source Clock Delay      (SCD):    0.042ns
    Clock Pessimism Removal (CPR):    0.000ns
  Clock Uncertainty:      0.035ns  ((TSJ^2 + TIJ^2)^1/2 + DJ) / 2 + PE
    Total System Jitter     (TSJ):    0.071ns
    Total Input Jitter      (TIJ):    0.000ns
    Discrete Jitter          (DJ):    0.000ns
    Phase Error              (PE):    0.000ns

    Location             Delay type                Incr(ns)  Path(ns)    Netlist Resource(s)
  -------------------------------------------------------------------    -------------------
                         (clock clk rise edge)        0.000     0.000 r  
                                                      0.000     0.000 r  clk (IN)
                         net (fo=3453, unset)         0.042     0.042    u_base_datapath/u_output_slice/u_requant/clk
    SLICE_X51Y126        FDRE                                         r  u_base_datapath/u_output_slice/u_requant/right_shift_q_reg[7][2]/C
  -------------------------------------------------------------------    -------------------
    SLICE_X51Y126        FDRE (Prop_EFF_SLICEL_C_Q)
                                                      0.114     0.156 r  u_base_datapath/u_output_slice/u_requant/right_shift_q_reg[7][2]/Q
                         net (fo=112, routed)         0.847     1.003    u_base_datapath/u_output_slice/u_requant/right_shift_q_reg[7]_114[2]
    SLICE_X48Y124        LUT3 (Prop_D5LUT_SLICEL_I0_O)
                                                      0.088     1.091 r  u_base_datapath/u_output_slice/u_requant/rounded_q[7][45]_i_32/O
                         net (fo=5, routed)           0.742     1.833    u_base_datapath/u_output_slice/u_requant/rounded_q[7][45]_i_32_n_0
    SLICE_X52Y122        LUT6 (Prop_A6LUT_SLICEL_I4_O)
                                                      0.058     1.891 r  u_base_datapath/u_output_slice/u_requant/rounded_q[7][45]_i_85/O
                         net (fo=1, routed)           0.014     1.905    u_base_datapath/u_output_slice/u_requant/rounded_q[7][45]_i_85_n_0
    SLICE_X52Y122        CARRY8 (Prop_CARRY8_SLICEL_S[0]_CO[7])
                                                      0.278     2.183 r  u_base_datapath/u_output_slice/u_requant/rounded_q_reg[7][45]_i_51/CO[7]
                         net (fo=1, routed)           0.030     2.213    u_base_datapath/u_output_slice/u_requant/rounded_q_reg[7][45]_i_51_n_0
    SLICE_X52Y123        CARRY8 (Prop_CARRY8_SLICEL_CI_CO[7])
                                                      0.065     2.278 r  u_base_datapath/u_output_slice/u_requant/rounded_q_reg[7][45]_i_33/CO[7]
                         net (fo=1, routed)           0.030     2.308    u_base_datapath/u_output_slice/u_requant/rounded_q_reg[7][45]_i_33_n_0
    SLICE_X52Y124        CARRY8 (Prop_CARRY8_SLICEL_CI_CO[7])
                                                      0.065     2.373 r  u_base_datapath/u_output_slice/u_requant/rounded_q_reg[7][45]_i_12/CO[7]
                         net (fo=1, routed)           0.030     2.403    u_base_datapath/u_output_slice/u_requant/rounded_q_reg[7][45]_i_12_n_0
    SLICE_X52Y125        CARRY8 (Prop_CARRY8_SLICEL_CI_O[7])
                                                      0.171     2.574 r  u_base_datapath/u_output_slice/u_requant/rounded_q_reg[7][45]_i_2/O[7]
                         net (fo=4, routed)           0.803     3.377    u_base_datapath/u_output_slice/u_requant/rounded_q_reg[7][45]_i_2_n_8
    SLICE_X47Y126        LUT6 (Prop_G6LUT_SLICEL_I3_O)
                                                      0.151     3.528 r  u_base_datapath/u_output_slice/u_requant/rounded_q[7][16]_i_3/O
                         net (fo=2, routed)           0.176     3.704    u_base_datapath/u_output_slice/u_requant/rounded_q[7][16]_i_3_n_0
    SLICE_X48Y127        LUT4 (Prop_G6LUT_SLICEL_I0_O)
                                                      0.082     3.786 r  u_base_datapath/u_output_slice/u_requant/rounded_q[7][14]_i_2/O
                         net (fo=2, routed)           0.520     4.305    u_base_datapath/u_output_slice/u_requant/rounded_q[7][14]_i_2_n_0
    SLICE_X49Y127        LUT5 (Prop_B6LUT_SLICEL_I0_O)
                                                      0.058     4.363 r  u_base_datapath/u_output_slice/u_requant/rounded_q[7][14]_i_1/O
                         net (fo=1, routed)           0.067     4.430    u_base_datapath/u_output_slice/u_requant/rounded_q[7][14]_i_1_n_0
    SLICE_X49Y127        FDRE                                         r  u_base_datapath/u_output_slice/u_requant/rounded_q_reg[7][14]/D
  -------------------------------------------------------------------    -------------------

                         (clock clk rise edge)        5.000     5.000 r  
                                                      0.000     5.000 r  clk (IN)
                         net (fo=3453, unset)         0.029     5.029    u_base_datapath/u_output_slice/u_requant/clk
    SLICE_X49Y127        FDRE                                         r  u_base_datapath/u_output_slice/u_requant/rounded_q_reg[7][14]/C
                         clock pessimism              0.000     5.029    
                         clock uncertainty           -0.035     4.994    
    SLICE_X49Y127        FDRE (Setup_BFF_SLICEL_C_D)
                                                      0.044     5.038    u_base_datapath/u_output_slice/u_requant/rounded_q_reg[7][14]
  -------------------------------------------------------------------
                         required time                          5.038    
                         arrival time                          -4.430    
  -------------------------------------------------------------------
                         slack                                  0.607    

Slack (MET) :             0.642ns  (required time - arrival time)
  Source:                 u_base_datapath/u_output_slice/u_requant/right_shift_q_reg[7][2]/C
                            (rising edge-triggered cell FDRE clocked by clk  {rise@0.000ns fall@2.500ns period=5.000ns})
  Destination:            u_base_datapath/u_output_slice/u_requant/rounded_q_reg[7][13]/D
                            (rising edge-triggered cell FDRE clocked by clk  {rise@0.000ns fall@2.500ns period=5.000ns})
  Path Group:             clk
  Path Type:              Setup (Max at Slow Process Corner)
  Requirement:            5.000ns  (clk rise@5.000ns - clk rise@0.000ns)
  Data Path Delay:        4.353ns  (logic 1.208ns (27.749%)  route 3.145ns (72.251%))
  Logic Levels:           9  (CARRY8=4 LUT3=1 LUT4=1 LUT5=1 LUT6=2)
  Clock Path Skew:        -0.013ns (DCD - SCD + CPR)
    Destination Clock Delay (DCD):    0.029ns = ( 5.029 - 5.000 ) 
    Source Clock Delay      (SCD):    0.042ns
    Clock Pessimism Removal (CPR):    0.000ns
  Clock Uncertainty:      0.035ns  ((TSJ^2 + TIJ^2)^1/2 + DJ) / 2 + PE
    Total System Jitter     (TSJ):    0.071ns
    Total Input Jitter      (TIJ):    0.000ns
    Discrete Jitter          (DJ):    0.000ns
    Phase Error              (PE):    0.000ns

    Location             Delay type                Incr(ns)  Path(ns)    Netlist Resource(s)
  -------------------------------------------------------------------    -------------------
                         (clock clk rise edge)        0.000     0.000 r  
                                                      0.000     0.000 r  clk (IN)
                         net (fo=3453, unset)         0.042     0.042    u_base_datapath/u_output_slice/u_requant/clk
    SLICE_X51Y126        FDRE                                         r  u_base_datapath/u_output_slice/u_requant/right_shift_q_reg[7][2]/C
  -------------------------------------------------------------------    -------------------
    SLICE_X51Y126        FDRE (Prop_EFF_SLICEL_C_Q)
                                                      0.114     0.156 r  u_base_datapath/u_output_slice/u_requant/right_shift_q_reg[7][2]/Q
                         net (fo=112, routed)         0.847     1.003    u_base_datapath/u_output_slice/u_requant/right_shift_q_reg[7]_114[2]
    SLICE_X48Y124        LUT3 (Prop_D5LUT_SLICEL_I0_O)
                                                      0.088     1.091 r  u_base_datapath/u_output_slice/u_requant/rounded_q[7][45]_i_32/O
                         net (fo=5, routed)           0.742     1.833    u_base_datapath/u_output_slice/u_requant/rounded_q[7][45]_i_32_n_0
    SLICE_X52Y122        LUT6 (Prop_A6LUT_SLICEL_I4_O)
                                                      0.058     1.891 r  u_base_datapath/u_output_slice/u_requant/rounded_q[7][45]_i_85/O
                         net (fo=1, routed)           0.014     1.905    u_base_datapath/u_output_slice/u_requant/rounded_q[7][45]_i_85_n_0
    SLICE_X52Y122        CARRY8 (Prop_CARRY8_SLICEL_S[0]_CO[7])
                                                      0.278     2.183 r  u_base_datapath/u_output_slice/u_requant/rounded_q_reg[7][45]_i_51/CO[7]
                         net (fo=1, routed)           0.030     2.213    u_base_datapath/u_output_slice/u_requant/rounded_q_reg[7][45]_i_51_n_0
    SLICE_X52Y123        CARRY8 (Prop_CARRY8_SLICEL_CI_CO[7])
                                                      0.065     2.278 r  u_base_datapath/u_output_slice/u_requant/rounded_q_reg[7][45]_i_33/CO[7]
                         net (fo=1, routed)           0.030     2.308    u_base_datapath/u_output_slice/u_requant/rounded_q_reg[7][45]_i_33_n_0
    SLICE_X52Y124        CARRY8 (Prop_CARRY8_SLICEL_CI_CO[7])
                                                      0.065     2.373 r  u_base_datapath/u_output_slice/u_requant/rounded_q_reg[7][45]_i_12/CO[7]
                         net (fo=1, routed)           0.030     2.403    u_base_datapath/u_output_slice/u_requant/rounded_q_reg[7][45]_i_12_n_0
    SLICE_X52Y125        CARRY8 (Prop_CARRY8_SLICEL_CI_O[7])
                                                      0.171     2.574 r  u_base_datapath/u_output_slice/u_requant/rounded_q_reg[7][45]_i_2/O[7]
                         net (fo=4, routed)           0.803     3.377    u_base_datapath/u_output_slice/u_requant/rounded_q_reg[7][45]_i_2_n_8
    SLICE_X47Y126        LUT6 (Prop_G6LUT_SLICEL_I3_O)
                                                      0.151     3.528 r  u_base_datapath/u_output_slice/u_requant/rounded_q[7][16]_i_3/O
                         net (fo=2, routed)           0.176     3.704    u_base_datapath/u_output_slice/u_requant/rounded_q[7][16]_i_3_n_0
    SLICE_X48Y127        LUT4 (Prop_G6LUT_SLICEL_I0_O)
                                                      0.082     3.786 r  u_base_datapath/u_output_slice/u_requant/rounded_q[7][14]_i_2/O
                         net (fo=2, routed)           0.405     4.190    u_base_datapath/u_output_slice/u_requant/rounded_q[7][14]_i_2_n_0
    SLICE_X49Y127        LUT5 (Prop_C6LUT_SLICEL_I2_O)
                                                      0.136     4.326 r  u_base_datapath/u_output_slice/u_requant/rounded_q[7][13]_i_1/O
                         net (fo=1, routed)           0.069     4.395    u_base_datapath/u_output_slice/u_requant/rounded_q[7][13]_i_1_n_0
    SLICE_X49Y127        FDRE                                         r  u_base_datapath/u_output_slice/u_requant/rounded_q_reg[7][13]/D
  -------------------------------------------------------------------    -------------------

                         (clock clk rise edge)        5.000     5.000 r  
                                                      0.000     5.000 r  clk (IN)
                         net (fo=3453, unset)         0.029     5.029    u_base_datapath/u_output_slice/u_requant/clk
    SLICE_X49Y127        FDRE                                         r  u_base_datapath/u_output_slice/u_requant/rounded_q_reg[7][13]/C
                         clock pessimism              0.000     5.029    
                         clock uncertainty           -0.035     4.994    
    SLICE_X49Y127        FDRE (Setup_CFF_SLICEL_C_D)
                                                      0.044     5.038    u_base_datapath/u_output_slice/u_requant/rounded_q_reg[7][13]
  -------------------------------------------------------------------
                         required time                          5.038    
                         arrival time                          -4.395    
  -------------------------------------------------------------------
                         slack                                  0.642    

Slack (MET) :             0.660ns  (required time - arrival time)
  Source:                 u_base_datapath/u_output_slice/u_requant/right_shift_q_reg[7][2]/C
                            (rising edge-triggered cell FDRE clocked by clk  {rise@0.000ns fall@2.500ns period=5.000ns})
  Destination:            u_base_datapath/u_output_slice/u_requant/rounded_q_reg[7][17]/D
                            (rising edge-triggered cell FDRE clocked by clk  {rise@0.000ns fall@2.500ns period=5.000ns})
  Path Group:             clk
  Path Type:              Setup (Max at Slow Process Corner)
  Requirement:            5.000ns  (clk rise@5.000ns - clk rise@0.000ns)
  Data Path Delay:        4.335ns  (logic 1.163ns (26.827%)  route 3.172ns (73.173%))
  Logic Levels:           10  (CARRY8=5 LUT3=1 LUT4=1 LUT5=1 LUT6=2)
  Clock Path Skew:        -0.013ns (DCD - SCD + CPR)
    Destination Clock Delay (DCD):    0.029ns = ( 5.029 - 5.000 ) 
    Source Clock Delay      (SCD):    0.042ns
    Clock Pessimism Removal (CPR):    0.000ns
  Clock Uncertainty:      0.035ns  ((TSJ^2 + TIJ^2)^1/2 + DJ) / 2 + PE
    Total System Jitter     (TSJ):    0.071ns
    Total Input Jitter      (TIJ):    0.000ns
    Discrete Jitter          (DJ):    0.000ns
    Phase Error              (PE):    0.000ns

    Location             Delay type                Incr(ns)  Path(ns)    Netlist Resource(s)
  -------------------------------------------------------------------    -------------------
                         (clock clk rise edge)        0.000     0.000 r  
                                                      0.000     0.000 r  clk (IN)
                         net (fo=3453, unset)         0.042     0.042    u_base_datapath/u_output_slice/u_requant/clk
    SLICE_X51Y126        FDRE                                         r  u_base_datapath/u_output_slice/u_requant/right_shift_q_reg[7][2]/C
  -------------------------------------------------------------------    -------------------
    SLICE_X51Y126        FDRE (Prop_EFF_SLICEL_C_Q)
                                                      0.114     0.156 r  u_base_datapath/u_output_slice/u_requant/right_shift_q_reg[7][2]/Q
                         net (fo=112, routed)         0.847     1.003    u_base_datapath/u_output_slice/u_requant/right_shift_q_reg[7]_114[2]
    SLICE_X48Y124        LUT3 (Prop_D5LUT_SLICEL_I0_O)
                                                      0.088     1.091 r  u_base_datapath/u_output_slice/u_requant/rounded_q[7][45]_i_32/O
                         net (fo=5, routed)           0.742     1.833    u_base_datapath/u_output_slice/u_requant/rounded_q[7][45]_i_32_n_0
    SLICE_X52Y122        LUT6 (Prop_A6LUT_SLICEL_I4_O)
                                                      0.058     1.891 r  u_base_datapath/u_output_slice/u_requant/rounded_q[7][45]_i_85/O
                         net (fo=1, routed)           0.014     1.905    u_base_datapath/u_output_slice/u_requant/rounded_q[7][45]_i_85_n_0
    SLICE_X52Y122        CARRY8 (Prop_CARRY8_SLICEL_S[0]_CO[7])
                                                      0.278     2.183 r  u_base_datapath/u_output_slice/u_requant/rounded_q_reg[7][45]_i_51/CO[7]
                         net (fo=1, routed)           0.030     2.213    u_base_datapath/u_output_slice/u_requant/rounded_q_reg[7][45]_i_51_n_0
    SLICE_X52Y123        CARRY8 (Prop_CARRY8_SLICEL_CI_CO[7])
                                                      0.065     2.278 r  u_base_datapath/u_output_slice/u_requant/rounded_q_reg[7][45]_i_33/CO[7]
                         net (fo=1, routed)           0.030     2.308    u_base_datapath/u_output_slice/u_requant/rounded_q_reg[7][45]_i_33_n_0
    SLICE_X52Y124        CARRY8 (Prop_CARRY8_SLICEL_CI_CO[7])
                                                      0.065     2.373 r  u_base_datapath/u_output_slice/u_requant/rounded_q_reg[7][45]_i_12/CO[7]
                         net (fo=1, routed)           0.030     2.403    u_base_datapath/u_output_slice/u_requant/rounded_q_reg[7][45]_i_12_n_0
    SLICE_X52Y125        CARRY8 (Prop_CARRY8_SLICEL_CI_CO[7])
                                                      0.065     2.468 r  u_base_datapath/u_output_slice/u_requant/rounded_q_reg[7][45]_i_2/CO[7]
                         net (fo=1, routed)           0.030     2.498    u_base_datapath/u_output_slice/u_requant/rounded_q_reg[7][45]_i_2_n_0
    SLICE_X52Y126        CARRY8 (Prop_CARRY8_SLICEL_CI_O[4])
                                                      0.127     2.625 r  u_base_datapath/u_output_slice/u_requant/rounded_q_reg[7][45]_i_1/O[4]
                         net (fo=53, routed)          0.703     3.327    u_base_datapath/u_output_slice/u_requant/rounded_q_reg[7][45]_i_1_n_11
    SLICE_X48Y126        LUT4 (Prop_C5LUT_SLICEL_I3_O)
                                                      0.190     3.517 r  u_base_datapath/u_output_slice/u_requant/rounded_q[7][18]_i_3/O
                         net (fo=2, routed)           0.189     3.706    u_base_datapath/u_output_slice/u_requant/rounded_q[7][18]_i_3_n_0
    SLICE_X47Y127        LUT6 (Prop_G6LUT_SLICEL_I5_O)
                                                      0.057     3.763 r  u_base_datapath/u_output_slice/u_requant/rounded_q[7][18]_i_2/O
                         net (fo=2, routed)           0.489     4.252    u_base_datapath/u_output_slice/u_requant/rounded_q[7][18]_i_2_n_0
    SLICE_X49Y128        LUT5 (Prop_C6LUT_SLICEL_I2_O)
                                                      0.056     4.308 r  u_base_datapath/u_output_slice/u_requant/rounded_q[7][17]_i_1/O
                         net (fo=1, routed)           0.069     4.377    u_base_datapath/u_output_slice/u_requant/rounded_q[7][17]_i_1_n_0
    SLICE_X49Y128        FDRE                                         r  u_base_datapath/u_output_slice/u_requant/rounded_q_reg[7][17]/D
  -------------------------------------------------------------------    -------------------

                         (clock clk rise edge)        5.000     5.000 r  
                                                      0.000     5.000 r  clk (IN)
                         net (fo=3453, unset)         0.029     5.029    u_base_datapath/u_output_slice/u_requant/clk
    SLICE_X49Y128        FDRE                                         r  u_base_datapath/u_output_slice/u_requant/rounded_q_reg[7][17]/C
                         clock pessimism              0.000     5.029    
                         clock uncertainty           -0.035     4.994    
    SLICE_X49Y128        FDRE (Setup_CFF_SLICEL_C_D)
                                                      0.044     5.038    u_base_datapath/u_output_slice/u_requant/rounded_q_reg[7][17]
  -------------------------------------------------------------------
                         required time                          5.038    
                         arrival time                          -4.377    
  -------------------------------------------------------------------
                         slack                                  0.660    

Slack (MET) :             0.680ns  (required time - arrival time)
  Source:                 u_base_datapath/u_output_slice/u_requant/right_shift_q_reg[7][2]/C
                            (rising edge-triggered cell FDRE clocked by clk  {rise@0.000ns fall@2.500ns period=5.000ns})
  Destination:            u_base_datapath/u_output_slice/u_requant/rounded_q_reg[7][4]/D
                            (rising edge-triggered cell FDRE clocked by clk  {rise@0.000ns fall@2.500ns period=5.000ns})
  Path Group:             clk
  Path Type:              Setup (Max at Slow Process Corner)
  Requirement:            5.000ns  (clk rise@5.000ns - clk rise@0.000ns)
  Data Path Delay:        4.315ns  (logic 1.344ns (31.145%)  route 2.971ns (68.855%))
  Logic Levels:           11  (CARRY8=5 LUT3=1 LUT5=3 LUT6=2)
  Clock Path Skew:        -0.013ns (DCD - SCD + CPR)
    Destination Clock Delay (DCD):    0.029ns = ( 5.029 - 5.000 ) 
    Source Clock Delay      (SCD):    0.042ns
    Clock Pessimism Removal (CPR):    0.000ns
  Clock Uncertainty:      0.035ns  ((TSJ^2 + TIJ^2)^1/2 + DJ) / 2 + PE
    Total System Jitter     (TSJ):    0.071ns
    Total Input Jitter      (TIJ):    0.000ns
    Discrete Jitter          (DJ):    0.000ns
    Phase Error              (PE):    0.000ns

    Location             Delay type                Incr(ns)  Path(ns)    Netlist Resource(s)
  -------------------------------------------------------------------    -------------------
                         (clock clk rise edge)        0.000     0.000 r  
                                                      0.000     0.000 r  clk (IN)
                         net (fo=3453, unset)         0.042     0.042    u_base_datapath/u_output_slice/u_requant/clk
    SLICE_X51Y126        FDRE                                         r  u_base_datapath/u_output_slice/u_requant/right_shift_q_reg[7][2]/C
  -------------------------------------------------------------------    -------------------
    SLICE_X51Y126        FDRE (Prop_EFF_SLICEL_C_Q)
                                                      0.114     0.156 r  u_base_datapath/u_output_slice/u_requant/right_shift_q_reg[7][2]/Q
                         net (fo=112, routed)         0.847     1.003    u_base_datapath/u_output_slice/u_requant/right_shift_q_reg[7]_114[2]
    SLICE_X48Y124        LUT3 (Prop_D5LUT_SLICEL_I0_O)
                                                      0.088     1.091 r  u_base_datapath/u_output_slice/u_requant/rounded_q[7][45]_i_32/O
                         net (fo=5, routed)           0.742     1.833    u_base_datapath/u_output_slice/u_requant/rounded_q[7][45]_i_32_n_0
    SLICE_X52Y122        LUT6 (Prop_A6LUT_SLICEL_I4_O)
                                                      0.058     1.891 r  u_base_datapath/u_output_slice/u_requant/rounded_q[7][45]_i_85/O
                         net (fo=1, routed)           0.014     1.905    u_base_datapath/u_output_slice/u_requant/rounded_q[7][45]_i_85_n_0
    SLICE_X52Y122        CARRY8 (Prop_CARRY8_SLICEL_S[0]_CO[7])
                                                      0.278     2.183 r  u_base_datapath/u_output_slice/u_requant/rounded_q_reg[7][45]_i_51/CO[7]
                         net (fo=1, routed)           0.030     2.213    u_base_datapath/u_output_slice/u_requant/rounded_q_reg[7][45]_i_51_n_0
    SLICE_X52Y123        CARRY8 (Prop_CARRY8_SLICEL_CI_CO[7])
                                                      0.065     2.278 r  u_base_datapath/u_output_slice/u_requant/rounded_q_reg[7][45]_i_33/CO[7]
                         net (fo=1, routed)           0.030     2.308    u_base_datapath/u_output_slice/u_requant/rounded_q_reg[7][45]_i_33_n_0
    SLICE_X52Y124        CARRY8 (Prop_CARRY8_SLICEL_CI_CO[7])
                                                      0.065     2.373 r  u_base_datapath/u_output_slice/u_requant/rounded_q_reg[7][45]_i_12/CO[7]
                         net (fo=1, routed)           0.030     2.403    u_base_datapath/u_output_slice/u_requant/rounded_q_reg[7][45]_i_12_n_0
    SLICE_X52Y125        CARRY8 (Prop_CARRY8_SLICEL_CI_CO[7])
                                                      0.065     2.468 r  u_base_datapath/u_output_slice/u_requant/rounded_q_reg[7][45]_i_2/CO[7]
                         net (fo=1, routed)           0.030     2.498    u_base_datapath/u_output_slice/u_requant/rounded_q_reg[7][45]_i_2_n_0
    SLICE_X52Y126        CARRY8 (Prop_CARRY8_SLICEL_CI_O[4])
                                                      0.127     2.625 r  u_base_datapath/u_output_slice/u_requant/rounded_q_reg[7][45]_i_1/O[4]
                         net (fo=53, routed)          0.350     2.975    u_base_datapath/u_output_slice/u_requant/rounded_q_reg[7][45]_i_1_n_11
    SLICE_X51Y125        LUT5 (Prop_D5LUT_SLICEL_I2_O)
                                                      0.152     3.127 r  u_base_datapath/u_output_slice/u_requant/rounded_q[7][9]_i_4/O
                         net (fo=2, routed)           0.197     3.324    u_base_datapath/u_output_slice/u_requant/rounded_q[7][9]_i_4_n_0
    SLICE_X51Y125        LUT5 (Prop_C5LUT_SLICEL_I0_O)
                                                      0.219     3.543 r  u_base_datapath/u_output_slice/u_requant/rounded_q[7][5]_i_3/O
                         net (fo=2, routed)           0.137     3.680    u_base_datapath/u_output_slice/u_requant/rounded_q[7][5]_i_3_n_0
    SLICE_X50Y126        LUT6 (Prop_C6LUT_SLICEL_I5_O)
                                                      0.056     3.736 r  u_base_datapath/u_output_slice/u_requant/rounded_q[7][5]_i_2/O
                         net (fo=2, routed)           0.497     4.233    u_base_datapath/u_output_slice/u_requant/rounded_q[7][5]_i_2_n_0
    SLICE_X48Y125        LUT5 (Prop_D6LUT_SLICEL_I2_O)
                                                      0.057     4.290 r  u_base_datapath/u_output_slice/u_requant/rounded_q[7][4]_i_1/O
                         net (fo=1, routed)           0.067     4.357    u_base_datapath/u_output_slice/u_requant/rounded_q[7][4]_i_1_n_0
    SLICE_X48Y125        FDRE                                         r  u_base_datapath/u_output_slice/u_requant/rounded_q_reg[7][4]/D
  -------------------------------------------------------------------    -------------------

                         (clock clk rise edge)        5.000     5.000 r  
                                                      0.000     5.000 r  clk (IN)
                         net (fo=3453, unset)         0.029     5.029    u_base_datapath/u_output_slice/u_requant/clk
    SLICE_X48Y125        FDRE                                         r  u_base_datapath/u_output_slice/u_requant/rounded_q_reg[7][4]/C
                         clock pessimism              0.000     5.029    
                         clock uncertainty           -0.035     4.994    
    SLICE_X48Y125        FDRE (Setup_DFF_SLICEL_C_D)
                                                      0.044     5.038    u_base_datapath/u_output_slice/u_requant/rounded_q_reg[7][4]
  -------------------------------------------------------------------
                         required time                          5.038    
                         arrival time                          -4.357    
  -------------------------------------------------------------------
                         slack                                  0.680    

Slack (MET) :             0.693ns  (required time - arrival time)
  Source:                 u_base_datapath/u_output_slice/u_requant/right_shift_q_reg[7][2]/C
                            (rising edge-triggered cell FDRE clocked by clk  {rise@0.000ns fall@2.500ns period=5.000ns})
  Destination:            u_base_datapath/u_output_slice/u_requant/rounded_q_reg[7][3]/D
                            (rising edge-triggered cell FDRE clocked by clk  {rise@0.000ns fall@2.500ns period=5.000ns})
  Path Group:             clk
  Path Type:              Setup (Max at Slow Process Corner)
  Requirement:            5.000ns  (clk rise@5.000ns - clk rise@0.000ns)
  Data Path Delay:        4.303ns  (logic 1.243ns (28.889%)  route 3.060ns (71.111%))
  Logic Levels:           11  (CARRY8=5 LUT3=1 LUT5=3 LUT6=2)
  Clock Path Skew:        -0.013ns (DCD - SCD + CPR)
    Destination Clock Delay (DCD):    0.029ns = ( 5.029 - 5.000 ) 
    Source Clock Delay      (SCD):    0.042ns
    Clock Pessimism Removal (CPR):    0.000ns
  Clock Uncertainty:      0.035ns  ((TSJ^2 + TIJ^2)^1/2 + DJ) / 2 + PE
    Total System Jitter     (TSJ):    0.071ns
    Total Input Jitter      (TIJ):    0.000ns
    Discrete Jitter          (DJ):    0.000ns
    Phase Error              (PE):    0.000ns

    Location             Delay type                Incr(ns)  Path(ns)    Netlist Resource(s)
  -------------------------------------------------------------------    -------------------
                         (clock clk rise edge)        0.000     0.000 r  
                                                      0.000     0.000 r  clk (IN)
                         net (fo=3453, unset)         0.042     0.042    u_base_datapath/u_output_slice/u_requant/clk
    SLICE_X51Y126        FDRE                                         r  u_base_datapath/u_output_slice/u_requant/right_shift_q_reg[7][2]/C
  -------------------------------------------------------------------    -------------------
    SLICE_X51Y126        FDRE (Prop_EFF_SLICEL_C_Q)
                                                      0.114     0.156 r  u_base_datapath/u_output_slice/u_requant/right_shift_q_reg[7][2]/Q
                         net (fo=112, routed)         0.847     1.003    u_base_datapath/u_output_slice/u_requant/right_shift_q_reg[7]_114[2]
    SLICE_X48Y124        LUT3 (Prop_D5LUT_SLICEL_I0_O)
                                                      0.088     1.091 r  u_base_datapath/u_output_slice/u_requant/rounded_q[7][45]_i_32/O
                         net (fo=5, routed)           0.742     1.833    u_base_datapath/u_output_slice/u_requant/rounded_q[7][45]_i_32_n_0
    SLICE_X52Y122        LUT6 (Prop_A6LUT_SLICEL_I4_O)
                                                      0.058     1.891 r  u_base_datapath/u_output_slice/u_requant/rounded_q[7][45]_i_85/O
                         net (fo=1, routed)           0.014     1.905    u_base_datapath/u_output_slice/u_requant/rounded_q[7][45]_i_85_n_0
    SLICE_X52Y122        CARRY8 (Prop_CARRY8_SLICEL_S[0]_CO[7])
                                                      0.278     2.183 r  u_base_datapath/u_output_slice/u_requant/rounded_q_reg[7][45]_i_51/CO[7]
                         net (fo=1, routed)           0.030     2.213    u_base_datapath/u_output_slice/u_requant/rounded_q_reg[7][45]_i_51_n_0
    SLICE_X52Y123        CARRY8 (Prop_CARRY8_SLICEL_CI_CO[7])
                                                      0.065     2.278 r  u_base_datapath/u_output_slice/u_requant/rounded_q_reg[7][45]_i_33/CO[7]
                         net (fo=1, routed)           0.030     2.308    u_base_datapath/u_output_slice/u_requant/rounded_q_reg[7][45]_i_33_n_0
    SLICE_X52Y124        CARRY8 (Prop_CARRY8_SLICEL_CI_CO[7])
                                                      0.065     2.373 r  u_base_datapath/u_output_slice/u_requant/rounded_q_reg[7][45]_i_12/CO[7]
                         net (fo=1, routed)           0.030     2.403    u_base_datapath/u_output_slice/u_requant/rounded_q_reg[7][45]_i_12_n_0
    SLICE_X52Y125        CARRY8 (Prop_CARRY8_SLICEL_CI_CO[7])
                                                      0.065     2.468 r  u_base_datapath/u_output_slice/u_requant/rounded_q_reg[7][45]_i_2/CO[7]
                         net (fo=1, routed)           0.030     2.498    u_base_datapath/u_output_slice/u_requant/rounded_q_reg[7][45]_i_2_n_0
    SLICE_X52Y126        CARRY8 (Prop_CARRY8_SLICEL_CI_O[4])
                                                      0.127     2.625 r  u_base_datapath/u_output_slice/u_requant/rounded_q_reg[7][45]_i_1/O[4]
                         net (fo=53, routed)          0.703     3.327    u_base_datapath/u_output_slice/u_requant/rounded_q_reg[7][45]_i_1_n_11
    SLICE_X48Y126        LUT5 (Prop_C6LUT_SLICEL_I2_O)
                                                      0.187     3.514 r  u_base_datapath/u_output_slice/u_requant/rounded_q[7][10]_i_4/O
                         net (fo=2, routed)           0.118     3.633    u_base_datapath/u_output_slice/u_requant/rounded_q[7][10]_i_4_n_0
    SLICE_X48Y125        LUT5 (Prop_F6LUT_SLICEL_I0_O)
                                                      0.081     3.714 r  u_base_datapath/u_output_slice/u_requant/rounded_q[7][6]_i_3/O
                         net (fo=2, routed)           0.049     3.763    u_base_datapath/u_output_slice/u_requant/rounded_q[7][6]_i_3_n_0
    SLICE_X48Y125        LUT6 (Prop_H6LUT_SLICEL_I5_O)
                                                      0.058     3.821 r  u_base_datapath/u_output_slice/u_requant/rounded_q[7][4]_i_2/O
                         net (fo=2, routed)           0.400     4.222    u_base_datapath/u_output_slice/u_requant/rounded_q[7][4]_i_2_n_0
    SLICE_X49Y125        LUT5 (Prop_G6LUT_SLICEL_I2_O)
                                                      0.057     4.279 r  u_base_datapath/u_output_slice/u_requant/rounded_q[7][3]_i_1/O
                         net (fo=1, routed)           0.066     4.345    u_base_datapath/u_output_slice/u_requant/rounded_q[7][3]_i_1_n_0
    SLICE_X49Y125        FDRE                                         r  u_base_datapath/u_output_slice/u_requant/rounded_q_reg[7][3]/D
  -------------------------------------------------------------------    -------------------

                         (clock clk rise edge)        5.000     5.000 r  
                                                      0.000     5.000 r  clk (IN)
                         net (fo=3453, unset)         0.029     5.029    u_base_datapath/u_output_slice/u_requant/clk
    SLICE_X49Y125        FDRE                                         r  u_base_datapath/u_output_slice/u_requant/rounded_q_reg[7][3]/C
                         clock pessimism              0.000     5.029    
                         clock uncertainty           -0.035     4.994    
    SLICE_X49Y125        FDRE (Setup_GFF_SLICEL_C_D)
                                                      0.044     5.038    u_base_datapath/u_output_slice/u_requant/rounded_q_reg[7][3]
  -------------------------------------------------------------------
                         required time                          5.038    
                         arrival time                          -4.345    
  -------------------------------------------------------------------
                         slack                                  0.693    

Slack (MET) :             0.816ns  (required time - arrival time)
  Source:                 u_feeder/input_h_q_reg[1]/C
                            (rising edge-triggered cell FDRE clocked by clk  {rise@0.000ns fall@2.500ns period=5.000ns})
  Destination:            u_feeder/g_ring_bank[1].mem_reg/WEBWE[6]
                            (rising edge-triggered cell RAMB36E2 clocked by clk  {rise@0.000ns fall@2.500ns period=5.000ns})
  Path Group:             clk
  Path Type:              Setup (Max at Slow Process Corner)
  Requirement:            5.000ns  (clk rise@5.000ns - clk rise@0.000ns)
  Data Path Delay:        3.543ns  (logic 1.058ns (29.861%)  route 2.485ns (70.139%))
  Logic Levels:           6  (LUT4=1 LUT6=5)
  Clock Path Skew:        0.005ns (DCD - SCD + CPR)
    Destination Clock Delay (DCD):    0.048ns = ( 5.048 - 5.000 ) 
    Source Clock Delay      (SCD):    0.043ns
    Clock Pessimism Removal (CPR):    0.000ns
  Clock Uncertainty:      0.035ns  ((TSJ^2 + TIJ^2)^1/2 + DJ) / 2 + PE
    Total System Jitter     (TSJ):    0.071ns
    Total Input Jitter      (TIJ):    0.000ns
    Discrete Jitter          (DJ):    0.000ns
    Phase Error              (PE):    0.000ns

    Location             Delay type                Incr(ns)  Path(ns)    Netlist Resource(s)
  -------------------------------------------------------------------    -------------------
                         (clock clk rise edge)        0.000     0.000 r  
                                                      0.000     0.000 r  clk (IN)
                         net (fo=3453, unset)         0.043     0.043    u_feeder/clk
    SLICE_X45Y53         FDRE                                         r  u_feeder/input_h_q_reg[1]/C
  -------------------------------------------------------------------    -------------------
    SLICE_X45Y53         FDRE (Prop_EFF2_SLICEM_C_Q)
                                                      0.118     0.161 f  u_feeder/input_h_q_reg[1]/Q
                         net (fo=3, routed)           0.295     0.456    u_feeder/input_h_q[1]
    SLICE_X45Y53         LUT6 (Prop_G6LUT_SLICEM_I3_O)
                                                      0.152     0.608 r  u_feeder/s_ready_INST_0_i_28/O
                         net (fo=7, routed)           0.119     0.726    u_feeder/s_ready_INST_0_i_28_n_0
    SLICE_X46Y53         LUT6 (Prop_G6LUT_SLICEL_I3_O)
                                                      0.137     0.863 f  u_feeder/s_ready_INST_0_i_18/O
                         net (fo=1, routed)           0.181     1.044    u_feeder/s_ready_INST_0_i_18_n_0
    SLICE_X46Y54         LUT6 (Prop_F6LUT_SLICEL_I0_O)
                                                      0.187     1.231 r  u_feeder/s_ready_INST_0_i_6/O
                         net (fo=1, routed)           0.110     1.341    u_feeder/s_ready_INST_0_i_6_n_0
    SLICE_X46Y54         LUT6 (Prop_D6LUT_SLICEL_I4_O)
                                                      0.185     1.526 f  u_feeder/s_ready_INST_0_i_1/O
                         net (fo=67, routed)          0.199     1.725    u_feeder/s_ready_INST_0_i_1_n_0
    SLICE_X46Y60         LUT6 (Prop_H6LUT_SLICEL_I1_O)
                                                      0.137     1.862 f  u_feeder/g_ring_bank[0].mem_reg_i_92/O
                         net (fo=13, routed)          0.761     2.623    u_feeder/g_ring_bank[0].mem_reg_i_92_n_0
    SLICE_X49Y52         LUT4 (Prop_B5LUT_SLICEL_I0_O)
                                                      0.142     2.765 r  u_feeder/g_ring_bank[1].mem_reg_i_1/O
                         net (fo=8, routed)           0.821     3.586    u_feeder/p_0_in
    RAMB36_X1Y9          RAMB36E2                                     r  u_feeder/g_ring_bank[1].mem_reg/WEBWE[6]
  -------------------------------------------------------------------    -------------------

                         (clock clk rise edge)        5.000     5.000 r  
                                                      0.000     5.000 r  clk (IN)
                         net (fo=3453, unset)         0.048     5.048    u_feeder/clk
    RAMB36_X1Y9          RAMB36E2                                     r  u_feeder/g_ring_bank[1].mem_reg/CLKBWRCLK
                         clock pessimism              0.000     5.048    
                         clock uncertainty           -0.035     5.013    
    RAMB36_X1Y9          RAMB36E2 (Setup_RAMB36E2_RAMB36_CLKBWRCLK_WEBWE[6])
                                                     -0.611     4.402    u_feeder/g_ring_bank[1].mem_reg
  -------------------------------------------------------------------
                         required time                          4.402    
                         arrival time                          -3.586    
  -------------------------------------------------------------------
                         slack                                  0.816    

Slack (MET) :             0.821ns  (required time - arrival time)
  Source:                 u_feeder/input_h_q_reg[1]/C
                            (rising edge-triggered cell FDRE clocked by clk  {rise@0.000ns fall@2.500ns period=5.000ns})
  Destination:            u_feeder/g_ring_bank[1].mem_reg/WEBWE[5]
                            (rising edge-triggered cell RAMB36E2 clocked by clk  {rise@0.000ns fall@2.500ns period=5.000ns})
  Path Group:             clk
  Path Type:              Setup (Max at Slow Process Corner)
  Requirement:            5.000ns  (clk rise@5.000ns - clk rise@0.000ns)
  Data Path Delay:        3.537ns  (logic 1.058ns (29.908%)  route 2.479ns (70.092%))
  Logic Levels:           6  (LUT4=1 LUT6=5)
  Clock Path Skew:        0.005ns (DCD - SCD + CPR)
    Destination Clock Delay (DCD):    0.048ns = ( 5.048 - 5.000 ) 
    Source Clock Delay      (SCD):    0.043ns
    Clock Pessimism Removal (CPR):    0.000ns
  Clock Uncertainty:      0.035ns  ((TSJ^2 + TIJ^2)^1/2 + DJ) / 2 + PE
    Total System Jitter     (TSJ):    0.071ns
    Total Input Jitter      (TIJ):    0.000ns
    Discrete Jitter          (DJ):    0.000ns
    Phase Error              (PE):    0.000ns

    Location             Delay type                Incr(ns)  Path(ns)    Netlist Resource(s)
  -------------------------------------------------------------------    -------------------
                         (clock clk rise edge)        0.000     0.000 r  
                                                      0.000     0.000 r  clk (IN)
                         net (fo=3453, unset)         0.043     0.043    u_feeder/clk
    SLICE_X45Y53         FDRE                                         r  u_feeder/input_h_q_reg[1]/C
  -------------------------------------------------------------------    -------------------
    SLICE_X45Y53         FDRE (Prop_EFF2_SLICEM_C_Q)
                                                      0.118     0.161 f  u_feeder/input_h_q_reg[1]/Q
                         net (fo=3, routed)           0.295     0.456    u_feeder/input_h_q[1]
    SLICE_X45Y53         LUT6 (Prop_G6LUT_SLICEM_I3_O)
                                                      0.152     0.608 r  u_feeder/s_ready_INST_0_i_28/O
                         net (fo=7, routed)           0.119     0.726    u_feeder/s_ready_INST_0_i_28_n_0
    SLICE_X46Y53         LUT6 (Prop_G6LUT_SLICEL_I3_O)
                                                      0.137     0.863 f  u_feeder/s_ready_INST_0_i_18/O
                         net (fo=1, routed)           0.181     1.044    u_feeder/s_ready_INST_0_i_18_n_0
    SLICE_X46Y54         LUT6 (Prop_F6LUT_SLICEL_I0_O)
                                                      0.187     1.231 r  u_feeder/s_ready_INST_0_i_6/O
                         net (fo=1, routed)           0.110     1.341    u_feeder/s_ready_INST_0_i_6_n_0
    SLICE_X46Y54         LUT6 (Prop_D6LUT_SLICEL_I4_O)
                                                      0.185     1.526 f  u_feeder/s_ready_INST_0_i_1/O
                         net (fo=67, routed)          0.199     1.725    u_feeder/s_ready_INST_0_i_1_n_0
    SLICE_X46Y60         LUT6 (Prop_H6LUT_SLICEL_I1_O)
                                                      0.137     1.862 f  u_feeder/g_ring_bank[0].mem_reg_i_92/O
                         net (fo=13, routed)          0.761     2.623    u_feeder/g_ring_bank[0].mem_reg_i_92_n_0
    SLICE_X49Y52         LUT4 (Prop_B5LUT_SLICEL_I0_O)
                                                      0.142     2.765 r  u_feeder/g_ring_bank[1].mem_reg_i_1/O
                         net (fo=8, routed)           0.815     3.580    u_feeder/p_0_in
    RAMB36_X1Y9          RAMB36E2                                     r  u_feeder/g_ring_bank[1].mem_reg/WEBWE[5]
  -------------------------------------------------------------------    -------------------

                         (clock clk rise edge)        5.000     5.000 r  
                                                      0.000     5.000 r  clk (IN)
                         net (fo=3453, unset)         0.048     5.048    u_feeder/clk
    RAMB36_X1Y9          RAMB36E2                                     r  u_feeder/g_ring_bank[1].mem_reg/CLKBWRCLK
                         clock pessimism              0.000     5.048    
                         clock uncertainty           -0.035     5.013    
    RAMB36_X1Y9          RAMB36E2 (Setup_RAMB36E2_RAMB36_CLKBWRCLK_WEBWE[5])
                                                     -0.611     4.402    u_feeder/g_ring_bank[1].mem_reg
  -------------------------------------------------------------------
                         required time                          4.402    
                         arrival time                          -3.580    
  -------------------------------------------------------------------
                         slack                                  0.821    




