Copyright 1986-2022 Xilinx, Inc. All Rights Reserved. Copyright 2022-2024 Advanced Micro Devices, Inc. All Rights Reserved.
-----------------------------------------------------------------------------------------------------------------------------------------------------------------------------------------------------------------------------------------
| Tool Version      : Vivado v.2024.1 (lin64) Build 5076996 Wed May 22 18:36:09 MDT 2024
| Date              : Sun Sep  6 13:55:20 2026
| Host              : yundodo running 64-bit unknown
| Command           : report_timing_summary -delay_type min_max -check_timing_verbose -max_paths 20 -file /home/dodo/Documents/Codex/2026-08-31/kv260-alexnet-rtl/alexnet/reports/m4n8_shared_compute_top/200mhz/impl_timing_summary.rpt
| Design            : alexnet_m4n8_shared_compute_top
| Device            : xck26-sfvc784
| Speed File        : -2LV  PRODUCTION 1.30 05-15-2022
| Design State      : Routed
| Temperature Grade : C
-----------------------------------------------------------------------------------------------------------------------------------------------------------------------------------------------------------------------------------------

Timing Summary Report

------------------------------------------------------------------------------------------------
| Timer Settings
| --------------
------------------------------------------------------------------------------------------------

  Enable Multi Corner Analysis               :  Yes
  Enable Pessimism Removal                   :  Yes
  Pessimism Removal Resolution               :  Nearest Common Node
  Enable Input Delay Default Clock           :  No
  Enable Preset / Clear Arcs                 :  No
  Disable Flight Delays                      :  No
  Ignore I/O Paths                           :  No
  Timing Early Launch at Borrowing Latches   :  No
  Borrow Time for Max Delay Exceptions       :  Yes
  Merge Timing Exceptions                    :  Yes
  Inter-SLR Compensation                     :  Conservative

  Corner  Analyze    Analyze    
  Name    Max Paths  Min Paths  
  ------  ---------  ---------  
  Slow    Yes        Yes        
  Fast    Yes        Yes        


------------------------------------------------------------------------------------------------
| Report Methodology
| ------------------
------------------------------------------------------------------------------------------------

No report available as report_methodology has not been run prior. Run report_methodology on the current design for the summary of methodology violations.



check_timing report

Table of Contents
-----------------
1. checking no_clock (0)
2. checking constant_clock (0)
3. checking pulse_width_clock (0)
4. checking unconstrained_internal_endpoints (0)
5. checking no_input_delay (0)
6. checking no_output_delay (0)
7. checking multiple_clock (0)
8. checking generated_clocks (0)
9. checking loops (0)
10. checking partial_input_delay (0)
11. checking partial_output_delay (0)
12. checking latch_loops (0)

1. checking no_clock (0)
------------------------
 There are 0 register/latch pins with no clock.


2. checking constant_clock (0)
------------------------------
 There are 0 register/latch pins with constant_clock.


3. checking pulse_width_clock (0)
---------------------------------
 There are 0 register/latch pins which need pulse_width check


4. checking unconstrained_internal_endpoints (0)
------------------------------------------------
 There are 0 pins that are not constrained for maximum delay.

 There are 0 pins that are not constrained for maximum delay due to constant clock.


5. checking no_input_delay (0)
------------------------------
 There are 0 input ports with no input delay specified.

 There are 0 input ports with no input delay but user has a false path constraint.


6. checking no_output_delay (0)
-------------------------------
 There are 0 ports with no output delay specified.

 There are 0 ports with no output delay but user has a false path constraint

 There are 0 ports with no output delay but with a timing clock defined on it or propagating through it


7. checking multiple_clock (0)
------------------------------
 There are 0 register/latch pins with multiple clocks.


8. checking generated_clocks (0)
--------------------------------
 There are 0 generated clocks that are not connected to a clock source.


9. checking loops (0)
---------------------
 There are 0 combinational loops in the design.


10. checking partial_input_delay (0)
------------------------------------
 There are 0 input ports with partial input delay specified.


11. checking partial_output_delay (0)
-------------------------------------
 There are 0 ports with partial output delay specified.


12. checking latch_loops (0)
----------------------------
 There are 0 combinational latch loops in the design through latch input



------------------------------------------------------------------------------------------------
| Design Timing Summary
| ---------------------
------------------------------------------------------------------------------------------------

    WNS(ns)      TNS(ns)  TNS Failing Endpoints  TNS Total Endpoints      WHS(ns)      THS(ns)  THS Failing Endpoints  THS Total Endpoints     WPWS(ns)     TPWS(ns)  TPWS Failing Endpoints  TPWS Total Endpoints  
    -------      -------  ---------------------  -------------------      -------      -------  ---------------------  -------------------     --------     --------  ----------------------  --------------------  
      0.017        0.000                      0                31978        0.046        0.000                      0                31978        1.738        0.000                       0                  7981  


All user specified timing constraints are met.


------------------------------------------------------------------------------------------------
| Clock Summary
| -------------
------------------------------------------------------------------------------------------------

Clock  Waveform(ns)         Period(ns)      Frequency(MHz)
-----  ------------         ----------      --------------
clk    {0.000 2.500}        5.000           200.000         


------------------------------------------------------------------------------------------------
| Intra Clock Table
| -----------------
------------------------------------------------------------------------------------------------

Clock             WNS(ns)      TNS(ns)  TNS Failing Endpoints  TNS Total Endpoints      WHS(ns)      THS(ns)  THS Failing Endpoints  THS Total Endpoints     WPWS(ns)     TPWS(ns)  TPWS Failing Endpoints  TPWS Total Endpoints  
-----             -------      -------  ---------------------  -------------------      -------      -------  ---------------------  -------------------     --------     --------  ----------------------  --------------------  
clk                 0.017        0.000                      0                31978        0.046        0.000                      0                31978        1.738        0.000                       0                  7981  


------------------------------------------------------------------------------------------------
| Inter Clock Table
| -----------------
------------------------------------------------------------------------------------------------

From Clock    To Clock          WNS(ns)      TNS(ns)  TNS Failing Endpoints  TNS Total Endpoints      WHS(ns)      THS(ns)  THS Failing Endpoints  THS Total Endpoints  
----------    --------          -------      -------  ---------------------  -------------------      -------      -------  ---------------------  -------------------  


------------------------------------------------------------------------------------------------
| Other Path Groups Table
| -----------------------
------------------------------------------------------------------------------------------------

Path Group    From Clock    To Clock          WNS(ns)      TNS(ns)  TNS Failing Endpoints  TNS Total Endpoints      WHS(ns)      THS(ns)  THS Failing Endpoints  THS Total Endpoints  
----------    ----------    --------          -------      -------  ---------------------  -------------------      -------      -------  ---------------------  -------------------  


------------------------------------------------------------------------------------------------
| Timing Details
| --------------
------------------------------------------------------------------------------------------------


---------------------------------------------------------------------------------------------------
From Clock:  clk
  To Clock:  clk

Setup :            0  Failing Endpoints,  Worst Slack        0.017ns,  Total Violation        0.000ns
Hold  :            0  Failing Endpoints,  Worst Slack        0.046ns,  Total Violation        0.000ns
PW    :            0  Failing Endpoints,  Worst Slack        1.738ns,  Total Violation        0.000ns
---------------------------------------------------------------------------------------------------


Max Delay Paths
--------------------------------------------------------------------------------------
Slack (MET) :             0.017ns  (required time - arrival time)
  Source:                 fc_result_complete_n_base[3]
                            (input port clocked by clk  {rise@0.000ns fall@2.500ns period=5.000ns})
  Destination:            u_rs/u_datapath/u_dma_fed_datapath/u_datapath/u_core/u_feeder/pixel_q_reg[0][0]/R
                            (rising edge-triggered cell FDRE clocked by clk  {rise@0.000ns fall@2.500ns period=5.000ns})
  Path Group:             clk
  Path Type:              Setup (Max at Slow Process Corner)
  Requirement:            5.000ns  (clk rise@5.000ns - clk rise@0.000ns)
  Data Path Delay:        3.857ns  (logic 1.427ns (36.995%)  route 2.430ns (63.005%))
  Logic Levels:           11  (LUT6=11)
  Input Delay:            1.000ns
  Clock Path Skew:        0.029ns (DCD - SCD + CPR)
    Destination Clock Delay (DCD):    0.029ns = ( 5.029 - 5.000 ) 
    Source Clock Delay      (SCD):    0.000ns
    Clock Pessimism Removal (CPR):    0.000ns
  Clock Uncertainty:      0.035ns  ((TSJ^2 + TIJ^2)^1/2 + DJ) / 2 + PE
    Total System Jitter     (TSJ):    0.071ns
    Total Input Jitter      (TIJ):    0.000ns
    Discrete Jitter          (DJ):    0.000ns
    Phase Error              (PE):    0.000ns

    Location             Delay type                Incr(ns)  Path(ns)    Netlist Resource(s)
  -------------------------------------------------------------------    -------------------
                         (clock clk rise edge)        0.000     0.000 r  
                         input delay                  1.000     1.000    
                                                      0.000     1.000 r  fc_result_complete_n_base[3] (IN)
                         net (fo=0)                   0.000     1.000    u_fc/u_controller/fc_result_complete_n_base[3]
    SLICE_X29Y143        LUT6 (Prop_D6LUT_SLICEM_I0_O)
                                                      0.220     1.220 f  u_fc/u_controller/fc_fault_INST_0_i_15/O
                         net (fo=1, routed)           0.107     1.327    u_fc/u_controller/fc_fault_INST_0_i_15_n_0
    SLICE_X30Y143        LUT6 (Prop_D6LUT_SLICEL_I0_O)
                                                      0.221     1.548 f  u_fc/u_controller/fc_fault_INST_0_i_12/O
                         net (fo=1, routed)           0.045     1.593    u_fc/u_controller/fc_fault_INST_0_i_12_n_0
    SLICE_X30Y143        LUT6 (Prop_B6LUT_SLICEL_I4_O)
                                                      0.083     1.676 f  u_fc/u_controller/fc_fault_INST_0_i_3/O
                         net (fo=2, routed)           0.167     1.843    u_fc/u_controller/result_ack_bad2__24
    SLICE_X31Y143        LUT6 (Prop_A6LUT_SLICEM_I2_O)
                                                      0.083     1.926 f  u_fc/u_controller/fc_fault_INST_0/O
                         net (fo=12, routed)          0.209     2.135    u_fc/u_core/u_ingress/slice_context_error_q_i_15_1
    SLICE_X32Y140        LUT6 (Prop_H6LUT_SLICEM_I2_O)
                                                      0.060     2.195 r  u_fc/u_core/u_ingress/slice_context_error_q_i_24/O
                         net (fo=6, routed)           0.200     2.396    u_fc/u_core/u_ingress/bus_shared_cfg_valid
    SLICE_X32Y137        LUT6 (Prop_B6LUT_SLICEM_I0_O)
                                                      0.225     2.621 f  u_fc/u_core/u_ingress/slice_context_error_q_i_15/O
                         net (fo=2, routed)           0.107     2.728    u_fc/u_core/u_core/u_core/slice_context_error_q_i_4_0
    SLICE_X32Y137        LUT6 (Prop_D6LUT_SLICEM_I5_O)
                                                      0.080     2.808 f  u_fc/u_core/u_core/u_core/slice_context_error_q_i_7/O
                         net (fo=1, routed)           0.103     2.911    u_fc/u_core/u_core/u_core/u_issuer/tile_tag_q_reg[0]_1
    SLICE_X32Y136        LUT6 (Prop_G6LUT_SLICEM_I0_O)
                                                      0.152     3.063 r  u_fc/u_core/u_core/u_core/u_issuer/slice_context_error_q_i_4/O
                         net (fo=5, routed)           0.117     3.180    u_rs/u_datapath/u_dma_fed_datapath/u_datapath/u_core/u_feeder/output_chunk_ready
    SLICE_X32Y134        LUT6 (Prop_G6LUT_SLICEM_I3_O)
                                                      0.057     3.237 r  u_rs/u_datapath/u_dma_fed_datapath/u_datapath/u_core/u_feeder/chunk_active_q_i_6/O
                         net (fo=49, routed)          0.289     3.526    u_rs/u_datapath/u_dma_fed_datapath/u_datapath/u_core/u_feeder/configured_q_reg
    SLICE_X31Y128        LUT6 (Prop_E6LUT_SLICEM_I2_O)
                                                      0.057     3.583 r  u_rs/u_datapath/u_dma_fed_datapath/u_datapath/u_core/u_feeder/output_w_q[7]_i_1/O
                         net (fo=96, routed)          0.527     4.110    u_rs/u_datapath/u_dma_fed_datapath/u_datapath/u_core/u_feeder/frame_fire
    SLICE_X29Y117        LUT6 (Prop_H6LUT_SLICEM_I4_O)
                                                      0.189     4.299 r  u_rs/u_datapath/u_dma_fed_datapath/u_datapath/u_core/u_feeder/pixel_q[0][63]_i_1/O
                         net (fo=64, routed)          0.558     4.857    u_rs/u_datapath/u_dma_fed_datapath/u_datapath/u_core/u_feeder/pixel_q[0][63]_i_1_n_0
    SLICE_X27Y112        FDRE                                         r  u_rs/u_datapath/u_dma_fed_datapath/u_datapath/u_core/u_feeder/pixel_q_reg[0][0]/R
  -------------------------------------------------------------------    -------------------

                         (clock clk rise edge)        5.000     5.000 r  
                                                      0.000     5.000 r  clk (IN)
                         net (fo=8085, unset)         0.029     5.029    u_rs/u_datapath/u_dma_fed_datapath/u_datapath/u_core/u_feeder/clk
    SLICE_X27Y112        FDRE                                         r  u_rs/u_datapath/u_dma_fed_datapath/u_datapath/u_core/u_feeder/pixel_q_reg[0][0]/C
                         clock pessimism              0.000     5.029    
                         clock uncertainty           -0.035     4.994    
    SLICE_X27Y112        FDRE (Setup_EFF_SLICEL_C_R)
                                                     -0.119     4.875    u_rs/u_datapath/u_dma_fed_datapath/u_datapath/u_core/u_feeder/pixel_q_reg[0][0]
  -------------------------------------------------------------------
                         required time                          4.875    
                         arrival time                          -4.857    
  -------------------------------------------------------------------
                         slack                                  0.017    

Slack (MET) :             0.017ns  (required time - arrival time)
  Source:                 fc_result_complete_n_base[3]
                            (input port clocked by clk  {rise@0.000ns fall@2.500ns period=5.000ns})
  Destination:            u_rs/u_datapath/u_dma_fed_datapath/u_datapath/u_core/u_feeder/pixel_q_reg[0][30]/R
                            (rising edge-triggered cell FDRE clocked by clk  {rise@0.000ns fall@2.500ns period=5.000ns})
  Path Group:             clk
  Path Type:              Setup (Max at Slow Process Corner)
  Requirement:            5.000ns  (clk rise@5.000ns - clk rise@0.000ns)
  Data Path Delay:        3.857ns  (logic 1.427ns (36.995%)  route 2.430ns (63.005%))
  Logic Levels:           11  (LUT6=11)
  Input Delay:            1.000ns
  Clock Path Skew:        0.029ns (DCD - SCD + CPR)
    Destination Clock Delay (DCD):    0.029ns = ( 5.029 - 5.000 ) 
    Source Clock Delay      (SCD):    0.000ns
    Clock Pessimism Removal (CPR):    0.000ns
  Clock Uncertainty:      0.035ns  ((TSJ^2 + TIJ^2)^1/2 + DJ) / 2 + PE
    Total System Jitter     (TSJ):    0.071ns
    Total Input Jitter      (TIJ):    0.000ns
    Discrete Jitter          (DJ):    0.000ns
    Phase Error              (PE):    0.000ns

    Location             Delay type                Incr(ns)  Path(ns)    Netlist Resource(s)
  -------------------------------------------------------------------    -------------------
                         (clock clk rise edge)        0.000     0.000 r  
                         input delay                  1.000     1.000    
                                                      0.000     1.000 r  fc_result_complete_n_base[3] (IN)
                         net (fo=0)                   0.000     1.000    u_fc/u_controller/fc_result_complete_n_base[3]
    SLICE_X29Y143        LUT6 (Prop_D6LUT_SLICEM_I0_O)
                                                      0.220     1.220 f  u_fc/u_controller/fc_fault_INST_0_i_15/O
                         net (fo=1, routed)           0.107     1.327    u_fc/u_controller/fc_fault_INST_0_i_15_n_0
    SLICE_X30Y143        LUT6 (Prop_D6LUT_SLICEL_I0_O)
                                                      0.221     1.548 f  u_fc/u_controller/fc_fault_INST_0_i_12/O
                         net (fo=1, routed)           0.045     1.593    u_fc/u_controller/fc_fault_INST_0_i_12_n_0
    SLICE_X30Y143        LUT6 (Prop_B6LUT_SLICEL_I4_O)
                                                      0.083     1.676 f  u_fc/u_controller/fc_fault_INST_0_i_3/O
                         net (fo=2, routed)           0.167     1.843    u_fc/u_controller/result_ack_bad2__24
    SLICE_X31Y143        LUT6 (Prop_A6LUT_SLICEM_I2_O)
                                                      0.083     1.926 f  u_fc/u_controller/fc_fault_INST_0/O
                         net (fo=12, routed)          0.209     2.135    u_fc/u_core/u_ingress/slice_context_error_q_i_15_1
    SLICE_X32Y140        LUT6 (Prop_H6LUT_SLICEM_I2_O)
                                                      0.060     2.195 r  u_fc/u_core/u_ingress/slice_context_error_q_i_24/O
                         net (fo=6, routed)           0.200     2.396    u_fc/u_core/u_ingress/bus_shared_cfg_valid
    SLICE_X32Y137        LUT6 (Prop_B6LUT_SLICEM_I0_O)
                                                      0.225     2.621 f  u_fc/u_core/u_ingress/slice_context_error_q_i_15/O
                         net (fo=2, routed)           0.107     2.728    u_fc/u_core/u_core/u_core/slice_context_error_q_i_4_0
    SLICE_X32Y137        LUT6 (Prop_D6LUT_SLICEM_I5_O)
                                                      0.080     2.808 f  u_fc/u_core/u_core/u_core/slice_context_error_q_i_7/O
                         net (fo=1, routed)           0.103     2.911    u_fc/u_core/u_core/u_core/u_issuer/tile_tag_q_reg[0]_1
    SLICE_X32Y136        LUT6 (Prop_G6LUT_SLICEM_I0_O)
                                                      0.152     3.063 r  u_fc/u_core/u_core/u_core/u_issuer/slice_context_error_q_i_4/O
                         net (fo=5, routed)           0.117     3.180    u_rs/u_datapath/u_dma_fed_datapath/u_datapath/u_core/u_feeder/output_chunk_ready
    SLICE_X32Y134        LUT6 (Prop_G6LUT_SLICEM_I3_O)
                                                      0.057     3.237 r  u_rs/u_datapath/u_dma_fed_datapath/u_datapath/u_core/u_feeder/chunk_active_q_i_6/O
                         net (fo=49, routed)          0.289     3.526    u_rs/u_datapath/u_dma_fed_datapath/u_datapath/u_core/u_feeder/configured_q_reg
    SLICE_X31Y128        LUT6 (Prop_E6LUT_SLICEM_I2_O)
                                                      0.057     3.583 r  u_rs/u_datapath/u_dma_fed_datapath/u_datapath/u_core/u_feeder/output_w_q[7]_i_1/O
                         net (fo=96, routed)          0.527     4.110    u_rs/u_datapath/u_dma_fed_datapath/u_datapath/u_core/u_feeder/frame_fire
    SLICE_X29Y117        LUT6 (Prop_H6LUT_SLICEM_I4_O)
                                                      0.189     4.299 r  u_rs/u_datapath/u_dma_fed_datapath/u_datapath/u_core/u_feeder/pixel_q[0][63]_i_1/O
                         net (fo=64, routed)          0.558     4.857    u_rs/u_datapath/u_dma_fed_datapath/u_datapath/u_core/u_feeder/pixel_q[0][63]_i_1_n_0
    SLICE_X27Y112        FDRE                                         r  u_rs/u_datapath/u_dma_fed_datapath/u_datapath/u_core/u_feeder/pixel_q_reg[0][30]/R
  -------------------------------------------------------------------    -------------------

                         (clock clk rise edge)        5.000     5.000 r  
                                                      0.000     5.000 r  clk (IN)
                         net (fo=8085, unset)         0.029     5.029    u_rs/u_datapath/u_dma_fed_datapath/u_datapath/u_core/u_feeder/clk
    SLICE_X27Y112        FDRE                                         r  u_rs/u_datapath/u_dma_fed_datapath/u_datapath/u_core/u_feeder/pixel_q_reg[0][30]/C
                         clock pessimism              0.000     5.029    
                         clock uncertainty           -0.035     4.994    
    SLICE_X27Y112        FDRE (Setup_EFF2_SLICEL_C_R)
                                                     -0.119     4.875    u_rs/u_datapath/u_dma_fed_datapath/u_datapath/u_core/u_feeder/pixel_q_reg[0][30]
  -------------------------------------------------------------------
                         required time                          4.875    
                         arrival time                          -4.857    
  -------------------------------------------------------------------
                         slack                                  0.017    

Slack (MET) :             0.017ns  (required time - arrival time)
  Source:                 fc_result_complete_n_base[3]
                            (input port clocked by clk  {rise@0.000ns fall@2.500ns period=5.000ns})
  Destination:            u_rs/u_datapath/u_dma_fed_datapath/u_datapath/u_core/u_feeder/pixel_q_reg[0][38]/R
                            (rising edge-triggered cell FDRE clocked by clk  {rise@0.000ns fall@2.500ns period=5.000ns})
  Path Group:             clk
  Path Type:              Setup (Max at Slow Process Corner)
  Requirement:            5.000ns  (clk rise@5.000ns - clk rise@0.000ns)
  Data Path Delay:        3.857ns  (logic 1.427ns (36.995%)  route 2.430ns (63.005%))
  Logic Levels:           11  (LUT6=11)
  Input Delay:            1.000ns
  Clock Path Skew:        0.029ns (DCD - SCD + CPR)
    Destination Clock Delay (DCD):    0.029ns = ( 5.029 - 5.000 ) 
    Source Clock Delay      (SCD):    0.000ns
    Clock Pessimism Removal (CPR):    0.000ns
  Clock Uncertainty:      0.035ns  ((TSJ^2 + TIJ^2)^1/2 + DJ) / 2 + PE
    Total System Jitter     (TSJ):    0.071ns
    Total Input Jitter      (TIJ):    0.000ns
    Discrete Jitter          (DJ):    0.000ns
    Phase Error              (PE):    0.000ns

    Location             Delay type                Incr(ns)  Path(ns)    Netlist Resource(s)
  -------------------------------------------------------------------    -------------------
                         (clock clk rise edge)        0.000     0.000 r  
                         input delay                  1.000     1.000    
                                                      0.000     1.000 r  fc_result_complete_n_base[3] (IN)
                         net (fo=0)                   0.000     1.000    u_fc/u_controller/fc_result_complete_n_base[3]
    SLICE_X29Y143        LUT6 (Prop_D6LUT_SLICEM_I0_O)
                                                      0.220     1.220 f  u_fc/u_controller/fc_fault_INST_0_i_15/O
                         net (fo=1, routed)           0.107     1.327    u_fc/u_controller/fc_fault_INST_0_i_15_n_0
    SLICE_X30Y143        LUT6 (Prop_D6LUT_SLICEL_I0_O)
                                                      0.221     1.548 f  u_fc/u_controller/fc_fault_INST_0_i_12/O
                         net (fo=1, routed)           0.045     1.593    u_fc/u_controller/fc_fault_INST_0_i_12_n_0
    SLICE_X30Y143        LUT6 (Prop_B6LUT_SLICEL_I4_O)
                                                      0.083     1.676 f  u_fc/u_controller/fc_fault_INST_0_i_3/O
                         net (fo=2, routed)           0.167     1.843    u_fc/u_controller/result_ack_bad2__24
    SLICE_X31Y143        LUT6 (Prop_A6LUT_SLICEM_I2_O)
                                                      0.083     1.926 f  u_fc/u_controller/fc_fault_INST_0/O
                         net (fo=12, routed)          0.209     2.135    u_fc/u_core/u_ingress/slice_context_error_q_i_15_1
    SLICE_X32Y140        LUT6 (Prop_H6LUT_SLICEM_I2_O)
                                                      0.060     2.195 r  u_fc/u_core/u_ingress/slice_context_error_q_i_24/O
                         net (fo=6, routed)           0.200     2.396    u_fc/u_core/u_ingress/bus_shared_cfg_valid
    SLICE_X32Y137        LUT6 (Prop_B6LUT_SLICEM_I0_O)
                                                      0.225     2.621 f  u_fc/u_core/u_ingress/slice_context_error_q_i_15/O
                         net (fo=2, routed)           0.107     2.728    u_fc/u_core/u_core/u_core/slice_context_error_q_i_4_0
    SLICE_X32Y137        LUT6 (Prop_D6LUT_SLICEM_I5_O)
                                                      0.080     2.808 f  u_fc/u_core/u_core/u_core/slice_context_error_q_i_7/O
                         net (fo=1, routed)           0.103     2.911    u_fc/u_core/u_core/u_core/u_issuer/tile_tag_q_reg[0]_1
    SLICE_X32Y136        LUT6 (Prop_G6LUT_SLICEM_I0_O)
                                                      0.152     3.063 r  u_fc/u_core/u_core/u_core/u_issuer/slice_context_error_q_i_4/O
                         net (fo=5, routed)           0.117     3.180    u_rs/u_datapath/u_dma_fed_datapath/u_datapath/u_core/u_feeder/output_chunk_ready
    SLICE_X32Y134        LUT6 (Prop_G6LUT_SLICEM_I3_O)
                                                      0.057     3.237 r  u_rs/u_datapath/u_dma_fed_datapath/u_datapath/u_core/u_feeder/chunk_active_q_i_6/O
                         net (fo=49, routed)          0.289     3.526    u_rs/u_datapath/u_dma_fed_datapath/u_datapath/u_core/u_feeder/configured_q_reg
    SLICE_X31Y128        LUT6 (Prop_E6LUT_SLICEM_I2_O)
                                                      0.057     3.583 r  u_rs/u_datapath/u_dma_fed_datapath/u_datapath/u_core/u_feeder/output_w_q[7]_i_1/O
                         net (fo=96, routed)          0.527     4.110    u_rs/u_datapath/u_dma_fed_datapath/u_datapath/u_core/u_feeder/frame_fire
    SLICE_X29Y117        LUT6 (Prop_H6LUT_SLICEM_I4_O)
                                                      0.189     4.299 r  u_rs/u_datapath/u_dma_fed_datapath/u_datapath/u_core/u_feeder/pixel_q[0][63]_i_1/O
                         net (fo=64, routed)          0.558     4.857    u_rs/u_datapath/u_dma_fed_datapath/u_datapath/u_core/u_feeder/pixel_q[0][63]_i_1_n_0
    SLICE_X27Y112        FDRE                                         r  u_rs/u_datapath/u_dma_fed_datapath/u_datapath/u_core/u_feeder/pixel_q_reg[0][38]/R
  -------------------------------------------------------------------    -------------------

                         (clock clk rise edge)        5.000     5.000 r  
                                                      0.000     5.000 r  clk (IN)
                         net (fo=8085, unset)         0.029     5.029    u_rs/u_datapath/u_dma_fed_datapath/u_datapath/u_core/u_feeder/clk
    SLICE_X27Y112        FDRE                                         r  u_rs/u_datapath/u_dma_fed_datapath/u_datapath/u_core/u_feeder/pixel_q_reg[0][38]/C
                         clock pessimism              0.000     5.029    
                         clock uncertainty           -0.035     4.994    
    SLICE_X27Y112        FDRE (Setup_FFF_SLICEL_C_R)
                                                     -0.119     4.875    u_rs/u_datapath/u_dma_fed_datapath/u_datapath/u_core/u_feeder/pixel_q_reg[0][38]
  -------------------------------------------------------------------
                         required time                          4.875    
                         arrival time                          -4.857    
  -------------------------------------------------------------------
                         slack                                  0.017    

Slack (MET) :             0.018ns  (required time - arrival time)
  Source:                 fc_result_complete_n_base[3]
                            (input port clocked by clk  {rise@0.000ns fall@2.500ns period=5.000ns})
  Destination:            u_rs/u_datapath/u_dma_fed_datapath/u_datapath/u_core/u_feeder/pixel_q_reg[0][46]/R
                            (rising edge-triggered cell FDRE clocked by clk  {rise@0.000ns fall@2.500ns period=5.000ns})
  Path Group:             clk
  Path Type:              Setup (Max at Slow Process Corner)
  Requirement:            5.000ns  (clk rise@5.000ns - clk rise@0.000ns)
  Data Path Delay:        3.857ns  (logic 1.427ns (36.995%)  route 2.430ns (63.005%))
  Logic Levels:           11  (LUT6=11)
  Input Delay:            1.000ns
  Clock Path Skew:        0.029ns (DCD - SCD + CPR)
    Destination Clock Delay (DCD):    0.029ns = ( 5.029 - 5.000 ) 
    Source Clock Delay      (SCD):    0.000ns
    Clock Pessimism Removal (CPR):    0.000ns
  Clock Uncertainty:      0.035ns  ((TSJ^2 + TIJ^2)^1/2 + DJ) / 2 + PE
    Total System Jitter     (TSJ):    0.071ns
    Total Input Jitter      (TIJ):    0.000ns
    Discrete Jitter          (DJ):    0.000ns
    Phase Error              (PE):    0.000ns

    Location             Delay type                Incr(ns)  Path(ns)    Netlist Resource(s)
  -------------------------------------------------------------------    -------------------
                         (clock clk rise edge)        0.000     0.000 r  
                         input delay                  1.000     1.000    
                                                      0.000     1.000 r  fc_result_complete_n_base[3] (IN)
                         net (fo=0)                   0.000     1.000    u_fc/u_controller/fc_result_complete_n_base[3]
    SLICE_X29Y143        LUT6 (Prop_D6LUT_SLICEM_I0_O)
                                                      0.220     1.220 f  u_fc/u_controller/fc_fault_INST_0_i_15/O
                         net (fo=1, routed)           0.107     1.327    u_fc/u_controller/fc_fault_INST_0_i_15_n_0
    SLICE_X30Y143        LUT6 (Prop_D6LUT_SLICEL_I0_O)
                                                      0.221     1.548 f  u_fc/u_controller/fc_fault_INST_0_i_12/O
                         net (fo=1, routed)           0.045     1.593    u_fc/u_controller/fc_fault_INST_0_i_12_n_0
    SLICE_X30Y143        LUT6 (Prop_B6LUT_SLICEL_I4_O)
                                                      0.083     1.676 f  u_fc/u_controller/fc_fault_INST_0_i_3/O
                         net (fo=2, routed)           0.167     1.843    u_fc/u_controller/result_ack_bad2__24
    SLICE_X31Y143        LUT6 (Prop_A6LUT_SLICEM_I2_O)
                                                      0.083     1.926 f  u_fc/u_controller/fc_fault_INST_0/O
                         net (fo=12, routed)          0.209     2.135    u_fc/u_core/u_ingress/slice_context_error_q_i_15_1
    SLICE_X32Y140        LUT6 (Prop_H6LUT_SLICEM_I2_O)
                                                      0.060     2.195 r  u_fc/u_core/u_ingress/slice_context_error_q_i_24/O
                         net (fo=6, routed)           0.200     2.396    u_fc/u_core/u_ingress/bus_shared_cfg_valid
    SLICE_X32Y137        LUT6 (Prop_B6LUT_SLICEM_I0_O)
                                                      0.225     2.621 f  u_fc/u_core/u_ingress/slice_context_error_q_i_15/O
                         net (fo=2, routed)           0.107     2.728    u_fc/u_core/u_core/u_core/slice_context_error_q_i_4_0
    SLICE_X32Y137        LUT6 (Prop_D6LUT_SLICEM_I5_O)
                                                      0.080     2.808 f  u_fc/u_core/u_core/u_core/slice_context_error_q_i_7/O
                         net (fo=1, routed)           0.103     2.911    u_fc/u_core/u_core/u_core/u_issuer/tile_tag_q_reg[0]_1
    SLICE_X32Y136        LUT6 (Prop_G6LUT_SLICEM_I0_O)
                                                      0.152     3.063 r  u_fc/u_core/u_core/u_core/u_issuer/slice_context_error_q_i_4/O
                         net (fo=5, routed)           0.117     3.180    u_rs/u_datapath/u_dma_fed_datapath/u_datapath/u_core/u_feeder/output_chunk_ready
    SLICE_X32Y134        LUT6 (Prop_G6LUT_SLICEM_I3_O)
                                                      0.057     3.237 r  u_rs/u_datapath/u_dma_fed_datapath/u_datapath/u_core/u_feeder/chunk_active_q_i_6/O
                         net (fo=49, routed)          0.289     3.526    u_rs/u_datapath/u_dma_fed_datapath/u_datapath/u_core/u_feeder/configured_q_reg
    SLICE_X31Y128        LUT6 (Prop_E6LUT_SLICEM_I2_O)
                                                      0.057     3.583 r  u_rs/u_datapath/u_dma_fed_datapath/u_datapath/u_core/u_feeder/output_w_q[7]_i_1/O
                         net (fo=96, routed)          0.527     4.110    u_rs/u_datapath/u_dma_fed_datapath/u_datapath/u_core/u_feeder/frame_fire
    SLICE_X29Y117        LUT6 (Prop_H6LUT_SLICEM_I4_O)
                                                      0.189     4.299 r  u_rs/u_datapath/u_dma_fed_datapath/u_datapath/u_core/u_feeder/pixel_q[0][63]_i_1/O
                         net (fo=64, routed)          0.558     4.857    u_rs/u_datapath/u_dma_fed_datapath/u_datapath/u_core/u_feeder/pixel_q[0][63]_i_1_n_0
    SLICE_X27Y112        FDRE                                         r  u_rs/u_datapath/u_dma_fed_datapath/u_datapath/u_core/u_feeder/pixel_q_reg[0][46]/R
  -------------------------------------------------------------------    -------------------

                         (clock clk rise edge)        5.000     5.000 r  
                                                      0.000     5.000 r  clk (IN)
                         net (fo=8085, unset)         0.029     5.029    u_rs/u_datapath/u_dma_fed_datapath/u_datapath/u_core/u_feeder/clk
    SLICE_X27Y112        FDRE                                         r  u_rs/u_datapath/u_dma_fed_datapath/u_datapath/u_core/u_feeder/pixel_q_reg[0][46]/C
                         clock pessimism              0.000     5.029    
                         clock uncertainty           -0.035     4.994    
    SLICE_X27Y112        FDRE (Setup_AFF_SLICEL_C_R)
                                                     -0.118     4.876    u_rs/u_datapath/u_dma_fed_datapath/u_datapath/u_core/u_feeder/pixel_q_reg[0][46]
  -------------------------------------------------------------------
                         required time                          4.876    
                         arrival time                          -4.857    
  -------------------------------------------------------------------
                         slack                                  0.018    

Slack (MET) :             0.018ns  (required time - arrival time)
  Source:                 fc_result_complete_n_base[3]
                            (input port clocked by clk  {rise@0.000ns fall@2.500ns period=5.000ns})
  Destination:            u_rs/u_datapath/u_dma_fed_datapath/u_datapath/u_core/u_feeder/pixel_q_reg[0][8]/R
                            (rising edge-triggered cell FDRE clocked by clk  {rise@0.000ns fall@2.500ns period=5.000ns})
  Path Group:             clk
  Path Type:              Setup (Max at Slow Process Corner)
  Requirement:            5.000ns  (clk rise@5.000ns - clk rise@0.000ns)
  Data Path Delay:        3.857ns  (logic 1.427ns (36.995%)  route 2.430ns (63.005%))
  Logic Levels:           11  (LUT6=11)
  Input Delay:            1.000ns
  Clock Path Skew:        0.029ns (DCD - SCD + CPR)
    Destination Clock Delay (DCD):    0.029ns = ( 5.029 - 5.000 ) 
    Source Clock Delay      (SCD):    0.000ns
    Clock Pessimism Removal (CPR):    0.000ns
  Clock Uncertainty:      0.035ns  ((TSJ^2 + TIJ^2)^1/2 + DJ) / 2 + PE
    Total System Jitter     (TSJ):    0.071ns
    Total Input Jitter      (TIJ):    0.000ns
    Discrete Jitter          (DJ):    0.000ns
    Phase Error              (PE):    0.000ns

    Location             Delay type                Incr(ns)  Path(ns)    Netlist Resource(s)
  -------------------------------------------------------------------    -------------------
                         (clock clk rise edge)        0.000     0.000 r  
                         input delay                  1.000     1.000    
                                                      0.000     1.000 r  fc_result_complete_n_base[3] (IN)
                         net (fo=0)                   0.000     1.000    u_fc/u_controller/fc_result_complete_n_base[3]
    SLICE_X29Y143        LUT6 (Prop_D6LUT_SLICEM_I0_O)
                                                      0.220     1.220 f  u_fc/u_controller/fc_fault_INST_0_i_15/O
                         net (fo=1, routed)           0.107     1.327    u_fc/u_controller/fc_fault_INST_0_i_15_n_0
    SLICE_X30Y143        LUT6 (Prop_D6LUT_SLICEL_I0_O)
                                                      0.221     1.548 f  u_fc/u_controller/fc_fault_INST_0_i_12/O
                         net (fo=1, routed)           0.045     1.593    u_fc/u_controller/fc_fault_INST_0_i_12_n_0
    SLICE_X30Y143        LUT6 (Prop_B6LUT_SLICEL_I4_O)
                                                      0.083     1.676 f  u_fc/u_controller/fc_fault_INST_0_i_3/O
                         net (fo=2, routed)           0.167     1.843    u_fc/u_controller/result_ack_bad2__24
    SLICE_X31Y143        LUT6 (Prop_A6LUT_SLICEM_I2_O)
                                                      0.083     1.926 f  u_fc/u_controller/fc_fault_INST_0/O
                         net (fo=12, routed)          0.209     2.135    u_fc/u_core/u_ingress/slice_context_error_q_i_15_1
    SLICE_X32Y140        LUT6 (Prop_H6LUT_SLICEM_I2_O)
                                                      0.060     2.195 r  u_fc/u_core/u_ingress/slice_context_error_q_i_24/O
                         net (fo=6, routed)           0.200     2.396    u_fc/u_core/u_ingress/bus_shared_cfg_valid
    SLICE_X32Y137        LUT6 (Prop_B6LUT_SLICEM_I0_O)
                                                      0.225     2.621 f  u_fc/u_core/u_ingress/slice_context_error_q_i_15/O
                         net (fo=2, routed)           0.107     2.728    u_fc/u_core/u_core/u_core/slice_context_error_q_i_4_0
    SLICE_X32Y137        LUT6 (Prop_D6LUT_SLICEM_I5_O)
                                                      0.080     2.808 f  u_fc/u_core/u_core/u_core/slice_context_error_q_i_7/O
                         net (fo=1, routed)           0.103     2.911    u_fc/u_core/u_core/u_core/u_issuer/tile_tag_q_reg[0]_1
    SLICE_X32Y136        LUT6 (Prop_G6LUT_SLICEM_I0_O)
                                                      0.152     3.063 r  u_fc/u_core/u_core/u_core/u_issuer/slice_context_error_q_i_4/O
                         net (fo=5, routed)           0.117     3.180    u_rs/u_datapath/u_dma_fed_datapath/u_datapath/u_core/u_feeder/output_chunk_ready
    SLICE_X32Y134        LUT6 (Prop_G6LUT_SLICEM_I3_O)
                                                      0.057     3.237 r  u_rs/u_datapath/u_dma_fed_datapath/u_datapath/u_core/u_feeder/chunk_active_q_i_6/O
                         net (fo=49, routed)          0.289     3.526    u_rs/u_datapath/u_dma_fed_datapath/u_datapath/u_core/u_feeder/configured_q_reg
    SLICE_X31Y128        LUT6 (Prop_E6LUT_SLICEM_I2_O)
                                                      0.057     3.583 r  u_rs/u_datapath/u_dma_fed_datapath/u_datapath/u_core/u_feeder/output_w_q[7]_i_1/O
                         net (fo=96, routed)          0.527     4.110    u_rs/u_datapath/u_dma_fed_datapath/u_datapath/u_core/u_feeder/frame_fire
    SLICE_X29Y117        LUT6 (Prop_H6LUT_SLICEM_I4_O)
                                                      0.189     4.299 r  u_rs/u_datapath/u_dma_fed_datapath/u_datapath/u_core/u_feeder/pixel_q[0][63]_i_1/O
                         net (fo=64, routed)          0.558     4.857    u_rs/u_datapath/u_dma_fed_datapath/u_datapath/u_core/u_feeder/pixel_q[0][63]_i_1_n_0
    SLICE_X27Y112        FDRE                                         r  u_rs/u_datapath/u_dma_fed_datapath/u_datapath/u_core/u_feeder/pixel_q_reg[0][8]/R
  -------------------------------------------------------------------    -------------------

                         (clock clk rise edge)        5.000     5.000 r  
                                                      0.000     5.000 r  clk (IN)
                         net (fo=8085, unset)         0.029     5.029    u_rs/u_datapath/u_dma_fed_datapath/u_datapath/u_core/u_feeder/clk
    SLICE_X27Y112        FDRE                                         r  u_rs/u_datapath/u_dma_fed_datapath/u_datapath/u_core/u_feeder/pixel_q_reg[0][8]/C
                         clock pessimism              0.000     5.029    
                         clock uncertainty           -0.035     4.994    
    SLICE_X27Y112        FDRE (Setup_AFF2_SLICEL_C_R)
                                                     -0.118     4.876    u_rs/u_datapath/u_dma_fed_datapath/u_datapath/u_core/u_feeder/pixel_q_reg[0][8]
  -------------------------------------------------------------------
                         required time                          4.876    
                         arrival time                          -4.857    
  -------------------------------------------------------------------
                         slack                                  0.018    

Slack (MET) :             0.024ns  (required time - arrival time)
  Source:                 fc_result_complete_n_base[3]
                            (input port clocked by clk  {rise@0.000ns fall@2.500ns period=5.000ns})
  Destination:            u_rs/u_datapath/u_dma_fed_datapath/u_datapath/u_core/u_feeder/pixel_q_reg[0][33]/R
                            (rising edge-triggered cell FDRE clocked by clk  {rise@0.000ns fall@2.500ns period=5.000ns})
  Path Group:             clk
  Path Type:              Setup (Max at Slow Process Corner)
  Requirement:            5.000ns  (clk rise@5.000ns - clk rise@0.000ns)
  Data Path Delay:        3.852ns  (logic 1.427ns (37.050%)  route 2.425ns (62.950%))
  Logic Levels:           11  (LUT6=11)
  Input Delay:            1.000ns
  Clock Path Skew:        0.029ns (DCD - SCD + CPR)
    Destination Clock Delay (DCD):    0.029ns = ( 5.029 - 5.000 ) 
    Source Clock Delay      (SCD):    0.000ns
    Clock Pessimism Removal (CPR):    0.000ns
  Clock Uncertainty:      0.035ns  ((TSJ^2 + TIJ^2)^1/2 + DJ) / 2 + PE
    Total System Jitter     (TSJ):    0.071ns
    Total Input Jitter      (TIJ):    0.000ns
    Discrete Jitter          (DJ):    0.000ns
    Phase Error              (PE):    0.000ns

    Location             Delay type                Incr(ns)  Path(ns)    Netlist Resource(s)
  -------------------------------------------------------------------    -------------------
                         (clock clk rise edge)        0.000     0.000 r  
                         input delay                  1.000     1.000    
                                                      0.000     1.000 r  fc_result_complete_n_base[3] (IN)
                         net (fo=0)                   0.000     1.000    u_fc/u_controller/fc_result_complete_n_base[3]
    SLICE_X29Y143        LUT6 (Prop_D6LUT_SLICEM_I0_O)
                                                      0.220     1.220 f  u_fc/u_controller/fc_fault_INST_0_i_15/O
                         net (fo=1, routed)           0.107     1.327    u_fc/u_controller/fc_fault_INST_0_i_15_n_0
    SLICE_X30Y143        LUT6 (Prop_D6LUT_SLICEL_I0_O)
                                                      0.221     1.548 f  u_fc/u_controller/fc_fault_INST_0_i_12/O
                         net (fo=1, routed)           0.045     1.593    u_fc/u_controller/fc_fault_INST_0_i_12_n_0
    SLICE_X30Y143        LUT6 (Prop_B6LUT_SLICEL_I4_O)
                                                      0.083     1.676 f  u_fc/u_controller/fc_fault_INST_0_i_3/O
                         net (fo=2, routed)           0.167     1.843    u_fc/u_controller/result_ack_bad2__24
    SLICE_X31Y143        LUT6 (Prop_A6LUT_SLICEM_I2_O)
                                                      0.083     1.926 f  u_fc/u_controller/fc_fault_INST_0/O
                         net (fo=12, routed)          0.209     2.135    u_fc/u_core/u_ingress/slice_context_error_q_i_15_1
    SLICE_X32Y140        LUT6 (Prop_H6LUT_SLICEM_I2_O)
                                                      0.060     2.195 r  u_fc/u_core/u_ingress/slice_context_error_q_i_24/O
                         net (fo=6, routed)           0.200     2.396    u_fc/u_core/u_ingress/bus_shared_cfg_valid
    SLICE_X32Y137        LUT6 (Prop_B6LUT_SLICEM_I0_O)
                                                      0.225     2.621 f  u_fc/u_core/u_ingress/slice_context_error_q_i_15/O
                         net (fo=2, routed)           0.107     2.728    u_fc/u_core/u_core/u_core/slice_context_error_q_i_4_0
    SLICE_X32Y137        LUT6 (Prop_D6LUT_SLICEM_I5_O)
                                                      0.080     2.808 f  u_fc/u_core/u_core/u_core/slice_context_error_q_i_7/O
                         net (fo=1, routed)           0.103     2.911    u_fc/u_core/u_core/u_core/u_issuer/tile_tag_q_reg[0]_1
    SLICE_X32Y136        LUT6 (Prop_G6LUT_SLICEM_I0_O)
                                                      0.152     3.063 r  u_fc/u_core/u_core/u_core/u_issuer/slice_context_error_q_i_4/O
                         net (fo=5, routed)           0.117     3.180    u_rs/u_datapath/u_dma_fed_datapath/u_datapath/u_core/u_feeder/output_chunk_ready
    SLICE_X32Y134        LUT6 (Prop_G6LUT_SLICEM_I3_O)
                                                      0.057     3.237 r  u_rs/u_datapath/u_dma_fed_datapath/u_datapath/u_core/u_feeder/chunk_active_q_i_6/O
                         net (fo=49, routed)          0.289     3.526    u_rs/u_datapath/u_dma_fed_datapath/u_datapath/u_core/u_feeder/configured_q_reg
    SLICE_X31Y128        LUT6 (Prop_E6LUT_SLICEM_I2_O)
                                                      0.057     3.583 r  u_rs/u_datapath/u_dma_fed_datapath/u_datapath/u_core/u_feeder/output_w_q[7]_i_1/O
                         net (fo=96, routed)          0.527     4.110    u_rs/u_datapath/u_dma_fed_datapath/u_datapath/u_core/u_feeder/frame_fire
    SLICE_X29Y117        LUT6 (Prop_H6LUT_SLICEM_I4_O)
                                                      0.189     4.299 r  u_rs/u_datapath/u_dma_fed_datapath/u_datapath/u_core/u_feeder/pixel_q[0][63]_i_1/O
                         net (fo=64, routed)          0.552     4.852    u_rs/u_datapath/u_dma_fed_datapath/u_datapath/u_core/u_feeder/pixel_q[0][63]_i_1_n_0
    SLICE_X26Y115        FDRE                                         r  u_rs/u_datapath/u_dma_fed_datapath/u_datapath/u_core/u_feeder/pixel_q_reg[0][33]/R
  -------------------------------------------------------------------    -------------------

                         (clock clk rise edge)        5.000     5.000 r  
                                                      0.000     5.000 r  clk (IN)
                         net (fo=8085, unset)         0.029     5.029    u_rs/u_datapath/u_dma_fed_datapath/u_datapath/u_core/u_feeder/clk
    SLICE_X26Y115        FDRE                                         r  u_rs/u_datapath/u_dma_fed_datapath/u_datapath/u_core/u_feeder/pixel_q_reg[0][33]/C
                         clock pessimism              0.000     5.029    
                         clock uncertainty           -0.035     4.994    
    SLICE_X26Y115        FDRE (Setup_AFF_SLICEL_C_R)
                                                     -0.118     4.876    u_rs/u_datapath/u_dma_fed_datapath/u_datapath/u_core/u_feeder/pixel_q_reg[0][33]
  -------------------------------------------------------------------
                         required time                          4.876    
                         arrival time                          -4.852    
  -------------------------------------------------------------------
                         slack                                  0.024    

Slack (MET) :             0.024ns  (required time - arrival time)
  Source:                 fc_result_complete_n_base[3]
                            (input port clocked by clk  {rise@0.000ns fall@2.500ns period=5.000ns})
  Destination:            u_rs/u_datapath/u_dma_fed_datapath/u_datapath/u_core/u_feeder/pixel_q_reg[0][49]/R
                            (rising edge-triggered cell FDRE clocked by clk  {rise@0.000ns fall@2.500ns period=5.000ns})
  Path Group:             clk
  Path Type:              Setup (Max at Slow Process Corner)
  Requirement:            5.000ns  (clk rise@5.000ns - clk rise@0.000ns)
  Data Path Delay:        3.852ns  (logic 1.427ns (37.050%)  route 2.425ns (62.950%))
  Logic Levels:           11  (LUT6=11)
  Input Delay:            1.000ns
  Clock Path Skew:        0.029ns (DCD - SCD + CPR)
    Destination Clock Delay (DCD):    0.029ns = ( 5.029 - 5.000 ) 
    Source Clock Delay      (SCD):    0.000ns
    Clock Pessimism Removal (CPR):    0.000ns
  Clock Uncertainty:      0.035ns  ((TSJ^2 + TIJ^2)^1/2 + DJ) / 2 + PE
    Total System Jitter     (TSJ):    0.071ns
    Total Input Jitter      (TIJ):    0.000ns
    Discrete Jitter          (DJ):    0.000ns
    Phase Error              (PE):    0.000ns

    Location             Delay type                Incr(ns)  Path(ns)    Netlist Resource(s)
  -------------------------------------------------------------------    -------------------
                         (clock clk rise edge)        0.000     0.000 r  
                         input delay                  1.000     1.000    
                                                      0.000     1.000 r  fc_result_complete_n_base[3] (IN)
                         net (fo=0)                   0.000     1.000    u_fc/u_controller/fc_result_complete_n_base[3]
    SLICE_X29Y143        LUT6 (Prop_D6LUT_SLICEM_I0_O)
                                                      0.220     1.220 f  u_fc/u_controller/fc_fault_INST_0_i_15/O
                         net (fo=1, routed)           0.107     1.327    u_fc/u_controller/fc_fault_INST_0_i_15_n_0
    SLICE_X30Y143        LUT6 (Prop_D6LUT_SLICEL_I0_O)
                                                      0.221     1.548 f  u_fc/u_controller/fc_fault_INST_0_i_12/O
                         net (fo=1, routed)           0.045     1.593    u_fc/u_controller/fc_fault_INST_0_i_12_n_0
    SLICE_X30Y143        LUT6 (Prop_B6LUT_SLICEL_I4_O)
                                                      0.083     1.676 f  u_fc/u_controller/fc_fault_INST_0_i_3/O
                         net (fo=2, routed)           0.167     1.843    u_fc/u_controller/result_ack_bad2__24
    SLICE_X31Y143        LUT6 (Prop_A6LUT_SLICEM_I2_O)
                                                      0.083     1.926 f  u_fc/u_controller/fc_fault_INST_0/O
                         net (fo=12, routed)          0.209     2.135    u_fc/u_core/u_ingress/slice_context_error_q_i_15_1
    SLICE_X32Y140        LUT6 (Prop_H6LUT_SLICEM_I2_O)
                                                      0.060     2.195 r  u_fc/u_core/u_ingress/slice_context_error_q_i_24/O
                         net (fo=6, routed)           0.200     2.396    u_fc/u_core/u_ingress/bus_shared_cfg_valid
    SLICE_X32Y137        LUT6 (Prop_B6LUT_SLICEM_I0_O)
                                                      0.225     2.621 f  u_fc/u_core/u_ingress/slice_context_error_q_i_15/O
                         net (fo=2, routed)           0.107     2.728    u_fc/u_core/u_core/u_core/slice_context_error_q_i_4_0
    SLICE_X32Y137        LUT6 (Prop_D6LUT_SLICEM_I5_O)
                                                      0.080     2.808 f  u_fc/u_core/u_core/u_core/slice_context_error_q_i_7/O
                         net (fo=1, routed)           0.103     2.911    u_fc/u_core/u_core/u_core/u_issuer/tile_tag_q_reg[0]_1
    SLICE_X32Y136        LUT6 (Prop_G6LUT_SLICEM_I0_O)
                                                      0.152     3.063 r  u_fc/u_core/u_core/u_core/u_issuer/slice_context_error_q_i_4/O
                         net (fo=5, routed)           0.117     3.180    u_rs/u_datapath/u_dma_fed_datapath/u_datapath/u_core/u_feeder/output_chunk_ready
    SLICE_X32Y134        LUT6 (Prop_G6LUT_SLICEM_I3_O)
                                                      0.057     3.237 r  u_rs/u_datapath/u_dma_fed_datapath/u_datapath/u_core/u_feeder/chunk_active_q_i_6/O
                         net (fo=49, routed)          0.289     3.526    u_rs/u_datapath/u_dma_fed_datapath/u_datapath/u_core/u_feeder/configured_q_reg
    SLICE_X31Y128        LUT6 (Prop_E6LUT_SLICEM_I2_O)
                                                      0.057     3.583 r  u_rs/u_datapath/u_dma_fed_datapath/u_datapath/u_core/u_feeder/output_w_q[7]_i_1/O
                         net (fo=96, routed)          0.527     4.110    u_rs/u_datapath/u_dma_fed_datapath/u_datapath/u_core/u_feeder/frame_fire
    SLICE_X29Y117        LUT6 (Prop_H6LUT_SLICEM_I4_O)
                                                      0.189     4.299 r  u_rs/u_datapath/u_dma_fed_datapath/u_datapath/u_core/u_feeder/pixel_q[0][63]_i_1/O
                         net (fo=64, routed)          0.552     4.852    u_rs/u_datapath/u_dma_fed_datapath/u_datapath/u_core/u_feeder/pixel_q[0][63]_i_1_n_0
    SLICE_X26Y115        FDRE                                         r  u_rs/u_datapath/u_dma_fed_datapath/u_datapath/u_core/u_feeder/pixel_q_reg[0][49]/R
  -------------------------------------------------------------------    -------------------

                         (clock clk rise edge)        5.000     5.000 r  
                                                      0.000     5.000 r  clk (IN)
                         net (fo=8085, unset)         0.029     5.029    u_rs/u_datapath/u_dma_fed_datapath/u_datapath/u_core/u_feeder/clk
    SLICE_X26Y115        FDRE                                         r  u_rs/u_datapath/u_dma_fed_datapath/u_datapath/u_core/u_feeder/pixel_q_reg[0][49]/C
                         clock pessimism              0.000     5.029    
                         clock uncertainty           -0.035     4.994    
    SLICE_X26Y115        FDRE (Setup_AFF2_SLICEL_C_R)
                                                     -0.118     4.876    u_rs/u_datapath/u_dma_fed_datapath/u_datapath/u_core/u_feeder/pixel_q_reg[0][49]
  -------------------------------------------------------------------
                         required time                          4.876    
                         arrival time                          -4.852    
  -------------------------------------------------------------------
                         slack                                  0.024    

Slack (MET) :             0.046ns  (required time - arrival time)
  Source:                 fc_result_complete_n_base[3]
                            (input port clocked by clk  {rise@0.000ns fall@2.500ns period=5.000ns})
  Destination:            u_rs/u_datapath/u_dma_fed_datapath/u_datapath/u_core/u_feeder/pixel_q_reg[0][21]/R
                            (rising edge-triggered cell FDRE clocked by clk  {rise@0.000ns fall@2.500ns period=5.000ns})
  Path Group:             clk
  Path Type:              Setup (Max at Slow Process Corner)
  Requirement:            5.000ns  (clk rise@5.000ns - clk rise@0.000ns)
  Data Path Delay:        3.830ns  (logic 1.427ns (37.259%)  route 2.403ns (62.741%))
  Logic Levels:           11  (LUT6=11)
  Input Delay:            1.000ns
  Clock Path Skew:        0.029ns (DCD - SCD + CPR)
    Destination Clock Delay (DCD):    0.029ns = ( 5.029 - 5.000 ) 
    Source Clock Delay      (SCD):    0.000ns
    Clock Pessimism Removal (CPR):    0.000ns
  Clock Uncertainty:      0.035ns  ((TSJ^2 + TIJ^2)^1/2 + DJ) / 2 + PE
    Total System Jitter     (TSJ):    0.071ns
    Total Input Jitter      (TIJ):    0.000ns
    Discrete Jitter          (DJ):    0.000ns
    Phase Error              (PE):    0.000ns

    Location             Delay type                Incr(ns)  Path(ns)    Netlist Resource(s)
  -------------------------------------------------------------------    -------------------
                         (clock clk rise edge)        0.000     0.000 r  
                         input delay                  1.000     1.000    
                                                      0.000     1.000 r  fc_result_complete_n_base[3] (IN)
                         net (fo=0)                   0.000     1.000    u_fc/u_controller/fc_result_complete_n_base[3]
    SLICE_X29Y143        LUT6 (Prop_D6LUT_SLICEM_I0_O)
                                                      0.220     1.220 f  u_fc/u_controller/fc_fault_INST_0_i_15/O
                         net (fo=1, routed)           0.107     1.327    u_fc/u_controller/fc_fault_INST_0_i_15_n_0
    SLICE_X30Y143        LUT6 (Prop_D6LUT_SLICEL_I0_O)
                                                      0.221     1.548 f  u_fc/u_controller/fc_fault_INST_0_i_12/O
                         net (fo=1, routed)           0.045     1.593    u_fc/u_controller/fc_fault_INST_0_i_12_n_0
    SLICE_X30Y143        LUT6 (Prop_B6LUT_SLICEL_I4_O)
                                                      0.083     1.676 f  u_fc/u_controller/fc_fault_INST_0_i_3/O
                         net (fo=2, routed)           0.167     1.843    u_fc/u_controller/result_ack_bad2__24
    SLICE_X31Y143        LUT6 (Prop_A6LUT_SLICEM_I2_O)
                                                      0.083     1.926 f  u_fc/u_controller/fc_fault_INST_0/O
                         net (fo=12, routed)          0.209     2.135    u_fc/u_core/u_ingress/slice_context_error_q_i_15_1
    SLICE_X32Y140        LUT6 (Prop_H6LUT_SLICEM_I2_O)
                                                      0.060     2.195 r  u_fc/u_core/u_ingress/slice_context_error_q_i_24/O
                         net (fo=6, routed)           0.200     2.396    u_fc/u_core/u_ingress/bus_shared_cfg_valid
    SLICE_X32Y137        LUT6 (Prop_B6LUT_SLICEM_I0_O)
                                                      0.225     2.621 f  u_fc/u_core/u_ingress/slice_context_error_q_i_15/O
                         net (fo=2, routed)           0.107     2.728    u_fc/u_core/u_core/u_core/slice_context_error_q_i_4_0
    SLICE_X32Y137        LUT6 (Prop_D6LUT_SLICEM_I5_O)
                                                      0.080     2.808 f  u_fc/u_core/u_core/u_core/slice_context_error_q_i_7/O
                         net (fo=1, routed)           0.103     2.911    u_fc/u_core/u_core/u_core/u_issuer/tile_tag_q_reg[0]_1
    SLICE_X32Y136        LUT6 (Prop_G6LUT_SLICEM_I0_O)
                                                      0.152     3.063 r  u_fc/u_core/u_core/u_core/u_issuer/slice_context_error_q_i_4/O
                         net (fo=5, routed)           0.117     3.180    u_rs/u_datapath/u_dma_fed_datapath/u_datapath/u_core/u_feeder/output_chunk_ready
    SLICE_X32Y134        LUT6 (Prop_G6LUT_SLICEM_I3_O)
                                                      0.057     3.237 r  u_rs/u_datapath/u_dma_fed_datapath/u_datapath/u_core/u_feeder/chunk_active_q_i_6/O
                         net (fo=49, routed)          0.289     3.526    u_rs/u_datapath/u_dma_fed_datapath/u_datapath/u_core/u_feeder/configured_q_reg
    SLICE_X31Y128        LUT6 (Prop_E6LUT_SLICEM_I2_O)
                                                      0.057     3.583 r  u_rs/u_datapath/u_dma_fed_datapath/u_datapath/u_core/u_feeder/output_w_q[7]_i_1/O
                         net (fo=96, routed)          0.527     4.110    u_rs/u_datapath/u_dma_fed_datapath/u_datapath/u_core/u_feeder/frame_fire
    SLICE_X29Y117        LUT6 (Prop_H6LUT_SLICEM_I4_O)
                                                      0.189     4.299 r  u_rs/u_datapath/u_dma_fed_datapath/u_datapath/u_core/u_feeder/pixel_q[0][63]_i_1/O
                         net (fo=64, routed)          0.531     4.830    u_rs/u_datapath/u_dma_fed_datapath/u_datapath/u_core/u_feeder/pixel_q[0][63]_i_1_n_0
    SLICE_X26Y114        FDRE                                         r  u_rs/u_datapath/u_dma_fed_datapath/u_datapath/u_core/u_feeder/pixel_q_reg[0][21]/R
  -------------------------------------------------------------------    -------------------

                         (clock clk rise edge)        5.000     5.000 r  
                                                      0.000     5.000 r  clk (IN)
                         net (fo=8085, unset)         0.029     5.029    u_rs/u_datapath/u_dma_fed_datapath/u_datapath/u_core/u_feeder/clk
    SLICE_X26Y114        FDRE                                         r  u_rs/u_datapath/u_dma_fed_datapath/u_datapath/u_core/u_feeder/pixel_q_reg[0][21]/C
                         clock pessimism              0.000     5.029    
                         clock uncertainty           -0.035     4.994    
    SLICE_X26Y114        FDRE (Setup_AFF_SLICEL_C_R)
                                                     -0.118     4.876    u_rs/u_datapath/u_dma_fed_datapath/u_datapath/u_core/u_feeder/pixel_q_reg[0][21]
  -------------------------------------------------------------------
                         required time                          4.876    
                         arrival time                          -4.830    
  -------------------------------------------------------------------
                         slack                                  0.046    

Slack (MET) :             0.046ns  (required time - arrival time)
  Source:                 fc_result_complete_n_base[3]
                            (input port clocked by clk  {rise@0.000ns fall@2.500ns period=5.000ns})
  Destination:            u_rs/u_datapath/u_dma_fed_datapath/u_datapath/u_core/u_feeder/pixel_q_reg[0][24]/R
                            (rising edge-triggered cell FDRE clocked by clk  {rise@0.000ns fall@2.500ns period=5.000ns})
  Path Group:             clk
  Path Type:              Setup (Max at Slow Process Corner)
  Requirement:            5.000ns  (clk rise@5.000ns - clk rise@0.000ns)
  Data Path Delay:        3.830ns  (logic 1.427ns (37.259%)  route 2.403ns (62.741%))
  Logic Levels:           11  (LUT6=11)
  Input Delay:            1.000ns
  Clock Path Skew:        0.029ns (DCD - SCD + CPR)
    Destination Clock Delay (DCD):    0.029ns = ( 5.029 - 5.000 ) 
    Source Clock Delay      (SCD):    0.000ns
    Clock Pessimism Removal (CPR):    0.000ns
  Clock Uncertainty:      0.035ns  ((TSJ^2 + TIJ^2)^1/2 + DJ) / 2 + PE
    Total System Jitter     (TSJ):    0.071ns
    Total Input Jitter      (TIJ):    0.000ns
    Discrete Jitter          (DJ):    0.000ns
    Phase Error              (PE):    0.000ns

    Location             Delay type                Incr(ns)  Path(ns)    Netlist Resource(s)
  -------------------------------------------------------------------    -------------------
                         (clock clk rise edge)        0.000     0.000 r  
                         input delay                  1.000     1.000    
                                                      0.000     1.000 r  fc_result_complete_n_base[3] (IN)
                         net (fo=0)                   0.000     1.000    u_fc/u_controller/fc_result_complete_n_base[3]
    SLICE_X29Y143        LUT6 (Prop_D6LUT_SLICEM_I0_O)
                                                      0.220     1.220 f  u_fc/u_controller/fc_fault_INST_0_i_15/O
                         net (fo=1, routed)           0.107     1.327    u_fc/u_controller/fc_fault_INST_0_i_15_n_0
    SLICE_X30Y143        LUT6 (Prop_D6LUT_SLICEL_I0_O)
                                                      0.221     1.548 f  u_fc/u_controller/fc_fault_INST_0_i_12/O
                         net (fo=1, routed)           0.045     1.593    u_fc/u_controller/fc_fault_INST_0_i_12_n_0
    SLICE_X30Y143        LUT6 (Prop_B6LUT_SLICEL_I4_O)
                                                      0.083     1.676 f  u_fc/u_controller/fc_fault_INST_0_i_3/O
                         net (fo=2, routed)           0.167     1.843    u_fc/u_controller/result_ack_bad2__24
    SLICE_X31Y143        LUT6 (Prop_A6LUT_SLICEM_I2_O)
                                                      0.083     1.926 f  u_fc/u_controller/fc_fault_INST_0/O
                         net (fo=12, routed)          0.209     2.135    u_fc/u_core/u_ingress/slice_context_error_q_i_15_1
    SLICE_X32Y140        LUT6 (Prop_H6LUT_SLICEM_I2_O)
                                                      0.060     2.195 r  u_fc/u_core/u_ingress/slice_context_error_q_i_24/O
                         net (fo=6, routed)           0.200     2.396    u_fc/u_core/u_ingress/bus_shared_cfg_valid
    SLICE_X32Y137        LUT6 (Prop_B6LUT_SLICEM_I0_O)
                                                      0.225     2.621 f  u_fc/u_core/u_ingress/slice_context_error_q_i_15/O
                         net (fo=2, routed)           0.107     2.728    u_fc/u_core/u_core/u_core/slice_context_error_q_i_4_0
    SLICE_X32Y137        LUT6 (Prop_D6LUT_SLICEM_I5_O)
                                                      0.080     2.808 f  u_fc/u_core/u_core/u_core/slice_context_error_q_i_7/O
                         net (fo=1, routed)           0.103     2.911    u_fc/u_core/u_core/u_core/u_issuer/tile_tag_q_reg[0]_1
    SLICE_X32Y136        LUT6 (Prop_G6LUT_SLICEM_I0_O)
                                                      0.152     3.063 r  u_fc/u_core/u_core/u_core/u_issuer/slice_context_error_q_i_4/O
                         net (fo=5, routed)           0.117     3.180    u_rs/u_datapath/u_dma_fed_datapath/u_datapath/u_core/u_feeder/output_chunk_ready
    SLICE_X32Y134        LUT6 (Prop_G6LUT_SLICEM_I3_O)
                                                      0.057     3.237 r  u_rs/u_datapath/u_dma_fed_datapath/u_datapath/u_core/u_feeder/chunk_active_q_i_6/O
                         net (fo=49, routed)          0.289     3.526    u_rs/u_datapath/u_dma_fed_datapath/u_datapath/u_core/u_feeder/configured_q_reg
    SLICE_X31Y128        LUT6 (Prop_E6LUT_SLICEM_I2_O)
                                                      0.057     3.583 r  u_rs/u_datapath/u_dma_fed_datapath/u_datapath/u_core/u_feeder/output_w_q[7]_i_1/O
                         net (fo=96, routed)          0.527     4.110    u_rs/u_datapath/u_dma_fed_datapath/u_datapath/u_core/u_feeder/frame_fire
    SLICE_X29Y117        LUT6 (Prop_H6LUT_SLICEM_I4_O)
                                                      0.189     4.299 r  u_rs/u_datapath/u_dma_fed_datapath/u_datapath/u_core/u_feeder/pixel_q[0][63]_i_1/O
                         net (fo=64, routed)          0.531     4.830    u_rs/u_datapath/u_dma_fed_datapath/u_datapath/u_core/u_feeder/pixel_q[0][63]_i_1_n_0
    SLICE_X26Y114        FDRE                                         r  u_rs/u_datapath/u_dma_fed_datapath/u_datapath/u_core/u_feeder/pixel_q_reg[0][24]/R
  -------------------------------------------------------------------    -------------------

                         (clock clk rise edge)        5.000     5.000 r  
                                                      0.000     5.000 r  clk (IN)
                         net (fo=8085, unset)         0.029     5.029    u_rs/u_datapath/u_dma_fed_datapath/u_datapath/u_core/u_feeder/clk
    SLICE_X26Y114        FDRE                                         r  u_rs/u_datapath/u_dma_fed_datapath/u_datapath/u_core/u_feeder/pixel_q_reg[0][24]/C
                         clock pessimism              0.000     5.029    
                         clock uncertainty           -0.035     4.994    
    SLICE_X26Y114        FDRE (Setup_AFF2_SLICEL_C_R)
                                                     -0.118     4.876    u_rs/u_datapath/u_dma_fed_datapath/u_datapath/u_core/u_feeder/pixel_q_reg[0][24]
  -------------------------------------------------------------------
                         required time                          4.876    
                         arrival time                          -4.830    
  -------------------------------------------------------------------
                         slack                                  0.046    

Slack (MET) :             0.046ns  (required time - arrival time)
  Source:                 fc_result_complete_n_base[3]
                            (input port clocked by clk  {rise@0.000ns fall@2.500ns period=5.000ns})
  Destination:            u_rs/u_datapath/u_dma_fed_datapath/u_datapath/u_core/u_feeder/pixel_q_reg[0][32]/R
                            (rising edge-triggered cell FDRE clocked by clk  {rise@0.000ns fall@2.500ns period=5.000ns})
  Path Group:             clk
  Path Type:              Setup (Max at Slow Process Corner)
  Requirement:            5.000ns  (clk rise@5.000ns - clk rise@0.000ns)
  Data Path Delay:        3.830ns  (logic 1.427ns (37.259%)  route 2.403ns (62.741%))
  Logic Levels:           11  (LUT6=11)
  Input Delay:            1.000ns
  Clock Path Skew:        0.029ns (DCD - SCD + CPR)
    Destination Clock Delay (DCD):    0.029ns = ( 5.029 - 5.000 ) 
    Source Clock Delay      (SCD):    0.000ns
    Clock Pessimism Removal (CPR):    0.000ns
  Clock Uncertainty:      0.035ns  ((TSJ^2 + TIJ^2)^1/2 + DJ) / 2 + PE
    Total System Jitter     (TSJ):    0.071ns
    Total Input Jitter      (TIJ):    0.000ns
    Discrete Jitter          (DJ):    0.000ns
    Phase Error              (PE):    0.000ns

    Location             Delay type                Incr(ns)  Path(ns)    Netlist Resource(s)
  -------------------------------------------------------------------    -------------------
                         (clock clk rise edge)        0.000     0.000 r  
                         input delay                  1.000     1.000    
                                                      0.000     1.000 r  fc_result_complete_n_base[3] (IN)
                         net (fo=0)                   0.000     1.000    u_fc/u_controller/fc_result_complete_n_base[3]
    SLICE_X29Y143        LUT6 (Prop_D6LUT_SLICEM_I0_O)
                                                      0.220     1.220 f  u_fc/u_controller/fc_fault_INST_0_i_15/O
                         net (fo=1, routed)           0.107     1.327    u_fc/u_controller/fc_fault_INST_0_i_15_n_0
    SLICE_X30Y143        LUT6 (Prop_D6LUT_SLICEL_I0_O)
                                                      0.221     1.548 f  u_fc/u_controller/fc_fault_INST_0_i_12/O
                         net (fo=1, routed)           0.045     1.593    u_fc/u_controller/fc_fault_INST_0_i_12_n_0
    SLICE_X30Y143        LUT6 (Prop_B6LUT_SLICEL_I4_O)
                                                      0.083     1.676 f  u_fc/u_controller/fc_fault_INST_0_i_3/O
                         net (fo=2, routed)           0.167     1.843    u_fc/u_controller/result_ack_bad2__24
    SLICE_X31Y143        LUT6 (Prop_A6LUT_SLICEM_I2_O)
                                                      0.083     1.926 f  u_fc/u_controller/fc_fault_INST_0/O
                         net (fo=12, routed)          0.209     2.135    u_fc/u_core/u_ingress/slice_context_error_q_i_15_1
    SLICE_X32Y140        LUT6 (Prop_H6LUT_SLICEM_I2_O)
                                                      0.060     2.195 r  u_fc/u_core/u_ingress/slice_context_error_q_i_24/O
                         net (fo=6, routed)           0.200     2.396    u_fc/u_core/u_ingress/bus_shared_cfg_valid
    SLICE_X32Y137        LUT6 (Prop_B6LUT_SLICEM_I0_O)
                                                      0.225     2.621 f  u_fc/u_core/u_ingress/slice_context_error_q_i_15/O
                         net (fo=2, routed)           0.107     2.728    u_fc/u_core/u_core/u_core/slice_context_error_q_i_4_0
    SLICE_X32Y137        LUT6 (Prop_D6LUT_SLICEM_I5_O)
                                                      0.080     2.808 f  u_fc/u_core/u_core/u_core/slice_context_error_q_i_7/O
                         net (fo=1, routed)           0.103     2.911    u_fc/u_core/u_core/u_core/u_issuer/tile_tag_q_reg[0]_1
    SLICE_X32Y136        LUT6 (Prop_G6LUT_SLICEM_I0_O)
                                                      0.152     3.063 r  u_fc/u_core/u_core/u_core/u_issuer/slice_context_error_q_i_4/O
                         net (fo=5, routed)           0.117     3.180    u_rs/u_datapath/u_dma_fed_datapath/u_datapath/u_core/u_feeder/output_chunk_ready
    SLICE_X32Y134        LUT6 (Prop_G6LUT_SLICEM_I3_O)
                                                      0.057     3.237 r  u_rs/u_datapath/u_dma_fed_datapath/u_datapath/u_core/u_feeder/chunk_active_q_i_6/O
                         net (fo=49, routed)          0.289     3.526    u_rs/u_datapath/u_dma_fed_datapath/u_datapath/u_core/u_feeder/configured_q_reg
    SLICE_X31Y128        LUT6 (Prop_E6LUT_SLICEM_I2_O)
                                                      0.057     3.583 r  u_rs/u_datapath/u_dma_fed_datapath/u_datapath/u_core/u_feeder/output_w_q[7]_i_1/O
                         net (fo=96, routed)          0.527     4.110    u_rs/u_datapath/u_dma_fed_datapath/u_datapath/u_core/u_feeder/frame_fire
    SLICE_X29Y117        LUT6 (Prop_H6LUT_SLICEM_I4_O)
                                                      0.189     4.299 r  u_rs/u_datapath/u_dma_fed_datapath/u_datapath/u_core/u_feeder/pixel_q[0][63]_i_1/O
                         net (fo=64, routed)          0.531     4.830    u_rs/u_datapath/u_dma_fed_datapath/u_datapath/u_core/u_feeder/pixel_q[0][63]_i_1_n_0
    SLICE_X26Y114        FDRE                                         r  u_rs/u_datapath/u_dma_fed_datapath/u_datapath/u_core/u_feeder/pixel_q_reg[0][32]/R
  -------------------------------------------------------------------    -------------------

                         (clock clk rise edge)        5.000     5.000 r  
                                                      0.000     5.000 r  clk (IN)
                         net (fo=8085, unset)         0.029     5.029    u_rs/u_datapath/u_dma_fed_datapath/u_datapath/u_core/u_feeder/clk
    SLICE_X26Y114        FDRE                                         r  u_rs/u_datapath/u_dma_fed_datapath/u_datapath/u_core/u_feeder/pixel_q_reg[0][32]/C
                         clock pessimism              0.000     5.029    
                         clock uncertainty           -0.035     4.994    
    SLICE_X26Y114        FDRE (Setup_BFF_SLICEL_C_R)
                                                     -0.118     4.876    u_rs/u_datapath/u_dma_fed_datapath/u_datapath/u_core/u_feeder/pixel_q_reg[0][32]
  -------------------------------------------------------------------
                         required time                          4.876    
                         arrival time                          -4.830    
  -------------------------------------------------------------------
                         slack                                  0.046    

Slack (MET) :             0.046ns  (required time - arrival time)
  Source:                 fc_result_complete_n_base[3]
                            (input port clocked by clk  {rise@0.000ns fall@2.500ns period=5.000ns})
  Destination:            u_rs/u_datapath/u_dma_fed_datapath/u_datapath/u_core/u_feeder/pixel_q_reg[0][40]/R
                            (rising edge-triggered cell FDRE clocked by clk  {rise@0.000ns fall@2.500ns period=5.000ns})
  Path Group:             clk
  Path Type:              Setup (Max at Slow Process Corner)
  Requirement:            5.000ns  (clk rise@5.000ns - clk rise@0.000ns)
  Data Path Delay:        3.830ns  (logic 1.427ns (37.259%)  route 2.403ns (62.741%))
  Logic Levels:           11  (LUT6=11)
  Input Delay:            1.000ns
  Clock Path Skew:        0.029ns (DCD - SCD + CPR)
    Destination Clock Delay (DCD):    0.029ns = ( 5.029 - 5.000 ) 
    Source Clock Delay      (SCD):    0.000ns
    Clock Pessimism Removal (CPR):    0.000ns
  Clock Uncertainty:      0.035ns  ((TSJ^2 + TIJ^2)^1/2 + DJ) / 2 + PE
    Total System Jitter     (TSJ):    0.071ns
    Total Input Jitter      (TIJ):    0.000ns
    Discrete Jitter          (DJ):    0.000ns
    Phase Error              (PE):    0.000ns

    Location             Delay type                Incr(ns)  Path(ns)    Netlist Resource(s)
  -------------------------------------------------------------------    -------------------
                         (clock clk rise edge)        0.000     0.000 r  
                         input delay                  1.000     1.000    
                                                      0.000     1.000 r  fc_result_complete_n_base[3] (IN)
                         net (fo=0)                   0.000     1.000    u_fc/u_controller/fc_result_complete_n_base[3]
    SLICE_X29Y143        LUT6 (Prop_D6LUT_SLICEM_I0_O)
                                                      0.220     1.220 f  u_fc/u_controller/fc_fault_INST_0_i_15/O
                         net (fo=1, routed)           0.107     1.327    u_fc/u_controller/fc_fault_INST_0_i_15_n_0
    SLICE_X30Y143        LUT6 (Prop_D6LUT_SLICEL_I0_O)
                                                      0.221     1.548 f  u_fc/u_controller/fc_fault_INST_0_i_12/O
                         net (fo=1, routed)           0.045     1.593    u_fc/u_controller/fc_fault_INST_0_i_12_n_0
    SLICE_X30Y143        LUT6 (Prop_B6LUT_SLICEL_I4_O)
                                                      0.083     1.676 f  u_fc/u_controller/fc_fault_INST_0_i_3/O
                         net (fo=2, routed)           0.167     1.843    u_fc/u_controller/result_ack_bad2__24
    SLICE_X31Y143        LUT6 (Prop_A6LUT_SLICEM_I2_O)
                                                      0.083     1.926 f  u_fc/u_controller/fc_fault_INST_0/O
                         net (fo=12, routed)          0.209     2.135    u_fc/u_core/u_ingress/slice_context_error_q_i_15_1
    SLICE_X32Y140        LUT6 (Prop_H6LUT_SLICEM_I2_O)
                                                      0.060     2.195 r  u_fc/u_core/u_ingress/slice_context_error_q_i_24/O
                         net (fo=6, routed)           0.200     2.396    u_fc/u_core/u_ingress/bus_shared_cfg_valid
    SLICE_X32Y137        LUT6 (Prop_B6LUT_SLICEM_I0_O)
                                                      0.225     2.621 f  u_fc/u_core/u_ingress/slice_context_error_q_i_15/O
                         net (fo=2, routed)           0.107     2.728    u_fc/u_core/u_core/u_core/slice_context_error_q_i_4_0
    SLICE_X32Y137        LUT6 (Prop_D6LUT_SLICEM_I5_O)
                                                      0.080     2.808 f  u_fc/u_core/u_core/u_core/slice_context_error_q_i_7/O
                         net (fo=1, routed)           0.103     2.911    u_fc/u_core/u_core/u_core/u_issuer/tile_tag_q_reg[0]_1
    SLICE_X32Y136        LUT6 (Prop_G6LUT_SLICEM_I0_O)
                                                      0.152     3.063 r  u_fc/u_core/u_core/u_core/u_issuer/slice_context_error_q_i_4/O
                         net (fo=5, routed)           0.117     3.180    u_rs/u_datapath/u_dma_fed_datapath/u_datapath/u_core/u_feeder/output_chunk_ready
    SLICE_X32Y134        LUT6 (Prop_G6LUT_SLICEM_I3_O)
                                                      0.057     3.237 r  u_rs/u_datapath/u_dma_fed_datapath/u_datapath/u_core/u_feeder/chunk_active_q_i_6/O
                         net (fo=49, routed)          0.289     3.526    u_rs/u_datapath/u_dma_fed_datapath/u_datapath/u_core/u_feeder/configured_q_reg
    SLICE_X31Y128        LUT6 (Prop_E6LUT_SLICEM_I2_O)
                                                      0.057     3.583 r  u_rs/u_datapath/u_dma_fed_datapath/u_datapath/u_core/u_feeder/output_w_q[7]_i_1/O
                         net (fo=96, routed)          0.527     4.110    u_rs/u_datapath/u_dma_fed_datapath/u_datapath/u_core/u_feeder/frame_fire
    SLICE_X29Y117        LUT6 (Prop_H6LUT_SLICEM_I4_O)
                                                      0.189     4.299 r  u_rs/u_datapath/u_dma_fed_datapath/u_datapath/u_core/u_feeder/pixel_q[0][63]_i_1/O
                         net (fo=64, routed)          0.531     4.830    u_rs/u_datapath/u_dma_fed_datapath/u_datapath/u_core/u_feeder/pixel_q[0][63]_i_1_n_0
    SLICE_X26Y114        FDRE                                         r  u_rs/u_datapath/u_dma_fed_datapath/u_datapath/u_core/u_feeder/pixel_q_reg[0][40]/R
  -------------------------------------------------------------------    -------------------

                         (clock clk rise edge)        5.000     5.000 r  
                                                      0.000     5.000 r  clk (IN)
                         net (fo=8085, unset)         0.029     5.029    u_rs/u_datapath/u_dma_fed_datapath/u_datapath/u_core/u_feeder/clk
    SLICE_X26Y114        FDRE                                         r  u_rs/u_datapath/u_dma_fed_datapath/u_datapath/u_core/u_feeder/pixel_q_reg[0][40]/C
                         clock pessimism              0.000     5.029    
                         clock uncertainty           -0.035     4.994    
    SLICE_X26Y114        FDRE (Setup_BFF2_SLICEL_C_R)
                                                     -0.118     4.876    u_rs/u_datapath/u_dma_fed_datapath/u_datapath/u_core/u_feeder/pixel_q_reg[0][40]
  -------------------------------------------------------------------
                         required time                          4.876    
                         arrival time                          -4.830    
  -------------------------------------------------------------------
                         slack                                  0.046    

Slack (MET) :             0.046ns  (required time - arrival time)
  Source:                 fc_result_complete_n_base[3]
                            (input port clocked by clk  {rise@0.000ns fall@2.500ns period=5.000ns})
  Destination:            u_rs/u_datapath/u_dma_fed_datapath/u_datapath/u_core/u_feeder/pixel_q_reg[0][48]/R
                            (rising edge-triggered cell FDRE clocked by clk  {rise@0.000ns fall@2.500ns period=5.000ns})
  Path Group:             clk
  Path Type:              Setup (Max at Slow Process Corner)
  Requirement:            5.000ns  (clk rise@5.000ns - clk rise@0.000ns)
  Data Path Delay:        3.830ns  (logic 1.427ns (37.259%)  route 2.403ns (62.741%))
  Logic Levels:           11  (LUT6=11)
  Input Delay:            1.000ns
  Clock Path Skew:        0.029ns (DCD - SCD + CPR)
    Destination Clock Delay (DCD):    0.029ns = ( 5.029 - 5.000 ) 
    Source Clock Delay      (SCD):    0.000ns
    Clock Pessimism Removal (CPR):    0.000ns
  Clock Uncertainty:      0.035ns  ((TSJ^2 + TIJ^2)^1/2 + DJ) / 2 + PE
    Total System Jitter     (TSJ):    0.071ns
    Total Input Jitter      (TIJ):    0.000ns
    Discrete Jitter          (DJ):    0.000ns
    Phase Error              (PE):    0.000ns

    Location             Delay type                Incr(ns)  Path(ns)    Netlist Resource(s)
  -------------------------------------------------------------------    -------------------
                         (clock clk rise edge)        0.000     0.000 r  
                         input delay                  1.000     1.000    
                                                      0.000     1.000 r  fc_result_complete_n_base[3] (IN)
                         net (fo=0)                   0.000     1.000    u_fc/u_controller/fc_result_complete_n_base[3]
    SLICE_X29Y143        LUT6 (Prop_D6LUT_SLICEM_I0_O)
                                                      0.220     1.220 f  u_fc/u_controller/fc_fault_INST_0_i_15/O
                         net (fo=1, routed)           0.107     1.327    u_fc/u_controller/fc_fault_INST_0_i_15_n_0
    SLICE_X30Y143        LUT6 (Prop_D6LUT_SLICEL_I0_O)
                                                      0.221     1.548 f  u_fc/u_controller/fc_fault_INST_0_i_12/O
                         net (fo=1, routed)           0.045     1.593    u_fc/u_controller/fc_fault_INST_0_i_12_n_0
    SLICE_X30Y143        LUT6 (Prop_B6LUT_SLICEL_I4_O)
                                                      0.083     1.676 f  u_fc/u_controller/fc_fault_INST_0_i_3/O
                         net (fo=2, routed)           0.167     1.843    u_fc/u_controller/result_ack_bad2__24
    SLICE_X31Y143        LUT6 (Prop_A6LUT_SLICEM_I2_O)
                                                      0.083     1.926 f  u_fc/u_controller/fc_fault_INST_0/O
                         net (fo=12, routed)          0.209     2.135    u_fc/u_core/u_ingress/slice_context_error_q_i_15_1
    SLICE_X32Y140        LUT6 (Prop_H6LUT_SLICEM_I2_O)
                                                      0.060     2.195 r  u_fc/u_core/u_ingress/slice_context_error_q_i_24/O
                         net (fo=6, routed)           0.200     2.396    u_fc/u_core/u_ingress/bus_shared_cfg_valid
    SLICE_X32Y137        LUT6 (Prop_B6LUT_SLICEM_I0_O)
                                                      0.225     2.621 f  u_fc/u_core/u_ingress/slice_context_error_q_i_15/O
                         net (fo=2, routed)           0.107     2.728    u_fc/u_core/u_core/u_core/slice_context_error_q_i_4_0
    SLICE_X32Y137        LUT6 (Prop_D6LUT_SLICEM_I5_O)
                                                      0.080     2.808 f  u_fc/u_core/u_core/u_core/slice_context_error_q_i_7/O
                         net (fo=1, routed)           0.103     2.911    u_fc/u_core/u_core/u_core/u_issuer/tile_tag_q_reg[0]_1
    SLICE_X32Y136        LUT6 (Prop_G6LUT_SLICEM_I0_O)
                                                      0.152     3.063 r  u_fc/u_core/u_core/u_core/u_issuer/slice_context_error_q_i_4/O
                         net (fo=5, routed)           0.117     3.180    u_rs/u_datapath/u_dma_fed_datapath/u_datapath/u_core/u_feeder/output_chunk_ready
    SLICE_X32Y134        LUT6 (Prop_G6LUT_SLICEM_I3_O)
                                                      0.057     3.237 r  u_rs/u_datapath/u_dma_fed_datapath/u_datapath/u_core/u_feeder/chunk_active_q_i_6/O
                         net (fo=49, routed)          0.289     3.526    u_rs/u_datapath/u_dma_fed_datapath/u_datapath/u_core/u_feeder/configured_q_reg
    SLICE_X31Y128        LUT6 (Prop_E6LUT_SLICEM_I2_O)
                                                      0.057     3.583 r  u_rs/u_datapath/u_dma_fed_datapath/u_datapath/u_core/u_feeder/output_w_q[7]_i_1/O
                         net (fo=96, routed)          0.527     4.110    u_rs/u_datapath/u_dma_fed_datapath/u_datapath/u_core/u_feeder/frame_fire
    SLICE_X29Y117        LUT6 (Prop_H6LUT_SLICEM_I4_O)
                                                      0.189     4.299 r  u_rs/u_datapath/u_dma_fed_datapath/u_datapath/u_core/u_feeder/pixel_q[0][63]_i_1/O
                         net (fo=64, routed)          0.531     4.830    u_rs/u_datapath/u_dma_fed_datapath/u_datapath/u_core/u_feeder/pixel_q[0][63]_i_1_n_0
    SLICE_X26Y114        FDRE                                         r  u_rs/u_datapath/u_dma_fed_datapath/u_datapath/u_core/u_feeder/pixel_q_reg[0][48]/R
  -------------------------------------------------------------------    -------------------

                         (clock clk rise edge)        5.000     5.000 r  
                                                      0.000     5.000 r  clk (IN)
                         net (fo=8085, unset)         0.029     5.029    u_rs/u_datapath/u_dma_fed_datapath/u_datapath/u_core/u_feeder/clk
    SLICE_X26Y114        FDRE                                         r  u_rs/u_datapath/u_dma_fed_datapath/u_datapath/u_core/u_feeder/pixel_q_reg[0][48]/C
                         clock pessimism              0.000     5.029    
                         clock uncertainty           -0.035     4.994    
    SLICE_X26Y114        FDRE (Setup_CFF_SLICEL_C_R)
                                                     -0.118     4.876    u_rs/u_datapath/u_dma_fed_datapath/u_datapath/u_core/u_feeder/pixel_q_reg[0][48]
  -------------------------------------------------------------------
                         required time                          4.876    
                         arrival time                          -4.830    
  -------------------------------------------------------------------
                         slack                                  0.046    

Slack (MET) :             0.077ns  (required time - arrival time)
  Source:                 fc_result_complete_n_base[3]
                            (input port clocked by clk  {rise@0.000ns fall@2.500ns period=5.000ns})
  Destination:            u_rs/u_datapath/u_dma_fed_datapath/u_datapath/u_core/u_feeder/pixel_q_reg[0][11]/R
                            (rising edge-triggered cell FDRE clocked by clk  {rise@0.000ns fall@2.500ns period=5.000ns})
  Path Group:             clk
  Path Type:              Setup (Max at Slow Process Corner)
  Requirement:            5.000ns  (clk rise@5.000ns - clk rise@0.000ns)
  Data Path Delay:        3.800ns  (logic 1.427ns (37.553%)  route 2.373ns (62.447%))
  Logic Levels:           11  (LUT6=11)
  Input Delay:            1.000ns
  Clock Path Skew:        0.031ns (DCD - SCD + CPR)
    Destination Clock Delay (DCD):    0.031ns = ( 5.031 - 5.000 ) 
    Source Clock Delay      (SCD):    0.000ns
    Clock Pessimism Removal (CPR):    0.000ns
  Clock Uncertainty:      0.035ns  ((TSJ^2 + TIJ^2)^1/2 + DJ) / 2 + PE
    Total System Jitter     (TSJ):    0.071ns
    Total Input Jitter      (TIJ):    0.000ns
    Discrete Jitter          (DJ):    0.000ns
    Phase Error              (PE):    0.000ns

    Location             Delay type                Incr(ns)  Path(ns)    Netlist Resource(s)
  -------------------------------------------------------------------    -------------------
                         (clock clk rise edge)        0.000     0.000 r  
                         input delay                  1.000     1.000    
                                                      0.000     1.000 r  fc_result_complete_n_base[3] (IN)
                         net (fo=0)                   0.000     1.000    u_fc/u_controller/fc_result_complete_n_base[3]
    SLICE_X29Y143        LUT6 (Prop_D6LUT_SLICEM_I0_O)
                                                      0.220     1.220 f  u_fc/u_controller/fc_fault_INST_0_i_15/O
                         net (fo=1, routed)           0.107     1.327    u_fc/u_controller/fc_fault_INST_0_i_15_n_0
    SLICE_X30Y143        LUT6 (Prop_D6LUT_SLICEL_I0_O)
                                                      0.221     1.548 f  u_fc/u_controller/fc_fault_INST_0_i_12/O
                         net (fo=1, routed)           0.045     1.593    u_fc/u_controller/fc_fault_INST_0_i_12_n_0
    SLICE_X30Y143        LUT6 (Prop_B6LUT_SLICEL_I4_O)
                                                      0.083     1.676 f  u_fc/u_controller/fc_fault_INST_0_i_3/O
                         net (fo=2, routed)           0.167     1.843    u_fc/u_controller/result_ack_bad2__24
    SLICE_X31Y143        LUT6 (Prop_A6LUT_SLICEM_I2_O)
                                                      0.083     1.926 f  u_fc/u_controller/fc_fault_INST_0/O
                         net (fo=12, routed)          0.209     2.135    u_fc/u_core/u_ingress/slice_context_error_q_i_15_1
    SLICE_X32Y140        LUT6 (Prop_H6LUT_SLICEM_I2_O)
                                                      0.060     2.195 r  u_fc/u_core/u_ingress/slice_context_error_q_i_24/O
                         net (fo=6, routed)           0.200     2.396    u_fc/u_core/u_ingress/bus_shared_cfg_valid
    SLICE_X32Y137        LUT6 (Prop_B6LUT_SLICEM_I0_O)
                                                      0.225     2.621 f  u_fc/u_core/u_ingress/slice_context_error_q_i_15/O
                         net (fo=2, routed)           0.107     2.728    u_fc/u_core/u_core/u_core/slice_context_error_q_i_4_0
    SLICE_X32Y137        LUT6 (Prop_D6LUT_SLICEM_I5_O)
                                                      0.080     2.808 f  u_fc/u_core/u_core/u_core/slice_context_error_q_i_7/O
                         net (fo=1, routed)           0.103     2.911    u_fc/u_core/u_core/u_core/u_issuer/tile_tag_q_reg[0]_1
    SLICE_X32Y136        LUT6 (Prop_G6LUT_SLICEM_I0_O)
                                                      0.152     3.063 r  u_fc/u_core/u_core/u_core/u_issuer/slice_context_error_q_i_4/O
                         net (fo=5, routed)           0.117     3.180    u_rs/u_datapath/u_dma_fed_datapath/u_datapath/u_core/u_feeder/output_chunk_ready
    SLICE_X32Y134        LUT6 (Prop_G6LUT_SLICEM_I3_O)
                                                      0.057     3.237 r  u_rs/u_datapath/u_dma_fed_datapath/u_datapath/u_core/u_feeder/chunk_active_q_i_6/O
                         net (fo=49, routed)          0.289     3.526    u_rs/u_datapath/u_dma_fed_datapath/u_datapath/u_core/u_feeder/configured_q_reg
    SLICE_X31Y128        LUT6 (Prop_E6LUT_SLICEM_I2_O)
                                                      0.057     3.583 r  u_rs/u_datapath/u_dma_fed_datapath/u_datapath/u_core/u_feeder/output_w_q[7]_i_1/O
                         net (fo=96, routed)          0.527     4.110    u_rs/u_datapath/u_dma_fed_datapath/u_datapath/u_core/u_feeder/frame_fire
    SLICE_X29Y117        LUT6 (Prop_H6LUT_SLICEM_I4_O)
                                                      0.189     4.299 r  u_rs/u_datapath/u_dma_fed_datapath/u_datapath/u_core/u_feeder/pixel_q[0][63]_i_1/O
                         net (fo=64, routed)          0.501     4.800    u_rs/u_datapath/u_dma_fed_datapath/u_datapath/u_core/u_feeder/pixel_q[0][63]_i_1_n_0
    SLICE_X25Y116        FDRE                                         r  u_rs/u_datapath/u_dma_fed_datapath/u_datapath/u_core/u_feeder/pixel_q_reg[0][11]/R
  -------------------------------------------------------------------    -------------------

                         (clock clk rise edge)        5.000     5.000 r  
                                                      0.000     5.000 r  clk (IN)
                         net (fo=8085, unset)         0.031     5.031    u_rs/u_datapath/u_dma_fed_datapath/u_datapath/u_core/u_feeder/clk
    SLICE_X25Y116        FDRE                                         r  u_rs/u_datapath/u_dma_fed_datapath/u_datapath/u_core/u_feeder/pixel_q_reg[0][11]/C
                         clock pessimism              0.000     5.031    
                         clock uncertainty           -0.035     4.996    
    SLICE_X25Y116        FDRE (Setup_EFF_SLICEM_C_R)
                                                     -0.119     4.877    u_rs/u_datapath/u_dma_fed_datapath/u_datapath/u_core/u_feeder/pixel_q_reg[0][11]
  -------------------------------------------------------------------
                         required time                          4.877    
                         arrival time                          -4.800    
  -------------------------------------------------------------------
                         slack                                  0.077    

Slack (MET) :             0.077ns  (required time - arrival time)
  Source:                 fc_result_complete_n_base[3]
                            (input port clocked by clk  {rise@0.000ns fall@2.500ns period=5.000ns})
  Destination:            u_rs/u_datapath/u_dma_fed_datapath/u_datapath/u_core/u_feeder/pixel_q_reg[1][11]/R
                            (rising edge-triggered cell FDRE clocked by clk  {rise@0.000ns fall@2.500ns period=5.000ns})
  Path Group:             clk
  Path Type:              Setup (Max at Slow Process Corner)
  Requirement:            5.000ns  (clk rise@5.000ns - clk rise@0.000ns)
  Data Path Delay:        3.799ns  (logic 1.424ns (37.488%)  route 2.375ns (62.512%))
  Logic Levels:           11  (LUT6=11)
  Input Delay:            1.000ns
  Clock Path Skew:        0.029ns (DCD - SCD + CPR)
    Destination Clock Delay (DCD):    0.029ns = ( 5.029 - 5.000 ) 
    Source Clock Delay      (SCD):    0.000ns
    Clock Pessimism Removal (CPR):    0.000ns
  Clock Uncertainty:      0.035ns  ((TSJ^2 + TIJ^2)^1/2 + DJ) / 2 + PE
    Total System Jitter     (TSJ):    0.071ns
    Total Input Jitter      (TIJ):    0.000ns
    Discrete Jitter          (DJ):    0.000ns
    Phase Error              (PE):    0.000ns

    Location             Delay type                Incr(ns)  Path(ns)    Netlist Resource(s)
  -------------------------------------------------------------------    -------------------
                         (clock clk rise edge)        0.000     0.000 r  
                         input delay                  1.000     1.000    
                                                      0.000     1.000 r  fc_result_complete_n_base[3] (IN)
                         net (fo=0)                   0.000     1.000    u_fc/u_controller/fc_result_complete_n_base[3]
    SLICE_X29Y143        LUT6 (Prop_D6LUT_SLICEM_I0_O)
                                                      0.220     1.220 f  u_fc/u_controller/fc_fault_INST_0_i_15/O
                         net (fo=1, routed)           0.107     1.327    u_fc/u_controller/fc_fault_INST_0_i_15_n_0
    SLICE_X30Y143        LUT6 (Prop_D6LUT_SLICEL_I0_O)
                                                      0.221     1.548 f  u_fc/u_controller/fc_fault_INST_0_i_12/O
                         net (fo=1, routed)           0.045     1.593    u_fc/u_controller/fc_fault_INST_0_i_12_n_0
    SLICE_X30Y143        LUT6 (Prop_B6LUT_SLICEL_I4_O)
                                                      0.083     1.676 f  u_fc/u_controller/fc_fault_INST_0_i_3/O
                         net (fo=2, routed)           0.167     1.843    u_fc/u_controller/result_ack_bad2__24
    SLICE_X31Y143        LUT6 (Prop_A6LUT_SLICEM_I2_O)
                                                      0.083     1.926 f  u_fc/u_controller/fc_fault_INST_0/O
                         net (fo=12, routed)          0.209     2.135    u_fc/u_core/u_ingress/slice_context_error_q_i_15_1
    SLICE_X32Y140        LUT6 (Prop_H6LUT_SLICEM_I2_O)
                                                      0.060     2.195 r  u_fc/u_core/u_ingress/slice_context_error_q_i_24/O
                         net (fo=6, routed)           0.200     2.396    u_fc/u_core/u_ingress/bus_shared_cfg_valid
    SLICE_X32Y137        LUT6 (Prop_B6LUT_SLICEM_I0_O)
                                                      0.225     2.621 f  u_fc/u_core/u_ingress/slice_context_error_q_i_15/O
                         net (fo=2, routed)           0.107     2.728    u_fc/u_core/u_core/u_core/slice_context_error_q_i_4_0
    SLICE_X32Y137        LUT6 (Prop_D6LUT_SLICEM_I5_O)
                                                      0.080     2.808 f  u_fc/u_core/u_core/u_core/slice_context_error_q_i_7/O
                         net (fo=1, routed)           0.103     2.911    u_fc/u_core/u_core/u_core/u_issuer/tile_tag_q_reg[0]_1
    SLICE_X32Y136        LUT6 (Prop_G6LUT_SLICEM_I0_O)
                                                      0.152     3.063 r  u_fc/u_core/u_core/u_core/u_issuer/slice_context_error_q_i_4/O
                         net (fo=5, routed)           0.117     3.180    u_rs/u_datapath/u_dma_fed_datapath/u_datapath/u_core/u_feeder/output_chunk_ready
    SLICE_X32Y134        LUT6 (Prop_G6LUT_SLICEM_I3_O)
                                                      0.057     3.237 r  u_rs/u_datapath/u_dma_fed_datapath/u_datapath/u_core/u_feeder/chunk_active_q_i_6/O
                         net (fo=49, routed)          0.289     3.526    u_rs/u_datapath/u_dma_fed_datapath/u_datapath/u_core/u_feeder/configured_q_reg
    SLICE_X31Y128        LUT6 (Prop_E6LUT_SLICEM_I2_O)
                                                      0.057     3.583 r  u_rs/u_datapath/u_dma_fed_datapath/u_datapath/u_core/u_feeder/output_w_q[7]_i_1/O
                         net (fo=96, routed)          0.575     4.158    u_rs/u_datapath/u_dma_fed_datapath/u_datapath/u_core/u_feeder/frame_fire
    SLICE_X29Y117        LUT6 (Prop_G6LUT_SLICEM_I2_O)
                                                      0.186     4.344 r  u_rs/u_datapath/u_dma_fed_datapath/u_datapath/u_core/u_feeder/pixel_q[1][63]_i_1/O
                         net (fo=64, routed)          0.454     4.799    u_rs/u_datapath/u_dma_fed_datapath/u_datapath/u_core/u_feeder/pixel_q[1][63]_i_1_n_0
    SLICE_X26Y118        FDRE                                         r  u_rs/u_datapath/u_dma_fed_datapath/u_datapath/u_core/u_feeder/pixel_q_reg[1][11]/R
  -------------------------------------------------------------------    -------------------

                         (clock clk rise edge)        5.000     5.000 r  
                                                      0.000     5.000 r  clk (IN)
                         net (fo=8085, unset)         0.029     5.029    u_rs/u_datapath/u_dma_fed_datapath/u_datapath/u_core/u_feeder/clk
    SLICE_X26Y118        FDRE                                         r  u_rs/u_datapath/u_dma_fed_datapath/u_datapath/u_core/u_feeder/pixel_q_reg[1][11]/C
                         clock pessimism              0.000     5.029    
                         clock uncertainty           -0.035     4.994    
    SLICE_X26Y118        FDRE (Setup_AFF_SLICEL_C_R)
                                                     -0.118     4.876    u_rs/u_datapath/u_dma_fed_datapath/u_datapath/u_core/u_feeder/pixel_q_reg[1][11]
  -------------------------------------------------------------------
                         required time                          4.876    
                         arrival time                          -4.799    
  -------------------------------------------------------------------
                         slack                                  0.077    

Slack (MET) :             0.077ns  (required time - arrival time)
  Source:                 fc_result_complete_n_base[3]
                            (input port clocked by clk  {rise@0.000ns fall@2.500ns period=5.000ns})
  Destination:            u_rs/u_datapath/u_dma_fed_datapath/u_datapath/u_core/u_feeder/pixel_q_reg[1][19]/R
                            (rising edge-triggered cell FDRE clocked by clk  {rise@0.000ns fall@2.500ns period=5.000ns})
  Path Group:             clk
  Path Type:              Setup (Max at Slow Process Corner)
  Requirement:            5.000ns  (clk rise@5.000ns - clk rise@0.000ns)
  Data Path Delay:        3.799ns  (logic 1.424ns (37.488%)  route 2.375ns (62.512%))
  Logic Levels:           11  (LUT6=11)
  Input Delay:            1.000ns
  Clock Path Skew:        0.029ns (DCD - SCD + CPR)
    Destination Clock Delay (DCD):    0.029ns = ( 5.029 - 5.000 ) 
    Source Clock Delay      (SCD):    0.000ns
    Clock Pessimism Removal (CPR):    0.000ns
  Clock Uncertainty:      0.035ns  ((TSJ^2 + TIJ^2)^1/2 + DJ) / 2 + PE
    Total System Jitter     (TSJ):    0.071ns
    Total Input Jitter      (TIJ):    0.000ns
    Discrete Jitter          (DJ):    0.000ns
    Phase Error              (PE):    0.000ns

    Location             Delay type                Incr(ns)  Path(ns)    Netlist Resource(s)
  -------------------------------------------------------------------    -------------------
                         (clock clk rise edge)        0.000     0.000 r  
                         input delay                  1.000     1.000    
                                                      0.000     1.000 r  fc_result_complete_n_base[3] (IN)
                         net (fo=0)                   0.000     1.000    u_fc/u_controller/fc_result_complete_n_base[3]
    SLICE_X29Y143        LUT6 (Prop_D6LUT_SLICEM_I0_O)
                                                      0.220     1.220 f  u_fc/u_controller/fc_fault_INST_0_i_15/O
                         net (fo=1, routed)           0.107     1.327    u_fc/u_controller/fc_fault_INST_0_i_15_n_0
    SLICE_X30Y143        LUT6 (Prop_D6LUT_SLICEL_I0_O)
                                                      0.221     1.548 f  u_fc/u_controller/fc_fault_INST_0_i_12/O
                         net (fo=1, routed)           0.045     1.593    u_fc/u_controller/fc_fault_INST_0_i_12_n_0
    SLICE_X30Y143        LUT6 (Prop_B6LUT_SLICEL_I4_O)
                                                      0.083     1.676 f  u_fc/u_controller/fc_fault_INST_0_i_3/O
                         net (fo=2, routed)           0.167     1.843    u_fc/u_controller/result_ack_bad2__24
    SLICE_X31Y143        LUT6 (Prop_A6LUT_SLICEM_I2_O)
                                                      0.083     1.926 f  u_fc/u_controller/fc_fault_INST_0/O
                         net (fo=12, routed)          0.209     2.135    u_fc/u_core/u_ingress/slice_context_error_q_i_15_1
    SLICE_X32Y140        LUT6 (Prop_H6LUT_SLICEM_I2_O)
                                                      0.060     2.195 r  u_fc/u_core/u_ingress/slice_context_error_q_i_24/O
                         net (fo=6, routed)           0.200     2.396    u_fc/u_core/u_ingress/bus_shared_cfg_valid
    SLICE_X32Y137        LUT6 (Prop_B6LUT_SLICEM_I0_O)
                                                      0.225     2.621 f  u_fc/u_core/u_ingress/slice_context_error_q_i_15/O
                         net (fo=2, routed)           0.107     2.728    u_fc/u_core/u_core/u_core/slice_context_error_q_i_4_0
    SLICE_X32Y137        LUT6 (Prop_D6LUT_SLICEM_I5_O)
                                                      0.080     2.808 f  u_fc/u_core/u_core/u_core/slice_context_error_q_i_7/O
                         net (fo=1, routed)           0.103     2.911    u_fc/u_core/u_core/u_core/u_issuer/tile_tag_q_reg[0]_1
    SLICE_X32Y136        LUT6 (Prop_G6LUT_SLICEM_I0_O)
                                                      0.152     3.063 r  u_fc/u_core/u_core/u_core/u_issuer/slice_context_error_q_i_4/O
                         net (fo=5, routed)           0.117     3.180    u_rs/u_datapath/u_dma_fed_datapath/u_datapath/u_core/u_feeder/output_chunk_ready
    SLICE_X32Y134        LUT6 (Prop_G6LUT_SLICEM_I3_O)
                                                      0.057     3.237 r  u_rs/u_datapath/u_dma_fed_datapath/u_datapath/u_core/u_feeder/chunk_active_q_i_6/O
                         net (fo=49, routed)          0.289     3.526    u_rs/u_datapath/u_dma_fed_datapath/u_datapath/u_core/u_feeder/configured_q_reg
    SLICE_X31Y128        LUT6 (Prop_E6LUT_SLICEM_I2_O)
                                                      0.057     3.583 r  u_rs/u_datapath/u_dma_fed_datapath/u_datapath/u_core/u_feeder/output_w_q[7]_i_1/O
                         net (fo=96, routed)          0.575     4.158    u_rs/u_datapath/u_dma_fed_datapath/u_datapath/u_core/u_feeder/frame_fire
    SLICE_X29Y117        LUT6 (Prop_G6LUT_SLICEM_I2_O)
                                                      0.186     4.344 r  u_rs/u_datapath/u_dma_fed_datapath/u_datapath/u_core/u_feeder/pixel_q[1][63]_i_1/O
                         net (fo=64, routed)          0.454     4.799    u_rs/u_datapath/u_dma_fed_datapath/u_datapath/u_core/u_feeder/pixel_q[1][63]_i_1_n_0
    SLICE_X26Y118        FDRE                                         r  u_rs/u_datapath/u_dma_fed_datapath/u_datapath/u_core/u_feeder/pixel_q_reg[1][19]/R
  -------------------------------------------------------------------    -------------------

                         (clock clk rise edge)        5.000     5.000 r  
                                                      0.000     5.000 r  clk (IN)
                         net (fo=8085, unset)         0.029     5.029    u_rs/u_datapath/u_dma_fed_datapath/u_datapath/u_core/u_feeder/clk
    SLICE_X26Y118        FDRE                                         r  u_rs/u_datapath/u_dma_fed_datapath/u_datapath/u_core/u_feeder/pixel_q_reg[1][19]/C
                         clock pessimism              0.000     5.029    
                         clock uncertainty           -0.035     4.994    
    SLICE_X26Y118        FDRE (Setup_AFF2_SLICEL_C_R)
                                                     -0.118     4.876    u_rs/u_datapath/u_dma_fed_datapath/u_datapath/u_core/u_feeder/pixel_q_reg[1][19]
  -------------------------------------------------------------------
                         required time                          4.876    
                         arrival time                          -4.799    
  -------------------------------------------------------------------
                         slack                                  0.077    

Slack (MET) :             0.077ns  (required time - arrival time)
  Source:                 fc_result_complete_n_base[3]
                            (input port clocked by clk  {rise@0.000ns fall@2.500ns period=5.000ns})
  Destination:            u_rs/u_datapath/u_dma_fed_datapath/u_datapath/u_core/u_feeder/pixel_q_reg[1][27]/R
                            (rising edge-triggered cell FDRE clocked by clk  {rise@0.000ns fall@2.500ns period=5.000ns})
  Path Group:             clk
  Path Type:              Setup (Max at Slow Process Corner)
  Requirement:            5.000ns  (clk rise@5.000ns - clk rise@0.000ns)
  Data Path Delay:        3.799ns  (logic 1.424ns (37.488%)  route 2.375ns (62.512%))
  Logic Levels:           11  (LUT6=11)
  Input Delay:            1.000ns
  Clock Path Skew:        0.029ns (DCD - SCD + CPR)
    Destination Clock Delay (DCD):    0.029ns = ( 5.029 - 5.000 ) 
    Source Clock Delay      (SCD):    0.000ns
    Clock Pessimism Removal (CPR):    0.000ns
  Clock Uncertainty:      0.035ns  ((TSJ^2 + TIJ^2)^1/2 + DJ) / 2 + PE
    Total System Jitter     (TSJ):    0.071ns
    Total Input Jitter      (TIJ):    0.000ns
    Discrete Jitter          (DJ):    0.000ns
    Phase Error              (PE):    0.000ns

    Location             Delay type                Incr(ns)  Path(ns)    Netlist Resource(s)
  -------------------------------------------------------------------    -------------------
                         (clock clk rise edge)        0.000     0.000 r  
                         input delay                  1.000     1.000    
                                                      0.000     1.000 r  fc_result_complete_n_base[3] (IN)
                         net (fo=0)                   0.000     1.000    u_fc/u_controller/fc_result_complete_n_base[3]
    SLICE_X29Y143        LUT6 (Prop_D6LUT_SLICEM_I0_O)
                                                      0.220     1.220 f  u_fc/u_controller/fc_fault_INST_0_i_15/O
                         net (fo=1, routed)           0.107     1.327    u_fc/u_controller/fc_fault_INST_0_i_15_n_0
    SLICE_X30Y143        LUT6 (Prop_D6LUT_SLICEL_I0_O)
                                                      0.221     1.548 f  u_fc/u_controller/fc_fault_INST_0_i_12/O
                         net (fo=1, routed)           0.045     1.593    u_fc/u_controller/fc_fault_INST_0_i_12_n_0
    SLICE_X30Y143        LUT6 (Prop_B6LUT_SLICEL_I4_O)
                                                      0.083     1.676 f  u_fc/u_controller/fc_fault_INST_0_i_3/O
                         net (fo=2, routed)           0.167     1.843    u_fc/u_controller/result_ack_bad2__24
    SLICE_X31Y143        LUT6 (Prop_A6LUT_SLICEM_I2_O)
                                                      0.083     1.926 f  u_fc/u_controller/fc_fault_INST_0/O
                         net (fo=12, routed)          0.209     2.135    u_fc/u_core/u_ingress/slice_context_error_q_i_15_1
    SLICE_X32Y140        LUT6 (Prop_H6LUT_SLICEM_I2_O)
                                                      0.060     2.195 r  u_fc/u_core/u_ingress/slice_context_error_q_i_24/O
                         net (fo=6, routed)           0.200     2.396    u_fc/u_core/u_ingress/bus_shared_cfg_valid
    SLICE_X32Y137        LUT6 (Prop_B6LUT_SLICEM_I0_O)
                                                      0.225     2.621 f  u_fc/u_core/u_ingress/slice_context_error_q_i_15/O
                         net (fo=2, routed)           0.107     2.728    u_fc/u_core/u_core/u_core/slice_context_error_q_i_4_0
    SLICE_X32Y137        LUT6 (Prop_D6LUT_SLICEM_I5_O)
                                                      0.080     2.808 f  u_fc/u_core/u_core/u_core/slice_context_error_q_i_7/O
                         net (fo=1, routed)           0.103     2.911    u_fc/u_core/u_core/u_core/u_issuer/tile_tag_q_reg[0]_1
    SLICE_X32Y136        LUT6 (Prop_G6LUT_SLICEM_I0_O)
                                                      0.152     3.063 r  u_fc/u_core/u_core/u_core/u_issuer/slice_context_error_q_i_4/O
                         net (fo=5, routed)           0.117     3.180    u_rs/u_datapath/u_dma_fed_datapath/u_datapath/u_core/u_feeder/output_chunk_ready
    SLICE_X32Y134        LUT6 (Prop_G6LUT_SLICEM_I3_O)
                                                      0.057     3.237 r  u_rs/u_datapath/u_dma_fed_datapath/u_datapath/u_core/u_feeder/chunk_active_q_i_6/O
                         net (fo=49, routed)          0.289     3.526    u_rs/u_datapath/u_dma_fed_datapath/u_datapath/u_core/u_feeder/configured_q_reg
    SLICE_X31Y128        LUT6 (Prop_E6LUT_SLICEM_I2_O)
                                                      0.057     3.583 r  u_rs/u_datapath/u_dma_fed_datapath/u_datapath/u_core/u_feeder/output_w_q[7]_i_1/O
                         net (fo=96, routed)          0.575     4.158    u_rs/u_datapath/u_dma_fed_datapath/u_datapath/u_core/u_feeder/frame_fire
    SLICE_X29Y117        LUT6 (Prop_G6LUT_SLICEM_I2_O)
                                                      0.186     4.344 r  u_rs/u_datapath/u_dma_fed_datapath/u_datapath/u_core/u_feeder/pixel_q[1][63]_i_1/O
                         net (fo=64, routed)          0.454     4.799    u_rs/u_datapath/u_dma_fed_datapath/u_datapath/u_core/u_feeder/pixel_q[1][63]_i_1_n_0
    SLICE_X26Y118        FDRE                                         r  u_rs/u_datapath/u_dma_fed_datapath/u_datapath/u_core/u_feeder/pixel_q_reg[1][27]/R
  -------------------------------------------------------------------    -------------------

                         (clock clk rise edge)        5.000     5.000 r  
                                                      0.000     5.000 r  clk (IN)
                         net (fo=8085, unset)         0.029     5.029    u_rs/u_datapath/u_dma_fed_datapath/u_datapath/u_core/u_feeder/clk
    SLICE_X26Y118        FDRE                                         r  u_rs/u_datapath/u_dma_fed_datapath/u_datapath/u_core/u_feeder/pixel_q_reg[1][27]/C
                         clock pessimism              0.000     5.029    
                         clock uncertainty           -0.035     4.994    
    SLICE_X26Y118        FDRE (Setup_BFF_SLICEL_C_R)
                                                     -0.118     4.876    u_rs/u_datapath/u_dma_fed_datapath/u_datapath/u_core/u_feeder/pixel_q_reg[1][27]
  -------------------------------------------------------------------
                         required time                          4.876    
                         arrival time                          -4.799    
  -------------------------------------------------------------------
                         slack                                  0.077    

Slack (MET) :             0.077ns  (required time - arrival time)
  Source:                 fc_result_complete_n_base[3]
                            (input port clocked by clk  {rise@0.000ns fall@2.500ns period=5.000ns})
  Destination:            u_rs/u_datapath/u_dma_fed_datapath/u_datapath/u_core/u_feeder/pixel_q_reg[1][35]/R
                            (rising edge-triggered cell FDRE clocked by clk  {rise@0.000ns fall@2.500ns period=5.000ns})
  Path Group:             clk
  Path Type:              Setup (Max at Slow Process Corner)
  Requirement:            5.000ns  (clk rise@5.000ns - clk rise@0.000ns)
  Data Path Delay:        3.799ns  (logic 1.424ns (37.488%)  route 2.375ns (62.512%))
  Logic Levels:           11  (LUT6=11)
  Input Delay:            1.000ns
  Clock Path Skew:        0.029ns (DCD - SCD + CPR)
    Destination Clock Delay (DCD):    0.029ns = ( 5.029 - 5.000 ) 
    Source Clock Delay      (SCD):    0.000ns
    Clock Pessimism Removal (CPR):    0.000ns
  Clock Uncertainty:      0.035ns  ((TSJ^2 + TIJ^2)^1/2 + DJ) / 2 + PE
    Total System Jitter     (TSJ):    0.071ns
    Total Input Jitter      (TIJ):    0.000ns
    Discrete Jitter          (DJ):    0.000ns
    Phase Error              (PE):    0.000ns

    Location             Delay type                Incr(ns)  Path(ns)    Netlist Resource(s)
  -------------------------------------------------------------------    -------------------
                         (clock clk rise edge)        0.000     0.000 r  
                         input delay                  1.000     1.000    
                                                      0.000     1.000 r  fc_result_complete_n_base[3] (IN)
                         net (fo=0)                   0.000     1.000    u_fc/u_controller/fc_result_complete_n_base[3]
    SLICE_X29Y143        LUT6 (Prop_D6LUT_SLICEM_I0_O)
                                                      0.220     1.220 f  u_fc/u_controller/fc_fault_INST_0_i_15/O
                         net (fo=1, routed)           0.107     1.327    u_fc/u_controller/fc_fault_INST_0_i_15_n_0
    SLICE_X30Y143        LUT6 (Prop_D6LUT_SLICEL_I0_O)
                                                      0.221     1.548 f  u_fc/u_controller/fc_fault_INST_0_i_12/O
                         net (fo=1, routed)           0.045     1.593    u_fc/u_controller/fc_fault_INST_0_i_12_n_0
    SLICE_X30Y143        LUT6 (Prop_B6LUT_SLICEL_I4_O)
                                                      0.083     1.676 f  u_fc/u_controller/fc_fault_INST_0_i_3/O
                         net (fo=2, routed)           0.167     1.843    u_fc/u_controller/result_ack_bad2__24
    SLICE_X31Y143        LUT6 (Prop_A6LUT_SLICEM_I2_O)
                                                      0.083     1.926 f  u_fc/u_controller/fc_fault_INST_0/O
                         net (fo=12, routed)          0.209     2.135    u_fc/u_core/u_ingress/slice_context_error_q_i_15_1
    SLICE_X32Y140        LUT6 (Prop_H6LUT_SLICEM_I2_O)
                                                      0.060     2.195 r  u_fc/u_core/u_ingress/slice_context_error_q_i_24/O
                         net (fo=6, routed)           0.200     2.396    u_fc/u_core/u_ingress/bus_shared_cfg_valid
    SLICE_X32Y137        LUT6 (Prop_B6LUT_SLICEM_I0_O)
                                                      0.225     2.621 f  u_fc/u_core/u_ingress/slice_context_error_q_i_15/O
                         net (fo=2, routed)           0.107     2.728    u_fc/u_core/u_core/u_core/slice_context_error_q_i_4_0
    SLICE_X32Y137        LUT6 (Prop_D6LUT_SLICEM_I5_O)
                                                      0.080     2.808 f  u_fc/u_core/u_core/u_core/slice_context_error_q_i_7/O
                         net (fo=1, routed)           0.103     2.911    u_fc/u_core/u_core/u_core/u_issuer/tile_tag_q_reg[0]_1
    SLICE_X32Y136        LUT6 (Prop_G6LUT_SLICEM_I0_O)
                                                      0.152     3.063 r  u_fc/u_core/u_core/u_core/u_issuer/slice_context_error_q_i_4/O
                         net (fo=5, routed)           0.117     3.180    u_rs/u_datapath/u_dma_fed_datapath/u_datapath/u_core/u_feeder/output_chunk_ready
    SLICE_X32Y134        LUT6 (Prop_G6LUT_SLICEM_I3_O)
                                                      0.057     3.237 r  u_rs/u_datapath/u_dma_fed_datapath/u_datapath/u_core/u_feeder/chunk_active_q_i_6/O
                         net (fo=49, routed)          0.289     3.526    u_rs/u_datapath/u_dma_fed_datapath/u_datapath/u_core/u_feeder/configured_q_reg
    SLICE_X31Y128        LUT6 (Prop_E6LUT_SLICEM_I2_O)
                                                      0.057     3.583 r  u_rs/u_datapath/u_dma_fed_datapath/u_datapath/u_core/u_feeder/output_w_q[7]_i_1/O
                         net (fo=96, routed)          0.575     4.158    u_rs/u_datapath/u_dma_fed_datapath/u_datapath/u_core/u_feeder/frame_fire
    SLICE_X29Y117        LUT6 (Prop_G6LUT_SLICEM_I2_O)
                                                      0.186     4.344 r  u_rs/u_datapath/u_dma_fed_datapath/u_datapath/u_core/u_feeder/pixel_q[1][63]_i_1/O
                         net (fo=64, routed)          0.454     4.799    u_rs/u_datapath/u_dma_fed_datapath/u_datapath/u_core/u_feeder/pixel_q[1][63]_i_1_n_0
    SLICE_X26Y118        FDRE                                         r  u_rs/u_datapath/u_dma_fed_datapath/u_datapath/u_core/u_feeder/pixel_q_reg[1][35]/R
  -------------------------------------------------------------------    -------------------

                         (clock clk rise edge)        5.000     5.000 r  
                                                      0.000     5.000 r  clk (IN)
                         net (fo=8085, unset)         0.029     5.029    u_rs/u_datapath/u_dma_fed_datapath/u_datapath/u_core/u_feeder/clk
    SLICE_X26Y118        FDRE                                         r  u_rs/u_datapath/u_dma_fed_datapath/u_datapath/u_core/u_feeder/pixel_q_reg[1][35]/C
                         clock pessimism              0.000     5.029    
                         clock uncertainty           -0.035     4.994    
    SLICE_X26Y118        FDRE (Setup_BFF2_SLICEL_C_R)
                                                     -0.118     4.876    u_rs/u_datapath/u_dma_fed_datapath/u_datapath/u_core/u_feeder/pixel_q_reg[1][35]
  -------------------------------------------------------------------
                         required time                          4.876    
                         arrival time                          -4.799    
  -------------------------------------------------------------------
                         slack                                  0.077    

Slack (MET) :             0.077ns  (required time - arrival time)
  Source:                 fc_result_complete_n_base[3]
                            (input port clocked by clk  {rise@0.000ns fall@2.500ns period=5.000ns})
  Destination:            u_rs/u_datapath/u_dma_fed_datapath/u_datapath/u_core/u_feeder/pixel_q_reg[1][3]/R
                            (rising edge-triggered cell FDRE clocked by clk  {rise@0.000ns fall@2.500ns period=5.000ns})
  Path Group:             clk
  Path Type:              Setup (Max at Slow Process Corner)
  Requirement:            5.000ns  (clk rise@5.000ns - clk rise@0.000ns)
  Data Path Delay:        3.799ns  (logic 1.424ns (37.488%)  route 2.375ns (62.512%))
  Logic Levels:           11  (LUT6=11)
  Input Delay:            1.000ns
  Clock Path Skew:        0.029ns (DCD - SCD + CPR)
    Destination Clock Delay (DCD):    0.029ns = ( 5.029 - 5.000 ) 
    Source Clock Delay      (SCD):    0.000ns
    Clock Pessimism Removal (CPR):    0.000ns
  Clock Uncertainty:      0.035ns  ((TSJ^2 + TIJ^2)^1/2 + DJ) / 2 + PE
    Total System Jitter     (TSJ):    0.071ns
    Total Input Jitter      (TIJ):    0.000ns
    Discrete Jitter          (DJ):    0.000ns
    Phase Error              (PE):    0.000ns

    Location             Delay type                Incr(ns)  Path(ns)    Netlist Resource(s)
  -------------------------------------------------------------------    -------------------
                         (clock clk rise edge)        0.000     0.000 r  
                         input delay                  1.000     1.000    
                                                      0.000     1.000 r  fc_result_complete_n_base[3] (IN)
                         net (fo=0)                   0.000     1.000    u_fc/u_controller/fc_result_complete_n_base[3]
    SLICE_X29Y143        LUT6 (Prop_D6LUT_SLICEM_I0_O)
                                                      0.220     1.220 f  u_fc/u_controller/fc_fault_INST_0_i_15/O
                         net (fo=1, routed)           0.107     1.327    u_fc/u_controller/fc_fault_INST_0_i_15_n_0
    SLICE_X30Y143        LUT6 (Prop_D6LUT_SLICEL_I0_O)
                                                      0.221     1.548 f  u_fc/u_controller/fc_fault_INST_0_i_12/O
                         net (fo=1, routed)           0.045     1.593    u_fc/u_controller/fc_fault_INST_0_i_12_n_0
    SLICE_X30Y143        LUT6 (Prop_B6LUT_SLICEL_I4_O)
                                                      0.083     1.676 f  u_fc/u_controller/fc_fault_INST_0_i_3/O
                         net (fo=2, routed)           0.167     1.843    u_fc/u_controller/result_ack_bad2__24
    SLICE_X31Y143        LUT6 (Prop_A6LUT_SLICEM_I2_O)
                                                      0.083     1.926 f  u_fc/u_controller/fc_fault_INST_0/O
                         net (fo=12, routed)          0.209     2.135    u_fc/u_core/u_ingress/slice_context_error_q_i_15_1
    SLICE_X32Y140        LUT6 (Prop_H6LUT_SLICEM_I2_O)
                                                      0.060     2.195 r  u_fc/u_core/u_ingress/slice_context_error_q_i_24/O
                         net (fo=6, routed)           0.200     2.396    u_fc/u_core/u_ingress/bus_shared_cfg_valid
    SLICE_X32Y137        LUT6 (Prop_B6LUT_SLICEM_I0_O)
                                                      0.225     2.621 f  u_fc/u_core/u_ingress/slice_context_error_q_i_15/O
                         net (fo=2, routed)           0.107     2.728    u_fc/u_core/u_core/u_core/slice_context_error_q_i_4_0
    SLICE_X32Y137        LUT6 (Prop_D6LUT_SLICEM_I5_O)
                                                      0.080     2.808 f  u_fc/u_core/u_core/u_core/slice_context_error_q_i_7/O
                         net (fo=1, routed)           0.103     2.911    u_fc/u_core/u_core/u_core/u_issuer/tile_tag_q_reg[0]_1
    SLICE_X32Y136        LUT6 (Prop_G6LUT_SLICEM_I0_O)
                                                      0.152     3.063 r  u_fc/u_core/u_core/u_core/u_issuer/slice_context_error_q_i_4/O
                         net (fo=5, routed)           0.117     3.180    u_rs/u_datapath/u_dma_fed_datapath/u_datapath/u_core/u_feeder/output_chunk_ready
    SLICE_X32Y134        LUT6 (Prop_G6LUT_SLICEM_I3_O)
                                                      0.057     3.237 r  u_rs/u_datapath/u_dma_fed_datapath/u_datapath/u_core/u_feeder/chunk_active_q_i_6/O
                         net (fo=49, routed)          0.289     3.526    u_rs/u_datapath/u_dma_fed_datapath/u_datapath/u_core/u_feeder/configured_q_reg
    SLICE_X31Y128        LUT6 (Prop_E6LUT_SLICEM_I2_O)
                                                      0.057     3.583 r  u_rs/u_datapath/u_dma_fed_datapath/u_datapath/u_core/u_feeder/output_w_q[7]_i_1/O
                         net (fo=96, routed)          0.575     4.158    u_rs/u_datapath/u_dma_fed_datapath/u_datapath/u_core/u_feeder/frame_fire
    SLICE_X29Y117        LUT6 (Prop_G6LUT_SLICEM_I2_O)
                                                      0.186     4.344 r  u_rs/u_datapath/u_dma_fed_datapath/u_datapath/u_core/u_feeder/pixel_q[1][63]_i_1/O
                         net (fo=64, routed)          0.454     4.799    u_rs/u_datapath/u_dma_fed_datapath/u_datapath/u_core/u_feeder/pixel_q[1][63]_i_1_n_0
    SLICE_X26Y118        FDRE                                         r  u_rs/u_datapath/u_dma_fed_datapath/u_datapath/u_core/u_feeder/pixel_q_reg[1][3]/R
  -------------------------------------------------------------------    -------------------

                         (clock clk rise edge)        5.000     5.000 r  
                                                      0.000     5.000 r  clk (IN)
                         net (fo=8085, unset)         0.029     5.029    u_rs/u_datapath/u_dma_fed_datapath/u_datapath/u_core/u_feeder/clk
    SLICE_X26Y118        FDRE                                         r  u_rs/u_datapath/u_dma_fed_datapath/u_datapath/u_core/u_feeder/pixel_q_reg[1][3]/C
                         clock pessimism              0.000     5.029    
                         clock uncertainty           -0.035     4.994    
    SLICE_X26Y118        FDRE (Setup_CFF_SLICEL_C_R)
                                                     -0.118     4.876    u_rs/u_datapath/u_dma_fed_datapath/u_datapath/u_core/u_feeder/pixel_q_reg[1][3]
  -------------------------------------------------------------------
                         required time                          4.876    
                         arrival time                          -4.799    
  -------------------------------------------------------------------
                         slack                                  0.077    

Slack (MET) :             0.077ns  (required time - arrival time)
  Source:                 fc_result_complete_n_base[3]
                            (input port clocked by clk  {rise@0.000ns fall@2.500ns period=5.000ns})
  Destination:            u_rs/u_datapath/u_dma_fed_datapath/u_datapath/u_core/u_feeder/pixel_q_reg[1][51]/R
                            (rising edge-triggered cell FDRE clocked by clk  {rise@0.000ns fall@2.500ns period=5.000ns})
  Path Group:             clk
  Path Type:              Setup (Max at Slow Process Corner)
  Requirement:            5.000ns  (clk rise@5.000ns - clk rise@0.000ns)
  Data Path Delay:        3.799ns  (logic 1.424ns (37.488%)  route 2.375ns (62.512%))
  Logic Levels:           11  (LUT6=11)
  Input Delay:            1.000ns
  Clock Path Skew:        0.029ns (DCD - SCD + CPR)
    Destination Clock Delay (DCD):    0.029ns = ( 5.029 - 5.000 ) 
    Source Clock Delay      (SCD):    0.000ns
    Clock Pessimism Removal (CPR):    0.000ns
  Clock Uncertainty:      0.035ns  ((TSJ^2 + TIJ^2)^1/2 + DJ) / 2 + PE
    Total System Jitter     (TSJ):    0.071ns
    Total Input Jitter      (TIJ):    0.000ns
    Discrete Jitter          (DJ):    0.000ns
    Phase Error              (PE):    0.000ns

    Location             Delay type                Incr(ns)  Path(ns)    Netlist Resource(s)
  -------------------------------------------------------------------    -------------------
                         (clock clk rise edge)        0.000     0.000 r  
                         input delay                  1.000     1.000    
                                                      0.000     1.000 r  fc_result_complete_n_base[3] (IN)
                         net (fo=0)                   0.000     1.000    u_fc/u_controller/fc_result_complete_n_base[3]
    SLICE_X29Y143        LUT6 (Prop_D6LUT_SLICEM_I0_O)
                                                      0.220     1.220 f  u_fc/u_controller/fc_fault_INST_0_i_15/O
                         net (fo=1, routed)           0.107     1.327    u_fc/u_controller/fc_fault_INST_0_i_15_n_0
    SLICE_X30Y143        LUT6 (Prop_D6LUT_SLICEL_I0_O)
                                                      0.221     1.548 f  u_fc/u_controller/fc_fault_INST_0_i_12/O
                         net (fo=1, routed)           0.045     1.593    u_fc/u_controller/fc_fault_INST_0_i_12_n_0
    SLICE_X30Y143        LUT6 (Prop_B6LUT_SLICEL_I4_O)
                                                      0.083     1.676 f  u_fc/u_controller/fc_fault_INST_0_i_3/O
                         net (fo=2, routed)           0.167     1.843    u_fc/u_controller/result_ack_bad2__24
    SLICE_X31Y143        LUT6 (Prop_A6LUT_SLICEM_I2_O)
                                                      0.083     1.926 f  u_fc/u_controller/fc_fault_INST_0/O
                         net (fo=12, routed)          0.209     2.135    u_fc/u_core/u_ingress/slice_context_error_q_i_15_1
    SLICE_X32Y140        LUT6 (Prop_H6LUT_SLICEM_I2_O)
                                                      0.060     2.195 r  u_fc/u_core/u_ingress/slice_context_error_q_i_24/O
                         net (fo=6, routed)           0.200     2.396    u_fc/u_core/u_ingress/bus_shared_cfg_valid
    SLICE_X32Y137        LUT6 (Prop_B6LUT_SLICEM_I0_O)
                                                      0.225     2.621 f  u_fc/u_core/u_ingress/slice_context_error_q_i_15/O
                         net (fo=2, routed)           0.107     2.728    u_fc/u_core/u_core/u_core/slice_context_error_q_i_4_0
    SLICE_X32Y137        LUT6 (Prop_D6LUT_SLICEM_I5_O)
                                                      0.080     2.808 f  u_fc/u_core/u_core/u_core/slice_context_error_q_i_7/O
                         net (fo=1, routed)           0.103     2.911    u_fc/u_core/u_core/u_core/u_issuer/tile_tag_q_reg[0]_1
    SLICE_X32Y136        LUT6 (Prop_G6LUT_SLICEM_I0_O)
                                                      0.152     3.063 r  u_fc/u_core/u_core/u_core/u_issuer/slice_context_error_q_i_4/O
                         net (fo=5, routed)           0.117     3.180    u_rs/u_datapath/u_dma_fed_datapath/u_datapath/u_core/u_feeder/output_chunk_ready
    SLICE_X32Y134        LUT6 (Prop_G6LUT_SLICEM_I3_O)
                                                      0.057     3.237 r  u_rs/u_datapath/u_dma_fed_datapath/u_datapath/u_core/u_feeder/chunk_active_q_i_6/O
                         net (fo=49, routed)          0.289     3.526    u_rs/u_datapath/u_dma_fed_datapath/u_datapath/u_core/u_feeder/configured_q_reg
    SLICE_X31Y128        LUT6 (Prop_E6LUT_SLICEM_I2_O)
                                                      0.057     3.583 r  u_rs/u_datapath/u_dma_fed_datapath/u_datapath/u_core/u_feeder/output_w_q[7]_i_1/O
                         net (fo=96, routed)          0.575     4.158    u_rs/u_datapath/u_dma_fed_datapath/u_datapath/u_core/u_feeder/frame_fire
    SLICE_X29Y117        LUT6 (Prop_G6LUT_SLICEM_I2_O)
                                                      0.186     4.344 r  u_rs/u_datapath/u_dma_fed_datapath/u_datapath/u_core/u_feeder/pixel_q[1][63]_i_1/O
                         net (fo=64, routed)          0.454     4.799    u_rs/u_datapath/u_dma_fed_datapath/u_datapath/u_core/u_feeder/pixel_q[1][63]_i_1_n_0
    SLICE_X26Y118        FDRE                                         r  u_rs/u_datapath/u_dma_fed_datapath/u_datapath/u_core/u_feeder/pixel_q_reg[1][51]/R
  -------------------------------------------------------------------    -------------------

                         (clock clk rise edge)        5.000     5.000 r  
                                                      0.000     5.000 r  clk (IN)
                         net (fo=8085, unset)         0.029     5.029    u_rs/u_datapath/u_dma_fed_datapath/u_datapath/u_core/u_feeder/clk
    SLICE_X26Y118        FDRE                                         r  u_rs/u_datapath/u_dma_fed_datapath/u_datapath/u_core/u_feeder/pixel_q_reg[1][51]/C
                         clock pessimism              0.000     5.029    
                         clock uncertainty           -0.035     4.994    
    SLICE_X26Y118        FDRE (Setup_CFF2_SLICEL_C_R)
                                                     -0.118     4.876    u_rs/u_datapath/u_dma_fed_datapath/u_datapath/u_core/u_feeder/pixel_q_reg[1][51]
  -------------------------------------------------------------------
                         required time                          4.876    
                         arrival time                          -4.799    
  -------------------------------------------------------------------
                         slack                                  0.077    

Slack (MET) :             0.080ns  (required time - arrival time)
  Source:                 fc_result_complete_n_base[3]
                            (input port clocked by clk  {rise@0.000ns fall@2.500ns period=5.000ns})
  Destination:            u_rs/u_datapath/u_dma_fed_datapath/u_datapath/u_core/u_feeder/pixel_q_reg[0][17]/R
                            (rising edge-triggered cell FDRE clocked by clk  {rise@0.000ns fall@2.500ns period=5.000ns})
  Path Group:             clk
  Path Type:              Setup (Max at Slow Process Corner)
  Requirement:            5.000ns  (clk rise@5.000ns - clk rise@0.000ns)
  Data Path Delay:        3.796ns  (logic 1.427ns (37.593%)  route 2.369ns (62.407%))
  Logic Levels:           11  (LUT6=11)
  Input Delay:            1.000ns
  Clock Path Skew:        0.029ns (DCD - SCD + CPR)
    Destination Clock Delay (DCD):    0.029ns = ( 5.029 - 5.000 ) 
    Source Clock Delay      (SCD):    0.000ns
    Clock Pessimism Removal (CPR):    0.000ns
  Clock Uncertainty:      0.035ns  ((TSJ^2 + TIJ^2)^1/2 + DJ) / 2 + PE
    Total System Jitter     (TSJ):    0.071ns
    Total Input Jitter      (TIJ):    0.000ns
    Discrete Jitter          (DJ):    0.000ns
    Phase Error              (PE):    0.000ns

    Location             Delay type                Incr(ns)  Path(ns)    Netlist Resource(s)
  -------------------------------------------------------------------    -------------------
                         (clock clk rise edge)        0.000     0.000 r  
                         input delay                  1.000     1.000    
                                                      0.000     1.000 r  fc_result_complete_n_base[3] (IN)
                         net (fo=0)                   0.000     1.000    u_fc/u_controller/fc_result_complete_n_base[3]
    SLICE_X29Y143        LUT6 (Prop_D6LUT_SLICEM_I0_O)
                                                      0.220     1.220 f  u_fc/u_controller/fc_fault_INST_0_i_15/O
                         net (fo=1, routed)           0.107     1.327    u_fc/u_controller/fc_fault_INST_0_i_15_n_0
    SLICE_X30Y143        LUT6 (Prop_D6LUT_SLICEL_I0_O)
                                                      0.221     1.548 f  u_fc/u_controller/fc_fault_INST_0_i_12/O
                         net (fo=1, routed)           0.045     1.593    u_fc/u_controller/fc_fault_INST_0_i_12_n_0
    SLICE_X30Y143        LUT6 (Prop_B6LUT_SLICEL_I4_O)
                                                      0.083     1.676 f  u_fc/u_controller/fc_fault_INST_0_i_3/O
                         net (fo=2, routed)           0.167     1.843    u_fc/u_controller/result_ack_bad2__24
    SLICE_X31Y143        LUT6 (Prop_A6LUT_SLICEM_I2_O)
                                                      0.083     1.926 f  u_fc/u_controller/fc_fault_INST_0/O
                         net (fo=12, routed)          0.209     2.135    u_fc/u_core/u_ingress/slice_context_error_q_i_15_1
    SLICE_X32Y140        LUT6 (Prop_H6LUT_SLICEM_I2_O)
                                                      0.060     2.195 r  u_fc/u_core/u_ingress/slice_context_error_q_i_24/O
                         net (fo=6, routed)           0.200     2.396    u_fc/u_core/u_ingress/bus_shared_cfg_valid
    SLICE_X32Y137        LUT6 (Prop_B6LUT_SLICEM_I0_O)
                                                      0.225     2.621 f  u_fc/u_core/u_ingress/slice_context_error_q_i_15/O
                         net (fo=2, routed)           0.107     2.728    u_fc/u_core/u_core/u_core/slice_context_error_q_i_4_0
    SLICE_X32Y137        LUT6 (Prop_D6LUT_SLICEM_I5_O)
                                                      0.080     2.808 f  u_fc/u_core/u_core/u_core/slice_context_error_q_i_7/O
                         net (fo=1, routed)           0.103     2.911    u_fc/u_core/u_core/u_core/u_issuer/tile_tag_q_reg[0]_1
    SLICE_X32Y136        LUT6 (Prop_G6LUT_SLICEM_I0_O)
                                                      0.152     3.063 r  u_fc/u_core/u_core/u_core/u_issuer/slice_context_error_q_i_4/O
                         net (fo=5, routed)           0.117     3.180    u_rs/u_datapath/u_dma_fed_datapath/u_datapath/u_core/u_feeder/output_chunk_ready
    SLICE_X32Y134        LUT6 (Prop_G6LUT_SLICEM_I3_O)
                                                      0.057     3.237 r  u_rs/u_datapath/u_dma_fed_datapath/u_datapath/u_core/u_feeder/chunk_active_q_i_6/O
                         net (fo=49, routed)          0.289     3.526    u_rs/u_datapath/u_dma_fed_datapath/u_datapath/u_core/u_feeder/configured_q_reg
    SLICE_X31Y128        LUT6 (Prop_E6LUT_SLICEM_I2_O)
                                                      0.057     3.583 r  u_rs/u_datapath/u_dma_fed_datapath/u_datapath/u_core/u_feeder/output_w_q[7]_i_1/O
                         net (fo=96, routed)          0.527     4.110    u_rs/u_datapath/u_dma_fed_datapath/u_datapath/u_core/u_feeder/frame_fire
    SLICE_X29Y117        LUT6 (Prop_H6LUT_SLICEM_I4_O)
                                                      0.189     4.299 r  u_rs/u_datapath/u_dma_fed_datapath/u_datapath/u_core/u_feeder/pixel_q[0][63]_i_1/O
                         net (fo=64, routed)          0.497     4.796    u_rs/u_datapath/u_dma_fed_datapath/u_datapath/u_core/u_feeder/pixel_q[0][63]_i_1_n_0
    SLICE_X27Y114        FDRE                                         r  u_rs/u_datapath/u_dma_fed_datapath/u_datapath/u_core/u_feeder/pixel_q_reg[0][17]/R
  -------------------------------------------------------------------    -------------------

                         (clock clk rise edge)        5.000     5.000 r  
                                                      0.000     5.000 r  clk (IN)
                         net (fo=8085, unset)         0.029     5.029    u_rs/u_datapath/u_dma_fed_datapath/u_datapath/u_core/u_feeder/clk
    SLICE_X27Y114        FDRE                                         r  u_rs/u_datapath/u_dma_fed_datapath/u_datapath/u_core/u_feeder/pixel_q_reg[0][17]/C
                         clock pessimism              0.000     5.029    
                         clock uncertainty           -0.035     4.994    
    SLICE_X27Y114        FDRE (Setup_AFF_SLICEL_C_R)
                                                     -0.118     4.876    u_rs/u_datapath/u_dma_fed_datapath/u_datapath/u_core/u_feeder/pixel_q_reg[0][17]
  -------------------------------------------------------------------
                         required time                          4.876    
                         arrival time                          -4.796    
  -------------------------------------------------------------------
                         slack                                  0.080    





Min Delay Paths
--------------------------------------------------------------------------------------
Slack (MET) :             0.046ns  (arrival time - required time)
  Source:                 u_shared/u_sa/g_pe_row[0].g_pe_col[0].u_pe/product_reg_reg/DSP_PREADD_DATA_INST/CLK
                            (rising edge-triggered cell DSP_PREADD_DATA clocked by clk  {rise@0.000ns fall@2.500ns period=5.000ns})
  Destination:            u_shared/u_sa/g_pe_row[0].g_pe_col[0].u_pe/product_reg_reg/DSP_PREADD_DATA_INST/AD[0]
                            (rising edge-triggered cell DSP_PREADD_DATA clocked by clk  {rise@0.000ns fall@2.500ns period=5.000ns})
  Path Group:             clk
  Path Type:              Hold (Min at Fast Process Corner)
  Requirement:            0.000ns  (clk rise@0.000ns - clk rise@0.000ns)
  Data Path Delay:        0.114ns  (logic 0.114ns (100.000%)  route 0.000ns (0.000%))
  Logic Levels:           1  (DSP_PREADD=1)
  Clock Path Skew:        0.008ns (DCD - SCD - CPR)
    Destination Clock Delay (DCD):    0.042ns
    Source Clock Delay      (SCD):    0.034ns
    Clock Pessimism Removal (CPR):    -0.000ns

    Location             Delay type                Incr(ns)  Path(ns)    Netlist Resource(s)
  -------------------------------------------------------------------    -------------------
                         (clock clk rise edge)        0.000     0.000 r  
                                                      0.000     0.000 r  clk (IN)
                         net (fo=8085, unset)         0.034     0.034    u_shared/u_sa/g_pe_row[0].g_pe_col[0].u_pe/product_reg_reg/CLK
    DSP48E2_X11Y50       DSP_PREADD_DATA                              r  u_shared/u_sa/g_pe_row[0].g_pe_col[0].u_pe/product_reg_reg/DSP_PREADD_DATA_INST/CLK
  -------------------------------------------------------------------    -------------------
    DSP48E2_X11Y50       DSP_PREADD_DATA (Prop_DSP_PREADD_DATA_DSP48E2_CLK_D_DATA[0])
                                                      0.081     0.115 r  u_shared/u_sa/g_pe_row[0].g_pe_col[0].u_pe/product_reg_reg/DSP_PREADD_DATA_INST/D_DATA[0]
                         net (fo=1, routed)           0.000     0.115    u_shared/u_sa/g_pe_row[0].g_pe_col[0].u_pe/product_reg_reg/DSP_PREADD_DATA.D_DATA<0>
    DSP48E2_X11Y50       DSP_PREADD (Prop_DSP_PREADD_DSP48E2_D_DATA[0]_AD[0])
                                                      0.033     0.148 r  u_shared/u_sa/g_pe_row[0].g_pe_col[0].u_pe/product_reg_reg/DSP_PREADD_INST/AD[0]
                         net (fo=1, routed)           0.000     0.148    u_shared/u_sa/g_pe_row[0].g_pe_col[0].u_pe/product_reg_reg/DSP_PREADD.AD<0>
    DSP48E2_X11Y50       DSP_PREADD_DATA                              r  u_shared/u_sa/g_pe_row[0].g_pe_col[0].u_pe/product_reg_reg/DSP_PREADD_DATA_INST/AD[0]
  -------------------------------------------------------------------    -------------------

                         (clock clk rise edge)        0.000     0.000 r  
                                                      0.000     0.000 r  clk (IN)
                         net (fo=8085, unset)         0.042     0.042    u_shared/u_sa/g_pe_row[0].g_pe_col[0].u_pe/product_reg_reg/CLK
    DSP48E2_X11Y50       DSP_PREADD_DATA                              r  u_shared/u_sa/g_pe_row[0].g_pe_col[0].u_pe/product_reg_reg/DSP_PREADD_DATA_INST/CLK
                         clock pessimism              0.000     0.042    
    DSP48E2_X11Y50       DSP_PREADD_DATA (Hold_DSP_PREADD_DATA_DSP48E2_CLK_AD[0])
                                                      0.060     0.102    u_shared/u_sa/g_pe_row[0].g_pe_col[0].u_pe/product_reg_reg/DSP_PREADD_DATA_INST
  -------------------------------------------------------------------
                         required time                         -0.102    
                         arrival time                           0.148    
  -------------------------------------------------------------------
                         slack                                  0.046    

Slack (MET) :             0.046ns  (arrival time - required time)
  Source:                 u_shared/u_sa/g_pe_row[0].g_pe_col[0].u_pe/product_reg_reg/DSP_PREADD_DATA_INST/CLK
                            (rising edge-triggered cell DSP_PREADD_DATA clocked by clk  {rise@0.000ns fall@2.500ns period=5.000ns})
  Destination:            u_shared/u_sa/g_pe_row[0].g_pe_col[0].u_pe/product_reg_reg/DSP_PREADD_DATA_INST/AD[10]
                            (rising edge-triggered cell DSP_PREADD_DATA clocked by clk  {rise@0.000ns fall@2.500ns period=5.000ns})
  Path Group:             clk
  Path Type:              Hold (Min at Fast Process Corner)
  Requirement:            0.000ns  (clk rise@0.000ns - clk rise@0.000ns)
  Data Path Delay:        0.114ns  (logic 0.114ns (100.000%)  route 0.000ns (0.000%))
  Logic Levels:           1  (DSP_PREADD=1)
  Clock Path Skew:        0.008ns (DCD - SCD - CPR)
    Destination Clock Delay (DCD):    0.042ns
    Source Clock Delay      (SCD):    0.034ns
    Clock Pessimism Removal (CPR):    -0.000ns

    Location             Delay type                Incr(ns)  Path(ns)    Netlist Resource(s)
  -------------------------------------------------------------------    -------------------
                         (clock clk rise edge)        0.000     0.000 r  
                                                      0.000     0.000 r  clk (IN)
                         net (fo=8085, unset)         0.034     0.034    u_shared/u_sa/g_pe_row[0].g_pe_col[0].u_pe/product_reg_reg/CLK
    DSP48E2_X11Y50       DSP_PREADD_DATA                              r  u_shared/u_sa/g_pe_row[0].g_pe_col[0].u_pe/product_reg_reg/DSP_PREADD_DATA_INST/CLK
  -------------------------------------------------------------------    -------------------
    DSP48E2_X11Y50       DSP_PREADD_DATA (Prop_DSP_PREADD_DATA_DSP48E2_CLK_D_DATA[10])
                                                      0.081     0.115 r  u_shared/u_sa/g_pe_row[0].g_pe_col[0].u_pe/product_reg_reg/DSP_PREADD_DATA_INST/D_DATA[10]
                         net (fo=1, routed)           0.000     0.115    u_shared/u_sa/g_pe_row[0].g_pe_col[0].u_pe/product_reg_reg/DSP_PREADD_DATA.D_DATA<10>
    DSP48E2_X11Y50       DSP_PREADD (Prop_DSP_PREADD_DSP48E2_D_DATA[10]_AD[10])
                                                      0.033     0.148 r  u_shared/u_sa/g_pe_row[0].g_pe_col[0].u_pe/product_reg_reg/DSP_PREADD_INST/AD[10]
                         net (fo=1, routed)           0.000     0.148    u_shared/u_sa/g_pe_row[0].g_pe_col[0].u_pe/product_reg_reg/DSP_PREADD.AD<10>
    DSP48E2_X11Y50       DSP_PREADD_DATA                              r  u_shared/u_sa/g_pe_row[0].g_pe_col[0].u_pe/product_reg_reg/DSP_PREADD_DATA_INST/AD[10]
  -------------------------------------------------------------------    -------------------

                         (clock clk rise edge)        0.000     0.000 r  
                                                      0.000     0.000 r  clk (IN)
                         net (fo=8085, unset)         0.042     0.042    u_shared/u_sa/g_pe_row[0].g_pe_col[0].u_pe/product_reg_reg/CLK
    DSP48E2_X11Y50       DSP_PREADD_DATA                              r  u_shared/u_sa/g_pe_row[0].g_pe_col[0].u_pe/product_reg_reg/DSP_PREADD_DATA_INST/CLK
                         clock pessimism              0.000     0.042    
    DSP48E2_X11Y50       DSP_PREADD_DATA (Hold_DSP_PREADD_DATA_DSP48E2_CLK_AD[10])
                                                      0.060     0.102    u_shared/u_sa/g_pe_row[0].g_pe_col[0].u_pe/product_reg_reg/DSP_PREADD_DATA_INST
  -------------------------------------------------------------------
                         required time                         -0.102    
                         arrival time                           0.148    
  -------------------------------------------------------------------
                         slack                                  0.046    

Slack (MET) :             0.046ns  (arrival time - required time)
  Source:                 u_shared/u_sa/g_pe_row[0].g_pe_col[0].u_pe/product_reg_reg/DSP_PREADD_DATA_INST/CLK
                            (rising edge-triggered cell DSP_PREADD_DATA clocked by clk  {rise@0.000ns fall@2.500ns period=5.000ns})
  Destination:            u_shared/u_sa/g_pe_row[0].g_pe_col[0].u_pe/product_reg_reg/DSP_PREADD_DATA_INST/AD[11]
                            (rising edge-triggered cell DSP_PREADD_DATA clocked by clk  {rise@0.000ns fall@2.500ns period=5.000ns})
  Path Group:             clk
  Path Type:              Hold (Min at Fast Process Corner)
  Requirement:            0.000ns  (clk rise@0.000ns - clk rise@0.000ns)
  Data Path Delay:        0.114ns  (logic 0.114ns (100.000%)  route 0.000ns (0.000%))
  Logic Levels:           1  (DSP_PREADD=1)
  Clock Path Skew:        0.008ns (DCD - SCD - CPR)
    Destination Clock Delay (DCD):    0.042ns
    Source Clock Delay      (SCD):    0.034ns
    Clock Pessimism Removal (CPR):    -0.000ns

    Location             Delay type                Incr(ns)  Path(ns)    Netlist Resource(s)
  -------------------------------------------------------------------    -------------------
                         (clock clk rise edge)        0.000     0.000 r  
                                                      0.000     0.000 r  clk (IN)
                         net (fo=8085, unset)         0.034     0.034    u_shared/u_sa/g_pe_row[0].g_pe_col[0].u_pe/product_reg_reg/CLK
    DSP48E2_X11Y50       DSP_PREADD_DATA                              r  u_shared/u_sa/g_pe_row[0].g_pe_col[0].u_pe/product_reg_reg/DSP_PREADD_DATA_INST/CLK
  -------------------------------------------------------------------    -------------------
    DSP48E2_X11Y50       DSP_PREADD_DATA (Prop_DSP_PREADD_DATA_DSP48E2_CLK_D_DATA[11])
                                                      0.081     0.115 r  u_shared/u_sa/g_pe_row[0].g_pe_col[0].u_pe/product_reg_reg/DSP_PREADD_DATA_INST/D_DATA[11]
                         net (fo=1, routed)           0.000     0.115    u_shared/u_sa/g_pe_row[0].g_pe_col[0].u_pe/product_reg_reg/DSP_PREADD_DATA.D_DATA<11>
    DSP48E2_X11Y50       DSP_PREADD (Prop_DSP_PREADD_DSP48E2_D_DATA[11]_AD[11])
                                                      0.033     0.148 r  u_shared/u_sa/g_pe_row[0].g_pe_col[0].u_pe/product_reg_reg/DSP_PREADD_INST/AD[11]
                         net (fo=1, routed)           0.000     0.148    u_shared/u_sa/g_pe_row[0].g_pe_col[0].u_pe/product_reg_reg/DSP_PREADD.AD<11>
    DSP48E2_X11Y50       DSP_PREADD_DATA                              r  u_shared/u_sa/g_pe_row[0].g_pe_col[0].u_pe/product_reg_reg/DSP_PREADD_DATA_INST/AD[11]
  -------------------------------------------------------------------    -------------------

                         (clock clk rise edge)        0.000     0.000 r  
                                                      0.000     0.000 r  clk (IN)
                         net (fo=8085, unset)         0.042     0.042    u_shared/u_sa/g_pe_row[0].g_pe_col[0].u_pe/product_reg_reg/CLK
    DSP48E2_X11Y50       DSP_PREADD_DATA                              r  u_shared/u_sa/g_pe_row[0].g_pe_col[0].u_pe/product_reg_reg/DSP_PREADD_DATA_INST/CLK
                         clock pessimism              0.000     0.042    
    DSP48E2_X11Y50       DSP_PREADD_DATA (Hold_DSP_PREADD_DATA_DSP48E2_CLK_AD[11])
                                                      0.060     0.102    u_shared/u_sa/g_pe_row[0].g_pe_col[0].u_pe/product_reg_reg/DSP_PREADD_DATA_INST
  -------------------------------------------------------------------
                         required time                         -0.102    
                         arrival time                           0.148    
  -------------------------------------------------------------------
                         slack                                  0.046    

Slack (MET) :             0.046ns  (arrival time - required time)
  Source:                 u_shared/u_sa/g_pe_row[0].g_pe_col[0].u_pe/product_reg_reg/DSP_PREADD_DATA_INST/CLK
                            (rising edge-triggered cell DSP_PREADD_DATA clocked by clk  {rise@0.000ns fall@2.500ns period=5.000ns})
  Destination:            u_shared/u_sa/g_pe_row[0].g_pe_col[0].u_pe/product_reg_reg/DSP_PREADD_DATA_INST/AD[12]
                            (rising edge-triggered cell DSP_PREADD_DATA clocked by clk  {rise@0.000ns fall@2.500ns period=5.000ns})
  Path Group:             clk
  Path Type:              Hold (Min at Fast Process Corner)
  Requirement:            0.000ns  (clk rise@0.000ns - clk rise@0.000ns)
  Data Path Delay:        0.114ns  (logic 0.114ns (100.000%)  route 0.000ns (0.000%))
  Logic Levels:           1  (DSP_PREADD=1)
  Clock Path Skew:        0.008ns (DCD - SCD - CPR)
    Destination Clock Delay (DCD):    0.042ns
    Source Clock Delay      (SCD):    0.034ns
    Clock Pessimism Removal (CPR):    -0.000ns

    Location             Delay type                Incr(ns)  Path(ns)    Netlist Resource(s)
  -------------------------------------------------------------------    -------------------
                         (clock clk rise edge)        0.000     0.000 r  
                                                      0.000     0.000 r  clk (IN)
                         net (fo=8085, unset)         0.034     0.034    u_shared/u_sa/g_pe_row[0].g_pe_col[0].u_pe/product_reg_reg/CLK
    DSP48E2_X11Y50       DSP_PREADD_DATA                              r  u_shared/u_sa/g_pe_row[0].g_pe_col[0].u_pe/product_reg_reg/DSP_PREADD_DATA_INST/CLK
  -------------------------------------------------------------------    -------------------
    DSP48E2_X11Y50       DSP_PREADD_DATA (Prop_DSP_PREADD_DATA_DSP48E2_CLK_D_DATA[12])
                                                      0.081     0.115 r  u_shared/u_sa/g_pe_row[0].g_pe_col[0].u_pe/product_reg_reg/DSP_PREADD_DATA_INST/D_DATA[12]
                         net (fo=1, routed)           0.000     0.115    u_shared/u_sa/g_pe_row[0].g_pe_col[0].u_pe/product_reg_reg/DSP_PREADD_DATA.D_DATA<12>
    DSP48E2_X11Y50       DSP_PREADD (Prop_DSP_PREADD_DSP48E2_D_DATA[12]_AD[12])
                                                      0.033     0.148 r  u_shared/u_sa/g_pe_row[0].g_pe_col[0].u_pe/product_reg_reg/DSP_PREADD_INST/AD[12]
                         net (fo=1, routed)           0.000     0.148    u_shared/u_sa/g_pe_row[0].g_pe_col[0].u_pe/product_reg_reg/DSP_PREADD.AD<12>
    DSP48E2_X11Y50       DSP_PREADD_DATA                              r  u_shared/u_sa/g_pe_row[0].g_pe_col[0].u_pe/product_reg_reg/DSP_PREADD_DATA_INST/AD[12]
  -------------------------------------------------------------------    -------------------

                         (clock clk rise edge)        0.000     0.000 r  
                                                      0.000     0.000 r  clk (IN)
                         net (fo=8085, unset)         0.042     0.042    u_shared/u_sa/g_pe_row[0].g_pe_col[0].u_pe/product_reg_reg/CLK
    DSP48E2_X11Y50       DSP_PREADD_DATA                              r  u_shared/u_sa/g_pe_row[0].g_pe_col[0].u_pe/product_reg_reg/DSP_PREADD_DATA_INST/CLK
                         clock pessimism              0.000     0.042    
    DSP48E2_X11Y50       DSP_PREADD_DATA (Hold_DSP_PREADD_DATA_DSP48E2_CLK_AD[12])
                                                      0.060     0.102    u_shared/u_sa/g_pe_row[0].g_pe_col[0].u_pe/product_reg_reg/DSP_PREADD_DATA_INST
  -------------------------------------------------------------------
                         required time                         -0.102    
                         arrival time                           0.148    
  -------------------------------------------------------------------
                         slack                                  0.046    

Slack (MET) :             0.046ns  (arrival time - required time)
  Source:                 u_shared/u_sa/g_pe_row[0].g_pe_col[0].u_pe/product_reg_reg/DSP_PREADD_DATA_INST/CLK
                            (rising edge-triggered cell DSP_PREADD_DATA clocked by clk  {rise@0.000ns fall@2.500ns period=5.000ns})
  Destination:            u_shared/u_sa/g_pe_row[0].g_pe_col[0].u_pe/product_reg_reg/DSP_PREADD_DATA_INST/AD[13]
                            (rising edge-triggered cell DSP_PREADD_DATA clocked by clk  {rise@0.000ns fall@2.500ns period=5.000ns})
  Path Group:             clk
  Path Type:              Hold (Min at Fast Process Corner)
  Requirement:            0.000ns  (clk rise@0.000ns - clk rise@0.000ns)
  Data Path Delay:        0.114ns  (logic 0.114ns (100.000%)  route 0.000ns (0.000%))
  Logic Levels:           1  (DSP_PREADD=1)
  Clock Path Skew:        0.008ns (DCD - SCD - CPR)
    Destination Clock Delay (DCD):    0.042ns
    Source Clock Delay      (SCD):    0.034ns
    Clock Pessimism Removal (CPR):    -0.000ns

    Location             Delay type                Incr(ns)  Path(ns)    Netlist Resource(s)
  -------------------------------------------------------------------    -------------------
                         (clock clk rise edge)        0.000     0.000 r  
                                                      0.000     0.000 r  clk (IN)
                         net (fo=8085, unset)         0.034     0.034    u_shared/u_sa/g_pe_row[0].g_pe_col[0].u_pe/product_reg_reg/CLK
    DSP48E2_X11Y50       DSP_PREADD_DATA                              r  u_shared/u_sa/g_pe_row[0].g_pe_col[0].u_pe/product_reg_reg/DSP_PREADD_DATA_INST/CLK
  -------------------------------------------------------------------    -------------------
    DSP48E2_X11Y50       DSP_PREADD_DATA (Prop_DSP_PREADD_DATA_DSP48E2_CLK_D_DATA[13])
                                                      0.081     0.115 r  u_shared/u_sa/g_pe_row[0].g_pe_col[0].u_pe/product_reg_reg/DSP_PREADD_DATA_INST/D_DATA[13]
                         net (fo=1, routed)           0.000     0.115    u_shared/u_sa/g_pe_row[0].g_pe_col[0].u_pe/product_reg_reg/DSP_PREADD_DATA.D_DATA<13>
    DSP48E2_X11Y50       DSP_PREADD (Prop_DSP_PREADD_DSP48E2_D_DATA[13]_AD[13])
                                                      0.033     0.148 r  u_shared/u_sa/g_pe_row[0].g_pe_col[0].u_pe/product_reg_reg/DSP_PREADD_INST/AD[13]
                         net (fo=1, routed)           0.000     0.148    u_shared/u_sa/g_pe_row[0].g_pe_col[0].u_pe/product_reg_reg/DSP_PREADD.AD<13>
    DSP48E2_X11Y50       DSP_PREADD_DATA                              r  u_shared/u_sa/g_pe_row[0].g_pe_col[0].u_pe/product_reg_reg/DSP_PREADD_DATA_INST/AD[13]
  -------------------------------------------------------------------    -------------------

                         (clock clk rise edge)        0.000     0.000 r  
                                                      0.000     0.000 r  clk (IN)
                         net (fo=8085, unset)         0.042     0.042    u_shared/u_sa/g_pe_row[0].g_pe_col[0].u_pe/product_reg_reg/CLK
    DSP48E2_X11Y50       DSP_PREADD_DATA                              r  u_shared/u_sa/g_pe_row[0].g_pe_col[0].u_pe/product_reg_reg/DSP_PREADD_DATA_INST/CLK
                         clock pessimism              0.000     0.042    
    DSP48E2_X11Y50       DSP_PREADD_DATA (Hold_DSP_PREADD_DATA_DSP48E2_CLK_AD[13])
                                                      0.060     0.102    u_shared/u_sa/g_pe_row[0].g_pe_col[0].u_pe/product_reg_reg/DSP_PREADD_DATA_INST
  -------------------------------------------------------------------
                         required time                         -0.102    
                         arrival time                           0.148    
  -------------------------------------------------------------------
                         slack                                  0.046    

Slack (MET) :             0.046ns  (arrival time - required time)
  Source:                 u_shared/u_sa/g_pe_row[0].g_pe_col[0].u_pe/product_reg_reg/DSP_PREADD_DATA_INST/CLK
                            (rising edge-triggered cell DSP_PREADD_DATA clocked by clk  {rise@0.000ns fall@2.500ns period=5.000ns})
  Destination:            u_shared/u_sa/g_pe_row[0].g_pe_col[0].u_pe/product_reg_reg/DSP_PREADD_DATA_INST/AD[14]
                            (rising edge-triggered cell DSP_PREADD_DATA clocked by clk  {rise@0.000ns fall@2.500ns period=5.000ns})
  Path Group:             clk
  Path Type:              Hold (Min at Fast Process Corner)
  Requirement:            0.000ns  (clk rise@0.000ns - clk rise@0.000ns)
  Data Path Delay:        0.114ns  (logic 0.114ns (100.000%)  route 0.000ns (0.000%))
  Logic Levels:           1  (DSP_PREADD=1)
  Clock Path Skew:        0.008ns (DCD - SCD - CPR)
    Destination Clock Delay (DCD):    0.042ns
    Source Clock Delay      (SCD):    0.034ns
    Clock Pessimism Removal (CPR):    -0.000ns

    Location             Delay type                Incr(ns)  Path(ns)    Netlist Resource(s)
  -------------------------------------------------------------------    -------------------
                         (clock clk rise edge)        0.000     0.000 r  
                                                      0.000     0.000 r  clk (IN)
                         net (fo=8085, unset)         0.034     0.034    u_shared/u_sa/g_pe_row[0].g_pe_col[0].u_pe/product_reg_reg/CLK
    DSP48E2_X11Y50       DSP_PREADD_DATA                              r  u_shared/u_sa/g_pe_row[0].g_pe_col[0].u_pe/product_reg_reg/DSP_PREADD_DATA_INST/CLK
  -------------------------------------------------------------------    -------------------
    DSP48E2_X11Y50       DSP_PREADD_DATA (Prop_DSP_PREADD_DATA_DSP48E2_CLK_D_DATA[14])
                                                      0.081     0.115 r  u_shared/u_sa/g_pe_row[0].g_pe_col[0].u_pe/product_reg_reg/DSP_PREADD_DATA_INST/D_DATA[14]
                         net (fo=1, routed)           0.000     0.115    u_shared/u_sa/g_pe_row[0].g_pe_col[0].u_pe/product_reg_reg/DSP_PREADD_DATA.D_DATA<14>
    DSP48E2_X11Y50       DSP_PREADD (Prop_DSP_PREADD_DSP48E2_D_DATA[14]_AD[14])
                                                      0.033     0.148 r  u_shared/u_sa/g_pe_row[0].g_pe_col[0].u_pe/product_reg_reg/DSP_PREADD_INST/AD[14]
                         net (fo=1, routed)           0.000     0.148    u_shared/u_sa/g_pe_row[0].g_pe_col[0].u_pe/product_reg_reg/DSP_PREADD.AD<14>
    DSP48E2_X11Y50       DSP_PREADD_DATA                              r  u_shared/u_sa/g_pe_row[0].g_pe_col[0].u_pe/product_reg_reg/DSP_PREADD_DATA_INST/AD[14]
  -------------------------------------------------------------------    -------------------

                         (clock clk rise edge)        0.000     0.000 r  
                                                      0.000     0.000 r  clk (IN)
                         net (fo=8085, unset)         0.042     0.042    u_shared/u_sa/g_pe_row[0].g_pe_col[0].u_pe/product_reg_reg/CLK
    DSP48E2_X11Y50       DSP_PREADD_DATA                              r  u_shared/u_sa/g_pe_row[0].g_pe_col[0].u_pe/product_reg_reg/DSP_PREADD_DATA_INST/CLK
                         clock pessimism              0.000     0.042    
    DSP48E2_X11Y50       DSP_PREADD_DATA (Hold_DSP_PREADD_DATA_DSP48E2_CLK_AD[14])
                                                      0.060     0.102    u_shared/u_sa/g_pe_row[0].g_pe_col[0].u_pe/product_reg_reg/DSP_PREADD_DATA_INST
  -------------------------------------------------------------------
                         required time                         -0.102    
                         arrival time                           0.148    
  -------------------------------------------------------------------
                         slack                                  0.046    

Slack (MET) :             0.046ns  (arrival time - required time)
  Source:                 u_shared/u_sa/g_pe_row[0].g_pe_col[0].u_pe/product_reg_reg/DSP_PREADD_DATA_INST/CLK
                            (rising edge-triggered cell DSP_PREADD_DATA clocked by clk  {rise@0.000ns fall@2.500ns period=5.000ns})
  Destination:            u_shared/u_sa/g_pe_row[0].g_pe_col[0].u_pe/product_reg_reg/DSP_PREADD_DATA_INST/AD[15]
                            (rising edge-triggered cell DSP_PREADD_DATA clocked by clk  {rise@0.000ns fall@2.500ns period=5.000ns})
  Path Group:             clk
  Path Type:              Hold (Min at Fast Process Corner)
  Requirement:            0.000ns  (clk rise@0.000ns - clk rise@0.000ns)
  Data Path Delay:        0.114ns  (logic 0.114ns (100.000%)  route 0.000ns (0.000%))
  Logic Levels:           1  (DSP_PREADD=1)
  Clock Path Skew:        0.008ns (DCD - SCD - CPR)
    Destination Clock Delay (DCD):    0.042ns
    Source Clock Delay      (SCD):    0.034ns
    Clock Pessimism Removal (CPR):    -0.000ns

    Location             Delay type                Incr(ns)  Path(ns)    Netlist Resource(s)
  -------------------------------------------------------------------    -------------------
                         (clock clk rise edge)        0.000     0.000 r  
                                                      0.000     0.000 r  clk (IN)
                         net (fo=8085, unset)         0.034     0.034    u_shared/u_sa/g_pe_row[0].g_pe_col[0].u_pe/product_reg_reg/CLK
    DSP48E2_X11Y50       DSP_PREADD_DATA                              r  u_shared/u_sa/g_pe_row[0].g_pe_col[0].u_pe/product_reg_reg/DSP_PREADD_DATA_INST/CLK
  -------------------------------------------------------------------    -------------------
    DSP48E2_X11Y50       DSP_PREADD_DATA (Prop_DSP_PREADD_DATA_DSP48E2_CLK_D_DATA[15])
                                                      0.081     0.115 r  u_shared/u_sa/g_pe_row[0].g_pe_col[0].u_pe/product_reg_reg/DSP_PREADD_DATA_INST/D_DATA[15]
                         net (fo=1, routed)           0.000     0.115    u_shared/u_sa/g_pe_row[0].g_pe_col[0].u_pe/product_reg_reg/DSP_PREADD_DATA.D_DATA<15>
    DSP48E2_X11Y50       DSP_PREADD (Prop_DSP_PREADD_DSP48E2_D_DATA[15]_AD[15])
                                                      0.033     0.148 r  u_shared/u_sa/g_pe_row[0].g_pe_col[0].u_pe/product_reg_reg/DSP_PREADD_INST/AD[15]
                         net (fo=1, routed)           0.000     0.148    u_shared/u_sa/g_pe_row[0].g_pe_col[0].u_pe/product_reg_reg/DSP_PREADD.AD<15>
    DSP48E2_X11Y50       DSP_PREADD_DATA                              r  u_shared/u_sa/g_pe_row[0].g_pe_col[0].u_pe/product_reg_reg/DSP_PREADD_DATA_INST/AD[15]
  -------------------------------------------------------------------    -------------------

                         (clock clk rise edge)        0.000     0.000 r  
                                                      0.000     0.000 r  clk (IN)
                         net (fo=8085, unset)         0.042     0.042    u_shared/u_sa/g_pe_row[0].g_pe_col[0].u_pe/product_reg_reg/CLK
    DSP48E2_X11Y50       DSP_PREADD_DATA                              r  u_shared/u_sa/g_pe_row[0].g_pe_col[0].u_pe/product_reg_reg/DSP_PREADD_DATA_INST/CLK
                         clock pessimism              0.000     0.042    
    DSP48E2_X11Y50       DSP_PREADD_DATA (Hold_DSP_PREADD_DATA_DSP48E2_CLK_AD[15])
                                                      0.060     0.102    u_shared/u_sa/g_pe_row[0].g_pe_col[0].u_pe/product_reg_reg/DSP_PREADD_DATA_INST
  -------------------------------------------------------------------
                         required time                         -0.102    
                         arrival time                           0.148    
  -------------------------------------------------------------------
                         slack                                  0.046    

Slack (MET) :             0.046ns  (arrival time - required time)
  Source:                 u_shared/u_sa/g_pe_row[0].g_pe_col[0].u_pe/product_reg_reg/DSP_PREADD_DATA_INST/CLK
                            (rising edge-triggered cell DSP_PREADD_DATA clocked by clk  {rise@0.000ns fall@2.500ns period=5.000ns})
  Destination:            u_shared/u_sa/g_pe_row[0].g_pe_col[0].u_pe/product_reg_reg/DSP_PREADD_DATA_INST/AD[16]
                            (rising edge-triggered cell DSP_PREADD_DATA clocked by clk  {rise@0.000ns fall@2.500ns period=5.000ns})
  Path Group:             clk
  Path Type:              Hold (Min at Fast Process Corner)
  Requirement:            0.000ns  (clk rise@0.000ns - clk rise@0.000ns)
  Data Path Delay:        0.114ns  (logic 0.114ns (100.000%)  route 0.000ns (0.000%))
  Logic Levels:           1  (DSP_PREADD=1)
  Clock Path Skew:        0.008ns (DCD - SCD - CPR)
    Destination Clock Delay (DCD):    0.042ns
    Source Clock Delay      (SCD):    0.034ns
    Clock Pessimism Removal (CPR):    -0.000ns

    Location             Delay type                Incr(ns)  Path(ns)    Netlist Resource(s)
  -------------------------------------------------------------------    -------------------
                         (clock clk rise edge)        0.000     0.000 r  
                                                      0.000     0.000 r  clk (IN)
                         net (fo=8085, unset)         0.034     0.034    u_shared/u_sa/g_pe_row[0].g_pe_col[0].u_pe/product_reg_reg/CLK
    DSP48E2_X11Y50       DSP_PREADD_DATA                              r  u_shared/u_sa/g_pe_row[0].g_pe_col[0].u_pe/product_reg_reg/DSP_PREADD_DATA_INST/CLK
  -------------------------------------------------------------------    -------------------
    DSP48E2_X11Y50       DSP_PREADD_DATA (Prop_DSP_PREADD_DATA_DSP48E2_CLK_D_DATA[16])
                                                      0.081     0.115 r  u_shared/u_sa/g_pe_row[0].g_pe_col[0].u_pe/product_reg_reg/DSP_PREADD_DATA_INST/D_DATA[16]
                         net (fo=1, routed)           0.000     0.115    u_shared/u_sa/g_pe_row[0].g_pe_col[0].u_pe/product_reg_reg/DSP_PREADD_DATA.D_DATA<16>
    DSP48E2_X11Y50       DSP_PREADD (Prop_DSP_PREADD_DSP48E2_D_DATA[16]_AD[16])
                                                      0.033     0.148 r  u_shared/u_sa/g_pe_row[0].g_pe_col[0].u_pe/product_reg_reg/DSP_PREADD_INST/AD[16]
                         net (fo=1, routed)           0.000     0.148    u_shared/u_sa/g_pe_row[0].g_pe_col[0].u_pe/product_reg_reg/DSP_PREADD.AD<16>
    DSP48E2_X11Y50       DSP_PREADD_DATA                              r  u_shared/u_sa/g_pe_row[0].g_pe_col[0].u_pe/product_reg_reg/DSP_PREADD_DATA_INST/AD[16]
  -------------------------------------------------------------------    -------------------

                         (clock clk rise edge)        0.000     0.000 r  
                                                      0.000     0.000 r  clk (IN)
                         net (fo=8085, unset)         0.042     0.042    u_shared/u_sa/g_pe_row[0].g_pe_col[0].u_pe/product_reg_reg/CLK
    DSP48E2_X11Y50       DSP_PREADD_DATA                              r  u_shared/u_sa/g_pe_row[0].g_pe_col[0].u_pe/product_reg_reg/DSP_PREADD_DATA_INST/CLK
                         clock pessimism              0.000     0.042    
    DSP48E2_X11Y50       DSP_PREADD_DATA (Hold_DSP_PREADD_DATA_DSP48E2_CLK_AD[16])
                                                      0.060     0.102    u_shared/u_sa/g_pe_row[0].g_pe_col[0].u_pe/product_reg_reg/DSP_PREADD_DATA_INST
  -------------------------------------------------------------------
                         required time                         -0.102    
                         arrival time                           0.148    
  -------------------------------------------------------------------
                         slack                                  0.046    

Slack (MET) :             0.046ns  (arrival time - required time)
  Source:                 u_shared/u_sa/g_pe_row[0].g_pe_col[0].u_pe/product_reg_reg/DSP_PREADD_DATA_INST/CLK
                            (rising edge-triggered cell DSP_PREADD_DATA clocked by clk  {rise@0.000ns fall@2.500ns period=5.000ns})
  Destination:            u_shared/u_sa/g_pe_row[0].g_pe_col[0].u_pe/product_reg_reg/DSP_PREADD_DATA_INST/AD[17]
                            (rising edge-triggered cell DSP_PREADD_DATA clocked by clk  {rise@0.000ns fall@2.500ns period=5.000ns})
  Path Group:             clk
  Path Type:              Hold (Min at Fast Process Corner)
  Requirement:            0.000ns  (clk rise@0.000ns - clk rise@0.000ns)
  Data Path Delay:        0.114ns  (logic 0.114ns (100.000%)  route 0.000ns (0.000%))
  Logic Levels:           1  (DSP_PREADD=1)
  Clock Path Skew:        0.008ns (DCD - SCD - CPR)
    Destination Clock Delay (DCD):    0.042ns
    Source Clock Delay      (SCD):    0.034ns
    Clock Pessimism Removal (CPR):    -0.000ns

    Location             Delay type                Incr(ns)  Path(ns)    Netlist Resource(s)
  -------------------------------------------------------------------    -------------------
                         (clock clk rise edge)        0.000     0.000 r  
                                                      0.000     0.000 r  clk (IN)
                         net (fo=8085, unset)         0.034     0.034    u_shared/u_sa/g_pe_row[0].g_pe_col[0].u_pe/product_reg_reg/CLK
    DSP48E2_X11Y50       DSP_PREADD_DATA                              r  u_shared/u_sa/g_pe_row[0].g_pe_col[0].u_pe/product_reg_reg/DSP_PREADD_DATA_INST/CLK
  -------------------------------------------------------------------    -------------------
    DSP48E2_X11Y50       DSP_PREADD_DATA (Prop_DSP_PREADD_DATA_DSP48E2_CLK_D_DATA[17])
                                                      0.081     0.115 r  u_shared/u_sa/g_pe_row[0].g_pe_col[0].u_pe/product_reg_reg/DSP_PREADD_DATA_INST/D_DATA[17]
                         net (fo=1, routed)           0.000     0.115    u_shared/u_sa/g_pe_row[0].g_pe_col[0].u_pe/product_reg_reg/DSP_PREADD_DATA.D_DATA<17>
    DSP48E2_X11Y50       DSP_PREADD (Prop_DSP_PREADD_DSP48E2_D_DATA[17]_AD[17])
                                                      0.033     0.148 r  u_shared/u_sa/g_pe_row[0].g_pe_col[0].u_pe/product_reg_reg/DSP_PREADD_INST/AD[17]
                         net (fo=1, routed)           0.000     0.148    u_shared/u_sa/g_pe_row[0].g_pe_col[0].u_pe/product_reg_reg/DSP_PREADD.AD<17>
    DSP48E2_X11Y50       DSP_PREADD_DATA                              r  u_shared/u_sa/g_pe_row[0].g_pe_col[0].u_pe/product_reg_reg/DSP_PREADD_DATA_INST/AD[17]
  -------------------------------------------------------------------    -------------------

                         (clock clk rise edge)        0.000     0.000 r  
                                                      0.000     0.000 r  clk (IN)
                         net (fo=8085, unset)         0.042     0.042    u_shared/u_sa/g_pe_row[0].g_pe_col[0].u_pe/product_reg_reg/CLK
    DSP48E2_X11Y50       DSP_PREADD_DATA                              r  u_shared/u_sa/g_pe_row[0].g_pe_col[0].u_pe/product_reg_reg/DSP_PREADD_DATA_INST/CLK
                         clock pessimism              0.000     0.042    
    DSP48E2_X11Y50       DSP_PREADD_DATA (Hold_DSP_PREADD_DATA_DSP48E2_CLK_AD[17])
                                                      0.060     0.102    u_shared/u_sa/g_pe_row[0].g_pe_col[0].u_pe/product_reg_reg/DSP_PREADD_DATA_INST
  -------------------------------------------------------------------
                         required time                         -0.102    
                         arrival time                           0.148    
  -------------------------------------------------------------------
                         slack                                  0.046    

Slack (MET) :             0.046ns  (arrival time - required time)
  Source:                 u_shared/u_sa/g_pe_row[0].g_pe_col[0].u_pe/product_reg_reg/DSP_PREADD_DATA_INST/CLK
                            (rising edge-triggered cell DSP_PREADD_DATA clocked by clk  {rise@0.000ns fall@2.500ns period=5.000ns})
  Destination:            u_shared/u_sa/g_pe_row[0].g_pe_col[0].u_pe/product_reg_reg/DSP_PREADD_DATA_INST/AD[18]
                            (rising edge-triggered cell DSP_PREADD_DATA clocked by clk  {rise@0.000ns fall@2.500ns period=5.000ns})
  Path Group:             clk
  Path Type:              Hold (Min at Fast Process Corner)
  Requirement:            0.000ns  (clk rise@0.000ns - clk rise@0.000ns)
  Data Path Delay:        0.114ns  (logic 0.114ns (100.000%)  route 0.000ns (0.000%))
  Logic Levels:           1  (DSP_PREADD=1)
  Clock Path Skew:        0.008ns (DCD - SCD - CPR)
    Destination Clock Delay (DCD):    0.042ns
    Source Clock Delay      (SCD):    0.034ns
    Clock Pessimism Removal (CPR):    -0.000ns

    Location             Delay type                Incr(ns)  Path(ns)    Netlist Resource(s)
  -------------------------------------------------------------------    -------------------
                         (clock clk rise edge)        0.000     0.000 r  
                                                      0.000     0.000 r  clk (IN)
                         net (fo=8085, unset)         0.034     0.034    u_shared/u_sa/g_pe_row[0].g_pe_col[0].u_pe/product_reg_reg/CLK
    DSP48E2_X11Y50       DSP_PREADD_DATA                              r  u_shared/u_sa/g_pe_row[0].g_pe_col[0].u_pe/product_reg_reg/DSP_PREADD_DATA_INST/CLK
  -------------------------------------------------------------------    -------------------
    DSP48E2_X11Y50       DSP_PREADD_DATA (Prop_DSP_PREADD_DATA_DSP48E2_CLK_D_DATA[18])
                                                      0.081     0.115 r  u_shared/u_sa/g_pe_row[0].g_pe_col[0].u_pe/product_reg_reg/DSP_PREADD_DATA_INST/D_DATA[18]
                         net (fo=1, routed)           0.000     0.115    u_shared/u_sa/g_pe_row[0].g_pe_col[0].u_pe/product_reg_reg/DSP_PREADD_DATA.D_DATA<18>
    DSP48E2_X11Y50       DSP_PREADD (Prop_DSP_PREADD_DSP48E2_D_DATA[18]_AD[18])
                                                      0.033     0.148 r  u_shared/u_sa/g_pe_row[0].g_pe_col[0].u_pe/product_reg_reg/DSP_PREADD_INST/AD[18]
                         net (fo=1, routed)           0.000     0.148    u_shared/u_sa/g_pe_row[0].g_pe_col[0].u_pe/product_reg_reg/DSP_PREADD.AD<18>
    DSP48E2_X11Y50       DSP_PREADD_DATA                              r  u_shared/u_sa/g_pe_row[0].g_pe_col[0].u_pe/product_reg_reg/DSP_PREADD_DATA_INST/AD[18]
  -------------------------------------------------------------------    -------------------

                         (clock clk rise edge)        0.000     0.000 r  
                                                      0.000     0.000 r  clk (IN)
                         net (fo=8085, unset)         0.042     0.042    u_shared/u_sa/g_pe_row[0].g_pe_col[0].u_pe/product_reg_reg/CLK
    DSP48E2_X11Y50       DSP_PREADD_DATA                              r  u_shared/u_sa/g_pe_row[0].g_pe_col[0].u_pe/product_reg_reg/DSP_PREADD_DATA_INST/CLK
                         clock pessimism              0.000     0.042    
    DSP48E2_X11Y50       DSP_PREADD_DATA (Hold_DSP_PREADD_DATA_DSP48E2_CLK_AD[18])
                                                      0.060     0.102    u_shared/u_sa/g_pe_row[0].g_pe_col[0].u_pe/product_reg_reg/DSP_PREADD_DATA_INST
  -------------------------------------------------------------------
                         required time                         -0.102    
                         arrival time                           0.148    
  -------------------------------------------------------------------
                         slack                                  0.046    

Slack (MET) :             0.046ns  (arrival time - required time)
  Source:                 u_shared/u_sa/g_pe_row[0].g_pe_col[0].u_pe/product_reg_reg/DSP_PREADD_DATA_INST/CLK
                            (rising edge-triggered cell DSP_PREADD_DATA clocked by clk  {rise@0.000ns fall@2.500ns period=5.000ns})
  Destination:            u_shared/u_sa/g_pe_row[0].g_pe_col[0].u_pe/product_reg_reg/DSP_PREADD_DATA_INST/AD[19]
                            (rising edge-triggered cell DSP_PREADD_DATA clocked by clk  {rise@0.000ns fall@2.500ns period=5.000ns})
  Path Group:             clk
  Path Type:              Hold (Min at Fast Process Corner)
  Requirement:            0.000ns  (clk rise@0.000ns - clk rise@0.000ns)
  Data Path Delay:        0.114ns  (logic 0.114ns (100.000%)  route 0.000ns (0.000%))
  Logic Levels:           1  (DSP_PREADD=1)
  Clock Path Skew:        0.008ns (DCD - SCD - CPR)
    Destination Clock Delay (DCD):    0.042ns
    Source Clock Delay      (SCD):    0.034ns
    Clock Pessimism Removal (CPR):    -0.000ns

    Location             Delay type                Incr(ns)  Path(ns)    Netlist Resource(s)
  -------------------------------------------------------------------    -------------------
                         (clock clk rise edge)        0.000     0.000 r  
                                                      0.000     0.000 r  clk (IN)
                         net (fo=8085, unset)         0.034     0.034    u_shared/u_sa/g_pe_row[0].g_pe_col[0].u_pe/product_reg_reg/CLK
    DSP48E2_X11Y50       DSP_PREADD_DATA                              r  u_shared/u_sa/g_pe_row[0].g_pe_col[0].u_pe/product_reg_reg/DSP_PREADD_DATA_INST/CLK
  -------------------------------------------------------------------    -------------------
    DSP48E2_X11Y50       DSP_PREADD_DATA (Prop_DSP_PREADD_DATA_DSP48E2_CLK_D_DATA[19])
                                                      0.081     0.115 r  u_shared/u_sa/g_pe_row[0].g_pe_col[0].u_pe/product_reg_reg/DSP_PREADD_DATA_INST/D_DATA[19]
                         net (fo=1, routed)           0.000     0.115    u_shared/u_sa/g_pe_row[0].g_pe_col[0].u_pe/product_reg_reg/DSP_PREADD_DATA.D_DATA<19>
    DSP48E2_X11Y50       DSP_PREADD (Prop_DSP_PREADD_DSP48E2_D_DATA[19]_AD[19])
                                                      0.033     0.148 r  u_shared/u_sa/g_pe_row[0].g_pe_col[0].u_pe/product_reg_reg/DSP_PREADD_INST/AD[19]
                         net (fo=1, routed)           0.000     0.148    u_shared/u_sa/g_pe_row[0].g_pe_col[0].u_pe/product_reg_reg/DSP_PREADD.AD<19>
    DSP48E2_X11Y50       DSP_PREADD_DATA                              r  u_shared/u_sa/g_pe_row[0].g_pe_col[0].u_pe/product_reg_reg/DSP_PREADD_DATA_INST/AD[19]
  -------------------------------------------------------------------    -------------------

                         (clock clk rise edge)        0.000     0.000 r  
                                                      0.000     0.000 r  clk (IN)
                         net (fo=8085, unset)         0.042     0.042    u_shared/u_sa/g_pe_row[0].g_pe_col[0].u_pe/product_reg_reg/CLK
    DSP48E2_X11Y50       DSP_PREADD_DATA                              r  u_shared/u_sa/g_pe_row[0].g_pe_col[0].u_pe/product_reg_reg/DSP_PREADD_DATA_INST/CLK
                         clock pessimism              0.000     0.042    
    DSP48E2_X11Y50       DSP_PREADD_DATA (Hold_DSP_PREADD_DATA_DSP48E2_CLK_AD[19])
                                                      0.060     0.102    u_shared/u_sa/g_pe_row[0].g_pe_col[0].u_pe/product_reg_reg/DSP_PREADD_DATA_INST
  -------------------------------------------------------------------
                         required time                         -0.102    
                         arrival time                           0.148    
  -------------------------------------------------------------------
                         slack                                  0.046    

Slack (MET) :             0.046ns  (arrival time - required time)
  Source:                 u_shared/u_sa/g_pe_row[0].g_pe_col[0].u_pe/product_reg_reg/DSP_PREADD_DATA_INST/CLK
                            (rising edge-triggered cell DSP_PREADD_DATA clocked by clk  {rise@0.000ns fall@2.500ns period=5.000ns})
  Destination:            u_shared/u_sa/g_pe_row[0].g_pe_col[0].u_pe/product_reg_reg/DSP_PREADD_DATA_INST/AD[1]
                            (rising edge-triggered cell DSP_PREADD_DATA clocked by clk  {rise@0.000ns fall@2.500ns period=5.000ns})
  Path Group:             clk
  Path Type:              Hold (Min at Fast Process Corner)
  Requirement:            0.000ns  (clk rise@0.000ns - clk rise@0.000ns)
  Data Path Delay:        0.114ns  (logic 0.114ns (100.000%)  route 0.000ns (0.000%))
  Logic Levels:           1  (DSP_PREADD=1)
  Clock Path Skew:        0.008ns (DCD - SCD - CPR)
    Destination Clock Delay (DCD):    0.042ns
    Source Clock Delay      (SCD):    0.034ns
    Clock Pessimism Removal (CPR):    -0.000ns

    Location             Delay type                Incr(ns)  Path(ns)    Netlist Resource(s)
  -------------------------------------------------------------------    -------------------
                         (clock clk rise edge)        0.000     0.000 r  
                                                      0.000     0.000 r  clk (IN)
                         net (fo=8085, unset)         0.034     0.034    u_shared/u_sa/g_pe_row[0].g_pe_col[0].u_pe/product_reg_reg/CLK
    DSP48E2_X11Y50       DSP_PREADD_DATA                              r  u_shared/u_sa/g_pe_row[0].g_pe_col[0].u_pe/product_reg_reg/DSP_PREADD_DATA_INST/CLK
  -------------------------------------------------------------------    -------------------
    DSP48E2_X11Y50       DSP_PREADD_DATA (Prop_DSP_PREADD_DATA_DSP48E2_CLK_D_DATA[1])
                                                      0.081     0.115 r  u_shared/u_sa/g_pe_row[0].g_pe_col[0].u_pe/product_reg_reg/DSP_PREADD_DATA_INST/D_DATA[1]
                         net (fo=1, routed)           0.000     0.115    u_shared/u_sa/g_pe_row[0].g_pe_col[0].u_pe/product_reg_reg/DSP_PREADD_DATA.D_DATA<1>
    DSP48E2_X11Y50       DSP_PREADD (Prop_DSP_PREADD_DSP48E2_D_DATA[1]_AD[1])
                                                      0.033     0.148 r  u_shared/u_sa/g_pe_row[0].g_pe_col[0].u_pe/product_reg_reg/DSP_PREADD_INST/AD[1]
                         net (fo=1, routed)           0.000     0.148    u_shared/u_sa/g_pe_row[0].g_pe_col[0].u_pe/product_reg_reg/DSP_PREADD.AD<1>
    DSP48E2_X11Y50       DSP_PREADD_DATA                              r  u_shared/u_sa/g_pe_row[0].g_pe_col[0].u_pe/product_reg_reg/DSP_PREADD_DATA_INST/AD[1]
  -------------------------------------------------------------------    -------------------

                         (clock clk rise edge)        0.000     0.000 r  
                                                      0.000     0.000 r  clk (IN)
                         net (fo=8085, unset)         0.042     0.042    u_shared/u_sa/g_pe_row[0].g_pe_col[0].u_pe/product_reg_reg/CLK
    DSP48E2_X11Y50       DSP_PREADD_DATA                              r  u_shared/u_sa/g_pe_row[0].g_pe_col[0].u_pe/product_reg_reg/DSP_PREADD_DATA_INST/CLK
                         clock pessimism              0.000     0.042    
    DSP48E2_X11Y50       DSP_PREADD_DATA (Hold_DSP_PREADD_DATA_DSP48E2_CLK_AD[1])
                                                      0.060     0.102    u_shared/u_sa/g_pe_row[0].g_pe_col[0].u_pe/product_reg_reg/DSP_PREADD_DATA_INST
  -------------------------------------------------------------------
                         required time                         -0.102    
                         arrival time                           0.148    
  -------------------------------------------------------------------
                         slack                                  0.046    

Slack (MET) :             0.046ns  (arrival time - required time)
  Source:                 u_shared/u_sa/g_pe_row[0].g_pe_col[0].u_pe/product_reg_reg/DSP_PREADD_DATA_INST/CLK
                            (rising edge-triggered cell DSP_PREADD_DATA clocked by clk  {rise@0.000ns fall@2.500ns period=5.000ns})
  Destination:            u_shared/u_sa/g_pe_row[0].g_pe_col[0].u_pe/product_reg_reg/DSP_PREADD_DATA_INST/AD[20]
                            (rising edge-triggered cell DSP_PREADD_DATA clocked by clk  {rise@0.000ns fall@2.500ns period=5.000ns})
  Path Group:             clk
  Path Type:              Hold (Min at Fast Process Corner)
  Requirement:            0.000ns  (clk rise@0.000ns - clk rise@0.000ns)
  Data Path Delay:        0.114ns  (logic 0.114ns (100.000%)  route 0.000ns (0.000%))
  Logic Levels:           1  (DSP_PREADD=1)
  Clock Path Skew:        0.008ns (DCD - SCD - CPR)
    Destination Clock Delay (DCD):    0.042ns
    Source Clock Delay      (SCD):    0.034ns
    Clock Pessimism Removal (CPR):    -0.000ns

    Location             Delay type                Incr(ns)  Path(ns)    Netlist Resource(s)
  -------------------------------------------------------------------    -------------------
                         (clock clk rise edge)        0.000     0.000 r  
                                                      0.000     0.000 r  clk (IN)
                         net (fo=8085, unset)         0.034     0.034    u_shared/u_sa/g_pe_row[0].g_pe_col[0].u_pe/product_reg_reg/CLK
    DSP48E2_X11Y50       DSP_PREADD_DATA                              r  u_shared/u_sa/g_pe_row[0].g_pe_col[0].u_pe/product_reg_reg/DSP_PREADD_DATA_INST/CLK
  -------------------------------------------------------------------    -------------------
    DSP48E2_X11Y50       DSP_PREADD_DATA (Prop_DSP_PREADD_DATA_DSP48E2_CLK_D_DATA[20])
                                                      0.081     0.115 r  u_shared/u_sa/g_pe_row[0].g_pe_col[0].u_pe/product_reg_reg/DSP_PREADD_DATA_INST/D_DATA[20]
                         net (fo=1, routed)           0.000     0.115    u_shared/u_sa/g_pe_row[0].g_pe_col[0].u_pe/product_reg_reg/DSP_PREADD_DATA.D_DATA<20>
    DSP48E2_X11Y50       DSP_PREADD (Prop_DSP_PREADD_DSP48E2_D_DATA[20]_AD[20])
                                                      0.033     0.148 r  u_shared/u_sa/g_pe_row[0].g_pe_col[0].u_pe/product_reg_reg/DSP_PREADD_INST/AD[20]
                         net (fo=1, routed)           0.000     0.148    u_shared/u_sa/g_pe_row[0].g_pe_col[0].u_pe/product_reg_reg/DSP_PREADD.AD<20>
    DSP48E2_X11Y50       DSP_PREADD_DATA                              r  u_shared/u_sa/g_pe_row[0].g_pe_col[0].u_pe/product_reg_reg/DSP_PREADD_DATA_INST/AD[20]
  -------------------------------------------------------------------    -------------------

                         (clock clk rise edge)        0.000     0.000 r  
                                                      0.000     0.000 r  clk (IN)
                         net (fo=8085, unset)         0.042     0.042    u_shared/u_sa/g_pe_row[0].g_pe_col[0].u_pe/product_reg_reg/CLK
    DSP48E2_X11Y50       DSP_PREADD_DATA                              r  u_shared/u_sa/g_pe_row[0].g_pe_col[0].u_pe/product_reg_reg/DSP_PREADD_DATA_INST/CLK
                         clock pessimism              0.000     0.042    
    DSP48E2_X11Y50       DSP_PREADD_DATA (Hold_DSP_PREADD_DATA_DSP48E2_CLK_AD[20])
                                                      0.060     0.102    u_shared/u_sa/g_pe_row[0].g_pe_col[0].u_pe/product_reg_reg/DSP_PREADD_DATA_INST
  -------------------------------------------------------------------
                         required time                         -0.102    
                         arrival time                           0.148    
  -------------------------------------------------------------------
                         slack                                  0.046    

Slack (MET) :             0.046ns  (arrival time - required time)
  Source:                 u_shared/u_sa/g_pe_row[0].g_pe_col[0].u_pe/product_reg_reg/DSP_PREADD_DATA_INST/CLK
                            (rising edge-triggered cell DSP_PREADD_DATA clocked by clk  {rise@0.000ns fall@2.500ns period=5.000ns})
  Destination:            u_shared/u_sa/g_pe_row[0].g_pe_col[0].u_pe/product_reg_reg/DSP_PREADD_DATA_INST/AD[21]
                            (rising edge-triggered cell DSP_PREADD_DATA clocked by clk  {rise@0.000ns fall@2.500ns period=5.000ns})
  Path Group:             clk
  Path Type:              Hold (Min at Fast Process Corner)
  Requirement:            0.000ns  (clk rise@0.000ns - clk rise@0.000ns)
  Data Path Delay:        0.114ns  (logic 0.114ns (100.000%)  route 0.000ns (0.000%))
  Logic Levels:           1  (DSP_PREADD=1)
  Clock Path Skew:        0.008ns (DCD - SCD - CPR)
    Destination Clock Delay (DCD):    0.042ns
    Source Clock Delay      (SCD):    0.034ns
    Clock Pessimism Removal (CPR):    -0.000ns

    Location             Delay type                Incr(ns)  Path(ns)    Netlist Resource(s)
  -------------------------------------------------------------------    -------------------
                         (clock clk rise edge)        0.000     0.000 r  
                                                      0.000     0.000 r  clk (IN)
                         net (fo=8085, unset)         0.034     0.034    u_shared/u_sa/g_pe_row[0].g_pe_col[0].u_pe/product_reg_reg/CLK
    DSP48E2_X11Y50       DSP_PREADD_DATA                              r  u_shared/u_sa/g_pe_row[0].g_pe_col[0].u_pe/product_reg_reg/DSP_PREADD_DATA_INST/CLK
  -------------------------------------------------------------------    -------------------
    DSP48E2_X11Y50       DSP_PREADD_DATA (Prop_DSP_PREADD_DATA_DSP48E2_CLK_D_DATA[21])
                                                      0.081     0.115 r  u_shared/u_sa/g_pe_row[0].g_pe_col[0].u_pe/product_reg_reg/DSP_PREADD_DATA_INST/D_DATA[21]
                         net (fo=1, routed)           0.000     0.115    u_shared/u_sa/g_pe_row[0].g_pe_col[0].u_pe/product_reg_reg/DSP_PREADD_DATA.D_DATA<21>
    DSP48E2_X11Y50       DSP_PREADD (Prop_DSP_PREADD_DSP48E2_D_DATA[21]_AD[21])
                                                      0.033     0.148 r  u_shared/u_sa/g_pe_row[0].g_pe_col[0].u_pe/product_reg_reg/DSP_PREADD_INST/AD[21]
                         net (fo=1, routed)           0.000     0.148    u_shared/u_sa/g_pe_row[0].g_pe_col[0].u_pe/product_reg_reg/DSP_PREADD.AD<21>
    DSP48E2_X11Y50       DSP_PREADD_DATA                              r  u_shared/u_sa/g_pe_row[0].g_pe_col[0].u_pe/product_reg_reg/DSP_PREADD_DATA_INST/AD[21]
  -------------------------------------------------------------------    -------------------

                         (clock clk rise edge)        0.000     0.000 r  
                                                      0.000     0.000 r  clk (IN)
                         net (fo=8085, unset)         0.042     0.042    u_shared/u_sa/g_pe_row[0].g_pe_col[0].u_pe/product_reg_reg/CLK
    DSP48E2_X11Y50       DSP_PREADD_DATA                              r  u_shared/u_sa/g_pe_row[0].g_pe_col[0].u_pe/product_reg_reg/DSP_PREADD_DATA_INST/CLK
                         clock pessimism              0.000     0.042    
    DSP48E2_X11Y50       DSP_PREADD_DATA (Hold_DSP_PREADD_DATA_DSP48E2_CLK_AD[21])
                                                      0.060     0.102    u_shared/u_sa/g_pe_row[0].g_pe_col[0].u_pe/product_reg_reg/DSP_PREADD_DATA_INST
  -------------------------------------------------------------------
                         required time                         -0.102    
                         arrival time                           0.148    
  -------------------------------------------------------------------
                         slack                                  0.046    

Slack (MET) :             0.046ns  (arrival time - required time)
  Source:                 u_shared/u_sa/g_pe_row[0].g_pe_col[0].u_pe/product_reg_reg/DSP_PREADD_DATA_INST/CLK
                            (rising edge-triggered cell DSP_PREADD_DATA clocked by clk  {rise@0.000ns fall@2.500ns period=5.000ns})
  Destination:            u_shared/u_sa/g_pe_row[0].g_pe_col[0].u_pe/product_reg_reg/DSP_PREADD_DATA_INST/AD[22]
                            (rising edge-triggered cell DSP_PREADD_DATA clocked by clk  {rise@0.000ns fall@2.500ns period=5.000ns})
  Path Group:             clk
  Path Type:              Hold (Min at Fast Process Corner)
  Requirement:            0.000ns  (clk rise@0.000ns - clk rise@0.000ns)
  Data Path Delay:        0.114ns  (logic 0.114ns (100.000%)  route 0.000ns (0.000%))
  Logic Levels:           1  (DSP_PREADD=1)
  Clock Path Skew:        0.008ns (DCD - SCD - CPR)
    Destination Clock Delay (DCD):    0.042ns
    Source Clock Delay      (SCD):    0.034ns
    Clock Pessimism Removal (CPR):    -0.000ns

    Location             Delay type                Incr(ns)  Path(ns)    Netlist Resource(s)
  -------------------------------------------------------------------    -------------------
                         (clock clk rise edge)        0.000     0.000 r  
                                                      0.000     0.000 r  clk (IN)
                         net (fo=8085, unset)         0.034     0.034    u_shared/u_sa/g_pe_row[0].g_pe_col[0].u_pe/product_reg_reg/CLK
    DSP48E2_X11Y50       DSP_PREADD_DATA                              r  u_shared/u_sa/g_pe_row[0].g_pe_col[0].u_pe/product_reg_reg/DSP_PREADD_DATA_INST/CLK
  -------------------------------------------------------------------    -------------------
    DSP48E2_X11Y50       DSP_PREADD_DATA (Prop_DSP_PREADD_DATA_DSP48E2_CLK_D_DATA[22])
                                                      0.081     0.115 r  u_shared/u_sa/g_pe_row[0].g_pe_col[0].u_pe/product_reg_reg/DSP_PREADD_DATA_INST/D_DATA[22]
                         net (fo=1, routed)           0.000     0.115    u_shared/u_sa/g_pe_row[0].g_pe_col[0].u_pe/product_reg_reg/DSP_PREADD_DATA.D_DATA<22>
    DSP48E2_X11Y50       DSP_PREADD (Prop_DSP_PREADD_DSP48E2_D_DATA[22]_AD[22])
                                                      0.033     0.148 r  u_shared/u_sa/g_pe_row[0].g_pe_col[0].u_pe/product_reg_reg/DSP_PREADD_INST/AD[22]
                         net (fo=1, routed)           0.000     0.148    u_shared/u_sa/g_pe_row[0].g_pe_col[0].u_pe/product_reg_reg/DSP_PREADD.AD<22>
    DSP48E2_X11Y50       DSP_PREADD_DATA                              r  u_shared/u_sa/g_pe_row[0].g_pe_col[0].u_pe/product_reg_reg/DSP_PREADD_DATA_INST/AD[22]
  -------------------------------------------------------------------    -------------------

                         (clock clk rise edge)        0.000     0.000 r  
                                                      0.000     0.000 r  clk (IN)
                         net (fo=8085, unset)         0.042     0.042    u_shared/u_sa/g_pe_row[0].g_pe_col[0].u_pe/product_reg_reg/CLK
    DSP48E2_X11Y50       DSP_PREADD_DATA                              r  u_shared/u_sa/g_pe_row[0].g_pe_col[0].u_pe/product_reg_reg/DSP_PREADD_DATA_INST/CLK
                         clock pessimism              0.000     0.042    
    DSP48E2_X11Y50       DSP_PREADD_DATA (Hold_DSP_PREADD_DATA_DSP48E2_CLK_AD[22])
                                                      0.060     0.102    u_shared/u_sa/g_pe_row[0].g_pe_col[0].u_pe/product_reg_reg/DSP_PREADD_DATA_INST
  -------------------------------------------------------------------
                         required time                         -0.102    
                         arrival time                           0.148    
  -------------------------------------------------------------------
                         slack                                  0.046    

Slack (MET) :             0.046ns  (arrival time - required time)
  Source:                 u_shared/u_sa/g_pe_row[0].g_pe_col[0].u_pe/product_reg_reg/DSP_PREADD_DATA_INST/CLK
                            (rising edge-triggered cell DSP_PREADD_DATA clocked by clk  {rise@0.000ns fall@2.500ns period=5.000ns})
  Destination:            u_shared/u_sa/g_pe_row[0].g_pe_col[0].u_pe/product_reg_reg/DSP_PREADD_DATA_INST/AD[23]
                            (rising edge-triggered cell DSP_PREADD_DATA clocked by clk  {rise@0.000ns fall@2.500ns period=5.000ns})
  Path Group:             clk
  Path Type:              Hold (Min at Fast Process Corner)
  Requirement:            0.000ns  (clk rise@0.000ns - clk rise@0.000ns)
  Data Path Delay:        0.114ns  (logic 0.114ns (100.000%)  route 0.000ns (0.000%))
  Logic Levels:           1  (DSP_PREADD=1)
  Clock Path Skew:        0.008ns (DCD - SCD - CPR)
    Destination Clock Delay (DCD):    0.042ns
    Source Clock Delay      (SCD):    0.034ns
    Clock Pessimism Removal (CPR):    -0.000ns

    Location             Delay type                Incr(ns)  Path(ns)    Netlist Resource(s)
  -------------------------------------------------------------------    -------------------
                         (clock clk rise edge)        0.000     0.000 r  
                                                      0.000     0.000 r  clk (IN)
                         net (fo=8085, unset)         0.034     0.034    u_shared/u_sa/g_pe_row[0].g_pe_col[0].u_pe/product_reg_reg/CLK
    DSP48E2_X11Y50       DSP_PREADD_DATA                              r  u_shared/u_sa/g_pe_row[0].g_pe_col[0].u_pe/product_reg_reg/DSP_PREADD_DATA_INST/CLK
  -------------------------------------------------------------------    -------------------
    DSP48E2_X11Y50       DSP_PREADD_DATA (Prop_DSP_PREADD_DATA_DSP48E2_CLK_D_DATA[23])
                                                      0.081     0.115 r  u_shared/u_sa/g_pe_row[0].g_pe_col[0].u_pe/product_reg_reg/DSP_PREADD_DATA_INST/D_DATA[23]
                         net (fo=1, routed)           0.000     0.115    u_shared/u_sa/g_pe_row[0].g_pe_col[0].u_pe/product_reg_reg/DSP_PREADD_DATA.D_DATA<23>
    DSP48E2_X11Y50       DSP_PREADD (Prop_DSP_PREADD_DSP48E2_D_DATA[23]_AD[23])
                                                      0.033     0.148 r  u_shared/u_sa/g_pe_row[0].g_pe_col[0].u_pe/product_reg_reg/DSP_PREADD_INST/AD[23]
                         net (fo=1, routed)           0.000     0.148    u_shared/u_sa/g_pe_row[0].g_pe_col[0].u_pe/product_reg_reg/DSP_PREADD.AD<23>
    DSP48E2_X11Y50       DSP_PREADD_DATA                              r  u_shared/u_sa/g_pe_row[0].g_pe_col[0].u_pe/product_reg_reg/DSP_PREADD_DATA_INST/AD[23]
  -------------------------------------------------------------------    -------------------

                         (clock clk rise edge)        0.000     0.000 r  
                                                      0.000     0.000 r  clk (IN)
                         net (fo=8085, unset)         0.042     0.042    u_shared/u_sa/g_pe_row[0].g_pe_col[0].u_pe/product_reg_reg/CLK
    DSP48E2_X11Y50       DSP_PREADD_DATA                              r  u_shared/u_sa/g_pe_row[0].g_pe_col[0].u_pe/product_reg_reg/DSP_PREADD_DATA_INST/CLK
                         clock pessimism              0.000     0.042    
    DSP48E2_X11Y50       DSP_PREADD_DATA (Hold_DSP_PREADD_DATA_DSP48E2_CLK_AD[23])
                                                      0.060     0.102    u_shared/u_sa/g_pe_row[0].g_pe_col[0].u_pe/product_reg_reg/DSP_PREADD_DATA_INST
  -------------------------------------------------------------------
                         required time                         -0.102    
                         arrival time                           0.148    
  -------------------------------------------------------------------
                         slack                                  0.046    

Slack (MET) :             0.046ns  (arrival time - required time)
  Source:                 u_shared/u_sa/g_pe_row[0].g_pe_col[0].u_pe/product_reg_reg/DSP_PREADD_DATA_INST/CLK
                            (rising edge-triggered cell DSP_PREADD_DATA clocked by clk  {rise@0.000ns fall@2.500ns period=5.000ns})
  Destination:            u_shared/u_sa/g_pe_row[0].g_pe_col[0].u_pe/product_reg_reg/DSP_PREADD_DATA_INST/AD[24]
                            (rising edge-triggered cell DSP_PREADD_DATA clocked by clk  {rise@0.000ns fall@2.500ns period=5.000ns})
  Path Group:             clk
  Path Type:              Hold (Min at Fast Process Corner)
  Requirement:            0.000ns  (clk rise@0.000ns - clk rise@0.000ns)
  Data Path Delay:        0.114ns  (logic 0.114ns (100.000%)  route 0.000ns (0.000%))
  Logic Levels:           1  (DSP_PREADD=1)
  Clock Path Skew:        0.008ns (DCD - SCD - CPR)
    Destination Clock Delay (DCD):    0.042ns
    Source Clock Delay      (SCD):    0.034ns
    Clock Pessimism Removal (CPR):    -0.000ns

    Location             Delay type                Incr(ns)  Path(ns)    Netlist Resource(s)
  -------------------------------------------------------------------    -------------------
                         (clock clk rise edge)        0.000     0.000 r  
                                                      0.000     0.000 r  clk (IN)
                         net (fo=8085, unset)         0.034     0.034    u_shared/u_sa/g_pe_row[0].g_pe_col[0].u_pe/product_reg_reg/CLK
    DSP48E2_X11Y50       DSP_PREADD_DATA                              r  u_shared/u_sa/g_pe_row[0].g_pe_col[0].u_pe/product_reg_reg/DSP_PREADD_DATA_INST/CLK
  -------------------------------------------------------------------    -------------------
    DSP48E2_X11Y50       DSP_PREADD_DATA (Prop_DSP_PREADD_DATA_DSP48E2_CLK_D_DATA[24])
                                                      0.081     0.115 r  u_shared/u_sa/g_pe_row[0].g_pe_col[0].u_pe/product_reg_reg/DSP_PREADD_DATA_INST/D_DATA[24]
                         net (fo=1, routed)           0.000     0.115    u_shared/u_sa/g_pe_row[0].g_pe_col[0].u_pe/product_reg_reg/DSP_PREADD_DATA.D_DATA<24>
    DSP48E2_X11Y50       DSP_PREADD (Prop_DSP_PREADD_DSP48E2_D_DATA[24]_AD[24])
                                                      0.033     0.148 r  u_shared/u_sa/g_pe_row[0].g_pe_col[0].u_pe/product_reg_reg/DSP_PREADD_INST/AD[24]
                         net (fo=1, routed)           0.000     0.148    u_shared/u_sa/g_pe_row[0].g_pe_col[0].u_pe/product_reg_reg/DSP_PREADD.AD<24>
    DSP48E2_X11Y50       DSP_PREADD_DATA                              r  u_shared/u_sa/g_pe_row[0].g_pe_col[0].u_pe/product_reg_reg/DSP_PREADD_DATA_INST/AD[24]
  -------------------------------------------------------------------    -------------------

                         (clock clk rise edge)        0.000     0.000 r  
                                                      0.000     0.000 r  clk (IN)
                         net (fo=8085, unset)         0.042     0.042    u_shared/u_sa/g_pe_row[0].g_pe_col[0].u_pe/product_reg_reg/CLK
    DSP48E2_X11Y50       DSP_PREADD_DATA                              r  u_shared/u_sa/g_pe_row[0].g_pe_col[0].u_pe/product_reg_reg/DSP_PREADD_DATA_INST/CLK
                         clock pessimism              0.000     0.042    
    DSP48E2_X11Y50       DSP_PREADD_DATA (Hold_DSP_PREADD_DATA_DSP48E2_CLK_AD[24])
                                                      0.060     0.102    u_shared/u_sa/g_pe_row[0].g_pe_col[0].u_pe/product_reg_reg/DSP_PREADD_DATA_INST
  -------------------------------------------------------------------
                         required time                         -0.102    
                         arrival time                           0.148    
  -------------------------------------------------------------------
                         slack                                  0.046    

Slack (MET) :             0.046ns  (arrival time - required time)
  Source:                 u_shared/u_sa/g_pe_row[0].g_pe_col[0].u_pe/product_reg_reg/DSP_PREADD_DATA_INST/CLK
                            (rising edge-triggered cell DSP_PREADD_DATA clocked by clk  {rise@0.000ns fall@2.500ns period=5.000ns})
  Destination:            u_shared/u_sa/g_pe_row[0].g_pe_col[0].u_pe/product_reg_reg/DSP_PREADD_DATA_INST/AD[25]
                            (rising edge-triggered cell DSP_PREADD_DATA clocked by clk  {rise@0.000ns fall@2.500ns period=5.000ns})
  Path Group:             clk
  Path Type:              Hold (Min at Fast Process Corner)
  Requirement:            0.000ns  (clk rise@0.000ns - clk rise@0.000ns)
  Data Path Delay:        0.114ns  (logic 0.114ns (100.000%)  route 0.000ns (0.000%))
  Logic Levels:           1  (DSP_PREADD=1)
  Clock Path Skew:        0.008ns (DCD - SCD - CPR)
    Destination Clock Delay (DCD):    0.042ns
    Source Clock Delay      (SCD):    0.034ns
    Clock Pessimism Removal (CPR):    -0.000ns

    Location             Delay type                Incr(ns)  Path(ns)    Netlist Resource(s)
  -------------------------------------------------------------------    -------------------
                         (clock clk rise edge)        0.000     0.000 r  
                                                      0.000     0.000 r  clk (IN)
                         net (fo=8085, unset)         0.034     0.034    u_shared/u_sa/g_pe_row[0].g_pe_col[0].u_pe/product_reg_reg/CLK
    DSP48E2_X11Y50       DSP_PREADD_DATA                              r  u_shared/u_sa/g_pe_row[0].g_pe_col[0].u_pe/product_reg_reg/DSP_PREADD_DATA_INST/CLK
  -------------------------------------------------------------------    -------------------
    DSP48E2_X11Y50       DSP_PREADD_DATA (Prop_DSP_PREADD_DATA_DSP48E2_CLK_D_DATA[25])
                                                      0.081     0.115 r  u_shared/u_sa/g_pe_row[0].g_pe_col[0].u_pe/product_reg_reg/DSP_PREADD_DATA_INST/D_DATA[25]
                         net (fo=1, routed)           0.000     0.115    u_shared/u_sa/g_pe_row[0].g_pe_col[0].u_pe/product_reg_reg/DSP_PREADD_DATA.D_DATA<25>
    DSP48E2_X11Y50       DSP_PREADD (Prop_DSP_PREADD_DSP48E2_D_DATA[25]_AD[25])
                                                      0.033     0.148 r  u_shared/u_sa/g_pe_row[0].g_pe_col[0].u_pe/product_reg_reg/DSP_PREADD_INST/AD[25]
                         net (fo=1, routed)           0.000     0.148    u_shared/u_sa/g_pe_row[0].g_pe_col[0].u_pe/product_reg_reg/DSP_PREADD.AD<25>
    DSP48E2_X11Y50       DSP_PREADD_DATA                              r  u_shared/u_sa/g_pe_row[0].g_pe_col[0].u_pe/product_reg_reg/DSP_PREADD_DATA_INST/AD[25]
  -------------------------------------------------------------------    -------------------

                         (clock clk rise edge)        0.000     0.000 r  
                                                      0.000     0.000 r  clk (IN)
                         net (fo=8085, unset)         0.042     0.042    u_shared/u_sa/g_pe_row[0].g_pe_col[0].u_pe/product_reg_reg/CLK
    DSP48E2_X11Y50       DSP_PREADD_DATA                              r  u_shared/u_sa/g_pe_row[0].g_pe_col[0].u_pe/product_reg_reg/DSP_PREADD_DATA_INST/CLK
                         clock pessimism              0.000     0.042    
    DSP48E2_X11Y50       DSP_PREADD_DATA (Hold_DSP_PREADD_DATA_DSP48E2_CLK_AD[25])
                                                      0.060     0.102    u_shared/u_sa/g_pe_row[0].g_pe_col[0].u_pe/product_reg_reg/DSP_PREADD_DATA_INST
  -------------------------------------------------------------------
                         required time                         -0.102    
                         arrival time                           0.148    
  -------------------------------------------------------------------
                         slack                                  0.046    

Slack (MET) :             0.046ns  (arrival time - required time)
  Source:                 u_shared/u_sa/g_pe_row[0].g_pe_col[0].u_pe/product_reg_reg/DSP_PREADD_DATA_INST/CLK
                            (rising edge-triggered cell DSP_PREADD_DATA clocked by clk  {rise@0.000ns fall@2.500ns period=5.000ns})
  Destination:            u_shared/u_sa/g_pe_row[0].g_pe_col[0].u_pe/product_reg_reg/DSP_PREADD_DATA_INST/AD[26]
                            (rising edge-triggered cell DSP_PREADD_DATA clocked by clk  {rise@0.000ns fall@2.500ns period=5.000ns})
  Path Group:             clk
  Path Type:              Hold (Min at Fast Process Corner)
  Requirement:            0.000ns  (clk rise@0.000ns - clk rise@0.000ns)
  Data Path Delay:        0.114ns  (logic 0.114ns (100.000%)  route 0.000ns (0.000%))
  Logic Levels:           1  (DSP_PREADD=1)
  Clock Path Skew:        0.008ns (DCD - SCD - CPR)
    Destination Clock Delay (DCD):    0.042ns
    Source Clock Delay      (SCD):    0.034ns
    Clock Pessimism Removal (CPR):    -0.000ns

    Location             Delay type                Incr(ns)  Path(ns)    Netlist Resource(s)
  -------------------------------------------------------------------    -------------------
                         (clock clk rise edge)        0.000     0.000 r  
                                                      0.000     0.000 r  clk (IN)
                         net (fo=8085, unset)         0.034     0.034    u_shared/u_sa/g_pe_row[0].g_pe_col[0].u_pe/product_reg_reg/CLK
    DSP48E2_X11Y50       DSP_PREADD_DATA                              r  u_shared/u_sa/g_pe_row[0].g_pe_col[0].u_pe/product_reg_reg/DSP_PREADD_DATA_INST/CLK
  -------------------------------------------------------------------    -------------------
    DSP48E2_X11Y50       DSP_PREADD_DATA (Prop_DSP_PREADD_DATA_DSP48E2_CLK_D_DATA[26])
                                                      0.081     0.115 r  u_shared/u_sa/g_pe_row[0].g_pe_col[0].u_pe/product_reg_reg/DSP_PREADD_DATA_INST/D_DATA[26]
                         net (fo=1, routed)           0.000     0.115    u_shared/u_sa/g_pe_row[0].g_pe_col[0].u_pe/product_reg_reg/DSP_PREADD_DATA.D_DATA<26>
    DSP48E2_X11Y50       DSP_PREADD (Prop_DSP_PREADD_DSP48E2_D_DATA[26]_AD[26])
                                                      0.033     0.148 r  u_shared/u_sa/g_pe_row[0].g_pe_col[0].u_pe/product_reg_reg/DSP_PREADD_INST/AD[26]
                         net (fo=1, routed)           0.000     0.148    u_shared/u_sa/g_pe_row[0].g_pe_col[0].u_pe/product_reg_reg/DSP_PREADD.AD<26>
    DSP48E2_X11Y50       DSP_PREADD_DATA                              r  u_shared/u_sa/g_pe_row[0].g_pe_col[0].u_pe/product_reg_reg/DSP_PREADD_DATA_INST/AD[26]
  -------------------------------------------------------------------    -------------------

                         (clock clk rise edge)        0.000     0.000 r  
                                                      0.000     0.000 r  clk (IN)
                         net (fo=8085, unset)         0.042     0.042    u_shared/u_sa/g_pe_row[0].g_pe_col[0].u_pe/product_reg_reg/CLK
    DSP48E2_X11Y50       DSP_PREADD_DATA                              r  u_shared/u_sa/g_pe_row[0].g_pe_col[0].u_pe/product_reg_reg/DSP_PREADD_DATA_INST/CLK
                         clock pessimism              0.000     0.042    
    DSP48E2_X11Y50       DSP_PREADD_DATA (Hold_DSP_PREADD_DATA_DSP48E2_CLK_AD[26])
                                                      0.060     0.102    u_shared/u_sa/g_pe_row[0].g_pe_col[0].u_pe/product_reg_reg/DSP_PREADD_DATA_INST
  -------------------------------------------------------------------
                         required time                         -0.102    
                         arrival time                           0.148    
  -------------------------------------------------------------------
                         slack                                  0.046    

Slack (MET) :             0.046ns  (arrival time - required time)
  Source:                 u_shared/u_sa/g_pe_row[0].g_pe_col[0].u_pe/product_reg_reg/DSP_PREADD_DATA_INST/CLK
                            (rising edge-triggered cell DSP_PREADD_DATA clocked by clk  {rise@0.000ns fall@2.500ns period=5.000ns})
  Destination:            u_shared/u_sa/g_pe_row[0].g_pe_col[0].u_pe/product_reg_reg/DSP_PREADD_DATA_INST/AD[2]
                            (rising edge-triggered cell DSP_PREADD_DATA clocked by clk  {rise@0.000ns fall@2.500ns period=5.000ns})
  Path Group:             clk
  Path Type:              Hold (Min at Fast Process Corner)
  Requirement:            0.000ns  (clk rise@0.000ns - clk rise@0.000ns)
  Data Path Delay:        0.114ns  (logic 0.114ns (100.000%)  route 0.000ns (0.000%))
  Logic Levels:           1  (DSP_PREADD=1)
  Clock Path Skew:        0.008ns (DCD - SCD - CPR)
    Destination Clock Delay (DCD):    0.042ns
    Source Clock Delay      (SCD):    0.034ns
    Clock Pessimism Removal (CPR):    -0.000ns

    Location             Delay type                Incr(ns)  Path(ns)    Netlist Resource(s)
  -------------------------------------------------------------------    -------------------
                         (clock clk rise edge)        0.000     0.000 r  
                                                      0.000     0.000 r  clk (IN)
                         net (fo=8085, unset)         0.034     0.034    u_shared/u_sa/g_pe_row[0].g_pe_col[0].u_pe/product_reg_reg/CLK
    DSP48E2_X11Y50       DSP_PREADD_DATA                              r  u_shared/u_sa/g_pe_row[0].g_pe_col[0].u_pe/product_reg_reg/DSP_PREADD_DATA_INST/CLK
  -------------------------------------------------------------------    -------------------
    DSP48E2_X11Y50       DSP_PREADD_DATA (Prop_DSP_PREADD_DATA_DSP48E2_CLK_D_DATA[2])
                                                      0.081     0.115 r  u_shared/u_sa/g_pe_row[0].g_pe_col[0].u_pe/product_reg_reg/DSP_PREADD_DATA_INST/D_DATA[2]
                         net (fo=1, routed)           0.000     0.115    u_shared/u_sa/g_pe_row[0].g_pe_col[0].u_pe/product_reg_reg/DSP_PREADD_DATA.D_DATA<2>
    DSP48E2_X11Y50       DSP_PREADD (Prop_DSP_PREADD_DSP48E2_D_DATA[2]_AD[2])
                                                      0.033     0.148 r  u_shared/u_sa/g_pe_row[0].g_pe_col[0].u_pe/product_reg_reg/DSP_PREADD_INST/AD[2]
                         net (fo=1, routed)           0.000     0.148    u_shared/u_sa/g_pe_row[0].g_pe_col[0].u_pe/product_reg_reg/DSP_PREADD.AD<2>
    DSP48E2_X11Y50       DSP_PREADD_DATA                              r  u_shared/u_sa/g_pe_row[0].g_pe_col[0].u_pe/product_reg_reg/DSP_PREADD_DATA_INST/AD[2]
  -------------------------------------------------------------------    -------------------

                         (clock clk rise edge)        0.000     0.000 r  
                                                      0.000     0.000 r  clk (IN)
                         net (fo=8085, unset)         0.042     0.042    u_shared/u_sa/g_pe_row[0].g_pe_col[0].u_pe/product_reg_reg/CLK
    DSP48E2_X11Y50       DSP_PREADD_DATA                              r  u_shared/u_sa/g_pe_row[0].g_pe_col[0].u_pe/product_reg_reg/DSP_PREADD_DATA_INST/CLK
                         clock pessimism              0.000     0.042    
    DSP48E2_X11Y50       DSP_PREADD_DATA (Hold_DSP_PREADD_DATA_DSP48E2_CLK_AD[2])
                                                      0.060     0.102    u_shared/u_sa/g_pe_row[0].g_pe_col[0].u_pe/product_reg_reg/DSP_PREADD_DATA_INST
  -------------------------------------------------------------------
                         required time                         -0.102    
                         arrival time                           0.148    
  -------------------------------------------------------------------
                         slack                                  0.046    





Pulse Width Checks
--------------------------------------------------------------------------------------
Clock Name:         clk
Waveform(ns):       { 0.000 2.500 }
Period(ns):         5.000
Sources:            { clk }

Check Type        Corner  Lib Pin             Reference Pin  Required(ns)  Actual(ns)  Slack(ns)  Location       Pin
Min Period        n/a     RAMB36E2/CLKARDCLK  n/a            1.960         5.000       3.040      RAMB36_X1Y19   u_fc/u_core/u_core/u_activation_bank/mem_reg/CLKARDCLK
Min Period        n/a     RAMB36E2/CLKBWRCLK  n/a            1.960         5.000       3.040      RAMB36_X1Y19   u_fc/u_core/u_core/u_activation_bank/mem_reg/CLKBWRCLK
Min Period        n/a     RAMB36E2/CLKARDCLK  n/a            1.960         5.000       3.040      RAMB36_X0Y26   u_fc/u_core/u_core/u_core/u_weight_bank/mem_reg_bram_0/CLKARDCLK
Min Period        n/a     RAMB36E2/CLKARDCLK  n/a            1.960         5.000       3.040      RAMB36_X2Y22   u_fc/u_core/u_core/u_core/u_weight_bank/mem_reg_bram_1/CLKARDCLK
Min Period        n/a     RAMB36E2/CLKARDCLK  n/a            1.960         5.000       3.040      RAMB36_X2Y21   u_rs/u_datapath/u_dma_fed_datapath/u_datapath/u_activation/segment0/bank0/mem_reg/CLKARDCLK
Min Period        n/a     RAMB36E2/CLKBWRCLK  n/a            1.960         5.000       3.040      RAMB36_X2Y21   u_rs/u_datapath/u_dma_fed_datapath/u_datapath/u_activation/segment0/bank0/mem_reg/CLKBWRCLK
Min Period        n/a     RAMB36E2/CLKARDCLK  n/a            1.960         5.000       3.040      RAMB36_X1Y21   u_rs/u_datapath/u_dma_fed_datapath/u_datapath/u_activation/segment0/bank1/mem_reg/CLKARDCLK
Min Period        n/a     RAMB36E2/CLKBWRCLK  n/a            1.960         5.000       3.040      RAMB36_X1Y21   u_rs/u_datapath/u_dma_fed_datapath/u_datapath/u_activation/segment0/bank1/mem_reg/CLKBWRCLK
Min Period        n/a     RAMB36E2/CLKARDCLK  n/a            1.960         5.000       3.040      RAMB36_X0Y20   u_rs/u_datapath/u_dma_fed_datapath/u_datapath/u_activation/segment1/bank0/mem_reg/CLKARDCLK
Min Period        n/a     RAMB36E2/CLKBWRCLK  n/a            1.960         5.000       3.040      RAMB36_X0Y20   u_rs/u_datapath/u_dma_fed_datapath/u_datapath/u_activation/segment1/bank0/mem_reg/CLKBWRCLK
Min Period        n/a     RAMB36E2/CLKARDCLK  n/a            1.960         5.000       3.040      RAMB36_X1Y20   u_rs/u_datapath/u_dma_fed_datapath/u_datapath/u_activation/segment1/bank1/mem_reg/CLKARDCLK
Min Period        n/a     RAMB36E2/CLKBWRCLK  n/a            1.960         5.000       3.040      RAMB36_X1Y20   u_rs/u_datapath/u_dma_fed_datapath/u_datapath/u_activation/segment1/bank1/mem_reg/CLKBWRCLK
Min Period        n/a     RAMB36E2/CLKARDCLK  n/a            1.960         5.000       3.040      RAMB36_X0Y25   u_rs/u_datapath/u_dma_fed_datapath/u_datapath/u_core/u_feeder/g_ring_bank[0].mem_reg/CLKARDCLK
Min Period        n/a     RAMB36E2/CLKBWRCLK  n/a            1.960         5.000       3.040      RAMB36_X0Y25   u_rs/u_datapath/u_dma_fed_datapath/u_datapath/u_core/u_feeder/g_ring_bank[0].mem_reg/CLKBWRCLK
Min Period        n/a     RAMB36E2/CLKARDCLK  n/a            1.960         5.000       3.040      RAMB36_X0Y24   u_rs/u_datapath/u_dma_fed_datapath/u_datapath/u_core/u_feeder/g_ring_bank[1].mem_reg/CLKARDCLK
Min Period        n/a     RAMB36E2/CLKBWRCLK  n/a            1.960         5.000       3.040      RAMB36_X0Y24   u_rs/u_datapath/u_dma_fed_datapath/u_datapath/u_core/u_feeder/g_ring_bank[1].mem_reg/CLKBWRCLK
Min Period        n/a     RAMB36E2/CLKARDCLK  n/a            1.960         5.000       3.040      RAMB36_X0Y22   u_rs/u_datapath/u_dma_fed_datapath/u_datapath/u_core/u_feeder/g_ring_bank[2].mem_reg/CLKARDCLK
Min Period        n/a     RAMB36E2/CLKBWRCLK  n/a            1.960         5.000       3.040      RAMB36_X0Y22   u_rs/u_datapath/u_dma_fed_datapath/u_datapath/u_core/u_feeder/g_ring_bank[2].mem_reg/CLKBWRCLK
Min Period        n/a     RAMB36E2/CLKARDCLK  n/a            1.960         5.000       3.040      RAMB36_X0Y23   u_rs/u_datapath/u_dma_fed_datapath/u_datapath/u_core/u_feeder/g_ring_bank[3].mem_reg/CLKARDCLK
Min Period        n/a     RAMB36E2/CLKBWRCLK  n/a            1.960         5.000       3.040      RAMB36_X0Y23   u_rs/u_datapath/u_dma_fed_datapath/u_datapath/u_core/u_feeder/g_ring_bank[3].mem_reg/CLKBWRCLK
Low Pulse Width   Slow    RAMD64E/CLK         n/a            0.762         2.500       1.738      SLICE_X34Y159  u_router/fifo_mem_reg_0_63_0_6/RAMA/CLK
Low Pulse Width   Fast    RAMD64E/CLK         n/a            0.762         2.500       1.738      SLICE_X34Y159  u_router/fifo_mem_reg_0_63_0_6/RAMA/CLK
Low Pulse Width   Slow    RAMD64E/CLK         n/a            0.762         2.500       1.738      SLICE_X34Y159  u_router/fifo_mem_reg_0_63_0_6/RAMB/CLK
Low Pulse Width   Fast    RAMD64E/CLK         n/a            0.762         2.500       1.738      SLICE_X34Y159  u_router/fifo_mem_reg_0_63_0_6/RAMB/CLK
Low Pulse Width   Slow    RAMD64E/CLK         n/a            0.762         2.500       1.738      SLICE_X34Y159  u_router/fifo_mem_reg_0_63_0_6/RAMC/CLK
Low Pulse Width   Fast    RAMD64E/CLK         n/a            0.762         2.500       1.738      SLICE_X34Y159  u_router/fifo_mem_reg_0_63_0_6/RAMC/CLK
Low Pulse Width   Slow    RAMD64E/CLK         n/a            0.762         2.500       1.738      SLICE_X34Y159  u_router/fifo_mem_reg_0_63_0_6/RAMD/CLK
Low Pulse Width   Fast    RAMD64E/CLK         n/a            0.762         2.500       1.738      SLICE_X34Y159  u_router/fifo_mem_reg_0_63_0_6/RAMD/CLK
Low Pulse Width   Slow    RAMD64E/CLK         n/a            0.762         2.500       1.738      SLICE_X34Y159  u_router/fifo_mem_reg_0_63_0_6/RAME/CLK
Low Pulse Width   Fast    RAMD64E/CLK         n/a            0.762         2.500       1.738      SLICE_X34Y159  u_router/fifo_mem_reg_0_63_0_6/RAME/CLK
Low Pulse Width   Slow    RAMD64E/CLK         n/a            0.762         2.500       1.738      SLICE_X34Y159  u_router/fifo_mem_reg_0_63_0_6/RAMF/CLK
Low Pulse Width   Fast    RAMD64E/CLK         n/a            0.762         2.500       1.738      SLICE_X34Y159  u_router/fifo_mem_reg_0_63_0_6/RAMF/CLK
Low Pulse Width   Slow    RAMD64E/CLK         n/a            0.762         2.500       1.738      SLICE_X34Y159  u_router/fifo_mem_reg_0_63_0_6/RAMG/CLK
Low Pulse Width   Fast    RAMD64E/CLK         n/a            0.762         2.500       1.738      SLICE_X34Y159  u_router/fifo_mem_reg_0_63_0_6/RAMG/CLK
Low Pulse Width   Slow    RAMD64E/CLK         n/a            0.762         2.500       1.738      SLICE_X34Y159  u_router/fifo_mem_reg_0_63_0_6/RAMH/CLK
Low Pulse Width   Fast    RAMD64E/CLK         n/a            0.762         2.500       1.738      SLICE_X34Y159  u_router/fifo_mem_reg_0_63_0_6/RAMH/CLK
Low Pulse Width   Slow    RAMD64E/CLK         n/a            0.762         2.500       1.738      SLICE_X35Y159  u_router/fifo_mem_reg_0_63_14_20/RAMA/CLK
Low Pulse Width   Fast    RAMD64E/CLK         n/a            0.762         2.500       1.738      SLICE_X35Y159  u_router/fifo_mem_reg_0_63_14_20/RAMA/CLK
Low Pulse Width   Slow    RAMD64E/CLK         n/a            0.762         2.500       1.738      SLICE_X35Y159  u_router/fifo_mem_reg_0_63_14_20/RAMB/CLK
Low Pulse Width   Fast    RAMD64E/CLK         n/a            0.762         2.500       1.738      SLICE_X35Y159  u_router/fifo_mem_reg_0_63_14_20/RAMB/CLK
High Pulse Width  Slow    RAMD64E/CLK         n/a            0.762         2.500       1.738      SLICE_X34Y159  u_router/fifo_mem_reg_0_63_0_6/RAMA/CLK
High Pulse Width  Fast    RAMD64E/CLK         n/a            0.762         2.500       1.738      SLICE_X34Y159  u_router/fifo_mem_reg_0_63_0_6/RAMA/CLK
High Pulse Width  Slow    RAMD64E/CLK         n/a            0.762         2.500       1.738      SLICE_X34Y159  u_router/fifo_mem_reg_0_63_0_6/RAMB/CLK
High Pulse Width  Fast    RAMD64E/CLK         n/a            0.762         2.500       1.738      SLICE_X34Y159  u_router/fifo_mem_reg_0_63_0_6/RAMB/CLK
High Pulse Width  Slow    RAMD64E/CLK         n/a            0.762         2.500       1.738      SLICE_X34Y159  u_router/fifo_mem_reg_0_63_0_6/RAMC/CLK
High Pulse Width  Fast    RAMD64E/CLK         n/a            0.762         2.500       1.738      SLICE_X34Y159  u_router/fifo_mem_reg_0_63_0_6/RAMC/CLK
High Pulse Width  Slow    RAMD64E/CLK         n/a            0.762         2.500       1.738      SLICE_X34Y159  u_router/fifo_mem_reg_0_63_0_6/RAMD/CLK
High Pulse Width  Fast    RAMD64E/CLK         n/a            0.762         2.500       1.738      SLICE_X34Y159  u_router/fifo_mem_reg_0_63_0_6/RAMD/CLK
High Pulse Width  Slow    RAMD64E/CLK         n/a            0.762         2.500       1.738      SLICE_X34Y159  u_router/fifo_mem_reg_0_63_0_6/RAME/CLK
High Pulse Width  Fast    RAMD64E/CLK         n/a            0.762         2.500       1.738      SLICE_X34Y159  u_router/fifo_mem_reg_0_63_0_6/RAME/CLK
High Pulse Width  Slow    RAMD64E/CLK         n/a            0.762         2.500       1.738      SLICE_X34Y159  u_router/fifo_mem_reg_0_63_0_6/RAMF/CLK
High Pulse Width  Fast    RAMD64E/CLK         n/a            0.762         2.500       1.738      SLICE_X34Y159  u_router/fifo_mem_reg_0_63_0_6/RAMF/CLK
High Pulse Width  Slow    RAMD64E/CLK         n/a            0.762         2.500       1.738      SLICE_X34Y159  u_router/fifo_mem_reg_0_63_0_6/RAMG/CLK
High Pulse Width  Fast    RAMD64E/CLK         n/a            0.762         2.500       1.738      SLICE_X34Y159  u_router/fifo_mem_reg_0_63_0_6/RAMG/CLK
High Pulse Width  Slow    RAMD64E/CLK         n/a            0.762         2.500       1.738      SLICE_X34Y159  u_router/fifo_mem_reg_0_63_0_6/RAMH/CLK
High Pulse Width  Fast    RAMD64E/CLK         n/a            0.762         2.500       1.738      SLICE_X34Y159  u_router/fifo_mem_reg_0_63_0_6/RAMH/CLK
High Pulse Width  Slow    RAMD64E/CLK         n/a            0.762         2.500       1.738      SLICE_X35Y159  u_router/fifo_mem_reg_0_63_14_20/RAMA/CLK
High Pulse Width  Fast    RAMD64E/CLK         n/a            0.762         2.500       1.738      SLICE_X35Y159  u_router/fifo_mem_reg_0_63_14_20/RAMA/CLK
High Pulse Width  Slow    RAMD64E/CLK         n/a            0.762         2.500       1.738      SLICE_X35Y159  u_router/fifo_mem_reg_0_63_14_20/RAMB/CLK
High Pulse Width  Fast    RAMD64E/CLK         n/a            0.762         2.500       1.738      SLICE_X35Y159  u_router/fifo_mem_reg_0_63_14_20/RAMB/CLK



