Copyright 1986-2022 Xilinx, Inc. All Rights Reserved. Copyright 2022-2024 Advanced Micro Devices, Inc. All Rights Reserved.
----------------------------------------------------------------------------------------------------------------------------------------------------------------------------------------------------------------------------------
| Tool Version      : Vivado v.2024.1 (lin64) Build 5076996 Wed May 22 18:36:09 MDT 2024
| Date              : Fri Sep 11 16:37:10 2026
| Host              : yundodo running 64-bit unknown
| Command           : report_timing_summary -delay_type min_max -check_timing_verbose -max_paths 20 -file /home/dodo/Documents/Codex/2026-08-31/kv260-alexnet-rtl/alexnet/reports/n8_rs_m16_feeder/200mhz/impl_timing_summary.rpt
| Design            : alexnet_n8_rs_m16_feeder
| Device            : xck26-sfvc784
| Speed File        : -2LV  PRODUCTION 1.30 05-15-2022
| Design State      : Routed
| Temperature Grade : C
----------------------------------------------------------------------------------------------------------------------------------------------------------------------------------------------------------------------------------

Timing Summary Report

------------------------------------------------------------------------------------------------
| Timer Settings
| --------------
------------------------------------------------------------------------------------------------

  Enable Multi Corner Analysis               :  Yes
  Enable Pessimism Removal                   :  Yes
  Pessimism Removal Resolution               :  Nearest Common Node
  Enable Input Delay Default Clock           :  No
  Enable Preset / Clear Arcs                 :  No
  Disable Flight Delays                      :  No
  Ignore I/O Paths                           :  No
  Timing Early Launch at Borrowing Latches   :  No
  Borrow Time for Max Delay Exceptions       :  Yes
  Merge Timing Exceptions                    :  Yes
  Inter-SLR Compensation                     :  Conservative

  Corner  Analyze    Analyze    
  Name    Max Paths  Min Paths  
  ------  ---------  ---------  
  Slow    Yes        Yes        
  Fast    Yes        Yes        


------------------------------------------------------------------------------------------------
| Report Methodology
| ------------------
------------------------------------------------------------------------------------------------

No report available as report_methodology has not been run prior. Run report_methodology on the current design for the summary of methodology violations.



check_timing report

Table of Contents
-----------------
1. checking no_clock (0)
2. checking constant_clock (0)
3. checking pulse_width_clock (0)
4. checking unconstrained_internal_endpoints (0)
5. checking no_input_delay (0)
6. checking no_output_delay (0)
7. checking multiple_clock (0)
8. checking generated_clocks (0)
9. checking loops (0)
10. checking partial_input_delay (0)
11. checking partial_output_delay (0)
12. checking latch_loops (0)

1. checking no_clock (0)
------------------------
 There are 0 register/latch pins with no clock.


2. checking constant_clock (0)
------------------------------
 There are 0 register/latch pins with constant_clock.


3. checking pulse_width_clock (0)
---------------------------------
 There are 0 register/latch pins which need pulse_width check


4. checking unconstrained_internal_endpoints (0)
------------------------------------------------
 There are 0 pins that are not constrained for maximum delay.

 There are 0 pins that are not constrained for maximum delay due to constant clock.


5. checking no_input_delay (0)
------------------------------
 There are 0 input ports with no input delay specified.

 There are 0 input ports with no input delay but user has a false path constraint.


6. checking no_output_delay (0)
-------------------------------
 There are 0 ports with no output delay specified.

 There are 0 ports with no output delay but user has a false path constraint

 There are 0 ports with no output delay but with a timing clock defined on it or propagating through it


7. checking multiple_clock (0)
------------------------------
 There are 0 register/latch pins with multiple clocks.


8. checking generated_clocks (0)
--------------------------------
 There are 0 generated clocks that are not connected to a clock source.


9. checking loops (0)
---------------------
 There are 0 combinational loops in the design.


10. checking partial_input_delay (0)
------------------------------------
 There are 0 input ports with partial input delay specified.


11. checking partial_output_delay (0)
-------------------------------------
 There are 0 ports with partial output delay specified.


12. checking latch_loops (0)
----------------------------
 There are 0 combinational latch loops in the design through latch input



------------------------------------------------------------------------------------------------
| Design Timing Summary
| ---------------------
------------------------------------------------------------------------------------------------

    WNS(ns)      TNS(ns)  TNS Failing Endpoints  TNS Total Endpoints      WHS(ns)      THS(ns)  THS Failing Endpoints  THS Total Endpoints     WPWS(ns)     TPWS(ns)  TPWS Failing Endpoints  TPWS Total Endpoints  
    -------      -------  ---------------------  -------------------      -------      -------  ---------------------  -------------------     --------     --------  ----------------------  --------------------  
      0.136        0.000                      0                12229        0.096        0.000                      0                12229        1.923        0.000                       0                  2434  


All user specified timing constraints are met.


------------------------------------------------------------------------------------------------
| Clock Summary
| -------------
------------------------------------------------------------------------------------------------

Clock  Waveform(ns)         Period(ns)      Frequency(MHz)
-----  ------------         ----------      --------------
clk    {0.000 2.500}        5.000           200.000         


------------------------------------------------------------------------------------------------
| Intra Clock Table
| -----------------
------------------------------------------------------------------------------------------------

Clock             WNS(ns)      TNS(ns)  TNS Failing Endpoints  TNS Total Endpoints      WHS(ns)      THS(ns)  THS Failing Endpoints  THS Total Endpoints     WPWS(ns)     TPWS(ns)  TPWS Failing Endpoints  TPWS Total Endpoints  
-----             -------      -------  ---------------------  -------------------      -------      -------  ---------------------  -------------------     --------     --------  ----------------------  --------------------  
clk                 0.136        0.000                      0                12229        0.096        0.000                      0                12229        1.923        0.000                       0                  2434  


------------------------------------------------------------------------------------------------
| Inter Clock Table
| -----------------
------------------------------------------------------------------------------------------------

From Clock    To Clock          WNS(ns)      TNS(ns)  TNS Failing Endpoints  TNS Total Endpoints      WHS(ns)      THS(ns)  THS Failing Endpoints  THS Total Endpoints  
----------    --------          -------      -------  ---------------------  -------------------      -------      -------  ---------------------  -------------------  


------------------------------------------------------------------------------------------------
| Other Path Groups Table
| -----------------------
------------------------------------------------------------------------------------------------

Path Group    From Clock    To Clock          WNS(ns)      TNS(ns)  TNS Failing Endpoints  TNS Total Endpoints      WHS(ns)      THS(ns)  THS Failing Endpoints  THS Total Endpoints  
----------    ----------    --------          -------      -------  ---------------------  -------------------      -------      -------  ---------------------  -------------------  


------------------------------------------------------------------------------------------------
| Timing Details
| --------------
------------------------------------------------------------------------------------------------


---------------------------------------------------------------------------------------------------
From Clock:  clk
  To Clock:  clk

Setup :            0  Failing Endpoints,  Worst Slack        0.136ns,  Total Violation        0.000ns
Hold  :            0  Failing Endpoints,  Worst Slack        0.096ns,  Total Violation        0.000ns
PW    :            0  Failing Endpoints,  Worst Slack        1.923ns,  Total Violation        0.000ns
---------------------------------------------------------------------------------------------------


Max Delay Paths
--------------------------------------------------------------------------------------
Slack (MET) :             0.136ns  (required time - arrival time)
  Source:                 u_feeder/emit_ky_q_reg[0]/C
                            (rising edge-triggered cell FDRE clocked by clk  {rise@0.000ns fall@2.500ns period=5.000ns})
  Destination:            u_feeder/g_read_copy[4].g_ring_bank[1].mem_reg/ADDRARDADDR[13]
                            (rising edge-triggered cell RAMB36E2 clocked by clk  {rise@0.000ns fall@2.500ns period=5.000ns})
  Path Group:             clk
  Path Type:              Setup (Max at Slow Process Corner)
  Requirement:            5.000ns  (clk rise@5.000ns - clk rise@0.000ns)
  Data Path Delay:        4.420ns  (logic 1.568ns (35.472%)  route 2.852ns (64.528%))
  Logic Levels:           11  (CARRY8=2 LUT4=1 LUT5=1 LUT6=7)
  Clock Path Skew:        0.004ns (DCD - SCD + CPR)
    Destination Clock Delay (DCD):    0.047ns = ( 5.047 - 5.000 ) 
    Source Clock Delay      (SCD):    0.043ns
    Clock Pessimism Removal (CPR):    0.000ns
  Clock Uncertainty:      0.035ns  ((TSJ^2 + TIJ^2)^1/2 + DJ) / 2 + PE
    Total System Jitter     (TSJ):    0.071ns
    Total Input Jitter      (TIJ):    0.000ns
    Discrete Jitter          (DJ):    0.000ns
    Phase Error              (PE):    0.000ns

    Location             Delay type                Incr(ns)  Path(ns)    Netlist Resource(s)
  -------------------------------------------------------------------    -------------------
                         (clock clk rise edge)        0.000     0.000 r  
                                                      0.000     0.000 r  clk (IN)
                         net (fo=2433, unset)         0.043     0.043    u_feeder/clk
    SLICE_X41Y83         FDRE                                         r  u_feeder/emit_ky_q_reg[0]/C
  -------------------------------------------------------------------    -------------------
    SLICE_X41Y83         FDRE (Prop_BFF_SLICEM_C_Q)
                                                      0.112     0.155 r  u_feeder/emit_ky_q_reg[0]/Q
                         net (fo=21, routed)          0.226     0.381    u_feeder/emit_ky_q_reg_n_0_[0]
    SLICE_X42Y83         LUT6 (Prop_H6LUT_SLICEL_I0_O)
                                                      0.227     0.608 r  u_feeder/m_reduce_last_INST_0_i_8/O
                         net (fo=1, routed)           0.049     0.657    u_feeder/m_reduce_last_INST_0_i_8_n_0
    SLICE_X42Y83         LUT6 (Prop_E6LUT_SLICEL_I5_O)
                                                      0.138     0.795 r  u_feeder/m_reduce_last_INST_0_i_5/O
                         net (fo=5, routed)           0.171     0.966    u_feeder/m_reduce_last_INST_0_i_5_n_0
    SLICE_X41Y84         LUT6 (Prop_F6LUT_SLICEM_I2_O)
                                                      0.186     1.152 r  u_feeder/g_read_copy[0].g_ring_bank[0].mem_reg_i_70/O
                         net (fo=70, routed)          0.075     1.227    u_feeder/prefetch_inflight_q_i_1_n_0
    SLICE_X41Y84         LUT6 (Prop_H6LUT_SLICEM_I2_O)
                                                      0.084     1.311 f  u_feeder/g_read_copy[0].g_ring_bank[0].mem_reg_i_138/O
                         net (fo=1, routed)           0.154     1.465    u_feeder/g_read_copy[0].g_ring_bank[0].mem_reg_i_138_n_0
    SLICE_X42Y83         LUT6 (Prop_G6LUT_SLICEL_I3_O)
                                                      0.082     1.547 r  u_feeder/g_read_copy[0].g_ring_bank[0].mem_reg_i_134/O
                         net (fo=1, routed)           0.065     1.612    u_feeder/g_read_copy[0].g_ring_bank[0].mem_reg_i_134_n_0
    SLICE_X42Y83         LUT4 (Prop_C6LUT_SLICEL_I0_O)
                                                      0.187     1.799 r  u_feeder/g_read_copy[0].g_ring_bank[0].mem_reg_i_126/O
                         net (fo=1, routed)           0.015     1.814    u_feeder/g_read_copy[0].g_ring_bank[0].mem_reg_i_126_n_0
    SLICE_X42Y83         CARRY8 (Prop_CARRY8_SLICEL_S[2]_CO[2])
                                                      0.083     1.897 r  u_feeder/g_read_copy[0].g_ring_bank[0].mem_reg_i_100/CO[2]
                         net (fo=23, routed)          0.186     2.083    u_feeder/g_read_copy[0].g_ring_bank[0].mem_reg_i_100_n_5
    SLICE_X43Y83         LUT6 (Prop_G6LUT_SLICEM_I1_O)
                                                      0.082     2.165 r  u_feeder/g_read_copy[0].g_ring_bank[0].mem_reg_i_76/O
                         net (fo=126, routed)         0.091     2.256    u_feeder/B[0]
    SLICE_X43Y83         LUT5 (Prop_E6LUT_SLICEM_I4_O)
                                                      0.152     2.408 r  u_feeder/g_read_copy[0].g_ring_bank[0].mem_reg_i_73/O
                         net (fo=32, routed)          0.757     3.165    u_feeder/g_read_copy[0].g_ring_bank[0].mem_reg_i_73_n_0
    SLICE_X44Y61         LUT6 (Prop_E6LUT_SLICEL_I0_O)
                                                      0.057     3.222 r  u_feeder/g_read_copy[4].g_ring_bank[0].mem_reg_i_9/O
                         net (fo=1, routed)           0.011     3.233    u_feeder/g_read_copy[4].g_ring_bank[0].mem_reg_i_9_n_0
    SLICE_X44Y61         CARRY8 (Prop_CARRY8_SLICEL_S[4]_O[6])
                                                      0.178     3.411 r  u_feeder/g_read_copy[4].g_ring_bank[0].mem_reg_i_2/O[6]
                         net (fo=5, routed)           1.053     4.463    u_feeder/g_read_copy[4].g_ring_bank[0].mem_reg_i_2_n_9
    RAMB36_X2Y4          RAMB36E2                                     r  u_feeder/g_read_copy[4].g_ring_bank[1].mem_reg/ADDRARDADDR[13]
  -------------------------------------------------------------------    -------------------

                         (clock clk rise edge)        5.000     5.000 r  
                                                      0.000     5.000 r  clk (IN)
                         net (fo=2433, unset)         0.047     5.047    u_feeder/clk
    RAMB36_X2Y4          RAMB36E2                                     r  u_feeder/g_read_copy[4].g_ring_bank[1].mem_reg/CLKARDCLK
                         clock pessimism              0.000     5.047    
                         clock uncertainty           -0.035     5.012    
    RAMB36_X2Y4          RAMB36E2 (Setup_RAMB36E2_RAMB36_CLKARDCLK_ADDRARDADDR[13])
                                                     -0.412     4.600    u_feeder/g_read_copy[4].g_ring_bank[1].mem_reg
  -------------------------------------------------------------------
                         required time                          4.600    
                         arrival time                          -4.463    
  -------------------------------------------------------------------
                         slack                                  0.136    

Slack (MET) :             0.150ns  (required time - arrival time)
  Source:                 u_feeder/emit_ky_q_reg[0]/C
                            (rising edge-triggered cell FDRE clocked by clk  {rise@0.000ns fall@2.500ns period=5.000ns})
  Destination:            u_feeder/g_read_copy[4].g_ring_bank[0].mem_reg/ADDRARDADDR[13]
                            (rising edge-triggered cell RAMB36E2 clocked by clk  {rise@0.000ns fall@2.500ns period=5.000ns})
  Path Group:             clk
  Path Type:              Setup (Max at Slow Process Corner)
  Requirement:            5.000ns  (clk rise@5.000ns - clk rise@0.000ns)
  Data Path Delay:        4.407ns  (logic 1.568ns (35.581%)  route 2.839ns (64.419%))
  Logic Levels:           11  (CARRY8=2 LUT4=1 LUT5=1 LUT6=7)
  Clock Path Skew:        0.004ns (DCD - SCD + CPR)
    Destination Clock Delay (DCD):    0.047ns = ( 5.047 - 5.000 ) 
    Source Clock Delay      (SCD):    0.043ns
    Clock Pessimism Removal (CPR):    0.000ns
  Clock Uncertainty:      0.035ns  ((TSJ^2 + TIJ^2)^1/2 + DJ) / 2 + PE
    Total System Jitter     (TSJ):    0.071ns
    Total Input Jitter      (TIJ):    0.000ns
    Discrete Jitter          (DJ):    0.000ns
    Phase Error              (PE):    0.000ns

    Location             Delay type                Incr(ns)  Path(ns)    Netlist Resource(s)
  -------------------------------------------------------------------    -------------------
                         (clock clk rise edge)        0.000     0.000 r  
                                                      0.000     0.000 r  clk (IN)
                         net (fo=2433, unset)         0.043     0.043    u_feeder/clk
    SLICE_X41Y83         FDRE                                         r  u_feeder/emit_ky_q_reg[0]/C
  -------------------------------------------------------------------    -------------------
    SLICE_X41Y83         FDRE (Prop_BFF_SLICEM_C_Q)
                                                      0.112     0.155 r  u_feeder/emit_ky_q_reg[0]/Q
                         net (fo=21, routed)          0.226     0.381    u_feeder/emit_ky_q_reg_n_0_[0]
    SLICE_X42Y83         LUT6 (Prop_H6LUT_SLICEL_I0_O)
                                                      0.227     0.608 r  u_feeder/m_reduce_last_INST_0_i_8/O
                         net (fo=1, routed)           0.049     0.657    u_feeder/m_reduce_last_INST_0_i_8_n_0
    SLICE_X42Y83         LUT6 (Prop_E6LUT_SLICEL_I5_O)
                                                      0.138     0.795 r  u_feeder/m_reduce_last_INST_0_i_5/O
                         net (fo=5, routed)           0.171     0.966    u_feeder/m_reduce_last_INST_0_i_5_n_0
    SLICE_X41Y84         LUT6 (Prop_F6LUT_SLICEM_I2_O)
                                                      0.186     1.152 r  u_feeder/g_read_copy[0].g_ring_bank[0].mem_reg_i_70/O
                         net (fo=70, routed)          0.075     1.227    u_feeder/prefetch_inflight_q_i_1_n_0
    SLICE_X41Y84         LUT6 (Prop_H6LUT_SLICEM_I2_O)
                                                      0.084     1.311 f  u_feeder/g_read_copy[0].g_ring_bank[0].mem_reg_i_138/O
                         net (fo=1, routed)           0.154     1.465    u_feeder/g_read_copy[0].g_ring_bank[0].mem_reg_i_138_n_0
    SLICE_X42Y83         LUT6 (Prop_G6LUT_SLICEL_I3_O)
                                                      0.082     1.547 r  u_feeder/g_read_copy[0].g_ring_bank[0].mem_reg_i_134/O
                         net (fo=1, routed)           0.065     1.612    u_feeder/g_read_copy[0].g_ring_bank[0].mem_reg_i_134_n_0
    SLICE_X42Y83         LUT4 (Prop_C6LUT_SLICEL_I0_O)
                                                      0.187     1.799 r  u_feeder/g_read_copy[0].g_ring_bank[0].mem_reg_i_126/O
                         net (fo=1, routed)           0.015     1.814    u_feeder/g_read_copy[0].g_ring_bank[0].mem_reg_i_126_n_0
    SLICE_X42Y83         CARRY8 (Prop_CARRY8_SLICEL_S[2]_CO[2])
                                                      0.083     1.897 r  u_feeder/g_read_copy[0].g_ring_bank[0].mem_reg_i_100/CO[2]
                         net (fo=23, routed)          0.186     2.083    u_feeder/g_read_copy[0].g_ring_bank[0].mem_reg_i_100_n_5
    SLICE_X43Y83         LUT6 (Prop_G6LUT_SLICEM_I1_O)
                                                      0.082     2.165 r  u_feeder/g_read_copy[0].g_ring_bank[0].mem_reg_i_76/O
                         net (fo=126, routed)         0.091     2.256    u_feeder/B[0]
    SLICE_X43Y83         LUT5 (Prop_E6LUT_SLICEM_I4_O)
                                                      0.152     2.408 r  u_feeder/g_read_copy[0].g_ring_bank[0].mem_reg_i_73/O
                         net (fo=32, routed)          0.757     3.165    u_feeder/g_read_copy[0].g_ring_bank[0].mem_reg_i_73_n_0
    SLICE_X44Y61         LUT6 (Prop_E6LUT_SLICEL_I0_O)
                                                      0.057     3.222 r  u_feeder/g_read_copy[4].g_ring_bank[0].mem_reg_i_9/O
                         net (fo=1, routed)           0.011     3.233    u_feeder/g_read_copy[4].g_ring_bank[0].mem_reg_i_9_n_0
    SLICE_X44Y61         CARRY8 (Prop_CARRY8_SLICEL_S[4]_O[6])
                                                      0.178     3.411 r  u_feeder/g_read_copy[4].g_ring_bank[0].mem_reg_i_2/O[6]
                         net (fo=5, routed)           1.039     4.450    u_feeder/g_read_copy[4].g_ring_bank[0].mem_reg_i_2_n_9
    RAMB36_X2Y5          RAMB36E2                                     r  u_feeder/g_read_copy[4].g_ring_bank[0].mem_reg/ADDRARDADDR[13]
  -------------------------------------------------------------------    -------------------

                         (clock clk rise edge)        5.000     5.000 r  
                                                      0.000     5.000 r  clk (IN)
                         net (fo=2433, unset)         0.047     5.047    u_feeder/clk
    RAMB36_X2Y5          RAMB36E2                                     r  u_feeder/g_read_copy[4].g_ring_bank[0].mem_reg/CLKARDCLK
                         clock pessimism              0.000     5.047    
                         clock uncertainty           -0.035     5.012    
    RAMB36_X2Y5          RAMB36E2 (Setup_RAMB36E2_RAMB36_CLKARDCLK_ADDRARDADDR[13])
                                                     -0.412     4.600    u_feeder/g_read_copy[4].g_ring_bank[0].mem_reg
  -------------------------------------------------------------------
                         required time                          4.600    
                         arrival time                          -4.450    
  -------------------------------------------------------------------
                         slack                                  0.150    

Slack (MET) :             0.177ns  (required time - arrival time)
  Source:                 u_feeder/emit_ky_q_reg[0]/C
                            (rising edge-triggered cell FDRE clocked by clk  {rise@0.000ns fall@2.500ns period=5.000ns})
  Destination:            u_feeder/g_read_copy[4].g_ring_bank[1].mem_reg/ADDRARDADDR[14]
                            (rising edge-triggered cell RAMB36E2 clocked by clk  {rise@0.000ns fall@2.500ns period=5.000ns})
  Path Group:             clk
  Path Type:              Setup (Max at Slow Process Corner)
  Requirement:            5.000ns  (clk rise@5.000ns - clk rise@0.000ns)
  Data Path Delay:        4.363ns  (logic 1.585ns (36.324%)  route 2.778ns (63.676%))
  Logic Levels:           11  (CARRY8=2 LUT4=1 LUT5=1 LUT6=7)
  Clock Path Skew:        0.004ns (DCD - SCD + CPR)
    Destination Clock Delay (DCD):    0.047ns = ( 5.047 - 5.000 ) 
    Source Clock Delay      (SCD):    0.043ns
    Clock Pessimism Removal (CPR):    0.000ns
  Clock Uncertainty:      0.035ns  ((TSJ^2 + TIJ^2)^1/2 + DJ) / 2 + PE
    Total System Jitter     (TSJ):    0.071ns
    Total Input Jitter      (TIJ):    0.000ns
    Discrete Jitter          (DJ):    0.000ns
    Phase Error              (PE):    0.000ns

    Location             Delay type                Incr(ns)  Path(ns)    Netlist Resource(s)
  -------------------------------------------------------------------    -------------------
                         (clock clk rise edge)        0.000     0.000 r  
                                                      0.000     0.000 r  clk (IN)
                         net (fo=2433, unset)         0.043     0.043    u_feeder/clk
    SLICE_X41Y83         FDRE                                         r  u_feeder/emit_ky_q_reg[0]/C
  -------------------------------------------------------------------    -------------------
    SLICE_X41Y83         FDRE (Prop_BFF_SLICEM_C_Q)
                                                      0.112     0.155 r  u_feeder/emit_ky_q_reg[0]/Q
                         net (fo=21, routed)          0.226     0.381    u_feeder/emit_ky_q_reg_n_0_[0]
    SLICE_X42Y83         LUT6 (Prop_H6LUT_SLICEL_I0_O)
                                                      0.227     0.608 r  u_feeder/m_reduce_last_INST_0_i_8/O
                         net (fo=1, routed)           0.049     0.657    u_feeder/m_reduce_last_INST_0_i_8_n_0
    SLICE_X42Y83         LUT6 (Prop_E6LUT_SLICEL_I5_O)
                                                      0.138     0.795 r  u_feeder/m_reduce_last_INST_0_i_5/O
                         net (fo=5, routed)           0.171     0.966    u_feeder/m_reduce_last_INST_0_i_5_n_0
    SLICE_X41Y84         LUT6 (Prop_F6LUT_SLICEM_I2_O)
                                                      0.186     1.152 r  u_feeder/g_read_copy[0].g_ring_bank[0].mem_reg_i_70/O
                         net (fo=70, routed)          0.075     1.227    u_feeder/prefetch_inflight_q_i_1_n_0
    SLICE_X41Y84         LUT6 (Prop_H6LUT_SLICEM_I2_O)
                                                      0.084     1.311 f  u_feeder/g_read_copy[0].g_ring_bank[0].mem_reg_i_138/O
                         net (fo=1, routed)           0.154     1.465    u_feeder/g_read_copy[0].g_ring_bank[0].mem_reg_i_138_n_0
    SLICE_X42Y83         LUT6 (Prop_G6LUT_SLICEL_I3_O)
                                                      0.082     1.547 r  u_feeder/g_read_copy[0].g_ring_bank[0].mem_reg_i_134/O
                         net (fo=1, routed)           0.065     1.612    u_feeder/g_read_copy[0].g_ring_bank[0].mem_reg_i_134_n_0
    SLICE_X42Y83         LUT4 (Prop_C6LUT_SLICEL_I0_O)
                                                      0.187     1.799 r  u_feeder/g_read_copy[0].g_ring_bank[0].mem_reg_i_126/O
                         net (fo=1, routed)           0.015     1.814    u_feeder/g_read_copy[0].g_ring_bank[0].mem_reg_i_126_n_0
    SLICE_X42Y83         CARRY8 (Prop_CARRY8_SLICEL_S[2]_CO[2])
                                                      0.083     1.897 r  u_feeder/g_read_copy[0].g_ring_bank[0].mem_reg_i_100/CO[2]
                         net (fo=23, routed)          0.186     2.083    u_feeder/g_read_copy[0].g_ring_bank[0].mem_reg_i_100_n_5
    SLICE_X43Y83         LUT6 (Prop_G6LUT_SLICEM_I1_O)
                                                      0.082     2.165 r  u_feeder/g_read_copy[0].g_ring_bank[0].mem_reg_i_76/O
                         net (fo=126, routed)         0.091     2.256    u_feeder/B[0]
    SLICE_X43Y83         LUT5 (Prop_E6LUT_SLICEM_I4_O)
                                                      0.152     2.408 r  u_feeder/g_read_copy[0].g_ring_bank[0].mem_reg_i_73/O
                         net (fo=32, routed)          0.757     3.165    u_feeder/g_read_copy[0].g_ring_bank[0].mem_reg_i_73_n_0
    SLICE_X44Y61         LUT6 (Prop_E6LUT_SLICEL_I0_O)
                                                      0.057     3.222 r  u_feeder/g_read_copy[4].g_ring_bank[0].mem_reg_i_9/O
                         net (fo=1, routed)           0.011     3.233    u_feeder/g_read_copy[4].g_ring_bank[0].mem_reg_i_9_n_0
    SLICE_X44Y61         CARRY8 (Prop_CARRY8_SLICEL_S[4]_O[7])
                                                      0.195     3.428 r  u_feeder/g_read_copy[4].g_ring_bank[0].mem_reg_i_2/O[7]
                         net (fo=5, routed)           0.979     4.406    u_feeder/g_read_copy[4].g_ring_bank[0].mem_reg_i_2_n_8
    RAMB36_X2Y4          RAMB36E2                                     r  u_feeder/g_read_copy[4].g_ring_bank[1].mem_reg/ADDRARDADDR[14]
  -------------------------------------------------------------------    -------------------

                         (clock clk rise edge)        5.000     5.000 r  
                                                      0.000     5.000 r  clk (IN)
                         net (fo=2433, unset)         0.047     5.047    u_feeder/clk
    RAMB36_X2Y4          RAMB36E2                                     r  u_feeder/g_read_copy[4].g_ring_bank[1].mem_reg/CLKARDCLK
                         clock pessimism              0.000     5.047    
                         clock uncertainty           -0.035     5.012    
    RAMB36_X2Y4          RAMB36E2 (Setup_RAMB36E2_RAMB36_CLKARDCLK_ADDRARDADDR[14])
                                                     -0.428     4.584    u_feeder/g_read_copy[4].g_ring_bank[1].mem_reg
  -------------------------------------------------------------------
                         required time                          4.584    
                         arrival time                          -4.406    
  -------------------------------------------------------------------
                         slack                                  0.177    

Slack (MET) :             0.187ns  (required time - arrival time)
  Source:                 u_feeder/emit_ky_q_reg[0]/C
                            (rising edge-triggered cell FDRE clocked by clk  {rise@0.000ns fall@2.500ns period=5.000ns})
  Destination:            u_feeder/g_read_copy[4].g_ring_bank[0].mem_reg/ADDRARDADDR[14]
                            (rising edge-triggered cell RAMB36E2 clocked by clk  {rise@0.000ns fall@2.500ns period=5.000ns})
  Path Group:             clk
  Path Type:              Setup (Max at Slow Process Corner)
  Requirement:            5.000ns  (clk rise@5.000ns - clk rise@0.000ns)
  Data Path Delay:        4.353ns  (logic 1.585ns (36.408%)  route 2.768ns (63.592%))
  Logic Levels:           11  (CARRY8=2 LUT4=1 LUT5=1 LUT6=7)
  Clock Path Skew:        0.004ns (DCD - SCD + CPR)
    Destination Clock Delay (DCD):    0.047ns = ( 5.047 - 5.000 ) 
    Source Clock Delay      (SCD):    0.043ns
    Clock Pessimism Removal (CPR):    0.000ns
  Clock Uncertainty:      0.035ns  ((TSJ^2 + TIJ^2)^1/2 + DJ) / 2 + PE
    Total System Jitter     (TSJ):    0.071ns
    Total Input Jitter      (TIJ):    0.000ns
    Discrete Jitter          (DJ):    0.000ns
    Phase Error              (PE):    0.000ns

    Location             Delay type                Incr(ns)  Path(ns)    Netlist Resource(s)
  -------------------------------------------------------------------    -------------------
                         (clock clk rise edge)        0.000     0.000 r  
                                                      0.000     0.000 r  clk (IN)
                         net (fo=2433, unset)         0.043     0.043    u_feeder/clk
    SLICE_X41Y83         FDRE                                         r  u_feeder/emit_ky_q_reg[0]/C
  -------------------------------------------------------------------    -------------------
    SLICE_X41Y83         FDRE (Prop_BFF_SLICEM_C_Q)
                                                      0.112     0.155 r  u_feeder/emit_ky_q_reg[0]/Q
                         net (fo=21, routed)          0.226     0.381    u_feeder/emit_ky_q_reg_n_0_[0]
    SLICE_X42Y83         LUT6 (Prop_H6LUT_SLICEL_I0_O)
                                                      0.227     0.608 r  u_feeder/m_reduce_last_INST_0_i_8/O
                         net (fo=1, routed)           0.049     0.657    u_feeder/m_reduce_last_INST_0_i_8_n_0
    SLICE_X42Y83         LUT6 (Prop_E6LUT_SLICEL_I5_O)
                                                      0.138     0.795 r  u_feeder/m_reduce_last_INST_0_i_5/O
                         net (fo=5, routed)           0.171     0.966    u_feeder/m_reduce_last_INST_0_i_5_n_0
    SLICE_X41Y84         LUT6 (Prop_F6LUT_SLICEM_I2_O)
                                                      0.186     1.152 r  u_feeder/g_read_copy[0].g_ring_bank[0].mem_reg_i_70/O
                         net (fo=70, routed)          0.075     1.227    u_feeder/prefetch_inflight_q_i_1_n_0
    SLICE_X41Y84         LUT6 (Prop_H6LUT_SLICEM_I2_O)
                                                      0.084     1.311 f  u_feeder/g_read_copy[0].g_ring_bank[0].mem_reg_i_138/O
                         net (fo=1, routed)           0.154     1.465    u_feeder/g_read_copy[0].g_ring_bank[0].mem_reg_i_138_n_0
    SLICE_X42Y83         LUT6 (Prop_G6LUT_SLICEL_I3_O)
                                                      0.082     1.547 r  u_feeder/g_read_copy[0].g_ring_bank[0].mem_reg_i_134/O
                         net (fo=1, routed)           0.065     1.612    u_feeder/g_read_copy[0].g_ring_bank[0].mem_reg_i_134_n_0
    SLICE_X42Y83         LUT4 (Prop_C6LUT_SLICEL_I0_O)
                                                      0.187     1.799 r  u_feeder/g_read_copy[0].g_ring_bank[0].mem_reg_i_126/O
                         net (fo=1, routed)           0.015     1.814    u_feeder/g_read_copy[0].g_ring_bank[0].mem_reg_i_126_n_0
    SLICE_X42Y83         CARRY8 (Prop_CARRY8_SLICEL_S[2]_CO[2])
                                                      0.083     1.897 r  u_feeder/g_read_copy[0].g_ring_bank[0].mem_reg_i_100/CO[2]
                         net (fo=23, routed)          0.186     2.083    u_feeder/g_read_copy[0].g_ring_bank[0].mem_reg_i_100_n_5
    SLICE_X43Y83         LUT6 (Prop_G6LUT_SLICEM_I1_O)
                                                      0.082     2.165 r  u_feeder/g_read_copy[0].g_ring_bank[0].mem_reg_i_76/O
                         net (fo=126, routed)         0.091     2.256    u_feeder/B[0]
    SLICE_X43Y83         LUT5 (Prop_E6LUT_SLICEM_I4_O)
                                                      0.152     2.408 r  u_feeder/g_read_copy[0].g_ring_bank[0].mem_reg_i_73/O
                         net (fo=32, routed)          0.757     3.165    u_feeder/g_read_copy[0].g_ring_bank[0].mem_reg_i_73_n_0
    SLICE_X44Y61         LUT6 (Prop_E6LUT_SLICEL_I0_O)
                                                      0.057     3.222 r  u_feeder/g_read_copy[4].g_ring_bank[0].mem_reg_i_9/O
                         net (fo=1, routed)           0.011     3.233    u_feeder/g_read_copy[4].g_ring_bank[0].mem_reg_i_9_n_0
    SLICE_X44Y61         CARRY8 (Prop_CARRY8_SLICEL_S[4]_O[7])
                                                      0.195     3.428 r  u_feeder/g_read_copy[4].g_ring_bank[0].mem_reg_i_2/O[7]
                         net (fo=5, routed)           0.969     4.396    u_feeder/g_read_copy[4].g_ring_bank[0].mem_reg_i_2_n_8
    RAMB36_X2Y5          RAMB36E2                                     r  u_feeder/g_read_copy[4].g_ring_bank[0].mem_reg/ADDRARDADDR[14]
  -------------------------------------------------------------------    -------------------

                         (clock clk rise edge)        5.000     5.000 r  
                                                      0.000     5.000 r  clk (IN)
                         net (fo=2433, unset)         0.047     5.047    u_feeder/clk
    RAMB36_X2Y5          RAMB36E2                                     r  u_feeder/g_read_copy[4].g_ring_bank[0].mem_reg/CLKARDCLK
                         clock pessimism              0.000     5.047    
                         clock uncertainty           -0.035     5.012    
    RAMB36_X2Y5          RAMB36E2 (Setup_RAMB36E2_RAMB36_CLKARDCLK_ADDRARDADDR[14])
                                                     -0.428     4.584    u_feeder/g_read_copy[4].g_ring_bank[0].mem_reg
  -------------------------------------------------------------------
                         required time                          4.584    
                         arrival time                          -4.396    
  -------------------------------------------------------------------
                         slack                                  0.187    

Slack (MET) :             0.205ns  (required time - arrival time)
  Source:                 u_feeder/emit_ky_q_reg[0]/C
                            (rising edge-triggered cell FDRE clocked by clk  {rise@0.000ns fall@2.500ns period=5.000ns})
  Destination:            u_feeder/g_read_copy[4].g_ring_bank[4].mem_reg/ADDRARDADDR[13]
                            (rising edge-triggered cell RAMB36E2 clocked by clk  {rise@0.000ns fall@2.500ns period=5.000ns})
  Path Group:             clk
  Path Type:              Setup (Max at Slow Process Corner)
  Requirement:            5.000ns  (clk rise@5.000ns - clk rise@0.000ns)
  Data Path Delay:        4.351ns  (logic 1.568ns (36.034%)  route 2.783ns (63.966%))
  Logic Levels:           11  (CARRY8=2 LUT4=1 LUT5=1 LUT6=7)
  Clock Path Skew:        0.004ns (DCD - SCD + CPR)
    Destination Clock Delay (DCD):    0.047ns = ( 5.047 - 5.000 ) 
    Source Clock Delay      (SCD):    0.043ns
    Clock Pessimism Removal (CPR):    0.000ns
  Clock Uncertainty:      0.035ns  ((TSJ^2 + TIJ^2)^1/2 + DJ) / 2 + PE
    Total System Jitter     (TSJ):    0.071ns
    Total Input Jitter      (TIJ):    0.000ns
    Discrete Jitter          (DJ):    0.000ns
    Phase Error              (PE):    0.000ns

    Location             Delay type                Incr(ns)  Path(ns)    Netlist Resource(s)
  -------------------------------------------------------------------    -------------------
                         (clock clk rise edge)        0.000     0.000 r  
                                                      0.000     0.000 r  clk (IN)
                         net (fo=2433, unset)         0.043     0.043    u_feeder/clk
    SLICE_X41Y83         FDRE                                         r  u_feeder/emit_ky_q_reg[0]/C
  -------------------------------------------------------------------    -------------------
    SLICE_X41Y83         FDRE (Prop_BFF_SLICEM_C_Q)
                                                      0.112     0.155 r  u_feeder/emit_ky_q_reg[0]/Q
                         net (fo=21, routed)          0.226     0.381    u_feeder/emit_ky_q_reg_n_0_[0]
    SLICE_X42Y83         LUT6 (Prop_H6LUT_SLICEL_I0_O)
                                                      0.227     0.608 r  u_feeder/m_reduce_last_INST_0_i_8/O
                         net (fo=1, routed)           0.049     0.657    u_feeder/m_reduce_last_INST_0_i_8_n_0
    SLICE_X42Y83         LUT6 (Prop_E6LUT_SLICEL_I5_O)
                                                      0.138     0.795 r  u_feeder/m_reduce_last_INST_0_i_5/O
                         net (fo=5, routed)           0.171     0.966    u_feeder/m_reduce_last_INST_0_i_5_n_0
    SLICE_X41Y84         LUT6 (Prop_F6LUT_SLICEM_I2_O)
                                                      0.186     1.152 r  u_feeder/g_read_copy[0].g_ring_bank[0].mem_reg_i_70/O
                         net (fo=70, routed)          0.075     1.227    u_feeder/prefetch_inflight_q_i_1_n_0
    SLICE_X41Y84         LUT6 (Prop_H6LUT_SLICEM_I2_O)
                                                      0.084     1.311 f  u_feeder/g_read_copy[0].g_ring_bank[0].mem_reg_i_138/O
                         net (fo=1, routed)           0.154     1.465    u_feeder/g_read_copy[0].g_ring_bank[0].mem_reg_i_138_n_0
    SLICE_X42Y83         LUT6 (Prop_G6LUT_SLICEL_I3_O)
                                                      0.082     1.547 r  u_feeder/g_read_copy[0].g_ring_bank[0].mem_reg_i_134/O
                         net (fo=1, routed)           0.065     1.612    u_feeder/g_read_copy[0].g_ring_bank[0].mem_reg_i_134_n_0
    SLICE_X42Y83         LUT4 (Prop_C6LUT_SLICEL_I0_O)
                                                      0.187     1.799 r  u_feeder/g_read_copy[0].g_ring_bank[0].mem_reg_i_126/O
                         net (fo=1, routed)           0.015     1.814    u_feeder/g_read_copy[0].g_ring_bank[0].mem_reg_i_126_n_0
    SLICE_X42Y83         CARRY8 (Prop_CARRY8_SLICEL_S[2]_CO[2])
                                                      0.083     1.897 r  u_feeder/g_read_copy[0].g_ring_bank[0].mem_reg_i_100/CO[2]
                         net (fo=23, routed)          0.186     2.083    u_feeder/g_read_copy[0].g_ring_bank[0].mem_reg_i_100_n_5
    SLICE_X43Y83         LUT6 (Prop_G6LUT_SLICEM_I1_O)
                                                      0.082     2.165 r  u_feeder/g_read_copy[0].g_ring_bank[0].mem_reg_i_76/O
                         net (fo=126, routed)         0.091     2.256    u_feeder/B[0]
    SLICE_X43Y83         LUT5 (Prop_E6LUT_SLICEM_I4_O)
                                                      0.152     2.408 r  u_feeder/g_read_copy[0].g_ring_bank[0].mem_reg_i_73/O
                         net (fo=32, routed)          0.757     3.165    u_feeder/g_read_copy[0].g_ring_bank[0].mem_reg_i_73_n_0
    SLICE_X44Y61         LUT6 (Prop_E6LUT_SLICEL_I0_O)
                                                      0.057     3.222 r  u_feeder/g_read_copy[4].g_ring_bank[0].mem_reg_i_9/O
                         net (fo=1, routed)           0.011     3.233    u_feeder/g_read_copy[4].g_ring_bank[0].mem_reg_i_9_n_0
    SLICE_X44Y61         CARRY8 (Prop_CARRY8_SLICEL_S[4]_O[6])
                                                      0.178     3.411 r  u_feeder/g_read_copy[4].g_ring_bank[0].mem_reg_i_2/O[6]
                         net (fo=5, routed)           0.984     4.394    u_feeder/g_read_copy[4].g_ring_bank[0].mem_reg_i_2_n_9
    RAMB36_X2Y3          RAMB36E2                                     r  u_feeder/g_read_copy[4].g_ring_bank[4].mem_reg/ADDRARDADDR[13]
  -------------------------------------------------------------------    -------------------

                         (clock clk rise edge)        5.000     5.000 r  
                                                      0.000     5.000 r  clk (IN)
                         net (fo=2433, unset)         0.047     5.047    u_feeder/clk
    RAMB36_X2Y3          RAMB36E2                                     r  u_feeder/g_read_copy[4].g_ring_bank[4].mem_reg/CLKARDCLK
                         clock pessimism              0.000     5.047    
                         clock uncertainty           -0.035     5.012    
    RAMB36_X2Y3          RAMB36E2 (Setup_RAMB36E2_RAMB36_CLKARDCLK_ADDRARDADDR[13])
                                                     -0.412     4.600    u_feeder/g_read_copy[4].g_ring_bank[4].mem_reg
  -------------------------------------------------------------------
                         required time                          4.600    
                         arrival time                          -4.394    
  -------------------------------------------------------------------
                         slack                                  0.205    

Slack (MET) :             0.205ns  (required time - arrival time)
  Source:                 u_feeder/emit_ky_q_reg[0]/C
                            (rising edge-triggered cell FDRE clocked by clk  {rise@0.000ns fall@2.500ns period=5.000ns})
  Destination:            u_feeder/g_read_copy[4].g_ring_bank[1].mem_reg/ADDRARDADDR[12]
                            (rising edge-triggered cell RAMB36E2 clocked by clk  {rise@0.000ns fall@2.500ns period=5.000ns})
  Path Group:             clk
  Path Type:              Setup (Max at Slow Process Corner)
  Requirement:            5.000ns  (clk rise@5.000ns - clk rise@0.000ns)
  Data Path Delay:        4.344ns  (logic 1.518ns (34.943%)  route 2.826ns (65.057%))
  Logic Levels:           11  (CARRY8=2 LUT4=1 LUT5=1 LUT6=7)
  Clock Path Skew:        0.004ns (DCD - SCD + CPR)
    Destination Clock Delay (DCD):    0.047ns = ( 5.047 - 5.000 ) 
    Source Clock Delay      (SCD):    0.043ns
    Clock Pessimism Removal (CPR):    0.000ns
  Clock Uncertainty:      0.035ns  ((TSJ^2 + TIJ^2)^1/2 + DJ) / 2 + PE
    Total System Jitter     (TSJ):    0.071ns
    Total Input Jitter      (TIJ):    0.000ns
    Discrete Jitter          (DJ):    0.000ns
    Phase Error              (PE):    0.000ns

    Location             Delay type                Incr(ns)  Path(ns)    Netlist Resource(s)
  -------------------------------------------------------------------    -------------------
                         (clock clk rise edge)        0.000     0.000 r  
                                                      0.000     0.000 r  clk (IN)
                         net (fo=2433, unset)         0.043     0.043    u_feeder/clk
    SLICE_X41Y83         FDRE                                         r  u_feeder/emit_ky_q_reg[0]/C
  -------------------------------------------------------------------    -------------------
    SLICE_X41Y83         FDRE (Prop_BFF_SLICEM_C_Q)
                                                      0.112     0.155 r  u_feeder/emit_ky_q_reg[0]/Q
                         net (fo=21, routed)          0.226     0.381    u_feeder/emit_ky_q_reg_n_0_[0]
    SLICE_X42Y83         LUT6 (Prop_H6LUT_SLICEL_I0_O)
                                                      0.227     0.608 r  u_feeder/m_reduce_last_INST_0_i_8/O
                         net (fo=1, routed)           0.049     0.657    u_feeder/m_reduce_last_INST_0_i_8_n_0
    SLICE_X42Y83         LUT6 (Prop_E6LUT_SLICEL_I5_O)
                                                      0.138     0.795 r  u_feeder/m_reduce_last_INST_0_i_5/O
                         net (fo=5, routed)           0.171     0.966    u_feeder/m_reduce_last_INST_0_i_5_n_0
    SLICE_X41Y84         LUT6 (Prop_F6LUT_SLICEM_I2_O)
                                                      0.186     1.152 r  u_feeder/g_read_copy[0].g_ring_bank[0].mem_reg_i_70/O
                         net (fo=70, routed)          0.075     1.227    u_feeder/prefetch_inflight_q_i_1_n_0
    SLICE_X41Y84         LUT6 (Prop_H6LUT_SLICEM_I2_O)
                                                      0.084     1.311 f  u_feeder/g_read_copy[0].g_ring_bank[0].mem_reg_i_138/O
                         net (fo=1, routed)           0.154     1.465    u_feeder/g_read_copy[0].g_ring_bank[0].mem_reg_i_138_n_0
    SLICE_X42Y83         LUT6 (Prop_G6LUT_SLICEL_I3_O)
                                                      0.082     1.547 r  u_feeder/g_read_copy[0].g_ring_bank[0].mem_reg_i_134/O
                         net (fo=1, routed)           0.065     1.612    u_feeder/g_read_copy[0].g_ring_bank[0].mem_reg_i_134_n_0
    SLICE_X42Y83         LUT4 (Prop_C6LUT_SLICEL_I0_O)
                                                      0.187     1.799 r  u_feeder/g_read_copy[0].g_ring_bank[0].mem_reg_i_126/O
                         net (fo=1, routed)           0.015     1.814    u_feeder/g_read_copy[0].g_ring_bank[0].mem_reg_i_126_n_0
    SLICE_X42Y83         CARRY8 (Prop_CARRY8_SLICEL_S[2]_CO[2])
                                                      0.083     1.897 r  u_feeder/g_read_copy[0].g_ring_bank[0].mem_reg_i_100/CO[2]
                         net (fo=23, routed)          0.186     2.083    u_feeder/g_read_copy[0].g_ring_bank[0].mem_reg_i_100_n_5
    SLICE_X43Y83         LUT6 (Prop_G6LUT_SLICEM_I1_O)
                                                      0.082     2.165 r  u_feeder/g_read_copy[0].g_ring_bank[0].mem_reg_i_76/O
                         net (fo=126, routed)         0.091     2.256    u_feeder/B[0]
    SLICE_X43Y83         LUT5 (Prop_E6LUT_SLICEM_I4_O)
                                                      0.152     2.408 r  u_feeder/g_read_copy[0].g_ring_bank[0].mem_reg_i_73/O
                         net (fo=32, routed)          0.757     3.165    u_feeder/g_read_copy[0].g_ring_bank[0].mem_reg_i_73_n_0
    SLICE_X44Y61         LUT6 (Prop_E6LUT_SLICEL_I0_O)
                                                      0.057     3.222 r  u_feeder/g_read_copy[4].g_ring_bank[0].mem_reg_i_9/O
                         net (fo=1, routed)           0.011     3.233    u_feeder/g_read_copy[4].g_ring_bank[0].mem_reg_i_9_n_0
    SLICE_X44Y61         CARRY8 (Prop_CARRY8_SLICEL_S[4]_O[5])
                                                      0.128     3.361 r  u_feeder/g_read_copy[4].g_ring_bank[0].mem_reg_i_2/O[5]
                         net (fo=5, routed)           1.026     4.387    u_feeder/g_read_copy[4].g_ring_bank[0].mem_reg_i_2_n_10
    RAMB36_X2Y4          RAMB36E2                                     r  u_feeder/g_read_copy[4].g_ring_bank[1].mem_reg/ADDRARDADDR[12]
  -------------------------------------------------------------------    -------------------

                         (clock clk rise edge)        5.000     5.000 r  
                                                      0.000     5.000 r  clk (IN)
                         net (fo=2433, unset)         0.047     5.047    u_feeder/clk
    RAMB36_X2Y4          RAMB36E2                                     r  u_feeder/g_read_copy[4].g_ring_bank[1].mem_reg/CLKARDCLK
                         clock pessimism              0.000     5.047    
                         clock uncertainty           -0.035     5.012    
    RAMB36_X2Y4          RAMB36E2 (Setup_RAMB36E2_RAMB36_CLKARDCLK_ADDRARDADDR[12])
                                                     -0.419     4.593    u_feeder/g_read_copy[4].g_ring_bank[1].mem_reg
  -------------------------------------------------------------------
                         required time                          4.593    
                         arrival time                          -4.387    
  -------------------------------------------------------------------
                         slack                                  0.205    

Slack (MET) :             0.209ns  (required time - arrival time)
  Source:                 u_feeder/emit_ky_q_reg[0]/C
                            (rising edge-triggered cell FDRE clocked by clk  {rise@0.000ns fall@2.500ns period=5.000ns})
  Destination:            u_feeder/g_read_copy[4].g_ring_bank[4].mem_reg/ADDRARDADDR[12]
                            (rising edge-triggered cell RAMB36E2 clocked by clk  {rise@0.000ns fall@2.500ns period=5.000ns})
  Path Group:             clk
  Path Type:              Setup (Max at Slow Process Corner)
  Requirement:            5.000ns  (clk rise@5.000ns - clk rise@0.000ns)
  Data Path Delay:        4.341ns  (logic 1.518ns (34.972%)  route 2.823ns (65.028%))
  Logic Levels:           11  (CARRY8=2 LUT4=1 LUT5=1 LUT6=7)
  Clock Path Skew:        0.004ns (DCD - SCD + CPR)
    Destination Clock Delay (DCD):    0.047ns = ( 5.047 - 5.000 ) 
    Source Clock Delay      (SCD):    0.043ns
    Clock Pessimism Removal (CPR):    0.000ns
  Clock Uncertainty:      0.035ns  ((TSJ^2 + TIJ^2)^1/2 + DJ) / 2 + PE
    Total System Jitter     (TSJ):    0.071ns
    Total Input Jitter      (TIJ):    0.000ns
    Discrete Jitter          (DJ):    0.000ns
    Phase Error              (PE):    0.000ns

    Location             Delay type                Incr(ns)  Path(ns)    Netlist Resource(s)
  -------------------------------------------------------------------    -------------------
                         (clock clk rise edge)        0.000     0.000 r  
                                                      0.000     0.000 r  clk (IN)
                         net (fo=2433, unset)         0.043     0.043    u_feeder/clk
    SLICE_X41Y83         FDRE                                         r  u_feeder/emit_ky_q_reg[0]/C
  -------------------------------------------------------------------    -------------------
    SLICE_X41Y83         FDRE (Prop_BFF_SLICEM_C_Q)
                                                      0.112     0.155 r  u_feeder/emit_ky_q_reg[0]/Q
                         net (fo=21, routed)          0.226     0.381    u_feeder/emit_ky_q_reg_n_0_[0]
    SLICE_X42Y83         LUT6 (Prop_H6LUT_SLICEL_I0_O)
                                                      0.227     0.608 r  u_feeder/m_reduce_last_INST_0_i_8/O
                         net (fo=1, routed)           0.049     0.657    u_feeder/m_reduce_last_INST_0_i_8_n_0
    SLICE_X42Y83         LUT6 (Prop_E6LUT_SLICEL_I5_O)
                                                      0.138     0.795 r  u_feeder/m_reduce_last_INST_0_i_5/O
                         net (fo=5, routed)           0.171     0.966    u_feeder/m_reduce_last_INST_0_i_5_n_0
    SLICE_X41Y84         LUT6 (Prop_F6LUT_SLICEM_I2_O)
                                                      0.186     1.152 r  u_feeder/g_read_copy[0].g_ring_bank[0].mem_reg_i_70/O
                         net (fo=70, routed)          0.075     1.227    u_feeder/prefetch_inflight_q_i_1_n_0
    SLICE_X41Y84         LUT6 (Prop_H6LUT_SLICEM_I2_O)
                                                      0.084     1.311 f  u_feeder/g_read_copy[0].g_ring_bank[0].mem_reg_i_138/O
                         net (fo=1, routed)           0.154     1.465    u_feeder/g_read_copy[0].g_ring_bank[0].mem_reg_i_138_n_0
    SLICE_X42Y83         LUT6 (Prop_G6LUT_SLICEL_I3_O)
                                                      0.082     1.547 r  u_feeder/g_read_copy[0].g_ring_bank[0].mem_reg_i_134/O
                         net (fo=1, routed)           0.065     1.612    u_feeder/g_read_copy[0].g_ring_bank[0].mem_reg_i_134_n_0
    SLICE_X42Y83         LUT4 (Prop_C6LUT_SLICEL_I0_O)
                                                      0.187     1.799 r  u_feeder/g_read_copy[0].g_ring_bank[0].mem_reg_i_126/O
                         net (fo=1, routed)           0.015     1.814    u_feeder/g_read_copy[0].g_ring_bank[0].mem_reg_i_126_n_0
    SLICE_X42Y83         CARRY8 (Prop_CARRY8_SLICEL_S[2]_CO[2])
                                                      0.083     1.897 r  u_feeder/g_read_copy[0].g_ring_bank[0].mem_reg_i_100/CO[2]
                         net (fo=23, routed)          0.186     2.083    u_feeder/g_read_copy[0].g_ring_bank[0].mem_reg_i_100_n_5
    SLICE_X43Y83         LUT6 (Prop_G6LUT_SLICEM_I1_O)
                                                      0.082     2.165 r  u_feeder/g_read_copy[0].g_ring_bank[0].mem_reg_i_76/O
                         net (fo=126, routed)         0.091     2.256    u_feeder/B[0]
    SLICE_X43Y83         LUT5 (Prop_E6LUT_SLICEM_I4_O)
                                                      0.152     2.408 r  u_feeder/g_read_copy[0].g_ring_bank[0].mem_reg_i_73/O
                         net (fo=32, routed)          0.757     3.165    u_feeder/g_read_copy[0].g_ring_bank[0].mem_reg_i_73_n_0
    SLICE_X44Y61         LUT6 (Prop_E6LUT_SLICEL_I0_O)
                                                      0.057     3.222 r  u_feeder/g_read_copy[4].g_ring_bank[0].mem_reg_i_9/O
                         net (fo=1, routed)           0.011     3.233    u_feeder/g_read_copy[4].g_ring_bank[0].mem_reg_i_9_n_0
    SLICE_X44Y61         CARRY8 (Prop_CARRY8_SLICEL_S[4]_O[5])
                                                      0.128     3.361 r  u_feeder/g_read_copy[4].g_ring_bank[0].mem_reg_i_2/O[5]
                         net (fo=5, routed)           1.023     4.384    u_feeder/g_read_copy[4].g_ring_bank[0].mem_reg_i_2_n_10
    RAMB36_X2Y3          RAMB36E2                                     r  u_feeder/g_read_copy[4].g_ring_bank[4].mem_reg/ADDRARDADDR[12]
  -------------------------------------------------------------------    -------------------

                         (clock clk rise edge)        5.000     5.000 r  
                                                      0.000     5.000 r  clk (IN)
                         net (fo=2433, unset)         0.047     5.047    u_feeder/clk
    RAMB36_X2Y3          RAMB36E2                                     r  u_feeder/g_read_copy[4].g_ring_bank[4].mem_reg/CLKARDCLK
                         clock pessimism              0.000     5.047    
                         clock uncertainty           -0.035     5.012    
    RAMB36_X2Y3          RAMB36E2 (Setup_RAMB36E2_RAMB36_CLKARDCLK_ADDRARDADDR[12])
                                                     -0.419     4.593    u_feeder/g_read_copy[4].g_ring_bank[4].mem_reg
  -------------------------------------------------------------------
                         required time                          4.593    
                         arrival time                          -4.384    
  -------------------------------------------------------------------
                         slack                                  0.209    

Slack (MET) :             0.220ns  (required time - arrival time)
  Source:                 u_feeder/emit_ky_q_reg[0]/C
                            (rising edge-triggered cell FDRE clocked by clk  {rise@0.000ns fall@2.500ns period=5.000ns})
  Destination:            u_feeder/g_read_copy[4].g_ring_bank[2].mem_reg/ADDRARDADDR[13]
                            (rising edge-triggered cell RAMB36E2 clocked by clk  {rise@0.000ns fall@2.500ns period=5.000ns})
  Path Group:             clk
  Path Type:              Setup (Max at Slow Process Corner)
  Requirement:            5.000ns  (clk rise@5.000ns - clk rise@0.000ns)
  Data Path Delay:        4.337ns  (logic 1.568ns (36.154%)  route 2.769ns (63.846%))
  Logic Levels:           11  (CARRY8=2 LUT4=1 LUT5=1 LUT6=7)
  Clock Path Skew:        0.004ns (DCD - SCD + CPR)
    Destination Clock Delay (DCD):    0.047ns = ( 5.047 - 5.000 ) 
    Source Clock Delay      (SCD):    0.043ns
    Clock Pessimism Removal (CPR):    0.000ns
  Clock Uncertainty:      0.035ns  ((TSJ^2 + TIJ^2)^1/2 + DJ) / 2 + PE
    Total System Jitter     (TSJ):    0.071ns
    Total Input Jitter      (TIJ):    0.000ns
    Discrete Jitter          (DJ):    0.000ns
    Phase Error              (PE):    0.000ns

    Location             Delay type                Incr(ns)  Path(ns)    Netlist Resource(s)
  -------------------------------------------------------------------    -------------------
                         (clock clk rise edge)        0.000     0.000 r  
                                                      0.000     0.000 r  clk (IN)
                         net (fo=2433, unset)         0.043     0.043    u_feeder/clk
    SLICE_X41Y83         FDRE                                         r  u_feeder/emit_ky_q_reg[0]/C
  -------------------------------------------------------------------    -------------------
    SLICE_X41Y83         FDRE (Prop_BFF_SLICEM_C_Q)
                                                      0.112     0.155 r  u_feeder/emit_ky_q_reg[0]/Q
                         net (fo=21, routed)          0.226     0.381    u_feeder/emit_ky_q_reg_n_0_[0]
    SLICE_X42Y83         LUT6 (Prop_H6LUT_SLICEL_I0_O)
                                                      0.227     0.608 r  u_feeder/m_reduce_last_INST_0_i_8/O
                         net (fo=1, routed)           0.049     0.657    u_feeder/m_reduce_last_INST_0_i_8_n_0
    SLICE_X42Y83         LUT6 (Prop_E6LUT_SLICEL_I5_O)
                                                      0.138     0.795 r  u_feeder/m_reduce_last_INST_0_i_5/O
                         net (fo=5, routed)           0.171     0.966    u_feeder/m_reduce_last_INST_0_i_5_n_0
    SLICE_X41Y84         LUT6 (Prop_F6LUT_SLICEM_I2_O)
                                                      0.186     1.152 r  u_feeder/g_read_copy[0].g_ring_bank[0].mem_reg_i_70/O
                         net (fo=70, routed)          0.075     1.227    u_feeder/prefetch_inflight_q_i_1_n_0
    SLICE_X41Y84         LUT6 (Prop_H6LUT_SLICEM_I2_O)
                                                      0.084     1.311 f  u_feeder/g_read_copy[0].g_ring_bank[0].mem_reg_i_138/O
                         net (fo=1, routed)           0.154     1.465    u_feeder/g_read_copy[0].g_ring_bank[0].mem_reg_i_138_n_0
    SLICE_X42Y83         LUT6 (Prop_G6LUT_SLICEL_I3_O)
                                                      0.082     1.547 r  u_feeder/g_read_copy[0].g_ring_bank[0].mem_reg_i_134/O
                         net (fo=1, routed)           0.065     1.612    u_feeder/g_read_copy[0].g_ring_bank[0].mem_reg_i_134_n_0
    SLICE_X42Y83         LUT4 (Prop_C6LUT_SLICEL_I0_O)
                                                      0.187     1.799 r  u_feeder/g_read_copy[0].g_ring_bank[0].mem_reg_i_126/O
                         net (fo=1, routed)           0.015     1.814    u_feeder/g_read_copy[0].g_ring_bank[0].mem_reg_i_126_n_0
    SLICE_X42Y83         CARRY8 (Prop_CARRY8_SLICEL_S[2]_CO[2])
                                                      0.083     1.897 r  u_feeder/g_read_copy[0].g_ring_bank[0].mem_reg_i_100/CO[2]
                         net (fo=23, routed)          0.186     2.083    u_feeder/g_read_copy[0].g_ring_bank[0].mem_reg_i_100_n_5
    SLICE_X43Y83         LUT6 (Prop_G6LUT_SLICEM_I1_O)
                                                      0.082     2.165 r  u_feeder/g_read_copy[0].g_ring_bank[0].mem_reg_i_76/O
                         net (fo=126, routed)         0.091     2.256    u_feeder/B[0]
    SLICE_X43Y83         LUT5 (Prop_E6LUT_SLICEM_I4_O)
                                                      0.152     2.408 r  u_feeder/g_read_copy[0].g_ring_bank[0].mem_reg_i_73/O
                         net (fo=32, routed)          0.757     3.165    u_feeder/g_read_copy[0].g_ring_bank[0].mem_reg_i_73_n_0
    SLICE_X44Y61         LUT6 (Prop_E6LUT_SLICEL_I0_O)
                                                      0.057     3.222 r  u_feeder/g_read_copy[4].g_ring_bank[0].mem_reg_i_9/O
                         net (fo=1, routed)           0.011     3.233    u_feeder/g_read_copy[4].g_ring_bank[0].mem_reg_i_9_n_0
    SLICE_X44Y61         CARRY8 (Prop_CARRY8_SLICEL_S[4]_O[6])
                                                      0.178     3.411 r  u_feeder/g_read_copy[4].g_ring_bank[0].mem_reg_i_2/O[6]
                         net (fo=5, routed)           0.969     4.380    u_feeder/g_read_copy[4].g_ring_bank[0].mem_reg_i_2_n_9
    RAMB36_X2Y6          RAMB36E2                                     r  u_feeder/g_read_copy[4].g_ring_bank[2].mem_reg/ADDRARDADDR[13]
  -------------------------------------------------------------------    -------------------

                         (clock clk rise edge)        5.000     5.000 r  
                                                      0.000     5.000 r  clk (IN)
                         net (fo=2433, unset)         0.047     5.047    u_feeder/clk
    RAMB36_X2Y6          RAMB36E2                                     r  u_feeder/g_read_copy[4].g_ring_bank[2].mem_reg/CLKARDCLK
                         clock pessimism              0.000     5.047    
                         clock uncertainty           -0.035     5.012    
    RAMB36_X2Y6          RAMB36E2 (Setup_RAMB36E2_RAMB36_CLKARDCLK_ADDRARDADDR[13])
                                                     -0.412     4.600    u_feeder/g_read_copy[4].g_ring_bank[2].mem_reg
  -------------------------------------------------------------------
                         required time                          4.600    
                         arrival time                          -4.380    
  -------------------------------------------------------------------
                         slack                                  0.220    

Slack (MET) :             0.229ns  (required time - arrival time)
  Source:                 u_feeder/emit_ky_q_reg[0]/C
                            (rising edge-triggered cell FDRE clocked by clk  {rise@0.000ns fall@2.500ns period=5.000ns})
  Destination:            u_feeder/g_read_copy[4].g_ring_bank[4].mem_reg/ADDRARDADDR[14]
                            (rising edge-triggered cell RAMB36E2 clocked by clk  {rise@0.000ns fall@2.500ns period=5.000ns})
  Path Group:             clk
  Path Type:              Setup (Max at Slow Process Corner)
  Requirement:            5.000ns  (clk rise@5.000ns - clk rise@0.000ns)
  Data Path Delay:        4.312ns  (logic 1.585ns (36.758%)  route 2.727ns (63.242%))
  Logic Levels:           11  (CARRY8=2 LUT4=1 LUT5=1 LUT6=7)
  Clock Path Skew:        0.004ns (DCD - SCD + CPR)
    Destination Clock Delay (DCD):    0.047ns = ( 5.047 - 5.000 ) 
    Source Clock Delay      (SCD):    0.043ns
    Clock Pessimism Removal (CPR):    0.000ns
  Clock Uncertainty:      0.035ns  ((TSJ^2 + TIJ^2)^1/2 + DJ) / 2 + PE
    Total System Jitter     (TSJ):    0.071ns
    Total Input Jitter      (TIJ):    0.000ns
    Discrete Jitter          (DJ):    0.000ns
    Phase Error              (PE):    0.000ns

    Location             Delay type                Incr(ns)  Path(ns)    Netlist Resource(s)
  -------------------------------------------------------------------    -------------------
                         (clock clk rise edge)        0.000     0.000 r  
                                                      0.000     0.000 r  clk (IN)
                         net (fo=2433, unset)         0.043     0.043    u_feeder/clk
    SLICE_X41Y83         FDRE                                         r  u_feeder/emit_ky_q_reg[0]/C
  -------------------------------------------------------------------    -------------------
    SLICE_X41Y83         FDRE (Prop_BFF_SLICEM_C_Q)
                                                      0.112     0.155 r  u_feeder/emit_ky_q_reg[0]/Q
                         net (fo=21, routed)          0.226     0.381    u_feeder/emit_ky_q_reg_n_0_[0]
    SLICE_X42Y83         LUT6 (Prop_H6LUT_SLICEL_I0_O)
                                                      0.227     0.608 r  u_feeder/m_reduce_last_INST_0_i_8/O
                         net (fo=1, routed)           0.049     0.657    u_feeder/m_reduce_last_INST_0_i_8_n_0
    SLICE_X42Y83         LUT6 (Prop_E6LUT_SLICEL_I5_O)
                                                      0.138     0.795 r  u_feeder/m_reduce_last_INST_0_i_5/O
                         net (fo=5, routed)           0.171     0.966    u_feeder/m_reduce_last_INST_0_i_5_n_0
    SLICE_X41Y84         LUT6 (Prop_F6LUT_SLICEM_I2_O)
                                                      0.186     1.152 r  u_feeder/g_read_copy[0].g_ring_bank[0].mem_reg_i_70/O
                         net (fo=70, routed)          0.075     1.227    u_feeder/prefetch_inflight_q_i_1_n_0
    SLICE_X41Y84         LUT6 (Prop_H6LUT_SLICEM_I2_O)
                                                      0.084     1.311 f  u_feeder/g_read_copy[0].g_ring_bank[0].mem_reg_i_138/O
                         net (fo=1, routed)           0.154     1.465    u_feeder/g_read_copy[0].g_ring_bank[0].mem_reg_i_138_n_0
    SLICE_X42Y83         LUT6 (Prop_G6LUT_SLICEL_I3_O)
                                                      0.082     1.547 r  u_feeder/g_read_copy[0].g_ring_bank[0].mem_reg_i_134/O
                         net (fo=1, routed)           0.065     1.612    u_feeder/g_read_copy[0].g_ring_bank[0].mem_reg_i_134_n_0
    SLICE_X42Y83         LUT4 (Prop_C6LUT_SLICEL_I0_O)
                                                      0.187     1.799 r  u_feeder/g_read_copy[0].g_ring_bank[0].mem_reg_i_126/O
                         net (fo=1, routed)           0.015     1.814    u_feeder/g_read_copy[0].g_ring_bank[0].mem_reg_i_126_n_0
    SLICE_X42Y83         CARRY8 (Prop_CARRY8_SLICEL_S[2]_CO[2])
                                                      0.083     1.897 r  u_feeder/g_read_copy[0].g_ring_bank[0].mem_reg_i_100/CO[2]
                         net (fo=23, routed)          0.186     2.083    u_feeder/g_read_copy[0].g_ring_bank[0].mem_reg_i_100_n_5
    SLICE_X43Y83         LUT6 (Prop_G6LUT_SLICEM_I1_O)
                                                      0.082     2.165 r  u_feeder/g_read_copy[0].g_ring_bank[0].mem_reg_i_76/O
                         net (fo=126, routed)         0.091     2.256    u_feeder/B[0]
    SLICE_X43Y83         LUT5 (Prop_E6LUT_SLICEM_I4_O)
                                                      0.152     2.408 r  u_feeder/g_read_copy[0].g_ring_bank[0].mem_reg_i_73/O
                         net (fo=32, routed)          0.757     3.165    u_feeder/g_read_copy[0].g_ring_bank[0].mem_reg_i_73_n_0
    SLICE_X44Y61         LUT6 (Prop_E6LUT_SLICEL_I0_O)
                                                      0.057     3.222 r  u_feeder/g_read_copy[4].g_ring_bank[0].mem_reg_i_9/O
                         net (fo=1, routed)           0.011     3.233    u_feeder/g_read_copy[4].g_ring_bank[0].mem_reg_i_9_n_0
    SLICE_X44Y61         CARRY8 (Prop_CARRY8_SLICEL_S[4]_O[7])
                                                      0.195     3.428 r  u_feeder/g_read_copy[4].g_ring_bank[0].mem_reg_i_2/O[7]
                         net (fo=5, routed)           0.927     4.355    u_feeder/g_read_copy[4].g_ring_bank[0].mem_reg_i_2_n_8
    RAMB36_X2Y3          RAMB36E2                                     r  u_feeder/g_read_copy[4].g_ring_bank[4].mem_reg/ADDRARDADDR[14]
  -------------------------------------------------------------------    -------------------

                         (clock clk rise edge)        5.000     5.000 r  
                                                      0.000     5.000 r  clk (IN)
                         net (fo=2433, unset)         0.047     5.047    u_feeder/clk
    RAMB36_X2Y3          RAMB36E2                                     r  u_feeder/g_read_copy[4].g_ring_bank[4].mem_reg/CLKARDCLK
                         clock pessimism              0.000     5.047    
                         clock uncertainty           -0.035     5.012    
    RAMB36_X2Y3          RAMB36E2 (Setup_RAMB36E2_RAMB36_CLKARDCLK_ADDRARDADDR[14])
                                                     -0.428     4.584    u_feeder/g_read_copy[4].g_ring_bank[4].mem_reg
  -------------------------------------------------------------------
                         required time                          4.584    
                         arrival time                          -4.355    
  -------------------------------------------------------------------
                         slack                                  0.229    

Slack (MET) :             0.236ns  (required time - arrival time)
  Source:                 u_feeder/emit_ky_q_reg[0]/C
                            (rising edge-triggered cell FDRE clocked by clk  {rise@0.000ns fall@2.500ns period=5.000ns})
  Destination:            u_feeder/g_read_copy[8].g_ring_bank[1].mem_reg/ADDRARDADDR[14]
                            (rising edge-triggered cell RAMB36E2 clocked by clk  {rise@0.000ns fall@2.500ns period=5.000ns})
  Path Group:             clk
  Path Type:              Setup (Max at Slow Process Corner)
  Requirement:            5.000ns  (clk rise@5.000ns - clk rise@0.000ns)
  Data Path Delay:        4.305ns  (logic 1.611ns (37.425%)  route 2.694ns (62.575%))
  Logic Levels:           11  (CARRY8=2 LUT4=1 LUT5=2 LUT6=6)
  Clock Path Skew:        0.004ns (DCD - SCD + CPR)
    Destination Clock Delay (DCD):    0.047ns = ( 5.047 - 5.000 ) 
    Source Clock Delay      (SCD):    0.043ns
    Clock Pessimism Removal (CPR):    0.000ns
  Clock Uncertainty:      0.035ns  ((TSJ^2 + TIJ^2)^1/2 + DJ) / 2 + PE
    Total System Jitter     (TSJ):    0.071ns
    Total Input Jitter      (TIJ):    0.000ns
    Discrete Jitter          (DJ):    0.000ns
    Phase Error              (PE):    0.000ns

    Location             Delay type                Incr(ns)  Path(ns)    Netlist Resource(s)
  -------------------------------------------------------------------    -------------------
                         (clock clk rise edge)        0.000     0.000 r  
                                                      0.000     0.000 r  clk (IN)
                         net (fo=2433, unset)         0.043     0.043    u_feeder/clk
    SLICE_X41Y83         FDRE                                         r  u_feeder/emit_ky_q_reg[0]/C
  -------------------------------------------------------------------    -------------------
    SLICE_X41Y83         FDRE (Prop_BFF_SLICEM_C_Q)
                                                      0.112     0.155 r  u_feeder/emit_ky_q_reg[0]/Q
                         net (fo=21, routed)          0.226     0.381    u_feeder/emit_ky_q_reg_n_0_[0]
    SLICE_X42Y83         LUT6 (Prop_H6LUT_SLICEL_I0_O)
                                                      0.227     0.608 r  u_feeder/m_reduce_last_INST_0_i_8/O
                         net (fo=1, routed)           0.049     0.657    u_feeder/m_reduce_last_INST_0_i_8_n_0
    SLICE_X42Y83         LUT6 (Prop_E6LUT_SLICEL_I5_O)
                                                      0.138     0.795 r  u_feeder/m_reduce_last_INST_0_i_5/O
                         net (fo=5, routed)           0.171     0.966    u_feeder/m_reduce_last_INST_0_i_5_n_0
    SLICE_X41Y84         LUT6 (Prop_F6LUT_SLICEM_I2_O)
                                                      0.186     1.152 r  u_feeder/g_read_copy[0].g_ring_bank[0].mem_reg_i_70/O
                         net (fo=70, routed)          0.075     1.227    u_feeder/prefetch_inflight_q_i_1_n_0
    SLICE_X41Y84         LUT6 (Prop_H6LUT_SLICEM_I2_O)
                                                      0.084     1.311 f  u_feeder/g_read_copy[0].g_ring_bank[0].mem_reg_i_138/O
                         net (fo=1, routed)           0.154     1.465    u_feeder/g_read_copy[0].g_ring_bank[0].mem_reg_i_138_n_0
    SLICE_X42Y83         LUT6 (Prop_G6LUT_SLICEL_I3_O)
                                                      0.082     1.547 r  u_feeder/g_read_copy[0].g_ring_bank[0].mem_reg_i_134/O
                         net (fo=1, routed)           0.065     1.612    u_feeder/g_read_copy[0].g_ring_bank[0].mem_reg_i_134_n_0
    SLICE_X42Y83         LUT4 (Prop_C6LUT_SLICEL_I0_O)
                                                      0.187     1.799 r  u_feeder/g_read_copy[0].g_ring_bank[0].mem_reg_i_126/O
                         net (fo=1, routed)           0.015     1.814    u_feeder/g_read_copy[0].g_ring_bank[0].mem_reg_i_126_n_0
    SLICE_X42Y83         CARRY8 (Prop_CARRY8_SLICEL_S[2]_CO[2])
                                                      0.083     1.897 r  u_feeder/g_read_copy[0].g_ring_bank[0].mem_reg_i_100/CO[2]
                         net (fo=23, routed)          0.186     2.083    u_feeder/g_read_copy[0].g_ring_bank[0].mem_reg_i_100_n_5
    SLICE_X43Y83         LUT6 (Prop_G6LUT_SLICEM_I1_O)
                                                      0.082     2.165 r  u_feeder/g_read_copy[0].g_ring_bank[0].mem_reg_i_76/O
                         net (fo=126, routed)         0.091     2.256    u_feeder/B[0]
    SLICE_X43Y83         LUT5 (Prop_E6LUT_SLICEM_I4_O)
                                                      0.152     2.408 r  u_feeder/g_read_copy[0].g_ring_bank[0].mem_reg_i_73/O
                         net (fo=32, routed)          0.626     3.033    u_feeder/g_read_copy[0].g_ring_bank[0].mem_reg_i_73_n_0
    SLICE_X44Y107        LUT5 (Prop_E6LUT_SLICEL_I0_O)
                                                      0.083     3.116 r  u_feeder/g_read_copy[8].g_ring_bank[0].mem_reg_i_10/O
                         net (fo=1, routed)           0.011     3.127    u_feeder/g_read_copy[8].g_ring_bank[0].mem_reg_i_10_n_0
    SLICE_X44Y107        CARRY8 (Prop_CARRY8_SLICEL_S[4]_O[7])
                                                      0.195     3.322 r  u_feeder/g_read_copy[8].g_ring_bank[0].mem_reg_i_2/O[7]
                         net (fo=5, routed)           1.025     4.348    u_feeder/g_read_copy[8].g_ring_bank[0].mem_reg_i_2_n_8
    RAMB36_X2Y28         RAMB36E2                                     r  u_feeder/g_read_copy[8].g_ring_bank[1].mem_reg/ADDRARDADDR[14]
  -------------------------------------------------------------------    -------------------

                         (clock clk rise edge)        5.000     5.000 r  
                                                      0.000     5.000 r  clk (IN)
                         net (fo=2433, unset)         0.047     5.047    u_feeder/clk
    RAMB36_X2Y28         RAMB36E2                                     r  u_feeder/g_read_copy[8].g_ring_bank[1].mem_reg/CLKARDCLK
                         clock pessimism              0.000     5.047    
                         clock uncertainty           -0.035     5.012    
    RAMB36_X2Y28         RAMB36E2 (Setup_RAMB36E2_RAMB36_CLKARDCLK_ADDRARDADDR[14])
                                                     -0.428     4.584    u_feeder/g_read_copy[8].g_ring_bank[1].mem_reg
  -------------------------------------------------------------------
                         required time                          4.584    
                         arrival time                          -4.348    
  -------------------------------------------------------------------
                         slack                                  0.236    

Slack (MET) :             0.245ns  (required time - arrival time)
  Source:                 u_feeder/emit_ky_q_reg[0]/C
                            (rising edge-triggered cell FDRE clocked by clk  {rise@0.000ns fall@2.500ns period=5.000ns})
  Destination:            u_feeder/g_read_copy[4].g_ring_bank[0].mem_reg/ADDRARDADDR[12]
                            (rising edge-triggered cell RAMB36E2 clocked by clk  {rise@0.000ns fall@2.500ns period=5.000ns})
  Path Group:             clk
  Path Type:              Setup (Max at Slow Process Corner)
  Requirement:            5.000ns  (clk rise@5.000ns - clk rise@0.000ns)
  Data Path Delay:        4.305ns  (logic 1.518ns (35.264%)  route 2.787ns (64.736%))
  Logic Levels:           11  (CARRY8=2 LUT4=1 LUT5=1 LUT6=7)
  Clock Path Skew:        0.004ns (DCD - SCD + CPR)
    Destination Clock Delay (DCD):    0.047ns = ( 5.047 - 5.000 ) 
    Source Clock Delay      (SCD):    0.043ns
    Clock Pessimism Removal (CPR):    0.000ns
  Clock Uncertainty:      0.035ns  ((TSJ^2 + TIJ^2)^1/2 + DJ) / 2 + PE
    Total System Jitter     (TSJ):    0.071ns
    Total Input Jitter      (TIJ):    0.000ns
    Discrete Jitter          (DJ):    0.000ns
    Phase Error              (PE):    0.000ns

    Location             Delay type                Incr(ns)  Path(ns)    Netlist Resource(s)
  -------------------------------------------------------------------    -------------------
                         (clock clk rise edge)        0.000     0.000 r  
                                                      0.000     0.000 r  clk (IN)
                         net (fo=2433, unset)         0.043     0.043    u_feeder/clk
    SLICE_X41Y83         FDRE                                         r  u_feeder/emit_ky_q_reg[0]/C
  -------------------------------------------------------------------    -------------------
    SLICE_X41Y83         FDRE (Prop_BFF_SLICEM_C_Q)
                                                      0.112     0.155 r  u_feeder/emit_ky_q_reg[0]/Q
                         net (fo=21, routed)          0.226     0.381    u_feeder/emit_ky_q_reg_n_0_[0]
    SLICE_X42Y83         LUT6 (Prop_H6LUT_SLICEL_I0_O)
                                                      0.227     0.608 r  u_feeder/m_reduce_last_INST_0_i_8/O
                         net (fo=1, routed)           0.049     0.657    u_feeder/m_reduce_last_INST_0_i_8_n_0
    SLICE_X42Y83         LUT6 (Prop_E6LUT_SLICEL_I5_O)
                                                      0.138     0.795 r  u_feeder/m_reduce_last_INST_0_i_5/O
                         net (fo=5, routed)           0.171     0.966    u_feeder/m_reduce_last_INST_0_i_5_n_0
    SLICE_X41Y84         LUT6 (Prop_F6LUT_SLICEM_I2_O)
                                                      0.186     1.152 r  u_feeder/g_read_copy[0].g_ring_bank[0].mem_reg_i_70/O
                         net (fo=70, routed)          0.075     1.227    u_feeder/prefetch_inflight_q_i_1_n_0
    SLICE_X41Y84         LUT6 (Prop_H6LUT_SLICEM_I2_O)
                                                      0.084     1.311 f  u_feeder/g_read_copy[0].g_ring_bank[0].mem_reg_i_138/O
                         net (fo=1, routed)           0.154     1.465    u_feeder/g_read_copy[0].g_ring_bank[0].mem_reg_i_138_n_0
    SLICE_X42Y83         LUT6 (Prop_G6LUT_SLICEL_I3_O)
                                                      0.082     1.547 r  u_feeder/g_read_copy[0].g_ring_bank[0].mem_reg_i_134/O
                         net (fo=1, routed)           0.065     1.612    u_feeder/g_read_copy[0].g_ring_bank[0].mem_reg_i_134_n_0
    SLICE_X42Y83         LUT4 (Prop_C6LUT_SLICEL_I0_O)
                                                      0.187     1.799 r  u_feeder/g_read_copy[0].g_ring_bank[0].mem_reg_i_126/O
                         net (fo=1, routed)           0.015     1.814    u_feeder/g_read_copy[0].g_ring_bank[0].mem_reg_i_126_n_0
    SLICE_X42Y83         CARRY8 (Prop_CARRY8_SLICEL_S[2]_CO[2])
                                                      0.083     1.897 r  u_feeder/g_read_copy[0].g_ring_bank[0].mem_reg_i_100/CO[2]
                         net (fo=23, routed)          0.186     2.083    u_feeder/g_read_copy[0].g_ring_bank[0].mem_reg_i_100_n_5
    SLICE_X43Y83         LUT6 (Prop_G6LUT_SLICEM_I1_O)
                                                      0.082     2.165 r  u_feeder/g_read_copy[0].g_ring_bank[0].mem_reg_i_76/O
                         net (fo=126, routed)         0.091     2.256    u_feeder/B[0]
    SLICE_X43Y83         LUT5 (Prop_E6LUT_SLICEM_I4_O)
                                                      0.152     2.408 r  u_feeder/g_read_copy[0].g_ring_bank[0].mem_reg_i_73/O
                         net (fo=32, routed)          0.757     3.165    u_feeder/g_read_copy[0].g_ring_bank[0].mem_reg_i_73_n_0
    SLICE_X44Y61         LUT6 (Prop_E6LUT_SLICEL_I0_O)
                                                      0.057     3.222 r  u_feeder/g_read_copy[4].g_ring_bank[0].mem_reg_i_9/O
                         net (fo=1, routed)           0.011     3.233    u_feeder/g_read_copy[4].g_ring_bank[0].mem_reg_i_9_n_0
    SLICE_X44Y61         CARRY8 (Prop_CARRY8_SLICEL_S[4]_O[5])
                                                      0.128     3.361 r  u_feeder/g_read_copy[4].g_ring_bank[0].mem_reg_i_2/O[5]
                         net (fo=5, routed)           0.987     4.348    u_feeder/g_read_copy[4].g_ring_bank[0].mem_reg_i_2_n_10
    RAMB36_X2Y5          RAMB36E2                                     r  u_feeder/g_read_copy[4].g_ring_bank[0].mem_reg/ADDRARDADDR[12]
  -------------------------------------------------------------------    -------------------

                         (clock clk rise edge)        5.000     5.000 r  
                                                      0.000     5.000 r  clk (IN)
                         net (fo=2433, unset)         0.047     5.047    u_feeder/clk
    RAMB36_X2Y5          RAMB36E2                                     r  u_feeder/g_read_copy[4].g_ring_bank[0].mem_reg/CLKARDCLK
                         clock pessimism              0.000     5.047    
                         clock uncertainty           -0.035     5.012    
    RAMB36_X2Y5          RAMB36E2 (Setup_RAMB36E2_RAMB36_CLKARDCLK_ADDRARDADDR[12])
                                                     -0.419     4.593    u_feeder/g_read_copy[4].g_ring_bank[0].mem_reg
  -------------------------------------------------------------------
                         required time                          4.593    
                         arrival time                          -4.348    
  -------------------------------------------------------------------
                         slack                                  0.245    

Slack (MET) :             0.246ns  (required time - arrival time)
  Source:                 u_feeder/emit_ic_q_reg[0]/C
                            (rising edge-triggered cell FDRE clocked by clk  {rise@0.000ns fall@2.500ns period=5.000ns})
  Destination:            m_act_lo[1][3]
                            (output port clocked by clk  {rise@0.000ns fall@2.500ns period=5.000ns})
  Path Group:             clk
  Path Type:              Max at Slow Process Corner
  Requirement:            5.000ns  (clk rise@5.000ns - clk rise@0.000ns)
  Data Path Delay:        3.675ns  (logic 0.429ns (11.673%)  route 3.246ns (88.327%))
  Logic Levels:           2  (LUT6=1 MUXF7=1)
  Output Delay:           1.000ns
  Clock Path Skew:        -0.043ns (DCD - SCD + CPR)
    Destination Clock Delay (DCD):    0.000ns = ( 5.000 - 5.000 ) 
    Source Clock Delay      (SCD):    0.043ns
    Clock Pessimism Removal (CPR):    0.000ns
  Clock Uncertainty:      0.035ns  ((TSJ^2 + TIJ^2)^1/2 + DJ) / 2 + PE
    Total System Jitter     (TSJ):    0.071ns
    Total Input Jitter      (TIJ):    0.000ns
    Discrete Jitter          (DJ):    0.000ns
    Phase Error              (PE):    0.000ns

    Location             Delay type                Incr(ns)  Path(ns)    Netlist Resource(s)
  -------------------------------------------------------------------    -------------------
                         (clock clk rise edge)        0.000     0.000 r  
                                                      0.000     0.000 r  clk (IN)
                         net (fo=2433, unset)         0.043     0.043    u_feeder/clk
    SLICE_X41Y90         FDRE                                         r  u_feeder/emit_ic_q_reg[0]/C
  -------------------------------------------------------------------    -------------------
    SLICE_X41Y90         FDRE (Prop_EFF_SLICEM_C_Q)
                                                      0.113     0.156 r  u_feeder/emit_ic_q_reg[0]/Q
                         net (fo=258, routed)         3.181     3.337    u_feeder/m_input_channel[0]
    SLICE_X39Y58         LUT6 (Prop_D6LUT_SLICEL_I0_O)
                                                      0.221     3.558 r  u_feeder/m_act_lo[1][3]_INST_0_i_1/O
                         net (fo=1, routed)           0.013     3.571    u_feeder/m_act_lo[1][3]_INST_0_i_1_n_0
    SLICE_X39Y58         MUXF7 (Prop_F7MUX_CD_SLICEL_I0_O)
                                                      0.095     3.666 r  u_feeder/m_act_lo[1][3]_INST_0/O
                         net (fo=0)                   0.052     3.718    m_act_lo[1][3]
                                                                      r  m_act_lo[1][3] (OUT)
  -------------------------------------------------------------------    -------------------

                         (clock clk rise edge)        5.000     5.000 r  
                         clock pessimism              0.000     5.000    
                         clock uncertainty           -0.035     4.965    
                         output delay                -1.000     3.965    
  -------------------------------------------------------------------
                         required time                          3.965    
                         arrival time                          -3.718    
  -------------------------------------------------------------------
                         slack                                  0.246    

Slack (MET) :             0.247ns  (required time - arrival time)
  Source:                 u_feeder/emit_ky_q_reg[0]/C
                            (rising edge-triggered cell FDRE clocked by clk  {rise@0.000ns fall@2.500ns period=5.000ns})
  Destination:            u_feeder/g_read_copy[8].g_ring_bank[1].mem_reg/ADDRARDADDR[12]
                            (rising edge-triggered cell RAMB36E2 clocked by clk  {rise@0.000ns fall@2.500ns period=5.000ns})
  Path Group:             clk
  Path Type:              Setup (Max at Slow Process Corner)
  Requirement:            5.000ns  (clk rise@5.000ns - clk rise@0.000ns)
  Data Path Delay:        4.303ns  (logic 1.590ns (36.954%)  route 2.713ns (63.046%))
  Logic Levels:           10  (CARRY8=2 LUT2=1 LUT4=1 LUT6=6)
  Clock Path Skew:        0.004ns (DCD - SCD + CPR)
    Destination Clock Delay (DCD):    0.047ns = ( 5.047 - 5.000 ) 
    Source Clock Delay      (SCD):    0.043ns
    Clock Pessimism Removal (CPR):    0.000ns
  Clock Uncertainty:      0.035ns  ((TSJ^2 + TIJ^2)^1/2 + DJ) / 2 + PE
    Total System Jitter     (TSJ):    0.071ns
    Total Input Jitter      (TIJ):    0.000ns
    Discrete Jitter          (DJ):    0.000ns
    Phase Error              (PE):    0.000ns

    Location             Delay type                Incr(ns)  Path(ns)    Netlist Resource(s)
  -------------------------------------------------------------------    -------------------
                         (clock clk rise edge)        0.000     0.000 r  
                                                      0.000     0.000 r  clk (IN)
                         net (fo=2433, unset)         0.043     0.043    u_feeder/clk
    SLICE_X41Y83         FDRE                                         r  u_feeder/emit_ky_q_reg[0]/C
  -------------------------------------------------------------------    -------------------
    SLICE_X41Y83         FDRE (Prop_BFF_SLICEM_C_Q)
                                                      0.112     0.155 r  u_feeder/emit_ky_q_reg[0]/Q
                         net (fo=21, routed)          0.226     0.381    u_feeder/emit_ky_q_reg_n_0_[0]
    SLICE_X42Y83         LUT6 (Prop_H6LUT_SLICEL_I0_O)
                                                      0.227     0.608 r  u_feeder/m_reduce_last_INST_0_i_8/O
                         net (fo=1, routed)           0.049     0.657    u_feeder/m_reduce_last_INST_0_i_8_n_0
    SLICE_X42Y83         LUT6 (Prop_E6LUT_SLICEL_I5_O)
                                                      0.138     0.795 r  u_feeder/m_reduce_last_INST_0_i_5/O
                         net (fo=5, routed)           0.171     0.966    u_feeder/m_reduce_last_INST_0_i_5_n_0
    SLICE_X41Y84         LUT6 (Prop_F6LUT_SLICEM_I2_O)
                                                      0.186     1.152 r  u_feeder/g_read_copy[0].g_ring_bank[0].mem_reg_i_70/O
                         net (fo=70, routed)          0.075     1.227    u_feeder/prefetch_inflight_q_i_1_n_0
    SLICE_X41Y84         LUT6 (Prop_H6LUT_SLICEM_I2_O)
                                                      0.084     1.311 f  u_feeder/g_read_copy[0].g_ring_bank[0].mem_reg_i_138/O
                         net (fo=1, routed)           0.154     1.465    u_feeder/g_read_copy[0].g_ring_bank[0].mem_reg_i_138_n_0
    SLICE_X42Y83         LUT6 (Prop_G6LUT_SLICEL_I3_O)
                                                      0.082     1.547 r  u_feeder/g_read_copy[0].g_ring_bank[0].mem_reg_i_134/O
                         net (fo=1, routed)           0.065     1.612    u_feeder/g_read_copy[0].g_ring_bank[0].mem_reg_i_134_n_0
    SLICE_X42Y83         LUT4 (Prop_C6LUT_SLICEL_I0_O)
                                                      0.187     1.799 r  u_feeder/g_read_copy[0].g_ring_bank[0].mem_reg_i_126/O
                         net (fo=1, routed)           0.015     1.814    u_feeder/g_read_copy[0].g_ring_bank[0].mem_reg_i_126_n_0
    SLICE_X42Y83         CARRY8 (Prop_CARRY8_SLICEL_S[2]_CO[2])
                                                      0.083     1.897 r  u_feeder/g_read_copy[0].g_ring_bank[0].mem_reg_i_100/CO[2]
                         net (fo=23, routed)          0.186     2.083    u_feeder/g_read_copy[0].g_ring_bank[0].mem_reg_i_100_n_5
    SLICE_X43Y83         LUT6 (Prop_G6LUT_SLICEM_I1_O)
                                                      0.082     2.165 r  u_feeder/g_read_copy[0].g_ring_bank[0].mem_reg_i_76/O
                         net (fo=126, routed)         0.693     2.858    u_feeder/B[0]
    SLICE_X44Y107        LUT2 (Prop_B6LUT_SLICEL_I0_O)
                                                      0.083     2.941 r  u_feeder/g_read_copy[8].g_ring_bank[0].mem_reg_i_13/O
                         net (fo=1, routed)           0.013     2.954    u_feeder/g_read_copy[8].g_ring_bank[0].mem_reg_i_13_n_0
    SLICE_X44Y107        CARRY8 (Prop_CARRY8_SLICEL_S[1]_O[5])
                                                      0.326     3.280 r  u_feeder/g_read_copy[8].g_ring_bank[0].mem_reg_i_2/O[5]
                         net (fo=5, routed)           1.066     4.346    u_feeder/g_read_copy[8].g_ring_bank[0].mem_reg_i_2_n_10
    RAMB36_X2Y28         RAMB36E2                                     r  u_feeder/g_read_copy[8].g_ring_bank[1].mem_reg/ADDRARDADDR[12]
  -------------------------------------------------------------------    -------------------

                         (clock clk rise edge)        5.000     5.000 r  
                                                      0.000     5.000 r  clk (IN)
                         net (fo=2433, unset)         0.047     5.047    u_feeder/clk
    RAMB36_X2Y28         RAMB36E2                                     r  u_feeder/g_read_copy[8].g_ring_bank[1].mem_reg/CLKARDCLK
                         clock pessimism              0.000     5.047    
                         clock uncertainty           -0.035     5.012    
    RAMB36_X2Y28         RAMB36E2 (Setup_RAMB36E2_RAMB36_CLKARDCLK_ADDRARDADDR[12])
                                                     -0.419     4.593    u_feeder/g_read_copy[8].g_ring_bank[1].mem_reg
  -------------------------------------------------------------------
                         required time                          4.593    
                         arrival time                          -4.346    
  -------------------------------------------------------------------
                         slack                                  0.247    

Slack (MET) :             0.267ns  (required time - arrival time)
  Source:                 u_feeder/emit_ky_q_reg[0]/C
                            (rising edge-triggered cell FDRE clocked by clk  {rise@0.000ns fall@2.500ns period=5.000ns})
  Destination:            u_feeder/g_read_copy[4].g_ring_bank[4].mem_reg/ADDRARDADDR[11]
                            (rising edge-triggered cell RAMB36E2 clocked by clk  {rise@0.000ns fall@2.500ns period=5.000ns})
  Path Group:             clk
  Path Type:              Setup (Max at Slow Process Corner)
  Requirement:            5.000ns  (clk rise@5.000ns - clk rise@0.000ns)
  Data Path Delay:        4.258ns  (logic 1.465ns (34.403%)  route 2.793ns (65.597%))
  Logic Levels:           11  (CARRY8=2 LUT4=1 LUT5=1 LUT6=7)
  Clock Path Skew:        0.004ns (DCD - SCD + CPR)
    Destination Clock Delay (DCD):    0.047ns = ( 5.047 - 5.000 ) 
    Source Clock Delay      (SCD):    0.043ns
    Clock Pessimism Removal (CPR):    0.000ns
  Clock Uncertainty:      0.035ns  ((TSJ^2 + TIJ^2)^1/2 + DJ) / 2 + PE
    Total System Jitter     (TSJ):    0.071ns
    Total Input Jitter      (TIJ):    0.000ns
    Discrete Jitter          (DJ):    0.000ns
    Phase Error              (PE):    0.000ns

    Location             Delay type                Incr(ns)  Path(ns)    Netlist Resource(s)
  -------------------------------------------------------------------    -------------------
                         (clock clk rise edge)        0.000     0.000 r  
                                                      0.000     0.000 r  clk (IN)
                         net (fo=2433, unset)         0.043     0.043    u_feeder/clk
    SLICE_X41Y83         FDRE                                         r  u_feeder/emit_ky_q_reg[0]/C
  -------------------------------------------------------------------    -------------------
    SLICE_X41Y83         FDRE (Prop_BFF_SLICEM_C_Q)
                                                      0.112     0.155 r  u_feeder/emit_ky_q_reg[0]/Q
                         net (fo=21, routed)          0.226     0.381    u_feeder/emit_ky_q_reg_n_0_[0]
    SLICE_X42Y83         LUT6 (Prop_H6LUT_SLICEL_I0_O)
                                                      0.227     0.608 r  u_feeder/m_reduce_last_INST_0_i_8/O
                         net (fo=1, routed)           0.049     0.657    u_feeder/m_reduce_last_INST_0_i_8_n_0
    SLICE_X42Y83         LUT6 (Prop_E6LUT_SLICEL_I5_O)
                                                      0.138     0.795 r  u_feeder/m_reduce_last_INST_0_i_5/O
                         net (fo=5, routed)           0.171     0.966    u_feeder/m_reduce_last_INST_0_i_5_n_0
    SLICE_X41Y84         LUT6 (Prop_F6LUT_SLICEM_I2_O)
                                                      0.186     1.152 r  u_feeder/g_read_copy[0].g_ring_bank[0].mem_reg_i_70/O
                         net (fo=70, routed)          0.075     1.227    u_feeder/prefetch_inflight_q_i_1_n_0
    SLICE_X41Y84         LUT6 (Prop_H6LUT_SLICEM_I2_O)
                                                      0.084     1.311 f  u_feeder/g_read_copy[0].g_ring_bank[0].mem_reg_i_138/O
                         net (fo=1, routed)           0.154     1.465    u_feeder/g_read_copy[0].g_ring_bank[0].mem_reg_i_138_n_0
    SLICE_X42Y83         LUT6 (Prop_G6LUT_SLICEL_I3_O)
                                                      0.082     1.547 r  u_feeder/g_read_copy[0].g_ring_bank[0].mem_reg_i_134/O
                         net (fo=1, routed)           0.065     1.612    u_feeder/g_read_copy[0].g_ring_bank[0].mem_reg_i_134_n_0
    SLICE_X42Y83         LUT4 (Prop_C6LUT_SLICEL_I0_O)
                                                      0.187     1.799 r  u_feeder/g_read_copy[0].g_ring_bank[0].mem_reg_i_126/O
                         net (fo=1, routed)           0.015     1.814    u_feeder/g_read_copy[0].g_ring_bank[0].mem_reg_i_126_n_0
    SLICE_X42Y83         CARRY8 (Prop_CARRY8_SLICEL_S[2]_CO[2])
                                                      0.083     1.897 r  u_feeder/g_read_copy[0].g_ring_bank[0].mem_reg_i_100/CO[2]
                         net (fo=23, routed)          0.186     2.083    u_feeder/g_read_copy[0].g_ring_bank[0].mem_reg_i_100_n_5
    SLICE_X43Y83         LUT6 (Prop_G6LUT_SLICEM_I1_O)
                                                      0.082     2.165 r  u_feeder/g_read_copy[0].g_ring_bank[0].mem_reg_i_76/O
                         net (fo=126, routed)         0.091     2.256    u_feeder/B[0]
    SLICE_X43Y83         LUT5 (Prop_E6LUT_SLICEM_I4_O)
                                                      0.152     2.408 r  u_feeder/g_read_copy[0].g_ring_bank[0].mem_reg_i_73/O
                         net (fo=32, routed)          0.757     3.165    u_feeder/g_read_copy[0].g_ring_bank[0].mem_reg_i_73_n_0
    SLICE_X44Y61         LUT6 (Prop_E6LUT_SLICEL_I0_O)
                                                      0.057     3.222 r  u_feeder/g_read_copy[4].g_ring_bank[0].mem_reg_i_9/O
                         net (fo=1, routed)           0.011     3.233    u_feeder/g_read_copy[4].g_ring_bank[0].mem_reg_i_9_n_0
    SLICE_X44Y61         CARRY8 (Prop_CARRY8_SLICEL_S[4]_O[4])
                                                      0.075     3.308 r  u_feeder/g_read_copy[4].g_ring_bank[0].mem_reg_i_2/O[4]
                         net (fo=5, routed)           0.994     4.301    u_feeder/g_read_copy[4].g_ring_bank[0].mem_reg_i_2_n_11
    RAMB36_X2Y3          RAMB36E2                                     r  u_feeder/g_read_copy[4].g_ring_bank[4].mem_reg/ADDRARDADDR[11]
  -------------------------------------------------------------------    -------------------

                         (clock clk rise edge)        5.000     5.000 r  
                                                      0.000     5.000 r  clk (IN)
                         net (fo=2433, unset)         0.047     5.047    u_feeder/clk
    RAMB36_X2Y3          RAMB36E2                                     r  u_feeder/g_read_copy[4].g_ring_bank[4].mem_reg/CLKARDCLK
                         clock pessimism              0.000     5.047    
                         clock uncertainty           -0.035     5.012    
    RAMB36_X2Y3          RAMB36E2 (Setup_RAMB36E2_RAMB36_CLKARDCLK_ADDRARDADDR[11])
                                                     -0.443     4.569    u_feeder/g_read_copy[4].g_ring_bank[4].mem_reg
  -------------------------------------------------------------------
                         required time                          4.569    
                         arrival time                          -4.301    
  -------------------------------------------------------------------
                         slack                                  0.267    

Slack (MET) :             0.269ns  (required time - arrival time)
  Source:                 u_feeder/emit_ky_q_reg[0]/C
                            (rising edge-triggered cell FDRE clocked by clk  {rise@0.000ns fall@2.500ns period=5.000ns})
  Destination:            u_feeder/g_read_copy[0].g_ring_bank[2].mem_reg/ADDRARDADDR[13]
                            (rising edge-triggered cell RAMB36E2 clocked by clk  {rise@0.000ns fall@2.500ns period=5.000ns})
  Path Group:             clk
  Path Type:              Setup (Max at Slow Process Corner)
  Requirement:            5.000ns  (clk rise@5.000ns - clk rise@0.000ns)
  Data Path Delay:        4.288ns  (logic 1.551ns (36.174%)  route 2.737ns (63.826%))
  Logic Levels:           11  (CARRY8=2 LUT4=1 LUT5=1 LUT6=7)
  Clock Path Skew:        0.004ns (DCD - SCD + CPR)
    Destination Clock Delay (DCD):    0.047ns = ( 5.047 - 5.000 ) 
    Source Clock Delay      (SCD):    0.043ns
    Clock Pessimism Removal (CPR):    0.000ns
  Clock Uncertainty:      0.035ns  ((TSJ^2 + TIJ^2)^1/2 + DJ) / 2 + PE
    Total System Jitter     (TSJ):    0.071ns
    Total Input Jitter      (TIJ):    0.000ns
    Discrete Jitter          (DJ):    0.000ns
    Phase Error              (PE):    0.000ns

    Location             Delay type                Incr(ns)  Path(ns)    Netlist Resource(s)
  -------------------------------------------------------------------    -------------------
                         (clock clk rise edge)        0.000     0.000 r  
                                                      0.000     0.000 r  clk (IN)
                         net (fo=2433, unset)         0.043     0.043    u_feeder/clk
    SLICE_X41Y83         FDRE                                         r  u_feeder/emit_ky_q_reg[0]/C
  -------------------------------------------------------------------    -------------------
    SLICE_X41Y83         FDRE (Prop_BFF_SLICEM_C_Q)
                                                      0.112     0.155 r  u_feeder/emit_ky_q_reg[0]/Q
                         net (fo=21, routed)          0.226     0.381    u_feeder/emit_ky_q_reg_n_0_[0]
    SLICE_X42Y83         LUT6 (Prop_H6LUT_SLICEL_I0_O)
                                                      0.227     0.608 r  u_feeder/m_reduce_last_INST_0_i_8/O
                         net (fo=1, routed)           0.049     0.657    u_feeder/m_reduce_last_INST_0_i_8_n_0
    SLICE_X42Y83         LUT6 (Prop_E6LUT_SLICEL_I5_O)
                                                      0.138     0.795 r  u_feeder/m_reduce_last_INST_0_i_5/O
                         net (fo=5, routed)           0.171     0.966    u_feeder/m_reduce_last_INST_0_i_5_n_0
    SLICE_X41Y84         LUT6 (Prop_F6LUT_SLICEM_I2_O)
                                                      0.186     1.152 r  u_feeder/g_read_copy[0].g_ring_bank[0].mem_reg_i_70/O
                         net (fo=70, routed)          0.075     1.227    u_feeder/prefetch_inflight_q_i_1_n_0
    SLICE_X41Y84         LUT6 (Prop_H6LUT_SLICEM_I2_O)
                                                      0.084     1.311 f  u_feeder/g_read_copy[0].g_ring_bank[0].mem_reg_i_138/O
                         net (fo=1, routed)           0.154     1.465    u_feeder/g_read_copy[0].g_ring_bank[0].mem_reg_i_138_n_0
    SLICE_X42Y83         LUT6 (Prop_G6LUT_SLICEL_I3_O)
                                                      0.082     1.547 r  u_feeder/g_read_copy[0].g_ring_bank[0].mem_reg_i_134/O
                         net (fo=1, routed)           0.065     1.612    u_feeder/g_read_copy[0].g_ring_bank[0].mem_reg_i_134_n_0
    SLICE_X42Y83         LUT4 (Prop_C6LUT_SLICEL_I0_O)
                                                      0.187     1.799 r  u_feeder/g_read_copy[0].g_ring_bank[0].mem_reg_i_126/O
                         net (fo=1, routed)           0.015     1.814    u_feeder/g_read_copy[0].g_ring_bank[0].mem_reg_i_126_n_0
    SLICE_X42Y83         CARRY8 (Prop_CARRY8_SLICEL_S[2]_CO[2])
                                                      0.083     1.897 r  u_feeder/g_read_copy[0].g_ring_bank[0].mem_reg_i_100/CO[2]
                         net (fo=23, routed)          0.167     2.064    u_feeder/g_read_copy[0].g_ring_bank[0].mem_reg_i_100_n_5
    SLICE_X41Y83         LUT5 (Prop_F6LUT_SLICEM_I4_O)
                                                      0.080     2.144 r  u_feeder/g_read_copy[0].g_ring_bank[0].mem_reg_i_96/O
                         net (fo=108, routed)         0.235     2.379    u_feeder/g_read_copy[0].g_ring_bank[0].mem_reg_i_96_n_0
    SLICE_X43Y83         LUT6 (Prop_D6LUT_SLICEM_I0_O)
                                                      0.056     2.435 r  u_feeder/g_read_copy[0].g_ring_bank[0].mem_reg_i_72/O
                         net (fo=32, routed)          0.396     2.831    u_feeder/g_read_copy[0].g_ring_bank[0].mem_reg_i_72_n_0
    SLICE_X42Y73         LUT6 (Prop_F6LUT_SLICEL_I0_O)
                                                      0.136     2.967 r  u_feeder/g_read_copy[0].g_ring_bank[0].mem_reg_i_79/O
                         net (fo=1, routed)           0.015     2.982    u_feeder/g_read_copy[0].g_ring_bank[0].mem_reg_i_79_n_0
    SLICE_X42Y73         CARRY8 (Prop_CARRY8_SLICEL_S[5]_O[6])
                                                      0.180     3.162 r  u_feeder/g_read_copy[0].g_ring_bank[0].mem_reg_i_2/O[6]
                         net (fo=5, routed)           1.169     4.331    u_feeder/g_read_copy[0].g_ring_bank[0].mem_reg_i_2_n_9
    RAMB36_X2Y7          RAMB36E2                                     r  u_feeder/g_read_copy[0].g_ring_bank[2].mem_reg/ADDRARDADDR[13]
  -------------------------------------------------------------------    -------------------

                         (clock clk rise edge)        5.000     5.000 r  
                                                      0.000     5.000 r  clk (IN)
                         net (fo=2433, unset)         0.047     5.047    u_feeder/clk
    RAMB36_X2Y7          RAMB36E2                                     r  u_feeder/g_read_copy[0].g_ring_bank[2].mem_reg/CLKARDCLK
                         clock pessimism              0.000     5.047    
                         clock uncertainty           -0.035     5.012    
    RAMB36_X2Y7          RAMB36E2 (Setup_RAMB36E2_RAMB36_CLKARDCLK_ADDRARDADDR[13])
                                                     -0.412     4.600    u_feeder/g_read_copy[0].g_ring_bank[2].mem_reg
  -------------------------------------------------------------------
                         required time                          4.600    
                         arrival time                          -4.331    
  -------------------------------------------------------------------
                         slack                                  0.269    

Slack (MET) :             0.273ns  (required time - arrival time)
  Source:                 u_feeder/emit_ky_q_reg[0]/C
                            (rising edge-triggered cell FDRE clocked by clk  {rise@0.000ns fall@2.500ns period=5.000ns})
  Destination:            u_feeder/g_read_copy[5].g_ring_bank[1].mem_reg/ADDRARDADDR[13]
                            (rising edge-triggered cell RAMB36E2 clocked by clk  {rise@0.000ns fall@2.500ns period=5.000ns})
  Path Group:             clk
  Path Type:              Setup (Max at Slow Process Corner)
  Requirement:            5.000ns  (clk rise@5.000ns - clk rise@0.000ns)
  Data Path Delay:        4.284ns  (logic 1.471ns (34.338%)  route 2.813ns (65.662%))
  Logic Levels:           11  (CARRY8=2 LUT4=1 LUT5=1 LUT6=7)
  Clock Path Skew:        0.004ns (DCD - SCD + CPR)
    Destination Clock Delay (DCD):    0.047ns = ( 5.047 - 5.000 ) 
    Source Clock Delay      (SCD):    0.043ns
    Clock Pessimism Removal (CPR):    0.000ns
  Clock Uncertainty:      0.035ns  ((TSJ^2 + TIJ^2)^1/2 + DJ) / 2 + PE
    Total System Jitter     (TSJ):    0.071ns
    Total Input Jitter      (TIJ):    0.000ns
    Discrete Jitter          (DJ):    0.000ns
    Phase Error              (PE):    0.000ns

    Location             Delay type                Incr(ns)  Path(ns)    Netlist Resource(s)
  -------------------------------------------------------------------    -------------------
                         (clock clk rise edge)        0.000     0.000 r  
                                                      0.000     0.000 r  clk (IN)
                         net (fo=2433, unset)         0.043     0.043    u_feeder/clk
    SLICE_X41Y83         FDRE                                         r  u_feeder/emit_ky_q_reg[0]/C
  -------------------------------------------------------------------    -------------------
    SLICE_X41Y83         FDRE (Prop_BFF_SLICEM_C_Q)
                                                      0.112     0.155 r  u_feeder/emit_ky_q_reg[0]/Q
                         net (fo=21, routed)          0.226     0.381    u_feeder/emit_ky_q_reg_n_0_[0]
    SLICE_X42Y83         LUT6 (Prop_H6LUT_SLICEL_I0_O)
                                                      0.227     0.608 r  u_feeder/m_reduce_last_INST_0_i_8/O
                         net (fo=1, routed)           0.049     0.657    u_feeder/m_reduce_last_INST_0_i_8_n_0
    SLICE_X42Y83         LUT6 (Prop_E6LUT_SLICEL_I5_O)
                                                      0.138     0.795 r  u_feeder/m_reduce_last_INST_0_i_5/O
                         net (fo=5, routed)           0.171     0.966    u_feeder/m_reduce_last_INST_0_i_5_n_0
    SLICE_X41Y84         LUT6 (Prop_F6LUT_SLICEM_I2_O)
                                                      0.186     1.152 r  u_feeder/g_read_copy[0].g_ring_bank[0].mem_reg_i_70/O
                         net (fo=70, routed)          0.075     1.227    u_feeder/prefetch_inflight_q_i_1_n_0
    SLICE_X41Y84         LUT6 (Prop_H6LUT_SLICEM_I2_O)
                                                      0.084     1.311 f  u_feeder/g_read_copy[0].g_ring_bank[0].mem_reg_i_138/O
                         net (fo=1, routed)           0.154     1.465    u_feeder/g_read_copy[0].g_ring_bank[0].mem_reg_i_138_n_0
    SLICE_X42Y83         LUT6 (Prop_G6LUT_SLICEL_I3_O)
                                                      0.082     1.547 r  u_feeder/g_read_copy[0].g_ring_bank[0].mem_reg_i_134/O
                         net (fo=1, routed)           0.065     1.612    u_feeder/g_read_copy[0].g_ring_bank[0].mem_reg_i_134_n_0
    SLICE_X42Y83         LUT4 (Prop_C6LUT_SLICEL_I0_O)
                                                      0.187     1.799 r  u_feeder/g_read_copy[0].g_ring_bank[0].mem_reg_i_126/O
                         net (fo=1, routed)           0.015     1.814    u_feeder/g_read_copy[0].g_ring_bank[0].mem_reg_i_126_n_0
    SLICE_X42Y83         CARRY8 (Prop_CARRY8_SLICEL_S[2]_CO[2])
                                                      0.083     1.897 r  u_feeder/g_read_copy[0].g_ring_bank[0].mem_reg_i_100/CO[2]
                         net (fo=23, routed)          0.167     2.064    u_feeder/g_read_copy[0].g_ring_bank[0].mem_reg_i_100_n_5
    SLICE_X41Y83         LUT5 (Prop_F6LUT_SLICEM_I4_O)
                                                      0.080     2.144 r  u_feeder/g_read_copy[0].g_ring_bank[0].mem_reg_i_96/O
                         net (fo=108, routed)         0.235     2.379    u_feeder/g_read_copy[0].g_ring_bank[0].mem_reg_i_96_n_0
    SLICE_X43Y83         LUT6 (Prop_D6LUT_SLICEM_I0_O)
                                                      0.056     2.435 r  u_feeder/g_read_copy[0].g_ring_bank[0].mem_reg_i_72/O
                         net (fo=32, routed)          0.752     3.188    u_feeder/g_read_copy[0].g_ring_bank[0].mem_reg_i_72_n_0
    SLICE_X47Y98         LUT6 (Prop_F6LUT_SLICEL_I0_O)
                                                      0.056     3.244 r  u_feeder/g_read_copy[5].g_ring_bank[0].mem_reg_i_7/O
                         net (fo=1, routed)           0.015     3.259    u_feeder/g_read_copy[5].g_ring_bank[0].mem_reg_i_7_n_0
    SLICE_X47Y98         CARRY8 (Prop_CARRY8_SLICEL_S[5]_O[6])
                                                      0.180     3.439 r  u_feeder/g_read_copy[5].g_ring_bank[0].mem_reg_i_2/O[6]
                         net (fo=5, routed)           0.888     4.327    u_feeder/g_read_copy[5].g_ring_bank[0].mem_reg_i_2_n_9
    RAMB36_X1Y29         RAMB36E2                                     r  u_feeder/g_read_copy[5].g_ring_bank[1].mem_reg/ADDRARDADDR[13]
  -------------------------------------------------------------------    -------------------

                         (clock clk rise edge)        5.000     5.000 r  
                                                      0.000     5.000 r  clk (IN)
                         net (fo=2433, unset)         0.047     5.047    u_feeder/clk
    RAMB36_X1Y29         RAMB36E2                                     r  u_feeder/g_read_copy[5].g_ring_bank[1].mem_reg/CLKARDCLK
                         clock pessimism              0.000     5.047    
                         clock uncertainty           -0.035     5.012    
    RAMB36_X1Y29         RAMB36E2 (Setup_RAMB36E2_RAMB36_CLKARDCLK_ADDRARDADDR[13])
                                                     -0.412     4.600    u_feeder/g_read_copy[5].g_ring_bank[1].mem_reg
  -------------------------------------------------------------------
                         required time                          4.600    
                         arrival time                          -4.327    
  -------------------------------------------------------------------
                         slack                                  0.273    

Slack (MET) :             0.274ns  (required time - arrival time)
  Source:                 u_feeder/emit_ky_q_reg[0]/C
                            (rising edge-triggered cell FDRE clocked by clk  {rise@0.000ns fall@2.500ns period=5.000ns})
  Destination:            u_feeder/g_read_copy[14].g_ring_bank[4].mem_reg/ADDRARDADDR[14]
                            (rising edge-triggered cell RAMB36E2 clocked by clk  {rise@0.000ns fall@2.500ns period=5.000ns})
  Path Group:             clk
  Path Type:              Setup (Max at Slow Process Corner)
  Requirement:            5.000ns  (clk rise@5.000ns - clk rise@0.000ns)
  Data Path Delay:        4.266ns  (logic 1.585ns (37.152%)  route 2.681ns (62.848%))
  Logic Levels:           11  (CARRY8=2 LUT4=1 LUT5=1 LUT6=7)
  Clock Path Skew:        0.004ns (DCD - SCD + CPR)
    Destination Clock Delay (DCD):    0.047ns = ( 5.047 - 5.000 ) 
    Source Clock Delay      (SCD):    0.043ns
    Clock Pessimism Removal (CPR):    0.000ns
  Clock Uncertainty:      0.035ns  ((TSJ^2 + TIJ^2)^1/2 + DJ) / 2 + PE
    Total System Jitter     (TSJ):    0.071ns
    Total Input Jitter      (TIJ):    0.000ns
    Discrete Jitter          (DJ):    0.000ns
    Phase Error              (PE):    0.000ns

    Location             Delay type                Incr(ns)  Path(ns)    Netlist Resource(s)
  -------------------------------------------------------------------    -------------------
                         (clock clk rise edge)        0.000     0.000 r  
                                                      0.000     0.000 r  clk (IN)
                         net (fo=2433, unset)         0.043     0.043    u_feeder/clk
    SLICE_X41Y83         FDRE                                         r  u_feeder/emit_ky_q_reg[0]/C
  -------------------------------------------------------------------    -------------------
    SLICE_X41Y83         FDRE (Prop_BFF_SLICEM_C_Q)
                                                      0.112     0.155 r  u_feeder/emit_ky_q_reg[0]/Q
                         net (fo=21, routed)          0.226     0.381    u_feeder/emit_ky_q_reg_n_0_[0]
    SLICE_X42Y83         LUT6 (Prop_H6LUT_SLICEL_I0_O)
                                                      0.227     0.608 r  u_feeder/m_reduce_last_INST_0_i_8/O
                         net (fo=1, routed)           0.049     0.657    u_feeder/m_reduce_last_INST_0_i_8_n_0
    SLICE_X42Y83         LUT6 (Prop_E6LUT_SLICEL_I5_O)
                                                      0.138     0.795 r  u_feeder/m_reduce_last_INST_0_i_5/O
                         net (fo=5, routed)           0.171     0.966    u_feeder/m_reduce_last_INST_0_i_5_n_0
    SLICE_X41Y84         LUT6 (Prop_F6LUT_SLICEM_I2_O)
                                                      0.186     1.152 r  u_feeder/g_read_copy[0].g_ring_bank[0].mem_reg_i_70/O
                         net (fo=70, routed)          0.075     1.227    u_feeder/prefetch_inflight_q_i_1_n_0
    SLICE_X41Y84         LUT6 (Prop_H6LUT_SLICEM_I2_O)
                                                      0.084     1.311 f  u_feeder/g_read_copy[0].g_ring_bank[0].mem_reg_i_138/O
                         net (fo=1, routed)           0.154     1.465    u_feeder/g_read_copy[0].g_ring_bank[0].mem_reg_i_138_n_0
    SLICE_X42Y83         LUT6 (Prop_G6LUT_SLICEL_I3_O)
                                                      0.082     1.547 r  u_feeder/g_read_copy[0].g_ring_bank[0].mem_reg_i_134/O
                         net (fo=1, routed)           0.065     1.612    u_feeder/g_read_copy[0].g_ring_bank[0].mem_reg_i_134_n_0
    SLICE_X42Y83         LUT4 (Prop_C6LUT_SLICEL_I0_O)
                                                      0.187     1.799 r  u_feeder/g_read_copy[0].g_ring_bank[0].mem_reg_i_126/O
                         net (fo=1, routed)           0.015     1.814    u_feeder/g_read_copy[0].g_ring_bank[0].mem_reg_i_126_n_0
    SLICE_X42Y83         CARRY8 (Prop_CARRY8_SLICEL_S[2]_CO[2])
                                                      0.083     1.897 r  u_feeder/g_read_copy[0].g_ring_bank[0].mem_reg_i_100/CO[2]
                         net (fo=23, routed)          0.186     2.083    u_feeder/g_read_copy[0].g_ring_bank[0].mem_reg_i_100_n_5
    SLICE_X43Y83         LUT6 (Prop_G6LUT_SLICEM_I1_O)
                                                      0.082     2.165 r  u_feeder/g_read_copy[0].g_ring_bank[0].mem_reg_i_76/O
                         net (fo=126, routed)         0.091     2.256    u_feeder/B[0]
    SLICE_X43Y83         LUT5 (Prop_E6LUT_SLICEM_I4_O)
                                                      0.152     2.408 r  u_feeder/g_read_copy[0].g_ring_bank[0].mem_reg_i_73/O
                         net (fo=32, routed)          0.743     3.151    u_feeder/g_read_copy[0].g_ring_bank[0].mem_reg_i_73_n_0
    SLICE_X46Y110        LUT6 (Prop_E6LUT_SLICEL_I0_O)
                                                      0.057     3.208 r  u_feeder/g_read_copy[14].g_ring_bank[0].mem_reg_i_9/O
                         net (fo=1, routed)           0.011     3.219    u_feeder/g_read_copy[14].g_ring_bank[0].mem_reg_i_9_n_0
    SLICE_X46Y110        CARRY8 (Prop_CARRY8_SLICEL_S[4]_O[7])
                                                      0.195     3.414 r  u_feeder/g_read_copy[14].g_ring_bank[0].mem_reg_i_2/O[7]
                         net (fo=5, routed)           0.895     4.309    u_feeder/g_read_copy[14].g_ring_bank[0].mem_reg_i_2_n_8
    RAMB36_X1Y32         RAMB36E2                                     r  u_feeder/g_read_copy[14].g_ring_bank[4].mem_reg/ADDRARDADDR[14]
  -------------------------------------------------------------------    -------------------

                         (clock clk rise edge)        5.000     5.000 r  
                                                      0.000     5.000 r  clk (IN)
                         net (fo=2433, unset)         0.047     5.047    u_feeder/clk
    RAMB36_X1Y32         RAMB36E2                                     r  u_feeder/g_read_copy[14].g_ring_bank[4].mem_reg/CLKARDCLK
                         clock pessimism              0.000     5.047    
                         clock uncertainty           -0.035     5.012    
    RAMB36_X1Y32         RAMB36E2 (Setup_RAMB36E2_RAMB36_CLKARDCLK_ADDRARDADDR[14])
                                                     -0.428     4.584    u_feeder/g_read_copy[14].g_ring_bank[4].mem_reg
  -------------------------------------------------------------------
                         required time                          4.584    
                         arrival time                          -4.309    
  -------------------------------------------------------------------
                         slack                                  0.274    

Slack (MET) :             0.275ns  (required time - arrival time)
  Source:                 u_feeder/emit_ky_q_reg[0]/C
                            (rising edge-triggered cell FDRE clocked by clk  {rise@0.000ns fall@2.500ns period=5.000ns})
  Destination:            u_feeder/g_read_copy[8].g_ring_bank[4].mem_reg/ADDRARDADDR[13]
                            (rising edge-triggered cell RAMB36E2 clocked by clk  {rise@0.000ns fall@2.500ns period=5.000ns})
  Path Group:             clk
  Path Type:              Setup (Max at Slow Process Corner)
  Requirement:            5.000ns  (clk rise@5.000ns - clk rise@0.000ns)
  Data Path Delay:        4.282ns  (logic 1.594ns (37.226%)  route 2.688ns (62.774%))
  Logic Levels:           11  (CARRY8=2 LUT4=1 LUT5=2 LUT6=6)
  Clock Path Skew:        0.004ns (DCD - SCD + CPR)
    Destination Clock Delay (DCD):    0.047ns = ( 5.047 - 5.000 ) 
    Source Clock Delay      (SCD):    0.043ns
    Clock Pessimism Removal (CPR):    0.000ns
  Clock Uncertainty:      0.035ns  ((TSJ^2 + TIJ^2)^1/2 + DJ) / 2 + PE
    Total System Jitter     (TSJ):    0.071ns
    Total Input Jitter      (TIJ):    0.000ns
    Discrete Jitter          (DJ):    0.000ns
    Phase Error              (PE):    0.000ns

    Location             Delay type                Incr(ns)  Path(ns)    Netlist Resource(s)
  -------------------------------------------------------------------    -------------------
                         (clock clk rise edge)        0.000     0.000 r  
                                                      0.000     0.000 r  clk (IN)
                         net (fo=2433, unset)         0.043     0.043    u_feeder/clk
    SLICE_X41Y83         FDRE                                         r  u_feeder/emit_ky_q_reg[0]/C
  -------------------------------------------------------------------    -------------------
    SLICE_X41Y83         FDRE (Prop_BFF_SLICEM_C_Q)
                                                      0.112     0.155 r  u_feeder/emit_ky_q_reg[0]/Q
                         net (fo=21, routed)          0.226     0.381    u_feeder/emit_ky_q_reg_n_0_[0]
    SLICE_X42Y83         LUT6 (Prop_H6LUT_SLICEL_I0_O)
                                                      0.227     0.608 r  u_feeder/m_reduce_last_INST_0_i_8/O
                         net (fo=1, routed)           0.049     0.657    u_feeder/m_reduce_last_INST_0_i_8_n_0
    SLICE_X42Y83         LUT6 (Prop_E6LUT_SLICEL_I5_O)
                                                      0.138     0.795 r  u_feeder/m_reduce_last_INST_0_i_5/O
                         net (fo=5, routed)           0.171     0.966    u_feeder/m_reduce_last_INST_0_i_5_n_0
    SLICE_X41Y84         LUT6 (Prop_F6LUT_SLICEM_I2_O)
                                                      0.186     1.152 r  u_feeder/g_read_copy[0].g_ring_bank[0].mem_reg_i_70/O
                         net (fo=70, routed)          0.075     1.227    u_feeder/prefetch_inflight_q_i_1_n_0
    SLICE_X41Y84         LUT6 (Prop_H6LUT_SLICEM_I2_O)
                                                      0.084     1.311 f  u_feeder/g_read_copy[0].g_ring_bank[0].mem_reg_i_138/O
                         net (fo=1, routed)           0.154     1.465    u_feeder/g_read_copy[0].g_ring_bank[0].mem_reg_i_138_n_0
    SLICE_X42Y83         LUT6 (Prop_G6LUT_SLICEL_I3_O)
                                                      0.082     1.547 r  u_feeder/g_read_copy[0].g_ring_bank[0].mem_reg_i_134/O
                         net (fo=1, routed)           0.065     1.612    u_feeder/g_read_copy[0].g_ring_bank[0].mem_reg_i_134_n_0
    SLICE_X42Y83         LUT4 (Prop_C6LUT_SLICEL_I0_O)
                                                      0.187     1.799 r  u_feeder/g_read_copy[0].g_ring_bank[0].mem_reg_i_126/O
                         net (fo=1, routed)           0.015     1.814    u_feeder/g_read_copy[0].g_ring_bank[0].mem_reg_i_126_n_0
    SLICE_X42Y83         CARRY8 (Prop_CARRY8_SLICEL_S[2]_CO[2])
                                                      0.083     1.897 r  u_feeder/g_read_copy[0].g_ring_bank[0].mem_reg_i_100/CO[2]
                         net (fo=23, routed)          0.186     2.083    u_feeder/g_read_copy[0].g_ring_bank[0].mem_reg_i_100_n_5
    SLICE_X43Y83         LUT6 (Prop_G6LUT_SLICEM_I1_O)
                                                      0.082     2.165 r  u_feeder/g_read_copy[0].g_ring_bank[0].mem_reg_i_76/O
                         net (fo=126, routed)         0.091     2.256    u_feeder/B[0]
    SLICE_X43Y83         LUT5 (Prop_E6LUT_SLICEM_I4_O)
                                                      0.152     2.408 r  u_feeder/g_read_copy[0].g_ring_bank[0].mem_reg_i_73/O
                         net (fo=32, routed)          0.626     3.033    u_feeder/g_read_copy[0].g_ring_bank[0].mem_reg_i_73_n_0
    SLICE_X44Y107        LUT5 (Prop_E6LUT_SLICEL_I0_O)
                                                      0.083     3.116 r  u_feeder/g_read_copy[8].g_ring_bank[0].mem_reg_i_10/O
                         net (fo=1, routed)           0.011     3.127    u_feeder/g_read_copy[8].g_ring_bank[0].mem_reg_i_10_n_0
    SLICE_X44Y107        CARRY8 (Prop_CARRY8_SLICEL_S[4]_O[6])
                                                      0.178     3.305 r  u_feeder/g_read_copy[8].g_ring_bank[0].mem_reg_i_2/O[6]
                         net (fo=5, routed)           1.020     4.325    u_feeder/g_read_copy[8].g_ring_bank[0].mem_reg_i_2_n_9
    RAMB36_X2Y29         RAMB36E2                                     r  u_feeder/g_read_copy[8].g_ring_bank[4].mem_reg/ADDRARDADDR[13]
  -------------------------------------------------------------------    -------------------

                         (clock clk rise edge)        5.000     5.000 r  
                                                      0.000     5.000 r  clk (IN)
                         net (fo=2433, unset)         0.047     5.047    u_feeder/clk
    RAMB36_X2Y29         RAMB36E2                                     r  u_feeder/g_read_copy[8].g_ring_bank[4].mem_reg/CLKARDCLK
                         clock pessimism              0.000     5.047    
                         clock uncertainty           -0.035     5.012    
    RAMB36_X2Y29         RAMB36E2 (Setup_RAMB36E2_RAMB36_CLKARDCLK_ADDRARDADDR[13])
                                                     -0.412     4.600    u_feeder/g_read_copy[8].g_ring_bank[4].mem_reg
  -------------------------------------------------------------------
                         required time                          4.600    
                         arrival time                          -4.325    
  -------------------------------------------------------------------
                         slack                                  0.275    

Slack (MET) :             0.278ns  (required time - arrival time)
  Source:                 u_feeder/emit_ic_q_reg[0]/C
                            (rising edge-triggered cell FDRE clocked by clk  {rise@0.000ns fall@2.500ns period=5.000ns})
  Destination:            m_act_lo[2][0]
                            (output port clocked by clk  {rise@0.000ns fall@2.500ns period=5.000ns})
  Path Group:             clk
  Path Type:              Max at Slow Process Corner
  Requirement:            5.000ns  (clk rise@5.000ns - clk rise@0.000ns)
  Data Path Delay:        3.643ns  (logic 0.345ns (9.469%)  route 3.298ns (90.531%))
  Logic Levels:           2  (LUT6=1 MUXF7=1)
  Output Delay:           1.000ns
  Clock Path Skew:        -0.043ns (DCD - SCD + CPR)
    Destination Clock Delay (DCD):    0.000ns = ( 5.000 - 5.000 ) 
    Source Clock Delay      (SCD):    0.043ns
    Clock Pessimism Removal (CPR):    0.000ns
  Clock Uncertainty:      0.035ns  ((TSJ^2 + TIJ^2)^1/2 + DJ) / 2 + PE
    Total System Jitter     (TSJ):    0.071ns
    Total Input Jitter      (TIJ):    0.000ns
    Discrete Jitter          (DJ):    0.000ns
    Phase Error              (PE):    0.000ns

    Location             Delay type                Incr(ns)  Path(ns)    Netlist Resource(s)
  -------------------------------------------------------------------    -------------------
                         (clock clk rise edge)        0.000     0.000 r  
                                                      0.000     0.000 r  clk (IN)
                         net (fo=2433, unset)         0.043     0.043    u_feeder/clk
    SLICE_X41Y90         FDRE                                         r  u_feeder/emit_ic_q_reg[0]/C
  -------------------------------------------------------------------    -------------------
    SLICE_X41Y90         FDRE (Prop_EFF_SLICEM_C_Q)
                                                      0.113     0.156 r  u_feeder/emit_ic_q_reg[0]/Q
                         net (fo=258, routed)         3.231     3.387    u_feeder/m_input_channel[0]
    SLICE_X48Y42         LUT6 (Prop_C6LUT_SLICEL_I0_O)
                                                      0.136     3.523 r  u_feeder/m_act_lo[2][0]_INST_0_i_2/O
                         net (fo=1, routed)           0.015     3.538    u_feeder/m_act_lo[2][0]_INST_0_i_2_n_0
    SLICE_X48Y42         MUXF7 (Prop_F7MUX_CD_SLICEL_I1_O)
                                                      0.096     3.634 r  u_feeder/m_act_lo[2][0]_INST_0/O
                         net (fo=0)                   0.052     3.686    m_act_lo[2][0]
                                                                      r  m_act_lo[2][0] (OUT)
  -------------------------------------------------------------------    -------------------

                         (clock clk rise edge)        5.000     5.000 r  
                         clock pessimism              0.000     5.000    
                         clock uncertainty           -0.035     4.965    
                         output delay                -1.000     3.965    
  -------------------------------------------------------------------
                         required time                          3.965    
                         arrival time                          -3.686    
  -------------------------------------------------------------------
                         slack                                  0.278    

Slack (MET) :             0.284ns  (required time - arrival time)
  Source:                 u_feeder/emit_ky_q_reg[0]/C
                            (rising edge-triggered cell FDRE clocked by clk  {rise@0.000ns fall@2.500ns period=5.000ns})
  Destination:            u_feeder/g_read_copy[4].g_ring_bank[0].mem_reg/ADDRARDADDR[11]
                            (rising edge-triggered cell RAMB36E2 clocked by clk  {rise@0.000ns fall@2.500ns period=5.000ns})
  Path Group:             clk
  Path Type:              Setup (Max at Slow Process Corner)
  Requirement:            5.000ns  (clk rise@5.000ns - clk rise@0.000ns)
  Data Path Delay:        4.241ns  (logic 1.465ns (34.542%)  route 2.776ns (65.458%))
  Logic Levels:           11  (CARRY8=2 LUT4=1 LUT5=1 LUT6=7)
  Clock Path Skew:        0.004ns (DCD - SCD + CPR)
    Destination Clock Delay (DCD):    0.047ns = ( 5.047 - 5.000 ) 
    Source Clock Delay      (SCD):    0.043ns
    Clock Pessimism Removal (CPR):    0.000ns
  Clock Uncertainty:      0.035ns  ((TSJ^2 + TIJ^2)^1/2 + DJ) / 2 + PE
    Total System Jitter     (TSJ):    0.071ns
    Total Input Jitter      (TIJ):    0.000ns
    Discrete Jitter          (DJ):    0.000ns
    Phase Error              (PE):    0.000ns

    Location             Delay type                Incr(ns)  Path(ns)    Netlist Resource(s)
  -------------------------------------------------------------------    -------------------
                         (clock clk rise edge)        0.000     0.000 r  
                                                      0.000     0.000 r  clk (IN)
                         net (fo=2433, unset)         0.043     0.043    u_feeder/clk
    SLICE_X41Y83         FDRE                                         r  u_feeder/emit_ky_q_reg[0]/C
  -------------------------------------------------------------------    -------------------
    SLICE_X41Y83         FDRE (Prop_BFF_SLICEM_C_Q)
                                                      0.112     0.155 r  u_feeder/emit_ky_q_reg[0]/Q
                         net (fo=21, routed)          0.226     0.381    u_feeder/emit_ky_q_reg_n_0_[0]
    SLICE_X42Y83         LUT6 (Prop_H6LUT_SLICEL_I0_O)
                                                      0.227     0.608 r  u_feeder/m_reduce_last_INST_0_i_8/O
                         net (fo=1, routed)           0.049     0.657    u_feeder/m_reduce_last_INST_0_i_8_n_0
    SLICE_X42Y83         LUT6 (Prop_E6LUT_SLICEL_I5_O)
                                                      0.138     0.795 r  u_feeder/m_reduce_last_INST_0_i_5/O
                         net (fo=5, routed)           0.171     0.966    u_feeder/m_reduce_last_INST_0_i_5_n_0
    SLICE_X41Y84         LUT6 (Prop_F6LUT_SLICEM_I2_O)
                                                      0.186     1.152 r  u_feeder/g_read_copy[0].g_ring_bank[0].mem_reg_i_70/O
                         net (fo=70, routed)          0.075     1.227    u_feeder/prefetch_inflight_q_i_1_n_0
    SLICE_X41Y84         LUT6 (Prop_H6LUT_SLICEM_I2_O)
                                                      0.084     1.311 f  u_feeder/g_read_copy[0].g_ring_bank[0].mem_reg_i_138/O
                         net (fo=1, routed)           0.154     1.465    u_feeder/g_read_copy[0].g_ring_bank[0].mem_reg_i_138_n_0
    SLICE_X42Y83         LUT6 (Prop_G6LUT_SLICEL_I3_O)
                                                      0.082     1.547 r  u_feeder/g_read_copy[0].g_ring_bank[0].mem_reg_i_134/O
                         net (fo=1, routed)           0.065     1.612    u_feeder/g_read_copy[0].g_ring_bank[0].mem_reg_i_134_n_0
    SLICE_X42Y83         LUT4 (Prop_C6LUT_SLICEL_I0_O)
                                                      0.187     1.799 r  u_feeder/g_read_copy[0].g_ring_bank[0].mem_reg_i_126/O
                         net (fo=1, routed)           0.015     1.814    u_feeder/g_read_copy[0].g_ring_bank[0].mem_reg_i_126_n_0
    SLICE_X42Y83         CARRY8 (Prop_CARRY8_SLICEL_S[2]_CO[2])
                                                      0.083     1.897 r  u_feeder/g_read_copy[0].g_ring_bank[0].mem_reg_i_100/CO[2]
                         net (fo=23, routed)          0.186     2.083    u_feeder/g_read_copy[0].g_ring_bank[0].mem_reg_i_100_n_5
    SLICE_X43Y83         LUT6 (Prop_G6LUT_SLICEM_I1_O)
                                                      0.082     2.165 r  u_feeder/g_read_copy[0].g_ring_bank[0].mem_reg_i_76/O
                         net (fo=126, routed)         0.091     2.256    u_feeder/B[0]
    SLICE_X43Y83         LUT5 (Prop_E6LUT_SLICEM_I4_O)
                                                      0.152     2.408 r  u_feeder/g_read_copy[0].g_ring_bank[0].mem_reg_i_73/O
                         net (fo=32, routed)          0.757     3.165    u_feeder/g_read_copy[0].g_ring_bank[0].mem_reg_i_73_n_0
    SLICE_X44Y61         LUT6 (Prop_E6LUT_SLICEL_I0_O)
                                                      0.057     3.222 r  u_feeder/g_read_copy[4].g_ring_bank[0].mem_reg_i_9/O
                         net (fo=1, routed)           0.011     3.233    u_feeder/g_read_copy[4].g_ring_bank[0].mem_reg_i_9_n_0
    SLICE_X44Y61         CARRY8 (Prop_CARRY8_SLICEL_S[4]_O[4])
                                                      0.075     3.308 r  u_feeder/g_read_copy[4].g_ring_bank[0].mem_reg_i_2/O[4]
                         net (fo=5, routed)           0.976     4.284    u_feeder/g_read_copy[4].g_ring_bank[0].mem_reg_i_2_n_11
    RAMB36_X2Y5          RAMB36E2                                     r  u_feeder/g_read_copy[4].g_ring_bank[0].mem_reg/ADDRARDADDR[11]
  -------------------------------------------------------------------    -------------------

                         (clock clk rise edge)        5.000     5.000 r  
                                                      0.000     5.000 r  clk (IN)
                         net (fo=2433, unset)         0.047     5.047    u_feeder/clk
    RAMB36_X2Y5          RAMB36E2                                     r  u_feeder/g_read_copy[4].g_ring_bank[0].mem_reg/CLKARDCLK
                         clock pessimism              0.000     5.047    
                         clock uncertainty           -0.035     5.012    
    RAMB36_X2Y5          RAMB36E2 (Setup_RAMB36E2_RAMB36_CLKARDCLK_ADDRARDADDR[11])
                                                     -0.443     4.569    u_feeder/g_read_copy[4].g_ring_bank[0].mem_reg
  -------------------------------------------------------------------
                         required time                          4.569    
                         arrival time                          -4.284    
  -------------------------------------------------------------------
                         slack                                  0.284    





Min Delay Paths
--------------------------------------------------------------------------------------
Slack (MET) :             0.096ns  (arrival time - required time)
  Source:                 u_feeder/prefetch_pixel_q_reg[12][42]/C
                            (rising edge-triggered cell FDRE clocked by clk  {rise@0.000ns fall@2.500ns period=5.000ns})
  Destination:            u_feeder/pixel_q_reg[12][42]/D
                            (rising edge-triggered cell FDRE clocked by clk  {rise@0.000ns fall@2.500ns period=5.000ns})
  Path Group:             clk
  Path Type:              Hold (Min at Fast Process Corner)
  Requirement:            0.000ns  (clk rise@0.000ns - clk rise@0.000ns)
  Data Path Delay:        0.146ns  (logic 0.105ns (71.918%)  route 0.041ns (28.082%))
  Logic Levels:           1  (LUT6=1)
  Clock Path Skew:        0.006ns (DCD - SCD - CPR)
    Destination Clock Delay (DCD):    0.020ns
    Source Clock Delay      (SCD):    0.014ns
    Clock Pessimism Removal (CPR):    -0.000ns

    Location             Delay type                Incr(ns)  Path(ns)    Netlist Resource(s)
  -------------------------------------------------------------------    -------------------
                         (clock clk rise edge)        0.000     0.000 r  
                                                      0.000     0.000 r  clk (IN)
                         net (fo=2433, unset)         0.014     0.014    u_feeder/clk
    SLICE_X42Y53         FDRE                                         r  u_feeder/prefetch_pixel_q_reg[12][42]/C
  -------------------------------------------------------------------    -------------------
    SLICE_X42Y53         FDRE (Prop_AFF_SLICEL_C_Q)
                                                      0.084     0.098 r  u_feeder/prefetch_pixel_q_reg[12][42]/Q
                         net (fo=1, routed)           0.025     0.123    u_feeder/prefetch_pixel_q_reg[12]_18[42]
    SLICE_X42Y53         LUT6 (Prop_E6LUT_SLICEL_I4_O)
                                                      0.021     0.144 r  u_feeder/pixel_q[12][42]_i_1/O
                         net (fo=1, routed)           0.016     0.160    u_feeder/pixel_q[12][42]_i_1_n_0
    SLICE_X42Y53         FDRE                                         r  u_feeder/pixel_q_reg[12][42]/D
  -------------------------------------------------------------------    -------------------

                         (clock clk rise edge)        0.000     0.000 r  
                                                      0.000     0.000 r  clk (IN)
                         net (fo=2433, unset)         0.020     0.020    u_feeder/clk
    SLICE_X42Y53         FDRE                                         r  u_feeder/pixel_q_reg[12][42]/C
                         clock pessimism              0.000     0.020    
    SLICE_X42Y53         FDRE (Hold_EFF_SLICEL_C_D)
                                                      0.044     0.064    u_feeder/pixel_q_reg[12][42]
  -------------------------------------------------------------------
                         required time                         -0.064    
                         arrival time                           0.160    
  -------------------------------------------------------------------
                         slack                                  0.096    

Slack (MET) :             0.096ns  (arrival time - required time)
  Source:                 u_feeder/prefetch_pixel_q_reg[15][39]/C
                            (rising edge-triggered cell FDRE clocked by clk  {rise@0.000ns fall@2.500ns period=5.000ns})
  Destination:            u_feeder/pixel_q_reg[15][39]/D
                            (rising edge-triggered cell FDRE clocked by clk  {rise@0.000ns fall@2.500ns period=5.000ns})
  Path Group:             clk
  Path Type:              Hold (Min at Fast Process Corner)
  Requirement:            0.000ns  (clk rise@0.000ns - clk rise@0.000ns)
  Data Path Delay:        0.146ns  (logic 0.105ns (71.918%)  route 0.041ns (28.082%))
  Logic Levels:           1  (LUT6=1)
  Clock Path Skew:        0.006ns (DCD - SCD - CPR)
    Destination Clock Delay (DCD):    0.020ns
    Source Clock Delay      (SCD):    0.014ns
    Clock Pessimism Removal (CPR):    -0.000ns

    Location             Delay type                Incr(ns)  Path(ns)    Netlist Resource(s)
  -------------------------------------------------------------------    -------------------
                         (clock clk rise edge)        0.000     0.000 r  
                                                      0.000     0.000 r  clk (IN)
                         net (fo=2433, unset)         0.014     0.014    u_feeder/clk
    SLICE_X44Y80         FDRE                                         r  u_feeder/prefetch_pixel_q_reg[15][39]/C
  -------------------------------------------------------------------    -------------------
    SLICE_X44Y80         FDRE (Prop_AFF_SLICEL_C_Q)
                                                      0.084     0.098 r  u_feeder/prefetch_pixel_q_reg[15][39]/Q
                         net (fo=1, routed)           0.025     0.123    u_feeder/prefetch_pixel_q_reg[15]_45[39]
    SLICE_X44Y80         LUT6 (Prop_E6LUT_SLICEL_I4_O)
                                                      0.021     0.144 r  u_feeder/pixel_q[15][39]_i_1/O
                         net (fo=1, routed)           0.016     0.160    u_feeder/pixel_q[15][39]_i_1_n_0
    SLICE_X44Y80         FDRE                                         r  u_feeder/pixel_q_reg[15][39]/D
  -------------------------------------------------------------------    -------------------

                         (clock clk rise edge)        0.000     0.000 r  
                                                      0.000     0.000 r  clk (IN)
                         net (fo=2433, unset)         0.020     0.020    u_feeder/clk
    SLICE_X44Y80         FDRE                                         r  u_feeder/pixel_q_reg[15][39]/C
                         clock pessimism              0.000     0.020    
    SLICE_X44Y80         FDRE (Hold_EFF_SLICEL_C_D)
                                                      0.044     0.064    u_feeder/pixel_q_reg[15][39]
  -------------------------------------------------------------------
                         required time                         -0.064    
                         arrival time                           0.160    
  -------------------------------------------------------------------
                         slack                                  0.096    

Slack (MET) :             0.096ns  (arrival time - required time)
  Source:                 u_feeder/prefetch_pixel_q_reg[15][62]/C
                            (rising edge-triggered cell FDRE clocked by clk  {rise@0.000ns fall@2.500ns period=5.000ns})
  Destination:            u_feeder/pixel_q_reg[15][62]/D
                            (rising edge-triggered cell FDRE clocked by clk  {rise@0.000ns fall@2.500ns period=5.000ns})
  Path Group:             clk
  Path Type:              Hold (Min at Fast Process Corner)
  Requirement:            0.000ns  (clk rise@0.000ns - clk rise@0.000ns)
  Data Path Delay:        0.146ns  (logic 0.105ns (71.918%)  route 0.041ns (28.082%))
  Logic Levels:           1  (LUT6=1)
  Clock Path Skew:        0.006ns (DCD - SCD - CPR)
    Destination Clock Delay (DCD):    0.020ns
    Source Clock Delay      (SCD):    0.014ns
    Clock Pessimism Removal (CPR):    -0.000ns

    Location             Delay type                Incr(ns)  Path(ns)    Netlist Resource(s)
  -------------------------------------------------------------------    -------------------
                         (clock clk rise edge)        0.000     0.000 r  
                                                      0.000     0.000 r  clk (IN)
                         net (fo=2433, unset)         0.014     0.014    u_feeder/clk
    SLICE_X44Y75         FDRE                                         r  u_feeder/prefetch_pixel_q_reg[15][62]/C
  -------------------------------------------------------------------    -------------------
    SLICE_X44Y75         FDRE (Prop_AFF_SLICEL_C_Q)
                                                      0.084     0.098 r  u_feeder/prefetch_pixel_q_reg[15][62]/Q
                         net (fo=1, routed)           0.025     0.123    u_feeder/prefetch_pixel_q_reg[15]_45[62]
    SLICE_X44Y75         LUT6 (Prop_E6LUT_SLICEL_I4_O)
                                                      0.021     0.144 r  u_feeder/pixel_q[15][62]_i_1/O
                         net (fo=1, routed)           0.016     0.160    u_feeder/pixel_q[15][62]_i_1_n_0
    SLICE_X44Y75         FDRE                                         r  u_feeder/pixel_q_reg[15][62]/D
  -------------------------------------------------------------------    -------------------

                         (clock clk rise edge)        0.000     0.000 r  
                                                      0.000     0.000 r  clk (IN)
                         net (fo=2433, unset)         0.020     0.020    u_feeder/clk
    SLICE_X44Y75         FDRE                                         r  u_feeder/pixel_q_reg[15][62]/C
                         clock pessimism              0.000     0.020    
    SLICE_X44Y75         FDRE (Hold_EFF_SLICEL_C_D)
                                                      0.044     0.064    u_feeder/pixel_q_reg[15][62]
  -------------------------------------------------------------------
                         required time                         -0.064    
                         arrival time                           0.160    
  -------------------------------------------------------------------
                         slack                                  0.096    

Slack (MET) :             0.096ns  (arrival time - required time)
  Source:                 u_feeder/prefetch_pixel_q_reg[2][50]/C
                            (rising edge-triggered cell FDRE clocked by clk  {rise@0.000ns fall@2.500ns period=5.000ns})
  Destination:            u_feeder/pixel_q_reg[2][50]/D
                            (rising edge-triggered cell FDRE clocked by clk  {rise@0.000ns fall@2.500ns period=5.000ns})
  Path Group:             clk
  Path Type:              Hold (Min at Fast Process Corner)
  Requirement:            0.000ns  (clk rise@0.000ns - clk rise@0.000ns)
  Data Path Delay:        0.146ns  (logic 0.105ns (71.918%)  route 0.041ns (28.082%))
  Logic Levels:           1  (LUT6=1)
  Clock Path Skew:        0.006ns (DCD - SCD - CPR)
    Destination Clock Delay (DCD):    0.020ns
    Source Clock Delay      (SCD):    0.014ns
    Clock Pessimism Removal (CPR):    -0.000ns

    Location             Delay type                Incr(ns)  Path(ns)    Netlist Resource(s)
  -------------------------------------------------------------------    -------------------
                         (clock clk rise edge)        0.000     0.000 r  
                                                      0.000     0.000 r  clk (IN)
                         net (fo=2433, unset)         0.014     0.014    u_feeder/clk
    SLICE_X42Y47         FDRE                                         r  u_feeder/prefetch_pixel_q_reg[2][50]/C
  -------------------------------------------------------------------    -------------------
    SLICE_X42Y47         FDRE (Prop_AFF_SLICEL_C_Q)
                                                      0.084     0.098 r  u_feeder/prefetch_pixel_q_reg[2][50]/Q
                         net (fo=1, routed)           0.025     0.123    u_feeder/prefetch_pixel_q_reg[2]_3[50]
    SLICE_X42Y47         LUT6 (Prop_E6LUT_SLICEL_I4_O)
                                                      0.021     0.144 r  u_feeder/pixel_q[2][50]_i_1/O
                         net (fo=1, routed)           0.016     0.160    u_feeder/pixel_q[2][50]_i_1_n_0
    SLICE_X42Y47         FDRE                                         r  u_feeder/pixel_q_reg[2][50]/D
  -------------------------------------------------------------------    -------------------

                         (clock clk rise edge)        0.000     0.000 r  
                                                      0.000     0.000 r  clk (IN)
                         net (fo=2433, unset)         0.020     0.020    u_feeder/clk
    SLICE_X42Y47         FDRE                                         r  u_feeder/pixel_q_reg[2][50]/C
                         clock pessimism              0.000     0.020    
    SLICE_X42Y47         FDRE (Hold_EFF_SLICEL_C_D)
                                                      0.044     0.064    u_feeder/pixel_q_reg[2][50]
  -------------------------------------------------------------------
                         required time                         -0.064    
                         arrival time                           0.160    
  -------------------------------------------------------------------
                         slack                                  0.096    

Slack (MET) :             0.096ns  (arrival time - required time)
  Source:                 u_feeder/prefetch_pixel_q_reg[2][8]/C
                            (rising edge-triggered cell FDRE clocked by clk  {rise@0.000ns fall@2.500ns period=5.000ns})
  Destination:            u_feeder/pixel_q_reg[2][8]/D
                            (rising edge-triggered cell FDRE clocked by clk  {rise@0.000ns fall@2.500ns period=5.000ns})
  Path Group:             clk
  Path Type:              Hold (Min at Fast Process Corner)
  Requirement:            0.000ns  (clk rise@0.000ns - clk rise@0.000ns)
  Data Path Delay:        0.146ns  (logic 0.105ns (71.918%)  route 0.041ns (28.082%))
  Logic Levels:           1  (LUT6=1)
  Clock Path Skew:        0.006ns (DCD - SCD - CPR)
    Destination Clock Delay (DCD):    0.020ns
    Source Clock Delay      (SCD):    0.014ns
    Clock Pessimism Removal (CPR):    -0.000ns

    Location             Delay type                Incr(ns)  Path(ns)    Netlist Resource(s)
  -------------------------------------------------------------------    -------------------
                         (clock clk rise edge)        0.000     0.000 r  
                                                      0.000     0.000 r  clk (IN)
                         net (fo=2433, unset)         0.014     0.014    u_feeder/clk
    SLICE_X39Y50         FDRE                                         r  u_feeder/prefetch_pixel_q_reg[2][8]/C
  -------------------------------------------------------------------    -------------------
    SLICE_X39Y50         FDRE (Prop_AFF_SLICEL_C_Q)
                                                      0.084     0.098 r  u_feeder/prefetch_pixel_q_reg[2][8]/Q
                         net (fo=1, routed)           0.025     0.123    u_feeder/prefetch_pixel_q_reg[2]_3[8]
    SLICE_X39Y50         LUT6 (Prop_E6LUT_SLICEL_I4_O)
                                                      0.021     0.144 r  u_feeder/pixel_q[2][8]_i_1/O
                         net (fo=1, routed)           0.016     0.160    u_feeder/pixel_q[2][8]_i_1_n_0
    SLICE_X39Y50         FDRE                                         r  u_feeder/pixel_q_reg[2][8]/D
  -------------------------------------------------------------------    -------------------

                         (clock clk rise edge)        0.000     0.000 r  
                                                      0.000     0.000 r  clk (IN)
                         net (fo=2433, unset)         0.020     0.020    u_feeder/clk
    SLICE_X39Y50         FDRE                                         r  u_feeder/pixel_q_reg[2][8]/C
                         clock pessimism              0.000     0.020    
    SLICE_X39Y50         FDRE (Hold_EFF_SLICEL_C_D)
                                                      0.044     0.064    u_feeder/pixel_q_reg[2][8]
  -------------------------------------------------------------------
                         required time                         -0.064    
                         arrival time                           0.160    
  -------------------------------------------------------------------
                         slack                                  0.096    

Slack (MET) :             0.096ns  (arrival time - required time)
  Source:                 u_feeder/prefetch_pixel_q_reg[6][45]/C
                            (rising edge-triggered cell FDRE clocked by clk  {rise@0.000ns fall@2.500ns period=5.000ns})
  Destination:            u_feeder/pixel_q_reg[6][45]/D
                            (rising edge-triggered cell FDRE clocked by clk  {rise@0.000ns fall@2.500ns period=5.000ns})
  Path Group:             clk
  Path Type:              Hold (Min at Fast Process Corner)
  Requirement:            0.000ns  (clk rise@0.000ns - clk rise@0.000ns)
  Data Path Delay:        0.146ns  (logic 0.105ns (71.918%)  route 0.041ns (28.082%))
  Logic Levels:           1  (LUT6=1)
  Clock Path Skew:        0.006ns (DCD - SCD - CPR)
    Destination Clock Delay (DCD):    0.020ns
    Source Clock Delay      (SCD):    0.014ns
    Clock Pessimism Removal (CPR):    -0.000ns

    Location             Delay type                Incr(ns)  Path(ns)    Netlist Resource(s)
  -------------------------------------------------------------------    -------------------
                         (clock clk rise edge)        0.000     0.000 r  
                                                      0.000     0.000 r  clk (IN)
                         net (fo=2433, unset)         0.014     0.014    u_feeder/clk
    SLICE_X48Y57         FDRE                                         r  u_feeder/prefetch_pixel_q_reg[6][45]/C
  -------------------------------------------------------------------    -------------------
    SLICE_X48Y57         FDRE (Prop_AFF_SLICEL_C_Q)
                                                      0.084     0.098 r  u_feeder/prefetch_pixel_q_reg[6][45]/Q
                         net (fo=1, routed)           0.025     0.123    u_feeder/prefetch_pixel_q_reg[6]_9[45]
    SLICE_X48Y57         LUT6 (Prop_E6LUT_SLICEL_I4_O)
                                                      0.021     0.144 r  u_feeder/pixel_q[6][45]_i_1/O
                         net (fo=1, routed)           0.016     0.160    u_feeder/pixel_q[6][45]_i_1_n_0
    SLICE_X48Y57         FDRE                                         r  u_feeder/pixel_q_reg[6][45]/D
  -------------------------------------------------------------------    -------------------

                         (clock clk rise edge)        0.000     0.000 r  
                                                      0.000     0.000 r  clk (IN)
                         net (fo=2433, unset)         0.020     0.020    u_feeder/clk
    SLICE_X48Y57         FDRE                                         r  u_feeder/pixel_q_reg[6][45]/C
                         clock pessimism              0.000     0.020    
    SLICE_X48Y57         FDRE (Hold_EFF_SLICEL_C_D)
                                                      0.044     0.064    u_feeder/pixel_q_reg[6][45]
  -------------------------------------------------------------------
                         required time                         -0.064    
                         arrival time                           0.160    
  -------------------------------------------------------------------
                         slack                                  0.096    

Slack (MET) :             0.096ns  (arrival time - required time)
  Source:                 u_feeder/prefetch_pixel_q_reg[6][53]/C
                            (rising edge-triggered cell FDRE clocked by clk  {rise@0.000ns fall@2.500ns period=5.000ns})
  Destination:            u_feeder/pixel_q_reg[6][53]/D
                            (rising edge-triggered cell FDRE clocked by clk  {rise@0.000ns fall@2.500ns period=5.000ns})
  Path Group:             clk
  Path Type:              Hold (Min at Fast Process Corner)
  Requirement:            0.000ns  (clk rise@0.000ns - clk rise@0.000ns)
  Data Path Delay:        0.146ns  (logic 0.105ns (71.918%)  route 0.041ns (28.082%))
  Logic Levels:           1  (LUT6=1)
  Clock Path Skew:        0.006ns (DCD - SCD - CPR)
    Destination Clock Delay (DCD):    0.020ns
    Source Clock Delay      (SCD):    0.014ns
    Clock Pessimism Removal (CPR):    -0.000ns

    Location             Delay type                Incr(ns)  Path(ns)    Netlist Resource(s)
  -------------------------------------------------------------------    -------------------
                         (clock clk rise edge)        0.000     0.000 r  
                                                      0.000     0.000 r  clk (IN)
                         net (fo=2433, unset)         0.014     0.014    u_feeder/clk
    SLICE_X49Y53         FDRE                                         r  u_feeder/prefetch_pixel_q_reg[6][53]/C
  -------------------------------------------------------------------    -------------------
    SLICE_X49Y53         FDRE (Prop_AFF_SLICEL_C_Q)
                                                      0.084     0.098 r  u_feeder/prefetch_pixel_q_reg[6][53]/Q
                         net (fo=1, routed)           0.025     0.123    u_feeder/prefetch_pixel_q_reg[6]_9[53]
    SLICE_X49Y53         LUT6 (Prop_E6LUT_SLICEL_I4_O)
                                                      0.021     0.144 r  u_feeder/pixel_q[6][53]_i_1/O
                         net (fo=1, routed)           0.016     0.160    u_feeder/pixel_q[6][53]_i_1_n_0
    SLICE_X49Y53         FDRE                                         r  u_feeder/pixel_q_reg[6][53]/D
  -------------------------------------------------------------------    -------------------

                         (clock clk rise edge)        0.000     0.000 r  
                                                      0.000     0.000 r  clk (IN)
                         net (fo=2433, unset)         0.020     0.020    u_feeder/clk
    SLICE_X49Y53         FDRE                                         r  u_feeder/pixel_q_reg[6][53]/C
                         clock pessimism              0.000     0.020    
    SLICE_X49Y53         FDRE (Hold_EFF_SLICEL_C_D)
                                                      0.044     0.064    u_feeder/pixel_q_reg[6][53]
  -------------------------------------------------------------------
                         required time                         -0.064    
                         arrival time                           0.160    
  -------------------------------------------------------------------
                         slack                                  0.096    

Slack (MET) :             0.096ns  (arrival time - required time)
  Source:                 u_feeder/prefetch_pixel_q_reg[9][59]/C
                            (rising edge-triggered cell FDRE clocked by clk  {rise@0.000ns fall@2.500ns period=5.000ns})
  Destination:            u_feeder/pixel_q_reg[9][59]/D
                            (rising edge-triggered cell FDRE clocked by clk  {rise@0.000ns fall@2.500ns period=5.000ns})
  Path Group:             clk
  Path Type:              Hold (Min at Fast Process Corner)
  Requirement:            0.000ns  (clk rise@0.000ns - clk rise@0.000ns)
  Data Path Delay:        0.146ns  (logic 0.105ns (71.918%)  route 0.041ns (28.082%))
  Logic Levels:           1  (LUT6=1)
  Clock Path Skew:        0.006ns (DCD - SCD - CPR)
    Destination Clock Delay (DCD):    0.020ns
    Source Clock Delay      (SCD):    0.014ns
    Clock Pessimism Removal (CPR):    -0.000ns

    Location             Delay type                Incr(ns)  Path(ns)    Netlist Resource(s)
  -------------------------------------------------------------------    -------------------
                         (clock clk rise edge)        0.000     0.000 r  
                                                      0.000     0.000 r  clk (IN)
                         net (fo=2433, unset)         0.014     0.014    u_feeder/clk
    SLICE_X48Y75         FDRE                                         r  u_feeder/prefetch_pixel_q_reg[9][59]/C
  -------------------------------------------------------------------    -------------------
    SLICE_X48Y75         FDRE (Prop_AFF_SLICEL_C_Q)
                                                      0.084     0.098 r  u_feeder/prefetch_pixel_q_reg[9][59]/Q
                         net (fo=1, routed)           0.025     0.123    u_feeder/prefetch_pixel_q_reg[9]_36[59]
    SLICE_X48Y75         LUT6 (Prop_E6LUT_SLICEL_I4_O)
                                                      0.021     0.144 r  u_feeder/pixel_q[9][59]_i_1/O
                         net (fo=1, routed)           0.016     0.160    u_feeder/pixel_q[9][59]_i_1_n_0
    SLICE_X48Y75         FDRE                                         r  u_feeder/pixel_q_reg[9][59]/D
  -------------------------------------------------------------------    -------------------

                         (clock clk rise edge)        0.000     0.000 r  
                                                      0.000     0.000 r  clk (IN)
                         net (fo=2433, unset)         0.020     0.020    u_feeder/clk
    SLICE_X48Y75         FDRE                                         r  u_feeder/pixel_q_reg[9][59]/C
                         clock pessimism              0.000     0.020    
    SLICE_X48Y75         FDRE (Hold_EFF_SLICEL_C_D)
                                                      0.044     0.064    u_feeder/pixel_q_reg[9][59]
  -------------------------------------------------------------------
                         required time                         -0.064    
                         arrival time                           0.160    
  -------------------------------------------------------------------
                         slack                                  0.096    

Slack (MET) :             0.096ns  (arrival time - required time)
  Source:                 u_feeder/prefetch_pixel_q_reg[9][7]/C
                            (rising edge-triggered cell FDRE clocked by clk  {rise@0.000ns fall@2.500ns period=5.000ns})
  Destination:            u_feeder/pixel_q_reg[9][7]/D
                            (rising edge-triggered cell FDRE clocked by clk  {rise@0.000ns fall@2.500ns period=5.000ns})
  Path Group:             clk
  Path Type:              Hold (Min at Fast Process Corner)
  Requirement:            0.000ns  (clk rise@0.000ns - clk rise@0.000ns)
  Data Path Delay:        0.146ns  (logic 0.105ns (71.918%)  route 0.041ns (28.082%))
  Logic Levels:           1  (LUT6=1)
  Clock Path Skew:        0.006ns (DCD - SCD - CPR)
    Destination Clock Delay (DCD):    0.020ns
    Source Clock Delay      (SCD):    0.014ns
    Clock Pessimism Removal (CPR):    -0.000ns

    Location             Delay type                Incr(ns)  Path(ns)    Netlist Resource(s)
  -------------------------------------------------------------------    -------------------
                         (clock clk rise edge)        0.000     0.000 r  
                                                      0.000     0.000 r  clk (IN)
                         net (fo=2433, unset)         0.014     0.014    u_feeder/clk
    SLICE_X49Y68         FDRE                                         r  u_feeder/prefetch_pixel_q_reg[9][7]/C
  -------------------------------------------------------------------    -------------------
    SLICE_X49Y68         FDRE (Prop_AFF_SLICEL_C_Q)
                                                      0.084     0.098 r  u_feeder/prefetch_pixel_q_reg[9][7]/Q
                         net (fo=1, routed)           0.025     0.123    u_feeder/prefetch_pixel_q_reg[9]_36[7]
    SLICE_X49Y68         LUT6 (Prop_E6LUT_SLICEL_I4_O)
                                                      0.021     0.144 r  u_feeder/pixel_q[9][7]_i_1/O
                         net (fo=1, routed)           0.016     0.160    u_feeder/pixel_q[9][7]_i_1_n_0
    SLICE_X49Y68         FDRE                                         r  u_feeder/pixel_q_reg[9][7]/D
  -------------------------------------------------------------------    -------------------

                         (clock clk rise edge)        0.000     0.000 r  
                                                      0.000     0.000 r  clk (IN)
                         net (fo=2433, unset)         0.020     0.020    u_feeder/clk
    SLICE_X49Y68         FDRE                                         r  u_feeder/pixel_q_reg[9][7]/C
                         clock pessimism              0.000     0.020    
    SLICE_X49Y68         FDRE (Hold_EFF_SLICEL_C_D)
                                                      0.044     0.064    u_feeder/pixel_q_reg[9][7]
  -------------------------------------------------------------------
                         required time                         -0.064    
                         arrival time                           0.160    
  -------------------------------------------------------------------
                         slack                                  0.096    

Slack (MET) :             0.096ns  (arrival time - required time)
  Source:                 u_feeder/group_y_q_reg[6]/C
                            (rising edge-triggered cell FDRE clocked by clk  {rise@0.000ns fall@2.500ns period=5.000ns})
  Destination:            u_feeder/group_y_q_reg[7]/D
                            (rising edge-triggered cell FDRE clocked by clk  {rise@0.000ns fall@2.500ns period=5.000ns})
  Path Group:             clk
  Path Type:              Hold (Min at Fast Process Corner)
  Requirement:            0.000ns  (clk rise@0.000ns - clk rise@0.000ns)
  Data Path Delay:        0.148ns  (logic 0.107ns (72.165%)  route 0.041ns (27.835%))
  Logic Levels:           1  (LUT4=1)
  Clock Path Skew:        0.007ns (DCD - SCD - CPR)
    Destination Clock Delay (DCD):    0.021ns
    Source Clock Delay      (SCD):    0.014ns
    Clock Pessimism Removal (CPR):    -0.000ns

    Location             Delay type                Incr(ns)  Path(ns)    Netlist Resource(s)
  -------------------------------------------------------------------    -------------------
                         (clock clk rise edge)        0.000     0.000 r  
                                                      0.000     0.000 r  clk (IN)
                         net (fo=2433, unset)         0.014     0.014    u_feeder/clk
    SLICE_X41Y95         FDRE                                         r  u_feeder/group_y_q_reg[6]/C
  -------------------------------------------------------------------    -------------------
    SLICE_X41Y95         FDRE (Prop_BFF_SLICEM_C_Q)
                                                      0.082     0.096 r  u_feeder/group_y_q_reg[6]/Q
                         net (fo=5, routed)           0.032     0.128    u_feeder/m_output_y[6]
    SLICE_X41Y95         LUT4 (Prop_B5LUT_SLICEM_I2_O)
                                                      0.025     0.153 r  u_feeder/group_y_q[7]_i_2/O
                         net (fo=1, routed)           0.009     0.162    u_feeder/group_y_q[7]_i_2_n_0
    SLICE_X41Y95         FDRE                                         r  u_feeder/group_y_q_reg[7]/D
  -------------------------------------------------------------------    -------------------

                         (clock clk rise edge)        0.000     0.000 r  
                                                      0.000     0.000 r  clk (IN)
                         net (fo=2433, unset)         0.021     0.021    u_feeder/clk
    SLICE_X41Y95         FDRE                                         r  u_feeder/group_y_q_reg[7]/C
                         clock pessimism              0.000     0.021    
    SLICE_X41Y95         FDRE (Hold_BFF2_SLICEM_C_D)
                                                      0.045     0.066    u_feeder/group_y_q_reg[7]
  -------------------------------------------------------------------
                         required time                         -0.066    
                         arrival time                           0.162    
  -------------------------------------------------------------------
                         slack                                  0.096    

Slack (MET) :             0.100ns  (arrival time - required time)
  Source:                 u_feeder/prefetch_pixel_q_reg[10][56]/C
                            (rising edge-triggered cell FDRE clocked by clk  {rise@0.000ns fall@2.500ns period=5.000ns})
  Destination:            u_feeder/pixel_q_reg[10][56]/D
                            (rising edge-triggered cell FDRE clocked by clk  {rise@0.000ns fall@2.500ns period=5.000ns})
  Path Group:             clk
  Path Type:              Hold (Min at Fast Process Corner)
  Requirement:            0.000ns  (clk rise@0.000ns - clk rise@0.000ns)
  Data Path Delay:        0.151ns  (logic 0.103ns (68.212%)  route 0.048ns (31.788%))
  Logic Levels:           1  (LUT6=1)
  Clock Path Skew:        0.007ns (DCD - SCD - CPR)
    Destination Clock Delay (DCD):    0.021ns
    Source Clock Delay      (SCD):    0.014ns
    Clock Pessimism Removal (CPR):    -0.000ns

    Location             Delay type                Incr(ns)  Path(ns)    Netlist Resource(s)
  -------------------------------------------------------------------    -------------------
                         (clock clk rise edge)        0.000     0.000 r  
                                                      0.000     0.000 r  clk (IN)
                         net (fo=2433, unset)         0.014     0.014    u_feeder/clk
    SLICE_X45Y65         FDRE                                         r  u_feeder/prefetch_pixel_q_reg[10][56]/C
  -------------------------------------------------------------------    -------------------
    SLICE_X45Y65         FDRE (Prop_AFF_SLICEM_C_Q)
                                                      0.082     0.096 r  u_feeder/prefetch_pixel_q_reg[10][56]/Q
                         net (fo=1, routed)           0.027     0.123    u_feeder/prefetch_pixel_q_reg[10]_15[56]
    SLICE_X45Y65         LUT6 (Prop_E6LUT_SLICEM_I4_O)
                                                      0.021     0.144 r  u_feeder/pixel_q[10][56]_i_1/O
                         net (fo=1, routed)           0.021     0.165    u_feeder/pixel_q[10][56]_i_1_n_0
    SLICE_X45Y65         FDRE                                         r  u_feeder/pixel_q_reg[10][56]/D
  -------------------------------------------------------------------    -------------------

                         (clock clk rise edge)        0.000     0.000 r  
                                                      0.000     0.000 r  clk (IN)
                         net (fo=2433, unset)         0.021     0.021    u_feeder/clk
    SLICE_X45Y65         FDRE                                         r  u_feeder/pixel_q_reg[10][56]/C
                         clock pessimism              0.000     0.021    
    SLICE_X45Y65         FDRE (Hold_EFF_SLICEM_C_D)
                                                      0.044     0.065    u_feeder/pixel_q_reg[10][56]
  -------------------------------------------------------------------
                         required time                         -0.065    
                         arrival time                           0.165    
  -------------------------------------------------------------------
                         slack                                  0.100    

Slack (MET) :             0.100ns  (arrival time - required time)
  Source:                 u_feeder/prefetch_pixel_q_reg[12][4]/C
                            (rising edge-triggered cell FDRE clocked by clk  {rise@0.000ns fall@2.500ns period=5.000ns})
  Destination:            u_feeder/pixel_q_reg[12][4]/D
                            (rising edge-triggered cell FDRE clocked by clk  {rise@0.000ns fall@2.500ns period=5.000ns})
  Path Group:             clk
  Path Type:              Hold (Min at Fast Process Corner)
  Requirement:            0.000ns  (clk rise@0.000ns - clk rise@0.000ns)
  Data Path Delay:        0.151ns  (logic 0.103ns (68.212%)  route 0.048ns (31.788%))
  Logic Levels:           1  (LUT6=1)
  Clock Path Skew:        0.007ns (DCD - SCD - CPR)
    Destination Clock Delay (DCD):    0.021ns
    Source Clock Delay      (SCD):    0.014ns
    Clock Pessimism Removal (CPR):    -0.000ns

    Location             Delay type                Incr(ns)  Path(ns)    Netlist Resource(s)
  -------------------------------------------------------------------    -------------------
                         (clock clk rise edge)        0.000     0.000 r  
                                                      0.000     0.000 r  clk (IN)
                         net (fo=2433, unset)         0.014     0.014    u_feeder/clk
    SLICE_X41Y48         FDRE                                         r  u_feeder/prefetch_pixel_q_reg[12][4]/C
  -------------------------------------------------------------------    -------------------
    SLICE_X41Y48         FDRE (Prop_AFF_SLICEM_C_Q)
                                                      0.082     0.096 r  u_feeder/prefetch_pixel_q_reg[12][4]/Q
                         net (fo=1, routed)           0.027     0.123    u_feeder/prefetch_pixel_q_reg[12]_18[4]
    SLICE_X41Y48         LUT6 (Prop_E6LUT_SLICEM_I4_O)
                                                      0.021     0.144 r  u_feeder/pixel_q[12][4]_i_1/O
                         net (fo=1, routed)           0.021     0.165    u_feeder/pixel_q[12][4]_i_1_n_0
    SLICE_X41Y48         FDRE                                         r  u_feeder/pixel_q_reg[12][4]/D
  -------------------------------------------------------------------    -------------------

                         (clock clk rise edge)        0.000     0.000 r  
                                                      0.000     0.000 r  clk (IN)
                         net (fo=2433, unset)         0.021     0.021    u_feeder/clk
    SLICE_X41Y48         FDRE                                         r  u_feeder/pixel_q_reg[12][4]/C
                         clock pessimism              0.000     0.021    
    SLICE_X41Y48         FDRE (Hold_EFF_SLICEM_C_D)
                                                      0.044     0.065    u_feeder/pixel_q_reg[12][4]
  -------------------------------------------------------------------
                         required time                         -0.065    
                         arrival time                           0.165    
  -------------------------------------------------------------------
                         slack                                  0.100    

Slack (MET) :             0.100ns  (arrival time - required time)
  Source:                 u_feeder/prefetch_pixel_q_reg[14][8]/C
                            (rising edge-triggered cell FDRE clocked by clk  {rise@0.000ns fall@2.500ns period=5.000ns})
  Destination:            u_feeder/pixel_q_reg[14][8]/D
                            (rising edge-triggered cell FDRE clocked by clk  {rise@0.000ns fall@2.500ns period=5.000ns})
  Path Group:             clk
  Path Type:              Hold (Min at Fast Process Corner)
  Requirement:            0.000ns  (clk rise@0.000ns - clk rise@0.000ns)
  Data Path Delay:        0.151ns  (logic 0.103ns (68.212%)  route 0.048ns (31.788%))
  Logic Levels:           1  (LUT6=1)
  Clock Path Skew:        0.007ns (DCD - SCD - CPR)
    Destination Clock Delay (DCD):    0.021ns
    Source Clock Delay      (SCD):    0.014ns
    Clock Pessimism Removal (CPR):    -0.000ns

    Location             Delay type                Incr(ns)  Path(ns)    Netlist Resource(s)
  -------------------------------------------------------------------    -------------------
                         (clock clk rise edge)        0.000     0.000 r  
                                                      0.000     0.000 r  clk (IN)
                         net (fo=2433, unset)         0.014     0.014    u_feeder/clk
    SLICE_X45Y79         FDRE                                         r  u_feeder/prefetch_pixel_q_reg[14][8]/C
  -------------------------------------------------------------------    -------------------
    SLICE_X45Y79         FDRE (Prop_AFF_SLICEM_C_Q)
                                                      0.082     0.096 r  u_feeder/prefetch_pixel_q_reg[14][8]/Q
                         net (fo=1, routed)           0.027     0.123    u_feeder/prefetch_pixel_q_reg[14]_21[8]
    SLICE_X45Y79         LUT6 (Prop_E6LUT_SLICEM_I4_O)
                                                      0.021     0.144 r  u_feeder/pixel_q[14][8]_i_1/O
                         net (fo=1, routed)           0.021     0.165    u_feeder/pixel_q[14][8]_i_1_n_0
    SLICE_X45Y79         FDRE                                         r  u_feeder/pixel_q_reg[14][8]/D
  -------------------------------------------------------------------    -------------------

                         (clock clk rise edge)        0.000     0.000 r  
                                                      0.000     0.000 r  clk (IN)
                         net (fo=2433, unset)         0.021     0.021    u_feeder/clk
    SLICE_X45Y79         FDRE                                         r  u_feeder/pixel_q_reg[14][8]/C
                         clock pessimism              0.000     0.021    
    SLICE_X45Y79         FDRE (Hold_EFF_SLICEM_C_D)
                                                      0.044     0.065    u_feeder/pixel_q_reg[14][8]
  -------------------------------------------------------------------
                         required time                         -0.065    
                         arrival time                           0.165    
  -------------------------------------------------------------------
                         slack                                  0.100    

Slack (MET) :             0.100ns  (arrival time - required time)
  Source:                 u_feeder/prefetch_pixel_q_reg[2][32]/C
                            (rising edge-triggered cell FDRE clocked by clk  {rise@0.000ns fall@2.500ns period=5.000ns})
  Destination:            u_feeder/pixel_q_reg[2][32]/D
                            (rising edge-triggered cell FDRE clocked by clk  {rise@0.000ns fall@2.500ns period=5.000ns})
  Path Group:             clk
  Path Type:              Hold (Min at Fast Process Corner)
  Requirement:            0.000ns  (clk rise@0.000ns - clk rise@0.000ns)
  Data Path Delay:        0.151ns  (logic 0.103ns (68.212%)  route 0.048ns (31.788%))
  Logic Levels:           1  (LUT6=1)
  Clock Path Skew:        0.007ns (DCD - SCD - CPR)
    Destination Clock Delay (DCD):    0.021ns
    Source Clock Delay      (SCD):    0.014ns
    Clock Pessimism Removal (CPR):    -0.000ns

    Location             Delay type                Incr(ns)  Path(ns)    Netlist Resource(s)
  -------------------------------------------------------------------    -------------------
                         (clock clk rise edge)        0.000     0.000 r  
                                                      0.000     0.000 r  clk (IN)
                         net (fo=2433, unset)         0.014     0.014    u_feeder/clk
    SLICE_X40Y54         FDRE                                         r  u_feeder/prefetch_pixel_q_reg[2][32]/C
  -------------------------------------------------------------------    -------------------
    SLICE_X40Y54         FDRE (Prop_AFF_SLICEM_C_Q)
                                                      0.082     0.096 r  u_feeder/prefetch_pixel_q_reg[2][32]/Q
                         net (fo=1, routed)           0.027     0.123    u_feeder/prefetch_pixel_q_reg[2]_3[32]
    SLICE_X40Y54         LUT6 (Prop_E6LUT_SLICEM_I4_O)
                                                      0.021     0.144 r  u_feeder/pixel_q[2][32]_i_1/O
                         net (fo=1, routed)           0.021     0.165    u_feeder/pixel_q[2][32]_i_1_n_0
    SLICE_X40Y54         FDRE                                         r  u_feeder/pixel_q_reg[2][32]/D
  -------------------------------------------------------------------    -------------------

                         (clock clk rise edge)        0.000     0.000 r  
                                                      0.000     0.000 r  clk (IN)
                         net (fo=2433, unset)         0.021     0.021    u_feeder/clk
    SLICE_X40Y54         FDRE                                         r  u_feeder/pixel_q_reg[2][32]/C
                         clock pessimism              0.000     0.021    
    SLICE_X40Y54         FDRE (Hold_EFF_SLICEM_C_D)
                                                      0.044     0.065    u_feeder/pixel_q_reg[2][32]
  -------------------------------------------------------------------
                         required time                         -0.065    
                         arrival time                           0.165    
  -------------------------------------------------------------------
                         slack                                  0.100    

Slack (MET) :             0.100ns  (arrival time - required time)
  Source:                 u_feeder/prefetch_pixel_q_reg[8][51]/C
                            (rising edge-triggered cell FDRE clocked by clk  {rise@0.000ns fall@2.500ns period=5.000ns})
  Destination:            u_feeder/pixel_q_reg[8][51]/D
                            (rising edge-triggered cell FDRE clocked by clk  {rise@0.000ns fall@2.500ns period=5.000ns})
  Path Group:             clk
  Path Type:              Hold (Min at Fast Process Corner)
  Requirement:            0.000ns  (clk rise@0.000ns - clk rise@0.000ns)
  Data Path Delay:        0.151ns  (logic 0.103ns (68.212%)  route 0.048ns (31.788%))
  Logic Levels:           1  (LUT6=1)
  Clock Path Skew:        0.007ns (DCD - SCD - CPR)
    Destination Clock Delay (DCD):    0.021ns
    Source Clock Delay      (SCD):    0.014ns
    Clock Pessimism Removal (CPR):    -0.000ns

    Location             Delay type                Incr(ns)  Path(ns)    Netlist Resource(s)
  -------------------------------------------------------------------    -------------------
                         (clock clk rise edge)        0.000     0.000 r  
                                                      0.000     0.000 r  clk (IN)
                         net (fo=2433, unset)         0.014     0.014    u_feeder/clk
    SLICE_X40Y81         FDRE                                         r  u_feeder/prefetch_pixel_q_reg[8][51]/C
  -------------------------------------------------------------------    -------------------
    SLICE_X40Y81         FDRE (Prop_AFF_SLICEM_C_Q)
                                                      0.082     0.096 r  u_feeder/prefetch_pixel_q_reg[8][51]/Q
                         net (fo=1, routed)           0.027     0.123    u_feeder/prefetch_pixel_q_reg[8]_12[51]
    SLICE_X40Y81         LUT6 (Prop_E6LUT_SLICEM_I4_O)
                                                      0.021     0.144 r  u_feeder/pixel_q[8][51]_i_1/O
                         net (fo=1, routed)           0.021     0.165    u_feeder/pixel_q[8][51]_i_1_n_0
    SLICE_X40Y81         FDRE                                         r  u_feeder/pixel_q_reg[8][51]/D
  -------------------------------------------------------------------    -------------------

                         (clock clk rise edge)        0.000     0.000 r  
                                                      0.000     0.000 r  clk (IN)
                         net (fo=2433, unset)         0.021     0.021    u_feeder/clk
    SLICE_X40Y81         FDRE                                         r  u_feeder/pixel_q_reg[8][51]/C
                         clock pessimism              0.000     0.021    
    SLICE_X40Y81         FDRE (Hold_EFF_SLICEM_C_D)
                                                      0.044     0.065    u_feeder/pixel_q_reg[8][51]
  -------------------------------------------------------------------
                         required time                         -0.065    
                         arrival time                           0.165    
  -------------------------------------------------------------------
                         slack                                  0.100    

Slack (MET) :             0.101ns  (arrival time - required time)
  Source:                 u_feeder/emit_k_q_reg[9]/C
                            (rising edge-triggered cell FDRE clocked by clk  {rise@0.000ns fall@2.500ns period=5.000ns})
  Destination:            u_feeder/emit_k_q_reg[9]/D
                            (rising edge-triggered cell FDRE clocked by clk  {rise@0.000ns fall@2.500ns period=5.000ns})
  Path Group:             clk
  Path Type:              Hold (Min at Fast Process Corner)
  Requirement:            0.000ns  (clk rise@0.000ns - clk rise@0.000ns)
  Data Path Delay:        0.150ns  (logic 0.105ns (69.935%)  route 0.045ns (30.065%))
  Logic Levels:           1  (LUT6=1)
  Clock Path Skew:        0.005ns (DCD - SCD - CPR)
    Destination Clock Delay (DCD):    0.019ns
    Source Clock Delay      (SCD):    0.014ns
    Clock Pessimism Removal (CPR):    -0.000ns

    Location             Delay type                Incr(ns)  Path(ns)    Netlist Resource(s)
  -------------------------------------------------------------------    -------------------
                         (clock clk rise edge)        0.000     0.000 r  
                                                      0.000     0.000 r  clk (IN)
                         net (fo=2433, unset)         0.014     0.014    u_feeder/clk
    SLICE_X39Y91         FDRE                                         r  u_feeder/emit_k_q_reg[9]/C
  -------------------------------------------------------------------    -------------------
    SLICE_X39Y91         FDRE (Prop_CFF_SLICEL_C_Q)
                                                      0.084     0.098 r  u_feeder/emit_k_q_reg[9]/Q
                         net (fo=2, routed)           0.026     0.124    u_feeder/m_k[9]
    SLICE_X39Y91         LUT6 (Prop_C6LUT_SLICEL_I5_O)
                                                      0.021     0.145 r  u_feeder/emit_k_q[9]_i_3/O
                         net (fo=1, routed)           0.019     0.164    u_feeder/p_0_in__1[9]
    SLICE_X39Y91         FDRE                                         r  u_feeder/emit_k_q_reg[9]/D
  -------------------------------------------------------------------    -------------------

                         (clock clk rise edge)        0.000     0.000 r  
                                                      0.000     0.000 r  clk (IN)
                         net (fo=2433, unset)         0.019     0.019    u_feeder/clk
    SLICE_X39Y91         FDRE                                         r  u_feeder/emit_k_q_reg[9]/C
                         clock pessimism              0.000     0.019    
    SLICE_X39Y91         FDRE (Hold_CFF_SLICEL_C_D)
                                                      0.044     0.063    u_feeder/emit_k_q_reg[9]
  -------------------------------------------------------------------
                         required time                         -0.063    
                         arrival time                           0.164    
  -------------------------------------------------------------------
                         slack                                  0.101    

Slack (MET) :             0.105ns  (arrival time - required time)
  Source:                 u_feeder/scan_y_q_reg[6]/C
                            (rising edge-triggered cell FDRE clocked by clk  {rise@0.000ns fall@2.500ns period=5.000ns})
  Destination:            u_feeder/scan_y_q_reg[7]/D
                            (rising edge-triggered cell FDRE clocked by clk  {rise@0.000ns fall@2.500ns period=5.000ns})
  Path Group:             clk
  Path Type:              Hold (Min at Fast Process Corner)
  Requirement:            0.000ns  (clk rise@0.000ns - clk rise@0.000ns)
  Data Path Delay:        0.155ns  (logic 0.121ns (78.248%)  route 0.034ns (21.752%))
  Logic Levels:           1  (LUT4=1)
  Clock Path Skew:        0.005ns (DCD - SCD - CPR)
    Destination Clock Delay (DCD):    0.019ns
    Source Clock Delay      (SCD):    0.014ns
    Clock Pessimism Removal (CPR):    -0.000ns

    Location             Delay type                Incr(ns)  Path(ns)    Netlist Resource(s)
  -------------------------------------------------------------------    -------------------
                         (clock clk rise edge)        0.000     0.000 r  
                                                      0.000     0.000 r  clk (IN)
                         net (fo=2433, unset)         0.014     0.014    u_feeder/clk
    SLICE_X47Y93         FDRE                                         r  u_feeder/scan_y_q_reg[6]/C
  -------------------------------------------------------------------    -------------------
    SLICE_X47Y93         FDRE (Prop_DFF_SLICEL_C_Q)
                                                      0.084     0.098 r  u_feeder/scan_y_q_reg[6]/Q
                         net (fo=7, routed)           0.027     0.125    u_feeder/scan_y_q[6]
    SLICE_X47Y93         LUT4 (Prop_D5LUT_SLICEL_I2_O)
                                                      0.037     0.162 r  u_feeder/scan_y_q[7]_i_2/O
                         net (fo=1, routed)           0.007     0.169    u_feeder/scan_y_q[7]_i_2_n_0
    SLICE_X47Y93         FDRE                                         r  u_feeder/scan_y_q_reg[7]/D
  -------------------------------------------------------------------    -------------------

                         (clock clk rise edge)        0.000     0.000 r  
                                                      0.000     0.000 r  clk (IN)
                         net (fo=2433, unset)         0.019     0.019    u_feeder/clk
    SLICE_X47Y93         FDRE                                         r  u_feeder/scan_y_q_reg[7]/C
                         clock pessimism              0.000     0.019    
    SLICE_X47Y93         FDRE (Hold_DFF2_SLICEL_C_D)
                                                      0.045     0.064    u_feeder/scan_y_q_reg[7]
  -------------------------------------------------------------------
                         required time                         -0.064    
                         arrival time                           0.169    
  -------------------------------------------------------------------
                         slack                                  0.105    

Slack (MET) :             0.105ns  (arrival time - required time)
  Source:                 u_feeder/emit_k_q_reg[7]/C
                            (rising edge-triggered cell FDRE clocked by clk  {rise@0.000ns fall@2.500ns period=5.000ns})
  Destination:            u_feeder/emit_k_q_reg[8]/D
                            (rising edge-triggered cell FDRE clocked by clk  {rise@0.000ns fall@2.500ns period=5.000ns})
  Path Group:             clk
  Path Type:              Hold (Min at Fast Process Corner)
  Requirement:            0.000ns  (clk rise@0.000ns - clk rise@0.000ns)
  Data Path Delay:        0.155ns  (logic 0.121ns (78.074%)  route 0.034ns (21.926%))
  Logic Levels:           1  (LUT5=1)
  Clock Path Skew:        0.005ns (DCD - SCD - CPR)
    Destination Clock Delay (DCD):    0.019ns
    Source Clock Delay      (SCD):    0.014ns
    Clock Pessimism Removal (CPR):    -0.000ns

    Location             Delay type                Incr(ns)  Path(ns)    Netlist Resource(s)
  -------------------------------------------------------------------    -------------------
                         (clock clk rise edge)        0.000     0.000 r  
                                                      0.000     0.000 r  clk (IN)
                         net (fo=2433, unset)         0.014     0.014    u_feeder/clk
    SLICE_X39Y91         FDRE                                         r  u_feeder/emit_k_q_reg[7]/C
  -------------------------------------------------------------------    -------------------
    SLICE_X39Y91         FDRE (Prop_DFF_SLICEL_C_Q)
                                                      0.084     0.098 r  u_feeder/emit_k_q_reg[7]/Q
                         net (fo=4, routed)           0.027     0.125    u_feeder/m_k[7]
    SLICE_X39Y91         LUT5 (Prop_D5LUT_SLICEL_I2_O)
                                                      0.037     0.162 r  u_feeder/emit_k_q[8]_i_1/O
                         net (fo=1, routed)           0.007     0.169    u_feeder/emit_k_q[8]_i_1_n_0
    SLICE_X39Y91         FDRE                                         r  u_feeder/emit_k_q_reg[8]/D
  -------------------------------------------------------------------    -------------------

                         (clock clk rise edge)        0.000     0.000 r  
                                                      0.000     0.000 r  clk (IN)
                         net (fo=2433, unset)         0.019     0.019    u_feeder/clk
    SLICE_X39Y91         FDRE                                         r  u_feeder/emit_k_q_reg[8]/C
                         clock pessimism              0.000     0.019    
    SLICE_X39Y91         FDRE (Hold_DFF2_SLICEL_C_D)
                                                      0.045     0.064    u_feeder/emit_k_q_reg[8]
  -------------------------------------------------------------------
                         required time                         -0.064    
                         arrival time                           0.169    
  -------------------------------------------------------------------
                         slack                                  0.105    

Slack (MET) :             0.109ns  (arrival time - required time)
  Source:                 u_feeder/scan_x_q_reg[2]/C
                            (rising edge-triggered cell FDRE clocked by clk  {rise@0.000ns fall@2.500ns period=5.000ns})
  Destination:            u_feeder/scan_x_q_reg[3]/D
                            (rising edge-triggered cell FDRE clocked by clk  {rise@0.000ns fall@2.500ns period=5.000ns})
  Path Group:             clk
  Path Type:              Hold (Min at Fast Process Corner)
  Requirement:            0.000ns  (clk rise@0.000ns - clk rise@0.000ns)
  Data Path Delay:        0.161ns  (logic 0.107ns (66.389%)  route 0.054ns (33.611%))
  Logic Levels:           1  (LUT5=1)
  Clock Path Skew:        0.007ns (DCD - SCD - CPR)
    Destination Clock Delay (DCD):    0.021ns
    Source Clock Delay      (SCD):    0.014ns
    Clock Pessimism Removal (CPR):    -0.000ns

    Location             Delay type                Incr(ns)  Path(ns)    Netlist Resource(s)
  -------------------------------------------------------------------    -------------------
                         (clock clk rise edge)        0.000     0.000 r  
                                                      0.000     0.000 r  clk (IN)
                         net (fo=2433, unset)         0.014     0.014    u_feeder/clk
    SLICE_X45Y90         FDRE                                         r  u_feeder/scan_x_q_reg[2]/C
  -------------------------------------------------------------------    -------------------
    SLICE_X45Y90         FDRE (Prop_HFF_SLICEM_C_Q)
                                                      0.083     0.097 r  u_feeder/scan_x_q_reg[2]/Q
                         net (fo=11, routed)          0.047     0.144    u_feeder/scan_x_q[2]
    SLICE_X45Y90         LUT5 (Prop_H5LUT_SLICEM_I3_O)
                                                      0.024     0.168 r  u_feeder/scan_x_q[3]_i_1/O
                         net (fo=1, routed)           0.007     0.175    u_feeder/scan_x_q[3]_i_1_n_0
    SLICE_X45Y90         FDRE                                         r  u_feeder/scan_x_q_reg[3]/D
  -------------------------------------------------------------------    -------------------

                         (clock clk rise edge)        0.000     0.000 r  
                                                      0.000     0.000 r  clk (IN)
                         net (fo=2433, unset)         0.021     0.021    u_feeder/clk
    SLICE_X45Y90         FDRE                                         r  u_feeder/scan_x_q_reg[3]/C
                         clock pessimism              0.000     0.021    
    SLICE_X45Y90         FDRE (Hold_HFF2_SLICEM_C_D)
                                                      0.045     0.066    u_feeder/scan_x_q_reg[3]
  -------------------------------------------------------------------
                         required time                         -0.066    
                         arrival time                           0.175    
  -------------------------------------------------------------------
                         slack                                  0.109    

Slack (MET) :             0.110ns  (arrival time - required time)
  Source:                 u_feeder/emit_k_q_reg[5]/C
                            (rising edge-triggered cell FDRE clocked by clk  {rise@0.000ns fall@2.500ns period=5.000ns})
  Destination:            u_feeder/emit_k_q_reg[5]/D
                            (rising edge-triggered cell FDRE clocked by clk  {rise@0.000ns fall@2.500ns period=5.000ns})
  Path Group:             clk
  Path Type:              Hold (Min at Fast Process Corner)
  Requirement:            0.000ns  (clk rise@0.000ns - clk rise@0.000ns)
  Data Path Delay:        0.161ns  (logic 0.104ns (64.743%)  route 0.057ns (35.257%))
  Logic Levels:           1  (LUT6=1)
  Clock Path Skew:        0.007ns (DCD - SCD - CPR)
    Destination Clock Delay (DCD):    0.021ns
    Source Clock Delay      (SCD):    0.014ns
    Clock Pessimism Removal (CPR):    -0.000ns

    Location             Delay type                Incr(ns)  Path(ns)    Netlist Resource(s)
  -------------------------------------------------------------------    -------------------
                         (clock clk rise edge)        0.000     0.000 r  
                                                      0.000     0.000 r  clk (IN)
                         net (fo=2433, unset)         0.014     0.014    u_feeder/clk
    SLICE_X40Y91         FDRE                                         r  u_feeder/emit_k_q_reg[5]/C
  -------------------------------------------------------------------    -------------------
    SLICE_X40Y91         FDRE (Prop_CFF_SLICEM_C_Q)
                                                      0.083     0.097 r  u_feeder/emit_k_q_reg[5]/Q
                         net (fo=3, routed)           0.030     0.127    u_feeder/m_k[5]
    SLICE_X40Y91         LUT6 (Prop_C6LUT_SLICEM_I5_O)
                                                      0.021     0.148 r  u_feeder/emit_k_q[5]_i_1/O
                         net (fo=1, routed)           0.027     0.175    u_feeder/p_0_in__1[5]
    SLICE_X40Y91         FDRE                                         r  u_feeder/emit_k_q_reg[5]/D
  -------------------------------------------------------------------    -------------------

                         (clock clk rise edge)        0.000     0.000 r  
                                                      0.000     0.000 r  clk (IN)
                         net (fo=2433, unset)         0.021     0.021    u_feeder/clk
    SLICE_X40Y91         FDRE                                         r  u_feeder/emit_k_q_reg[5]/C
                         clock pessimism              0.000     0.021    
    SLICE_X40Y91         FDRE (Hold_CFF_SLICEM_C_D)
                                                      0.044     0.065    u_feeder/emit_k_q_reg[5]
  -------------------------------------------------------------------
                         required time                         -0.065    
                         arrival time                           0.175    
  -------------------------------------------------------------------
                         slack                                  0.110    





Pulse Width Checks
--------------------------------------------------------------------------------------
Clock Name:         clk
Waveform(ns):       { 0.000 2.500 }
Period(ns):         5.000
Sources:            { clk }

Check Type        Corner  Lib Pin             Reference Pin  Required(ns)  Actual(ns)  Slack(ns)  Location      Pin
Min Period        n/a     RAMB36E2/CLKARDCLK  n/a            1.960         5.000       3.040      RAMB36_X2Y8   u_feeder/g_read_copy[0].g_ring_bank[0].mem_reg/CLKARDCLK
Min Period        n/a     RAMB36E2/CLKBWRCLK  n/a            1.960         5.000       3.040      RAMB36_X2Y8   u_feeder/g_read_copy[0].g_ring_bank[0].mem_reg/CLKBWRCLK
Min Period        n/a     RAMB36E2/CLKARDCLK  n/a            1.960         5.000       3.040      RAMB36_X0Y13  u_feeder/g_read_copy[0].g_ring_bank[1].mem_reg/CLKARDCLK
Min Period        n/a     RAMB36E2/CLKBWRCLK  n/a            1.960         5.000       3.040      RAMB36_X0Y13  u_feeder/g_read_copy[0].g_ring_bank[1].mem_reg/CLKBWRCLK
Min Period        n/a     RAMB36E2/CLKARDCLK  n/a            1.960         5.000       3.040      RAMB36_X2Y7   u_feeder/g_read_copy[0].g_ring_bank[2].mem_reg/CLKARDCLK
Min Period        n/a     RAMB36E2/CLKBWRCLK  n/a            1.960         5.000       3.040      RAMB36_X2Y7   u_feeder/g_read_copy[0].g_ring_bank[2].mem_reg/CLKBWRCLK
Min Period        n/a     RAMB36E2/CLKARDCLK  n/a            1.960         5.000       3.040      RAMB36_X1Y13  u_feeder/g_read_copy[0].g_ring_bank[3].mem_reg/CLKARDCLK
Min Period        n/a     RAMB36E2/CLKBWRCLK  n/a            1.960         5.000       3.040      RAMB36_X1Y13  u_feeder/g_read_copy[0].g_ring_bank[3].mem_reg/CLKBWRCLK
Min Period        n/a     RAMB36E2/CLKARDCLK  n/a            1.960         5.000       3.040      RAMB36_X0Y12  u_feeder/g_read_copy[0].g_ring_bank[4].mem_reg/CLKARDCLK
Min Period        n/a     RAMB36E2/CLKBWRCLK  n/a            1.960         5.000       3.040      RAMB36_X0Y12  u_feeder/g_read_copy[0].g_ring_bank[4].mem_reg/CLKBWRCLK
Min Period        n/a     RAMB36E2/CLKARDCLK  n/a            1.960         5.000       3.040      RAMB36_X2Y23  u_feeder/g_read_copy[10].g_ring_bank[0].mem_reg/CLKARDCLK
Min Period        n/a     RAMB36E2/CLKBWRCLK  n/a            1.960         5.000       3.040      RAMB36_X2Y23  u_feeder/g_read_copy[10].g_ring_bank[0].mem_reg/CLKBWRCLK
Min Period        n/a     RAMB36E2/CLKARDCLK  n/a            1.960         5.000       3.040      RAMB36_X0Y24  u_feeder/g_read_copy[10].g_ring_bank[1].mem_reg/CLKARDCLK
Min Period        n/a     RAMB36E2/CLKBWRCLK  n/a            1.960         5.000       3.040      RAMB36_X0Y24  u_feeder/g_read_copy[10].g_ring_bank[1].mem_reg/CLKBWRCLK
Min Period        n/a     RAMB36E2/CLKARDCLK  n/a            1.960         5.000       3.040      RAMB36_X2Y24  u_feeder/g_read_copy[10].g_ring_bank[2].mem_reg/CLKARDCLK
Min Period        n/a     RAMB36E2/CLKBWRCLK  n/a            1.960         5.000       3.040      RAMB36_X2Y24  u_feeder/g_read_copy[10].g_ring_bank[2].mem_reg/CLKBWRCLK
Min Period        n/a     RAMB36E2/CLKARDCLK  n/a            1.960         5.000       3.040      RAMB36_X0Y25  u_feeder/g_read_copy[10].g_ring_bank[3].mem_reg/CLKARDCLK
Min Period        n/a     RAMB36E2/CLKBWRCLK  n/a            1.960         5.000       3.040      RAMB36_X0Y25  u_feeder/g_read_copy[10].g_ring_bank[3].mem_reg/CLKBWRCLK
Min Period        n/a     RAMB36E2/CLKARDCLK  n/a            1.960         5.000       3.040      RAMB36_X1Y27  u_feeder/g_read_copy[10].g_ring_bank[4].mem_reg/CLKARDCLK
Min Period        n/a     RAMB36E2/CLKBWRCLK  n/a            1.960         5.000       3.040      RAMB36_X1Y27  u_feeder/g_read_copy[10].g_ring_bank[4].mem_reg/CLKBWRCLK
Low Pulse Width   Slow    RAMB36E2/CLKARDCLK  n/a            0.577         2.500       1.923      RAMB36_X2Y8   u_feeder/g_read_copy[0].g_ring_bank[0].mem_reg/CLKARDCLK
Low Pulse Width   Fast    RAMB36E2/CLKARDCLK  n/a            0.577         2.500       1.923      RAMB36_X2Y8   u_feeder/g_read_copy[0].g_ring_bank[0].mem_reg/CLKARDCLK
Low Pulse Width   Slow    RAMB36E2/CLKBWRCLK  n/a            0.577         2.500       1.923      RAMB36_X2Y8   u_feeder/g_read_copy[0].g_ring_bank[0].mem_reg/CLKBWRCLK
Low Pulse Width   Fast    RAMB36E2/CLKBWRCLK  n/a            0.577         2.500       1.923      RAMB36_X2Y8   u_feeder/g_read_copy[0].g_ring_bank[0].mem_reg/CLKBWRCLK
Low Pulse Width   Slow    RAMB36E2/CLKARDCLK  n/a            0.577         2.500       1.923      RAMB36_X0Y13  u_feeder/g_read_copy[0].g_ring_bank[1].mem_reg/CLKARDCLK
Low Pulse Width   Fast    RAMB36E2/CLKARDCLK  n/a            0.577         2.500       1.923      RAMB36_X0Y13  u_feeder/g_read_copy[0].g_ring_bank[1].mem_reg/CLKARDCLK
Low Pulse Width   Slow    RAMB36E2/CLKBWRCLK  n/a            0.577         2.500       1.923      RAMB36_X0Y13  u_feeder/g_read_copy[0].g_ring_bank[1].mem_reg/CLKBWRCLK
Low Pulse Width   Fast    RAMB36E2/CLKBWRCLK  n/a            0.577         2.500       1.923      RAMB36_X0Y13  u_feeder/g_read_copy[0].g_ring_bank[1].mem_reg/CLKBWRCLK
Low Pulse Width   Slow    RAMB36E2/CLKARDCLK  n/a            0.577         2.500       1.923      RAMB36_X2Y7   u_feeder/g_read_copy[0].g_ring_bank[2].mem_reg/CLKARDCLK
Low Pulse Width   Fast    RAMB36E2/CLKARDCLK  n/a            0.577         2.500       1.923      RAMB36_X2Y7   u_feeder/g_read_copy[0].g_ring_bank[2].mem_reg/CLKARDCLK
Low Pulse Width   Slow    RAMB36E2/CLKBWRCLK  n/a            0.577         2.500       1.923      RAMB36_X2Y7   u_feeder/g_read_copy[0].g_ring_bank[2].mem_reg/CLKBWRCLK
Low Pulse Width   Fast    RAMB36E2/CLKBWRCLK  n/a            0.577         2.500       1.923      RAMB36_X2Y7   u_feeder/g_read_copy[0].g_ring_bank[2].mem_reg/CLKBWRCLK
Low Pulse Width   Slow    RAMB36E2/CLKARDCLK  n/a            0.577         2.500       1.923      RAMB36_X1Y13  u_feeder/g_read_copy[0].g_ring_bank[3].mem_reg/CLKARDCLK
Low Pulse Width   Fast    RAMB36E2/CLKARDCLK  n/a            0.577         2.500       1.923      RAMB36_X1Y13  u_feeder/g_read_copy[0].g_ring_bank[3].mem_reg/CLKARDCLK
Low Pulse Width   Slow    RAMB36E2/CLKBWRCLK  n/a            0.577         2.500       1.923      RAMB36_X1Y13  u_feeder/g_read_copy[0].g_ring_bank[3].mem_reg/CLKBWRCLK
Low Pulse Width   Fast    RAMB36E2/CLKBWRCLK  n/a            0.577         2.500       1.923      RAMB36_X1Y13  u_feeder/g_read_copy[0].g_ring_bank[3].mem_reg/CLKBWRCLK
Low Pulse Width   Slow    RAMB36E2/CLKARDCLK  n/a            0.577         2.500       1.923      RAMB36_X0Y12  u_feeder/g_read_copy[0].g_ring_bank[4].mem_reg/CLKARDCLK
Low Pulse Width   Fast    RAMB36E2/CLKARDCLK  n/a            0.577         2.500       1.923      RAMB36_X0Y12  u_feeder/g_read_copy[0].g_ring_bank[4].mem_reg/CLKARDCLK
Low Pulse Width   Slow    RAMB36E2/CLKBWRCLK  n/a            0.577         2.500       1.923      RAMB36_X0Y12  u_feeder/g_read_copy[0].g_ring_bank[4].mem_reg/CLKBWRCLK
Low Pulse Width   Fast    RAMB36E2/CLKBWRCLK  n/a            0.577         2.500       1.923      RAMB36_X0Y12  u_feeder/g_read_copy[0].g_ring_bank[4].mem_reg/CLKBWRCLK
High Pulse Width  Slow    RAMB36E2/CLKARDCLK  n/a            0.577         2.500       1.923      RAMB36_X2Y8   u_feeder/g_read_copy[0].g_ring_bank[0].mem_reg/CLKARDCLK
High Pulse Width  Fast    RAMB36E2/CLKARDCLK  n/a            0.577         2.500       1.923      RAMB36_X2Y8   u_feeder/g_read_copy[0].g_ring_bank[0].mem_reg/CLKARDCLK
High Pulse Width  Slow    RAMB36E2/CLKBWRCLK  n/a            0.577         2.500       1.923      RAMB36_X2Y8   u_feeder/g_read_copy[0].g_ring_bank[0].mem_reg/CLKBWRCLK
High Pulse Width  Fast    RAMB36E2/CLKBWRCLK  n/a            0.577         2.500       1.923      RAMB36_X2Y8   u_feeder/g_read_copy[0].g_ring_bank[0].mem_reg/CLKBWRCLK
High Pulse Width  Slow    RAMB36E2/CLKARDCLK  n/a            0.577         2.500       1.923      RAMB36_X0Y13  u_feeder/g_read_copy[0].g_ring_bank[1].mem_reg/CLKARDCLK
High Pulse Width  Fast    RAMB36E2/CLKARDCLK  n/a            0.577         2.500       1.923      RAMB36_X0Y13  u_feeder/g_read_copy[0].g_ring_bank[1].mem_reg/CLKARDCLK
High Pulse Width  Slow    RAMB36E2/CLKBWRCLK  n/a            0.577         2.500       1.923      RAMB36_X0Y13  u_feeder/g_read_copy[0].g_ring_bank[1].mem_reg/CLKBWRCLK
High Pulse Width  Fast    RAMB36E2/CLKBWRCLK  n/a            0.577         2.500       1.923      RAMB36_X0Y13  u_feeder/g_read_copy[0].g_ring_bank[1].mem_reg/CLKBWRCLK
High Pulse Width  Slow    RAMB36E2/CLKARDCLK  n/a            0.577         2.500       1.923      RAMB36_X2Y7   u_feeder/g_read_copy[0].g_ring_bank[2].mem_reg/CLKARDCLK
High Pulse Width  Fast    RAMB36E2/CLKARDCLK  n/a            0.577         2.500       1.923      RAMB36_X2Y7   u_feeder/g_read_copy[0].g_ring_bank[2].mem_reg/CLKARDCLK
High Pulse Width  Slow    RAMB36E2/CLKBWRCLK  n/a            0.577         2.500       1.923      RAMB36_X2Y7   u_feeder/g_read_copy[0].g_ring_bank[2].mem_reg/CLKBWRCLK
High Pulse Width  Fast    RAMB36E2/CLKBWRCLK  n/a            0.577         2.500       1.923      RAMB36_X2Y7   u_feeder/g_read_copy[0].g_ring_bank[2].mem_reg/CLKBWRCLK
High Pulse Width  Slow    RAMB36E2/CLKARDCLK  n/a            0.577         2.500       1.923      RAMB36_X1Y13  u_feeder/g_read_copy[0].g_ring_bank[3].mem_reg/CLKARDCLK
High Pulse Width  Fast    RAMB36E2/CLKARDCLK  n/a            0.577         2.500       1.923      RAMB36_X1Y13  u_feeder/g_read_copy[0].g_ring_bank[3].mem_reg/CLKARDCLK
High Pulse Width  Slow    RAMB36E2/CLKBWRCLK  n/a            0.577         2.500       1.923      RAMB36_X1Y13  u_feeder/g_read_copy[0].g_ring_bank[3].mem_reg/CLKBWRCLK
High Pulse Width  Fast    RAMB36E2/CLKBWRCLK  n/a            0.577         2.500       1.923      RAMB36_X1Y13  u_feeder/g_read_copy[0].g_ring_bank[3].mem_reg/CLKBWRCLK
High Pulse Width  Slow    RAMB36E2/CLKARDCLK  n/a            0.577         2.500       1.923      RAMB36_X0Y12  u_feeder/g_read_copy[0].g_ring_bank[4].mem_reg/CLKARDCLK
High Pulse Width  Fast    RAMB36E2/CLKARDCLK  n/a            0.577         2.500       1.923      RAMB36_X0Y12  u_feeder/g_read_copy[0].g_ring_bank[4].mem_reg/CLKARDCLK
High Pulse Width  Slow    RAMB36E2/CLKBWRCLK  n/a            0.577         2.500       1.923      RAMB36_X0Y12  u_feeder/g_read_copy[0].g_ring_bank[4].mem_reg/CLKBWRCLK
High Pulse Width  Fast    RAMB36E2/CLKBWRCLK  n/a            0.577         2.500       1.923      RAMB36_X0Y12  u_feeder/g_read_copy[0].g_ring_bank[4].mem_reg/CLKBWRCLK



