Copyright 1986-2022 Xilinx, Inc. All Rights Reserved. Copyright 2022-2024 Advanced Micro Devices, Inc. All Rights Reserved.
-----------------------------------------------------------------------------------------------------------------------------------------------------------------------------------------------------------
| Tool Version      : Vivado v.2024.1 (lin64) Build 5076996 Wed May 22 18:36:09 MDT 2024
| Date              : Mon Aug 31 19:11:38 2026
| Host              : yundodo running 64-bit unknown
| Command           : report_timing -delay_type max -max_paths 20 -sort_by group -file /home/dodo/Documents/Codex/2026-08-31/kv260-alexnet-rtl/alexnet/reports/m4n8_n8_output_slice/200mhz/worst_setup.rpt
| Design            : alexnet_m4n8_n8_output_slice
| Device            : xck26-sfvc784
| Speed File        : -2LV  PRODUCTION 1.30 05-15-2022
| Design State      : Routed
| Temperature Grade : C
-----------------------------------------------------------------------------------------------------------------------------------------------------------------------------------------------------------

Timing Report

Slack (MET) :             0.798ns  (required time - arrival time)
  Source:                 u_requant/right_shift_q_reg[7][2]/C
                            (rising edge-triggered cell FDRE clocked by clk  {rise@0.000ns fall@2.500ns period=5.000ns})
  Destination:            u_requant/rounded_q_reg[7][4]/D
                            (rising edge-triggered cell FDRE clocked by clk  {rise@0.000ns fall@2.500ns period=5.000ns})
  Path Group:             clk
  Path Type:              Setup (Max at Slow Process Corner)
  Requirement:            5.000ns  (clk rise@5.000ns - clk rise@0.000ns)
  Data Path Delay:        4.197ns  (logic 1.527ns (36.380%)  route 2.670ns (63.620%))
  Logic Levels:           10  (CARRY8=5 LUT5=2 LUT6=3)
  Clock Path Skew:        -0.013ns (DCD - SCD + CPR)
    Destination Clock Delay (DCD):    0.029ns = ( 5.029 - 5.000 ) 
    Source Clock Delay      (SCD):    0.042ns
    Clock Pessimism Removal (CPR):    0.000ns
  Clock Uncertainty:      0.035ns  ((TSJ^2 + TIJ^2)^1/2 + DJ) / 2 + PE
    Total System Jitter     (TSJ):    0.071ns
    Total Input Jitter      (TIJ):    0.000ns
    Discrete Jitter          (DJ):    0.000ns
    Phase Error              (PE):    0.000ns

    Location             Delay type                Incr(ns)  Path(ns)    Netlist Resource(s)
  -------------------------------------------------------------------    -------------------
                         (clock clk rise edge)        0.000     0.000 r  
                                                      0.000     0.000 r  clk (IN)
                         net (fo=655, unset)          0.042     0.042    u_requant/clk
    SLICE_X48Y3          FDRE                                         r  u_requant/right_shift_q_reg[7][2]/C
  -------------------------------------------------------------------    -------------------
    SLICE_X48Y3          FDRE (Prop_EFF_SLICEL_C_Q)
                                                      0.114     0.156 r  u_requant/right_shift_q_reg[7][2]/Q
                         net (fo=102, routed)         0.787     0.943    u_requant/right_shift_q_reg[7]_10[2]
    SLICE_X51Y6          LUT6 (Prop_F6LUT_SLICEL_I1_O)
                                                      0.150     1.093 r  u_requant/rounded_q[7][45]_i_86/O
                         net (fo=17, routed)          0.354     1.448    u_requant/rounded_q[7][45]_i_86_n_0
    SLICE_X50Y1          LUT6 (Prop_A6LUT_SLICEL_I3_O)
                                                      0.188     1.636 r  u_requant/rounded_q[7][45]_i_85/O
                         net (fo=1, routed)           0.014     1.650    u_requant/rounded_q[7][45]_i_85_n_0
    SLICE_X50Y1          CARRY8 (Prop_CARRY8_SLICEL_S[0]_CO[7])
                                                      0.278     1.928 r  u_requant/rounded_q_reg[7][45]_i_51/CO[7]
                         net (fo=1, routed)           0.030     1.958    u_requant/rounded_q_reg[7][45]_i_51_n_0
    SLICE_X50Y2          CARRY8 (Prop_CARRY8_SLICEL_CI_CO[7])
                                                      0.065     2.023 r  u_requant/rounded_q_reg[7][45]_i_33/CO[7]
                         net (fo=1, routed)           0.030     2.053    u_requant/rounded_q_reg[7][45]_i_33_n_0
    SLICE_X50Y3          CARRY8 (Prop_CARRY8_SLICEL_CI_CO[7])
                                                      0.065     2.118 r  u_requant/rounded_q_reg[7][45]_i_12/CO[7]
                         net (fo=1, routed)           0.030     2.148    u_requant/rounded_q_reg[7][45]_i_12_n_0
    SLICE_X50Y4          CARRY8 (Prop_CARRY8_SLICEL_CI_CO[7])
                                                      0.065     2.213 r  u_requant/rounded_q_reg[7][45]_i_2/CO[7]
                         net (fo=1, routed)           0.030     2.243    u_requant/rounded_q_reg[7][45]_i_2_n_0
    SLICE_X50Y5          CARRY8 (Prop_CARRY8_SLICEL_CI_O[4])
                                                      0.127     2.370 r  u_requant/rounded_q_reg[7][45]_i_1/O[4]
                         net (fo=53, routed)          0.645     3.014    u_requant/rounded_q_reg[7][45]_i_1_n_11
    SLICE_X47Y5          LUT5 (Prop_C6LUT_SLICEL_I2_O)
                                                      0.136     3.150 r  u_requant/rounded_q[7][10]_i_5/O
                         net (fo=4, routed)           0.527     3.678    u_requant/rounded_q[7][10]_i_5_n_0
    SLICE_X49Y6          LUT6 (Prop_F6LUT_SLICEL_I0_O)
                                                      0.187     3.865 r  u_requant/rounded_q[7][4]_i_2/O
                         net (fo=2, routed)           0.156     4.020    u_requant/rounded_q[7][4]_i_2_n_0
    SLICE_X50Y8          LUT5 (Prop_D6LUT_SLICEL_I0_O)
                                                      0.152     4.172 r  u_requant/rounded_q[7][4]_i_1/O
                         net (fo=1, routed)           0.067     4.239    u_requant/rounded_q[7][4]_i_1_n_0
    SLICE_X50Y8          FDRE                                         r  u_requant/rounded_q_reg[7][4]/D
  -------------------------------------------------------------------    -------------------

                         (clock clk rise edge)        5.000     5.000 r  
                                                      0.000     5.000 r  clk (IN)
                         net (fo=655, unset)          0.029     5.029    u_requant/clk
    SLICE_X50Y8          FDRE                                         r  u_requant/rounded_q_reg[7][4]/C
                         clock pessimism              0.000     5.029    
                         clock uncertainty           -0.035     4.994    
    SLICE_X50Y8          FDRE (Setup_DFF_SLICEL_C_D)
                                                      0.044     5.038    u_requant/rounded_q_reg[7][4]
  -------------------------------------------------------------------
                         required time                          5.038    
                         arrival time                          -4.239    
  -------------------------------------------------------------------
                         slack                                  0.798    

Slack (MET) :             0.866ns  (required time - arrival time)
  Source:                 u_requant/right_shift_q_reg[7][2]/C
                            (rising edge-triggered cell FDRE clocked by clk  {rise@0.000ns fall@2.500ns period=5.000ns})
  Destination:            u_requant/rounded_q_reg[7][3]/D
                            (rising edge-triggered cell FDRE clocked by clk  {rise@0.000ns fall@2.500ns period=5.000ns})
  Path Group:             clk
  Path Type:              Setup (Max at Slow Process Corner)
  Requirement:            5.000ns  (clk rise@5.000ns - clk rise@0.000ns)
  Data Path Delay:        4.130ns  (logic 1.456ns (35.253%)  route 2.674ns (64.747%))
  Logic Levels:           10  (CARRY8=5 LUT5=2 LUT6=3)
  Clock Path Skew:        -0.013ns (DCD - SCD + CPR)
    Destination Clock Delay (DCD):    0.029ns = ( 5.029 - 5.000 ) 
    Source Clock Delay      (SCD):    0.042ns
    Clock Pessimism Removal (CPR):    0.000ns
  Clock Uncertainty:      0.035ns  ((TSJ^2 + TIJ^2)^1/2 + DJ) / 2 + PE
    Total System Jitter     (TSJ):    0.071ns
    Total Input Jitter      (TIJ):    0.000ns
    Discrete Jitter          (DJ):    0.000ns
    Phase Error              (PE):    0.000ns

    Location             Delay type                Incr(ns)  Path(ns)    Netlist Resource(s)
  -------------------------------------------------------------------    -------------------
                         (clock clk rise edge)        0.000     0.000 r  
                                                      0.000     0.000 r  clk (IN)
                         net (fo=655, unset)          0.042     0.042    u_requant/clk
    SLICE_X48Y3          FDRE                                         r  u_requant/right_shift_q_reg[7][2]/C
  -------------------------------------------------------------------    -------------------
    SLICE_X48Y3          FDRE (Prop_EFF_SLICEL_C_Q)
                                                      0.114     0.156 r  u_requant/right_shift_q_reg[7][2]/Q
                         net (fo=102, routed)         0.787     0.943    u_requant/right_shift_q_reg[7]_10[2]
    SLICE_X51Y6          LUT6 (Prop_F6LUT_SLICEL_I1_O)
                                                      0.150     1.093 r  u_requant/rounded_q[7][45]_i_86/O
                         net (fo=17, routed)          0.354     1.448    u_requant/rounded_q[7][45]_i_86_n_0
    SLICE_X50Y1          LUT6 (Prop_A6LUT_SLICEL_I3_O)
                                                      0.188     1.636 r  u_requant/rounded_q[7][45]_i_85/O
                         net (fo=1, routed)           0.014     1.650    u_requant/rounded_q[7][45]_i_85_n_0
    SLICE_X50Y1          CARRY8 (Prop_CARRY8_SLICEL_S[0]_CO[7])
                                                      0.278     1.928 r  u_requant/rounded_q_reg[7][45]_i_51/CO[7]
                         net (fo=1, routed)           0.030     1.958    u_requant/rounded_q_reg[7][45]_i_51_n_0
    SLICE_X50Y2          CARRY8 (Prop_CARRY8_SLICEL_CI_CO[7])
                                                      0.065     2.023 r  u_requant/rounded_q_reg[7][45]_i_33/CO[7]
                         net (fo=1, routed)           0.030     2.053    u_requant/rounded_q_reg[7][45]_i_33_n_0
    SLICE_X50Y3          CARRY8 (Prop_CARRY8_SLICEL_CI_CO[7])
                                                      0.065     2.118 r  u_requant/rounded_q_reg[7][45]_i_12/CO[7]
                         net (fo=1, routed)           0.030     2.148    u_requant/rounded_q_reg[7][45]_i_12_n_0
    SLICE_X50Y4          CARRY8 (Prop_CARRY8_SLICEL_CI_CO[7])
                                                      0.065     2.213 r  u_requant/rounded_q_reg[7][45]_i_2/CO[7]
                         net (fo=1, routed)           0.030     2.243    u_requant/rounded_q_reg[7][45]_i_2_n_0
    SLICE_X50Y5          CARRY8 (Prop_CARRY8_SLICEL_CI_O[4])
                                                      0.127     2.370 r  u_requant/rounded_q_reg[7][45]_i_1/O[4]
                         net (fo=53, routed)          0.645     3.014    u_requant/rounded_q_reg[7][45]_i_1_n_11
    SLICE_X47Y5          LUT5 (Prop_C6LUT_SLICEL_I2_O)
                                                      0.136     3.150 r  u_requant/rounded_q[7][10]_i_5/O
                         net (fo=4, routed)           0.527     3.678    u_requant/rounded_q[7][10]_i_5_n_0
    SLICE_X49Y6          LUT6 (Prop_F6LUT_SLICEL_I0_O)
                                                      0.187     3.865 r  u_requant/rounded_q[7][4]_i_2/O
                         net (fo=2, routed)           0.157     4.022    u_requant/rounded_q[7][4]_i_2_n_0
    SLICE_X50Y7          LUT5 (Prop_C6LUT_SLICEL_I2_O)
                                                      0.081     4.103 r  u_requant/rounded_q[7][3]_i_1/O
                         net (fo=1, routed)           0.069     4.172    u_requant/rounded_q[7][3]_i_1_n_0
    SLICE_X50Y7          FDRE                                         r  u_requant/rounded_q_reg[7][3]/D
  -------------------------------------------------------------------    -------------------

                         (clock clk rise edge)        5.000     5.000 r  
                                                      0.000     5.000 r  clk (IN)
                         net (fo=655, unset)          0.029     5.029    u_requant/clk
    SLICE_X50Y7          FDRE                                         r  u_requant/rounded_q_reg[7][3]/C
                         clock pessimism              0.000     5.029    
                         clock uncertainty           -0.035     4.994    
    SLICE_X50Y7          FDRE (Setup_CFF_SLICEL_C_D)
                                                      0.044     5.038    u_requant/rounded_q_reg[7][3]
  -------------------------------------------------------------------
                         required time                          5.038    
                         arrival time                          -4.172    
  -------------------------------------------------------------------
                         slack                                  0.866    

Slack (MET) :             0.876ns  (required time - arrival time)
  Source:                 u_requant/right_shift_q_reg[7][2]/C
                            (rising edge-triggered cell FDRE clocked by clk  {rise@0.000ns fall@2.500ns period=5.000ns})
  Destination:            u_requant/rounded_q_reg[7][6]/D
                            (rising edge-triggered cell FDRE clocked by clk  {rise@0.000ns fall@2.500ns period=5.000ns})
  Path Group:             clk
  Path Type:              Setup (Max at Slow Process Corner)
  Requirement:            5.000ns  (clk rise@5.000ns - clk rise@0.000ns)
  Data Path Delay:        4.120ns  (logic 1.398ns (33.931%)  route 2.722ns (66.069%))
  Logic Levels:           10  (CARRY8=5 LUT5=2 LUT6=3)
  Clock Path Skew:        -0.013ns (DCD - SCD + CPR)
    Destination Clock Delay (DCD):    0.029ns = ( 5.029 - 5.000 ) 
    Source Clock Delay      (SCD):    0.042ns
    Clock Pessimism Removal (CPR):    0.000ns
  Clock Uncertainty:      0.035ns  ((TSJ^2 + TIJ^2)^1/2 + DJ) / 2 + PE
    Total System Jitter     (TSJ):    0.071ns
    Total Input Jitter      (TIJ):    0.000ns
    Discrete Jitter          (DJ):    0.000ns
    Phase Error              (PE):    0.000ns

    Location             Delay type                Incr(ns)  Path(ns)    Netlist Resource(s)
  -------------------------------------------------------------------    -------------------
                         (clock clk rise edge)        0.000     0.000 r  
                                                      0.000     0.000 r  clk (IN)
                         net (fo=655, unset)          0.042     0.042    u_requant/clk
    SLICE_X48Y3          FDRE                                         r  u_requant/right_shift_q_reg[7][2]/C
  -------------------------------------------------------------------    -------------------
    SLICE_X48Y3          FDRE (Prop_EFF_SLICEL_C_Q)
                                                      0.114     0.156 r  u_requant/right_shift_q_reg[7][2]/Q
                         net (fo=102, routed)         0.787     0.943    u_requant/right_shift_q_reg[7]_10[2]
    SLICE_X51Y6          LUT6 (Prop_F6LUT_SLICEL_I1_O)
                                                      0.150     1.093 r  u_requant/rounded_q[7][45]_i_86/O
                         net (fo=17, routed)          0.354     1.448    u_requant/rounded_q[7][45]_i_86_n_0
    SLICE_X50Y1          LUT6 (Prop_A6LUT_SLICEL_I3_O)
                                                      0.188     1.636 r  u_requant/rounded_q[7][45]_i_85/O
                         net (fo=1, routed)           0.014     1.650    u_requant/rounded_q[7][45]_i_85_n_0
    SLICE_X50Y1          CARRY8 (Prop_CARRY8_SLICEL_S[0]_CO[7])
                                                      0.278     1.928 r  u_requant/rounded_q_reg[7][45]_i_51/CO[7]
                         net (fo=1, routed)           0.030     1.958    u_requant/rounded_q_reg[7][45]_i_51_n_0
    SLICE_X50Y2          CARRY8 (Prop_CARRY8_SLICEL_CI_CO[7])
                                                      0.065     2.023 r  u_requant/rounded_q_reg[7][45]_i_33/CO[7]
                         net (fo=1, routed)           0.030     2.053    u_requant/rounded_q_reg[7][45]_i_33_n_0
    SLICE_X50Y3          CARRY8 (Prop_CARRY8_SLICEL_CI_CO[7])
                                                      0.065     2.118 r  u_requant/rounded_q_reg[7][45]_i_12/CO[7]
                         net (fo=1, routed)           0.030     2.148    u_requant/rounded_q_reg[7][45]_i_12_n_0
    SLICE_X50Y4          CARRY8 (Prop_CARRY8_SLICEL_CI_CO[7])
                                                      0.065     2.213 r  u_requant/rounded_q_reg[7][45]_i_2/CO[7]
                         net (fo=1, routed)           0.030     2.243    u_requant/rounded_q_reg[7][45]_i_2_n_0
    SLICE_X50Y5          CARRY8 (Prop_CARRY8_SLICEL_CI_O[4])
                                                      0.127     2.370 r  u_requant/rounded_q_reg[7][45]_i_1/O[4]
                         net (fo=53, routed)          0.645     3.014    u_requant/rounded_q_reg[7][45]_i_1_n_11
    SLICE_X47Y5          LUT5 (Prop_C6LUT_SLICEL_I2_O)
                                                      0.136     3.150 r  u_requant/rounded_q[7][10]_i_5/O
                         net (fo=4, routed)           0.521     3.672    u_requant/rounded_q[7][10]_i_5_n_0
    SLICE_X49Y6          LUT6 (Prop_A6LUT_SLICEL_I3_O)
                                                      0.152     3.824 r  u_requant/rounded_q[7][6]_i_2/O
                         net (fo=2, routed)           0.213     4.037    u_requant/rounded_q[7][6]_i_2_n_0
    SLICE_X50Y8          LUT5 (Prop_B6LUT_SLICEL_I0_O)
                                                      0.058     4.095 r  u_requant/rounded_q[7][6]_i_1/O
                         net (fo=1, routed)           0.067     4.162    u_requant/rounded_q[7][6]_i_1_n_0
    SLICE_X50Y8          FDRE                                         r  u_requant/rounded_q_reg[7][6]/D
  -------------------------------------------------------------------    -------------------

                         (clock clk rise edge)        5.000     5.000 r  
                                                      0.000     5.000 r  clk (IN)
                         net (fo=655, unset)          0.029     5.029    u_requant/clk
    SLICE_X50Y8          FDRE                                         r  u_requant/rounded_q_reg[7][6]/C
                         clock pessimism              0.000     5.029    
                         clock uncertainty           -0.035     4.994    
    SLICE_X50Y8          FDRE (Setup_BFF_SLICEL_C_D)
                                                      0.044     5.038    u_requant/rounded_q_reg[7][6]
  -------------------------------------------------------------------
                         required time                          5.038    
                         arrival time                          -4.162    
  -------------------------------------------------------------------
                         slack                                  0.876    

Slack (MET) :             0.922ns  (required time - arrival time)
  Source:                 u_requant/right_shift_q_reg[7][2]/C
                            (rising edge-triggered cell FDRE clocked by clk  {rise@0.000ns fall@2.500ns period=5.000ns})
  Destination:            u_requant/rounded_q_reg[7][7]/D
                            (rising edge-triggered cell FDRE clocked by clk  {rise@0.000ns fall@2.500ns period=5.000ns})
  Path Group:             clk
  Path Type:              Setup (Max at Slow Process Corner)
  Requirement:            5.000ns  (clk rise@5.000ns - clk rise@0.000ns)
  Data Path Delay:        4.074ns  (logic 1.472ns (36.132%)  route 2.602ns (63.868%))
  Logic Levels:           10  (CARRY8=5 LUT5=2 LUT6=3)
  Clock Path Skew:        -0.013ns (DCD - SCD + CPR)
    Destination Clock Delay (DCD):    0.029ns = ( 5.029 - 5.000 ) 
    Source Clock Delay      (SCD):    0.042ns
    Clock Pessimism Removal (CPR):    0.000ns
  Clock Uncertainty:      0.035ns  ((TSJ^2 + TIJ^2)^1/2 + DJ) / 2 + PE
    Total System Jitter     (TSJ):    0.071ns
    Total Input Jitter      (TIJ):    0.000ns
    Discrete Jitter          (DJ):    0.000ns
    Phase Error              (PE):    0.000ns

    Location             Delay type                Incr(ns)  Path(ns)    Netlist Resource(s)
  -------------------------------------------------------------------    -------------------
                         (clock clk rise edge)        0.000     0.000 r  
                                                      0.000     0.000 r  clk (IN)
                         net (fo=655, unset)          0.042     0.042    u_requant/clk
    SLICE_X48Y3          FDRE                                         r  u_requant/right_shift_q_reg[7][2]/C
  -------------------------------------------------------------------    -------------------
    SLICE_X48Y3          FDRE (Prop_EFF_SLICEL_C_Q)
                                                      0.114     0.156 r  u_requant/right_shift_q_reg[7][2]/Q
                         net (fo=102, routed)         0.787     0.943    u_requant/right_shift_q_reg[7]_10[2]
    SLICE_X51Y6          LUT6 (Prop_F6LUT_SLICEL_I1_O)
                                                      0.150     1.093 r  u_requant/rounded_q[7][45]_i_86/O
                         net (fo=17, routed)          0.354     1.448    u_requant/rounded_q[7][45]_i_86_n_0
    SLICE_X50Y1          LUT6 (Prop_A6LUT_SLICEL_I3_O)
                                                      0.188     1.636 r  u_requant/rounded_q[7][45]_i_85/O
                         net (fo=1, routed)           0.014     1.650    u_requant/rounded_q[7][45]_i_85_n_0
    SLICE_X50Y1          CARRY8 (Prop_CARRY8_SLICEL_S[0]_CO[7])
                                                      0.278     1.928 r  u_requant/rounded_q_reg[7][45]_i_51/CO[7]
                         net (fo=1, routed)           0.030     1.958    u_requant/rounded_q_reg[7][45]_i_51_n_0
    SLICE_X50Y2          CARRY8 (Prop_CARRY8_SLICEL_CI_CO[7])
                                                      0.065     2.023 r  u_requant/rounded_q_reg[7][45]_i_33/CO[7]
                         net (fo=1, routed)           0.030     2.053    u_requant/rounded_q_reg[7][45]_i_33_n_0
    SLICE_X50Y3          CARRY8 (Prop_CARRY8_SLICEL_CI_CO[7])
                                                      0.065     2.118 r  u_requant/rounded_q_reg[7][45]_i_12/CO[7]
                         net (fo=1, routed)           0.030     2.148    u_requant/rounded_q_reg[7][45]_i_12_n_0
    SLICE_X50Y4          CARRY8 (Prop_CARRY8_SLICEL_CI_CO[7])
                                                      0.065     2.213 r  u_requant/rounded_q_reg[7][45]_i_2/CO[7]
                         net (fo=1, routed)           0.030     2.243    u_requant/rounded_q_reg[7][45]_i_2_n_0
    SLICE_X50Y5          CARRY8 (Prop_CARRY8_SLICEL_CI_O[4])
                                                      0.127     2.370 r  u_requant/rounded_q_reg[7][45]_i_1/O[4]
                         net (fo=53, routed)          0.601     2.970    u_requant/rounded_q_reg[7][45]_i_1_n_11
    SLICE_X48Y5          LUT5 (Prop_H5LUT_SLICEL_I2_O)
                                                      0.132     3.102 r  u_requant/rounded_q[7][9]_i_4/O
                         net (fo=4, routed)           0.183     3.285    u_requant/rounded_q[7][9]_i_4_n_0
    SLICE_X48Y5          LUT6 (Prop_C6LUT_SLICEL_I1_O)
                                                      0.136     3.421 r  u_requant/rounded_q[7][7]_i_2/O
                         net (fo=2, routed)           0.476     3.897    u_requant/rounded_q[7][7]_i_2_n_0
    SLICE_X50Y7          LUT5 (Prop_B6LUT_SLICEL_I0_O)
                                                      0.152     4.049 r  u_requant/rounded_q[7][7]_i_1/O
                         net (fo=1, routed)           0.067     4.116    u_requant/rounded_q[7][7]_i_1_n_0
    SLICE_X50Y7          FDRE                                         r  u_requant/rounded_q_reg[7][7]/D
  -------------------------------------------------------------------    -------------------

                         (clock clk rise edge)        5.000     5.000 r  
                                                      0.000     5.000 r  clk (IN)
                         net (fo=655, unset)          0.029     5.029    u_requant/clk
    SLICE_X50Y7          FDRE                                         r  u_requant/rounded_q_reg[7][7]/C
                         clock pessimism              0.000     5.029    
                         clock uncertainty           -0.035     4.994    
    SLICE_X50Y7          FDRE (Setup_BFF_SLICEL_C_D)
                                                      0.044     5.038    u_requant/rounded_q_reg[7][7]
  -------------------------------------------------------------------
                         required time                          5.038    
                         arrival time                          -4.116    
  -------------------------------------------------------------------
                         slack                                  0.922    

Slack (MET) :             0.927ns  (required time - arrival time)
  Source:                 u_requant/right_shift_q_reg[7][2]/C
                            (rising edge-triggered cell FDRE clocked by clk  {rise@0.000ns fall@2.500ns period=5.000ns})
  Destination:            u_requant/rounded_q_reg[7][5]/D
                            (rising edge-triggered cell FDRE clocked by clk  {rise@0.000ns fall@2.500ns period=5.000ns})
  Path Group:             clk
  Path Type:              Setup (Max at Slow Process Corner)
  Requirement:            5.000ns  (clk rise@5.000ns - clk rise@0.000ns)
  Data Path Delay:        4.069ns  (logic 1.396ns (34.308%)  route 2.673ns (65.692%))
  Logic Levels:           10  (CARRY8=5 LUT5=2 LUT6=3)
  Clock Path Skew:        -0.013ns (DCD - SCD + CPR)
    Destination Clock Delay (DCD):    0.029ns = ( 5.029 - 5.000 ) 
    Source Clock Delay      (SCD):    0.042ns
    Clock Pessimism Removal (CPR):    0.000ns
  Clock Uncertainty:      0.035ns  ((TSJ^2 + TIJ^2)^1/2 + DJ) / 2 + PE
    Total System Jitter     (TSJ):    0.071ns
    Total Input Jitter      (TIJ):    0.000ns
    Discrete Jitter          (DJ):    0.000ns
    Phase Error              (PE):    0.000ns

    Location             Delay type                Incr(ns)  Path(ns)    Netlist Resource(s)
  -------------------------------------------------------------------    -------------------
                         (clock clk rise edge)        0.000     0.000 r  
                                                      0.000     0.000 r  clk (IN)
                         net (fo=655, unset)          0.042     0.042    u_requant/clk
    SLICE_X48Y3          FDRE                                         r  u_requant/right_shift_q_reg[7][2]/C
  -------------------------------------------------------------------    -------------------
    SLICE_X48Y3          FDRE (Prop_EFF_SLICEL_C_Q)
                                                      0.114     0.156 r  u_requant/right_shift_q_reg[7][2]/Q
                         net (fo=102, routed)         0.787     0.943    u_requant/right_shift_q_reg[7]_10[2]
    SLICE_X51Y6          LUT6 (Prop_F6LUT_SLICEL_I1_O)
                                                      0.150     1.093 r  u_requant/rounded_q[7][45]_i_86/O
                         net (fo=17, routed)          0.354     1.448    u_requant/rounded_q[7][45]_i_86_n_0
    SLICE_X50Y1          LUT6 (Prop_A6LUT_SLICEL_I3_O)
                                                      0.188     1.636 r  u_requant/rounded_q[7][45]_i_85/O
                         net (fo=1, routed)           0.014     1.650    u_requant/rounded_q[7][45]_i_85_n_0
    SLICE_X50Y1          CARRY8 (Prop_CARRY8_SLICEL_S[0]_CO[7])
                                                      0.278     1.928 r  u_requant/rounded_q_reg[7][45]_i_51/CO[7]
                         net (fo=1, routed)           0.030     1.958    u_requant/rounded_q_reg[7][45]_i_51_n_0
    SLICE_X50Y2          CARRY8 (Prop_CARRY8_SLICEL_CI_CO[7])
                                                      0.065     2.023 r  u_requant/rounded_q_reg[7][45]_i_33/CO[7]
                         net (fo=1, routed)           0.030     2.053    u_requant/rounded_q_reg[7][45]_i_33_n_0
    SLICE_X50Y3          CARRY8 (Prop_CARRY8_SLICEL_CI_CO[7])
                                                      0.065     2.118 r  u_requant/rounded_q_reg[7][45]_i_12/CO[7]
                         net (fo=1, routed)           0.030     2.148    u_requant/rounded_q_reg[7][45]_i_12_n_0
    SLICE_X50Y4          CARRY8 (Prop_CARRY8_SLICEL_CI_CO[7])
                                                      0.065     2.213 r  u_requant/rounded_q_reg[7][45]_i_2/CO[7]
                         net (fo=1, routed)           0.030     2.243    u_requant/rounded_q_reg[7][45]_i_2_n_0
    SLICE_X50Y5          CARRY8 (Prop_CARRY8_SLICEL_CI_O[4])
                                                      0.127     2.370 r  u_requant/rounded_q_reg[7][45]_i_1/O[4]
                         net (fo=53, routed)          0.645     3.014    u_requant/rounded_q_reg[7][45]_i_1_n_11
    SLICE_X47Y5          LUT5 (Prop_C6LUT_SLICEL_I2_O)
                                                      0.136     3.150 r  u_requant/rounded_q[7][10]_i_5/O
                         net (fo=4, routed)           0.521     3.672    u_requant/rounded_q[7][10]_i_5_n_0
    SLICE_X49Y6          LUT6 (Prop_A6LUT_SLICEL_I3_O)
                                                      0.152     3.824 r  u_requant/rounded_q[7][6]_i_2/O
                         net (fo=2, routed)           0.162     3.986    u_requant/rounded_q[7][6]_i_2_n_0
    SLICE_X50Y8          LUT5 (Prop_C6LUT_SLICEL_I2_O)
                                                      0.056     4.042 r  u_requant/rounded_q[7][5]_i_1/O
                         net (fo=1, routed)           0.069     4.111    u_requant/rounded_q[7][5]_i_1_n_0
    SLICE_X50Y8          FDRE                                         r  u_requant/rounded_q_reg[7][5]/D
  -------------------------------------------------------------------    -------------------

                         (clock clk rise edge)        5.000     5.000 r  
                                                      0.000     5.000 r  clk (IN)
                         net (fo=655, unset)          0.029     5.029    u_requant/clk
    SLICE_X50Y8          FDRE                                         r  u_requant/rounded_q_reg[7][5]/C
                         clock pessimism              0.000     5.029    
                         clock uncertainty           -0.035     4.994    
    SLICE_X50Y8          FDRE (Setup_CFF_SLICEL_C_D)
                                                      0.044     5.038    u_requant/rounded_q_reg[7][5]
  -------------------------------------------------------------------
                         required time                          5.038    
                         arrival time                          -4.111    
  -------------------------------------------------------------------
                         slack                                  0.927    

Slack (MET) :             0.953ns  (required time - arrival time)
  Source:                 u_requant/right_shift_q_reg[7][2]/C
                            (rising edge-triggered cell FDRE clocked by clk  {rise@0.000ns fall@2.500ns period=5.000ns})
  Destination:            u_requant/rounded_q_reg[7][1]/D
                            (rising edge-triggered cell FDRE clocked by clk  {rise@0.000ns fall@2.500ns period=5.000ns})
  Path Group:             clk
  Path Type:              Setup (Max at Slow Process Corner)
  Requirement:            5.000ns  (clk rise@5.000ns - clk rise@0.000ns)
  Data Path Delay:        4.042ns  (logic 1.280ns (31.664%)  route 2.762ns (68.336%))
  Logic Levels:           10  (CARRY8=5 LUT5=2 LUT6=3)
  Clock Path Skew:        -0.013ns (DCD - SCD + CPR)
    Destination Clock Delay (DCD):    0.029ns = ( 5.029 - 5.000 ) 
    Source Clock Delay      (SCD):    0.042ns
    Clock Pessimism Removal (CPR):    0.000ns
  Clock Uncertainty:      0.035ns  ((TSJ^2 + TIJ^2)^1/2 + DJ) / 2 + PE
    Total System Jitter     (TSJ):    0.071ns
    Total Input Jitter      (TIJ):    0.000ns
    Discrete Jitter          (DJ):    0.000ns
    Phase Error              (PE):    0.000ns

    Location             Delay type                Incr(ns)  Path(ns)    Netlist Resource(s)
  -------------------------------------------------------------------    -------------------
                         (clock clk rise edge)        0.000     0.000 r  
                                                      0.000     0.000 r  clk (IN)
                         net (fo=655, unset)          0.042     0.042    u_requant/clk
    SLICE_X48Y3          FDRE                                         r  u_requant/right_shift_q_reg[7][2]/C
  -------------------------------------------------------------------    -------------------
    SLICE_X48Y3          FDRE (Prop_EFF_SLICEL_C_Q)
                                                      0.114     0.156 r  u_requant/right_shift_q_reg[7][2]/Q
                         net (fo=102, routed)         0.787     0.943    u_requant/right_shift_q_reg[7]_10[2]
    SLICE_X51Y6          LUT6 (Prop_F6LUT_SLICEL_I1_O)
                                                      0.150     1.093 r  u_requant/rounded_q[7][45]_i_86/O
                         net (fo=17, routed)          0.354     1.448    u_requant/rounded_q[7][45]_i_86_n_0
    SLICE_X50Y1          LUT6 (Prop_A6LUT_SLICEL_I3_O)
                                                      0.188     1.636 r  u_requant/rounded_q[7][45]_i_85/O
                         net (fo=1, routed)           0.014     1.650    u_requant/rounded_q[7][45]_i_85_n_0
    SLICE_X50Y1          CARRY8 (Prop_CARRY8_SLICEL_S[0]_CO[7])
                                                      0.278     1.928 r  u_requant/rounded_q_reg[7][45]_i_51/CO[7]
                         net (fo=1, routed)           0.030     1.958    u_requant/rounded_q_reg[7][45]_i_51_n_0
    SLICE_X50Y2          CARRY8 (Prop_CARRY8_SLICEL_CI_CO[7])
                                                      0.065     2.023 r  u_requant/rounded_q_reg[7][45]_i_33/CO[7]
                         net (fo=1, routed)           0.030     2.053    u_requant/rounded_q_reg[7][45]_i_33_n_0
    SLICE_X50Y3          CARRY8 (Prop_CARRY8_SLICEL_CI_CO[7])
                                                      0.065     2.118 r  u_requant/rounded_q_reg[7][45]_i_12/CO[7]
                         net (fo=1, routed)           0.030     2.148    u_requant/rounded_q_reg[7][45]_i_12_n_0
    SLICE_X50Y4          CARRY8 (Prop_CARRY8_SLICEL_CI_CO[7])
                                                      0.065     2.213 r  u_requant/rounded_q_reg[7][45]_i_2/CO[7]
                         net (fo=1, routed)           0.030     2.243    u_requant/rounded_q_reg[7][45]_i_2_n_0
    SLICE_X50Y5          CARRY8 (Prop_CARRY8_SLICEL_CI_O[4])
                                                      0.127     2.370 r  u_requant/rounded_q_reg[7][45]_i_1/O[4]
                         net (fo=53, routed)          0.282     2.651    u_requant/rounded_q_reg[7][45]_i_1_n_11
    SLICE_X49Y4          LUT5 (Prop_D5LUT_SLICEL_I2_O)
                                                      0.088     2.739 r  u_requant/rounded_q[7][7]_i_3/O
                         net (fo=4, routed)           0.590     3.329    u_requant/rounded_q[7][7]_i_3_n_0
    SLICE_X48Y4          LUT6 (Prop_G6LUT_SLICEL_I0_O)
                                                      0.057     3.386 r  u_requant/rounded_q[7][1]_i_2/O
                         net (fo=2, routed)           0.548     3.934    u_requant/rounded_q[7][1]_i_2_n_0
    SLICE_X49Y6          LUT5 (Prop_B6LUT_SLICEL_I0_O)
                                                      0.083     4.017 r  u_requant/rounded_q[7][1]_i_1/O
                         net (fo=1, routed)           0.067     4.084    u_requant/rounded_q[7][1]_i_1_n_0
    SLICE_X49Y6          FDRE                                         r  u_requant/rounded_q_reg[7][1]/D
  -------------------------------------------------------------------    -------------------

                         (clock clk rise edge)        5.000     5.000 r  
                                                      0.000     5.000 r  clk (IN)
                         net (fo=655, unset)          0.029     5.029    u_requant/clk
    SLICE_X49Y6          FDRE                                         r  u_requant/rounded_q_reg[7][1]/C
                         clock pessimism              0.000     5.029    
                         clock uncertainty           -0.035     4.994    
    SLICE_X49Y6          FDRE (Setup_BFF_SLICEL_C_D)
                                                      0.044     5.038    u_requant/rounded_q_reg[7][1]
  -------------------------------------------------------------------
                         required time                          5.038    
                         arrival time                          -4.084    
  -------------------------------------------------------------------
                         slack                                  0.953    

Slack (MET) :             1.005ns  (required time - arrival time)
  Source:                 u_requant/right_shift_q_reg[7][2]/C
                            (rising edge-triggered cell FDRE clocked by clk  {rise@0.000ns fall@2.500ns period=5.000ns})
  Destination:            u_requant/rounded_q_reg[7][2]/D
                            (rising edge-triggered cell FDRE clocked by clk  {rise@0.000ns fall@2.500ns period=5.000ns})
  Path Group:             clk
  Path Type:              Setup (Max at Slow Process Corner)
  Requirement:            5.000ns  (clk rise@5.000ns - clk rise@0.000ns)
  Data Path Delay:        3.991ns  (logic 1.408ns (35.283%)  route 2.583ns (64.717%))
  Logic Levels:           10  (CARRY8=5 LUT5=2 LUT6=3)
  Clock Path Skew:        -0.013ns (DCD - SCD + CPR)
    Destination Clock Delay (DCD):    0.029ns = ( 5.029 - 5.000 ) 
    Source Clock Delay      (SCD):    0.042ns
    Clock Pessimism Removal (CPR):    0.000ns
  Clock Uncertainty:      0.035ns  ((TSJ^2 + TIJ^2)^1/2 + DJ) / 2 + PE
    Total System Jitter     (TSJ):    0.071ns
    Total Input Jitter      (TIJ):    0.000ns
    Discrete Jitter          (DJ):    0.000ns
    Phase Error              (PE):    0.000ns

    Location             Delay type                Incr(ns)  Path(ns)    Netlist Resource(s)
  -------------------------------------------------------------------    -------------------
                         (clock clk rise edge)        0.000     0.000 r  
                                                      0.000     0.000 r  clk (IN)
                         net (fo=655, unset)          0.042     0.042    u_requant/clk
    SLICE_X48Y3          FDRE                                         r  u_requant/right_shift_q_reg[7][2]/C
  -------------------------------------------------------------------    -------------------
    SLICE_X48Y3          FDRE (Prop_EFF_SLICEL_C_Q)
                                                      0.114     0.156 r  u_requant/right_shift_q_reg[7][2]/Q
                         net (fo=102, routed)         0.787     0.943    u_requant/right_shift_q_reg[7]_10[2]
    SLICE_X51Y6          LUT6 (Prop_F6LUT_SLICEL_I1_O)
                                                      0.150     1.093 r  u_requant/rounded_q[7][45]_i_86/O
                         net (fo=17, routed)          0.354     1.448    u_requant/rounded_q[7][45]_i_86_n_0
    SLICE_X50Y1          LUT6 (Prop_A6LUT_SLICEL_I3_O)
                                                      0.188     1.636 r  u_requant/rounded_q[7][45]_i_85/O
                         net (fo=1, routed)           0.014     1.650    u_requant/rounded_q[7][45]_i_85_n_0
    SLICE_X50Y1          CARRY8 (Prop_CARRY8_SLICEL_S[0]_CO[7])
                                                      0.278     1.928 r  u_requant/rounded_q_reg[7][45]_i_51/CO[7]
                         net (fo=1, routed)           0.030     1.958    u_requant/rounded_q_reg[7][45]_i_51_n_0
    SLICE_X50Y2          CARRY8 (Prop_CARRY8_SLICEL_CI_CO[7])
                                                      0.065     2.023 r  u_requant/rounded_q_reg[7][45]_i_33/CO[7]
                         net (fo=1, routed)           0.030     2.053    u_requant/rounded_q_reg[7][45]_i_33_n_0
    SLICE_X50Y3          CARRY8 (Prop_CARRY8_SLICEL_CI_CO[7])
                                                      0.065     2.118 r  u_requant/rounded_q_reg[7][45]_i_12/CO[7]
                         net (fo=1, routed)           0.030     2.148    u_requant/rounded_q_reg[7][45]_i_12_n_0
    SLICE_X50Y4          CARRY8 (Prop_CARRY8_SLICEL_CI_CO[7])
                                                      0.065     2.213 r  u_requant/rounded_q_reg[7][45]_i_2/CO[7]
                         net (fo=1, routed)           0.030     2.243    u_requant/rounded_q_reg[7][45]_i_2_n_0
    SLICE_X50Y5          CARRY8 (Prop_CARRY8_SLICEL_CI_O[4])
                                                      0.127     2.370 r  u_requant/rounded_q_reg[7][45]_i_1/O[4]
                         net (fo=53, routed)          0.282     2.651    u_requant/rounded_q_reg[7][45]_i_1_n_11
    SLICE_X49Y4          LUT5 (Prop_D5LUT_SLICEL_I2_O)
                                                      0.088     2.739 r  u_requant/rounded_q[7][7]_i_3/O
                         net (fo=4, routed)           0.502     3.241    u_requant/rounded_q[7][7]_i_3_n_0
    SLICE_X48Y5          LUT6 (Prop_F6LUT_SLICEL_I3_O)
                                                      0.187     3.428 r  u_requant/rounded_q[7][3]_i_2/O
                         net (fo=2, routed)           0.456     3.885    u_requant/rounded_q[7][3]_i_2_n_0
    SLICE_X50Y7          LUT5 (Prop_D6LUT_SLICEL_I2_O)
                                                      0.081     3.966 r  u_requant/rounded_q[7][2]_i_1/O
                         net (fo=1, routed)           0.067     4.033    u_requant/rounded_q[7][2]_i_1_n_0
    SLICE_X50Y7          FDRE                                         r  u_requant/rounded_q_reg[7][2]/D
  -------------------------------------------------------------------    -------------------

                         (clock clk rise edge)        5.000     5.000 r  
                                                      0.000     5.000 r  clk (IN)
                         net (fo=655, unset)          0.029     5.029    u_requant/clk
    SLICE_X50Y7          FDRE                                         r  u_requant/rounded_q_reg[7][2]/C
                         clock pessimism              0.000     5.029    
                         clock uncertainty           -0.035     4.994    
    SLICE_X50Y7          FDRE (Setup_DFF_SLICEL_C_D)
                                                      0.044     5.038    u_requant/rounded_q_reg[7][2]
  -------------------------------------------------------------------
                         required time                          5.038    
                         arrival time                          -4.033    
  -------------------------------------------------------------------
                         slack                                  1.005    

Slack (MET) :             1.011ns  (required time - arrival time)
  Source:                 u_requant/right_shift_q_reg[7][2]/C
                            (rising edge-triggered cell FDRE clocked by clk  {rise@0.000ns fall@2.500ns period=5.000ns})
  Destination:            u_requant/rounded_q_reg[7][0]/D
                            (rising edge-triggered cell FDRE clocked by clk  {rise@0.000ns fall@2.500ns period=5.000ns})
  Path Group:             clk
  Path Type:              Setup (Max at Slow Process Corner)
  Requirement:            5.000ns  (clk rise@5.000ns - clk rise@0.000ns)
  Data Path Delay:        3.984ns  (logic 1.278ns (32.075%)  route 2.706ns (67.925%))
  Logic Levels:           10  (CARRY8=5 LUT5=2 LUT6=3)
  Clock Path Skew:        -0.013ns (DCD - SCD + CPR)
    Destination Clock Delay (DCD):    0.029ns = ( 5.029 - 5.000 ) 
    Source Clock Delay      (SCD):    0.042ns
    Clock Pessimism Removal (CPR):    0.000ns
  Clock Uncertainty:      0.035ns  ((TSJ^2 + TIJ^2)^1/2 + DJ) / 2 + PE
    Total System Jitter     (TSJ):    0.071ns
    Total Input Jitter      (TIJ):    0.000ns
    Discrete Jitter          (DJ):    0.000ns
    Phase Error              (PE):    0.000ns

    Location             Delay type                Incr(ns)  Path(ns)    Netlist Resource(s)
  -------------------------------------------------------------------    -------------------
                         (clock clk rise edge)        0.000     0.000 r  
                                                      0.000     0.000 r  clk (IN)
                         net (fo=655, unset)          0.042     0.042    u_requant/clk
    SLICE_X48Y3          FDRE                                         r  u_requant/right_shift_q_reg[7][2]/C
  -------------------------------------------------------------------    -------------------
    SLICE_X48Y3          FDRE (Prop_EFF_SLICEL_C_Q)
                                                      0.114     0.156 r  u_requant/right_shift_q_reg[7][2]/Q
                         net (fo=102, routed)         0.787     0.943    u_requant/right_shift_q_reg[7]_10[2]
    SLICE_X51Y6          LUT6 (Prop_F6LUT_SLICEL_I1_O)
                                                      0.150     1.093 r  u_requant/rounded_q[7][45]_i_86/O
                         net (fo=17, routed)          0.354     1.448    u_requant/rounded_q[7][45]_i_86_n_0
    SLICE_X50Y1          LUT6 (Prop_A6LUT_SLICEL_I3_O)
                                                      0.188     1.636 r  u_requant/rounded_q[7][45]_i_85/O
                         net (fo=1, routed)           0.014     1.650    u_requant/rounded_q[7][45]_i_85_n_0
    SLICE_X50Y1          CARRY8 (Prop_CARRY8_SLICEL_S[0]_CO[7])
                                                      0.278     1.928 r  u_requant/rounded_q_reg[7][45]_i_51/CO[7]
                         net (fo=1, routed)           0.030     1.958    u_requant/rounded_q_reg[7][45]_i_51_n_0
    SLICE_X50Y2          CARRY8 (Prop_CARRY8_SLICEL_CI_CO[7])
                                                      0.065     2.023 r  u_requant/rounded_q_reg[7][45]_i_33/CO[7]
                         net (fo=1, routed)           0.030     2.053    u_requant/rounded_q_reg[7][45]_i_33_n_0
    SLICE_X50Y3          CARRY8 (Prop_CARRY8_SLICEL_CI_CO[7])
                                                      0.065     2.118 r  u_requant/rounded_q_reg[7][45]_i_12/CO[7]
                         net (fo=1, routed)           0.030     2.148    u_requant/rounded_q_reg[7][45]_i_12_n_0
    SLICE_X50Y4          CARRY8 (Prop_CARRY8_SLICEL_CI_CO[7])
                                                      0.065     2.213 r  u_requant/rounded_q_reg[7][45]_i_2/CO[7]
                         net (fo=1, routed)           0.030     2.243    u_requant/rounded_q_reg[7][45]_i_2_n_0
    SLICE_X50Y5          CARRY8 (Prop_CARRY8_SLICEL_CI_O[4])
                                                      0.127     2.370 r  u_requant/rounded_q_reg[7][45]_i_1/O[4]
                         net (fo=53, routed)          0.282     2.651    u_requant/rounded_q_reg[7][45]_i_1_n_11
    SLICE_X49Y4          LUT5 (Prop_D5LUT_SLICEL_I2_O)
                                                      0.088     2.739 r  u_requant/rounded_q[7][7]_i_3/O
                         net (fo=4, routed)           0.590     3.329    u_requant/rounded_q[7][7]_i_3_n_0
    SLICE_X48Y4          LUT6 (Prop_G6LUT_SLICEL_I0_O)
                                                      0.057     3.386 r  u_requant/rounded_q[7][1]_i_2/O
                         net (fo=2, routed)           0.492     3.878    u_requant/rounded_q[7][1]_i_2_n_0
    SLICE_X49Y6          LUT5 (Prop_D6LUT_SLICEL_I2_O)
                                                      0.081     3.959 r  u_requant/rounded_q[7][0]_i_1/O
                         net (fo=1, routed)           0.067     4.026    u_requant/rounded_q[7][0]_i_1_n_0
    SLICE_X49Y6          FDRE                                         r  u_requant/rounded_q_reg[7][0]/D
  -------------------------------------------------------------------    -------------------

                         (clock clk rise edge)        5.000     5.000 r  
                                                      0.000     5.000 r  clk (IN)
                         net (fo=655, unset)          0.029     5.029    u_requant/clk
    SLICE_X49Y6          FDRE                                         r  u_requant/rounded_q_reg[7][0]/C
                         clock pessimism              0.000     5.029    
                         clock uncertainty           -0.035     4.994    
    SLICE_X49Y6          FDRE (Setup_DFF_SLICEL_C_D)
                                                      0.044     5.038    u_requant/rounded_q_reg[7][0]
  -------------------------------------------------------------------
                         required time                          5.038    
                         arrival time                          -4.026    
  -------------------------------------------------------------------
                         slack                                  1.011    

Slack (MET) :             1.175ns  (required time - arrival time)
  Source:                 u_requant/right_shift_q_reg[7][2]/C
                            (rising edge-triggered cell FDRE clocked by clk  {rise@0.000ns fall@2.500ns period=5.000ns})
  Destination:            u_requant/rounded_q_reg[7][9]/D
                            (rising edge-triggered cell FDRE clocked by clk  {rise@0.000ns fall@2.500ns period=5.000ns})
  Path Group:             clk
  Path Type:              Setup (Max at Slow Process Corner)
  Requirement:            5.000ns  (clk rise@5.000ns - clk rise@0.000ns)
  Data Path Delay:        3.821ns  (logic 1.539ns (40.276%)  route 2.282ns (59.724%))
  Logic Levels:           10  (CARRY8=5 LUT4=1 LUT5=1 LUT6=3)
  Clock Path Skew:        -0.013ns (DCD - SCD + CPR)
    Destination Clock Delay (DCD):    0.029ns = ( 5.029 - 5.000 ) 
    Source Clock Delay      (SCD):    0.042ns
    Clock Pessimism Removal (CPR):    0.000ns
  Clock Uncertainty:      0.035ns  ((TSJ^2 + TIJ^2)^1/2 + DJ) / 2 + PE
    Total System Jitter     (TSJ):    0.071ns
    Total Input Jitter      (TIJ):    0.000ns
    Discrete Jitter          (DJ):    0.000ns
    Phase Error              (PE):    0.000ns

    Location             Delay type                Incr(ns)  Path(ns)    Netlist Resource(s)
  -------------------------------------------------------------------    -------------------
                         (clock clk rise edge)        0.000     0.000 r  
                                                      0.000     0.000 r  clk (IN)
                         net (fo=655, unset)          0.042     0.042    u_requant/clk
    SLICE_X48Y3          FDRE                                         r  u_requant/right_shift_q_reg[7][2]/C
  -------------------------------------------------------------------    -------------------
    SLICE_X48Y3          FDRE (Prop_EFF_SLICEL_C_Q)
                                                      0.114     0.156 r  u_requant/right_shift_q_reg[7][2]/Q
                         net (fo=102, routed)         0.787     0.943    u_requant/right_shift_q_reg[7]_10[2]
    SLICE_X51Y6          LUT6 (Prop_F6LUT_SLICEL_I1_O)
                                                      0.150     1.093 r  u_requant/rounded_q[7][45]_i_86/O
                         net (fo=17, routed)          0.354     1.448    u_requant/rounded_q[7][45]_i_86_n_0
    SLICE_X50Y1          LUT6 (Prop_A6LUT_SLICEL_I3_O)
                                                      0.188     1.636 r  u_requant/rounded_q[7][45]_i_85/O
                         net (fo=1, routed)           0.014     1.650    u_requant/rounded_q[7][45]_i_85_n_0
    SLICE_X50Y1          CARRY8 (Prop_CARRY8_SLICEL_S[0]_CO[7])
                                                      0.278     1.928 r  u_requant/rounded_q_reg[7][45]_i_51/CO[7]
                         net (fo=1, routed)           0.030     1.958    u_requant/rounded_q_reg[7][45]_i_51_n_0
    SLICE_X50Y2          CARRY8 (Prop_CARRY8_SLICEL_CI_CO[7])
                                                      0.065     2.023 r  u_requant/rounded_q_reg[7][45]_i_33/CO[7]
                         net (fo=1, routed)           0.030     2.053    u_requant/rounded_q_reg[7][45]_i_33_n_0
    SLICE_X50Y3          CARRY8 (Prop_CARRY8_SLICEL_CI_CO[7])
                                                      0.065     2.118 r  u_requant/rounded_q_reg[7][45]_i_12/CO[7]
                         net (fo=1, routed)           0.030     2.148    u_requant/rounded_q_reg[7][45]_i_12_n_0
    SLICE_X50Y4          CARRY8 (Prop_CARRY8_SLICEL_CI_CO[7])
                                                      0.065     2.213 r  u_requant/rounded_q_reg[7][45]_i_2/CO[7]
                         net (fo=1, routed)           0.030     2.243    u_requant/rounded_q_reg[7][45]_i_2_n_0
    SLICE_X50Y5          CARRY8 (Prop_CARRY8_SLICEL_CI_O[4])
                                                      0.127     2.370 r  u_requant/rounded_q_reg[7][45]_i_1/O[4]
                         net (fo=53, routed)          0.230     2.599    u_requant/rounded_q_reg[7][45]_i_1_n_11
    SLICE_X49Y6          LUT4 (Prop_C6LUT_SLICEL_I3_O)
                                                      0.150     2.749 r  u_requant/rounded_q[7][12]_i_3/O
                         net (fo=2, routed)           0.607     3.356    u_requant/rounded_q[7][12]_i_3_n_0
    SLICE_X47Y6          LUT6 (Prop_G6LUT_SLICEL_I0_O)
                                                      0.186     3.542 r  u_requant/rounded_q[7][10]_i_2/O
                         net (fo=2, routed)           0.104     3.646    u_requant/rounded_q[7][10]_i_2_n_0
    SLICE_X48Y6          LUT5 (Prop_G6LUT_SLICEL_I2_O)
                                                      0.151     3.797 r  u_requant/rounded_q[7][9]_i_1/O
                         net (fo=1, routed)           0.066     3.863    u_requant/rounded_q[7][9]_i_1_n_0
    SLICE_X48Y6          FDRE                                         r  u_requant/rounded_q_reg[7][9]/D
  -------------------------------------------------------------------    -------------------

                         (clock clk rise edge)        5.000     5.000 r  
                                                      0.000     5.000 r  clk (IN)
                         net (fo=655, unset)          0.029     5.029    u_requant/clk
    SLICE_X48Y6          FDRE                                         r  u_requant/rounded_q_reg[7][9]/C
                         clock pessimism              0.000     5.029    
                         clock uncertainty           -0.035     4.994    
    SLICE_X48Y6          FDRE (Setup_GFF_SLICEL_C_D)
                                                      0.044     5.038    u_requant/rounded_q_reg[7][9]
  -------------------------------------------------------------------
                         required time                          5.038    
                         arrival time                          -3.863    
  -------------------------------------------------------------------
                         slack                                  1.175    

Slack (MET) :             1.222ns  (required time - arrival time)
  Source:                 u_scanner/scan_m_q_reg[0]_rep/C
                            (rising edge-triggered cell FDRE clocked by clk  {rise@0.000ns fall@2.500ns period=5.000ns})
  Destination:            u_requant/product_pipe_q_reg[5]/DSP_PREADD_DATA_INST/AD[10]
                            (rising edge-triggered cell DSP_PREADD_DATA clocked by clk  {rise@0.000ns fall@2.500ns period=5.000ns})
  Path Group:             clk
  Path Type:              Setup (Max at Slow Process Corner)
  Requirement:            5.000ns  (clk rise@5.000ns - clk rise@0.000ns)
  Data Path Delay:        3.791ns  (logic 1.400ns (36.931%)  route 2.391ns (63.069%))
  Logic Levels:           4  (DSP_PREADD=1 DSP_PREADD_DATA=1 LUT3=1 LUT6=1)
  Clock Path Skew:        0.013ns (DCD - SCD + CPR)
    Destination Clock Delay (DCD):    0.055ns = ( 5.055 - 5.000 ) 
    Source Clock Delay      (SCD):    0.042ns
    Clock Pessimism Removal (CPR):    0.000ns
  Clock Uncertainty:      0.035ns  ((TSJ^2 + TIJ^2)^1/2 + DJ) / 2 + PE
    Total System Jitter     (TSJ):    0.071ns
    Total Input Jitter      (TIJ):    0.000ns
    Discrete Jitter          (DJ):    0.000ns
    Phase Error              (PE):    0.000ns

    Location             Delay type                Incr(ns)  Path(ns)    Netlist Resource(s)
  -------------------------------------------------------------------    -------------------
                         (clock clk rise edge)        0.000     0.000 r  
                                                      0.000     0.000 r  clk (IN)
                         net (fo=655, unset)          0.042     0.042    u_scanner/clk
    SLICE_X49Y11         FDRE                                         r  u_scanner/scan_m_q_reg[0]_rep/C
  -------------------------------------------------------------------    -------------------
    SLICE_X49Y11         FDRE (Prop_HFF_SLICEL_C_Q)
                                                      0.113     0.155 r  u_scanner/scan_m_q_reg[0]_rep/Q
                         net (fo=143, routed)         1.521     1.676    u_scanner/scan_m_q_reg[0]_rep_n_0
    SLICE_X55Y2          LUT6 (Prop_H6LUT_SLICEL_I2_O)
                                                      0.153     1.829 f  u_scanner/product_pipe_q_reg[5]_i_29/O
                         net (fo=27, routed)          0.401     2.230    u_scanner/product_pipe_q_reg[5]_i_29_n_0
    SLICE_X53Y1          LUT3 (Prop_D5LUT_SLICEM_I1_O)
                                                      0.091     2.321 f  u_scanner/product_pipe_q_reg[5]_i_22/O
                         net (fo=1, routed)           0.469     2.790    u_requant/product_pipe_q_reg[5]/D[6]
    DSP48E2_X12Y1        DSP_PREADD_DATA (Prop_DSP_PREADD_DATA_DSP48E2_DIN[6]_D_DATA[6])
                                                      0.348     3.138 r  u_requant/product_pipe_q_reg[5]/DSP_PREADD_DATA_INST/D_DATA[6]
                         net (fo=1, routed)           0.000     3.138    u_requant/product_pipe_q_reg[5]/DSP_PREADD_DATA.D_DATA<6>
    DSP48E2_X12Y1        DSP_PREADD (Prop_DSP_PREADD_DSP48E2_D_DATA[6]_AD[10])
                                                      0.695     3.833 r  u_requant/product_pipe_q_reg[5]/DSP_PREADD_INST/AD[10]
                         net (fo=1, routed)           0.000     3.833    u_requant/product_pipe_q_reg[5]/DSP_PREADD.AD<10>
    DSP48E2_X12Y1        DSP_PREADD_DATA                              r  u_requant/product_pipe_q_reg[5]/DSP_PREADD_DATA_INST/AD[10]
  -------------------------------------------------------------------    -------------------

                         (clock clk rise edge)        5.000     5.000 r  
                                                      0.000     5.000 r  clk (IN)
                         net (fo=655, unset)          0.055     5.055    u_requant/product_pipe_q_reg[5]/CLK
    DSP48E2_X12Y1        DSP_PREADD_DATA                              r  u_requant/product_pipe_q_reg[5]/DSP_PREADD_DATA_INST/CLK
                         clock pessimism              0.000     5.055    
                         clock uncertainty           -0.035     5.020    
    DSP48E2_X12Y1        DSP_PREADD_DATA (Setup_DSP_PREADD_DATA_DSP48E2_CLK_AD[10])
                                                      0.035     5.055    u_requant/product_pipe_q_reg[5]/DSP_PREADD_DATA_INST
  -------------------------------------------------------------------
                         required time                          5.055    
                         arrival time                          -3.833    
  -------------------------------------------------------------------
                         slack                                  1.222    

Slack (MET) :             1.222ns  (required time - arrival time)
  Source:                 u_scanner/scan_m_q_reg[0]_rep/C
                            (rising edge-triggered cell FDRE clocked by clk  {rise@0.000ns fall@2.500ns period=5.000ns})
  Destination:            u_requant/product_pipe_q_reg[5]/DSP_PREADD_DATA_INST/AD[11]
                            (rising edge-triggered cell DSP_PREADD_DATA clocked by clk  {rise@0.000ns fall@2.500ns period=5.000ns})
  Path Group:             clk
  Path Type:              Setup (Max at Slow Process Corner)
  Requirement:            5.000ns  (clk rise@5.000ns - clk rise@0.000ns)
  Data Path Delay:        3.791ns  (logic 1.400ns (36.931%)  route 2.391ns (63.069%))
  Logic Levels:           4  (DSP_PREADD=1 DSP_PREADD_DATA=1 LUT3=1 LUT6=1)
  Clock Path Skew:        0.013ns (DCD - SCD + CPR)
    Destination Clock Delay (DCD):    0.055ns = ( 5.055 - 5.000 ) 
    Source Clock Delay      (SCD):    0.042ns
    Clock Pessimism Removal (CPR):    0.000ns
  Clock Uncertainty:      0.035ns  ((TSJ^2 + TIJ^2)^1/2 + DJ) / 2 + PE
    Total System Jitter     (TSJ):    0.071ns
    Total Input Jitter      (TIJ):    0.000ns
    Discrete Jitter          (DJ):    0.000ns
    Phase Error              (PE):    0.000ns

    Location             Delay type                Incr(ns)  Path(ns)    Netlist Resource(s)
  -------------------------------------------------------------------    -------------------
                         (clock clk rise edge)        0.000     0.000 r  
                                                      0.000     0.000 r  clk (IN)
                         net (fo=655, unset)          0.042     0.042    u_scanner/clk
    SLICE_X49Y11         FDRE                                         r  u_scanner/scan_m_q_reg[0]_rep/C
  -------------------------------------------------------------------    -------------------
    SLICE_X49Y11         FDRE (Prop_HFF_SLICEL_C_Q)
                                                      0.113     0.155 r  u_scanner/scan_m_q_reg[0]_rep/Q
                         net (fo=143, routed)         1.521     1.676    u_scanner/scan_m_q_reg[0]_rep_n_0
    SLICE_X55Y2          LUT6 (Prop_H6LUT_SLICEL_I2_O)
                                                      0.153     1.829 f  u_scanner/product_pipe_q_reg[5]_i_29/O
                         net (fo=27, routed)          0.401     2.230    u_scanner/product_pipe_q_reg[5]_i_29_n_0
    SLICE_X53Y1          LUT3 (Prop_D5LUT_SLICEM_I1_O)
                                                      0.091     2.321 f  u_scanner/product_pipe_q_reg[5]_i_22/O
                         net (fo=1, routed)           0.469     2.790    u_requant/product_pipe_q_reg[5]/D[6]
    DSP48E2_X12Y1        DSP_PREADD_DATA (Prop_DSP_PREADD_DATA_DSP48E2_DIN[6]_D_DATA[6])
                                                      0.348     3.138 r  u_requant/product_pipe_q_reg[5]/DSP_PREADD_DATA_INST/D_DATA[6]
                         net (fo=1, routed)           0.000     3.138    u_requant/product_pipe_q_reg[5]/DSP_PREADD_DATA.D_DATA<6>
    DSP48E2_X12Y1        DSP_PREADD (Prop_DSP_PREADD_DSP48E2_D_DATA[6]_AD[11])
                                                      0.695     3.833 r  u_requant/product_pipe_q_reg[5]/DSP_PREADD_INST/AD[11]
                         net (fo=1, routed)           0.000     3.833    u_requant/product_pipe_q_reg[5]/DSP_PREADD.AD<11>
    DSP48E2_X12Y1        DSP_PREADD_DATA                              r  u_requant/product_pipe_q_reg[5]/DSP_PREADD_DATA_INST/AD[11]
  -------------------------------------------------------------------    -------------------

                         (clock clk rise edge)        5.000     5.000 r  
                                                      0.000     5.000 r  clk (IN)
                         net (fo=655, unset)          0.055     5.055    u_requant/product_pipe_q_reg[5]/CLK
    DSP48E2_X12Y1        DSP_PREADD_DATA                              r  u_requant/product_pipe_q_reg[5]/DSP_PREADD_DATA_INST/CLK
                         clock pessimism              0.000     5.055    
                         clock uncertainty           -0.035     5.020    
    DSP48E2_X12Y1        DSP_PREADD_DATA (Setup_DSP_PREADD_DATA_DSP48E2_CLK_AD[11])
                                                      0.035     5.055    u_requant/product_pipe_q_reg[5]/DSP_PREADD_DATA_INST
  -------------------------------------------------------------------
                         required time                          5.055    
                         arrival time                          -3.833    
  -------------------------------------------------------------------
                         slack                                  1.222    

Slack (MET) :             1.222ns  (required time - arrival time)
  Source:                 u_scanner/scan_m_q_reg[0]_rep/C
                            (rising edge-triggered cell FDRE clocked by clk  {rise@0.000ns fall@2.500ns period=5.000ns})
  Destination:            u_requant/product_pipe_q_reg[5]/DSP_PREADD_DATA_INST/AD[12]
                            (rising edge-triggered cell DSP_PREADD_DATA clocked by clk  {rise@0.000ns fall@2.500ns period=5.000ns})
  Path Group:             clk
  Path Type:              Setup (Max at Slow Process Corner)
  Requirement:            5.000ns  (clk rise@5.000ns - clk rise@0.000ns)
  Data Path Delay:        3.791ns  (logic 1.400ns (36.931%)  route 2.391ns (63.069%))
  Logic Levels:           4  (DSP_PREADD=1 DSP_PREADD_DATA=1 LUT3=1 LUT6=1)
  Clock Path Skew:        0.013ns (DCD - SCD + CPR)
    Destination Clock Delay (DCD):    0.055ns = ( 5.055 - 5.000 ) 
    Source Clock Delay      (SCD):    0.042ns
    Clock Pessimism Removal (CPR):    0.000ns
  Clock Uncertainty:      0.035ns  ((TSJ^2 + TIJ^2)^1/2 + DJ) / 2 + PE
    Total System Jitter     (TSJ):    0.071ns
    Total Input Jitter      (TIJ):    0.000ns
    Discrete Jitter          (DJ):    0.000ns
    Phase Error              (PE):    0.000ns

    Location             Delay type                Incr(ns)  Path(ns)    Netlist Resource(s)
  -------------------------------------------------------------------    -------------------
                         (clock clk rise edge)        0.000     0.000 r  
                                                      0.000     0.000 r  clk (IN)
                         net (fo=655, unset)          0.042     0.042    u_scanner/clk
    SLICE_X49Y11         FDRE                                         r  u_scanner/scan_m_q_reg[0]_rep/C
  -------------------------------------------------------------------    -------------------
    SLICE_X49Y11         FDRE (Prop_HFF_SLICEL_C_Q)
                                                      0.113     0.155 r  u_scanner/scan_m_q_reg[0]_rep/Q
                         net (fo=143, routed)         1.521     1.676    u_scanner/scan_m_q_reg[0]_rep_n_0
    SLICE_X55Y2          LUT6 (Prop_H6LUT_SLICEL_I2_O)
                                                      0.153     1.829 f  u_scanner/product_pipe_q_reg[5]_i_29/O
                         net (fo=27, routed)          0.401     2.230    u_scanner/product_pipe_q_reg[5]_i_29_n_0
    SLICE_X53Y1          LUT3 (Prop_D5LUT_SLICEM_I1_O)
                                                      0.091     2.321 f  u_scanner/product_pipe_q_reg[5]_i_22/O
                         net (fo=1, routed)           0.469     2.790    u_requant/product_pipe_q_reg[5]/D[6]
    DSP48E2_X12Y1        DSP_PREADD_DATA (Prop_DSP_PREADD_DATA_DSP48E2_DIN[6]_D_DATA[6])
                                                      0.348     3.138 r  u_requant/product_pipe_q_reg[5]/DSP_PREADD_DATA_INST/D_DATA[6]
                         net (fo=1, routed)           0.000     3.138    u_requant/product_pipe_q_reg[5]/DSP_PREADD_DATA.D_DATA<6>
    DSP48E2_X12Y1        DSP_PREADD (Prop_DSP_PREADD_DSP48E2_D_DATA[6]_AD[12])
                                                      0.695     3.833 r  u_requant/product_pipe_q_reg[5]/DSP_PREADD_INST/AD[12]
                         net (fo=1, routed)           0.000     3.833    u_requant/product_pipe_q_reg[5]/DSP_PREADD.AD<12>
    DSP48E2_X12Y1        DSP_PREADD_DATA                              r  u_requant/product_pipe_q_reg[5]/DSP_PREADD_DATA_INST/AD[12]
  -------------------------------------------------------------------    -------------------

                         (clock clk rise edge)        5.000     5.000 r  
                                                      0.000     5.000 r  clk (IN)
                         net (fo=655, unset)          0.055     5.055    u_requant/product_pipe_q_reg[5]/CLK
    DSP48E2_X12Y1        DSP_PREADD_DATA                              r  u_requant/product_pipe_q_reg[5]/DSP_PREADD_DATA_INST/CLK
                         clock pessimism              0.000     5.055    
                         clock uncertainty           -0.035     5.020    
    DSP48E2_X12Y1        DSP_PREADD_DATA (Setup_DSP_PREADD_DATA_DSP48E2_CLK_AD[12])
                                                      0.035     5.055    u_requant/product_pipe_q_reg[5]/DSP_PREADD_DATA_INST
  -------------------------------------------------------------------
                         required time                          5.055    
                         arrival time                          -3.833    
  -------------------------------------------------------------------
                         slack                                  1.222    

Slack (MET) :             1.222ns  (required time - arrival time)
  Source:                 u_scanner/scan_m_q_reg[0]_rep/C
                            (rising edge-triggered cell FDRE clocked by clk  {rise@0.000ns fall@2.500ns period=5.000ns})
  Destination:            u_requant/product_pipe_q_reg[5]/DSP_PREADD_DATA_INST/AD[13]
                            (rising edge-triggered cell DSP_PREADD_DATA clocked by clk  {rise@0.000ns fall@2.500ns period=5.000ns})
  Path Group:             clk
  Path Type:              Setup (Max at Slow Process Corner)
  Requirement:            5.000ns  (clk rise@5.000ns - clk rise@0.000ns)
  Data Path Delay:        3.791ns  (logic 1.400ns (36.931%)  route 2.391ns (63.069%))
  Logic Levels:           4  (DSP_PREADD=1 DSP_PREADD_DATA=1 LUT3=1 LUT6=1)
  Clock Path Skew:        0.013ns (DCD - SCD + CPR)
    Destination Clock Delay (DCD):    0.055ns = ( 5.055 - 5.000 ) 
    Source Clock Delay      (SCD):    0.042ns
    Clock Pessimism Removal (CPR):    0.000ns
  Clock Uncertainty:      0.035ns  ((TSJ^2 + TIJ^2)^1/2 + DJ) / 2 + PE
    Total System Jitter     (TSJ):    0.071ns
    Total Input Jitter      (TIJ):    0.000ns
    Discrete Jitter          (DJ):    0.000ns
    Phase Error              (PE):    0.000ns

    Location             Delay type                Incr(ns)  Path(ns)    Netlist Resource(s)
  -------------------------------------------------------------------    -------------------
                         (clock clk rise edge)        0.000     0.000 r  
                                                      0.000     0.000 r  clk (IN)
                         net (fo=655, unset)          0.042     0.042    u_scanner/clk
    SLICE_X49Y11         FDRE                                         r  u_scanner/scan_m_q_reg[0]_rep/C
  -------------------------------------------------------------------    -------------------
    SLICE_X49Y11         FDRE (Prop_HFF_SLICEL_C_Q)
                                                      0.113     0.155 r  u_scanner/scan_m_q_reg[0]_rep/Q
                         net (fo=143, routed)         1.521     1.676    u_scanner/scan_m_q_reg[0]_rep_n_0
    SLICE_X55Y2          LUT6 (Prop_H6LUT_SLICEL_I2_O)
                                                      0.153     1.829 f  u_scanner/product_pipe_q_reg[5]_i_29/O
                         net (fo=27, routed)          0.401     2.230    u_scanner/product_pipe_q_reg[5]_i_29_n_0
    SLICE_X53Y1          LUT3 (Prop_D5LUT_SLICEM_I1_O)
                                                      0.091     2.321 f  u_scanner/product_pipe_q_reg[5]_i_22/O
                         net (fo=1, routed)           0.469     2.790    u_requant/product_pipe_q_reg[5]/D[6]
    DSP48E2_X12Y1        DSP_PREADD_DATA (Prop_DSP_PREADD_DATA_DSP48E2_DIN[6]_D_DATA[6])
                                                      0.348     3.138 r  u_requant/product_pipe_q_reg[5]/DSP_PREADD_DATA_INST/D_DATA[6]
                         net (fo=1, routed)           0.000     3.138    u_requant/product_pipe_q_reg[5]/DSP_PREADD_DATA.D_DATA<6>
    DSP48E2_X12Y1        DSP_PREADD (Prop_DSP_PREADD_DSP48E2_D_DATA[6]_AD[13])
                                                      0.695     3.833 r  u_requant/product_pipe_q_reg[5]/DSP_PREADD_INST/AD[13]
                         net (fo=1, routed)           0.000     3.833    u_requant/product_pipe_q_reg[5]/DSP_PREADD.AD<13>
    DSP48E2_X12Y1        DSP_PREADD_DATA                              r  u_requant/product_pipe_q_reg[5]/DSP_PREADD_DATA_INST/AD[13]
  -------------------------------------------------------------------    -------------------

                         (clock clk rise edge)        5.000     5.000 r  
                                                      0.000     5.000 r  clk (IN)
                         net (fo=655, unset)          0.055     5.055    u_requant/product_pipe_q_reg[5]/CLK
    DSP48E2_X12Y1        DSP_PREADD_DATA                              r  u_requant/product_pipe_q_reg[5]/DSP_PREADD_DATA_INST/CLK
                         clock pessimism              0.000     5.055    
                         clock uncertainty           -0.035     5.020    
    DSP48E2_X12Y1        DSP_PREADD_DATA (Setup_DSP_PREADD_DATA_DSP48E2_CLK_AD[13])
                                                      0.035     5.055    u_requant/product_pipe_q_reg[5]/DSP_PREADD_DATA_INST
  -------------------------------------------------------------------
                         required time                          5.055    
                         arrival time                          -3.833    
  -------------------------------------------------------------------
                         slack                                  1.222    

Slack (MET) :             1.222ns  (required time - arrival time)
  Source:                 u_scanner/scan_m_q_reg[0]_rep/C
                            (rising edge-triggered cell FDRE clocked by clk  {rise@0.000ns fall@2.500ns period=5.000ns})
  Destination:            u_requant/product_pipe_q_reg[5]/DSP_PREADD_DATA_INST/AD[14]
                            (rising edge-triggered cell DSP_PREADD_DATA clocked by clk  {rise@0.000ns fall@2.500ns period=5.000ns})
  Path Group:             clk
  Path Type:              Setup (Max at Slow Process Corner)
  Requirement:            5.000ns  (clk rise@5.000ns - clk rise@0.000ns)
  Data Path Delay:        3.791ns  (logic 1.400ns (36.931%)  route 2.391ns (63.069%))
  Logic Levels:           4  (DSP_PREADD=1 DSP_PREADD_DATA=1 LUT3=1 LUT6=1)
  Clock Path Skew:        0.013ns (DCD - SCD + CPR)
    Destination Clock Delay (DCD):    0.055ns = ( 5.055 - 5.000 ) 
    Source Clock Delay      (SCD):    0.042ns
    Clock Pessimism Removal (CPR):    0.000ns
  Clock Uncertainty:      0.035ns  ((TSJ^2 + TIJ^2)^1/2 + DJ) / 2 + PE
    Total System Jitter     (TSJ):    0.071ns
    Total Input Jitter      (TIJ):    0.000ns
    Discrete Jitter          (DJ):    0.000ns
    Phase Error              (PE):    0.000ns

    Location             Delay type                Incr(ns)  Path(ns)    Netlist Resource(s)
  -------------------------------------------------------------------    -------------------
                         (clock clk rise edge)        0.000     0.000 r  
                                                      0.000     0.000 r  clk (IN)
                         net (fo=655, unset)          0.042     0.042    u_scanner/clk
    SLICE_X49Y11         FDRE                                         r  u_scanner/scan_m_q_reg[0]_rep/C
  -------------------------------------------------------------------    -------------------
    SLICE_X49Y11         FDRE (Prop_HFF_SLICEL_C_Q)
                                                      0.113     0.155 r  u_scanner/scan_m_q_reg[0]_rep/Q
                         net (fo=143, routed)         1.521     1.676    u_scanner/scan_m_q_reg[0]_rep_n_0
    SLICE_X55Y2          LUT6 (Prop_H6LUT_SLICEL_I2_O)
                                                      0.153     1.829 f  u_scanner/product_pipe_q_reg[5]_i_29/O
                         net (fo=27, routed)          0.401     2.230    u_scanner/product_pipe_q_reg[5]_i_29_n_0
    SLICE_X53Y1          LUT3 (Prop_D5LUT_SLICEM_I1_O)
                                                      0.091     2.321 f  u_scanner/product_pipe_q_reg[5]_i_22/O
                         net (fo=1, routed)           0.469     2.790    u_requant/product_pipe_q_reg[5]/D[6]
    DSP48E2_X12Y1        DSP_PREADD_DATA (Prop_DSP_PREADD_DATA_DSP48E2_DIN[6]_D_DATA[6])
                                                      0.348     3.138 r  u_requant/product_pipe_q_reg[5]/DSP_PREADD_DATA_INST/D_DATA[6]
                         net (fo=1, routed)           0.000     3.138    u_requant/product_pipe_q_reg[5]/DSP_PREADD_DATA.D_DATA<6>
    DSP48E2_X12Y1        DSP_PREADD (Prop_DSP_PREADD_DSP48E2_D_DATA[6]_AD[14])
                                                      0.695     3.833 r  u_requant/product_pipe_q_reg[5]/DSP_PREADD_INST/AD[14]
                         net (fo=1, routed)           0.000     3.833    u_requant/product_pipe_q_reg[5]/DSP_PREADD.AD<14>
    DSP48E2_X12Y1        DSP_PREADD_DATA                              r  u_requant/product_pipe_q_reg[5]/DSP_PREADD_DATA_INST/AD[14]
  -------------------------------------------------------------------    -------------------

                         (clock clk rise edge)        5.000     5.000 r  
                                                      0.000     5.000 r  clk (IN)
                         net (fo=655, unset)          0.055     5.055    u_requant/product_pipe_q_reg[5]/CLK
    DSP48E2_X12Y1        DSP_PREADD_DATA                              r  u_requant/product_pipe_q_reg[5]/DSP_PREADD_DATA_INST/CLK
                         clock pessimism              0.000     5.055    
                         clock uncertainty           -0.035     5.020    
    DSP48E2_X12Y1        DSP_PREADD_DATA (Setup_DSP_PREADD_DATA_DSP48E2_CLK_AD[14])
                                                      0.035     5.055    u_requant/product_pipe_q_reg[5]/DSP_PREADD_DATA_INST
  -------------------------------------------------------------------
                         required time                          5.055    
                         arrival time                          -3.833    
  -------------------------------------------------------------------
                         slack                                  1.222    

Slack (MET) :             1.222ns  (required time - arrival time)
  Source:                 u_scanner/scan_m_q_reg[0]_rep/C
                            (rising edge-triggered cell FDRE clocked by clk  {rise@0.000ns fall@2.500ns period=5.000ns})
  Destination:            u_requant/product_pipe_q_reg[5]/DSP_PREADD_DATA_INST/AD[15]
                            (rising edge-triggered cell DSP_PREADD_DATA clocked by clk  {rise@0.000ns fall@2.500ns period=5.000ns})
  Path Group:             clk
  Path Type:              Setup (Max at Slow Process Corner)
  Requirement:            5.000ns  (clk rise@5.000ns - clk rise@0.000ns)
  Data Path Delay:        3.791ns  (logic 1.400ns (36.931%)  route 2.391ns (63.069%))
  Logic Levels:           4  (DSP_PREADD=1 DSP_PREADD_DATA=1 LUT3=1 LUT6=1)
  Clock Path Skew:        0.013ns (DCD - SCD + CPR)
    Destination Clock Delay (DCD):    0.055ns = ( 5.055 - 5.000 ) 
    Source Clock Delay      (SCD):    0.042ns
    Clock Pessimism Removal (CPR):    0.000ns
  Clock Uncertainty:      0.035ns  ((TSJ^2 + TIJ^2)^1/2 + DJ) / 2 + PE
    Total System Jitter     (TSJ):    0.071ns
    Total Input Jitter      (TIJ):    0.000ns
    Discrete Jitter          (DJ):    0.000ns
    Phase Error              (PE):    0.000ns

    Location             Delay type                Incr(ns)  Path(ns)    Netlist Resource(s)
  -------------------------------------------------------------------    -------------------
                         (clock clk rise edge)        0.000     0.000 r  
                                                      0.000     0.000 r  clk (IN)
                         net (fo=655, unset)          0.042     0.042    u_scanner/clk
    SLICE_X49Y11         FDRE                                         r  u_scanner/scan_m_q_reg[0]_rep/C
  -------------------------------------------------------------------    -------------------
    SLICE_X49Y11         FDRE (Prop_HFF_SLICEL_C_Q)
                                                      0.113     0.155 r  u_scanner/scan_m_q_reg[0]_rep/Q
                         net (fo=143, routed)         1.521     1.676    u_scanner/scan_m_q_reg[0]_rep_n_0
    SLICE_X55Y2          LUT6 (Prop_H6LUT_SLICEL_I2_O)
                                                      0.153     1.829 f  u_scanner/product_pipe_q_reg[5]_i_29/O
                         net (fo=27, routed)          0.401     2.230    u_scanner/product_pipe_q_reg[5]_i_29_n_0
    SLICE_X53Y1          LUT3 (Prop_D5LUT_SLICEM_I1_O)
                                                      0.091     2.321 f  u_scanner/product_pipe_q_reg[5]_i_22/O
                         net (fo=1, routed)           0.469     2.790    u_requant/product_pipe_q_reg[5]/D[6]
    DSP48E2_X12Y1        DSP_PREADD_DATA (Prop_DSP_PREADD_DATA_DSP48E2_DIN[6]_D_DATA[6])
                                                      0.348     3.138 r  u_requant/product_pipe_q_reg[5]/DSP_PREADD_DATA_INST/D_DATA[6]
                         net (fo=1, routed)           0.000     3.138    u_requant/product_pipe_q_reg[5]/DSP_PREADD_DATA.D_DATA<6>
    DSP48E2_X12Y1        DSP_PREADD (Prop_DSP_PREADD_DSP48E2_D_DATA[6]_AD[15])
                                                      0.695     3.833 r  u_requant/product_pipe_q_reg[5]/DSP_PREADD_INST/AD[15]
                         net (fo=1, routed)           0.000     3.833    u_requant/product_pipe_q_reg[5]/DSP_PREADD.AD<15>
    DSP48E2_X12Y1        DSP_PREADD_DATA                              r  u_requant/product_pipe_q_reg[5]/DSP_PREADD_DATA_INST/AD[15]
  -------------------------------------------------------------------    -------------------

                         (clock clk rise edge)        5.000     5.000 r  
                                                      0.000     5.000 r  clk (IN)
                         net (fo=655, unset)          0.055     5.055    u_requant/product_pipe_q_reg[5]/CLK
    DSP48E2_X12Y1        DSP_PREADD_DATA                              r  u_requant/product_pipe_q_reg[5]/DSP_PREADD_DATA_INST/CLK
                         clock pessimism              0.000     5.055    
                         clock uncertainty           -0.035     5.020    
    DSP48E2_X12Y1        DSP_PREADD_DATA (Setup_DSP_PREADD_DATA_DSP48E2_CLK_AD[15])
                                                      0.035     5.055    u_requant/product_pipe_q_reg[5]/DSP_PREADD_DATA_INST
  -------------------------------------------------------------------
                         required time                          5.055    
                         arrival time                          -3.833    
  -------------------------------------------------------------------
                         slack                                  1.222    

Slack (MET) :             1.222ns  (required time - arrival time)
  Source:                 u_scanner/scan_m_q_reg[0]_rep/C
                            (rising edge-triggered cell FDRE clocked by clk  {rise@0.000ns fall@2.500ns period=5.000ns})
  Destination:            u_requant/product_pipe_q_reg[5]/DSP_PREADD_DATA_INST/AD[16]
                            (rising edge-triggered cell DSP_PREADD_DATA clocked by clk  {rise@0.000ns fall@2.500ns period=5.000ns})
  Path Group:             clk
  Path Type:              Setup (Max at Slow Process Corner)
  Requirement:            5.000ns  (clk rise@5.000ns - clk rise@0.000ns)
  Data Path Delay:        3.791ns  (logic 1.400ns (36.931%)  route 2.391ns (63.069%))
  Logic Levels:           4  (DSP_PREADD=1 DSP_PREADD_DATA=1 LUT3=1 LUT6=1)
  Clock Path Skew:        0.013ns (DCD - SCD + CPR)
    Destination Clock Delay (DCD):    0.055ns = ( 5.055 - 5.000 ) 
    Source Clock Delay      (SCD):    0.042ns
    Clock Pessimism Removal (CPR):    0.000ns
  Clock Uncertainty:      0.035ns  ((TSJ^2 + TIJ^2)^1/2 + DJ) / 2 + PE
    Total System Jitter     (TSJ):    0.071ns
    Total Input Jitter      (TIJ):    0.000ns
    Discrete Jitter          (DJ):    0.000ns
    Phase Error              (PE):    0.000ns

    Location             Delay type                Incr(ns)  Path(ns)    Netlist Resource(s)
  -------------------------------------------------------------------    -------------------
                         (clock clk rise edge)        0.000     0.000 r  
                                                      0.000     0.000 r  clk (IN)
                         net (fo=655, unset)          0.042     0.042    u_scanner/clk
    SLICE_X49Y11         FDRE                                         r  u_scanner/scan_m_q_reg[0]_rep/C
  -------------------------------------------------------------------    -------------------
    SLICE_X49Y11         FDRE (Prop_HFF_SLICEL_C_Q)
                                                      0.113     0.155 r  u_scanner/scan_m_q_reg[0]_rep/Q
                         net (fo=143, routed)         1.521     1.676    u_scanner/scan_m_q_reg[0]_rep_n_0
    SLICE_X55Y2          LUT6 (Prop_H6LUT_SLICEL_I2_O)
                                                      0.153     1.829 f  u_scanner/product_pipe_q_reg[5]_i_29/O
                         net (fo=27, routed)          0.401     2.230    u_scanner/product_pipe_q_reg[5]_i_29_n_0
    SLICE_X53Y1          LUT3 (Prop_D5LUT_SLICEM_I1_O)
                                                      0.091     2.321 f  u_scanner/product_pipe_q_reg[5]_i_22/O
                         net (fo=1, routed)           0.469     2.790    u_requant/product_pipe_q_reg[5]/D[6]
    DSP48E2_X12Y1        DSP_PREADD_DATA (Prop_DSP_PREADD_DATA_DSP48E2_DIN[6]_D_DATA[6])
                                                      0.348     3.138 r  u_requant/product_pipe_q_reg[5]/DSP_PREADD_DATA_INST/D_DATA[6]
                         net (fo=1, routed)           0.000     3.138    u_requant/product_pipe_q_reg[5]/DSP_PREADD_DATA.D_DATA<6>
    DSP48E2_X12Y1        DSP_PREADD (Prop_DSP_PREADD_DSP48E2_D_DATA[6]_AD[16])
                                                      0.695     3.833 r  u_requant/product_pipe_q_reg[5]/DSP_PREADD_INST/AD[16]
                         net (fo=1, routed)           0.000     3.833    u_requant/product_pipe_q_reg[5]/DSP_PREADD.AD<16>
    DSP48E2_X12Y1        DSP_PREADD_DATA                              r  u_requant/product_pipe_q_reg[5]/DSP_PREADD_DATA_INST/AD[16]
  -------------------------------------------------------------------    -------------------

                         (clock clk rise edge)        5.000     5.000 r  
                                                      0.000     5.000 r  clk (IN)
                         net (fo=655, unset)          0.055     5.055    u_requant/product_pipe_q_reg[5]/CLK
    DSP48E2_X12Y1        DSP_PREADD_DATA                              r  u_requant/product_pipe_q_reg[5]/DSP_PREADD_DATA_INST/CLK
                         clock pessimism              0.000     5.055    
                         clock uncertainty           -0.035     5.020    
    DSP48E2_X12Y1        DSP_PREADD_DATA (Setup_DSP_PREADD_DATA_DSP48E2_CLK_AD[16])
                                                      0.035     5.055    u_requant/product_pipe_q_reg[5]/DSP_PREADD_DATA_INST
  -------------------------------------------------------------------
                         required time                          5.055    
                         arrival time                          -3.833    
  -------------------------------------------------------------------
                         slack                                  1.222    

Slack (MET) :             1.222ns  (required time - arrival time)
  Source:                 u_scanner/scan_m_q_reg[0]_rep/C
                            (rising edge-triggered cell FDRE clocked by clk  {rise@0.000ns fall@2.500ns period=5.000ns})
  Destination:            u_requant/product_pipe_q_reg[5]/DSP_PREADD_DATA_INST/AD[17]
                            (rising edge-triggered cell DSP_PREADD_DATA clocked by clk  {rise@0.000ns fall@2.500ns period=5.000ns})
  Path Group:             clk
  Path Type:              Setup (Max at Slow Process Corner)
  Requirement:            5.000ns  (clk rise@5.000ns - clk rise@0.000ns)
  Data Path Delay:        3.791ns  (logic 1.400ns (36.931%)  route 2.391ns (63.069%))
  Logic Levels:           4  (DSP_PREADD=1 DSP_PREADD_DATA=1 LUT3=1 LUT6=1)
  Clock Path Skew:        0.013ns (DCD - SCD + CPR)
    Destination Clock Delay (DCD):    0.055ns = ( 5.055 - 5.000 ) 
    Source Clock Delay      (SCD):    0.042ns
    Clock Pessimism Removal (CPR):    0.000ns
  Clock Uncertainty:      0.035ns  ((TSJ^2 + TIJ^2)^1/2 + DJ) / 2 + PE
    Total System Jitter     (TSJ):    0.071ns
    Total Input Jitter      (TIJ):    0.000ns
    Discrete Jitter          (DJ):    0.000ns
    Phase Error              (PE):    0.000ns

    Location             Delay type                Incr(ns)  Path(ns)    Netlist Resource(s)
  -------------------------------------------------------------------    -------------------
                         (clock clk rise edge)        0.000     0.000 r  
                                                      0.000     0.000 r  clk (IN)
                         net (fo=655, unset)          0.042     0.042    u_scanner/clk
    SLICE_X49Y11         FDRE                                         r  u_scanner/scan_m_q_reg[0]_rep/C
  -------------------------------------------------------------------    -------------------
    SLICE_X49Y11         FDRE (Prop_HFF_SLICEL_C_Q)
                                                      0.113     0.155 r  u_scanner/scan_m_q_reg[0]_rep/Q
                         net (fo=143, routed)         1.521     1.676    u_scanner/scan_m_q_reg[0]_rep_n_0
    SLICE_X55Y2          LUT6 (Prop_H6LUT_SLICEL_I2_O)
                                                      0.153     1.829 f  u_scanner/product_pipe_q_reg[5]_i_29/O
                         net (fo=27, routed)          0.401     2.230    u_scanner/product_pipe_q_reg[5]_i_29_n_0
    SLICE_X53Y1          LUT3 (Prop_D5LUT_SLICEM_I1_O)
                                                      0.091     2.321 f  u_scanner/product_pipe_q_reg[5]_i_22/O
                         net (fo=1, routed)           0.469     2.790    u_requant/product_pipe_q_reg[5]/D[6]
    DSP48E2_X12Y1        DSP_PREADD_DATA (Prop_DSP_PREADD_DATA_DSP48E2_DIN[6]_D_DATA[6])
                                                      0.348     3.138 r  u_requant/product_pipe_q_reg[5]/DSP_PREADD_DATA_INST/D_DATA[6]
                         net (fo=1, routed)           0.000     3.138    u_requant/product_pipe_q_reg[5]/DSP_PREADD_DATA.D_DATA<6>
    DSP48E2_X12Y1        DSP_PREADD (Prop_DSP_PREADD_DSP48E2_D_DATA[6]_AD[17])
                                                      0.695     3.833 r  u_requant/product_pipe_q_reg[5]/DSP_PREADD_INST/AD[17]
                         net (fo=1, routed)           0.000     3.833    u_requant/product_pipe_q_reg[5]/DSP_PREADD.AD<17>
    DSP48E2_X12Y1        DSP_PREADD_DATA                              r  u_requant/product_pipe_q_reg[5]/DSP_PREADD_DATA_INST/AD[17]
  -------------------------------------------------------------------    -------------------

                         (clock clk rise edge)        5.000     5.000 r  
                                                      0.000     5.000 r  clk (IN)
                         net (fo=655, unset)          0.055     5.055    u_requant/product_pipe_q_reg[5]/CLK
    DSP48E2_X12Y1        DSP_PREADD_DATA                              r  u_requant/product_pipe_q_reg[5]/DSP_PREADD_DATA_INST/CLK
                         clock pessimism              0.000     5.055    
                         clock uncertainty           -0.035     5.020    
    DSP48E2_X12Y1        DSP_PREADD_DATA (Setup_DSP_PREADD_DATA_DSP48E2_CLK_AD[17])
                                                      0.035     5.055    u_requant/product_pipe_q_reg[5]/DSP_PREADD_DATA_INST
  -------------------------------------------------------------------
                         required time                          5.055    
                         arrival time                          -3.833    
  -------------------------------------------------------------------
                         slack                                  1.222    

Slack (MET) :             1.222ns  (required time - arrival time)
  Source:                 u_scanner/scan_m_q_reg[0]_rep/C
                            (rising edge-triggered cell FDRE clocked by clk  {rise@0.000ns fall@2.500ns period=5.000ns})
  Destination:            u_requant/product_pipe_q_reg[5]/DSP_PREADD_DATA_INST/AD[18]
                            (rising edge-triggered cell DSP_PREADD_DATA clocked by clk  {rise@0.000ns fall@2.500ns period=5.000ns})
  Path Group:             clk
  Path Type:              Setup (Max at Slow Process Corner)
  Requirement:            5.000ns  (clk rise@5.000ns - clk rise@0.000ns)
  Data Path Delay:        3.791ns  (logic 1.400ns (36.931%)  route 2.391ns (63.069%))
  Logic Levels:           4  (DSP_PREADD=1 DSP_PREADD_DATA=1 LUT3=1 LUT6=1)
  Clock Path Skew:        0.013ns (DCD - SCD + CPR)
    Destination Clock Delay (DCD):    0.055ns = ( 5.055 - 5.000 ) 
    Source Clock Delay      (SCD):    0.042ns
    Clock Pessimism Removal (CPR):    0.000ns
  Clock Uncertainty:      0.035ns  ((TSJ^2 + TIJ^2)^1/2 + DJ) / 2 + PE
    Total System Jitter     (TSJ):    0.071ns
    Total Input Jitter      (TIJ):    0.000ns
    Discrete Jitter          (DJ):    0.000ns
    Phase Error              (PE):    0.000ns

    Location             Delay type                Incr(ns)  Path(ns)    Netlist Resource(s)
  -------------------------------------------------------------------    -------------------
                         (clock clk rise edge)        0.000     0.000 r  
                                                      0.000     0.000 r  clk (IN)
                         net (fo=655, unset)          0.042     0.042    u_scanner/clk
    SLICE_X49Y11         FDRE                                         r  u_scanner/scan_m_q_reg[0]_rep/C
  -------------------------------------------------------------------    -------------------
    SLICE_X49Y11         FDRE (Prop_HFF_SLICEL_C_Q)
                                                      0.113     0.155 r  u_scanner/scan_m_q_reg[0]_rep/Q
                         net (fo=143, routed)         1.521     1.676    u_scanner/scan_m_q_reg[0]_rep_n_0
    SLICE_X55Y2          LUT6 (Prop_H6LUT_SLICEL_I2_O)
                                                      0.153     1.829 f  u_scanner/product_pipe_q_reg[5]_i_29/O
                         net (fo=27, routed)          0.401     2.230    u_scanner/product_pipe_q_reg[5]_i_29_n_0
    SLICE_X53Y1          LUT3 (Prop_D5LUT_SLICEM_I1_O)
                                                      0.091     2.321 f  u_scanner/product_pipe_q_reg[5]_i_22/O
                         net (fo=1, routed)           0.469     2.790    u_requant/product_pipe_q_reg[5]/D[6]
    DSP48E2_X12Y1        DSP_PREADD_DATA (Prop_DSP_PREADD_DATA_DSP48E2_DIN[6]_D_DATA[6])
                                                      0.348     3.138 r  u_requant/product_pipe_q_reg[5]/DSP_PREADD_DATA_INST/D_DATA[6]
                         net (fo=1, routed)           0.000     3.138    u_requant/product_pipe_q_reg[5]/DSP_PREADD_DATA.D_DATA<6>
    DSP48E2_X12Y1        DSP_PREADD (Prop_DSP_PREADD_DSP48E2_D_DATA[6]_AD[18])
                                                      0.695     3.833 r  u_requant/product_pipe_q_reg[5]/DSP_PREADD_INST/AD[18]
                         net (fo=1, routed)           0.000     3.833    u_requant/product_pipe_q_reg[5]/DSP_PREADD.AD<18>
    DSP48E2_X12Y1        DSP_PREADD_DATA                              r  u_requant/product_pipe_q_reg[5]/DSP_PREADD_DATA_INST/AD[18]
  -------------------------------------------------------------------    -------------------

                         (clock clk rise edge)        5.000     5.000 r  
                                                      0.000     5.000 r  clk (IN)
                         net (fo=655, unset)          0.055     5.055    u_requant/product_pipe_q_reg[5]/CLK
    DSP48E2_X12Y1        DSP_PREADD_DATA                              r  u_requant/product_pipe_q_reg[5]/DSP_PREADD_DATA_INST/CLK
                         clock pessimism              0.000     5.055    
                         clock uncertainty           -0.035     5.020    
    DSP48E2_X12Y1        DSP_PREADD_DATA (Setup_DSP_PREADD_DATA_DSP48E2_CLK_AD[18])
                                                      0.035     5.055    u_requant/product_pipe_q_reg[5]/DSP_PREADD_DATA_INST
  -------------------------------------------------------------------
                         required time                          5.055    
                         arrival time                          -3.833    
  -------------------------------------------------------------------
                         slack                                  1.222    

Slack (MET) :             1.222ns  (required time - arrival time)
  Source:                 u_scanner/scan_m_q_reg[0]_rep/C
                            (rising edge-triggered cell FDRE clocked by clk  {rise@0.000ns fall@2.500ns period=5.000ns})
  Destination:            u_requant/product_pipe_q_reg[5]/DSP_PREADD_DATA_INST/AD[19]
                            (rising edge-triggered cell DSP_PREADD_DATA clocked by clk  {rise@0.000ns fall@2.500ns period=5.000ns})
  Path Group:             clk
  Path Type:              Setup (Max at Slow Process Corner)
  Requirement:            5.000ns  (clk rise@5.000ns - clk rise@0.000ns)
  Data Path Delay:        3.791ns  (logic 1.400ns (36.931%)  route 2.391ns (63.069%))
  Logic Levels:           4  (DSP_PREADD=1 DSP_PREADD_DATA=1 LUT3=1 LUT6=1)
  Clock Path Skew:        0.013ns (DCD - SCD + CPR)
    Destination Clock Delay (DCD):    0.055ns = ( 5.055 - 5.000 ) 
    Source Clock Delay      (SCD):    0.042ns
    Clock Pessimism Removal (CPR):    0.000ns
  Clock Uncertainty:      0.035ns  ((TSJ^2 + TIJ^2)^1/2 + DJ) / 2 + PE
    Total System Jitter     (TSJ):    0.071ns
    Total Input Jitter      (TIJ):    0.000ns
    Discrete Jitter          (DJ):    0.000ns
    Phase Error              (PE):    0.000ns

    Location             Delay type                Incr(ns)  Path(ns)    Netlist Resource(s)
  -------------------------------------------------------------------    -------------------
                         (clock clk rise edge)        0.000     0.000 r  
                                                      0.000     0.000 r  clk (IN)
                         net (fo=655, unset)          0.042     0.042    u_scanner/clk
    SLICE_X49Y11         FDRE                                         r  u_scanner/scan_m_q_reg[0]_rep/C
  -------------------------------------------------------------------    -------------------
    SLICE_X49Y11         FDRE (Prop_HFF_SLICEL_C_Q)
                                                      0.113     0.155 r  u_scanner/scan_m_q_reg[0]_rep/Q
                         net (fo=143, routed)         1.521     1.676    u_scanner/scan_m_q_reg[0]_rep_n_0
    SLICE_X55Y2          LUT6 (Prop_H6LUT_SLICEL_I2_O)
                                                      0.153     1.829 f  u_scanner/product_pipe_q_reg[5]_i_29/O
                         net (fo=27, routed)          0.401     2.230    u_scanner/product_pipe_q_reg[5]_i_29_n_0
    SLICE_X53Y1          LUT3 (Prop_D5LUT_SLICEM_I1_O)
                                                      0.091     2.321 f  u_scanner/product_pipe_q_reg[5]_i_22/O
                         net (fo=1, routed)           0.469     2.790    u_requant/product_pipe_q_reg[5]/D[6]
    DSP48E2_X12Y1        DSP_PREADD_DATA (Prop_DSP_PREADD_DATA_DSP48E2_DIN[6]_D_DATA[6])
                                                      0.348     3.138 r  u_requant/product_pipe_q_reg[5]/DSP_PREADD_DATA_INST/D_DATA[6]
                         net (fo=1, routed)           0.000     3.138    u_requant/product_pipe_q_reg[5]/DSP_PREADD_DATA.D_DATA<6>
    DSP48E2_X12Y1        DSP_PREADD (Prop_DSP_PREADD_DSP48E2_D_DATA[6]_AD[19])
                                                      0.695     3.833 r  u_requant/product_pipe_q_reg[5]/DSP_PREADD_INST/AD[19]
                         net (fo=1, routed)           0.000     3.833    u_requant/product_pipe_q_reg[5]/DSP_PREADD.AD<19>
    DSP48E2_X12Y1        DSP_PREADD_DATA                              r  u_requant/product_pipe_q_reg[5]/DSP_PREADD_DATA_INST/AD[19]
  -------------------------------------------------------------------    -------------------

                         (clock clk rise edge)        5.000     5.000 r  
                                                      0.000     5.000 r  clk (IN)
                         net (fo=655, unset)          0.055     5.055    u_requant/product_pipe_q_reg[5]/CLK
    DSP48E2_X12Y1        DSP_PREADD_DATA                              r  u_requant/product_pipe_q_reg[5]/DSP_PREADD_DATA_INST/CLK
                         clock pessimism              0.000     5.055    
                         clock uncertainty           -0.035     5.020    
    DSP48E2_X12Y1        DSP_PREADD_DATA (Setup_DSP_PREADD_DATA_DSP48E2_CLK_AD[19])
                                                      0.035     5.055    u_requant/product_pipe_q_reg[5]/DSP_PREADD_DATA_INST
  -------------------------------------------------------------------
                         required time                          5.055    
                         arrival time                          -3.833    
  -------------------------------------------------------------------
                         slack                                  1.222    

Slack (MET) :             1.222ns  (required time - arrival time)
  Source:                 u_scanner/scan_m_q_reg[0]_rep/C
                            (rising edge-triggered cell FDRE clocked by clk  {rise@0.000ns fall@2.500ns period=5.000ns})
  Destination:            u_requant/product_pipe_q_reg[5]/DSP_PREADD_DATA_INST/AD[20]
                            (rising edge-triggered cell DSP_PREADD_DATA clocked by clk  {rise@0.000ns fall@2.500ns period=5.000ns})
  Path Group:             clk
  Path Type:              Setup (Max at Slow Process Corner)
  Requirement:            5.000ns  (clk rise@5.000ns - clk rise@0.000ns)
  Data Path Delay:        3.791ns  (logic 1.400ns (36.931%)  route 2.391ns (63.069%))
  Logic Levels:           4  (DSP_PREADD=1 DSP_PREADD_DATA=1 LUT3=1 LUT6=1)
  Clock Path Skew:        0.013ns (DCD - SCD + CPR)
    Destination Clock Delay (DCD):    0.055ns = ( 5.055 - 5.000 ) 
    Source Clock Delay      (SCD):    0.042ns
    Clock Pessimism Removal (CPR):    0.000ns
  Clock Uncertainty:      0.035ns  ((TSJ^2 + TIJ^2)^1/2 + DJ) / 2 + PE
    Total System Jitter     (TSJ):    0.071ns
    Total Input Jitter      (TIJ):    0.000ns
    Discrete Jitter          (DJ):    0.000ns
    Phase Error              (PE):    0.000ns

    Location             Delay type                Incr(ns)  Path(ns)    Netlist Resource(s)
  -------------------------------------------------------------------    -------------------
                         (clock clk rise edge)        0.000     0.000 r  
                                                      0.000     0.000 r  clk (IN)
                         net (fo=655, unset)          0.042     0.042    u_scanner/clk
    SLICE_X49Y11         FDRE                                         r  u_scanner/scan_m_q_reg[0]_rep/C
  -------------------------------------------------------------------    -------------------
    SLICE_X49Y11         FDRE (Prop_HFF_SLICEL_C_Q)
                                                      0.113     0.155 r  u_scanner/scan_m_q_reg[0]_rep/Q
                         net (fo=143, routed)         1.521     1.676    u_scanner/scan_m_q_reg[0]_rep_n_0
    SLICE_X55Y2          LUT6 (Prop_H6LUT_SLICEL_I2_O)
                                                      0.153     1.829 f  u_scanner/product_pipe_q_reg[5]_i_29/O
                         net (fo=27, routed)          0.401     2.230    u_scanner/product_pipe_q_reg[5]_i_29_n_0
    SLICE_X53Y1          LUT3 (Prop_D5LUT_SLICEM_I1_O)
                                                      0.091     2.321 f  u_scanner/product_pipe_q_reg[5]_i_22/O
                         net (fo=1, routed)           0.469     2.790    u_requant/product_pipe_q_reg[5]/D[6]
    DSP48E2_X12Y1        DSP_PREADD_DATA (Prop_DSP_PREADD_DATA_DSP48E2_DIN[6]_D_DATA[6])
                                                      0.348     3.138 r  u_requant/product_pipe_q_reg[5]/DSP_PREADD_DATA_INST/D_DATA[6]
                         net (fo=1, routed)           0.000     3.138    u_requant/product_pipe_q_reg[5]/DSP_PREADD_DATA.D_DATA<6>
    DSP48E2_X12Y1        DSP_PREADD (Prop_DSP_PREADD_DSP48E2_D_DATA[6]_AD[20])
                                                      0.695     3.833 r  u_requant/product_pipe_q_reg[5]/DSP_PREADD_INST/AD[20]
                         net (fo=1, routed)           0.000     3.833    u_requant/product_pipe_q_reg[5]/DSP_PREADD.AD<20>
    DSP48E2_X12Y1        DSP_PREADD_DATA                              r  u_requant/product_pipe_q_reg[5]/DSP_PREADD_DATA_INST/AD[20]
  -------------------------------------------------------------------    -------------------

                         (clock clk rise edge)        5.000     5.000 r  
                                                      0.000     5.000 r  clk (IN)
                         net (fo=655, unset)          0.055     5.055    u_requant/product_pipe_q_reg[5]/CLK
    DSP48E2_X12Y1        DSP_PREADD_DATA                              r  u_requant/product_pipe_q_reg[5]/DSP_PREADD_DATA_INST/CLK
                         clock pessimism              0.000     5.055    
                         clock uncertainty           -0.035     5.020    
    DSP48E2_X12Y1        DSP_PREADD_DATA (Setup_DSP_PREADD_DATA_DSP48E2_CLK_AD[20])
                                                      0.035     5.055    u_requant/product_pipe_q_reg[5]/DSP_PREADD_DATA_INST
  -------------------------------------------------------------------
                         required time                          5.055    
                         arrival time                          -3.833    
  -------------------------------------------------------------------
                         slack                                  1.222    




