Copyright 1986-2022 Xilinx, Inc. All Rights Reserved. Copyright 2022-2024 Advanced Micro Devices, Inc. All Rights Reserved.
--------------------------------------------------------------------------------------------------------------------------------------------------------------------------------------------------------------------------------------------
| Tool Version      : Vivado v.2024.1 (lin64) Build 5076996 Wed May 22 18:36:09 MDT 2024
| Date              : Tue Sep  1 17:54:24 2026
| Host              : yundodo running 64-bit unknown
| Command           : report_timing_summary -delay_type min_max -check_timing_verbose -max_paths 20 -file /home/dodo/Documents/Codex/2026-08-31/kv260-alexnet-rtl/alexnet/reports/m4n8_n8_accum_output_slice/200mhz/impl_timing_summary.rpt
| Design            : alexnet_m4n8_n8_accum_output_slice
| Device            : xck26-sfvc784
| Speed File        : -2LV  PRODUCTION 1.30 05-15-2022
| Design State      : Routed
| Temperature Grade : C
--------------------------------------------------------------------------------------------------------------------------------------------------------------------------------------------------------------------------------------------

Timing Summary Report

------------------------------------------------------------------------------------------------
| Timer Settings
| --------------
------------------------------------------------------------------------------------------------

  Enable Multi Corner Analysis               :  Yes
  Enable Pessimism Removal                   :  Yes
  Pessimism Removal Resolution               :  Nearest Common Node
  Enable Input Delay Default Clock           :  No
  Enable Preset / Clear Arcs                 :  No
  Disable Flight Delays                      :  No
  Ignore I/O Paths                           :  No
  Timing Early Launch at Borrowing Latches   :  No
  Borrow Time for Max Delay Exceptions       :  Yes
  Merge Timing Exceptions                    :  Yes
  Inter-SLR Compensation                     :  Conservative

  Corner  Analyze    Analyze    
  Name    Max Paths  Min Paths  
  ------  ---------  ---------  
  Slow    Yes        Yes        
  Fast    Yes        Yes        


------------------------------------------------------------------------------------------------
| Report Methodology
| ------------------
------------------------------------------------------------------------------------------------

No report available as report_methodology has not been run prior. Run report_methodology on the current design for the summary of methodology violations.



check_timing report

Table of Contents
-----------------
1. checking no_clock (0)
2. checking constant_clock (0)
3. checking pulse_width_clock (0)
4. checking unconstrained_internal_endpoints (0)
5. checking no_input_delay (0)
6. checking no_output_delay (0)
7. checking multiple_clock (0)
8. checking generated_clocks (0)
9. checking loops (0)
10. checking partial_input_delay (0)
11. checking partial_output_delay (0)
12. checking latch_loops (0)

1. checking no_clock (0)
------------------------
 There are 0 register/latch pins with no clock.


2. checking constant_clock (0)
------------------------------
 There are 0 register/latch pins with constant_clock.


3. checking pulse_width_clock (0)
---------------------------------
 There are 0 register/latch pins which need pulse_width check


4. checking unconstrained_internal_endpoints (0)
------------------------------------------------
 There are 0 pins that are not constrained for maximum delay.

 There are 0 pins that are not constrained for maximum delay due to constant clock.


5. checking no_input_delay (0)
------------------------------
 There are 0 input ports with no input delay specified.

 There are 0 input ports with no input delay but user has a false path constraint.


6. checking no_output_delay (0)
-------------------------------
 There are 0 ports with no output delay specified.

 There are 0 ports with no output delay but user has a false path constraint

 There are 0 ports with no output delay but with a timing clock defined on it or propagating through it


7. checking multiple_clock (0)
------------------------------
 There are 0 register/latch pins with multiple clocks.


8. checking generated_clocks (0)
--------------------------------
 There are 0 generated clocks that are not connected to a clock source.


9. checking loops (0)
---------------------
 There are 0 combinational loops in the design.


10. checking partial_input_delay (0)
------------------------------------
 There are 0 input ports with partial input delay specified.


11. checking partial_output_delay (0)
-------------------------------------
 There are 0 ports with partial output delay specified.


12. checking latch_loops (0)
----------------------------
 There are 0 combinational latch loops in the design through latch input



------------------------------------------------------------------------------------------------
| Design Timing Summary
| ---------------------
------------------------------------------------------------------------------------------------

    WNS(ns)      TNS(ns)  TNS Failing Endpoints  TNS Total Endpoints      WHS(ns)      THS(ns)  THS Failing Endpoints  THS Total Endpoints     WPWS(ns)     TPWS(ns)  TPWS Failing Endpoints  TPWS Total Endpoints  
    -------      -------  ---------------------  -------------------      -------      -------  ---------------------  -------------------     --------     --------  ----------------------  --------------------  
      0.475        0.000                      0                 6445        0.055        0.000                      0                 6445        1.738        0.000                       0                  1269  


All user specified timing constraints are met.


------------------------------------------------------------------------------------------------
| Clock Summary
| -------------
------------------------------------------------------------------------------------------------

Clock  Waveform(ns)         Period(ns)      Frequency(MHz)
-----  ------------         ----------      --------------
clk    {0.000 2.500}        5.000           200.000         


------------------------------------------------------------------------------------------------
| Intra Clock Table
| -----------------
------------------------------------------------------------------------------------------------

Clock             WNS(ns)      TNS(ns)  TNS Failing Endpoints  TNS Total Endpoints      WHS(ns)      THS(ns)  THS Failing Endpoints  THS Total Endpoints     WPWS(ns)     TPWS(ns)  TPWS Failing Endpoints  TPWS Total Endpoints  
-----             -------      -------  ---------------------  -------------------      -------      -------  ---------------------  -------------------     --------     --------  ----------------------  --------------------  
clk                 0.475        0.000                      0                 6445        0.055        0.000                      0                 6445        1.738        0.000                       0                  1269  


------------------------------------------------------------------------------------------------
| Inter Clock Table
| -----------------
------------------------------------------------------------------------------------------------

From Clock    To Clock          WNS(ns)      TNS(ns)  TNS Failing Endpoints  TNS Total Endpoints      WHS(ns)      THS(ns)  THS Failing Endpoints  THS Total Endpoints  
----------    --------          -------      -------  ---------------------  -------------------      -------      -------  ---------------------  -------------------  


------------------------------------------------------------------------------------------------
| Other Path Groups Table
| -----------------------
------------------------------------------------------------------------------------------------

Path Group    From Clock    To Clock          WNS(ns)      TNS(ns)  TNS Failing Endpoints  TNS Total Endpoints      WHS(ns)      THS(ns)  THS Failing Endpoints  THS Total Endpoints  
----------    ----------    --------          -------      -------  ---------------------  -------------------      -------      -------  ---------------------  -------------------  


------------------------------------------------------------------------------------------------
| Timing Details
| --------------
------------------------------------------------------------------------------------------------


---------------------------------------------------------------------------------------------------
From Clock:  clk
  To Clock:  clk

Setup :            0  Failing Endpoints,  Worst Slack        0.475ns,  Total Violation        0.000ns
Hold  :            0  Failing Endpoints,  Worst Slack        0.055ns,  Total Violation        0.000ns
PW    :            0  Failing Endpoints,  Worst Slack        1.738ns,  Total Violation        0.000ns
---------------------------------------------------------------------------------------------------


Max Delay Paths
--------------------------------------------------------------------------------------
Slack (MET) :             0.475ns  (required time - arrival time)
  Source:                 u_partial_sum_bank/mem_reg_0/CLKARDCLK
                            (rising edge-triggered cell RAMB36E2 clocked by clk  {rise@0.000ns fall@2.500ns period=5.000ns})
  Destination:            u_partial_sum_bank/mem_reg_1/DINADIN[17]
                            (rising edge-triggered cell RAMB36E2 clocked by clk  {rise@0.000ns fall@2.500ns period=5.000ns})
  Path Group:             clk
  Path Type:              Setup (Max at Slow Process Corner)
  Requirement:            5.000ns  (clk rise@5.000ns - clk rise@0.000ns)
  Data Path Delay:        3.973ns  (logic 2.028ns (51.048%)  route 1.945ns (48.952%))
  Logic Levels:           6  (CARRY8=4 LUT2=1 LUT5=1)
  Clock Path Skew:        -0.059ns (DCD - SCD + CPR)
    Destination Clock Delay (DCD):    0.048ns = ( 5.048 - 5.000 ) 
    Source Clock Delay      (SCD):    0.107ns
    Clock Pessimism Removal (CPR):    0.000ns
  Clock Uncertainty:      0.035ns  ((TSJ^2 + TIJ^2)^1/2 + DJ) / 2 + PE
    Total System Jitter     (TSJ):    0.071ns
    Total Input Jitter      (TIJ):    0.000ns
    Discrete Jitter          (DJ):    0.000ns
    Phase Error              (PE):    0.000ns

    Location             Delay type                Incr(ns)  Path(ns)    Netlist Resource(s)
  -------------------------------------------------------------------    -------------------
                         (clock clk rise edge)        0.000     0.000 r  
                                                      0.000     0.000 r  clk (IN)
                         net (fo=1308, unset)         0.107     0.107    u_partial_sum_bank/clk
    RAMB36_X1Y26         RAMB36E2                                     r  u_partial_sum_bank/mem_reg_0/CLKARDCLK
  -------------------------------------------------------------------    -------------------
    RAMB36_X1Y26         RAMB36E2 (Prop_RAMB36E2_RAMB36_CLKARDCLK_DOUTPADOUTP[1])
                                                      1.200     1.307 r  u_partial_sum_bank/mem_reg_0/DOUTPADOUTP[1]
                         net (fo=3, routed)           0.929     2.236    u_partial_sum_bank/mem_reg_0_n_142
    SLICE_X53Y140        LUT2 (Prop_B6LUT_SLICEM_I0_O)
                                                      0.188     2.424 r  u_partial_sum_bank/i__carry_i_7__0/O
                         net (fo=1, routed)           0.022     2.446    u_partial_sum_bank/i__carry_i_7__0_n_0
    SLICE_X53Y140        CARRY8 (Prop_CARRY8_SLICEM_S[1]_CO[7])
                                                      0.267     2.713 r  u_partial_sum_bank/p_0_out_inferred__1/i__carry/CO[7]
                         net (fo=1, routed)           0.030     2.743    u_partial_sum_bank/p_0_out_inferred__1/i__carry_n_0
    SLICE_X53Y141        CARRY8 (Prop_CARRY8_SLICEM_CI_CO[7])
                                                      0.065     2.808 r  u_partial_sum_bank/p_0_out_inferred__1/i__carry__0/CO[7]
                         net (fo=1, routed)           0.030     2.838    u_partial_sum_bank/p_0_out_inferred__1/i__carry__0_n_0
    SLICE_X53Y142        CARRY8 (Prop_CARRY8_SLICEM_CI_CO[7])
                                                      0.065     2.903 r  u_partial_sum_bank/p_0_out_inferred__1/i__carry__1/CO[7]
                         net (fo=1, routed)           0.030     2.933    u_partial_sum_bank/p_0_out_inferred__1/i__carry__1_n_0
    SLICE_X53Y143        CARRY8 (Prop_CARRY8_SLICEM_CI_O[1])
                                                      0.106     3.039 r  u_partial_sum_bank/p_0_out_inferred__1/i__carry__2/O[1]
                         net (fo=1, routed)           0.250     3.289    u_partial_sum_bank/p_1_in__0[25]
    SLICE_X51Y143        LUT5 (Prop_G6LUT_SLICEL_I1_O)
                                                      0.137     3.426 r  u_partial_sum_bank/mem_reg_1_i_15/O
                         net (fo=1, routed)           0.654     4.080    u_partial_sum_bank/mem_write_data[89]
    RAMB36_X1Y29         RAMB36E2                                     r  u_partial_sum_bank/mem_reg_1/DINADIN[17]
  -------------------------------------------------------------------    -------------------

                         (clock clk rise edge)        5.000     5.000 r  
                                                      0.000     5.000 r  clk (IN)
                         net (fo=1308, unset)         0.048     5.048    u_partial_sum_bank/clk
    RAMB36_X1Y29         RAMB36E2                                     r  u_partial_sum_bank/mem_reg_1/CLKBWRCLK
                         clock pessimism              0.000     5.048    
                         clock uncertainty           -0.035     5.013    
    RAMB36_X1Y29         RAMB36E2 (Setup_RAMB36E2_RAMB36_CLKBWRCLK_DINADIN[17])
                                                     -0.458     4.555    u_partial_sum_bank/mem_reg_1
  -------------------------------------------------------------------
                         required time                          4.555    
                         arrival time                          -4.080    
  -------------------------------------------------------------------
                         slack                                  0.475    

Slack (MET) :             0.498ns  (required time - arrival time)
  Source:                 u_partial_sum_bank/mem_reg_0/CLKARDCLK
                            (rising edge-triggered cell RAMB36E2 clocked by clk  {rise@0.000ns fall@2.500ns period=5.000ns})
  Destination:            u_partial_sum_bank/mem_reg_1/DINADIN[13]
                            (rising edge-triggered cell RAMB36E2 clocked by clk  {rise@0.000ns fall@2.500ns period=5.000ns})
  Path Group:             clk
  Path Type:              Setup (Max at Slow Process Corner)
  Requirement:            5.000ns  (clk rise@5.000ns - clk rise@0.000ns)
  Data Path Delay:        3.999ns  (logic 2.031ns (50.791%)  route 1.968ns (49.209%))
  Logic Levels:           5  (CARRY8=3 LUT2=1 LUT5=1)
  Clock Path Skew:        -0.059ns (DCD - SCD + CPR)
    Destination Clock Delay (DCD):    0.048ns = ( 5.048 - 5.000 ) 
    Source Clock Delay      (SCD):    0.107ns
    Clock Pessimism Removal (CPR):    0.000ns
  Clock Uncertainty:      0.035ns  ((TSJ^2 + TIJ^2)^1/2 + DJ) / 2 + PE
    Total System Jitter     (TSJ):    0.071ns
    Total Input Jitter      (TIJ):    0.000ns
    Discrete Jitter          (DJ):    0.000ns
    Phase Error              (PE):    0.000ns

    Location             Delay type                Incr(ns)  Path(ns)    Netlist Resource(s)
  -------------------------------------------------------------------    -------------------
                         (clock clk rise edge)        0.000     0.000 r  
                                                      0.000     0.000 r  clk (IN)
                         net (fo=1308, unset)         0.107     0.107    u_partial_sum_bank/clk
    RAMB36_X1Y26         RAMB36E2                                     r  u_partial_sum_bank/mem_reg_0/CLKARDCLK
  -------------------------------------------------------------------    -------------------
    RAMB36_X1Y26         RAMB36E2 (Prop_RAMB36E2_RAMB36_CLKARDCLK_DOUTPADOUTP[1])
                                                      1.200     1.307 r  u_partial_sum_bank/mem_reg_0/DOUTPADOUTP[1]
                         net (fo=3, routed)           0.929     2.236    u_partial_sum_bank/mem_reg_0_n_142
    SLICE_X53Y140        LUT2 (Prop_B6LUT_SLICEM_I0_O)
                                                      0.188     2.424 r  u_partial_sum_bank/i__carry_i_7__0/O
                         net (fo=1, routed)           0.022     2.446    u_partial_sum_bank/i__carry_i_7__0_n_0
    SLICE_X53Y140        CARRY8 (Prop_CARRY8_SLICEM_S[1]_CO[7])
                                                      0.267     2.713 r  u_partial_sum_bank/p_0_out_inferred__1/i__carry/CO[7]
                         net (fo=1, routed)           0.030     2.743    u_partial_sum_bank/p_0_out_inferred__1/i__carry_n_0
    SLICE_X53Y141        CARRY8 (Prop_CARRY8_SLICEM_CI_CO[7])
                                                      0.065     2.808 r  u_partial_sum_bank/p_0_out_inferred__1/i__carry__0/CO[7]
                         net (fo=1, routed)           0.030     2.838    u_partial_sum_bank/p_0_out_inferred__1/i__carry__0_n_0
    SLICE_X53Y142        CARRY8 (Prop_CARRY8_SLICEM_CI_O[5])
                                                      0.161     2.999 r  u_partial_sum_bank/p_0_out_inferred__1/i__carry__1/O[5]
                         net (fo=1, routed)           0.342     3.341    u_partial_sum_bank/p_1_in__0[21]
    SLICE_X52Y149        LUT5 (Prop_C6LUT_SLICEL_I1_O)
                                                      0.150     3.491 r  u_partial_sum_bank/mem_reg_1_i_19/O
                         net (fo=1, routed)           0.615     4.106    u_partial_sum_bank/mem_write_data[85]
    RAMB36_X1Y29         RAMB36E2                                     r  u_partial_sum_bank/mem_reg_1/DINADIN[13]
  -------------------------------------------------------------------    -------------------

                         (clock clk rise edge)        5.000     5.000 r  
                                                      0.000     5.000 r  clk (IN)
                         net (fo=1308, unset)         0.048     5.048    u_partial_sum_bank/clk
    RAMB36_X1Y29         RAMB36E2                                     r  u_partial_sum_bank/mem_reg_1/CLKBWRCLK
                         clock pessimism              0.000     5.048    
                         clock uncertainty           -0.035     5.013    
    RAMB36_X1Y29         RAMB36E2 (Setup_RAMB36E2_RAMB36_CLKBWRCLK_DINADIN[13])
                                                     -0.409     4.604    u_partial_sum_bank/mem_reg_1
  -------------------------------------------------------------------
                         required time                          4.604    
                         arrival time                          -4.106    
  -------------------------------------------------------------------
                         slack                                  0.498    

Slack (MET) :             0.512ns  (required time - arrival time)
  Source:                 u_partial_sum_bank/resident_n_lane_mask_reg[0]/C
                            (rising edge-triggered cell FDRE clocked by clk  {rise@0.000ns fall@2.500ns period=5.000ns})
  Destination:            u_partial_sum_bank/mem_reg_0/DINADIN[4]
                            (rising edge-triggered cell RAMB36E2 clocked by clk  {rise@0.000ns fall@2.500ns period=5.000ns})
  Path Group:             clk
  Path Type:              Setup (Max at Slow Process Corner)
  Requirement:            5.000ns  (clk rise@5.000ns - clk rise@0.000ns)
  Data Path Delay:        3.965ns  (logic 0.514ns (12.964%)  route 3.451ns (87.036%))
  Logic Levels:           4  (LUT5=2 LUT6=2)
  Clock Path Skew:        0.006ns (DCD - SCD + CPR)
    Destination Clock Delay (DCD):    0.048ns = ( 5.048 - 5.000 ) 
    Source Clock Delay      (SCD):    0.042ns
    Clock Pessimism Removal (CPR):    0.000ns
  Clock Uncertainty:      0.035ns  ((TSJ^2 + TIJ^2)^1/2 + DJ) / 2 + PE
    Total System Jitter     (TSJ):    0.071ns
    Total Input Jitter      (TIJ):    0.000ns
    Discrete Jitter          (DJ):    0.000ns
    Phase Error              (PE):    0.000ns

    Location             Delay type                Incr(ns)  Path(ns)    Netlist Resource(s)
  -------------------------------------------------------------------    -------------------
                         (clock clk rise edge)        0.000     0.000 r  
                                                      0.000     0.000 r  clk (IN)
                         net (fo=1308, unset)         0.042     0.042    u_partial_sum_bank/clk
    SLICE_X48Y161        FDRE                                         r  u_partial_sum_bank/resident_n_lane_mask_reg[0]/C
  -------------------------------------------------------------------    -------------------
    SLICE_X48Y161        FDRE (Prop_EFF_SLICEL_C_Q)
                                                      0.114     0.156 r  u_partial_sum_bank/resident_n_lane_mask_reg[0]/Q
                         net (fo=36, routed)          0.762     0.918    u_scanner/rmw_input_word_q_reg[255][0]
    SLICE_X50Y142        LUT6 (Prop_H6LUT_SLICEL_I4_O)
                                                      0.083     1.001 r  u_scanner/hold_ready[0][7]_INST_0_i_2/O
                         net (fo=3, routed)           0.778     1.779    u_partial_sum_bank/bank_state[2]_i_4_0
    SLICE_X48Y166        LUT5 (Prop_E6LUT_SLICEL_I4_O)
                                                      0.083     1.862 f  u_partial_sum_bank/bank_state[2]_i_8/O
                         net (fo=3, routed)           0.416     2.278    u_scanner/bank_ingress_ready
    SLICE_X49Y166        LUT6 (Prop_H6LUT_SLICEL_I4_O)
                                                      0.153     2.431 r  u_scanner/bank_state[2]_i_4/O
                         net (fo=269, routed)         0.819     3.251    u_partial_sum_bank/egress_valid_reg_0
    SLICE_X50Y119        LUT5 (Prop_C6LUT_SLICEL_I3_O)
                                                      0.081     3.332 r  u_partial_sum_bank/mem_reg_0_i_48/O
                         net (fo=1, routed)           0.675     4.007    u_partial_sum_bank/mem_write_data[4]
    RAMB36_X1Y26         RAMB36E2                                     r  u_partial_sum_bank/mem_reg_0/DINADIN[4]
  -------------------------------------------------------------------    -------------------

                         (clock clk rise edge)        5.000     5.000 r  
                                                      0.000     5.000 r  clk (IN)
                         net (fo=1308, unset)         0.048     5.048    u_partial_sum_bank/clk
    RAMB36_X1Y26         RAMB36E2                                     r  u_partial_sum_bank/mem_reg_0/CLKBWRCLK
                         clock pessimism              0.000     5.048    
                         clock uncertainty           -0.035     5.013    
    RAMB36_X1Y26         RAMB36E2 (Setup_RAMB36E2_RAMB36_CLKBWRCLK_DINADIN[4])
                                                     -0.494     4.519    u_partial_sum_bank/mem_reg_0
  -------------------------------------------------------------------
                         required time                          4.519    
                         arrival time                          -4.007    
  -------------------------------------------------------------------
                         slack                                  0.512    

Slack (MET) :             0.514ns  (required time - arrival time)
  Source:                 u_partial_sum_bank/resident_n_lane_mask_reg[0]/C
                            (rising edge-triggered cell FDRE clocked by clk  {rise@0.000ns fall@2.500ns period=5.000ns})
  Destination:            u_partial_sum_bank/mem_reg_0/DINADIN[9]
                            (rising edge-triggered cell RAMB36E2 clocked by clk  {rise@0.000ns fall@2.500ns period=5.000ns})
  Path Group:             clk
  Path Type:              Setup (Max at Slow Process Corner)
  Requirement:            5.000ns  (clk rise@5.000ns - clk rise@0.000ns)
  Data Path Delay:        4.008ns  (logic 0.491ns (12.251%)  route 3.517ns (87.749%))
  Logic Levels:           4  (LUT5=2 LUT6=2)
  Clock Path Skew:        0.006ns (DCD - SCD + CPR)
    Destination Clock Delay (DCD):    0.048ns = ( 5.048 - 5.000 ) 
    Source Clock Delay      (SCD):    0.042ns
    Clock Pessimism Removal (CPR):    0.000ns
  Clock Uncertainty:      0.035ns  ((TSJ^2 + TIJ^2)^1/2 + DJ) / 2 + PE
    Total System Jitter     (TSJ):    0.071ns
    Total Input Jitter      (TIJ):    0.000ns
    Discrete Jitter          (DJ):    0.000ns
    Phase Error              (PE):    0.000ns

    Location             Delay type                Incr(ns)  Path(ns)    Netlist Resource(s)
  -------------------------------------------------------------------    -------------------
                         (clock clk rise edge)        0.000     0.000 r  
                                                      0.000     0.000 r  clk (IN)
                         net (fo=1308, unset)         0.042     0.042    u_partial_sum_bank/clk
    SLICE_X48Y161        FDRE                                         r  u_partial_sum_bank/resident_n_lane_mask_reg[0]/C
  -------------------------------------------------------------------    -------------------
    SLICE_X48Y161        FDRE (Prop_EFF_SLICEL_C_Q)
                                                      0.114     0.156 r  u_partial_sum_bank/resident_n_lane_mask_reg[0]/Q
                         net (fo=36, routed)          0.762     0.918    u_scanner/rmw_input_word_q_reg[255][0]
    SLICE_X50Y142        LUT6 (Prop_H6LUT_SLICEL_I4_O)
                                                      0.083     1.001 r  u_scanner/hold_ready[0][7]_INST_0_i_2/O
                         net (fo=3, routed)           0.778     1.779    u_partial_sum_bank/bank_state[2]_i_4_0
    SLICE_X48Y166        LUT5 (Prop_E6LUT_SLICEL_I4_O)
                                                      0.083     1.862 f  u_partial_sum_bank/bank_state[2]_i_8/O
                         net (fo=3, routed)           0.416     2.278    u_scanner/bank_ingress_ready
    SLICE_X49Y166        LUT6 (Prop_H6LUT_SLICEL_I4_O)
                                                      0.153     2.431 r  u_scanner/bank_state[2]_i_4/O
                         net (fo=269, routed)         0.867     3.298    u_partial_sum_bank/egress_valid_reg_0
    SLICE_X52Y120        LUT5 (Prop_H6LUT_SLICEL_I3_O)
                                                      0.058     3.356 r  u_partial_sum_bank/mem_reg_0_i_43/O
                         net (fo=1, routed)           0.694     4.050    u_partial_sum_bank/mem_write_data[9]
    RAMB36_X1Y26         RAMB36E2                                     r  u_partial_sum_bank/mem_reg_0/DINADIN[9]
  -------------------------------------------------------------------    -------------------

                         (clock clk rise edge)        5.000     5.000 r  
                                                      0.000     5.000 r  clk (IN)
                         net (fo=1308, unset)         0.048     5.048    u_partial_sum_bank/clk
    RAMB36_X1Y26         RAMB36E2                                     r  u_partial_sum_bank/mem_reg_0/CLKBWRCLK
                         clock pessimism              0.000     5.048    
                         clock uncertainty           -0.035     5.013    
    RAMB36_X1Y26         RAMB36E2 (Setup_RAMB36E2_RAMB36_CLKBWRCLK_DINADIN[9])
                                                     -0.449     4.564    u_partial_sum_bank/mem_reg_0
  -------------------------------------------------------------------
                         required time                          4.564    
                         arrival time                          -4.050    
  -------------------------------------------------------------------
                         slack                                  0.514    

Slack (MET) :             0.517ns  (required time - arrival time)
  Source:                 u_partial_sum_bank/mem_reg_0/CLKARDCLK
                            (rising edge-triggered cell RAMB36E2 clocked by clk  {rise@0.000ns fall@2.500ns period=5.000ns})
  Destination:            u_partial_sum_bank/mem_reg_1/DINADIN[5]
                            (rising edge-triggered cell RAMB36E2 clocked by clk  {rise@0.000ns fall@2.500ns period=5.000ns})
  Path Group:             clk
  Path Type:              Setup (Max at Slow Process Corner)
  Requirement:            5.000ns  (clk rise@5.000ns - clk rise@0.000ns)
  Data Path Delay:        3.933ns  (logic 2.042ns (51.923%)  route 1.891ns (48.077%))
  Logic Levels:           4  (CARRY8=2 LUT2=1 LUT5=1)
  Clock Path Skew:        -0.059ns (DCD - SCD + CPR)
    Destination Clock Delay (DCD):    0.048ns = ( 5.048 - 5.000 ) 
    Source Clock Delay      (SCD):    0.107ns
    Clock Pessimism Removal (CPR):    0.000ns
  Clock Uncertainty:      0.035ns  ((TSJ^2 + TIJ^2)^1/2 + DJ) / 2 + PE
    Total System Jitter     (TSJ):    0.071ns
    Total Input Jitter      (TIJ):    0.000ns
    Discrete Jitter          (DJ):    0.000ns
    Phase Error              (PE):    0.000ns

    Location             Delay type                Incr(ns)  Path(ns)    Netlist Resource(s)
  -------------------------------------------------------------------    -------------------
                         (clock clk rise edge)        0.000     0.000 r  
                                                      0.000     0.000 r  clk (IN)
                         net (fo=1308, unset)         0.107     0.107    u_partial_sum_bank/clk
    RAMB36_X1Y26         RAMB36E2                                     r  u_partial_sum_bank/mem_reg_0/CLKARDCLK
  -------------------------------------------------------------------    -------------------
    RAMB36_X1Y26         RAMB36E2 (Prop_RAMB36E2_RAMB36_CLKARDCLK_DOUTPADOUTP[1])
                                                      1.200     1.307 r  u_partial_sum_bank/mem_reg_0/DOUTPADOUTP[1]
                         net (fo=3, routed)           0.929     2.236    u_partial_sum_bank/mem_reg_0_n_142
    SLICE_X53Y140        LUT2 (Prop_B6LUT_SLICEM_I0_O)
                                                      0.188     2.424 r  u_partial_sum_bank/i__carry_i_7__0/O
                         net (fo=1, routed)           0.022     2.446    u_partial_sum_bank/i__carry_i_7__0_n_0
    SLICE_X53Y140        CARRY8 (Prop_CARRY8_SLICEM_S[1]_CO[7])
                                                      0.267     2.713 r  u_partial_sum_bank/p_0_out_inferred__1/i__carry/CO[7]
                         net (fo=1, routed)           0.030     2.743    u_partial_sum_bank/p_0_out_inferred__1/i__carry_n_0
    SLICE_X53Y141        CARRY8 (Prop_CARRY8_SLICEM_CI_O[5])
                                                      0.161     2.904 r  u_partial_sum_bank/p_0_out_inferred__1/i__carry__0/O[5]
                         net (fo=1, routed)           0.188     3.092    u_partial_sum_bank/p_1_in__0[13]
    SLICE_X52Y141        LUT5 (Prop_G6LUT_SLICEL_I1_O)
                                                      0.226     3.318 r  u_partial_sum_bank/mem_reg_1_i_27/O
                         net (fo=1, routed)           0.722     4.040    u_partial_sum_bank/mem_write_data[77]
    RAMB36_X1Y29         RAMB36E2                                     r  u_partial_sum_bank/mem_reg_1/DINADIN[5]
  -------------------------------------------------------------------    -------------------

                         (clock clk rise edge)        5.000     5.000 r  
                                                      0.000     5.000 r  clk (IN)
                         net (fo=1308, unset)         0.048     5.048    u_partial_sum_bank/clk
    RAMB36_X1Y29         RAMB36E2                                     r  u_partial_sum_bank/mem_reg_1/CLKBWRCLK
                         clock pessimism              0.000     5.048    
                         clock uncertainty           -0.035     5.013    
    RAMB36_X1Y29         RAMB36E2 (Setup_RAMB36E2_RAMB36_CLKBWRCLK_DINADIN[5])
                                                     -0.456     4.557    u_partial_sum_bank/mem_reg_1
  -------------------------------------------------------------------
                         required time                          4.557    
                         arrival time                          -4.040    
  -------------------------------------------------------------------
                         slack                                  0.517    

Slack (MET) :             0.519ns  (required time - arrival time)
  Source:                 u_partial_sum_bank/mem_reg_0/CLKARDCLK
                            (rising edge-triggered cell RAMB36E2 clocked by clk  {rise@0.000ns fall@2.500ns period=5.000ns})
  Destination:            u_partial_sum_bank/mem_reg_0/DINADIN[29]
                            (rising edge-triggered cell RAMB36E2 clocked by clk  {rise@0.000ns fall@2.500ns period=5.000ns})
  Path Group:             clk
  Path Type:              Setup (Max at Slow Process Corner)
  Requirement:            5.000ns  (clk rise@5.000ns - clk rise@0.000ns)
  Data Path Delay:        3.914ns  (logic 2.124ns (54.272%)  route 1.790ns (45.728%))
  Logic Levels:           6  (CARRY8=4 LUT2=1 LUT5=1)
  Clock Path Skew:        -0.059ns (DCD - SCD + CPR)
    Destination Clock Delay (DCD):    0.048ns = ( 5.048 - 5.000 ) 
    Source Clock Delay      (SCD):    0.107ns
    Clock Pessimism Removal (CPR):    0.000ns
  Clock Uncertainty:      0.035ns  ((TSJ^2 + TIJ^2)^1/2 + DJ) / 2 + PE
    Total System Jitter     (TSJ):    0.071ns
    Total Input Jitter      (TIJ):    0.000ns
    Discrete Jitter          (DJ):    0.000ns
    Phase Error              (PE):    0.000ns

    Location             Delay type                Incr(ns)  Path(ns)    Netlist Resource(s)
  -------------------------------------------------------------------    -------------------
                         (clock clk rise edge)        0.000     0.000 r  
                                                      0.000     0.000 r  clk (IN)
                         net (fo=1308, unset)         0.107     0.107    u_partial_sum_bank/clk
    RAMB36_X1Y26         RAMB36E2                                     r  u_partial_sum_bank/mem_reg_0/CLKARDCLK
  -------------------------------------------------------------------    -------------------
    RAMB36_X1Y26         RAMB36E2 (Prop_RAMB36E2_RAMB36_CLKARDCLK_DOUTADOUT[1])
                                                      1.208     1.315 r  u_partial_sum_bank/mem_reg_0/DOUTADOUT[1]
                         net (fo=3, routed)           0.813     2.128    u_partial_sum_bank/mem_reg_0_n_98
    SLICE_X51Y119        LUT2 (Prop_B6LUT_SLICEL_I0_O)
                                                      0.138     2.266 r  u_partial_sum_bank/p_0_out_carry_i_7/O
                         net (fo=1, routed)           0.013     2.279    u_partial_sum_bank/p_0_out_carry_i_7_n_0
    SLICE_X51Y119        CARRY8 (Prop_CARRY8_SLICEL_S[1]_CO[7])
                                                      0.261     2.540 r  u_partial_sum_bank/p_0_out_carry/CO[7]
                         net (fo=1, routed)           0.030     2.570    u_partial_sum_bank/p_0_out_carry_n_0
    SLICE_X51Y120        CARRY8 (Prop_CARRY8_SLICEL_CI_CO[7])
                                                      0.065     2.635 r  u_partial_sum_bank/p_0_out_carry__0/CO[7]
                         net (fo=1, routed)           0.030     2.665    u_partial_sum_bank/p_0_out_carry__0_n_0
    SLICE_X51Y121        CARRY8 (Prop_CARRY8_SLICEL_CI_CO[7])
                                                      0.065     2.730 r  u_partial_sum_bank/p_0_out_carry__1/CO[7]
                         net (fo=1, routed)           0.030     2.760    u_partial_sum_bank/p_0_out_carry__1_n_0
    SLICE_X51Y122        CARRY8 (Prop_CARRY8_SLICEL_CI_O[5])
                                                      0.161     2.921 r  u_partial_sum_bank/p_0_out_carry__2/O[5]
                         net (fo=1, routed)           0.178     3.099    u_partial_sum_bank/p_0_out_carry__2_n_10
    SLICE_X51Y124        LUT5 (Prop_G6LUT_SLICEL_I1_O)
                                                      0.226     3.325 r  u_partial_sum_bank/mem_reg_0_i_23/O
                         net (fo=1, routed)           0.696     4.021    u_partial_sum_bank/mem_write_data[29]
    RAMB36_X1Y26         RAMB36E2                                     r  u_partial_sum_bank/mem_reg_0/DINADIN[29]
  -------------------------------------------------------------------    -------------------

                         (clock clk rise edge)        5.000     5.000 r  
                                                      0.000     5.000 r  clk (IN)
                         net (fo=1308, unset)         0.048     5.048    u_partial_sum_bank/clk
    RAMB36_X1Y26         RAMB36E2                                     r  u_partial_sum_bank/mem_reg_0/CLKBWRCLK
                         clock pessimism              0.000     5.048    
                         clock uncertainty           -0.035     5.013    
    RAMB36_X1Y26         RAMB36E2 (Setup_RAMB36E2_RAMB36_CLKBWRCLK_DINADIN[29])
                                                     -0.473     4.540    u_partial_sum_bank/mem_reg_0
  -------------------------------------------------------------------
                         required time                          4.540    
                         arrival time                          -4.021    
  -------------------------------------------------------------------
                         slack                                  0.519    

Slack (MET) :             0.521ns  (required time - arrival time)
  Source:                 u_partial_sum_bank/mem_reg_0/CLKARDCLK
                            (rising edge-triggered cell RAMB36E2 clocked by clk  {rise@0.000ns fall@2.500ns period=5.000ns})
  Destination:            u_partial_sum_bank/mem_reg_1/DINADIN[23]
                            (rising edge-triggered cell RAMB36E2 clocked by clk  {rise@0.000ns fall@2.500ns period=5.000ns})
  Path Group:             clk
  Path Type:              Setup (Max at Slow Process Corner)
  Requirement:            5.000ns  (clk rise@5.000ns - clk rise@0.000ns)
  Data Path Delay:        3.971ns  (logic 2.012ns (50.671%)  route 1.959ns (49.329%))
  Logic Levels:           6  (CARRY8=4 LUT2=1 LUT5=1)
  Clock Path Skew:        -0.059ns (DCD - SCD + CPR)
    Destination Clock Delay (DCD):    0.048ns = ( 5.048 - 5.000 ) 
    Source Clock Delay      (SCD):    0.107ns
    Clock Pessimism Removal (CPR):    0.000ns
  Clock Uncertainty:      0.035ns  ((TSJ^2 + TIJ^2)^1/2 + DJ) / 2 + PE
    Total System Jitter     (TSJ):    0.071ns
    Total Input Jitter      (TIJ):    0.000ns
    Discrete Jitter          (DJ):    0.000ns
    Phase Error              (PE):    0.000ns

    Location             Delay type                Incr(ns)  Path(ns)    Netlist Resource(s)
  -------------------------------------------------------------------    -------------------
                         (clock clk rise edge)        0.000     0.000 r  
                                                      0.000     0.000 r  clk (IN)
                         net (fo=1308, unset)         0.107     0.107    u_partial_sum_bank/clk
    RAMB36_X1Y26         RAMB36E2                                     r  u_partial_sum_bank/mem_reg_0/CLKARDCLK
  -------------------------------------------------------------------    -------------------
    RAMB36_X1Y26         RAMB36E2 (Prop_RAMB36E2_RAMB36_CLKARDCLK_DOUTPADOUTP[1])
                                                      1.200     1.307 r  u_partial_sum_bank/mem_reg_0/DOUTPADOUTP[1]
                         net (fo=3, routed)           0.929     2.236    u_partial_sum_bank/mem_reg_0_n_142
    SLICE_X53Y140        LUT2 (Prop_B6LUT_SLICEM_I0_O)
                                                      0.188     2.424 r  u_partial_sum_bank/i__carry_i_7__0/O
                         net (fo=1, routed)           0.022     2.446    u_partial_sum_bank/i__carry_i_7__0_n_0
    SLICE_X53Y140        CARRY8 (Prop_CARRY8_SLICEM_S[1]_CO[7])
                                                      0.267     2.713 r  u_partial_sum_bank/p_0_out_inferred__1/i__carry/CO[7]
                         net (fo=1, routed)           0.030     2.743    u_partial_sum_bank/p_0_out_inferred__1/i__carry_n_0
    SLICE_X53Y141        CARRY8 (Prop_CARRY8_SLICEM_CI_CO[7])
                                                      0.065     2.808 r  u_partial_sum_bank/p_0_out_inferred__1/i__carry__0/CO[7]
                         net (fo=1, routed)           0.030     2.838    u_partial_sum_bank/p_0_out_inferred__1/i__carry__0_n_0
    SLICE_X53Y142        CARRY8 (Prop_CARRY8_SLICEM_CI_CO[7])
                                                      0.065     2.903 r  u_partial_sum_bank/p_0_out_inferred__1/i__carry__1/CO[7]
                         net (fo=1, routed)           0.030     2.933    u_partial_sum_bank/p_0_out_inferred__1/i__carry__1_n_0
    SLICE_X53Y143        CARRY8 (Prop_CARRY8_SLICEM_CI_O[7])
                                                      0.171     3.104 r  u_partial_sum_bank/p_0_out_inferred__1/i__carry__2/O[7]
                         net (fo=1, routed)           0.324     3.428    u_partial_sum_bank/p_1_in__0[31]
    SLICE_X52Y148        LUT5 (Prop_F6LUT_SLICEL_I1_O)
                                                      0.056     3.484 r  u_partial_sum_bank/mem_reg_1_i_9/O
                         net (fo=1, routed)           0.594     4.078    u_partial_sum_bank/mem_write_data[95]
    RAMB36_X1Y29         RAMB36E2                                     r  u_partial_sum_bank/mem_reg_1/DINADIN[23]
  -------------------------------------------------------------------    -------------------

                         (clock clk rise edge)        5.000     5.000 r  
                                                      0.000     5.000 r  clk (IN)
                         net (fo=1308, unset)         0.048     5.048    u_partial_sum_bank/clk
    RAMB36_X1Y29         RAMB36E2                                     r  u_partial_sum_bank/mem_reg_1/CLKBWRCLK
                         clock pessimism              0.000     5.048    
                         clock uncertainty           -0.035     5.013    
    RAMB36_X1Y29         RAMB36E2 (Setup_RAMB36E2_RAMB36_CLKBWRCLK_DINADIN[23])
                                                     -0.414     4.599    u_partial_sum_bank/mem_reg_1
  -------------------------------------------------------------------
                         required time                          4.599    
                         arrival time                          -4.078    
  -------------------------------------------------------------------
                         slack                                  0.521    

Slack (MET) :             0.524ns  (required time - arrival time)
  Source:                 u_partial_sum_bank/resident_n_lane_mask_reg[0]/C
                            (rising edge-triggered cell FDRE clocked by clk  {rise@0.000ns fall@2.500ns period=5.000ns})
  Destination:            u_partial_sum_bank/mem_reg_0/DINADIN[5]
                            (rising edge-triggered cell RAMB36E2 clocked by clk  {rise@0.000ns fall@2.500ns period=5.000ns})
  Path Group:             clk
  Path Type:              Setup (Max at Slow Process Corner)
  Requirement:            5.000ns  (clk rise@5.000ns - clk rise@0.000ns)
  Data Path Delay:        3.991ns  (logic 0.515ns (12.905%)  route 3.476ns (87.095%))
  Logic Levels:           4  (LUT5=2 LUT6=2)
  Clock Path Skew:        0.006ns (DCD - SCD + CPR)
    Destination Clock Delay (DCD):    0.048ns = ( 5.048 - 5.000 ) 
    Source Clock Delay      (SCD):    0.042ns
    Clock Pessimism Removal (CPR):    0.000ns
  Clock Uncertainty:      0.035ns  ((TSJ^2 + TIJ^2)^1/2 + DJ) / 2 + PE
    Total System Jitter     (TSJ):    0.071ns
    Total Input Jitter      (TIJ):    0.000ns
    Discrete Jitter          (DJ):    0.000ns
    Phase Error              (PE):    0.000ns

    Location             Delay type                Incr(ns)  Path(ns)    Netlist Resource(s)
  -------------------------------------------------------------------    -------------------
                         (clock clk rise edge)        0.000     0.000 r  
                                                      0.000     0.000 r  clk (IN)
                         net (fo=1308, unset)         0.042     0.042    u_partial_sum_bank/clk
    SLICE_X48Y161        FDRE                                         r  u_partial_sum_bank/resident_n_lane_mask_reg[0]/C
  -------------------------------------------------------------------    -------------------
    SLICE_X48Y161        FDRE (Prop_EFF_SLICEL_C_Q)
                                                      0.114     0.156 r  u_partial_sum_bank/resident_n_lane_mask_reg[0]/Q
                         net (fo=36, routed)          0.762     0.918    u_scanner/rmw_input_word_q_reg[255][0]
    SLICE_X50Y142        LUT6 (Prop_H6LUT_SLICEL_I4_O)
                                                      0.083     1.001 r  u_scanner/hold_ready[0][7]_INST_0_i_2/O
                         net (fo=3, routed)           0.778     1.779    u_partial_sum_bank/bank_state[2]_i_4_0
    SLICE_X48Y166        LUT5 (Prop_E6LUT_SLICEL_I4_O)
                                                      0.083     1.862 f  u_partial_sum_bank/bank_state[2]_i_8/O
                         net (fo=3, routed)           0.416     2.278    u_scanner/bank_ingress_ready
    SLICE_X49Y166        LUT6 (Prop_H6LUT_SLICEL_I4_O)
                                                      0.153     2.431 r  u_scanner/bank_state[2]_i_4/O
                         net (fo=269, routed)         0.818     3.250    u_partial_sum_bank/egress_valid_reg_0
    SLICE_X50Y119        LUT5 (Prop_G6LUT_SLICEL_I3_O)
                                                      0.082     3.332 r  u_partial_sum_bank/mem_reg_0_i_47/O
                         net (fo=1, routed)           0.701     4.033    u_partial_sum_bank/mem_write_data[5]
    RAMB36_X1Y26         RAMB36E2                                     r  u_partial_sum_bank/mem_reg_0/DINADIN[5]
  -------------------------------------------------------------------    -------------------

                         (clock clk rise edge)        5.000     5.000 r  
                                                      0.000     5.000 r  clk (IN)
                         net (fo=1308, unset)         0.048     5.048    u_partial_sum_bank/clk
    RAMB36_X1Y26         RAMB36E2                                     r  u_partial_sum_bank/mem_reg_0/CLKBWRCLK
                         clock pessimism              0.000     5.048    
                         clock uncertainty           -0.035     5.013    
    RAMB36_X1Y26         RAMB36E2 (Setup_RAMB36E2_RAMB36_CLKBWRCLK_DINADIN[5])
                                                     -0.456     4.557    u_partial_sum_bank/mem_reg_0
  -------------------------------------------------------------------
                         required time                          4.557    
                         arrival time                          -4.033    
  -------------------------------------------------------------------
                         slack                                  0.524    

Slack (MET) :             0.541ns  (required time - arrival time)
  Source:                 u_partial_sum_bank/resident_n_lane_mask_reg[0]/C
                            (rising edge-triggered cell FDRE clocked by clk  {rise@0.000ns fall@2.500ns period=5.000ns})
  Destination:            u_partial_sum_bank/mem_reg_0/DINADIN[3]
                            (rising edge-triggered cell RAMB36E2 clocked by clk  {rise@0.000ns fall@2.500ns period=5.000ns})
  Path Group:             clk
  Path Type:              Setup (Max at Slow Process Corner)
  Requirement:            5.000ns  (clk rise@5.000ns - clk rise@0.000ns)
  Data Path Delay:        3.984ns  (logic 0.516ns (12.952%)  route 3.468ns (87.048%))
  Logic Levels:           4  (LUT5=2 LUT6=2)
  Clock Path Skew:        0.006ns (DCD - SCD + CPR)
    Destination Clock Delay (DCD):    0.048ns = ( 5.048 - 5.000 ) 
    Source Clock Delay      (SCD):    0.042ns
    Clock Pessimism Removal (CPR):    0.000ns
  Clock Uncertainty:      0.035ns  ((TSJ^2 + TIJ^2)^1/2 + DJ) / 2 + PE
    Total System Jitter     (TSJ):    0.071ns
    Total Input Jitter      (TIJ):    0.000ns
    Discrete Jitter          (DJ):    0.000ns
    Phase Error              (PE):    0.000ns

    Location             Delay type                Incr(ns)  Path(ns)    Netlist Resource(s)
  -------------------------------------------------------------------    -------------------
                         (clock clk rise edge)        0.000     0.000 r  
                                                      0.000     0.000 r  clk (IN)
                         net (fo=1308, unset)         0.042     0.042    u_partial_sum_bank/clk
    SLICE_X48Y161        FDRE                                         r  u_partial_sum_bank/resident_n_lane_mask_reg[0]/C
  -------------------------------------------------------------------    -------------------
    SLICE_X48Y161        FDRE (Prop_EFF_SLICEL_C_Q)
                                                      0.114     0.156 r  u_partial_sum_bank/resident_n_lane_mask_reg[0]/Q
                         net (fo=36, routed)          0.762     0.918    u_scanner/rmw_input_word_q_reg[255][0]
    SLICE_X50Y142        LUT6 (Prop_H6LUT_SLICEL_I4_O)
                                                      0.083     1.001 r  u_scanner/hold_ready[0][7]_INST_0_i_2/O
                         net (fo=3, routed)           0.778     1.779    u_partial_sum_bank/bank_state[2]_i_4_0
    SLICE_X48Y166        LUT5 (Prop_E6LUT_SLICEL_I4_O)
                                                      0.083     1.862 f  u_partial_sum_bank/bank_state[2]_i_8/O
                         net (fo=3, routed)           0.416     2.278    u_scanner/bank_ingress_ready
    SLICE_X49Y166        LUT6 (Prop_H6LUT_SLICEL_I4_O)
                                                      0.153     2.431 r  u_scanner/bank_state[2]_i_4/O
                         net (fo=269, routed)         0.871     3.303    u_partial_sum_bank/egress_valid_reg_0
    SLICE_X50Y119        LUT5 (Prop_B6LUT_SLICEL_I3_O)
                                                      0.083     3.386 r  u_partial_sum_bank/mem_reg_0_i_49/O
                         net (fo=1, routed)           0.640     4.026    u_partial_sum_bank/mem_write_data[3]
    RAMB36_X1Y26         RAMB36E2                                     r  u_partial_sum_bank/mem_reg_0/DINADIN[3]
  -------------------------------------------------------------------    -------------------

                         (clock clk rise edge)        5.000     5.000 r  
                                                      0.000     5.000 r  clk (IN)
                         net (fo=1308, unset)         0.048     5.048    u_partial_sum_bank/clk
    RAMB36_X1Y26         RAMB36E2                                     r  u_partial_sum_bank/mem_reg_0/CLKBWRCLK
                         clock pessimism              0.000     5.048    
                         clock uncertainty           -0.035     5.013    
    RAMB36_X1Y26         RAMB36E2 (Setup_RAMB36E2_RAMB36_CLKBWRCLK_DINADIN[3])
                                                     -0.446     4.567    u_partial_sum_bank/mem_reg_0
  -------------------------------------------------------------------
                         required time                          4.567    
                         arrival time                          -4.026    
  -------------------------------------------------------------------
                         slack                                  0.541    

Slack (MET) :             0.541ns  (required time - arrival time)
  Source:                 u_partial_sum_bank/mem_reg_0/CLKARDCLK
                            (rising edge-triggered cell RAMB36E2 clocked by clk  {rise@0.000ns fall@2.500ns period=5.000ns})
  Destination:            u_partial_sum_bank/mem_reg_1/DINADIN[21]
                            (rising edge-triggered cell RAMB36E2 clocked by clk  {rise@0.000ns fall@2.500ns period=5.000ns})
  Path Group:             clk
  Path Type:              Setup (Max at Slow Process Corner)
  Requirement:            5.000ns  (clk rise@5.000ns - clk rise@0.000ns)
  Data Path Delay:        3.950ns  (logic 2.080ns (52.662%)  route 1.870ns (47.338%))
  Logic Levels:           6  (CARRY8=4 LUT2=1 LUT5=1)
  Clock Path Skew:        -0.059ns (DCD - SCD + CPR)
    Destination Clock Delay (DCD):    0.048ns = ( 5.048 - 5.000 ) 
    Source Clock Delay      (SCD):    0.107ns
    Clock Pessimism Removal (CPR):    0.000ns
  Clock Uncertainty:      0.035ns  ((TSJ^2 + TIJ^2)^1/2 + DJ) / 2 + PE
    Total System Jitter     (TSJ):    0.071ns
    Total Input Jitter      (TIJ):    0.000ns
    Discrete Jitter          (DJ):    0.000ns
    Phase Error              (PE):    0.000ns

    Location             Delay type                Incr(ns)  Path(ns)    Netlist Resource(s)
  -------------------------------------------------------------------    -------------------
                         (clock clk rise edge)        0.000     0.000 r  
                                                      0.000     0.000 r  clk (IN)
                         net (fo=1308, unset)         0.107     0.107    u_partial_sum_bank/clk
    RAMB36_X1Y26         RAMB36E2                                     r  u_partial_sum_bank/mem_reg_0/CLKARDCLK
  -------------------------------------------------------------------    -------------------
    RAMB36_X1Y26         RAMB36E2 (Prop_RAMB36E2_RAMB36_CLKARDCLK_DOUTPADOUTP[1])
                                                      1.200     1.307 r  u_partial_sum_bank/mem_reg_0/DOUTPADOUTP[1]
                         net (fo=3, routed)           0.929     2.236    u_partial_sum_bank/mem_reg_0_n_142
    SLICE_X53Y140        LUT2 (Prop_B6LUT_SLICEM_I0_O)
                                                      0.188     2.424 r  u_partial_sum_bank/i__carry_i_7__0/O
                         net (fo=1, routed)           0.022     2.446    u_partial_sum_bank/i__carry_i_7__0_n_0
    SLICE_X53Y140        CARRY8 (Prop_CARRY8_SLICEM_S[1]_CO[7])
                                                      0.267     2.713 r  u_partial_sum_bank/p_0_out_inferred__1/i__carry/CO[7]
                         net (fo=1, routed)           0.030     2.743    u_partial_sum_bank/p_0_out_inferred__1/i__carry_n_0
    SLICE_X53Y141        CARRY8 (Prop_CARRY8_SLICEM_CI_CO[7])
                                                      0.065     2.808 r  u_partial_sum_bank/p_0_out_inferred__1/i__carry__0/CO[7]
                         net (fo=1, routed)           0.030     2.838    u_partial_sum_bank/p_0_out_inferred__1/i__carry__0_n_0
    SLICE_X53Y142        CARRY8 (Prop_CARRY8_SLICEM_CI_CO[7])
                                                      0.065     2.903 r  u_partial_sum_bank/p_0_out_inferred__1/i__carry__1/CO[7]
                         net (fo=1, routed)           0.030     2.933    u_partial_sum_bank/p_0_out_inferred__1/i__carry__1_n_0
    SLICE_X53Y143        CARRY8 (Prop_CARRY8_SLICEM_CI_O[5])
                                                      0.161     3.094 r  u_partial_sum_bank/p_0_out_inferred__1/i__carry__2/O[5]
                         net (fo=1, routed)           0.229     3.323    u_partial_sum_bank/p_1_in__0[29]
    SLICE_X53Y148        LUT5 (Prop_D6LUT_SLICEM_I1_O)
                                                      0.134     3.457 r  u_partial_sum_bank/mem_reg_1_i_11/O
                         net (fo=1, routed)           0.600     4.057    u_partial_sum_bank/mem_write_data[93]
    RAMB36_X1Y29         RAMB36E2                                     r  u_partial_sum_bank/mem_reg_1/DINADIN[21]
  -------------------------------------------------------------------    -------------------

                         (clock clk rise edge)        5.000     5.000 r  
                                                      0.000     5.000 r  clk (IN)
                         net (fo=1308, unset)         0.048     5.048    u_partial_sum_bank/clk
    RAMB36_X1Y29         RAMB36E2                                     r  u_partial_sum_bank/mem_reg_1/CLKBWRCLK
                         clock pessimism              0.000     5.048    
                         clock uncertainty           -0.035     5.013    
    RAMB36_X1Y29         RAMB36E2 (Setup_RAMB36E2_RAMB36_CLKBWRCLK_DINADIN[21])
                                                     -0.415     4.598    u_partial_sum_bank/mem_reg_1
  -------------------------------------------------------------------
                         required time                          4.598    
                         arrival time                          -4.057    
  -------------------------------------------------------------------
                         slack                                  0.541    

Slack (MET) :             0.542ns  (required time - arrival time)
  Source:                 u_partial_sum_bank/resident_n_lane_mask_reg[0]/C
                            (rising edge-triggered cell FDRE clocked by clk  {rise@0.000ns fall@2.500ns period=5.000ns})
  Destination:            u_partial_sum_bank/mem_reg_0/DINADIN[2]
                            (rising edge-triggered cell RAMB36E2 clocked by clk  {rise@0.000ns fall@2.500ns period=5.000ns})
  Path Group:             clk
  Path Type:              Setup (Max at Slow Process Corner)
  Requirement:            5.000ns  (clk rise@5.000ns - clk rise@0.000ns)
  Data Path Delay:        3.958ns  (logic 0.489ns (12.355%)  route 3.469ns (87.645%))
  Logic Levels:           4  (LUT5=2 LUT6=2)
  Clock Path Skew:        0.006ns (DCD - SCD + CPR)
    Destination Clock Delay (DCD):    0.048ns = ( 5.048 - 5.000 ) 
    Source Clock Delay      (SCD):    0.042ns
    Clock Pessimism Removal (CPR):    0.000ns
  Clock Uncertainty:      0.035ns  ((TSJ^2 + TIJ^2)^1/2 + DJ) / 2 + PE
    Total System Jitter     (TSJ):    0.071ns
    Total Input Jitter      (TIJ):    0.000ns
    Discrete Jitter          (DJ):    0.000ns
    Phase Error              (PE):    0.000ns

    Location             Delay type                Incr(ns)  Path(ns)    Netlist Resource(s)
  -------------------------------------------------------------------    -------------------
                         (clock clk rise edge)        0.000     0.000 r  
                                                      0.000     0.000 r  clk (IN)
                         net (fo=1308, unset)         0.042     0.042    u_partial_sum_bank/clk
    SLICE_X48Y161        FDRE                                         r  u_partial_sum_bank/resident_n_lane_mask_reg[0]/C
  -------------------------------------------------------------------    -------------------
    SLICE_X48Y161        FDRE (Prop_EFF_SLICEL_C_Q)
                                                      0.114     0.156 r  u_partial_sum_bank/resident_n_lane_mask_reg[0]/Q
                         net (fo=36, routed)          0.762     0.918    u_scanner/rmw_input_word_q_reg[255][0]
    SLICE_X50Y142        LUT6 (Prop_H6LUT_SLICEL_I4_O)
                                                      0.083     1.001 r  u_scanner/hold_ready[0][7]_INST_0_i_2/O
                         net (fo=3, routed)           0.778     1.779    u_partial_sum_bank/bank_state[2]_i_4_0
    SLICE_X48Y166        LUT5 (Prop_E6LUT_SLICEL_I4_O)
                                                      0.083     1.862 f  u_partial_sum_bank/bank_state[2]_i_8/O
                         net (fo=3, routed)           0.416     2.278    u_scanner/bank_ingress_ready
    SLICE_X49Y166        LUT6 (Prop_H6LUT_SLICEL_I4_O)
                                                      0.153     2.431 r  u_scanner/bank_state[2]_i_4/O
                         net (fo=269, routed)         0.820     3.252    u_partial_sum_bank/egress_valid_reg_0
    SLICE_X50Y119        LUT5 (Prop_F6LUT_SLICEL_I3_O)
                                                      0.056     3.308 r  u_partial_sum_bank/mem_reg_0_i_50/O
                         net (fo=1, routed)           0.692     4.000    u_partial_sum_bank/mem_write_data[2]
    RAMB36_X1Y26         RAMB36E2                                     r  u_partial_sum_bank/mem_reg_0/DINADIN[2]
  -------------------------------------------------------------------    -------------------

                         (clock clk rise edge)        5.000     5.000 r  
                                                      0.000     5.000 r  clk (IN)
                         net (fo=1308, unset)         0.048     5.048    u_partial_sum_bank/clk
    RAMB36_X1Y26         RAMB36E2                                     r  u_partial_sum_bank/mem_reg_0/CLKBWRCLK
                         clock pessimism              0.000     5.048    
                         clock uncertainty           -0.035     5.013    
    RAMB36_X1Y26         RAMB36E2 (Setup_RAMB36E2_RAMB36_CLKBWRCLK_DINADIN[2])
                                                     -0.471     4.542    u_partial_sum_bank/mem_reg_0
  -------------------------------------------------------------------
                         required time                          4.542    
                         arrival time                          -4.000    
  -------------------------------------------------------------------
                         slack                                  0.542    

Slack (MET) :             0.545ns  (required time - arrival time)
  Source:                 u_partial_sum_bank/mem_reg_0/CLKARDCLK
                            (rising edge-triggered cell RAMB36E2 clocked by clk  {rise@0.000ns fall@2.500ns period=5.000ns})
  Destination:            u_partial_sum_bank/mem_reg_1/DINADIN[20]
                            (rising edge-triggered cell RAMB36E2 clocked by clk  {rise@0.000ns fall@2.500ns period=5.000ns})
  Path Group:             clk
  Path Type:              Setup (Max at Slow Process Corner)
  Requirement:            5.000ns  (clk rise@5.000ns - clk rise@0.000ns)
  Data Path Delay:        3.958ns  (logic 2.055ns (51.924%)  route 1.903ns (48.076%))
  Logic Levels:           6  (CARRY8=4 LUT2=1 LUT5=1)
  Clock Path Skew:        -0.059ns (DCD - SCD + CPR)
    Destination Clock Delay (DCD):    0.048ns = ( 5.048 - 5.000 ) 
    Source Clock Delay      (SCD):    0.107ns
    Clock Pessimism Removal (CPR):    0.000ns
  Clock Uncertainty:      0.035ns  ((TSJ^2 + TIJ^2)^1/2 + DJ) / 2 + PE
    Total System Jitter     (TSJ):    0.071ns
    Total Input Jitter      (TIJ):    0.000ns
    Discrete Jitter          (DJ):    0.000ns
    Phase Error              (PE):    0.000ns

    Location             Delay type                Incr(ns)  Path(ns)    Netlist Resource(s)
  -------------------------------------------------------------------    -------------------
                         (clock clk rise edge)        0.000     0.000 r  
                                                      0.000     0.000 r  clk (IN)
                         net (fo=1308, unset)         0.107     0.107    u_partial_sum_bank/clk
    RAMB36_X1Y26         RAMB36E2                                     r  u_partial_sum_bank/mem_reg_0/CLKARDCLK
  -------------------------------------------------------------------    -------------------
    RAMB36_X1Y26         RAMB36E2 (Prop_RAMB36E2_RAMB36_CLKARDCLK_DOUTPADOUTP[1])
                                                      1.200     1.307 r  u_partial_sum_bank/mem_reg_0/DOUTPADOUTP[1]
                         net (fo=3, routed)           0.929     2.236    u_partial_sum_bank/mem_reg_0_n_142
    SLICE_X53Y140        LUT2 (Prop_B6LUT_SLICEM_I0_O)
                                                      0.188     2.424 r  u_partial_sum_bank/i__carry_i_7__0/O
                         net (fo=1, routed)           0.022     2.446    u_partial_sum_bank/i__carry_i_7__0_n_0
    SLICE_X53Y140        CARRY8 (Prop_CARRY8_SLICEM_S[1]_CO[7])
                                                      0.267     2.713 r  u_partial_sum_bank/p_0_out_inferred__1/i__carry/CO[7]
                         net (fo=1, routed)           0.030     2.743    u_partial_sum_bank/p_0_out_inferred__1/i__carry_n_0
    SLICE_X53Y141        CARRY8 (Prop_CARRY8_SLICEM_CI_CO[7])
                                                      0.065     2.808 r  u_partial_sum_bank/p_0_out_inferred__1/i__carry__0/CO[7]
                         net (fo=1, routed)           0.030     2.838    u_partial_sum_bank/p_0_out_inferred__1/i__carry__0_n_0
    SLICE_X53Y142        CARRY8 (Prop_CARRY8_SLICEM_CI_CO[7])
                                                      0.065     2.903 r  u_partial_sum_bank/p_0_out_inferred__1/i__carry__1/CO[7]
                         net (fo=1, routed)           0.030     2.933    u_partial_sum_bank/p_0_out_inferred__1/i__carry__1_n_0
    SLICE_X53Y143        CARRY8 (Prop_CARRY8_SLICEM_CI_O[4])
                                                      0.119     3.052 r  u_partial_sum_bank/p_0_out_inferred__1/i__carry__2/O[4]
                         net (fo=1, routed)           0.200     3.252    u_partial_sum_bank/p_1_in__0[28]
    SLICE_X52Y143        LUT5 (Prop_G6LUT_SLICEL_I1_O)
                                                      0.151     3.403 r  u_partial_sum_bank/mem_reg_1_i_12/O
                         net (fo=1, routed)           0.662     4.065    u_partial_sum_bank/mem_write_data[92]
    RAMB36_X1Y29         RAMB36E2                                     r  u_partial_sum_bank/mem_reg_1/DINADIN[20]
  -------------------------------------------------------------------    -------------------

                         (clock clk rise edge)        5.000     5.000 r  
                                                      0.000     5.000 r  clk (IN)
                         net (fo=1308, unset)         0.048     5.048    u_partial_sum_bank/clk
    RAMB36_X1Y29         RAMB36E2                                     r  u_partial_sum_bank/mem_reg_1/CLKBWRCLK
                         clock pessimism              0.000     5.048    
                         clock uncertainty           -0.035     5.013    
    RAMB36_X1Y29         RAMB36E2 (Setup_RAMB36E2_RAMB36_CLKBWRCLK_DINADIN[20])
                                                     -0.403     4.610    u_partial_sum_bank/mem_reg_1
  -------------------------------------------------------------------
                         required time                          4.610    
                         arrival time                          -4.065    
  -------------------------------------------------------------------
                         slack                                  0.545    

Slack (MET) :             0.549ns  (required time - arrival time)
  Source:                 u_partial_sum_bank/resident_n_lane_mask_reg[0]/C
                            (rising edge-triggered cell FDRE clocked by clk  {rise@0.000ns fall@2.500ns period=5.000ns})
  Destination:            u_partial_sum_bank/mem_reg_0/DINADIN[26]
                            (rising edge-triggered cell RAMB36E2 clocked by clk  {rise@0.000ns fall@2.500ns period=5.000ns})
  Path Group:             clk
  Path Type:              Setup (Max at Slow Process Corner)
  Requirement:            5.000ns  (clk rise@5.000ns - clk rise@0.000ns)
  Data Path Delay:        4.009ns  (logic 0.514ns (12.822%)  route 3.495ns (87.178%))
  Logic Levels:           4  (LUT5=2 LUT6=2)
  Clock Path Skew:        0.006ns (DCD - SCD + CPR)
    Destination Clock Delay (DCD):    0.048ns = ( 5.048 - 5.000 ) 
    Source Clock Delay      (SCD):    0.042ns
    Clock Pessimism Removal (CPR):    0.000ns
  Clock Uncertainty:      0.035ns  ((TSJ^2 + TIJ^2)^1/2 + DJ) / 2 + PE
    Total System Jitter     (TSJ):    0.071ns
    Total Input Jitter      (TIJ):    0.000ns
    Discrete Jitter          (DJ):    0.000ns
    Phase Error              (PE):    0.000ns

    Location             Delay type                Incr(ns)  Path(ns)    Netlist Resource(s)
  -------------------------------------------------------------------    -------------------
                         (clock clk rise edge)        0.000     0.000 r  
                                                      0.000     0.000 r  clk (IN)
                         net (fo=1308, unset)         0.042     0.042    u_partial_sum_bank/clk
    SLICE_X48Y161        FDRE                                         r  u_partial_sum_bank/resident_n_lane_mask_reg[0]/C
  -------------------------------------------------------------------    -------------------
    SLICE_X48Y161        FDRE (Prop_EFF_SLICEL_C_Q)
                                                      0.114     0.156 r  u_partial_sum_bank/resident_n_lane_mask_reg[0]/Q
                         net (fo=36, routed)          0.762     0.918    u_scanner/rmw_input_word_q_reg[255][0]
    SLICE_X50Y142        LUT6 (Prop_H6LUT_SLICEL_I4_O)
                                                      0.083     1.001 r  u_scanner/hold_ready[0][7]_INST_0_i_2/O
                         net (fo=3, routed)           0.778     1.779    u_partial_sum_bank/bank_state[2]_i_4_0
    SLICE_X48Y166        LUT5 (Prop_E6LUT_SLICEL_I4_O)
                                                      0.083     1.862 f  u_partial_sum_bank/bank_state[2]_i_8/O
                         net (fo=3, routed)           0.416     2.278    u_scanner/bank_ingress_ready
    SLICE_X49Y166        LUT6 (Prop_H6LUT_SLICEL_I4_O)
                                                      0.153     2.431 r  u_scanner/bank_state[2]_i_4/O
                         net (fo=269, routed)         0.819     3.251    u_partial_sum_bank/egress_valid_reg_0
    SLICE_X50Y122        LUT5 (Prop_C6LUT_SLICEL_I3_O)
                                                      0.081     3.332 r  u_partial_sum_bank/mem_reg_0_i_26/O
                         net (fo=1, routed)           0.719     4.051    u_partial_sum_bank/mem_write_data[26]
    RAMB36_X1Y26         RAMB36E2                                     r  u_partial_sum_bank/mem_reg_0/DINADIN[26]
  -------------------------------------------------------------------    -------------------

                         (clock clk rise edge)        5.000     5.000 r  
                                                      0.000     5.000 r  clk (IN)
                         net (fo=1308, unset)         0.048     5.048    u_partial_sum_bank/clk
    RAMB36_X1Y26         RAMB36E2                                     r  u_partial_sum_bank/mem_reg_0/CLKBWRCLK
                         clock pessimism              0.000     5.048    
                         clock uncertainty           -0.035     5.013    
    RAMB36_X1Y26         RAMB36E2 (Setup_RAMB36E2_RAMB36_CLKBWRCLK_DINADIN[26])
                                                     -0.413     4.600    u_partial_sum_bank/mem_reg_0
  -------------------------------------------------------------------
                         required time                          4.600    
                         arrival time                          -4.051    
  -------------------------------------------------------------------
                         slack                                  0.549    

Slack (MET) :             0.550ns  (required time - arrival time)
  Source:                 u_partial_sum_bank/mem_reg_0/CLKARDCLK
                            (rising edge-triggered cell RAMB36E2 clocked by clk  {rise@0.000ns fall@2.500ns period=5.000ns})
  Destination:            u_partial_sum_bank/mem_reg_1/DINADIN[4]
                            (rising edge-triggered cell RAMB36E2 clocked by clk  {rise@0.000ns fall@2.500ns period=5.000ns})
  Path Group:             clk
  Path Type:              Setup (Max at Slow Process Corner)
  Requirement:            5.000ns  (clk rise@5.000ns - clk rise@0.000ns)
  Data Path Delay:        3.862ns  (logic 1.926ns (49.874%)  route 1.936ns (50.126%))
  Logic Levels:           4  (CARRY8=2 LUT2=1 LUT5=1)
  Clock Path Skew:        -0.059ns (DCD - SCD + CPR)
    Destination Clock Delay (DCD):    0.048ns = ( 5.048 - 5.000 ) 
    Source Clock Delay      (SCD):    0.107ns
    Clock Pessimism Removal (CPR):    0.000ns
  Clock Uncertainty:      0.035ns  ((TSJ^2 + TIJ^2)^1/2 + DJ) / 2 + PE
    Total System Jitter     (TSJ):    0.071ns
    Total Input Jitter      (TIJ):    0.000ns
    Discrete Jitter          (DJ):    0.000ns
    Phase Error              (PE):    0.000ns

    Location             Delay type                Incr(ns)  Path(ns)    Netlist Resource(s)
  -------------------------------------------------------------------    -------------------
                         (clock clk rise edge)        0.000     0.000 r  
                                                      0.000     0.000 r  clk (IN)
                         net (fo=1308, unset)         0.107     0.107    u_partial_sum_bank/clk
    RAMB36_X1Y26         RAMB36E2                                     r  u_partial_sum_bank/mem_reg_0/CLKARDCLK
  -------------------------------------------------------------------    -------------------
    RAMB36_X1Y26         RAMB36E2 (Prop_RAMB36E2_RAMB36_CLKARDCLK_DOUTPADOUTP[1])
                                                      1.200     1.307 r  u_partial_sum_bank/mem_reg_0/DOUTPADOUTP[1]
                         net (fo=3, routed)           0.929     2.236    u_partial_sum_bank/mem_reg_0_n_142
    SLICE_X53Y140        LUT2 (Prop_B6LUT_SLICEM_I0_O)
                                                      0.188     2.424 r  u_partial_sum_bank/i__carry_i_7__0/O
                         net (fo=1, routed)           0.022     2.446    u_partial_sum_bank/i__carry_i_7__0_n_0
    SLICE_X53Y140        CARRY8 (Prop_CARRY8_SLICEM_S[1]_CO[7])
                                                      0.267     2.713 r  u_partial_sum_bank/p_0_out_inferred__1/i__carry/CO[7]
                         net (fo=1, routed)           0.030     2.743    u_partial_sum_bank/p_0_out_inferred__1/i__carry_n_0
    SLICE_X53Y141        CARRY8 (Prop_CARRY8_SLICEM_CI_O[4])
                                                      0.119     2.862 r  u_partial_sum_bank/p_0_out_inferred__1/i__carry__0/O[4]
                         net (fo=1, routed)           0.309     3.171    u_partial_sum_bank/p_1_in__0[12]
    SLICE_X52Y143        LUT5 (Prop_B6LUT_SLICEL_I1_O)
                                                      0.152     3.323 r  u_partial_sum_bank/mem_reg_1_i_28/O
                         net (fo=1, routed)           0.646     3.969    u_partial_sum_bank/mem_write_data[76]
    RAMB36_X1Y29         RAMB36E2                                     r  u_partial_sum_bank/mem_reg_1/DINADIN[4]
  -------------------------------------------------------------------    -------------------

                         (clock clk rise edge)        5.000     5.000 r  
                                                      0.000     5.000 r  clk (IN)
                         net (fo=1308, unset)         0.048     5.048    u_partial_sum_bank/clk
    RAMB36_X1Y29         RAMB36E2                                     r  u_partial_sum_bank/mem_reg_1/CLKBWRCLK
                         clock pessimism              0.000     5.048    
                         clock uncertainty           -0.035     5.013    
    RAMB36_X1Y29         RAMB36E2 (Setup_RAMB36E2_RAMB36_CLKBWRCLK_DINADIN[4])
                                                     -0.494     4.519    u_partial_sum_bank/mem_reg_1
  -------------------------------------------------------------------
                         required time                          4.519    
                         arrival time                          -3.969    
  -------------------------------------------------------------------
                         slack                                  0.550    

Slack (MET) :             0.550ns  (required time - arrival time)
  Source:                 u_partial_sum_bank/mem_reg_1/CLKARDCLK
                            (rising edge-triggered cell RAMB36E2 clocked by clk  {rise@0.000ns fall@2.500ns period=5.000ns})
  Destination:            u_partial_sum_bank/mem_reg_1/DINBDIN[22]
                            (rising edge-triggered cell RAMB36E2 clocked by clk  {rise@0.000ns fall@2.500ns period=5.000ns})
  Path Group:             clk
  Path Type:              Setup (Max at Slow Process Corner)
  Requirement:            5.000ns  (clk rise@5.000ns - clk rise@0.000ns)
  Data Path Delay:        3.923ns  (logic 2.131ns (54.326%)  route 1.792ns (45.674%))
  Logic Levels:           6  (CARRY8=4 LUT2=1 LUT5=1)
  Clock Path Skew:        -0.059ns (DCD - SCD + CPR)
    Destination Clock Delay (DCD):    0.048ns = ( 5.048 - 5.000 ) 
    Source Clock Delay      (SCD):    0.107ns
    Clock Pessimism Removal (CPR):    0.000ns
  Clock Uncertainty:      0.035ns  ((TSJ^2 + TIJ^2)^1/2 + DJ) / 2 + PE
    Total System Jitter     (TSJ):    0.071ns
    Total Input Jitter      (TIJ):    0.000ns
    Discrete Jitter          (DJ):    0.000ns
    Phase Error              (PE):    0.000ns

    Location             Delay type                Incr(ns)  Path(ns)    Netlist Resource(s)
  -------------------------------------------------------------------    -------------------
                         (clock clk rise edge)        0.000     0.000 r  
                                                      0.000     0.000 r  clk (IN)
                         net (fo=1308, unset)         0.107     0.107    u_partial_sum_bank/clk
    RAMB36_X1Y29         RAMB36E2                                     r  u_partial_sum_bank/mem_reg_1/CLKARDCLK
  -------------------------------------------------------------------    -------------------
    RAMB36_X1Y29         RAMB36E2 (Prop_RAMB36E2_RAMB36_CLKARDCLK_DOUTADOUT[24])
                                                      1.224     1.331 r  u_partial_sum_bank/mem_reg_1/DOUTADOUT[24]
                         net (fo=3, routed)           0.849     2.180    u_partial_sum_bank/mem_reg_1_n_75
    SLICE_X53Y144        LUT2 (Prop_A6LUT_SLICEM_I0_O)
                                                      0.152     2.332 r  u_partial_sum_bank/i__carry_i_8__1/O
                         net (fo=1, routed)           0.017     2.349    u_partial_sum_bank/i__carry_i_8__1_n_0
    SLICE_X53Y144        CARRY8 (Prop_CARRY8_SLICEM_S[0]_CO[7])
                                                      0.281     2.630 r  u_partial_sum_bank/p_0_out_inferred__2/i__carry/CO[7]
                         net (fo=1, routed)           0.030     2.660    u_partial_sum_bank/p_0_out_inferred__2/i__carry_n_0
    SLICE_X53Y145        CARRY8 (Prop_CARRY8_SLICEM_CI_CO[7])
                                                      0.065     2.725 r  u_partial_sum_bank/p_0_out_inferred__2/i__carry__0/CO[7]
                         net (fo=1, routed)           0.030     2.755    u_partial_sum_bank/p_0_out_inferred__2/i__carry__0_n_0
    SLICE_X53Y146        CARRY8 (Prop_CARRY8_SLICEM_CI_CO[7])
                                                      0.065     2.820 r  u_partial_sum_bank/p_0_out_inferred__2/i__carry__1/CO[7]
                         net (fo=1, routed)           0.030     2.850    u_partial_sum_bank/p_0_out_inferred__2/i__carry__1_n_0
    SLICE_X53Y147        CARRY8 (Prop_CARRY8_SLICEM_CI_O[6])
                                                      0.157     3.007 r  u_partial_sum_bank/p_0_out_inferred__2/i__carry__2/O[6]
                         net (fo=1, routed)           0.261     3.268    u_partial_sum_bank/p_2_in3_in[30]
    SLICE_X51Y147        LUT5 (Prop_F6LUT_SLICEL_I1_O)
                                                      0.187     3.455 r  u_partial_sum_bank/mem_reg_1_i_42/O
                         net (fo=1, routed)           0.575     4.030    u_partial_sum_bank/mem_write_data[126]
    RAMB36_X1Y29         RAMB36E2                                     r  u_partial_sum_bank/mem_reg_1/DINBDIN[22]
  -------------------------------------------------------------------    -------------------

                         (clock clk rise edge)        5.000     5.000 r  
                                                      0.000     5.000 r  clk (IN)
                         net (fo=1308, unset)         0.048     5.048    u_partial_sum_bank/clk
    RAMB36_X1Y29         RAMB36E2                                     r  u_partial_sum_bank/mem_reg_1/CLKBWRCLK
                         clock pessimism              0.000     5.048    
                         clock uncertainty           -0.035     5.013    
    RAMB36_X1Y29         RAMB36E2 (Setup_RAMB36E2_RAMB36_CLKBWRCLK_DINBDIN[22])
                                                     -0.433     4.580    u_partial_sum_bank/mem_reg_1
  -------------------------------------------------------------------
                         required time                          4.580    
                         arrival time                          -4.030    
  -------------------------------------------------------------------
                         slack                                  0.550    

Slack (MET) :             0.551ns  (required time - arrival time)
  Source:                 u_partial_sum_bank/mem_reg_0/CLKARDCLK
                            (rising edge-triggered cell RAMB36E2 clocked by clk  {rise@0.000ns fall@2.500ns period=5.000ns})
  Destination:            u_partial_sum_bank/mem_reg_1/DINADIN[22]
                            (rising edge-triggered cell RAMB36E2 clocked by clk  {rise@0.000ns fall@2.500ns period=5.000ns})
  Path Group:             clk
  Path Type:              Setup (Max at Slow Process Corner)
  Requirement:            5.000ns  (clk rise@5.000ns - clk rise@0.000ns)
  Data Path Delay:        3.888ns  (logic 2.079ns (53.476%)  route 1.809ns (46.524%))
  Logic Levels:           6  (CARRY8=4 LUT2=1 LUT5=1)
  Clock Path Skew:        -0.059ns (DCD - SCD + CPR)
    Destination Clock Delay (DCD):    0.048ns = ( 5.048 - 5.000 ) 
    Source Clock Delay      (SCD):    0.107ns
    Clock Pessimism Removal (CPR):    0.000ns
  Clock Uncertainty:      0.035ns  ((TSJ^2 + TIJ^2)^1/2 + DJ) / 2 + PE
    Total System Jitter     (TSJ):    0.071ns
    Total Input Jitter      (TIJ):    0.000ns
    Discrete Jitter          (DJ):    0.000ns
    Phase Error              (PE):    0.000ns

    Location             Delay type                Incr(ns)  Path(ns)    Netlist Resource(s)
  -------------------------------------------------------------------    -------------------
                         (clock clk rise edge)        0.000     0.000 r  
                                                      0.000     0.000 r  clk (IN)
                         net (fo=1308, unset)         0.107     0.107    u_partial_sum_bank/clk
    RAMB36_X1Y26         RAMB36E2                                     r  u_partial_sum_bank/mem_reg_0/CLKARDCLK
  -------------------------------------------------------------------    -------------------
    RAMB36_X1Y26         RAMB36E2 (Prop_RAMB36E2_RAMB36_CLKARDCLK_DOUTPADOUTP[1])
                                                      1.200     1.307 r  u_partial_sum_bank/mem_reg_0/DOUTPADOUTP[1]
                         net (fo=3, routed)           0.929     2.236    u_partial_sum_bank/mem_reg_0_n_142
    SLICE_X53Y140        LUT2 (Prop_B6LUT_SLICEM_I0_O)
                                                      0.188     2.424 r  u_partial_sum_bank/i__carry_i_7__0/O
                         net (fo=1, routed)           0.022     2.446    u_partial_sum_bank/i__carry_i_7__0_n_0
    SLICE_X53Y140        CARRY8 (Prop_CARRY8_SLICEM_S[1]_CO[7])
                                                      0.267     2.713 r  u_partial_sum_bank/p_0_out_inferred__1/i__carry/CO[7]
                         net (fo=1, routed)           0.030     2.743    u_partial_sum_bank/p_0_out_inferred__1/i__carry_n_0
    SLICE_X53Y141        CARRY8 (Prop_CARRY8_SLICEM_CI_CO[7])
                                                      0.065     2.808 r  u_partial_sum_bank/p_0_out_inferred__1/i__carry__0/CO[7]
                         net (fo=1, routed)           0.030     2.838    u_partial_sum_bank/p_0_out_inferred__1/i__carry__0_n_0
    SLICE_X53Y142        CARRY8 (Prop_CARRY8_SLICEM_CI_CO[7])
                                                      0.065     2.903 r  u_partial_sum_bank/p_0_out_inferred__1/i__carry__1/CO[7]
                         net (fo=1, routed)           0.030     2.933    u_partial_sum_bank/p_0_out_inferred__1/i__carry__1_n_0
    SLICE_X53Y143        CARRY8 (Prop_CARRY8_SLICEM_CI_O[6])
                                                      0.157     3.090 r  u_partial_sum_bank/p_0_out_inferred__1/i__carry__2/O[6]
                         net (fo=1, routed)           0.150     3.240    u_partial_sum_bank/p_1_in__0[30]
    SLICE_X52Y143        LUT5 (Prop_H6LUT_SLICEL_I1_O)
                                                      0.137     3.377 r  u_partial_sum_bank/mem_reg_1_i_10/O
                         net (fo=1, routed)           0.618     3.995    u_partial_sum_bank/mem_write_data[94]
    RAMB36_X1Y29         RAMB36E2                                     r  u_partial_sum_bank/mem_reg_1/DINADIN[22]
  -------------------------------------------------------------------    -------------------

                         (clock clk rise edge)        5.000     5.000 r  
                                                      0.000     5.000 r  clk (IN)
                         net (fo=1308, unset)         0.048     5.048    u_partial_sum_bank/clk
    RAMB36_X1Y29         RAMB36E2                                     r  u_partial_sum_bank/mem_reg_1/CLKBWRCLK
                         clock pessimism              0.000     5.048    
                         clock uncertainty           -0.035     5.013    
    RAMB36_X1Y29         RAMB36E2 (Setup_RAMB36E2_RAMB36_CLKBWRCLK_DINADIN[22])
                                                     -0.467     4.546    u_partial_sum_bank/mem_reg_1
  -------------------------------------------------------------------
                         required time                          4.546    
                         arrival time                          -3.995    
  -------------------------------------------------------------------
                         slack                                  0.551    

Slack (MET) :             0.558ns  (required time - arrival time)
  Source:                 u_partial_sum_bank/mem_reg_1/CLKARDCLK
                            (rising edge-triggered cell RAMB36E2 clocked by clk  {rise@0.000ns fall@2.500ns period=5.000ns})
  Destination:            u_partial_sum_bank/mem_reg_2/DINADIN[13]
                            (rising edge-triggered cell RAMB36E2 clocked by clk  {rise@0.000ns fall@2.500ns period=5.000ns})
  Path Group:             clk
  Path Type:              Setup (Max at Slow Process Corner)
  Requirement:            5.000ns  (clk rise@5.000ns - clk rise@0.000ns)
  Data Path Delay:        3.939ns  (logic 1.988ns (50.468%)  route 1.951ns (49.532%))
  Logic Levels:           6  (CARRY8=4 LUT2=1 LUT5=1)
  Clock Path Skew:        -0.059ns (DCD - SCD + CPR)
    Destination Clock Delay (DCD):    0.048ns = ( 5.048 - 5.000 ) 
    Source Clock Delay      (SCD):    0.107ns
    Clock Pessimism Removal (CPR):    0.000ns
  Clock Uncertainty:      0.035ns  ((TSJ^2 + TIJ^2)^1/2 + DJ) / 2 + PE
    Total System Jitter     (TSJ):    0.071ns
    Total Input Jitter      (TIJ):    0.000ns
    Discrete Jitter          (DJ):    0.000ns
    Phase Error              (PE):    0.000ns

    Location             Delay type                Incr(ns)  Path(ns)    Netlist Resource(s)
  -------------------------------------------------------------------    -------------------
                         (clock clk rise edge)        0.000     0.000 r  
                                                      0.000     0.000 r  clk (IN)
                         net (fo=1308, unset)         0.107     0.107    u_partial_sum_bank/clk
    RAMB36_X1Y29         RAMB36E2                                     r  u_partial_sum_bank/mem_reg_1/CLKARDCLK
  -------------------------------------------------------------------    -------------------
    RAMB36_X1Y29         RAMB36E2 (Prop_RAMB36E2_RAMB36_CLKARDCLK_DOUTBDOUT[31])
                                                      1.216     1.323 r  u_partial_sum_bank/mem_reg_1/DOUTBDOUT[31]
                         net (fo=3, routed)           1.042     2.365    u_partial_sum_bank/mem_reg_1_n_100
    SLICE_X50Y144        LUT2 (Prop_H6LUT_SLICEL_I0_O)
                                                      0.083     2.448 r  u_partial_sum_bank/i__carry_i_1__2/O
                         net (fo=1, routed)           0.015     2.463    u_partial_sum_bank/i__carry_i_1__2_n_0
    SLICE_X50Y144        CARRY8 (Prop_CARRY8_SLICEL_S[7]_CO[7])
                                                      0.172     2.635 r  u_partial_sum_bank/p_0_out_inferred__3/i__carry/CO[7]
                         net (fo=1, routed)           0.030     2.665    u_partial_sum_bank/p_0_out_inferred__3/i__carry_n_0
    SLICE_X50Y145        CARRY8 (Prop_CARRY8_SLICEL_CI_CO[7])
                                                      0.065     2.730 r  u_partial_sum_bank/p_0_out_inferred__3/i__carry__0/CO[7]
                         net (fo=1, routed)           0.030     2.760    u_partial_sum_bank/p_0_out_inferred__3/i__carry__0_n_0
    SLICE_X50Y146        CARRY8 (Prop_CARRY8_SLICEL_CI_CO[7])
                                                      0.065     2.825 r  u_partial_sum_bank/p_0_out_inferred__3/i__carry__1/CO[7]
                         net (fo=1, routed)           0.030     2.855    u_partial_sum_bank/p_0_out_inferred__3/i__carry__1_n_0
    SLICE_X50Y147        CARRY8 (Prop_CARRY8_SLICEL_CI_O[5])
                                                      0.161     3.016 r  u_partial_sum_bank/p_0_out_inferred__3/i__carry__2/O[5]
                         net (fo=1, routed)           0.566     3.582    u_partial_sum_bank/p_4_in5_in[29]
    SLICE_X48Y147        LUT5 (Prop_G6LUT_SLICEL_I1_O)
                                                      0.226     3.808 r  u_partial_sum_bank/mem_reg_2_i_19/O
                         net (fo=1, routed)           0.238     4.046    u_partial_sum_bank/mem_write_data[157]
    RAMB36_X1Y28         RAMB36E2                                     r  u_partial_sum_bank/mem_reg_2/DINADIN[13]
  -------------------------------------------------------------------    -------------------

                         (clock clk rise edge)        5.000     5.000 r  
                                                      0.000     5.000 r  clk (IN)
                         net (fo=1308, unset)         0.048     5.048    u_partial_sum_bank/clk
    RAMB36_X1Y28         RAMB36E2                                     r  u_partial_sum_bank/mem_reg_2/CLKBWRCLK
                         clock pessimism              0.000     5.048    
                         clock uncertainty           -0.035     5.013    
    RAMB36_X1Y28         RAMB36E2 (Setup_RAMB36E2_RAMB36_CLKBWRCLK_DINADIN[13])
                                                     -0.409     4.604    u_partial_sum_bank/mem_reg_2
  -------------------------------------------------------------------
                         required time                          4.604    
                         arrival time                          -4.046    
  -------------------------------------------------------------------
                         slack                                  0.558    

Slack (MET) :             0.562ns  (required time - arrival time)
  Source:                 u_partial_sum_bank/mem_reg_1/CLKARDCLK
                            (rising edge-triggered cell RAMB36E2 clocked by clk  {rise@0.000ns fall@2.500ns period=5.000ns})
  Destination:            u_partial_sum_bank/mem_reg_2/DINADIN[14]
                            (rising edge-triggered cell RAMB36E2 clocked by clk  {rise@0.000ns fall@2.500ns period=5.000ns})
  Path Group:             clk
  Path Type:              Setup (Max at Slow Process Corner)
  Requirement:            5.000ns  (clk rise@5.000ns - clk rise@0.000ns)
  Data Path Delay:        3.937ns  (logic 1.944ns (49.376%)  route 1.993ns (50.624%))
  Logic Levels:           6  (CARRY8=4 LUT2=1 LUT5=1)
  Clock Path Skew:        -0.059ns (DCD - SCD + CPR)
    Destination Clock Delay (DCD):    0.048ns = ( 5.048 - 5.000 ) 
    Source Clock Delay      (SCD):    0.107ns
    Clock Pessimism Removal (CPR):    0.000ns
  Clock Uncertainty:      0.035ns  ((TSJ^2 + TIJ^2)^1/2 + DJ) / 2 + PE
    Total System Jitter     (TSJ):    0.071ns
    Total Input Jitter      (TIJ):    0.000ns
    Discrete Jitter          (DJ):    0.000ns
    Phase Error              (PE):    0.000ns

    Location             Delay type                Incr(ns)  Path(ns)    Netlist Resource(s)
  -------------------------------------------------------------------    -------------------
                         (clock clk rise edge)        0.000     0.000 r  
                                                      0.000     0.000 r  clk (IN)
                         net (fo=1308, unset)         0.107     0.107    u_partial_sum_bank/clk
    RAMB36_X1Y29         RAMB36E2                                     r  u_partial_sum_bank/mem_reg_1/CLKARDCLK
  -------------------------------------------------------------------    -------------------
    RAMB36_X1Y29         RAMB36E2 (Prop_RAMB36E2_RAMB36_CLKARDCLK_DOUTBDOUT[31])
                                                      1.216     1.323 r  u_partial_sum_bank/mem_reg_1/DOUTBDOUT[31]
                         net (fo=3, routed)           1.042     2.365    u_partial_sum_bank/mem_reg_1_n_100
    SLICE_X50Y144        LUT2 (Prop_H6LUT_SLICEL_I0_O)
                                                      0.083     2.448 r  u_partial_sum_bank/i__carry_i_1__2/O
                         net (fo=1, routed)           0.015     2.463    u_partial_sum_bank/i__carry_i_1__2_n_0
    SLICE_X50Y144        CARRY8 (Prop_CARRY8_SLICEL_S[7]_CO[7])
                                                      0.172     2.635 r  u_partial_sum_bank/p_0_out_inferred__3/i__carry/CO[7]
                         net (fo=1, routed)           0.030     2.665    u_partial_sum_bank/p_0_out_inferred__3/i__carry_n_0
    SLICE_X50Y145        CARRY8 (Prop_CARRY8_SLICEL_CI_CO[7])
                                                      0.065     2.730 r  u_partial_sum_bank/p_0_out_inferred__3/i__carry__0/CO[7]
                         net (fo=1, routed)           0.030     2.760    u_partial_sum_bank/p_0_out_inferred__3/i__carry__0_n_0
    SLICE_X50Y146        CARRY8 (Prop_CARRY8_SLICEL_CI_CO[7])
                                                      0.065     2.825 r  u_partial_sum_bank/p_0_out_inferred__3/i__carry__1/CO[7]
                         net (fo=1, routed)           0.030     2.855    u_partial_sum_bank/p_0_out_inferred__3/i__carry__1_n_0
    SLICE_X50Y147        CARRY8 (Prop_CARRY8_SLICEL_CI_O[6])
                                                      0.157     3.012 r  u_partial_sum_bank/p_0_out_inferred__3/i__carry__2/O[6]
                         net (fo=1, routed)           0.556     3.568    u_partial_sum_bank/p_4_in5_in[30]
    SLICE_X48Y145        LUT5 (Prop_G6LUT_SLICEL_I1_O)
                                                      0.186     3.754 r  u_partial_sum_bank/mem_reg_2_i_18/O
                         net (fo=1, routed)           0.290     4.044    u_partial_sum_bank/mem_write_data[158]
    RAMB36_X1Y28         RAMB36E2                                     r  u_partial_sum_bank/mem_reg_2/DINADIN[14]
  -------------------------------------------------------------------    -------------------

                         (clock clk rise edge)        5.000     5.000 r  
                                                      0.000     5.000 r  clk (IN)
                         net (fo=1308, unset)         0.048     5.048    u_partial_sum_bank/clk
    RAMB36_X1Y28         RAMB36E2                                     r  u_partial_sum_bank/mem_reg_2/CLKBWRCLK
                         clock pessimism              0.000     5.048    
                         clock uncertainty           -0.035     5.013    
    RAMB36_X1Y28         RAMB36E2 (Setup_RAMB36E2_RAMB36_CLKBWRCLK_DINADIN[14])
                                                     -0.407     4.606    u_partial_sum_bank/mem_reg_2
  -------------------------------------------------------------------
                         required time                          4.606    
                         arrival time                          -4.044    
  -------------------------------------------------------------------
                         slack                                  0.562    

Slack (MET) :             0.563ns  (required time - arrival time)
  Source:                 u_partial_sum_bank/mem_reg_1/CLKARDCLK
                            (rising edge-triggered cell RAMB36E2 clocked by clk  {rise@0.000ns fall@2.500ns period=5.000ns})
  Destination:            u_partial_sum_bank/mem_reg_1/DINBDIN[23]
                            (rising edge-triggered cell RAMB36E2 clocked by clk  {rise@0.000ns fall@2.500ns period=5.000ns})
  Path Group:             clk
  Path Type:              Setup (Max at Slow Process Corner)
  Requirement:            5.000ns  (clk rise@5.000ns - clk rise@0.000ns)
  Data Path Delay:        3.903ns  (logic 2.095ns (53.682%)  route 1.808ns (46.318%))
  Logic Levels:           6  (CARRY8=4 LUT2=1 LUT5=1)
  Clock Path Skew:        -0.059ns (DCD - SCD + CPR)
    Destination Clock Delay (DCD):    0.048ns = ( 5.048 - 5.000 ) 
    Source Clock Delay      (SCD):    0.107ns
    Clock Pessimism Removal (CPR):    0.000ns
  Clock Uncertainty:      0.035ns  ((TSJ^2 + TIJ^2)^1/2 + DJ) / 2 + PE
    Total System Jitter     (TSJ):    0.071ns
    Total Input Jitter      (TIJ):    0.000ns
    Discrete Jitter          (DJ):    0.000ns
    Phase Error              (PE):    0.000ns

    Location             Delay type                Incr(ns)  Path(ns)    Netlist Resource(s)
  -------------------------------------------------------------------    -------------------
                         (clock clk rise edge)        0.000     0.000 r  
                                                      0.000     0.000 r  clk (IN)
                         net (fo=1308, unset)         0.107     0.107    u_partial_sum_bank/clk
    RAMB36_X1Y29         RAMB36E2                                     r  u_partial_sum_bank/mem_reg_1/CLKARDCLK
  -------------------------------------------------------------------    -------------------
    RAMB36_X1Y29         RAMB36E2 (Prop_RAMB36E2_RAMB36_CLKARDCLK_DOUTADOUT[24])
                                                      1.224     1.331 r  u_partial_sum_bank/mem_reg_1/DOUTADOUT[24]
                         net (fo=3, routed)           0.849     2.180    u_partial_sum_bank/mem_reg_1_n_75
    SLICE_X53Y144        LUT2 (Prop_A6LUT_SLICEM_I0_O)
                                                      0.152     2.332 r  u_partial_sum_bank/i__carry_i_8__1/O
                         net (fo=1, routed)           0.017     2.349    u_partial_sum_bank/i__carry_i_8__1_n_0
    SLICE_X53Y144        CARRY8 (Prop_CARRY8_SLICEM_S[0]_CO[7])
                                                      0.281     2.630 r  u_partial_sum_bank/p_0_out_inferred__2/i__carry/CO[7]
                         net (fo=1, routed)           0.030     2.660    u_partial_sum_bank/p_0_out_inferred__2/i__carry_n_0
    SLICE_X53Y145        CARRY8 (Prop_CARRY8_SLICEM_CI_CO[7])
                                                      0.065     2.725 r  u_partial_sum_bank/p_0_out_inferred__2/i__carry__0/CO[7]
                         net (fo=1, routed)           0.030     2.755    u_partial_sum_bank/p_0_out_inferred__2/i__carry__0_n_0
    SLICE_X53Y146        CARRY8 (Prop_CARRY8_SLICEM_CI_CO[7])
                                                      0.065     2.820 r  u_partial_sum_bank/p_0_out_inferred__2/i__carry__1/CO[7]
                         net (fo=1, routed)           0.030     2.850    u_partial_sum_bank/p_0_out_inferred__2/i__carry__1_n_0
    SLICE_X53Y147        CARRY8 (Prop_CARRY8_SLICEM_CI_O[7])
                                                      0.171     3.021 r  u_partial_sum_bank/p_0_out_inferred__2/i__carry__2/O[7]
                         net (fo=1, routed)           0.252     3.273    u_partial_sum_bank/p_2_in3_in[31]
    SLICE_X52Y148        LUT5 (Prop_G6LUT_SLICEL_I1_O)
                                                      0.137     3.410 r  u_partial_sum_bank/mem_reg_1_i_41/O
                         net (fo=1, routed)           0.600     4.010    u_partial_sum_bank/mem_write_data[127]
    RAMB36_X1Y29         RAMB36E2                                     r  u_partial_sum_bank/mem_reg_1/DINBDIN[23]
  -------------------------------------------------------------------    -------------------

                         (clock clk rise edge)        5.000     5.000 r  
                                                      0.000     5.000 r  clk (IN)
                         net (fo=1308, unset)         0.048     5.048    u_partial_sum_bank/clk
    RAMB36_X1Y29         RAMB36E2                                     r  u_partial_sum_bank/mem_reg_1/CLKBWRCLK
                         clock pessimism              0.000     5.048    
                         clock uncertainty           -0.035     5.013    
    RAMB36_X1Y29         RAMB36E2 (Setup_RAMB36E2_RAMB36_CLKBWRCLK_DINBDIN[23])
                                                     -0.440     4.573    u_partial_sum_bank/mem_reg_1
  -------------------------------------------------------------------
                         required time                          4.573    
                         arrival time                          -4.010    
  -------------------------------------------------------------------
                         slack                                  0.563    

Slack (MET) :             0.572ns  (required time - arrival time)
  Source:                 u_partial_sum_bank/resident_n_lane_mask_reg[0]/C
                            (rising edge-triggered cell FDRE clocked by clk  {rise@0.000ns fall@2.500ns period=5.000ns})
  Destination:            u_partial_sum_bank/mem_reg_0/DINADIN[30]
                            (rising edge-triggered cell RAMB36E2 clocked by clk  {rise@0.000ns fall@2.500ns period=5.000ns})
  Path Group:             clk
  Path Type:              Setup (Max at Slow Process Corner)
  Requirement:            5.000ns  (clk rise@5.000ns - clk rise@0.000ns)
  Data Path Delay:        3.867ns  (logic 0.516ns (13.343%)  route 3.351ns (86.657%))
  Logic Levels:           4  (LUT5=2 LUT6=2)
  Clock Path Skew:        0.006ns (DCD - SCD + CPR)
    Destination Clock Delay (DCD):    0.048ns = ( 5.048 - 5.000 ) 
    Source Clock Delay      (SCD):    0.042ns
    Clock Pessimism Removal (CPR):    0.000ns
  Clock Uncertainty:      0.035ns  ((TSJ^2 + TIJ^2)^1/2 + DJ) / 2 + PE
    Total System Jitter     (TSJ):    0.071ns
    Total Input Jitter      (TIJ):    0.000ns
    Discrete Jitter          (DJ):    0.000ns
    Phase Error              (PE):    0.000ns

    Location             Delay type                Incr(ns)  Path(ns)    Netlist Resource(s)
  -------------------------------------------------------------------    -------------------
                         (clock clk rise edge)        0.000     0.000 r  
                                                      0.000     0.000 r  clk (IN)
                         net (fo=1308, unset)         0.042     0.042    u_partial_sum_bank/clk
    SLICE_X48Y161        FDRE                                         r  u_partial_sum_bank/resident_n_lane_mask_reg[0]/C
  -------------------------------------------------------------------    -------------------
    SLICE_X48Y161        FDRE (Prop_EFF_SLICEL_C_Q)
                                                      0.114     0.156 r  u_partial_sum_bank/resident_n_lane_mask_reg[0]/Q
                         net (fo=36, routed)          0.762     0.918    u_scanner/rmw_input_word_q_reg[255][0]
    SLICE_X50Y142        LUT6 (Prop_H6LUT_SLICEL_I4_O)
                                                      0.083     1.001 r  u_scanner/hold_ready[0][7]_INST_0_i_2/O
                         net (fo=3, routed)           0.778     1.779    u_partial_sum_bank/bank_state[2]_i_4_0
    SLICE_X48Y166        LUT5 (Prop_E6LUT_SLICEL_I4_O)
                                                      0.083     1.862 f  u_partial_sum_bank/bank_state[2]_i_8/O
                         net (fo=3, routed)           0.416     2.278    u_scanner/bank_ingress_ready
    SLICE_X49Y166        LUT6 (Prop_H6LUT_SLICEL_I4_O)
                                                      0.153     2.431 r  u_scanner/bank_state[2]_i_4/O
                         net (fo=269, routed)         0.749     3.180    u_partial_sum_bank/egress_valid_reg_0
    SLICE_X51Y123        LUT5 (Prop_H6LUT_SLICEL_I3_O)
                                                      0.083     3.263 r  u_partial_sum_bank/mem_reg_0_i_22/O
                         net (fo=1, routed)           0.646     3.909    u_partial_sum_bank/mem_write_data[30]
    RAMB36_X1Y26         RAMB36E2                                     r  u_partial_sum_bank/mem_reg_0/DINADIN[30]
  -------------------------------------------------------------------    -------------------

                         (clock clk rise edge)        5.000     5.000 r  
                                                      0.000     5.000 r  clk (IN)
                         net (fo=1308, unset)         0.048     5.048    u_partial_sum_bank/clk
    RAMB36_X1Y26         RAMB36E2                                     r  u_partial_sum_bank/mem_reg_0/CLKBWRCLK
                         clock pessimism              0.000     5.048    
                         clock uncertainty           -0.035     5.013    
    RAMB36_X1Y26         RAMB36E2 (Setup_RAMB36E2_RAMB36_CLKBWRCLK_DINADIN[30])
                                                     -0.531     4.482    u_partial_sum_bank/mem_reg_0
  -------------------------------------------------------------------
                         required time                          4.482    
                         arrival time                          -3.909    
  -------------------------------------------------------------------
                         slack                                  0.572    





Min Delay Paths
--------------------------------------------------------------------------------------
Slack (MET) :             0.055ns  (arrival time - required time)
  Source:                 u_requant/m_q_reg[0][1]/C
                            (rising edge-triggered cell FDRE clocked by clk  {rise@0.000ns fall@2.500ns period=5.000ns})
  Destination:            u_requant/m_q_reg[1][1]/D
                            (rising edge-triggered cell FDRE clocked by clk  {rise@0.000ns fall@2.500ns period=5.000ns})
  Path Group:             clk
  Path Type:              Hold (Min at Slow Process Corner)
  Requirement:            0.000ns  (clk rise@0.000ns - clk rise@0.000ns)
  Data Path Delay:        0.171ns  (logic 0.112ns (65.497%)  route 0.059ns (34.503%))
  Logic Levels:           0  
  Clock Path Skew:        0.013ns (DCD - SCD - CPR)
    Destination Clock Delay (DCD):    0.042ns
    Source Clock Delay      (SCD):    0.029ns
    Clock Pessimism Removal (CPR):    -0.000ns

    Location             Delay type                Incr(ns)  Path(ns)    Netlist Resource(s)
  -------------------------------------------------------------------    -------------------
                         (clock clk rise edge)        0.000     0.000 r  
                                                      0.000     0.000 r  clk (IN)
                         net (fo=1308, unset)         0.029     0.029    u_requant/clk
    SLICE_X50Y179        FDRE                                         r  u_requant/m_q_reg[0][1]/C
  -------------------------------------------------------------------    -------------------
    SLICE_X50Y179        FDRE (Prop_HFF_SLICEL_C_Q)
                                                      0.112     0.141 r  u_requant/m_q_reg[0][1]/Q
                         net (fo=1, routed)           0.059     0.200    u_requant/m_q_reg[0]_11[1]
    SLICE_X50Y179        FDRE                                         r  u_requant/m_q_reg[1][1]/D
  -------------------------------------------------------------------    -------------------

                         (clock clk rise edge)        0.000     0.000 r  
                                                      0.000     0.000 r  clk (IN)
                         net (fo=1308, unset)         0.042     0.042    u_requant/clk
    SLICE_X50Y179        FDRE                                         r  u_requant/m_q_reg[1][1]/C
                         clock pessimism              0.000     0.042    
    SLICE_X50Y179        FDRE (Hold_HFF2_SLICEL_C_D)
                                                      0.103     0.145    u_requant/m_q_reg[1][1]
  -------------------------------------------------------------------
                         required time                         -0.145    
                         arrival time                           0.200    
  -------------------------------------------------------------------
                         slack                                  0.055    

Slack (MET) :             0.057ns  (arrival time - required time)
  Source:                 u_partial_sum_bank/egress_n_lane_mask_reg[4]/C
                            (rising edge-triggered cell FDRE clocked by clk  {rise@0.000ns fall@2.500ns period=5.000ns})
  Destination:            u_requant/lane_mask_q_reg[0][4]/D
                            (rising edge-triggered cell FDRE clocked by clk  {rise@0.000ns fall@2.500ns period=5.000ns})
  Path Group:             clk
  Path Type:              Hold (Min at Slow Process Corner)
  Requirement:            0.000ns  (clk rise@0.000ns - clk rise@0.000ns)
  Data Path Delay:        0.173ns  (logic 0.112ns (64.714%)  route 0.061ns (35.286%))
  Logic Levels:           0  
  Clock Path Skew:        0.013ns (DCD - SCD - CPR)
    Destination Clock Delay (DCD):    0.042ns
    Source Clock Delay      (SCD):    0.029ns
    Clock Pessimism Removal (CPR):    -0.000ns

    Location             Delay type                Incr(ns)  Path(ns)    Netlist Resource(s)
  -------------------------------------------------------------------    -------------------
                         (clock clk rise edge)        0.000     0.000 r  
                                                      0.000     0.000 r  clk (IN)
                         net (fo=1308, unset)         0.029     0.029    u_partial_sum_bank/clk
    SLICE_X49Y157        FDRE                                         r  u_partial_sum_bank/egress_n_lane_mask_reg[4]/C
  -------------------------------------------------------------------    -------------------
    SLICE_X49Y157        FDRE (Prop_HFF_SLICEL_C_Q)
                                                      0.112     0.141 r  u_partial_sum_bank/egress_n_lane_mask_reg[4]/Q
                         net (fo=2, routed)           0.061     0.202    u_requant/D[4]
    SLICE_X49Y157        FDRE                                         r  u_requant/lane_mask_q_reg[0][4]/D
  -------------------------------------------------------------------    -------------------

                         (clock clk rise edge)        0.000     0.000 r  
                                                      0.000     0.000 r  clk (IN)
                         net (fo=1308, unset)         0.042     0.042    u_requant/clk
    SLICE_X49Y157        FDRE                                         r  u_requant/lane_mask_q_reg[0][4]/C
                         clock pessimism              0.000     0.042    
    SLICE_X49Y157        FDRE (Hold_HFF2_SLICEL_C_D)
                                                      0.103     0.145    u_requant/lane_mask_q_reg[0][4]
  -------------------------------------------------------------------
                         required time                         -0.145    
                         arrival time                           0.202    
  -------------------------------------------------------------------
                         slack                                  0.057    

Slack (MET) :             0.074ns  (arrival time - required time)
  Source:                 u_requant/tile_tag_q_reg[4][2]/C
                            (rising edge-triggered cell FDRE clocked by clk  {rise@0.000ns fall@2.500ns period=5.000ns})
  Destination:            u_router/fifo_mem_reg_0_63_63_69/RAMD/I
                            (rising edge-triggered cell RAMD64E clocked by clk  {rise@0.000ns fall@2.500ns period=5.000ns})
  Path Group:             clk
  Path Type:              Hold (Min at Fast Process Corner)
  Requirement:            0.000ns  (clk rise@0.000ns - clk rise@0.000ns)
  Data Path Delay:        0.178ns  (logic 0.083ns (46.629%)  route 0.095ns (53.371%))
  Logic Levels:           0  
  Clock Path Skew:        0.043ns (DCD - SCD - CPR)
    Destination Clock Delay (DCD):    0.057ns
    Source Clock Delay      (SCD):    0.014ns
    Clock Pessimism Removal (CPR):    -0.000ns

    Location             Delay type                Incr(ns)  Path(ns)    Netlist Resource(s)
  -------------------------------------------------------------------    -------------------
                         (clock clk rise edge)        0.000     0.000 r  
                                                      0.000     0.000 r  clk (IN)
                         net (fo=1308, unset)         0.014     0.014    u_requant/clk
    SLICE_X50Y180        FDRE                                         r  u_requant/tile_tag_q_reg[4][2]/C
  -------------------------------------------------------------------    -------------------
    SLICE_X50Y180        FDRE (Prop_FFF_SLICEL_C_Q)
                                                      0.083     0.097 r  u_requant/tile_tag_q_reg[4][2]/Q
                         net (fo=1, routed)           0.095     0.192    u_router/fifo_mem_reg_0_63_63_69/DID
    SLICE_X53Y180        RAMD64E                                      r  u_router/fifo_mem_reg_0_63_63_69/RAMD/I
  -------------------------------------------------------------------    -------------------

                         (clock clk rise edge)        0.000     0.000 r  
                                                      0.000     0.000 r  clk (IN)
                         net (fo=1308, unset)         0.057     0.057    u_router/fifo_mem_reg_0_63_63_69/WCLK
    SLICE_X53Y180        RAMD64E                                      r  u_router/fifo_mem_reg_0_63_63_69/RAMD/CLK
                         clock pessimism              0.000     0.057    
    SLICE_X53Y180        RAMD64E (Hold_D6LUT_SLICEM_CLK_I)
                                                      0.061     0.118    u_router/fifo_mem_reg_0_63_63_69/RAMD
  -------------------------------------------------------------------
                         required time                         -0.118    
                         arrival time                           0.192    
  -------------------------------------------------------------------
                         slack                                  0.074    

Slack (MET) :             0.077ns  (arrival time - required time)
  Source:                 u_requant/tile_tag_q_reg[4][1]/C
                            (rising edge-triggered cell FDRE clocked by clk  {rise@0.000ns fall@2.500ns period=5.000ns})
  Destination:            u_router/fifo_mem_reg_0_63_63_69/RAMC/I
                            (rising edge-triggered cell RAMD64E clocked by clk  {rise@0.000ns fall@2.500ns period=5.000ns})
  Path Group:             clk
  Path Type:              Hold (Min at Fast Process Corner)
  Requirement:            0.000ns  (clk rise@0.000ns - clk rise@0.000ns)
  Data Path Delay:        0.181ns  (logic 0.085ns (46.961%)  route 0.096ns (53.039%))
  Logic Levels:           0  
  Clock Path Skew:        0.043ns (DCD - SCD - CPR)
    Destination Clock Delay (DCD):    0.057ns
    Source Clock Delay      (SCD):    0.014ns
    Clock Pessimism Removal (CPR):    -0.000ns

    Location             Delay type                Incr(ns)  Path(ns)    Netlist Resource(s)
  -------------------------------------------------------------------    -------------------
                         (clock clk rise edge)        0.000     0.000 r  
                                                      0.000     0.000 r  clk (IN)
                         net (fo=1308, unset)         0.014     0.014    u_requant/clk
    SLICE_X50Y180        FDRE                                         r  u_requant/tile_tag_q_reg[4][1]/C
  -------------------------------------------------------------------    -------------------
    SLICE_X50Y180        FDRE (Prop_EFF2_SLICEL_C_Q)
                                                      0.085     0.099 r  u_requant/tile_tag_q_reg[4][1]/Q
                         net (fo=1, routed)           0.096     0.195    u_router/fifo_mem_reg_0_63_63_69/DIC
    SLICE_X53Y180        RAMD64E                                      r  u_router/fifo_mem_reg_0_63_63_69/RAMC/I
  -------------------------------------------------------------------    -------------------

                         (clock clk rise edge)        0.000     0.000 r  
                                                      0.000     0.000 r  clk (IN)
                         net (fo=1308, unset)         0.057     0.057    u_router/fifo_mem_reg_0_63_63_69/WCLK
    SLICE_X53Y180        RAMD64E                                      r  u_router/fifo_mem_reg_0_63_63_69/RAMC/CLK
                         clock pessimism              0.000     0.057    
    SLICE_X53Y180        RAMD64E (Hold_C6LUT_SLICEM_CLK_I)
                                                      0.061     0.118    u_router/fifo_mem_reg_0_63_63_69/RAMC
  -------------------------------------------------------------------
                         required time                         -0.118    
                         arrival time                           0.195    
  -------------------------------------------------------------------
                         slack                                  0.077    

Slack (MET) :             0.077ns  (arrival time - required time)
  Source:                 u_requant/product_pipe_q_reg[0]/DSP_PREADD_DATA_INST/CLK
                            (rising edge-triggered cell DSP_PREADD_DATA clocked by clk  {rise@0.000ns fall@2.500ns period=5.000ns})
  Destination:            u_requant/product_pipe_q_reg[0]/DSP_M_DATA_INST/U[10]
                            (rising edge-triggered cell DSP_M_DATA clocked by clk  {rise@0.000ns fall@2.500ns period=5.000ns})
  Path Group:             clk
  Path Type:              Hold (Min at Fast Process Corner)
  Requirement:            0.000ns  (clk rise@0.000ns - clk rise@0.000ns)
  Data Path Delay:        0.156ns  (logic 0.156ns (100.000%)  route 0.000ns (0.000%))
  Logic Levels:           1  (DSP_MULTIPLIER=1)
  Clock Path Skew:        0.008ns (DCD - SCD - CPR)
    Destination Clock Delay (DCD):    0.042ns
    Source Clock Delay      (SCD):    0.034ns
    Clock Pessimism Removal (CPR):    -0.000ns

    Location             Delay type                Incr(ns)  Path(ns)    Netlist Resource(s)
  -------------------------------------------------------------------    -------------------
                         (clock clk rise edge)        0.000     0.000 r  
                                                      0.000     0.000 r  clk (IN)
                         net (fo=1308, unset)         0.034     0.034    u_requant/product_pipe_q_reg[0]/CLK
    DSP48E2_X12Y48       DSP_PREADD_DATA                              r  u_requant/product_pipe_q_reg[0]/DSP_PREADD_DATA_INST/CLK
  -------------------------------------------------------------------    -------------------
    DSP48E2_X12Y48       DSP_PREADD_DATA (Prop_DSP_PREADD_DATA_DSP48E2_CLK_AD_DATA[9])
                                                      0.083     0.117 r  u_requant/product_pipe_q_reg[0]/DSP_PREADD_DATA_INST/AD_DATA[9]
                         net (fo=1, routed)           0.000     0.117    u_requant/product_pipe_q_reg[0]/DSP_PREADD_DATA.AD_DATA<9>
    DSP48E2_X12Y48       DSP_MULTIPLIER (Prop_DSP_MULTIPLIER_DSP48E2_AD_DATA[9]_U[10])
                                                      0.073     0.190 r  u_requant/product_pipe_q_reg[0]/DSP_MULTIPLIER_INST/U[10]
                         net (fo=1, routed)           0.000     0.190    u_requant/product_pipe_q_reg[0]/DSP_MULTIPLIER.U<10>
    DSP48E2_X12Y48       DSP_M_DATA                                   r  u_requant/product_pipe_q_reg[0]/DSP_M_DATA_INST/U[10]
  -------------------------------------------------------------------    -------------------

                         (clock clk rise edge)        0.000     0.000 r  
                                                      0.000     0.000 r  clk (IN)
                         net (fo=1308, unset)         0.042     0.042    u_requant/product_pipe_q_reg[0]/CLK
    DSP48E2_X12Y48       DSP_M_DATA                                   r  u_requant/product_pipe_q_reg[0]/DSP_M_DATA_INST/CLK
                         clock pessimism              0.000     0.042    
    DSP48E2_X12Y48       DSP_M_DATA (Hold_DSP_M_DATA_DSP48E2_CLK_U[10])
                                                      0.071     0.113    u_requant/product_pipe_q_reg[0]/DSP_M_DATA_INST
  -------------------------------------------------------------------
                         required time                         -0.113    
                         arrival time                           0.190    
  -------------------------------------------------------------------
                         slack                                  0.077    

Slack (MET) :             0.077ns  (arrival time - required time)
  Source:                 u_requant/product_pipe_q_reg[0]/DSP_PREADD_DATA_INST/CLK
                            (rising edge-triggered cell DSP_PREADD_DATA clocked by clk  {rise@0.000ns fall@2.500ns period=5.000ns})
  Destination:            u_requant/product_pipe_q_reg[0]/DSP_M_DATA_INST/U[11]
                            (rising edge-triggered cell DSP_M_DATA clocked by clk  {rise@0.000ns fall@2.500ns period=5.000ns})
  Path Group:             clk
  Path Type:              Hold (Min at Fast Process Corner)
  Requirement:            0.000ns  (clk rise@0.000ns - clk rise@0.000ns)
  Data Path Delay:        0.156ns  (logic 0.156ns (100.000%)  route 0.000ns (0.000%))
  Logic Levels:           1  (DSP_MULTIPLIER=1)
  Clock Path Skew:        0.008ns (DCD - SCD - CPR)
    Destination Clock Delay (DCD):    0.042ns
    Source Clock Delay      (SCD):    0.034ns
    Clock Pessimism Removal (CPR):    -0.000ns

    Location             Delay type                Incr(ns)  Path(ns)    Netlist Resource(s)
  -------------------------------------------------------------------    -------------------
                         (clock clk rise edge)        0.000     0.000 r  
                                                      0.000     0.000 r  clk (IN)
                         net (fo=1308, unset)         0.034     0.034    u_requant/product_pipe_q_reg[0]/CLK
    DSP48E2_X12Y48       DSP_PREADD_DATA                              r  u_requant/product_pipe_q_reg[0]/DSP_PREADD_DATA_INST/CLK
  -------------------------------------------------------------------    -------------------
    DSP48E2_X12Y48       DSP_PREADD_DATA (Prop_DSP_PREADD_DATA_DSP48E2_CLK_AD_DATA[10])
                                                      0.083     0.117 r  u_requant/product_pipe_q_reg[0]/DSP_PREADD_DATA_INST/AD_DATA[10]
                         net (fo=1, routed)           0.000     0.117    u_requant/product_pipe_q_reg[0]/DSP_PREADD_DATA.AD_DATA<10>
    DSP48E2_X12Y48       DSP_MULTIPLIER (Prop_DSP_MULTIPLIER_DSP48E2_AD_DATA[10]_U[11])
                                                      0.073     0.190 r  u_requant/product_pipe_q_reg[0]/DSP_MULTIPLIER_INST/U[11]
                         net (fo=1, routed)           0.000     0.190    u_requant/product_pipe_q_reg[0]/DSP_MULTIPLIER.U<11>
    DSP48E2_X12Y48       DSP_M_DATA                                   r  u_requant/product_pipe_q_reg[0]/DSP_M_DATA_INST/U[11]
  -------------------------------------------------------------------    -------------------

                         (clock clk rise edge)        0.000     0.000 r  
                                                      0.000     0.000 r  clk (IN)
                         net (fo=1308, unset)         0.042     0.042    u_requant/product_pipe_q_reg[0]/CLK
    DSP48E2_X12Y48       DSP_M_DATA                                   r  u_requant/product_pipe_q_reg[0]/DSP_M_DATA_INST/CLK
                         clock pessimism              0.000     0.042    
    DSP48E2_X12Y48       DSP_M_DATA (Hold_DSP_M_DATA_DSP48E2_CLK_U[11])
                                                      0.071     0.113    u_requant/product_pipe_q_reg[0]/DSP_M_DATA_INST
  -------------------------------------------------------------------
                         required time                         -0.113    
                         arrival time                           0.190    
  -------------------------------------------------------------------
                         slack                                  0.077    

Slack (MET) :             0.077ns  (arrival time - required time)
  Source:                 u_requant/product_pipe_q_reg[0]/DSP_PREADD_DATA_INST/CLK
                            (rising edge-triggered cell DSP_PREADD_DATA clocked by clk  {rise@0.000ns fall@2.500ns period=5.000ns})
  Destination:            u_requant/product_pipe_q_reg[0]/DSP_M_DATA_INST/U[12]
                            (rising edge-triggered cell DSP_M_DATA clocked by clk  {rise@0.000ns fall@2.500ns period=5.000ns})
  Path Group:             clk
  Path Type:              Hold (Min at Fast Process Corner)
  Requirement:            0.000ns  (clk rise@0.000ns - clk rise@0.000ns)
  Data Path Delay:        0.156ns  (logic 0.156ns (100.000%)  route 0.000ns (0.000%))
  Logic Levels:           1  (DSP_MULTIPLIER=1)
  Clock Path Skew:        0.008ns (DCD - SCD - CPR)
    Destination Clock Delay (DCD):    0.042ns
    Source Clock Delay      (SCD):    0.034ns
    Clock Pessimism Removal (CPR):    -0.000ns

    Location             Delay type                Incr(ns)  Path(ns)    Netlist Resource(s)
  -------------------------------------------------------------------    -------------------
                         (clock clk rise edge)        0.000     0.000 r  
                                                      0.000     0.000 r  clk (IN)
                         net (fo=1308, unset)         0.034     0.034    u_requant/product_pipe_q_reg[0]/CLK
    DSP48E2_X12Y48       DSP_PREADD_DATA                              r  u_requant/product_pipe_q_reg[0]/DSP_PREADD_DATA_INST/CLK
  -------------------------------------------------------------------    -------------------
    DSP48E2_X12Y48       DSP_PREADD_DATA (Prop_DSP_PREADD_DATA_DSP48E2_CLK_AD_DATA[11])
                                                      0.083     0.117 r  u_requant/product_pipe_q_reg[0]/DSP_PREADD_DATA_INST/AD_DATA[11]
                         net (fo=1, routed)           0.000     0.117    u_requant/product_pipe_q_reg[0]/DSP_PREADD_DATA.AD_DATA<11>
    DSP48E2_X12Y48       DSP_MULTIPLIER (Prop_DSP_MULTIPLIER_DSP48E2_AD_DATA[11]_U[12])
                                                      0.073     0.190 r  u_requant/product_pipe_q_reg[0]/DSP_MULTIPLIER_INST/U[12]
                         net (fo=1, routed)           0.000     0.190    u_requant/product_pipe_q_reg[0]/DSP_MULTIPLIER.U<12>
    DSP48E2_X12Y48       DSP_M_DATA                                   r  u_requant/product_pipe_q_reg[0]/DSP_M_DATA_INST/U[12]
  -------------------------------------------------------------------    -------------------

                         (clock clk rise edge)        0.000     0.000 r  
                                                      0.000     0.000 r  clk (IN)
                         net (fo=1308, unset)         0.042     0.042    u_requant/product_pipe_q_reg[0]/CLK
    DSP48E2_X12Y48       DSP_M_DATA                                   r  u_requant/product_pipe_q_reg[0]/DSP_M_DATA_INST/CLK
                         clock pessimism              0.000     0.042    
    DSP48E2_X12Y48       DSP_M_DATA (Hold_DSP_M_DATA_DSP48E2_CLK_U[12])
                                                      0.071     0.113    u_requant/product_pipe_q_reg[0]/DSP_M_DATA_INST
  -------------------------------------------------------------------
                         required time                         -0.113    
                         arrival time                           0.190    
  -------------------------------------------------------------------
                         slack                                  0.077    

Slack (MET) :             0.077ns  (arrival time - required time)
  Source:                 u_requant/product_pipe_q_reg[0]/DSP_PREADD_DATA_INST/CLK
                            (rising edge-triggered cell DSP_PREADD_DATA clocked by clk  {rise@0.000ns fall@2.500ns period=5.000ns})
  Destination:            u_requant/product_pipe_q_reg[0]/DSP_M_DATA_INST/U[13]
                            (rising edge-triggered cell DSP_M_DATA clocked by clk  {rise@0.000ns fall@2.500ns period=5.000ns})
  Path Group:             clk
  Path Type:              Hold (Min at Fast Process Corner)
  Requirement:            0.000ns  (clk rise@0.000ns - clk rise@0.000ns)
  Data Path Delay:        0.156ns  (logic 0.156ns (100.000%)  route 0.000ns (0.000%))
  Logic Levels:           1  (DSP_MULTIPLIER=1)
  Clock Path Skew:        0.008ns (DCD - SCD - CPR)
    Destination Clock Delay (DCD):    0.042ns
    Source Clock Delay      (SCD):    0.034ns
    Clock Pessimism Removal (CPR):    -0.000ns

    Location             Delay type                Incr(ns)  Path(ns)    Netlist Resource(s)
  -------------------------------------------------------------------    -------------------
                         (clock clk rise edge)        0.000     0.000 r  
                                                      0.000     0.000 r  clk (IN)
                         net (fo=1308, unset)         0.034     0.034    u_requant/product_pipe_q_reg[0]/CLK
    DSP48E2_X12Y48       DSP_PREADD_DATA                              r  u_requant/product_pipe_q_reg[0]/DSP_PREADD_DATA_INST/CLK
  -------------------------------------------------------------------    -------------------
    DSP48E2_X12Y48       DSP_PREADD_DATA (Prop_DSP_PREADD_DATA_DSP48E2_CLK_AD_DATA[12])
                                                      0.083     0.117 r  u_requant/product_pipe_q_reg[0]/DSP_PREADD_DATA_INST/AD_DATA[12]
                         net (fo=1, routed)           0.000     0.117    u_requant/product_pipe_q_reg[0]/DSP_PREADD_DATA.AD_DATA<12>
    DSP48E2_X12Y48       DSP_MULTIPLIER (Prop_DSP_MULTIPLIER_DSP48E2_AD_DATA[12]_U[13])
                                                      0.073     0.190 r  u_requant/product_pipe_q_reg[0]/DSP_MULTIPLIER_INST/U[13]
                         net (fo=1, routed)           0.000     0.190    u_requant/product_pipe_q_reg[0]/DSP_MULTIPLIER.U<13>
    DSP48E2_X12Y48       DSP_M_DATA                                   r  u_requant/product_pipe_q_reg[0]/DSP_M_DATA_INST/U[13]
  -------------------------------------------------------------------    -------------------

                         (clock clk rise edge)        0.000     0.000 r  
                                                      0.000     0.000 r  clk (IN)
                         net (fo=1308, unset)         0.042     0.042    u_requant/product_pipe_q_reg[0]/CLK
    DSP48E2_X12Y48       DSP_M_DATA                                   r  u_requant/product_pipe_q_reg[0]/DSP_M_DATA_INST/CLK
                         clock pessimism              0.000     0.042    
    DSP48E2_X12Y48       DSP_M_DATA (Hold_DSP_M_DATA_DSP48E2_CLK_U[13])
                                                      0.071     0.113    u_requant/product_pipe_q_reg[0]/DSP_M_DATA_INST
  -------------------------------------------------------------------
                         required time                         -0.113    
                         arrival time                           0.190    
  -------------------------------------------------------------------
                         slack                                  0.077    

Slack (MET) :             0.077ns  (arrival time - required time)
  Source:                 u_requant/product_pipe_q_reg[0]/DSP_PREADD_DATA_INST/CLK
                            (rising edge-triggered cell DSP_PREADD_DATA clocked by clk  {rise@0.000ns fall@2.500ns period=5.000ns})
  Destination:            u_requant/product_pipe_q_reg[0]/DSP_M_DATA_INST/U[14]
                            (rising edge-triggered cell DSP_M_DATA clocked by clk  {rise@0.000ns fall@2.500ns period=5.000ns})
  Path Group:             clk
  Path Type:              Hold (Min at Fast Process Corner)
  Requirement:            0.000ns  (clk rise@0.000ns - clk rise@0.000ns)
  Data Path Delay:        0.156ns  (logic 0.156ns (100.000%)  route 0.000ns (0.000%))
  Logic Levels:           1  (DSP_MULTIPLIER=1)
  Clock Path Skew:        0.008ns (DCD - SCD - CPR)
    Destination Clock Delay (DCD):    0.042ns
    Source Clock Delay      (SCD):    0.034ns
    Clock Pessimism Removal (CPR):    -0.000ns

    Location             Delay type                Incr(ns)  Path(ns)    Netlist Resource(s)
  -------------------------------------------------------------------    -------------------
                         (clock clk rise edge)        0.000     0.000 r  
                                                      0.000     0.000 r  clk (IN)
                         net (fo=1308, unset)         0.034     0.034    u_requant/product_pipe_q_reg[0]/CLK
    DSP48E2_X12Y48       DSP_PREADD_DATA                              r  u_requant/product_pipe_q_reg[0]/DSP_PREADD_DATA_INST/CLK
  -------------------------------------------------------------------    -------------------
    DSP48E2_X12Y48       DSP_PREADD_DATA (Prop_DSP_PREADD_DATA_DSP48E2_CLK_AD_DATA[13])
                                                      0.083     0.117 r  u_requant/product_pipe_q_reg[0]/DSP_PREADD_DATA_INST/AD_DATA[13]
                         net (fo=1, routed)           0.000     0.117    u_requant/product_pipe_q_reg[0]/DSP_PREADD_DATA.AD_DATA<13>
    DSP48E2_X12Y48       DSP_MULTIPLIER (Prop_DSP_MULTIPLIER_DSP48E2_AD_DATA[13]_U[14])
                                                      0.073     0.190 r  u_requant/product_pipe_q_reg[0]/DSP_MULTIPLIER_INST/U[14]
                         net (fo=1, routed)           0.000     0.190    u_requant/product_pipe_q_reg[0]/DSP_MULTIPLIER.U<14>
    DSP48E2_X12Y48       DSP_M_DATA                                   r  u_requant/product_pipe_q_reg[0]/DSP_M_DATA_INST/U[14]
  -------------------------------------------------------------------    -------------------

                         (clock clk rise edge)        0.000     0.000 r  
                                                      0.000     0.000 r  clk (IN)
                         net (fo=1308, unset)         0.042     0.042    u_requant/product_pipe_q_reg[0]/CLK
    DSP48E2_X12Y48       DSP_M_DATA                                   r  u_requant/product_pipe_q_reg[0]/DSP_M_DATA_INST/CLK
                         clock pessimism              0.000     0.042    
    DSP48E2_X12Y48       DSP_M_DATA (Hold_DSP_M_DATA_DSP48E2_CLK_U[14])
                                                      0.071     0.113    u_requant/product_pipe_q_reg[0]/DSP_M_DATA_INST
  -------------------------------------------------------------------
                         required time                         -0.113    
                         arrival time                           0.190    
  -------------------------------------------------------------------
                         slack                                  0.077    

Slack (MET) :             0.077ns  (arrival time - required time)
  Source:                 u_requant/product_pipe_q_reg[0]/DSP_PREADD_DATA_INST/CLK
                            (rising edge-triggered cell DSP_PREADD_DATA clocked by clk  {rise@0.000ns fall@2.500ns period=5.000ns})
  Destination:            u_requant/product_pipe_q_reg[0]/DSP_M_DATA_INST/U[15]
                            (rising edge-triggered cell DSP_M_DATA clocked by clk  {rise@0.000ns fall@2.500ns period=5.000ns})
  Path Group:             clk
  Path Type:              Hold (Min at Fast Process Corner)
  Requirement:            0.000ns  (clk rise@0.000ns - clk rise@0.000ns)
  Data Path Delay:        0.156ns  (logic 0.156ns (100.000%)  route 0.000ns (0.000%))
  Logic Levels:           1  (DSP_MULTIPLIER=1)
  Clock Path Skew:        0.008ns (DCD - SCD - CPR)
    Destination Clock Delay (DCD):    0.042ns
    Source Clock Delay      (SCD):    0.034ns
    Clock Pessimism Removal (CPR):    -0.000ns

    Location             Delay type                Incr(ns)  Path(ns)    Netlist Resource(s)
  -------------------------------------------------------------------    -------------------
                         (clock clk rise edge)        0.000     0.000 r  
                                                      0.000     0.000 r  clk (IN)
                         net (fo=1308, unset)         0.034     0.034    u_requant/product_pipe_q_reg[0]/CLK
    DSP48E2_X12Y48       DSP_PREADD_DATA                              r  u_requant/product_pipe_q_reg[0]/DSP_PREADD_DATA_INST/CLK
  -------------------------------------------------------------------    -------------------
    DSP48E2_X12Y48       DSP_PREADD_DATA (Prop_DSP_PREADD_DATA_DSP48E2_CLK_AD_DATA[14])
                                                      0.083     0.117 r  u_requant/product_pipe_q_reg[0]/DSP_PREADD_DATA_INST/AD_DATA[14]
                         net (fo=1, routed)           0.000     0.117    u_requant/product_pipe_q_reg[0]/DSP_PREADD_DATA.AD_DATA<14>
    DSP48E2_X12Y48       DSP_MULTIPLIER (Prop_DSP_MULTIPLIER_DSP48E2_AD_DATA[14]_U[15])
                                                      0.073     0.190 r  u_requant/product_pipe_q_reg[0]/DSP_MULTIPLIER_INST/U[15]
                         net (fo=1, routed)           0.000     0.190    u_requant/product_pipe_q_reg[0]/DSP_MULTIPLIER.U<15>
    DSP48E2_X12Y48       DSP_M_DATA                                   r  u_requant/product_pipe_q_reg[0]/DSP_M_DATA_INST/U[15]
  -------------------------------------------------------------------    -------------------

                         (clock clk rise edge)        0.000     0.000 r  
                                                      0.000     0.000 r  clk (IN)
                         net (fo=1308, unset)         0.042     0.042    u_requant/product_pipe_q_reg[0]/CLK
    DSP48E2_X12Y48       DSP_M_DATA                                   r  u_requant/product_pipe_q_reg[0]/DSP_M_DATA_INST/CLK
                         clock pessimism              0.000     0.042    
    DSP48E2_X12Y48       DSP_M_DATA (Hold_DSP_M_DATA_DSP48E2_CLK_U[15])
                                                      0.071     0.113    u_requant/product_pipe_q_reg[0]/DSP_M_DATA_INST
  -------------------------------------------------------------------
                         required time                         -0.113    
                         arrival time                           0.190    
  -------------------------------------------------------------------
                         slack                                  0.077    

Slack (MET) :             0.077ns  (arrival time - required time)
  Source:                 u_requant/product_pipe_q_reg[0]/DSP_PREADD_DATA_INST/CLK
                            (rising edge-triggered cell DSP_PREADD_DATA clocked by clk  {rise@0.000ns fall@2.500ns period=5.000ns})
  Destination:            u_requant/product_pipe_q_reg[0]/DSP_M_DATA_INST/U[16]
                            (rising edge-triggered cell DSP_M_DATA clocked by clk  {rise@0.000ns fall@2.500ns period=5.000ns})
  Path Group:             clk
  Path Type:              Hold (Min at Fast Process Corner)
  Requirement:            0.000ns  (clk rise@0.000ns - clk rise@0.000ns)
  Data Path Delay:        0.156ns  (logic 0.156ns (100.000%)  route 0.000ns (0.000%))
  Logic Levels:           1  (DSP_MULTIPLIER=1)
  Clock Path Skew:        0.008ns (DCD - SCD - CPR)
    Destination Clock Delay (DCD):    0.042ns
    Source Clock Delay      (SCD):    0.034ns
    Clock Pessimism Removal (CPR):    -0.000ns

    Location             Delay type                Incr(ns)  Path(ns)    Netlist Resource(s)
  -------------------------------------------------------------------    -------------------
                         (clock clk rise edge)        0.000     0.000 r  
                                                      0.000     0.000 r  clk (IN)
                         net (fo=1308, unset)         0.034     0.034    u_requant/product_pipe_q_reg[0]/CLK
    DSP48E2_X12Y48       DSP_PREADD_DATA                              r  u_requant/product_pipe_q_reg[0]/DSP_PREADD_DATA_INST/CLK
  -------------------------------------------------------------------    -------------------
    DSP48E2_X12Y48       DSP_PREADD_DATA (Prop_DSP_PREADD_DATA_DSP48E2_CLK_AD_DATA[15])
                                                      0.083     0.117 r  u_requant/product_pipe_q_reg[0]/DSP_PREADD_DATA_INST/AD_DATA[15]
                         net (fo=1, routed)           0.000     0.117    u_requant/product_pipe_q_reg[0]/DSP_PREADD_DATA.AD_DATA<15>
    DSP48E2_X12Y48       DSP_MULTIPLIER (Prop_DSP_MULTIPLIER_DSP48E2_AD_DATA[15]_U[16])
                                                      0.073     0.190 r  u_requant/product_pipe_q_reg[0]/DSP_MULTIPLIER_INST/U[16]
                         net (fo=1, routed)           0.000     0.190    u_requant/product_pipe_q_reg[0]/DSP_MULTIPLIER.U<16>
    DSP48E2_X12Y48       DSP_M_DATA                                   r  u_requant/product_pipe_q_reg[0]/DSP_M_DATA_INST/U[16]
  -------------------------------------------------------------------    -------------------

                         (clock clk rise edge)        0.000     0.000 r  
                                                      0.000     0.000 r  clk (IN)
                         net (fo=1308, unset)         0.042     0.042    u_requant/product_pipe_q_reg[0]/CLK
    DSP48E2_X12Y48       DSP_M_DATA                                   r  u_requant/product_pipe_q_reg[0]/DSP_M_DATA_INST/CLK
                         clock pessimism              0.000     0.042    
    DSP48E2_X12Y48       DSP_M_DATA (Hold_DSP_M_DATA_DSP48E2_CLK_U[16])
                                                      0.071     0.113    u_requant/product_pipe_q_reg[0]/DSP_M_DATA_INST
  -------------------------------------------------------------------
                         required time                         -0.113    
                         arrival time                           0.190    
  -------------------------------------------------------------------
                         slack                                  0.077    

Slack (MET) :             0.077ns  (arrival time - required time)
  Source:                 u_requant/product_pipe_q_reg[0]/DSP_PREADD_DATA_INST/CLK
                            (rising edge-triggered cell DSP_PREADD_DATA clocked by clk  {rise@0.000ns fall@2.500ns period=5.000ns})
  Destination:            u_requant/product_pipe_q_reg[0]/DSP_M_DATA_INST/U[17]
                            (rising edge-triggered cell DSP_M_DATA clocked by clk  {rise@0.000ns fall@2.500ns period=5.000ns})
  Path Group:             clk
  Path Type:              Hold (Min at Fast Process Corner)
  Requirement:            0.000ns  (clk rise@0.000ns - clk rise@0.000ns)
  Data Path Delay:        0.156ns  (logic 0.156ns (100.000%)  route 0.000ns (0.000%))
  Logic Levels:           1  (DSP_MULTIPLIER=1)
  Clock Path Skew:        0.008ns (DCD - SCD - CPR)
    Destination Clock Delay (DCD):    0.042ns
    Source Clock Delay      (SCD):    0.034ns
    Clock Pessimism Removal (CPR):    -0.000ns

    Location             Delay type                Incr(ns)  Path(ns)    Netlist Resource(s)
  -------------------------------------------------------------------    -------------------
                         (clock clk rise edge)        0.000     0.000 r  
                                                      0.000     0.000 r  clk (IN)
                         net (fo=1308, unset)         0.034     0.034    u_requant/product_pipe_q_reg[0]/CLK
    DSP48E2_X12Y48       DSP_PREADD_DATA                              r  u_requant/product_pipe_q_reg[0]/DSP_PREADD_DATA_INST/CLK
  -------------------------------------------------------------------    -------------------
    DSP48E2_X12Y48       DSP_PREADD_DATA (Prop_DSP_PREADD_DATA_DSP48E2_CLK_AD_DATA[16])
                                                      0.083     0.117 r  u_requant/product_pipe_q_reg[0]/DSP_PREADD_DATA_INST/AD_DATA[16]
                         net (fo=1, routed)           0.000     0.117    u_requant/product_pipe_q_reg[0]/DSP_PREADD_DATA.AD_DATA<16>
    DSP48E2_X12Y48       DSP_MULTIPLIER (Prop_DSP_MULTIPLIER_DSP48E2_AD_DATA[16]_U[17])
                                                      0.073     0.190 r  u_requant/product_pipe_q_reg[0]/DSP_MULTIPLIER_INST/U[17]
                         net (fo=1, routed)           0.000     0.190    u_requant/product_pipe_q_reg[0]/DSP_MULTIPLIER.U<17>
    DSP48E2_X12Y48       DSP_M_DATA                                   r  u_requant/product_pipe_q_reg[0]/DSP_M_DATA_INST/U[17]
  -------------------------------------------------------------------    -------------------

                         (clock clk rise edge)        0.000     0.000 r  
                                                      0.000     0.000 r  clk (IN)
                         net (fo=1308, unset)         0.042     0.042    u_requant/product_pipe_q_reg[0]/CLK
    DSP48E2_X12Y48       DSP_M_DATA                                   r  u_requant/product_pipe_q_reg[0]/DSP_M_DATA_INST/CLK
                         clock pessimism              0.000     0.042    
    DSP48E2_X12Y48       DSP_M_DATA (Hold_DSP_M_DATA_DSP48E2_CLK_U[17])
                                                      0.071     0.113    u_requant/product_pipe_q_reg[0]/DSP_M_DATA_INST
  -------------------------------------------------------------------
                         required time                         -0.113    
                         arrival time                           0.190    
  -------------------------------------------------------------------
                         slack                                  0.077    

Slack (MET) :             0.077ns  (arrival time - required time)
  Source:                 u_requant/product_pipe_q_reg[0]/DSP_PREADD_DATA_INST/CLK
                            (rising edge-triggered cell DSP_PREADD_DATA clocked by clk  {rise@0.000ns fall@2.500ns period=5.000ns})
  Destination:            u_requant/product_pipe_q_reg[0]/DSP_M_DATA_INST/U[18]
                            (rising edge-triggered cell DSP_M_DATA clocked by clk  {rise@0.000ns fall@2.500ns period=5.000ns})
  Path Group:             clk
  Path Type:              Hold (Min at Fast Process Corner)
  Requirement:            0.000ns  (clk rise@0.000ns - clk rise@0.000ns)
  Data Path Delay:        0.156ns  (logic 0.156ns (100.000%)  route 0.000ns (0.000%))
  Logic Levels:           1  (DSP_MULTIPLIER=1)
  Clock Path Skew:        0.008ns (DCD - SCD - CPR)
    Destination Clock Delay (DCD):    0.042ns
    Source Clock Delay      (SCD):    0.034ns
    Clock Pessimism Removal (CPR):    -0.000ns

    Location             Delay type                Incr(ns)  Path(ns)    Netlist Resource(s)
  -------------------------------------------------------------------    -------------------
                         (clock clk rise edge)        0.000     0.000 r  
                                                      0.000     0.000 r  clk (IN)
                         net (fo=1308, unset)         0.034     0.034    u_requant/product_pipe_q_reg[0]/CLK
    DSP48E2_X12Y48       DSP_PREADD_DATA                              r  u_requant/product_pipe_q_reg[0]/DSP_PREADD_DATA_INST/CLK
  -------------------------------------------------------------------    -------------------
    DSP48E2_X12Y48       DSP_PREADD_DATA (Prop_DSP_PREADD_DATA_DSP48E2_CLK_AD_DATA[17])
                                                      0.083     0.117 r  u_requant/product_pipe_q_reg[0]/DSP_PREADD_DATA_INST/AD_DATA[17]
                         net (fo=1, routed)           0.000     0.117    u_requant/product_pipe_q_reg[0]/DSP_PREADD_DATA.AD_DATA<17>
    DSP48E2_X12Y48       DSP_MULTIPLIER (Prop_DSP_MULTIPLIER_DSP48E2_AD_DATA[17]_U[18])
                                                      0.073     0.190 r  u_requant/product_pipe_q_reg[0]/DSP_MULTIPLIER_INST/U[18]
                         net (fo=1, routed)           0.000     0.190    u_requant/product_pipe_q_reg[0]/DSP_MULTIPLIER.U<18>
    DSP48E2_X12Y48       DSP_M_DATA                                   r  u_requant/product_pipe_q_reg[0]/DSP_M_DATA_INST/U[18]
  -------------------------------------------------------------------    -------------------

                         (clock clk rise edge)        0.000     0.000 r  
                                                      0.000     0.000 r  clk (IN)
                         net (fo=1308, unset)         0.042     0.042    u_requant/product_pipe_q_reg[0]/CLK
    DSP48E2_X12Y48       DSP_M_DATA                                   r  u_requant/product_pipe_q_reg[0]/DSP_M_DATA_INST/CLK
                         clock pessimism              0.000     0.042    
    DSP48E2_X12Y48       DSP_M_DATA (Hold_DSP_M_DATA_DSP48E2_CLK_U[18])
                                                      0.071     0.113    u_requant/product_pipe_q_reg[0]/DSP_M_DATA_INST
  -------------------------------------------------------------------
                         required time                         -0.113    
                         arrival time                           0.190    
  -------------------------------------------------------------------
                         slack                                  0.077    

Slack (MET) :             0.077ns  (arrival time - required time)
  Source:                 u_requant/product_pipe_q_reg[0]/DSP_PREADD_DATA_INST/CLK
                            (rising edge-triggered cell DSP_PREADD_DATA clocked by clk  {rise@0.000ns fall@2.500ns period=5.000ns})
  Destination:            u_requant/product_pipe_q_reg[0]/DSP_M_DATA_INST/U[19]
                            (rising edge-triggered cell DSP_M_DATA clocked by clk  {rise@0.000ns fall@2.500ns period=5.000ns})
  Path Group:             clk
  Path Type:              Hold (Min at Fast Process Corner)
  Requirement:            0.000ns  (clk rise@0.000ns - clk rise@0.000ns)
  Data Path Delay:        0.156ns  (logic 0.156ns (100.000%)  route 0.000ns (0.000%))
  Logic Levels:           1  (DSP_MULTIPLIER=1)
  Clock Path Skew:        0.008ns (DCD - SCD - CPR)
    Destination Clock Delay (DCD):    0.042ns
    Source Clock Delay      (SCD):    0.034ns
    Clock Pessimism Removal (CPR):    -0.000ns

    Location             Delay type                Incr(ns)  Path(ns)    Netlist Resource(s)
  -------------------------------------------------------------------    -------------------
                         (clock clk rise edge)        0.000     0.000 r  
                                                      0.000     0.000 r  clk (IN)
                         net (fo=1308, unset)         0.034     0.034    u_requant/product_pipe_q_reg[0]/CLK
    DSP48E2_X12Y48       DSP_PREADD_DATA                              r  u_requant/product_pipe_q_reg[0]/DSP_PREADD_DATA_INST/CLK
  -------------------------------------------------------------------    -------------------
    DSP48E2_X12Y48       DSP_PREADD_DATA (Prop_DSP_PREADD_DATA_DSP48E2_CLK_AD_DATA[18])
                                                      0.083     0.117 r  u_requant/product_pipe_q_reg[0]/DSP_PREADD_DATA_INST/AD_DATA[18]
                         net (fo=1, routed)           0.000     0.117    u_requant/product_pipe_q_reg[0]/DSP_PREADD_DATA.AD_DATA<18>
    DSP48E2_X12Y48       DSP_MULTIPLIER (Prop_DSP_MULTIPLIER_DSP48E2_AD_DATA[18]_U[19])
                                                      0.073     0.190 r  u_requant/product_pipe_q_reg[0]/DSP_MULTIPLIER_INST/U[19]
                         net (fo=1, routed)           0.000     0.190    u_requant/product_pipe_q_reg[0]/DSP_MULTIPLIER.U<19>
    DSP48E2_X12Y48       DSP_M_DATA                                   r  u_requant/product_pipe_q_reg[0]/DSP_M_DATA_INST/U[19]
  -------------------------------------------------------------------    -------------------

                         (clock clk rise edge)        0.000     0.000 r  
                                                      0.000     0.000 r  clk (IN)
                         net (fo=1308, unset)         0.042     0.042    u_requant/product_pipe_q_reg[0]/CLK
    DSP48E2_X12Y48       DSP_M_DATA                                   r  u_requant/product_pipe_q_reg[0]/DSP_M_DATA_INST/CLK
                         clock pessimism              0.000     0.042    
    DSP48E2_X12Y48       DSP_M_DATA (Hold_DSP_M_DATA_DSP48E2_CLK_U[19])
                                                      0.071     0.113    u_requant/product_pipe_q_reg[0]/DSP_M_DATA_INST
  -------------------------------------------------------------------
                         required time                         -0.113    
                         arrival time                           0.190    
  -------------------------------------------------------------------
                         slack                                  0.077    

Slack (MET) :             0.077ns  (arrival time - required time)
  Source:                 u_requant/product_pipe_q_reg[0]/DSP_PREADD_DATA_INST/CLK
                            (rising edge-triggered cell DSP_PREADD_DATA clocked by clk  {rise@0.000ns fall@2.500ns period=5.000ns})
  Destination:            u_requant/product_pipe_q_reg[0]/DSP_M_DATA_INST/U[1]
                            (rising edge-triggered cell DSP_M_DATA clocked by clk  {rise@0.000ns fall@2.500ns period=5.000ns})
  Path Group:             clk
  Path Type:              Hold (Min at Fast Process Corner)
  Requirement:            0.000ns  (clk rise@0.000ns - clk rise@0.000ns)
  Data Path Delay:        0.156ns  (logic 0.156ns (100.000%)  route 0.000ns (0.000%))
  Logic Levels:           1  (DSP_MULTIPLIER=1)
  Clock Path Skew:        0.008ns (DCD - SCD - CPR)
    Destination Clock Delay (DCD):    0.042ns
    Source Clock Delay      (SCD):    0.034ns
    Clock Pessimism Removal (CPR):    -0.000ns

    Location             Delay type                Incr(ns)  Path(ns)    Netlist Resource(s)
  -------------------------------------------------------------------    -------------------
                         (clock clk rise edge)        0.000     0.000 r  
                                                      0.000     0.000 r  clk (IN)
                         net (fo=1308, unset)         0.034     0.034    u_requant/product_pipe_q_reg[0]/CLK
    DSP48E2_X12Y48       DSP_PREADD_DATA                              r  u_requant/product_pipe_q_reg[0]/DSP_PREADD_DATA_INST/CLK
  -------------------------------------------------------------------    -------------------
    DSP48E2_X12Y48       DSP_PREADD_DATA (Prop_DSP_PREADD_DATA_DSP48E2_CLK_AD_DATA[1])
                                                      0.083     0.117 r  u_requant/product_pipe_q_reg[0]/DSP_PREADD_DATA_INST/AD_DATA[1]
                         net (fo=1, routed)           0.000     0.117    u_requant/product_pipe_q_reg[0]/DSP_PREADD_DATA.AD_DATA<1>
    DSP48E2_X12Y48       DSP_MULTIPLIER (Prop_DSP_MULTIPLIER_DSP48E2_AD_DATA[1]_U[1])
                                                      0.073     0.190 r  u_requant/product_pipe_q_reg[0]/DSP_MULTIPLIER_INST/U[1]
                         net (fo=1, routed)           0.000     0.190    u_requant/product_pipe_q_reg[0]/DSP_MULTIPLIER.U<1>
    DSP48E2_X12Y48       DSP_M_DATA                                   r  u_requant/product_pipe_q_reg[0]/DSP_M_DATA_INST/U[1]
  -------------------------------------------------------------------    -------------------

                         (clock clk rise edge)        0.000     0.000 r  
                                                      0.000     0.000 r  clk (IN)
                         net (fo=1308, unset)         0.042     0.042    u_requant/product_pipe_q_reg[0]/CLK
    DSP48E2_X12Y48       DSP_M_DATA                                   r  u_requant/product_pipe_q_reg[0]/DSP_M_DATA_INST/CLK
                         clock pessimism              0.000     0.042    
    DSP48E2_X12Y48       DSP_M_DATA (Hold_DSP_M_DATA_DSP48E2_CLK_U[1])
                                                      0.071     0.113    u_requant/product_pipe_q_reg[0]/DSP_M_DATA_INST
  -------------------------------------------------------------------
                         required time                         -0.113    
                         arrival time                           0.190    
  -------------------------------------------------------------------
                         slack                                  0.077    

Slack (MET) :             0.077ns  (arrival time - required time)
  Source:                 u_requant/product_pipe_q_reg[0]/DSP_PREADD_DATA_INST/CLK
                            (rising edge-triggered cell DSP_PREADD_DATA clocked by clk  {rise@0.000ns fall@2.500ns period=5.000ns})
  Destination:            u_requant/product_pipe_q_reg[0]/DSP_M_DATA_INST/U[20]
                            (rising edge-triggered cell DSP_M_DATA clocked by clk  {rise@0.000ns fall@2.500ns period=5.000ns})
  Path Group:             clk
  Path Type:              Hold (Min at Fast Process Corner)
  Requirement:            0.000ns  (clk rise@0.000ns - clk rise@0.000ns)
  Data Path Delay:        0.156ns  (logic 0.156ns (100.000%)  route 0.000ns (0.000%))
  Logic Levels:           1  (DSP_MULTIPLIER=1)
  Clock Path Skew:        0.008ns (DCD - SCD - CPR)
    Destination Clock Delay (DCD):    0.042ns
    Source Clock Delay      (SCD):    0.034ns
    Clock Pessimism Removal (CPR):    -0.000ns

    Location             Delay type                Incr(ns)  Path(ns)    Netlist Resource(s)
  -------------------------------------------------------------------    -------------------
                         (clock clk rise edge)        0.000     0.000 r  
                                                      0.000     0.000 r  clk (IN)
                         net (fo=1308, unset)         0.034     0.034    u_requant/product_pipe_q_reg[0]/CLK
    DSP48E2_X12Y48       DSP_PREADD_DATA                              r  u_requant/product_pipe_q_reg[0]/DSP_PREADD_DATA_INST/CLK
  -------------------------------------------------------------------    -------------------
    DSP48E2_X12Y48       DSP_PREADD_DATA (Prop_DSP_PREADD_DATA_DSP48E2_CLK_AD_DATA[19])
                                                      0.083     0.117 r  u_requant/product_pipe_q_reg[0]/DSP_PREADD_DATA_INST/AD_DATA[19]
                         net (fo=1, routed)           0.000     0.117    u_requant/product_pipe_q_reg[0]/DSP_PREADD_DATA.AD_DATA<19>
    DSP48E2_X12Y48       DSP_MULTIPLIER (Prop_DSP_MULTIPLIER_DSP48E2_AD_DATA[19]_U[20])
                                                      0.073     0.190 r  u_requant/product_pipe_q_reg[0]/DSP_MULTIPLIER_INST/U[20]
                         net (fo=1, routed)           0.000     0.190    u_requant/product_pipe_q_reg[0]/DSP_MULTIPLIER.U<20>
    DSP48E2_X12Y48       DSP_M_DATA                                   r  u_requant/product_pipe_q_reg[0]/DSP_M_DATA_INST/U[20]
  -------------------------------------------------------------------    -------------------

                         (clock clk rise edge)        0.000     0.000 r  
                                                      0.000     0.000 r  clk (IN)
                         net (fo=1308, unset)         0.042     0.042    u_requant/product_pipe_q_reg[0]/CLK
    DSP48E2_X12Y48       DSP_M_DATA                                   r  u_requant/product_pipe_q_reg[0]/DSP_M_DATA_INST/CLK
                         clock pessimism              0.000     0.042    
    DSP48E2_X12Y48       DSP_M_DATA (Hold_DSP_M_DATA_DSP48E2_CLK_U[20])
                                                      0.071     0.113    u_requant/product_pipe_q_reg[0]/DSP_M_DATA_INST
  -------------------------------------------------------------------
                         required time                         -0.113    
                         arrival time                           0.190    
  -------------------------------------------------------------------
                         slack                                  0.077    

Slack (MET) :             0.077ns  (arrival time - required time)
  Source:                 u_requant/product_pipe_q_reg[0]/DSP_PREADD_DATA_INST/CLK
                            (rising edge-triggered cell DSP_PREADD_DATA clocked by clk  {rise@0.000ns fall@2.500ns period=5.000ns})
  Destination:            u_requant/product_pipe_q_reg[0]/DSP_M_DATA_INST/U[21]
                            (rising edge-triggered cell DSP_M_DATA clocked by clk  {rise@0.000ns fall@2.500ns period=5.000ns})
  Path Group:             clk
  Path Type:              Hold (Min at Fast Process Corner)
  Requirement:            0.000ns  (clk rise@0.000ns - clk rise@0.000ns)
  Data Path Delay:        0.156ns  (logic 0.156ns (100.000%)  route 0.000ns (0.000%))
  Logic Levels:           1  (DSP_MULTIPLIER=1)
  Clock Path Skew:        0.008ns (DCD - SCD - CPR)
    Destination Clock Delay (DCD):    0.042ns
    Source Clock Delay      (SCD):    0.034ns
    Clock Pessimism Removal (CPR):    -0.000ns

    Location             Delay type                Incr(ns)  Path(ns)    Netlist Resource(s)
  -------------------------------------------------------------------    -------------------
                         (clock clk rise edge)        0.000     0.000 r  
                                                      0.000     0.000 r  clk (IN)
                         net (fo=1308, unset)         0.034     0.034    u_requant/product_pipe_q_reg[0]/CLK
    DSP48E2_X12Y48       DSP_PREADD_DATA                              r  u_requant/product_pipe_q_reg[0]/DSP_PREADD_DATA_INST/CLK
  -------------------------------------------------------------------    -------------------
    DSP48E2_X12Y48       DSP_PREADD_DATA (Prop_DSP_PREADD_DATA_DSP48E2_CLK_AD_DATA[20])
                                                      0.083     0.117 r  u_requant/product_pipe_q_reg[0]/DSP_PREADD_DATA_INST/AD_DATA[20]
                         net (fo=1, routed)           0.000     0.117    u_requant/product_pipe_q_reg[0]/DSP_PREADD_DATA.AD_DATA<20>
    DSP48E2_X12Y48       DSP_MULTIPLIER (Prop_DSP_MULTIPLIER_DSP48E2_AD_DATA[20]_U[21])
                                                      0.073     0.190 r  u_requant/product_pipe_q_reg[0]/DSP_MULTIPLIER_INST/U[21]
                         net (fo=1, routed)           0.000     0.190    u_requant/product_pipe_q_reg[0]/DSP_MULTIPLIER.U<21>
    DSP48E2_X12Y48       DSP_M_DATA                                   r  u_requant/product_pipe_q_reg[0]/DSP_M_DATA_INST/U[21]
  -------------------------------------------------------------------    -------------------

                         (clock clk rise edge)        0.000     0.000 r  
                                                      0.000     0.000 r  clk (IN)
                         net (fo=1308, unset)         0.042     0.042    u_requant/product_pipe_q_reg[0]/CLK
    DSP48E2_X12Y48       DSP_M_DATA                                   r  u_requant/product_pipe_q_reg[0]/DSP_M_DATA_INST/CLK
                         clock pessimism              0.000     0.042    
    DSP48E2_X12Y48       DSP_M_DATA (Hold_DSP_M_DATA_DSP48E2_CLK_U[21])
                                                      0.071     0.113    u_requant/product_pipe_q_reg[0]/DSP_M_DATA_INST
  -------------------------------------------------------------------
                         required time                         -0.113    
                         arrival time                           0.190    
  -------------------------------------------------------------------
                         slack                                  0.077    

Slack (MET) :             0.077ns  (arrival time - required time)
  Source:                 u_requant/product_pipe_q_reg[0]/DSP_PREADD_DATA_INST/CLK
                            (rising edge-triggered cell DSP_PREADD_DATA clocked by clk  {rise@0.000ns fall@2.500ns period=5.000ns})
  Destination:            u_requant/product_pipe_q_reg[0]/DSP_M_DATA_INST/U[22]
                            (rising edge-triggered cell DSP_M_DATA clocked by clk  {rise@0.000ns fall@2.500ns period=5.000ns})
  Path Group:             clk
  Path Type:              Hold (Min at Fast Process Corner)
  Requirement:            0.000ns  (clk rise@0.000ns - clk rise@0.000ns)
  Data Path Delay:        0.156ns  (logic 0.156ns (100.000%)  route 0.000ns (0.000%))
  Logic Levels:           1  (DSP_MULTIPLIER=1)
  Clock Path Skew:        0.008ns (DCD - SCD - CPR)
    Destination Clock Delay (DCD):    0.042ns
    Source Clock Delay      (SCD):    0.034ns
    Clock Pessimism Removal (CPR):    -0.000ns

    Location             Delay type                Incr(ns)  Path(ns)    Netlist Resource(s)
  -------------------------------------------------------------------    -------------------
                         (clock clk rise edge)        0.000     0.000 r  
                                                      0.000     0.000 r  clk (IN)
                         net (fo=1308, unset)         0.034     0.034    u_requant/product_pipe_q_reg[0]/CLK
    DSP48E2_X12Y48       DSP_PREADD_DATA                              r  u_requant/product_pipe_q_reg[0]/DSP_PREADD_DATA_INST/CLK
  -------------------------------------------------------------------    -------------------
    DSP48E2_X12Y48       DSP_PREADD_DATA (Prop_DSP_PREADD_DATA_DSP48E2_CLK_AD_DATA[21])
                                                      0.083     0.117 r  u_requant/product_pipe_q_reg[0]/DSP_PREADD_DATA_INST/AD_DATA[21]
                         net (fo=1, routed)           0.000     0.117    u_requant/product_pipe_q_reg[0]/DSP_PREADD_DATA.AD_DATA<21>
    DSP48E2_X12Y48       DSP_MULTIPLIER (Prop_DSP_MULTIPLIER_DSP48E2_AD_DATA[21]_U[22])
                                                      0.073     0.190 r  u_requant/product_pipe_q_reg[0]/DSP_MULTIPLIER_INST/U[22]
                         net (fo=1, routed)           0.000     0.190    u_requant/product_pipe_q_reg[0]/DSP_MULTIPLIER.U<22>
    DSP48E2_X12Y48       DSP_M_DATA                                   r  u_requant/product_pipe_q_reg[0]/DSP_M_DATA_INST/U[22]
  -------------------------------------------------------------------    -------------------

                         (clock clk rise edge)        0.000     0.000 r  
                                                      0.000     0.000 r  clk (IN)
                         net (fo=1308, unset)         0.042     0.042    u_requant/product_pipe_q_reg[0]/CLK
    DSP48E2_X12Y48       DSP_M_DATA                                   r  u_requant/product_pipe_q_reg[0]/DSP_M_DATA_INST/CLK
                         clock pessimism              0.000     0.042    
    DSP48E2_X12Y48       DSP_M_DATA (Hold_DSP_M_DATA_DSP48E2_CLK_U[22])
                                                      0.071     0.113    u_requant/product_pipe_q_reg[0]/DSP_M_DATA_INST
  -------------------------------------------------------------------
                         required time                         -0.113    
                         arrival time                           0.190    
  -------------------------------------------------------------------
                         slack                                  0.077    

Slack (MET) :             0.077ns  (arrival time - required time)
  Source:                 u_requant/product_pipe_q_reg[0]/DSP_PREADD_DATA_INST/CLK
                            (rising edge-triggered cell DSP_PREADD_DATA clocked by clk  {rise@0.000ns fall@2.500ns period=5.000ns})
  Destination:            u_requant/product_pipe_q_reg[0]/DSP_M_DATA_INST/U[23]
                            (rising edge-triggered cell DSP_M_DATA clocked by clk  {rise@0.000ns fall@2.500ns period=5.000ns})
  Path Group:             clk
  Path Type:              Hold (Min at Fast Process Corner)
  Requirement:            0.000ns  (clk rise@0.000ns - clk rise@0.000ns)
  Data Path Delay:        0.156ns  (logic 0.156ns (100.000%)  route 0.000ns (0.000%))
  Logic Levels:           1  (DSP_MULTIPLIER=1)
  Clock Path Skew:        0.008ns (DCD - SCD - CPR)
    Destination Clock Delay (DCD):    0.042ns
    Source Clock Delay      (SCD):    0.034ns
    Clock Pessimism Removal (CPR):    -0.000ns

    Location             Delay type                Incr(ns)  Path(ns)    Netlist Resource(s)
  -------------------------------------------------------------------    -------------------
                         (clock clk rise edge)        0.000     0.000 r  
                                                      0.000     0.000 r  clk (IN)
                         net (fo=1308, unset)         0.034     0.034    u_requant/product_pipe_q_reg[0]/CLK
    DSP48E2_X12Y48       DSP_PREADD_DATA                              r  u_requant/product_pipe_q_reg[0]/DSP_PREADD_DATA_INST/CLK
  -------------------------------------------------------------------    -------------------
    DSP48E2_X12Y48       DSP_PREADD_DATA (Prop_DSP_PREADD_DATA_DSP48E2_CLK_AD_DATA[22])
                                                      0.083     0.117 r  u_requant/product_pipe_q_reg[0]/DSP_PREADD_DATA_INST/AD_DATA[22]
                         net (fo=1, routed)           0.000     0.117    u_requant/product_pipe_q_reg[0]/DSP_PREADD_DATA.AD_DATA<22>
    DSP48E2_X12Y48       DSP_MULTIPLIER (Prop_DSP_MULTIPLIER_DSP48E2_AD_DATA[22]_U[23])
                                                      0.073     0.190 r  u_requant/product_pipe_q_reg[0]/DSP_MULTIPLIER_INST/U[23]
                         net (fo=1, routed)           0.000     0.190    u_requant/product_pipe_q_reg[0]/DSP_MULTIPLIER.U<23>
    DSP48E2_X12Y48       DSP_M_DATA                                   r  u_requant/product_pipe_q_reg[0]/DSP_M_DATA_INST/U[23]
  -------------------------------------------------------------------    -------------------

                         (clock clk rise edge)        0.000     0.000 r  
                                                      0.000     0.000 r  clk (IN)
                         net (fo=1308, unset)         0.042     0.042    u_requant/product_pipe_q_reg[0]/CLK
    DSP48E2_X12Y48       DSP_M_DATA                                   r  u_requant/product_pipe_q_reg[0]/DSP_M_DATA_INST/CLK
                         clock pessimism              0.000     0.042    
    DSP48E2_X12Y48       DSP_M_DATA (Hold_DSP_M_DATA_DSP48E2_CLK_U[23])
                                                      0.071     0.113    u_requant/product_pipe_q_reg[0]/DSP_M_DATA_INST
  -------------------------------------------------------------------
                         required time                         -0.113    
                         arrival time                           0.190    
  -------------------------------------------------------------------
                         slack                                  0.077    

Slack (MET) :             0.077ns  (arrival time - required time)
  Source:                 u_requant/product_pipe_q_reg[0]/DSP_PREADD_DATA_INST/CLK
                            (rising edge-triggered cell DSP_PREADD_DATA clocked by clk  {rise@0.000ns fall@2.500ns period=5.000ns})
  Destination:            u_requant/product_pipe_q_reg[0]/DSP_M_DATA_INST/U[24]
                            (rising edge-triggered cell DSP_M_DATA clocked by clk  {rise@0.000ns fall@2.500ns period=5.000ns})
  Path Group:             clk
  Path Type:              Hold (Min at Fast Process Corner)
  Requirement:            0.000ns  (clk rise@0.000ns - clk rise@0.000ns)
  Data Path Delay:        0.156ns  (logic 0.156ns (100.000%)  route 0.000ns (0.000%))
  Logic Levels:           1  (DSP_MULTIPLIER=1)
  Clock Path Skew:        0.008ns (DCD - SCD - CPR)
    Destination Clock Delay (DCD):    0.042ns
    Source Clock Delay      (SCD):    0.034ns
    Clock Pessimism Removal (CPR):    -0.000ns

    Location             Delay type                Incr(ns)  Path(ns)    Netlist Resource(s)
  -------------------------------------------------------------------    -------------------
                         (clock clk rise edge)        0.000     0.000 r  
                                                      0.000     0.000 r  clk (IN)
                         net (fo=1308, unset)         0.034     0.034    u_requant/product_pipe_q_reg[0]/CLK
    DSP48E2_X12Y48       DSP_PREADD_DATA                              r  u_requant/product_pipe_q_reg[0]/DSP_PREADD_DATA_INST/CLK
  -------------------------------------------------------------------    -------------------
    DSP48E2_X12Y48       DSP_PREADD_DATA (Prop_DSP_PREADD_DATA_DSP48E2_CLK_AD_DATA[23])
                                                      0.083     0.117 r  u_requant/product_pipe_q_reg[0]/DSP_PREADD_DATA_INST/AD_DATA[23]
                         net (fo=1, routed)           0.000     0.117    u_requant/product_pipe_q_reg[0]/DSP_PREADD_DATA.AD_DATA<23>
    DSP48E2_X12Y48       DSP_MULTIPLIER (Prop_DSP_MULTIPLIER_DSP48E2_AD_DATA[23]_U[24])
                                                      0.073     0.190 r  u_requant/product_pipe_q_reg[0]/DSP_MULTIPLIER_INST/U[24]
                         net (fo=1, routed)           0.000     0.190    u_requant/product_pipe_q_reg[0]/DSP_MULTIPLIER.U<24>
    DSP48E2_X12Y48       DSP_M_DATA                                   r  u_requant/product_pipe_q_reg[0]/DSP_M_DATA_INST/U[24]
  -------------------------------------------------------------------    -------------------

                         (clock clk rise edge)        0.000     0.000 r  
                                                      0.000     0.000 r  clk (IN)
                         net (fo=1308, unset)         0.042     0.042    u_requant/product_pipe_q_reg[0]/CLK
    DSP48E2_X12Y48       DSP_M_DATA                                   r  u_requant/product_pipe_q_reg[0]/DSP_M_DATA_INST/CLK
                         clock pessimism              0.000     0.042    
    DSP48E2_X12Y48       DSP_M_DATA (Hold_DSP_M_DATA_DSP48E2_CLK_U[24])
                                                      0.071     0.113    u_requant/product_pipe_q_reg[0]/DSP_M_DATA_INST
  -------------------------------------------------------------------
                         required time                         -0.113    
                         arrival time                           0.190    
  -------------------------------------------------------------------
                         slack                                  0.077    





Pulse Width Checks
--------------------------------------------------------------------------------------
Clock Name:         clk
Waveform(ns):       { 0.000 2.500 }
Period(ns):         5.000
Sources:            { clk }

Check Type        Corner  Lib Pin             Reference Pin  Required(ns)  Actual(ns)  Slack(ns)  Location       Pin
Min Period        n/a     RAMB36E2/CLKARDCLK  n/a            1.960         5.000       3.040      RAMB36_X1Y26   u_partial_sum_bank/mem_reg_0/CLKARDCLK
Min Period        n/a     RAMB36E2/CLKBWRCLK  n/a            1.960         5.000       3.040      RAMB36_X1Y26   u_partial_sum_bank/mem_reg_0/CLKBWRCLK
Min Period        n/a     RAMB36E2/CLKARDCLK  n/a            1.960         5.000       3.040      RAMB36_X1Y29   u_partial_sum_bank/mem_reg_1/CLKARDCLK
Min Period        n/a     RAMB36E2/CLKBWRCLK  n/a            1.960         5.000       3.040      RAMB36_X1Y29   u_partial_sum_bank/mem_reg_1/CLKBWRCLK
Min Period        n/a     RAMB36E2/CLKARDCLK  n/a            1.960         5.000       3.040      RAMB36_X1Y28   u_partial_sum_bank/mem_reg_2/CLKARDCLK
Min Period        n/a     RAMB36E2/CLKBWRCLK  n/a            1.960         5.000       3.040      RAMB36_X1Y28   u_partial_sum_bank/mem_reg_2/CLKBWRCLK
Min Period        n/a     RAMB36E2/CLKARDCLK  n/a            1.960         5.000       3.040      RAMB36_X1Y30   u_partial_sum_bank/mem_reg_3/CLKARDCLK
Min Period        n/a     RAMB36E2/CLKBWRCLK  n/a            1.960         5.000       3.040      RAMB36_X1Y30   u_partial_sum_bank/mem_reg_3/CLKBWRCLK
Min Period        n/a     RAMD64E/CLK         n/a            1.524         5.000       3.476      SLICE_X54Y139  u_router/fifo_mem_reg_0_63_0_6/RAMA/CLK
Min Period        n/a     RAMD64E/CLK         n/a            1.524         5.000       3.476      SLICE_X54Y139  u_router/fifo_mem_reg_0_63_0_6/RAMB/CLK
Min Period        n/a     RAMD64E/CLK         n/a            1.524         5.000       3.476      SLICE_X54Y139  u_router/fifo_mem_reg_0_63_0_6/RAMC/CLK
Min Period        n/a     RAMD64E/CLK         n/a            1.524         5.000       3.476      SLICE_X54Y139  u_router/fifo_mem_reg_0_63_0_6/RAMD/CLK
Min Period        n/a     RAMD64E/CLK         n/a            1.524         5.000       3.476      SLICE_X54Y139  u_router/fifo_mem_reg_0_63_0_6/RAME/CLK
Min Period        n/a     RAMD64E/CLK         n/a            1.524         5.000       3.476      SLICE_X54Y139  u_router/fifo_mem_reg_0_63_0_6/RAMF/CLK
Min Period        n/a     RAMD64E/CLK         n/a            1.524         5.000       3.476      SLICE_X54Y139  u_router/fifo_mem_reg_0_63_0_6/RAMG/CLK
Min Period        n/a     RAMD64E/CLK         n/a            1.524         5.000       3.476      SLICE_X54Y139  u_router/fifo_mem_reg_0_63_0_6/RAMH/CLK
Min Period        n/a     RAMD64E/CLK         n/a            1.524         5.000       3.476      SLICE_X54Y155  u_router/fifo_mem_reg_0_63_14_20/RAMA/CLK
Min Period        n/a     RAMD64E/CLK         n/a            1.524         5.000       3.476      SLICE_X54Y155  u_router/fifo_mem_reg_0_63_14_20/RAMB/CLK
Min Period        n/a     RAMD64E/CLK         n/a            1.524         5.000       3.476      SLICE_X54Y155  u_router/fifo_mem_reg_0_63_14_20/RAMC/CLK
Min Period        n/a     RAMD64E/CLK         n/a            1.524         5.000       3.476      SLICE_X54Y155  u_router/fifo_mem_reg_0_63_14_20/RAMD/CLK
Low Pulse Width   Slow    RAMD64E/CLK         n/a            0.762         2.500       1.738      SLICE_X54Y139  u_router/fifo_mem_reg_0_63_0_6/RAMA/CLK
Low Pulse Width   Fast    RAMD64E/CLK         n/a            0.762         2.500       1.738      SLICE_X54Y139  u_router/fifo_mem_reg_0_63_0_6/RAMA/CLK
Low Pulse Width   Slow    RAMD64E/CLK         n/a            0.762         2.500       1.738      SLICE_X54Y139  u_router/fifo_mem_reg_0_63_0_6/RAMB/CLK
Low Pulse Width   Fast    RAMD64E/CLK         n/a            0.762         2.500       1.738      SLICE_X54Y139  u_router/fifo_mem_reg_0_63_0_6/RAMB/CLK
Low Pulse Width   Slow    RAMD64E/CLK         n/a            0.762         2.500       1.738      SLICE_X54Y139  u_router/fifo_mem_reg_0_63_0_6/RAMC/CLK
Low Pulse Width   Fast    RAMD64E/CLK         n/a            0.762         2.500       1.738      SLICE_X54Y139  u_router/fifo_mem_reg_0_63_0_6/RAMC/CLK
Low Pulse Width   Slow    RAMD64E/CLK         n/a            0.762         2.500       1.738      SLICE_X54Y139  u_router/fifo_mem_reg_0_63_0_6/RAMD/CLK
Low Pulse Width   Fast    RAMD64E/CLK         n/a            0.762         2.500       1.738      SLICE_X54Y139  u_router/fifo_mem_reg_0_63_0_6/RAMD/CLK
Low Pulse Width   Slow    RAMD64E/CLK         n/a            0.762         2.500       1.738      SLICE_X54Y139  u_router/fifo_mem_reg_0_63_0_6/RAME/CLK
Low Pulse Width   Fast    RAMD64E/CLK         n/a            0.762         2.500       1.738      SLICE_X54Y139  u_router/fifo_mem_reg_0_63_0_6/RAME/CLK
Low Pulse Width   Slow    RAMD64E/CLK         n/a            0.762         2.500       1.738      SLICE_X54Y139  u_router/fifo_mem_reg_0_63_0_6/RAMF/CLK
Low Pulse Width   Fast    RAMD64E/CLK         n/a            0.762         2.500       1.738      SLICE_X54Y139  u_router/fifo_mem_reg_0_63_0_6/RAMF/CLK
Low Pulse Width   Slow    RAMD64E/CLK         n/a            0.762         2.500       1.738      SLICE_X54Y139  u_router/fifo_mem_reg_0_63_0_6/RAMG/CLK
Low Pulse Width   Fast    RAMD64E/CLK         n/a            0.762         2.500       1.738      SLICE_X54Y139  u_router/fifo_mem_reg_0_63_0_6/RAMG/CLK
Low Pulse Width   Slow    RAMD64E/CLK         n/a            0.762         2.500       1.738      SLICE_X54Y139  u_router/fifo_mem_reg_0_63_0_6/RAMH/CLK
Low Pulse Width   Fast    RAMD64E/CLK         n/a            0.762         2.500       1.738      SLICE_X54Y139  u_router/fifo_mem_reg_0_63_0_6/RAMH/CLK
Low Pulse Width   Slow    RAMD64E/CLK         n/a            0.762         2.500       1.738      SLICE_X54Y155  u_router/fifo_mem_reg_0_63_14_20/RAMA/CLK
Low Pulse Width   Fast    RAMD64E/CLK         n/a            0.762         2.500       1.738      SLICE_X54Y155  u_router/fifo_mem_reg_0_63_14_20/RAMA/CLK
Low Pulse Width   Slow    RAMD64E/CLK         n/a            0.762         2.500       1.738      SLICE_X54Y155  u_router/fifo_mem_reg_0_63_14_20/RAMB/CLK
Low Pulse Width   Fast    RAMD64E/CLK         n/a            0.762         2.500       1.738      SLICE_X54Y155  u_router/fifo_mem_reg_0_63_14_20/RAMB/CLK
High Pulse Width  Slow    RAMD64E/CLK         n/a            0.762         2.500       1.738      SLICE_X54Y139  u_router/fifo_mem_reg_0_63_0_6/RAMA/CLK
High Pulse Width  Fast    RAMD64E/CLK         n/a            0.762         2.500       1.738      SLICE_X54Y139  u_router/fifo_mem_reg_0_63_0_6/RAMA/CLK
High Pulse Width  Slow    RAMD64E/CLK         n/a            0.762         2.500       1.738      SLICE_X54Y139  u_router/fifo_mem_reg_0_63_0_6/RAMB/CLK
High Pulse Width  Fast    RAMD64E/CLK         n/a            0.762         2.500       1.738      SLICE_X54Y139  u_router/fifo_mem_reg_0_63_0_6/RAMB/CLK
High Pulse Width  Slow    RAMD64E/CLK         n/a            0.762         2.500       1.738      SLICE_X54Y139  u_router/fifo_mem_reg_0_63_0_6/RAMC/CLK
High Pulse Width  Fast    RAMD64E/CLK         n/a            0.762         2.500       1.738      SLICE_X54Y139  u_router/fifo_mem_reg_0_63_0_6/RAMC/CLK
High Pulse Width  Slow    RAMD64E/CLK         n/a            0.762         2.500       1.738      SLICE_X54Y139  u_router/fifo_mem_reg_0_63_0_6/RAMD/CLK
High Pulse Width  Fast    RAMD64E/CLK         n/a            0.762         2.500       1.738      SLICE_X54Y139  u_router/fifo_mem_reg_0_63_0_6/RAMD/CLK
High Pulse Width  Slow    RAMD64E/CLK         n/a            0.762         2.500       1.738      SLICE_X54Y139  u_router/fifo_mem_reg_0_63_0_6/RAME/CLK
High Pulse Width  Fast    RAMD64E/CLK         n/a            0.762         2.500       1.738      SLICE_X54Y139  u_router/fifo_mem_reg_0_63_0_6/RAME/CLK
High Pulse Width  Slow    RAMD64E/CLK         n/a            0.762         2.500       1.738      SLICE_X54Y139  u_router/fifo_mem_reg_0_63_0_6/RAMF/CLK
High Pulse Width  Fast    RAMD64E/CLK         n/a            0.762         2.500       1.738      SLICE_X54Y139  u_router/fifo_mem_reg_0_63_0_6/RAMF/CLK
High Pulse Width  Slow    RAMD64E/CLK         n/a            0.762         2.500       1.738      SLICE_X54Y139  u_router/fifo_mem_reg_0_63_0_6/RAMG/CLK
High Pulse Width  Fast    RAMD64E/CLK         n/a            0.762         2.500       1.738      SLICE_X54Y139  u_router/fifo_mem_reg_0_63_0_6/RAMG/CLK
High Pulse Width  Slow    RAMD64E/CLK         n/a            0.762         2.500       1.738      SLICE_X54Y139  u_router/fifo_mem_reg_0_63_0_6/RAMH/CLK
High Pulse Width  Fast    RAMD64E/CLK         n/a            0.762         2.500       1.738      SLICE_X54Y139  u_router/fifo_mem_reg_0_63_0_6/RAMH/CLK
High Pulse Width  Slow    RAMD64E/CLK         n/a            0.762         2.500       1.738      SLICE_X54Y155  u_router/fifo_mem_reg_0_63_14_20/RAMA/CLK
High Pulse Width  Fast    RAMD64E/CLK         n/a            0.762         2.500       1.738      SLICE_X54Y155  u_router/fifo_mem_reg_0_63_14_20/RAMA/CLK
High Pulse Width  Slow    RAMD64E/CLK         n/a            0.762         2.500       1.738      SLICE_X54Y155  u_router/fifo_mem_reg_0_63_14_20/RAMB/CLK
High Pulse Width  Fast    RAMD64E/CLK         n/a            0.762         2.500       1.738      SLICE_X54Y155  u_router/fifo_mem_reg_0_63_14_20/RAMB/CLK



