Copyright 1986-2022 Xilinx, Inc. All Rights Reserved. Copyright 2022-2024 Advanced Micro Devices, Inc. All Rights Reserved.
-------------------------------------------------------------------------------------------------------------------------------------------------------------------------------------------------------------------------------------
| Tool Version      : Vivado v.2024.1 (lin64) Build 5076996 Wed May 22 18:36:09 MDT 2024
| Date              : Sun Sep  6 13:46:45 2026
| Host              : yundodo running 64-bit unknown
| Command           : report_timing_summary -delay_type min_max -check_timing_verbose -max_paths 20 -file /home/dodo/Documents/Codex/2026-08-31/kv260-alexnet-rtl/alexnet/reports/dma_chunk_scheduler/200mhz/impl_timing_summary.rpt
| Design            : alexnet_dma_chunk_scheduler
| Device            : xck26-sfvc784
| Speed File        : -2LV  PRODUCTION 1.30 05-15-2022
| Design State      : Routed
| Temperature Grade : C
-------------------------------------------------------------------------------------------------------------------------------------------------------------------------------------------------------------------------------------

Timing Summary Report

------------------------------------------------------------------------------------------------
| Timer Settings
| --------------
------------------------------------------------------------------------------------------------

  Enable Multi Corner Analysis               :  Yes
  Enable Pessimism Removal                   :  Yes
  Pessimism Removal Resolution               :  Nearest Common Node
  Enable Input Delay Default Clock           :  No
  Enable Preset / Clear Arcs                 :  No
  Disable Flight Delays                      :  No
  Ignore I/O Paths                           :  No
  Timing Early Launch at Borrowing Latches   :  No
  Borrow Time for Max Delay Exceptions       :  Yes
  Merge Timing Exceptions                    :  Yes
  Inter-SLR Compensation                     :  Conservative

  Corner  Analyze    Analyze    
  Name    Max Paths  Min Paths  
  ------  ---------  ---------  
  Slow    Yes        Yes        
  Fast    Yes        Yes        


------------------------------------------------------------------------------------------------
| Report Methodology
| ------------------
------------------------------------------------------------------------------------------------

No report available as report_methodology has not been run prior. Run report_methodology on the current design for the summary of methodology violations.



check_timing report

Table of Contents
-----------------
1. checking no_clock (0)
2. checking constant_clock (0)
3. checking pulse_width_clock (0)
4. checking unconstrained_internal_endpoints (0)
5. checking no_input_delay (0)
6. checking no_output_delay (0)
7. checking multiple_clock (0)
8. checking generated_clocks (0)
9. checking loops (0)
10. checking partial_input_delay (0)
11. checking partial_output_delay (0)
12. checking latch_loops (0)

1. checking no_clock (0)
------------------------
 There are 0 register/latch pins with no clock.


2. checking constant_clock (0)
------------------------------
 There are 0 register/latch pins with constant_clock.


3. checking pulse_width_clock (0)
---------------------------------
 There are 0 register/latch pins which need pulse_width check


4. checking unconstrained_internal_endpoints (0)
------------------------------------------------
 There are 0 pins that are not constrained for maximum delay.

 There are 0 pins that are not constrained for maximum delay due to constant clock.


5. checking no_input_delay (0)
------------------------------
 There are 0 input ports with no input delay specified.

 There are 0 input ports with no input delay but user has a false path constraint.


6. checking no_output_delay (0)
-------------------------------
 There are 0 ports with no output delay specified.

 There are 0 ports with no output delay but user has a false path constraint

 There are 0 ports with no output delay but with a timing clock defined on it or propagating through it


7. checking multiple_clock (0)
------------------------------
 There are 0 register/latch pins with multiple clocks.


8. checking generated_clocks (0)
--------------------------------
 There are 0 generated clocks that are not connected to a clock source.


9. checking loops (0)
---------------------
 There are 0 combinational loops in the design.


10. checking partial_input_delay (0)
------------------------------------
 There are 0 input ports with partial input delay specified.


11. checking partial_output_delay (0)
-------------------------------------
 There are 0 ports with partial output delay specified.


12. checking latch_loops (0)
----------------------------
 There are 0 combinational latch loops in the design through latch input



------------------------------------------------------------------------------------------------
| Design Timing Summary
| ---------------------
------------------------------------------------------------------------------------------------

    WNS(ns)      TNS(ns)  TNS Failing Endpoints  TNS Total Endpoints      WHS(ns)      THS(ns)  THS Failing Endpoints  THS Total Endpoints     WPWS(ns)     TPWS(ns)  TPWS Failing Endpoints  TPWS Total Endpoints  
    -------      -------  ---------------------  -------------------      -------      -------  ---------------------  -------------------     --------     --------  ----------------------  --------------------  
      2.123        0.000                      0                 1551        0.099        0.000                      0                 1551        2.225        0.000                       0                   399  


All user specified timing constraints are met.


------------------------------------------------------------------------------------------------
| Clock Summary
| -------------
------------------------------------------------------------------------------------------------

Clock  Waveform(ns)         Period(ns)      Frequency(MHz)
-----  ------------         ----------      --------------
clk    {0.000 2.500}        5.000           200.000         


------------------------------------------------------------------------------------------------
| Intra Clock Table
| -----------------
------------------------------------------------------------------------------------------------

Clock             WNS(ns)      TNS(ns)  TNS Failing Endpoints  TNS Total Endpoints      WHS(ns)      THS(ns)  THS Failing Endpoints  THS Total Endpoints     WPWS(ns)     TPWS(ns)  TPWS Failing Endpoints  TPWS Total Endpoints  
-----             -------      -------  ---------------------  -------------------      -------      -------  ---------------------  -------------------     --------     --------  ----------------------  --------------------  
clk                 2.123        0.000                      0                 1551        0.099        0.000                      0                 1551        2.225        0.000                       0                   399  


------------------------------------------------------------------------------------------------
| Inter Clock Table
| -----------------
------------------------------------------------------------------------------------------------

From Clock    To Clock          WNS(ns)      TNS(ns)  TNS Failing Endpoints  TNS Total Endpoints      WHS(ns)      THS(ns)  THS Failing Endpoints  THS Total Endpoints  
----------    --------          -------      -------  ---------------------  -------------------      -------      -------  ---------------------  -------------------  


------------------------------------------------------------------------------------------------
| Other Path Groups Table
| -----------------------
------------------------------------------------------------------------------------------------

Path Group    From Clock    To Clock          WNS(ns)      TNS(ns)  TNS Failing Endpoints  TNS Total Endpoints      WHS(ns)      THS(ns)  THS Failing Endpoints  THS Total Endpoints  
----------    ----------    --------          -------      -------  ---------------------  -------------------      -------      -------  ---------------------  -------------------  


------------------------------------------------------------------------------------------------
| Timing Details
| --------------
------------------------------------------------------------------------------------------------


---------------------------------------------------------------------------------------------------
From Clock:  clk
  To Clock:  clk

Setup :            0  Failing Endpoints,  Worst Slack        2.123ns,  Total Violation        0.000ns
Hold  :            0  Failing Endpoints,  Worst Slack        0.099ns,  Total Violation        0.000ns
PW    :            0  Failing Endpoints,  Worst Slack        2.225ns,  Total Violation        0.000ns
---------------------------------------------------------------------------------------------------


Max Delay Paths
--------------------------------------------------------------------------------------
Slack (MET) :             2.123ns  (required time - arrival time)
  Source:                 command_boundary_idle
                            (input port clocked by clk  {rise@0.000ns fall@2.500ns period=5.000ns})
  Destination:            state_q_reg[4]/CE
                            (rising edge-triggered cell FDRE clocked by clk  {rise@0.000ns fall@2.500ns period=5.000ns})
  Path Group:             clk
  Path Type:              Setup (Max at Slow Process Corner)
  Requirement:            5.000ns  (clk rise@5.000ns - clk rise@0.000ns)
  Data Path Delay:        1.792ns  (logic 0.686ns (38.290%)  route 1.106ns (61.710%))
  Logic Levels:           5  (LUT3=1 LUT5=2 LUT6=1 MUXF7=1)
  Input Delay:            1.000ns
  Clock Path Skew:        0.029ns (DCD - SCD + CPR)
    Destination Clock Delay (DCD):    0.029ns = ( 5.029 - 5.000 ) 
    Source Clock Delay      (SCD):    0.000ns
    Clock Pessimism Removal (CPR):    0.000ns
  Clock Uncertainty:      0.035ns  ((TSJ^2 + TIJ^2)^1/2 + DJ) / 2 + PE
    Total System Jitter     (TSJ):    0.071ns
    Total Input Jitter      (TIJ):    0.000ns
    Discrete Jitter          (DJ):    0.000ns
    Phase Error              (PE):    0.000ns

    Location             Delay type                Incr(ns)  Path(ns)    Netlist Resource(s)
  -------------------------------------------------------------------    -------------------
                         (clock clk rise edge)        0.000     0.000 r  
                         input delay                  1.000     1.000    
                                                      0.000     1.000 r  command_boundary_idle (IN)
                         net (fo=2, unset)            0.000     1.000    command_boundary_idle
    SLICE_X15Y52         LUT3 (Prop_F5LUT_SLICEL_I2_O)
                                                      0.230     1.230 f  result_word_count_q[10]_i_2/O
                         net (fo=2, routed)           0.317     1.547    result_word_count_q[10]_i_2_n_0
    SLICE_X15Y52         LUT5 (Prop_E6LUT_SLICEL_I1_O)
                                                      0.152     1.699 r  result_word_count_q[10]_i_1/O
                         net (fo=336, routed)         0.178     1.877    result_word_count_q[10]_i_1_n_0
    SLICE_X14Y53         LUT5 (Prop_D6LUT_SLICEL_I0_O)
                                                      0.057     1.934 f  state_q[4]_i_13/O
                         net (fo=1, routed)           0.013     1.947    state_q[4]_i_13_n_0
    SLICE_X14Y53         MUXF7 (Prop_F7MUX_CD_SLICEL_I0_O)
                                                      0.095     2.042 f  state_q_reg[4]_i_7/O
                         net (fo=2, routed)           0.207     2.250    state_q_reg[4]_i_7_n_0
    SLICE_X15Y52         LUT6 (Prop_B6LUT_SLICEL_I5_O)
                                                      0.152     2.402 r  state_q[4]_i_2/O
                         net (fo=2, routed)           0.390     2.792    state_q
    SLICE_X14Y51         FDRE                                         r  state_q_reg[4]/CE
  -------------------------------------------------------------------    -------------------

                         (clock clk rise edge)        5.000     5.000 r  
                                                      0.000     5.000 r  clk (IN)
                         net (fo=398, unset)          0.029     5.029    clk
    SLICE_X14Y51         FDRE                                         r  state_q_reg[4]/C
                         clock pessimism              0.000     5.029    
                         clock uncertainty           -0.035     4.994    
    SLICE_X14Y51         FDRE (Setup_HFF_SLICEL_C_CE)
                                                     -0.079     4.915    state_q_reg[4]
  -------------------------------------------------------------------
                         required time                          4.915    
                         arrival time                          -2.792    
  -------------------------------------------------------------------
                         slack                                  2.123    

Slack (MET) :             2.148ns  (required time - arrival time)
  Source:                 command_boundary_idle
                            (input port clocked by clk  {rise@0.000ns fall@2.500ns period=5.000ns})
  Destination:            state_q_reg[3]/CE
                            (rising edge-triggered cell FDRE clocked by clk  {rise@0.000ns fall@2.500ns period=5.000ns})
  Path Group:             clk
  Path Type:              Setup (Max at Slow Process Corner)
  Requirement:            5.000ns  (clk rise@5.000ns - clk rise@0.000ns)
  Data Path Delay:        1.767ns  (logic 0.686ns (38.830%)  route 1.081ns (61.170%))
  Logic Levels:           5  (LUT3=1 LUT5=2 LUT6=1 MUXF7=1)
  Input Delay:            1.000ns
  Clock Path Skew:        0.029ns (DCD - SCD + CPR)
    Destination Clock Delay (DCD):    0.029ns = ( 5.029 - 5.000 ) 
    Source Clock Delay      (SCD):    0.000ns
    Clock Pessimism Removal (CPR):    0.000ns
  Clock Uncertainty:      0.035ns  ((TSJ^2 + TIJ^2)^1/2 + DJ) / 2 + PE
    Total System Jitter     (TSJ):    0.071ns
    Total Input Jitter      (TIJ):    0.000ns
    Discrete Jitter          (DJ):    0.000ns
    Phase Error              (PE):    0.000ns

    Location             Delay type                Incr(ns)  Path(ns)    Netlist Resource(s)
  -------------------------------------------------------------------    -------------------
                         (clock clk rise edge)        0.000     0.000 r  
                         input delay                  1.000     1.000    
                                                      0.000     1.000 r  command_boundary_idle (IN)
                         net (fo=2, unset)            0.000     1.000    command_boundary_idle
    SLICE_X15Y52         LUT3 (Prop_F5LUT_SLICEL_I2_O)
                                                      0.230     1.230 f  result_word_count_q[10]_i_2/O
                         net (fo=2, routed)           0.317     1.547    result_word_count_q[10]_i_2_n_0
    SLICE_X15Y52         LUT5 (Prop_E6LUT_SLICEL_I1_O)
                                                      0.152     1.699 r  result_word_count_q[10]_i_1/O
                         net (fo=336, routed)         0.178     1.877    result_word_count_q[10]_i_1_n_0
    SLICE_X14Y53         LUT5 (Prop_D6LUT_SLICEL_I0_O)
                                                      0.057     1.934 f  state_q[4]_i_13/O
                         net (fo=1, routed)           0.013     1.947    state_q[4]_i_13_n_0
    SLICE_X14Y53         MUXF7 (Prop_F7MUX_CD_SLICEL_I0_O)
                                                      0.095     2.042 f  state_q_reg[4]_i_7/O
                         net (fo=2, routed)           0.214     2.257    state_q_reg[4]_i_7_n_0
    SLICE_X15Y52         LUT6 (Prop_D6LUT_SLICEL_I0_O)
                                                      0.152     2.409 r  state_q[3]_i_1/O
                         net (fo=3, routed)           0.358     2.767    state_q[3]_i_1_n_0
    SLICE_X14Y50         FDRE                                         r  state_q_reg[3]/CE
  -------------------------------------------------------------------    -------------------

                         (clock clk rise edge)        5.000     5.000 r  
                                                      0.000     5.000 r  clk (IN)
                         net (fo=398, unset)          0.029     5.029    clk
    SLICE_X14Y50         FDRE                                         r  state_q_reg[3]/C
                         clock pessimism              0.000     5.029    
                         clock uncertainty           -0.035     4.994    
    SLICE_X14Y50         FDRE (Setup_HFF_SLICEL_C_CE)
                                                     -0.079     4.915    state_q_reg[3]
  -------------------------------------------------------------------
                         required time                          4.915    
                         arrival time                          -2.767    
  -------------------------------------------------------------------
                         slack                                  2.148    

Slack (MET) :             2.217ns  (required time - arrival time)
  Source:                 command_boundary_idle
                            (input port clocked by clk  {rise@0.000ns fall@2.500ns period=5.000ns})
  Destination:            state_q_reg[2]/CE
                            (rising edge-triggered cell FDRE clocked by clk  {rise@0.000ns fall@2.500ns period=5.000ns})
  Path Group:             clk
  Path Type:              Setup (Max at Slow Process Corner)
  Requirement:            5.000ns  (clk rise@5.000ns - clk rise@0.000ns)
  Data Path Delay:        1.698ns  (logic 0.686ns (40.408%)  route 1.012ns (59.592%))
  Logic Levels:           5  (LUT3=1 LUT5=2 LUT6=1 MUXF7=1)
  Input Delay:            1.000ns
  Clock Path Skew:        0.029ns (DCD - SCD + CPR)
    Destination Clock Delay (DCD):    0.029ns = ( 5.029 - 5.000 ) 
    Source Clock Delay      (SCD):    0.000ns
    Clock Pessimism Removal (CPR):    0.000ns
  Clock Uncertainty:      0.035ns  ((TSJ^2 + TIJ^2)^1/2 + DJ) / 2 + PE
    Total System Jitter     (TSJ):    0.071ns
    Total Input Jitter      (TIJ):    0.000ns
    Discrete Jitter          (DJ):    0.000ns
    Phase Error              (PE):    0.000ns

    Location             Delay type                Incr(ns)  Path(ns)    Netlist Resource(s)
  -------------------------------------------------------------------    -------------------
                         (clock clk rise edge)        0.000     0.000 r  
                         input delay                  1.000     1.000    
                                                      0.000     1.000 r  command_boundary_idle (IN)
                         net (fo=2, unset)            0.000     1.000    command_boundary_idle
    SLICE_X15Y52         LUT3 (Prop_F5LUT_SLICEL_I2_O)
                                                      0.230     1.230 f  result_word_count_q[10]_i_2/O
                         net (fo=2, routed)           0.317     1.547    result_word_count_q[10]_i_2_n_0
    SLICE_X15Y52         LUT5 (Prop_E6LUT_SLICEL_I1_O)
                                                      0.152     1.699 r  result_word_count_q[10]_i_1/O
                         net (fo=336, routed)         0.178     1.877    result_word_count_q[10]_i_1_n_0
    SLICE_X14Y53         LUT5 (Prop_D6LUT_SLICEL_I0_O)
                                                      0.057     1.934 f  state_q[4]_i_13/O
                         net (fo=1, routed)           0.013     1.947    state_q[4]_i_13_n_0
    SLICE_X14Y53         MUXF7 (Prop_F7MUX_CD_SLICEL_I0_O)
                                                      0.095     2.042 f  state_q_reg[4]_i_7/O
                         net (fo=2, routed)           0.214     2.257    state_q_reg[4]_i_7_n_0
    SLICE_X15Y52         LUT6 (Prop_D6LUT_SLICEL_I0_O)
                                                      0.152     2.409 r  state_q[3]_i_1/O
                         net (fo=3, routed)           0.289     2.698    state_q[3]_i_1_n_0
    SLICE_X14Y51         FDRE                                         r  state_q_reg[2]/CE
  -------------------------------------------------------------------    -------------------

                         (clock clk rise edge)        5.000     5.000 r  
                                                      0.000     5.000 r  clk (IN)
                         net (fo=398, unset)          0.029     5.029    clk
    SLICE_X14Y51         FDRE                                         r  state_q_reg[2]/C
                         clock pessimism              0.000     5.029    
                         clock uncertainty           -0.035     4.994    
    SLICE_X14Y51         FDRE (Setup_CFF_SLICEL_C_CE)
                                                     -0.079     4.915    state_q_reg[2]
  -------------------------------------------------------------------
                         required time                          4.915    
                         arrival time                          -2.698    
  -------------------------------------------------------------------
                         slack                                  2.217    

Slack (MET) :             2.235ns  (required time - arrival time)
  Source:                 command_boundary_idle
                            (input port clocked by clk  {rise@0.000ns fall@2.500ns period=5.000ns})
  Destination:            state_q_reg[0]/CE
                            (rising edge-triggered cell FDRE clocked by clk  {rise@0.000ns fall@2.500ns period=5.000ns})
  Path Group:             clk
  Path Type:              Setup (Max at Slow Process Corner)
  Requirement:            5.000ns  (clk rise@5.000ns - clk rise@0.000ns)
  Data Path Delay:        1.680ns  (logic 0.686ns (40.844%)  route 0.994ns (59.156%))
  Logic Levels:           5  (LUT3=1 LUT5=2 LUT6=1 MUXF7=1)
  Input Delay:            1.000ns
  Clock Path Skew:        0.029ns (DCD - SCD + CPR)
    Destination Clock Delay (DCD):    0.029ns = ( 5.029 - 5.000 ) 
    Source Clock Delay      (SCD):    0.000ns
    Clock Pessimism Removal (CPR):    0.000ns
  Clock Uncertainty:      0.035ns  ((TSJ^2 + TIJ^2)^1/2 + DJ) / 2 + PE
    Total System Jitter     (TSJ):    0.071ns
    Total Input Jitter      (TIJ):    0.000ns
    Discrete Jitter          (DJ):    0.000ns
    Phase Error              (PE):    0.000ns

    Location             Delay type                Incr(ns)  Path(ns)    Netlist Resource(s)
  -------------------------------------------------------------------    -------------------
                         (clock clk rise edge)        0.000     0.000 r  
                         input delay                  1.000     1.000    
                                                      0.000     1.000 r  command_boundary_idle (IN)
                         net (fo=2, unset)            0.000     1.000    command_boundary_idle
    SLICE_X15Y52         LUT3 (Prop_F5LUT_SLICEL_I2_O)
                                                      0.230     1.230 f  result_word_count_q[10]_i_2/O
                         net (fo=2, routed)           0.317     1.547    result_word_count_q[10]_i_2_n_0
    SLICE_X15Y52         LUT5 (Prop_E6LUT_SLICEL_I1_O)
                                                      0.152     1.699 r  result_word_count_q[10]_i_1/O
                         net (fo=336, routed)         0.178     1.877    result_word_count_q[10]_i_1_n_0
    SLICE_X14Y53         LUT5 (Prop_D6LUT_SLICEL_I0_O)
                                                      0.057     1.934 f  state_q[4]_i_13/O
                         net (fo=1, routed)           0.013     1.947    state_q[4]_i_13_n_0
    SLICE_X14Y53         MUXF7 (Prop_F7MUX_CD_SLICEL_I0_O)
                                                      0.095     2.042 f  state_q_reg[4]_i_7/O
                         net (fo=2, routed)           0.207     2.250    state_q_reg[4]_i_7_n_0
    SLICE_X15Y52         LUT6 (Prop_B6LUT_SLICEL_I5_O)
                                                      0.152     2.402 r  state_q[4]_i_2/O
                         net (fo=2, routed)           0.278     2.680    state_q
    SLICE_X15Y51         FDRE                                         r  state_q_reg[0]/CE
  -------------------------------------------------------------------    -------------------

                         (clock clk rise edge)        5.000     5.000 r  
                                                      0.000     5.000 r  clk (IN)
                         net (fo=398, unset)          0.029     5.029    clk
    SLICE_X15Y51         FDRE                                         r  state_q_reg[0]/C
                         clock pessimism              0.000     5.029    
                         clock uncertainty           -0.035     4.994    
    SLICE_X15Y51         FDRE (Setup_HFF_SLICEL_C_CE)
                                                     -0.079     4.915    state_q_reg[0]
  -------------------------------------------------------------------
                         required time                          4.915    
                         arrival time                          -2.680    
  -------------------------------------------------------------------
                         slack                                  2.235    

Slack (MET) :             2.271ns  (required time - arrival time)
  Source:                 command_boundary_idle
                            (input port clocked by clk  {rise@0.000ns fall@2.500ns period=5.000ns})
  Destination:            state_q_reg[1]/CE
                            (rising edge-triggered cell FDRE clocked by clk  {rise@0.000ns fall@2.500ns period=5.000ns})
  Path Group:             clk
  Path Type:              Setup (Max at Slow Process Corner)
  Requirement:            5.000ns  (clk rise@5.000ns - clk rise@0.000ns)
  Data Path Delay:        1.643ns  (logic 0.686ns (41.744%)  route 0.957ns (58.256%))
  Logic Levels:           5  (LUT3=1 LUT5=2 LUT6=1 MUXF7=1)
  Input Delay:            1.000ns
  Clock Path Skew:        0.029ns (DCD - SCD + CPR)
    Destination Clock Delay (DCD):    0.029ns = ( 5.029 - 5.000 ) 
    Source Clock Delay      (SCD):    0.000ns
    Clock Pessimism Removal (CPR):    0.000ns
  Clock Uncertainty:      0.035ns  ((TSJ^2 + TIJ^2)^1/2 + DJ) / 2 + PE
    Total System Jitter     (TSJ):    0.071ns
    Total Input Jitter      (TIJ):    0.000ns
    Discrete Jitter          (DJ):    0.000ns
    Phase Error              (PE):    0.000ns

    Location             Delay type                Incr(ns)  Path(ns)    Netlist Resource(s)
  -------------------------------------------------------------------    -------------------
                         (clock clk rise edge)        0.000     0.000 r  
                         input delay                  1.000     1.000    
                                                      0.000     1.000 r  command_boundary_idle (IN)
                         net (fo=2, unset)            0.000     1.000    command_boundary_idle
    SLICE_X15Y52         LUT3 (Prop_F5LUT_SLICEL_I2_O)
                                                      0.230     1.230 f  result_word_count_q[10]_i_2/O
                         net (fo=2, routed)           0.317     1.547    result_word_count_q[10]_i_2_n_0
    SLICE_X15Y52         LUT5 (Prop_E6LUT_SLICEL_I1_O)
                                                      0.152     1.699 r  result_word_count_q[10]_i_1/O
                         net (fo=336, routed)         0.178     1.877    result_word_count_q[10]_i_1_n_0
    SLICE_X14Y53         LUT5 (Prop_D6LUT_SLICEL_I0_O)
                                                      0.057     1.934 f  state_q[4]_i_13/O
                         net (fo=1, routed)           0.013     1.947    state_q[4]_i_13_n_0
    SLICE_X14Y53         MUXF7 (Prop_F7MUX_CD_SLICEL_I0_O)
                                                      0.095     2.042 f  state_q_reg[4]_i_7/O
                         net (fo=2, routed)           0.214     2.257    state_q_reg[4]_i_7_n_0
    SLICE_X15Y52         LUT6 (Prop_D6LUT_SLICEL_I0_O)
                                                      0.152     2.409 r  state_q[3]_i_1/O
                         net (fo=3, routed)           0.235     2.643    state_q[3]_i_1_n_0
    SLICE_X15Y51         FDRE                                         r  state_q_reg[1]/CE
  -------------------------------------------------------------------    -------------------

                         (clock clk rise edge)        5.000     5.000 r  
                                                      0.000     5.000 r  clk (IN)
                         net (fo=398, unset)          0.029     5.029    clk
    SLICE_X15Y51         FDRE                                         r  state_q_reg[1]/C
                         clock pessimism              0.000     5.029    
                         clock uncertainty           -0.035     4.994    
    SLICE_X15Y51         FDRE (Setup_CFF_SLICEL_C_CE)
                                                     -0.079     4.915    state_q_reg[1]
  -------------------------------------------------------------------
                         required time                          4.915    
                         arrival time                          -2.643    
  -------------------------------------------------------------------
                         slack                                  2.271    

Slack (MET) :             2.424ns  (required time - arrival time)
  Source:                 command_boundary_idle
                            (input port clocked by clk  {rise@0.000ns fall@2.500ns period=5.000ns})
  Destination:            chunk_tile_tag_base_q_reg[10]/CE
                            (rising edge-triggered cell FDRE clocked by clk  {rise@0.000ns fall@2.500ns period=5.000ns})
  Path Group:             clk
  Path Type:              Setup (Max at Slow Process Corner)
  Requirement:            5.000ns  (clk rise@5.000ns - clk rise@0.000ns)
  Data Path Delay:        1.491ns  (logic 0.382ns (25.615%)  route 1.109ns (74.385%))
  Logic Levels:           2  (LUT3=1 LUT5=1)
  Input Delay:            1.000ns
  Clock Path Skew:        0.031ns (DCD - SCD + CPR)
    Destination Clock Delay (DCD):    0.031ns = ( 5.031 - 5.000 ) 
    Source Clock Delay      (SCD):    0.000ns
    Clock Pessimism Removal (CPR):    0.000ns
  Clock Uncertainty:      0.035ns  ((TSJ^2 + TIJ^2)^1/2 + DJ) / 2 + PE
    Total System Jitter     (TSJ):    0.071ns
    Total Input Jitter      (TIJ):    0.000ns
    Discrete Jitter          (DJ):    0.000ns
    Phase Error              (PE):    0.000ns

    Location             Delay type                Incr(ns)  Path(ns)    Netlist Resource(s)
  -------------------------------------------------------------------    -------------------
                         (clock clk rise edge)        0.000     0.000 r  
                         input delay                  1.000     1.000    
                                                      0.000     1.000 r  command_boundary_idle (IN)
                         net (fo=2, unset)            0.000     1.000    command_boundary_idle
    SLICE_X15Y52         LUT3 (Prop_F5LUT_SLICEL_I2_O)
                                                      0.230     1.230 f  result_word_count_q[10]_i_2/O
                         net (fo=2, routed)           0.317     1.547    result_word_count_q[10]_i_2_n_0
    SLICE_X15Y52         LUT5 (Prop_E6LUT_SLICEL_I1_O)
                                                      0.152     1.699 r  result_word_count_q[10]_i_1/O
                         net (fo=336, routed)         0.792     2.491    result_word_count_q[10]_i_1_n_0
    SLICE_X18Y46         FDRE                                         r  chunk_tile_tag_base_q_reg[10]/CE
  -------------------------------------------------------------------    -------------------

                         (clock clk rise edge)        5.000     5.000 r  
                                                      0.000     5.000 r  clk (IN)
                         net (fo=398, unset)          0.031     5.031    clk
    SLICE_X18Y46         FDRE                                         r  chunk_tile_tag_base_q_reg[10]/C
                         clock pessimism              0.000     5.031    
                         clock uncertainty           -0.035     4.996    
    SLICE_X18Y46         FDRE (Setup_EFF2_SLICEM_C_CE)
                                                     -0.080     4.916    chunk_tile_tag_base_q_reg[10]
  -------------------------------------------------------------------
                         required time                          4.916    
                         arrival time                          -2.491    
  -------------------------------------------------------------------
                         slack                                  2.424    

Slack (MET) :             2.424ns  (required time - arrival time)
  Source:                 command_boundary_idle
                            (input port clocked by clk  {rise@0.000ns fall@2.500ns period=5.000ns})
  Destination:            chunk_tile_tag_base_q_reg[9]/CE
                            (rising edge-triggered cell FDRE clocked by clk  {rise@0.000ns fall@2.500ns period=5.000ns})
  Path Group:             clk
  Path Type:              Setup (Max at Slow Process Corner)
  Requirement:            5.000ns  (clk rise@5.000ns - clk rise@0.000ns)
  Data Path Delay:        1.491ns  (logic 0.382ns (25.615%)  route 1.109ns (74.385%))
  Logic Levels:           2  (LUT3=1 LUT5=1)
  Input Delay:            1.000ns
  Clock Path Skew:        0.031ns (DCD - SCD + CPR)
    Destination Clock Delay (DCD):    0.031ns = ( 5.031 - 5.000 ) 
    Source Clock Delay      (SCD):    0.000ns
    Clock Pessimism Removal (CPR):    0.000ns
  Clock Uncertainty:      0.035ns  ((TSJ^2 + TIJ^2)^1/2 + DJ) / 2 + PE
    Total System Jitter     (TSJ):    0.071ns
    Total Input Jitter      (TIJ):    0.000ns
    Discrete Jitter          (DJ):    0.000ns
    Phase Error              (PE):    0.000ns

    Location             Delay type                Incr(ns)  Path(ns)    Netlist Resource(s)
  -------------------------------------------------------------------    -------------------
                         (clock clk rise edge)        0.000     0.000 r  
                         input delay                  1.000     1.000    
                                                      0.000     1.000 r  command_boundary_idle (IN)
                         net (fo=2, unset)            0.000     1.000    command_boundary_idle
    SLICE_X15Y52         LUT3 (Prop_F5LUT_SLICEL_I2_O)
                                                      0.230     1.230 f  result_word_count_q[10]_i_2/O
                         net (fo=2, routed)           0.317     1.547    result_word_count_q[10]_i_2_n_0
    SLICE_X15Y52         LUT5 (Prop_E6LUT_SLICEL_I1_O)
                                                      0.152     1.699 r  result_word_count_q[10]_i_1/O
                         net (fo=336, routed)         0.792     2.491    result_word_count_q[10]_i_1_n_0
    SLICE_X18Y46         FDRE                                         r  chunk_tile_tag_base_q_reg[9]/CE
  -------------------------------------------------------------------    -------------------

                         (clock clk rise edge)        5.000     5.000 r  
                                                      0.000     5.000 r  clk (IN)
                         net (fo=398, unset)          0.031     5.031    clk
    SLICE_X18Y46         FDRE                                         r  chunk_tile_tag_base_q_reg[9]/C
                         clock pessimism              0.000     5.031    
                         clock uncertainty           -0.035     4.996    
    SLICE_X18Y46         FDRE (Setup_FFF2_SLICEM_C_CE)
                                                     -0.080     4.916    chunk_tile_tag_base_q_reg[9]
  -------------------------------------------------------------------
                         required time                          4.916    
                         arrival time                          -2.491    
  -------------------------------------------------------------------
                         slack                                  2.424    

Slack (MET) :             2.424ns  (required time - arrival time)
  Source:                 command_boundary_idle
                            (input port clocked by clk  {rise@0.000ns fall@2.500ns period=5.000ns})
  Destination:            result_first_tile_tag_q_reg[11]/CE
                            (rising edge-triggered cell FDRE clocked by clk  {rise@0.000ns fall@2.500ns period=5.000ns})
  Path Group:             clk
  Path Type:              Setup (Max at Slow Process Corner)
  Requirement:            5.000ns  (clk rise@5.000ns - clk rise@0.000ns)
  Data Path Delay:        1.491ns  (logic 0.382ns (25.615%)  route 1.109ns (74.385%))
  Logic Levels:           2  (LUT3=1 LUT5=1)
  Input Delay:            1.000ns
  Clock Path Skew:        0.031ns (DCD - SCD + CPR)
    Destination Clock Delay (DCD):    0.031ns = ( 5.031 - 5.000 ) 
    Source Clock Delay      (SCD):    0.000ns
    Clock Pessimism Removal (CPR):    0.000ns
  Clock Uncertainty:      0.035ns  ((TSJ^2 + TIJ^2)^1/2 + DJ) / 2 + PE
    Total System Jitter     (TSJ):    0.071ns
    Total Input Jitter      (TIJ):    0.000ns
    Discrete Jitter          (DJ):    0.000ns
    Phase Error              (PE):    0.000ns

    Location             Delay type                Incr(ns)  Path(ns)    Netlist Resource(s)
  -------------------------------------------------------------------    -------------------
                         (clock clk rise edge)        0.000     0.000 r  
                         input delay                  1.000     1.000    
                                                      0.000     1.000 r  command_boundary_idle (IN)
                         net (fo=2, unset)            0.000     1.000    command_boundary_idle
    SLICE_X15Y52         LUT3 (Prop_F5LUT_SLICEL_I2_O)
                                                      0.230     1.230 f  result_word_count_q[10]_i_2/O
                         net (fo=2, routed)           0.317     1.547    result_word_count_q[10]_i_2_n_0
    SLICE_X15Y52         LUT5 (Prop_E6LUT_SLICEL_I1_O)
                                                      0.152     1.699 r  result_word_count_q[10]_i_1/O
                         net (fo=336, routed)         0.792     2.491    result_word_count_q[10]_i_1_n_0
    SLICE_X18Y46         FDRE                                         r  result_first_tile_tag_q_reg[11]/CE
  -------------------------------------------------------------------    -------------------

                         (clock clk rise edge)        5.000     5.000 r  
                                                      0.000     5.000 r  clk (IN)
                         net (fo=398, unset)          0.031     5.031    clk
    SLICE_X18Y46         FDRE                                         r  result_first_tile_tag_q_reg[11]/C
                         clock pessimism              0.000     5.031    
                         clock uncertainty           -0.035     4.996    
    SLICE_X18Y46         FDRE (Setup_GFF2_SLICEM_C_CE)
                                                     -0.080     4.916    result_first_tile_tag_q_reg[11]
  -------------------------------------------------------------------
                         required time                          4.916    
                         arrival time                          -2.491    
  -------------------------------------------------------------------
                         slack                                  2.424    

Slack (MET) :             2.424ns  (required time - arrival time)
  Source:                 command_boundary_idle
                            (input port clocked by clk  {rise@0.000ns fall@2.500ns period=5.000ns})
  Destination:            result_n_base_q_reg[2]/CE
                            (rising edge-triggered cell FDRE clocked by clk  {rise@0.000ns fall@2.500ns period=5.000ns})
  Path Group:             clk
  Path Type:              Setup (Max at Slow Process Corner)
  Requirement:            5.000ns  (clk rise@5.000ns - clk rise@0.000ns)
  Data Path Delay:        1.491ns  (logic 0.382ns (25.615%)  route 1.109ns (74.385%))
  Logic Levels:           2  (LUT3=1 LUT5=1)
  Input Delay:            1.000ns
  Clock Path Skew:        0.031ns (DCD - SCD + CPR)
    Destination Clock Delay (DCD):    0.031ns = ( 5.031 - 5.000 ) 
    Source Clock Delay      (SCD):    0.000ns
    Clock Pessimism Removal (CPR):    0.000ns
  Clock Uncertainty:      0.035ns  ((TSJ^2 + TIJ^2)^1/2 + DJ) / 2 + PE
    Total System Jitter     (TSJ):    0.071ns
    Total Input Jitter      (TIJ):    0.000ns
    Discrete Jitter          (DJ):    0.000ns
    Phase Error              (PE):    0.000ns

    Location             Delay type                Incr(ns)  Path(ns)    Netlist Resource(s)
  -------------------------------------------------------------------    -------------------
                         (clock clk rise edge)        0.000     0.000 r  
                         input delay                  1.000     1.000    
                                                      0.000     1.000 r  command_boundary_idle (IN)
                         net (fo=2, unset)            0.000     1.000    command_boundary_idle
    SLICE_X15Y52         LUT3 (Prop_F5LUT_SLICEL_I2_O)
                                                      0.230     1.230 f  result_word_count_q[10]_i_2/O
                         net (fo=2, routed)           0.317     1.547    result_word_count_q[10]_i_2_n_0
    SLICE_X15Y52         LUT5 (Prop_E6LUT_SLICEL_I1_O)
                                                      0.152     1.699 r  result_word_count_q[10]_i_1/O
                         net (fo=336, routed)         0.792     2.491    result_word_count_q[10]_i_1_n_0
    SLICE_X18Y46         FDRE                                         r  result_n_base_q_reg[2]/CE
  -------------------------------------------------------------------    -------------------

                         (clock clk rise edge)        5.000     5.000 r  
                                                      0.000     5.000 r  clk (IN)
                         net (fo=398, unset)          0.031     5.031    clk
    SLICE_X18Y46         FDRE                                         r  result_n_base_q_reg[2]/C
                         clock pessimism              0.000     5.031    
                         clock uncertainty           -0.035     4.996    
    SLICE_X18Y46         FDRE (Setup_HFF2_SLICEM_C_CE)
                                                     -0.080     4.916    result_n_base_q_reg[2]
  -------------------------------------------------------------------
                         required time                          4.916    
                         arrival time                          -2.491    
  -------------------------------------------------------------------
                         slack                                  2.424    

Slack (MET) :             2.425ns  (required time - arrival time)
  Source:                 command_boundary_idle
                            (input port clocked by clk  {rise@0.000ns fall@2.500ns period=5.000ns})
  Destination:            chunk_accum_context_tag_q_reg[10]/CE
                            (rising edge-triggered cell FDRE clocked by clk  {rise@0.000ns fall@2.500ns period=5.000ns})
  Path Group:             clk
  Path Type:              Setup (Max at Slow Process Corner)
  Requirement:            5.000ns  (clk rise@5.000ns - clk rise@0.000ns)
  Data Path Delay:        1.489ns  (logic 0.382ns (25.649%)  route 1.107ns (74.351%))
  Logic Levels:           2  (LUT3=1 LUT5=1)
  Input Delay:            1.000ns
  Clock Path Skew:        0.031ns (DCD - SCD + CPR)
    Destination Clock Delay (DCD):    0.031ns = ( 5.031 - 5.000 ) 
    Source Clock Delay      (SCD):    0.000ns
    Clock Pessimism Removal (CPR):    0.000ns
  Clock Uncertainty:      0.035ns  ((TSJ^2 + TIJ^2)^1/2 + DJ) / 2 + PE
    Total System Jitter     (TSJ):    0.071ns
    Total Input Jitter      (TIJ):    0.000ns
    Discrete Jitter          (DJ):    0.000ns
    Phase Error              (PE):    0.000ns

    Location             Delay type                Incr(ns)  Path(ns)    Netlist Resource(s)
  -------------------------------------------------------------------    -------------------
                         (clock clk rise edge)        0.000     0.000 r  
                         input delay                  1.000     1.000    
                                                      0.000     1.000 r  command_boundary_idle (IN)
                         net (fo=2, unset)            0.000     1.000    command_boundary_idle
    SLICE_X15Y52         LUT3 (Prop_F5LUT_SLICEL_I2_O)
                                                      0.230     1.230 f  result_word_count_q[10]_i_2/O
                         net (fo=2, routed)           0.317     1.547    result_word_count_q[10]_i_2_n_0
    SLICE_X15Y52         LUT5 (Prop_E6LUT_SLICEL_I1_O)
                                                      0.152     1.699 r  result_word_count_q[10]_i_1/O
                         net (fo=336, routed)         0.790     2.489    result_word_count_q[10]_i_1_n_0
    SLICE_X18Y46         FDRE                                         r  chunk_accum_context_tag_q_reg[10]/CE
  -------------------------------------------------------------------    -------------------

                         (clock clk rise edge)        5.000     5.000 r  
                                                      0.000     5.000 r  clk (IN)
                         net (fo=398, unset)          0.031     5.031    clk
    SLICE_X18Y46         FDRE                                         r  chunk_accum_context_tag_q_reg[10]/C
                         clock pessimism              0.000     5.031    
                         clock uncertainty           -0.035     4.996    
    SLICE_X18Y46         FDRE (Setup_EFF_SLICEM_C_CE)
                                                     -0.081     4.915    chunk_accum_context_tag_q_reg[10]
  -------------------------------------------------------------------
                         required time                          4.915    
                         arrival time                          -2.489    
  -------------------------------------------------------------------
                         slack                                  2.425    

Slack (MET) :             2.425ns  (required time - arrival time)
  Source:                 command_boundary_idle
                            (input port clocked by clk  {rise@0.000ns fall@2.500ns period=5.000ns})
  Destination:            chunk_tile_tag_base_q_reg[11]/CE
                            (rising edge-triggered cell FDRE clocked by clk  {rise@0.000ns fall@2.500ns period=5.000ns})
  Path Group:             clk
  Path Type:              Setup (Max at Slow Process Corner)
  Requirement:            5.000ns  (clk rise@5.000ns - clk rise@0.000ns)
  Data Path Delay:        1.489ns  (logic 0.382ns (25.649%)  route 1.107ns (74.351%))
  Logic Levels:           2  (LUT3=1 LUT5=1)
  Input Delay:            1.000ns
  Clock Path Skew:        0.031ns (DCD - SCD + CPR)
    Destination Clock Delay (DCD):    0.031ns = ( 5.031 - 5.000 ) 
    Source Clock Delay      (SCD):    0.000ns
    Clock Pessimism Removal (CPR):    0.000ns
  Clock Uncertainty:      0.035ns  ((TSJ^2 + TIJ^2)^1/2 + DJ) / 2 + PE
    Total System Jitter     (TSJ):    0.071ns
    Total Input Jitter      (TIJ):    0.000ns
    Discrete Jitter          (DJ):    0.000ns
    Phase Error              (PE):    0.000ns

    Location             Delay type                Incr(ns)  Path(ns)    Netlist Resource(s)
  -------------------------------------------------------------------    -------------------
                         (clock clk rise edge)        0.000     0.000 r  
                         input delay                  1.000     1.000    
                                                      0.000     1.000 r  command_boundary_idle (IN)
                         net (fo=2, unset)            0.000     1.000    command_boundary_idle
    SLICE_X15Y52         LUT3 (Prop_F5LUT_SLICEL_I2_O)
                                                      0.230     1.230 f  result_word_count_q[10]_i_2/O
                         net (fo=2, routed)           0.317     1.547    result_word_count_q[10]_i_2_n_0
    SLICE_X15Y52         LUT5 (Prop_E6LUT_SLICEL_I1_O)
                                                      0.152     1.699 r  result_word_count_q[10]_i_1/O
                         net (fo=336, routed)         0.790     2.489    result_word_count_q[10]_i_1_n_0
    SLICE_X18Y46         FDRE                                         r  chunk_tile_tag_base_q_reg[11]/CE
  -------------------------------------------------------------------    -------------------

                         (clock clk rise edge)        5.000     5.000 r  
                                                      0.000     5.000 r  clk (IN)
                         net (fo=398, unset)          0.031     5.031    clk
    SLICE_X18Y46         FDRE                                         r  chunk_tile_tag_base_q_reg[11]/C
                         clock pessimism              0.000     5.031    
                         clock uncertainty           -0.035     4.996    
    SLICE_X18Y46         FDRE (Setup_FFF_SLICEM_C_CE)
                                                     -0.081     4.915    chunk_tile_tag_base_q_reg[11]
  -------------------------------------------------------------------
                         required time                          4.915    
                         arrival time                          -2.489    
  -------------------------------------------------------------------
                         slack                                  2.425    

Slack (MET) :             2.425ns  (required time - arrival time)
  Source:                 command_boundary_idle
                            (input port clocked by clk  {rise@0.000ns fall@2.500ns period=5.000ns})
  Destination:            result_first_tile_tag_q_reg[10]/CE
                            (rising edge-triggered cell FDRE clocked by clk  {rise@0.000ns fall@2.500ns period=5.000ns})
  Path Group:             clk
  Path Type:              Setup (Max at Slow Process Corner)
  Requirement:            5.000ns  (clk rise@5.000ns - clk rise@0.000ns)
  Data Path Delay:        1.489ns  (logic 0.382ns (25.649%)  route 1.107ns (74.351%))
  Logic Levels:           2  (LUT3=1 LUT5=1)
  Input Delay:            1.000ns
  Clock Path Skew:        0.031ns (DCD - SCD + CPR)
    Destination Clock Delay (DCD):    0.031ns = ( 5.031 - 5.000 ) 
    Source Clock Delay      (SCD):    0.000ns
    Clock Pessimism Removal (CPR):    0.000ns
  Clock Uncertainty:      0.035ns  ((TSJ^2 + TIJ^2)^1/2 + DJ) / 2 + PE
    Total System Jitter     (TSJ):    0.071ns
    Total Input Jitter      (TIJ):    0.000ns
    Discrete Jitter          (DJ):    0.000ns
    Phase Error              (PE):    0.000ns

    Location             Delay type                Incr(ns)  Path(ns)    Netlist Resource(s)
  -------------------------------------------------------------------    -------------------
                         (clock clk rise edge)        0.000     0.000 r  
                         input delay                  1.000     1.000    
                                                      0.000     1.000 r  command_boundary_idle (IN)
                         net (fo=2, unset)            0.000     1.000    command_boundary_idle
    SLICE_X15Y52         LUT3 (Prop_F5LUT_SLICEL_I2_O)
                                                      0.230     1.230 f  result_word_count_q[10]_i_2/O
                         net (fo=2, routed)           0.317     1.547    result_word_count_q[10]_i_2_n_0
    SLICE_X15Y52         LUT5 (Prop_E6LUT_SLICEL_I1_O)
                                                      0.152     1.699 r  result_word_count_q[10]_i_1/O
                         net (fo=336, routed)         0.790     2.489    result_word_count_q[10]_i_1_n_0
    SLICE_X18Y46         FDRE                                         r  result_first_tile_tag_q_reg[10]/CE
  -------------------------------------------------------------------    -------------------

                         (clock clk rise edge)        5.000     5.000 r  
                                                      0.000     5.000 r  clk (IN)
                         net (fo=398, unset)          0.031     5.031    clk
    SLICE_X18Y46         FDRE                                         r  result_first_tile_tag_q_reg[10]/C
                         clock pessimism              0.000     5.031    
                         clock uncertainty           -0.035     4.996    
    SLICE_X18Y46         FDRE (Setup_GFF_SLICEM_C_CE)
                                                     -0.081     4.915    result_first_tile_tag_q_reg[10]
  -------------------------------------------------------------------
                         required time                          4.915    
                         arrival time                          -2.489    
  -------------------------------------------------------------------
                         slack                                  2.425    

Slack (MET) :             2.425ns  (required time - arrival time)
  Source:                 command_boundary_idle
                            (input port clocked by clk  {rise@0.000ns fall@2.500ns period=5.000ns})
  Destination:            result_first_tile_tag_q_reg[9]/CE
                            (rising edge-triggered cell FDRE clocked by clk  {rise@0.000ns fall@2.500ns period=5.000ns})
  Path Group:             clk
  Path Type:              Setup (Max at Slow Process Corner)
  Requirement:            5.000ns  (clk rise@5.000ns - clk rise@0.000ns)
  Data Path Delay:        1.489ns  (logic 0.382ns (25.649%)  route 1.107ns (74.351%))
  Logic Levels:           2  (LUT3=1 LUT5=1)
  Input Delay:            1.000ns
  Clock Path Skew:        0.031ns (DCD - SCD + CPR)
    Destination Clock Delay (DCD):    0.031ns = ( 5.031 - 5.000 ) 
    Source Clock Delay      (SCD):    0.000ns
    Clock Pessimism Removal (CPR):    0.000ns
  Clock Uncertainty:      0.035ns  ((TSJ^2 + TIJ^2)^1/2 + DJ) / 2 + PE
    Total System Jitter     (TSJ):    0.071ns
    Total Input Jitter      (TIJ):    0.000ns
    Discrete Jitter          (DJ):    0.000ns
    Phase Error              (PE):    0.000ns

    Location             Delay type                Incr(ns)  Path(ns)    Netlist Resource(s)
  -------------------------------------------------------------------    -------------------
                         (clock clk rise edge)        0.000     0.000 r  
                         input delay                  1.000     1.000    
                                                      0.000     1.000 r  command_boundary_idle (IN)
                         net (fo=2, unset)            0.000     1.000    command_boundary_idle
    SLICE_X15Y52         LUT3 (Prop_F5LUT_SLICEL_I2_O)
                                                      0.230     1.230 f  result_word_count_q[10]_i_2/O
                         net (fo=2, routed)           0.317     1.547    result_word_count_q[10]_i_2_n_0
    SLICE_X15Y52         LUT5 (Prop_E6LUT_SLICEL_I1_O)
                                                      0.152     1.699 r  result_word_count_q[10]_i_1/O
                         net (fo=336, routed)         0.790     2.489    result_word_count_q[10]_i_1_n_0
    SLICE_X18Y46         FDRE                                         r  result_first_tile_tag_q_reg[9]/CE
  -------------------------------------------------------------------    -------------------

                         (clock clk rise edge)        5.000     5.000 r  
                                                      0.000     5.000 r  clk (IN)
                         net (fo=398, unset)          0.031     5.031    clk
    SLICE_X18Y46         FDRE                                         r  result_first_tile_tag_q_reg[9]/C
                         clock pessimism              0.000     5.031    
                         clock uncertainty           -0.035     4.996    
    SLICE_X18Y46         FDRE (Setup_HFF_SLICEM_C_CE)
                                                     -0.081     4.915    result_first_tile_tag_q_reg[9]
  -------------------------------------------------------------------
                         required time                          4.915    
                         arrival time                          -2.489    
  -------------------------------------------------------------------
                         slack                                  2.425    

Slack (MET) :             2.428ns  (required time - arrival time)
  Source:                 command_boundary_idle
                            (input port clocked by clk  {rise@0.000ns fall@2.500ns period=5.000ns})
  Destination:            chunk_accum_context_tag_q_reg[13]/CE
                            (rising edge-triggered cell FDRE clocked by clk  {rise@0.000ns fall@2.500ns period=5.000ns})
  Path Group:             clk
  Path Type:              Setup (Max at Slow Process Corner)
  Requirement:            5.000ns  (clk rise@5.000ns - clk rise@0.000ns)
  Data Path Delay:        1.486ns  (logic 0.382ns (25.701%)  route 1.104ns (74.299%))
  Logic Levels:           2  (LUT3=1 LUT5=1)
  Input Delay:            1.000ns
  Clock Path Skew:        0.030ns (DCD - SCD + CPR)
    Destination Clock Delay (DCD):    0.030ns = ( 5.030 - 5.000 ) 
    Source Clock Delay      (SCD):    0.000ns
    Clock Pessimism Removal (CPR):    0.000ns
  Clock Uncertainty:      0.035ns  ((TSJ^2 + TIJ^2)^1/2 + DJ) / 2 + PE
    Total System Jitter     (TSJ):    0.071ns
    Total Input Jitter      (TIJ):    0.000ns
    Discrete Jitter          (DJ):    0.000ns
    Phase Error              (PE):    0.000ns

    Location             Delay type                Incr(ns)  Path(ns)    Netlist Resource(s)
  -------------------------------------------------------------------    -------------------
                         (clock clk rise edge)        0.000     0.000 r  
                         input delay                  1.000     1.000    
                                                      0.000     1.000 r  command_boundary_idle (IN)
                         net (fo=2, unset)            0.000     1.000    command_boundary_idle
    SLICE_X15Y52         LUT3 (Prop_F5LUT_SLICEL_I2_O)
                                                      0.230     1.230 f  result_word_count_q[10]_i_2/O
                         net (fo=2, routed)           0.317     1.547    result_word_count_q[10]_i_2_n_0
    SLICE_X15Y52         LUT5 (Prop_E6LUT_SLICEL_I1_O)
                                                      0.152     1.699 r  result_word_count_q[10]_i_1/O
                         net (fo=336, routed)         0.787     2.486    result_word_count_q[10]_i_1_n_0
    SLICE_X18Y46         FDRE                                         r  chunk_accum_context_tag_q_reg[13]/CE
  -------------------------------------------------------------------    -------------------

                         (clock clk rise edge)        5.000     5.000 r  
                                                      0.000     5.000 r  clk (IN)
                         net (fo=398, unset)          0.030     5.030    clk
    SLICE_X18Y46         FDRE                                         r  chunk_accum_context_tag_q_reg[13]/C
                         clock pessimism              0.000     5.030    
                         clock uncertainty           -0.035     4.995    
    SLICE_X18Y46         FDRE (Setup_AFF_SLICEM_C_CE)
                                                     -0.080     4.915    chunk_accum_context_tag_q_reg[13]
  -------------------------------------------------------------------
                         required time                          4.915    
                         arrival time                          -2.486    
  -------------------------------------------------------------------
                         slack                                  2.428    

Slack (MET) :             2.428ns  (required time - arrival time)
  Source:                 command_boundary_idle
                            (input port clocked by clk  {rise@0.000ns fall@2.500ns period=5.000ns})
  Destination:            chunk_tile_tag_base_q_reg[3]/CE
                            (rising edge-triggered cell FDRE clocked by clk  {rise@0.000ns fall@2.500ns period=5.000ns})
  Path Group:             clk
  Path Type:              Setup (Max at Slow Process Corner)
  Requirement:            5.000ns  (clk rise@5.000ns - clk rise@0.000ns)
  Data Path Delay:        1.486ns  (logic 0.382ns (25.701%)  route 1.104ns (74.299%))
  Logic Levels:           2  (LUT3=1 LUT5=1)
  Input Delay:            1.000ns
  Clock Path Skew:        0.030ns (DCD - SCD + CPR)
    Destination Clock Delay (DCD):    0.030ns = ( 5.030 - 5.000 ) 
    Source Clock Delay      (SCD):    0.000ns
    Clock Pessimism Removal (CPR):    0.000ns
  Clock Uncertainty:      0.035ns  ((TSJ^2 + TIJ^2)^1/2 + DJ) / 2 + PE
    Total System Jitter     (TSJ):    0.071ns
    Total Input Jitter      (TIJ):    0.000ns
    Discrete Jitter          (DJ):    0.000ns
    Phase Error              (PE):    0.000ns

    Location             Delay type                Incr(ns)  Path(ns)    Netlist Resource(s)
  -------------------------------------------------------------------    -------------------
                         (clock clk rise edge)        0.000     0.000 r  
                         input delay                  1.000     1.000    
                                                      0.000     1.000 r  command_boundary_idle (IN)
                         net (fo=2, unset)            0.000     1.000    command_boundary_idle
    SLICE_X15Y52         LUT3 (Prop_F5LUT_SLICEL_I2_O)
                                                      0.230     1.230 f  result_word_count_q[10]_i_2/O
                         net (fo=2, routed)           0.317     1.547    result_word_count_q[10]_i_2_n_0
    SLICE_X15Y52         LUT5 (Prop_E6LUT_SLICEL_I1_O)
                                                      0.152     1.699 r  result_word_count_q[10]_i_1/O
                         net (fo=336, routed)         0.787     2.486    result_word_count_q[10]_i_1_n_0
    SLICE_X18Y46         FDRE                                         r  chunk_tile_tag_base_q_reg[3]/CE
  -------------------------------------------------------------------    -------------------

                         (clock clk rise edge)        5.000     5.000 r  
                                                      0.000     5.000 r  clk (IN)
                         net (fo=398, unset)          0.030     5.030    clk
    SLICE_X18Y46         FDRE                                         r  chunk_tile_tag_base_q_reg[3]/C
                         clock pessimism              0.000     5.030    
                         clock uncertainty           -0.035     4.995    
    SLICE_X18Y46         FDRE (Setup_BFF_SLICEM_C_CE)
                                                     -0.080     4.915    chunk_tile_tag_base_q_reg[3]
  -------------------------------------------------------------------
                         required time                          4.915    
                         arrival time                          -2.486    
  -------------------------------------------------------------------
                         slack                                  2.428    

Slack (MET) :             2.428ns  (required time - arrival time)
  Source:                 command_boundary_idle
                            (input port clocked by clk  {rise@0.000ns fall@2.500ns period=5.000ns})
  Destination:            chunk_tile_tag_base_q_reg[5]/CE
                            (rising edge-triggered cell FDRE clocked by clk  {rise@0.000ns fall@2.500ns period=5.000ns})
  Path Group:             clk
  Path Type:              Setup (Max at Slow Process Corner)
  Requirement:            5.000ns  (clk rise@5.000ns - clk rise@0.000ns)
  Data Path Delay:        1.486ns  (logic 0.382ns (25.701%)  route 1.104ns (74.299%))
  Logic Levels:           2  (LUT3=1 LUT5=1)
  Input Delay:            1.000ns
  Clock Path Skew:        0.030ns (DCD - SCD + CPR)
    Destination Clock Delay (DCD):    0.030ns = ( 5.030 - 5.000 ) 
    Source Clock Delay      (SCD):    0.000ns
    Clock Pessimism Removal (CPR):    0.000ns
  Clock Uncertainty:      0.035ns  ((TSJ^2 + TIJ^2)^1/2 + DJ) / 2 + PE
    Total System Jitter     (TSJ):    0.071ns
    Total Input Jitter      (TIJ):    0.000ns
    Discrete Jitter          (DJ):    0.000ns
    Phase Error              (PE):    0.000ns

    Location             Delay type                Incr(ns)  Path(ns)    Netlist Resource(s)
  -------------------------------------------------------------------    -------------------
                         (clock clk rise edge)        0.000     0.000 r  
                         input delay                  1.000     1.000    
                                                      0.000     1.000 r  command_boundary_idle (IN)
                         net (fo=2, unset)            0.000     1.000    command_boundary_idle
    SLICE_X15Y52         LUT3 (Prop_F5LUT_SLICEL_I2_O)
                                                      0.230     1.230 f  result_word_count_q[10]_i_2/O
                         net (fo=2, routed)           0.317     1.547    result_word_count_q[10]_i_2_n_0
    SLICE_X15Y52         LUT5 (Prop_E6LUT_SLICEL_I1_O)
                                                      0.152     1.699 r  result_word_count_q[10]_i_1/O
                         net (fo=336, routed)         0.787     2.486    result_word_count_q[10]_i_1_n_0
    SLICE_X18Y46         FDRE                                         r  chunk_tile_tag_base_q_reg[5]/CE
  -------------------------------------------------------------------    -------------------

                         (clock clk rise edge)        5.000     5.000 r  
                                                      0.000     5.000 r  clk (IN)
                         net (fo=398, unset)          0.030     5.030    clk
    SLICE_X18Y46         FDRE                                         r  chunk_tile_tag_base_q_reg[5]/C
                         clock pessimism              0.000     5.030    
                         clock uncertainty           -0.035     4.995    
    SLICE_X18Y46         FDRE (Setup_CFF_SLICEM_C_CE)
                                                     -0.080     4.915    chunk_tile_tag_base_q_reg[5]
  -------------------------------------------------------------------
                         required time                          4.915    
                         arrival time                          -2.486    
  -------------------------------------------------------------------
                         slack                                  2.428    

Slack (MET) :             2.428ns  (required time - arrival time)
  Source:                 command_boundary_idle
                            (input port clocked by clk  {rise@0.000ns fall@2.500ns period=5.000ns})
  Destination:            result_first_tile_tag_q_reg[4]/CE
                            (rising edge-triggered cell FDRE clocked by clk  {rise@0.000ns fall@2.500ns period=5.000ns})
  Path Group:             clk
  Path Type:              Setup (Max at Slow Process Corner)
  Requirement:            5.000ns  (clk rise@5.000ns - clk rise@0.000ns)
  Data Path Delay:        1.486ns  (logic 0.382ns (25.701%)  route 1.104ns (74.299%))
  Logic Levels:           2  (LUT3=1 LUT5=1)
  Input Delay:            1.000ns
  Clock Path Skew:        0.030ns (DCD - SCD + CPR)
    Destination Clock Delay (DCD):    0.030ns = ( 5.030 - 5.000 ) 
    Source Clock Delay      (SCD):    0.000ns
    Clock Pessimism Removal (CPR):    0.000ns
  Clock Uncertainty:      0.035ns  ((TSJ^2 + TIJ^2)^1/2 + DJ) / 2 + PE
    Total System Jitter     (TSJ):    0.071ns
    Total Input Jitter      (TIJ):    0.000ns
    Discrete Jitter          (DJ):    0.000ns
    Phase Error              (PE):    0.000ns

    Location             Delay type                Incr(ns)  Path(ns)    Netlist Resource(s)
  -------------------------------------------------------------------    -------------------
                         (clock clk rise edge)        0.000     0.000 r  
                         input delay                  1.000     1.000    
                                                      0.000     1.000 r  command_boundary_idle (IN)
                         net (fo=2, unset)            0.000     1.000    command_boundary_idle
    SLICE_X15Y52         LUT3 (Prop_F5LUT_SLICEL_I2_O)
                                                      0.230     1.230 f  result_word_count_q[10]_i_2/O
                         net (fo=2, routed)           0.317     1.547    result_word_count_q[10]_i_2_n_0
    SLICE_X15Y52         LUT5 (Prop_E6LUT_SLICEL_I1_O)
                                                      0.152     1.699 r  result_word_count_q[10]_i_1/O
                         net (fo=336, routed)         0.787     2.486    result_word_count_q[10]_i_1_n_0
    SLICE_X18Y46         FDRE                                         r  result_first_tile_tag_q_reg[4]/CE
  -------------------------------------------------------------------    -------------------

                         (clock clk rise edge)        5.000     5.000 r  
                                                      0.000     5.000 r  clk (IN)
                         net (fo=398, unset)          0.030     5.030    clk
    SLICE_X18Y46         FDRE                                         r  result_first_tile_tag_q_reg[4]/C
                         clock pessimism              0.000     5.030    
                         clock uncertainty           -0.035     4.995    
    SLICE_X18Y46         FDRE (Setup_DFF_SLICEM_C_CE)
                                                     -0.080     4.915    result_first_tile_tag_q_reg[4]
  -------------------------------------------------------------------
                         required time                          4.915    
                         arrival time                          -2.486    
  -------------------------------------------------------------------
                         slack                                  2.428    

Slack (MET) :             2.428ns  (required time - arrival time)
  Source:                 command_boundary_idle
                            (input port clocked by clk  {rise@0.000ns fall@2.500ns period=5.000ns})
  Destination:            chunk_input_h_q_reg[1]/CE
                            (rising edge-triggered cell FDRE clocked by clk  {rise@0.000ns fall@2.500ns period=5.000ns})
  Path Group:             clk
  Path Type:              Setup (Max at Slow Process Corner)
  Requirement:            5.000ns  (clk rise@5.000ns - clk rise@0.000ns)
  Data Path Delay:        1.487ns  (logic 0.382ns (25.684%)  route 1.105ns (74.316%))
  Logic Levels:           2  (LUT3=1 LUT5=1)
  Input Delay:            1.000ns
  Clock Path Skew:        0.030ns (DCD - SCD + CPR)
    Destination Clock Delay (DCD):    0.030ns = ( 5.030 - 5.000 ) 
    Source Clock Delay      (SCD):    0.000ns
    Clock Pessimism Removal (CPR):    0.000ns
  Clock Uncertainty:      0.035ns  ((TSJ^2 + TIJ^2)^1/2 + DJ) / 2 + PE
    Total System Jitter     (TSJ):    0.071ns
    Total Input Jitter      (TIJ):    0.000ns
    Discrete Jitter          (DJ):    0.000ns
    Phase Error              (PE):    0.000ns

    Location             Delay type                Incr(ns)  Path(ns)    Netlist Resource(s)
  -------------------------------------------------------------------    -------------------
                         (clock clk rise edge)        0.000     0.000 r  
                         input delay                  1.000     1.000    
                                                      0.000     1.000 r  command_boundary_idle (IN)
                         net (fo=2, unset)            0.000     1.000    command_boundary_idle
    SLICE_X15Y52         LUT3 (Prop_F5LUT_SLICEL_I2_O)
                                                      0.230     1.230 f  result_word_count_q[10]_i_2/O
                         net (fo=2, routed)           0.317     1.547    result_word_count_q[10]_i_2_n_0
    SLICE_X15Y52         LUT5 (Prop_E6LUT_SLICEL_I1_O)
                                                      0.152     1.699 r  result_word_count_q[10]_i_1/O
                         net (fo=336, routed)         0.788     2.487    result_word_count_q[10]_i_1_n_0
    SLICE_X18Y46         FDRE                                         r  chunk_input_h_q_reg[1]/CE
  -------------------------------------------------------------------    -------------------

                         (clock clk rise edge)        5.000     5.000 r  
                                                      0.000     5.000 r  clk (IN)
                         net (fo=398, unset)          0.030     5.030    clk
    SLICE_X18Y46         FDRE                                         r  chunk_input_h_q_reg[1]/C
                         clock pessimism              0.000     5.030    
                         clock uncertainty           -0.035     4.995    
    SLICE_X18Y46         FDRE (Setup_AFF2_SLICEM_C_CE)
                                                     -0.079     4.916    chunk_input_h_q_reg[1]
  -------------------------------------------------------------------
                         required time                          4.916    
                         arrival time                          -2.487    
  -------------------------------------------------------------------
                         slack                                  2.428    

Slack (MET) :             2.428ns  (required time - arrival time)
  Source:                 command_boundary_idle
                            (input port clocked by clk  {rise@0.000ns fall@2.500ns period=5.000ns})
  Destination:            chunk_tile_tag_base_q_reg[4]/CE
                            (rising edge-triggered cell FDRE clocked by clk  {rise@0.000ns fall@2.500ns period=5.000ns})
  Path Group:             clk
  Path Type:              Setup (Max at Slow Process Corner)
  Requirement:            5.000ns  (clk rise@5.000ns - clk rise@0.000ns)
  Data Path Delay:        1.487ns  (logic 0.382ns (25.684%)  route 1.105ns (74.316%))
  Logic Levels:           2  (LUT3=1 LUT5=1)
  Input Delay:            1.000ns
  Clock Path Skew:        0.030ns (DCD - SCD + CPR)
    Destination Clock Delay (DCD):    0.030ns = ( 5.030 - 5.000 ) 
    Source Clock Delay      (SCD):    0.000ns
    Clock Pessimism Removal (CPR):    0.000ns
  Clock Uncertainty:      0.035ns  ((TSJ^2 + TIJ^2)^1/2 + DJ) / 2 + PE
    Total System Jitter     (TSJ):    0.071ns
    Total Input Jitter      (TIJ):    0.000ns
    Discrete Jitter          (DJ):    0.000ns
    Phase Error              (PE):    0.000ns

    Location             Delay type                Incr(ns)  Path(ns)    Netlist Resource(s)
  -------------------------------------------------------------------    -------------------
                         (clock clk rise edge)        0.000     0.000 r  
                         input delay                  1.000     1.000    
                                                      0.000     1.000 r  command_boundary_idle (IN)
                         net (fo=2, unset)            0.000     1.000    command_boundary_idle
    SLICE_X15Y52         LUT3 (Prop_F5LUT_SLICEL_I2_O)
                                                      0.230     1.230 f  result_word_count_q[10]_i_2/O
                         net (fo=2, routed)           0.317     1.547    result_word_count_q[10]_i_2_n_0
    SLICE_X15Y52         LUT5 (Prop_E6LUT_SLICEL_I1_O)
                                                      0.152     1.699 r  result_word_count_q[10]_i_1/O
                         net (fo=336, routed)         0.788     2.487    result_word_count_q[10]_i_1_n_0
    SLICE_X18Y46         FDRE                                         r  chunk_tile_tag_base_q_reg[4]/CE
  -------------------------------------------------------------------    -------------------

                         (clock clk rise edge)        5.000     5.000 r  
                                                      0.000     5.000 r  clk (IN)
                         net (fo=398, unset)          0.030     5.030    clk
    SLICE_X18Y46         FDRE                                         r  chunk_tile_tag_base_q_reg[4]/C
                         clock pessimism              0.000     5.030    
                         clock uncertainty           -0.035     4.995    
    SLICE_X18Y46         FDRE (Setup_BFF2_SLICEM_C_CE)
                                                     -0.079     4.916    chunk_tile_tag_base_q_reg[4]
  -------------------------------------------------------------------
                         required time                          4.916    
                         arrival time                          -2.487    
  -------------------------------------------------------------------
                         slack                                  2.428    

Slack (MET) :             2.428ns  (required time - arrival time)
  Source:                 command_boundary_idle
                            (input port clocked by clk  {rise@0.000ns fall@2.500ns period=5.000ns})
  Destination:            result_first_tile_tag_q_reg[3]/CE
                            (rising edge-triggered cell FDRE clocked by clk  {rise@0.000ns fall@2.500ns period=5.000ns})
  Path Group:             clk
  Path Type:              Setup (Max at Slow Process Corner)
  Requirement:            5.000ns  (clk rise@5.000ns - clk rise@0.000ns)
  Data Path Delay:        1.487ns  (logic 0.382ns (25.684%)  route 1.105ns (74.316%))
  Logic Levels:           2  (LUT3=1 LUT5=1)
  Input Delay:            1.000ns
  Clock Path Skew:        0.030ns (DCD - SCD + CPR)
    Destination Clock Delay (DCD):    0.030ns = ( 5.030 - 5.000 ) 
    Source Clock Delay      (SCD):    0.000ns
    Clock Pessimism Removal (CPR):    0.000ns
  Clock Uncertainty:      0.035ns  ((TSJ^2 + TIJ^2)^1/2 + DJ) / 2 + PE
    Total System Jitter     (TSJ):    0.071ns
    Total Input Jitter      (TIJ):    0.000ns
    Discrete Jitter          (DJ):    0.000ns
    Phase Error              (PE):    0.000ns

    Location             Delay type                Incr(ns)  Path(ns)    Netlist Resource(s)
  -------------------------------------------------------------------    -------------------
                         (clock clk rise edge)        0.000     0.000 r  
                         input delay                  1.000     1.000    
                                                      0.000     1.000 r  command_boundary_idle (IN)
                         net (fo=2, unset)            0.000     1.000    command_boundary_idle
    SLICE_X15Y52         LUT3 (Prop_F5LUT_SLICEL_I2_O)
                                                      0.230     1.230 f  result_word_count_q[10]_i_2/O
                         net (fo=2, routed)           0.317     1.547    result_word_count_q[10]_i_2_n_0
    SLICE_X15Y52         LUT5 (Prop_E6LUT_SLICEL_I1_O)
                                                      0.152     1.699 r  result_word_count_q[10]_i_1/O
                         net (fo=336, routed)         0.788     2.487    result_word_count_q[10]_i_1_n_0
    SLICE_X18Y46         FDRE                                         r  result_first_tile_tag_q_reg[3]/CE
  -------------------------------------------------------------------    -------------------

                         (clock clk rise edge)        5.000     5.000 r  
                                                      0.000     5.000 r  clk (IN)
                         net (fo=398, unset)          0.030     5.030    clk
    SLICE_X18Y46         FDRE                                         r  result_first_tile_tag_q_reg[3]/C
                         clock pessimism              0.000     5.030    
                         clock uncertainty           -0.035     4.995    
    SLICE_X18Y46         FDRE (Setup_CFF2_SLICEM_C_CE)
                                                     -0.079     4.916    result_first_tile_tag_q_reg[3]
  -------------------------------------------------------------------
                         required time                          4.916    
                         arrival time                          -2.487    
  -------------------------------------------------------------------
                         slack                                  2.428    





Min Delay Paths
--------------------------------------------------------------------------------------
Slack (MET) :             0.099ns  (arrival time - required time)
  Source:                 scheduler_fault_q_reg/C
                            (rising edge-triggered cell FDRE clocked by clk  {rise@0.000ns fall@2.500ns period=5.000ns})
  Destination:            scheduler_fault_q_reg/D
                            (rising edge-triggered cell FDRE clocked by clk  {rise@0.000ns fall@2.500ns period=5.000ns})
  Path Group:             clk
  Path Type:              Hold (Min at Fast Process Corner)
  Requirement:            0.000ns  (clk rise@0.000ns - clk rise@0.000ns)
  Data Path Delay:        0.148ns  (logic 0.105ns (70.946%)  route 0.043ns (29.054%))
  Logic Levels:           1  (LUT6=1)
  Clock Path Skew:        0.005ns (DCD - SCD - CPR)
    Destination Clock Delay (DCD):    0.019ns
    Source Clock Delay      (SCD):    0.014ns
    Clock Pessimism Removal (CPR):    -0.000ns

    Location             Delay type                Incr(ns)  Path(ns)    Netlist Resource(s)
  -------------------------------------------------------------------    -------------------
                         (clock clk rise edge)        0.000     0.000 r  
                                                      0.000     0.000 r  clk (IN)
                         net (fo=398, unset)          0.014     0.014    clk
    SLICE_X14Y52         FDRE                                         r  scheduler_fault_q_reg/C
  -------------------------------------------------------------------    -------------------
    SLICE_X14Y52         FDRE (Prop_CFF_SLICEL_C_Q)
                                                      0.084     0.098 r  scheduler_fault_q_reg/Q
                         net (fo=1, routed)           0.024     0.122    scheduler_fault
    SLICE_X14Y52         LUT6 (Prop_C6LUT_SLICEL_I5_O)
                                                      0.021     0.143 r  scheduler_fault_q_i_1/O
                         net (fo=1, routed)           0.019     0.162    scheduler_fault_q_i_1_n_0
    SLICE_X14Y52         FDRE                                         r  scheduler_fault_q_reg/D
  -------------------------------------------------------------------    -------------------

                         (clock clk rise edge)        0.000     0.000 r  
                                                      0.000     0.000 r  clk (IN)
                         net (fo=398, unset)          0.019     0.019    clk
    SLICE_X14Y52         FDRE                                         r  scheduler_fault_q_reg/C
                         clock pessimism              0.000     0.019    
    SLICE_X14Y52         FDRE (Hold_CFF_SLICEL_C_D)
                                                      0.044     0.063    scheduler_fault_q_reg
  -------------------------------------------------------------------
                         required time                         -0.063    
                         arrival time                           0.162    
  -------------------------------------------------------------------
                         slack                                  0.099    

Slack (MET) :             0.104ns  (arrival time - required time)
  Source:                 result_done_seen_q_reg/C
                            (rising edge-triggered cell FDRE clocked by clk  {rise@0.000ns fall@2.500ns period=5.000ns})
  Destination:            result_done_seen_q_reg/D
                            (rising edge-triggered cell FDRE clocked by clk  {rise@0.000ns fall@2.500ns period=5.000ns})
  Path Group:             clk
  Path Type:              Hold (Min at Fast Process Corner)
  Requirement:            0.000ns  (clk rise@0.000ns - clk rise@0.000ns)
  Data Path Delay:        0.154ns  (logic 0.105ns (68.062%)  route 0.049ns (31.938%))
  Logic Levels:           1  (LUT3=1)
  Clock Path Skew:        0.006ns (DCD - SCD - CPR)
    Destination Clock Delay (DCD):    0.020ns
    Source Clock Delay      (SCD):    0.014ns
    Clock Pessimism Removal (CPR):    -0.000ns

    Location             Delay type                Incr(ns)  Path(ns)    Netlist Resource(s)
  -------------------------------------------------------------------    -------------------
                         (clock clk rise edge)        0.000     0.000 r  
                                                      0.000     0.000 r  clk (IN)
                         net (fo=398, unset)          0.014     0.014    clk
    SLICE_X14Y49         FDRE                                         r  result_done_seen_q_reg/C
  -------------------------------------------------------------------    -------------------
    SLICE_X14Y49         FDRE (Prop_HFF_SLICEL_C_Q)
                                                      0.084     0.098 r  result_done_seen_q_reg/Q
                         net (fo=5, routed)           0.030     0.128    result_done_seen_q
    SLICE_X14Y49         LUT3 (Prop_H6LUT_SLICEL_I2_O)
                                                      0.021     0.149 r  result_done_seen_q_i_1/O
                         net (fo=1, routed)           0.019     0.168    result_done_seen_q_i_1_n_0
    SLICE_X14Y49         FDRE                                         r  result_done_seen_q_reg/D
  -------------------------------------------------------------------    -------------------

                         (clock clk rise edge)        0.000     0.000 r  
                                                      0.000     0.000 r  clk (IN)
                         net (fo=398, unset)          0.020     0.020    clk
    SLICE_X14Y49         FDRE                                         r  result_done_seen_q_reg/C
                         clock pessimism              0.000     0.020    
    SLICE_X14Y49         FDRE (Hold_HFF_SLICEL_C_D)
                                                      0.044     0.064    result_done_seen_q_reg
  -------------------------------------------------------------------
                         required time                         -0.064    
                         arrival time                           0.168    
  -------------------------------------------------------------------
                         slack                                  0.104    

Slack (MET) :             0.107ns  (arrival time - required time)
  Source:                 command_error_reg/C
                            (rising edge-triggered cell FDRE clocked by clk  {rise@0.000ns fall@2.500ns period=5.000ns})
  Destination:            command_error_reg/D
                            (rising edge-triggered cell FDRE clocked by clk  {rise@0.000ns fall@2.500ns period=5.000ns})
  Path Group:             clk
  Path Type:              Hold (Min at Fast Process Corner)
  Requirement:            0.000ns  (clk rise@0.000ns - clk rise@0.000ns)
  Data Path Delay:        0.158ns  (logic 0.104ns (65.823%)  route 0.054ns (34.177%))
  Logic Levels:           1  (LUT6=1)
  Clock Path Skew:        0.007ns (DCD - SCD - CPR)
    Destination Clock Delay (DCD):    0.021ns
    Source Clock Delay      (SCD):    0.014ns
    Clock Pessimism Removal (CPR):    -0.000ns

    Location             Delay type                Incr(ns)  Path(ns)    Netlist Resource(s)
  -------------------------------------------------------------------    -------------------
                         (clock clk rise edge)        0.000     0.000 r  
                                                      0.000     0.000 r  clk (IN)
                         net (fo=398, unset)          0.014     0.014    clk
    SLICE_X13Y52         FDRE                                         r  command_error_reg/C
  -------------------------------------------------------------------    -------------------
    SLICE_X13Y52         FDRE (Prop_DFF_SLICEM_C_Q)
                                                      0.083     0.097 r  command_error_reg/Q
                         net (fo=1, routed)           0.025     0.122    command_error
    SLICE_X13Y52         LUT6 (Prop_D6LUT_SLICEM_I5_O)
                                                      0.021     0.143 r  command_error_i_1/O
                         net (fo=1, routed)           0.029     0.172    command_error_i_1_n_0
    SLICE_X13Y52         FDRE                                         r  command_error_reg/D
  -------------------------------------------------------------------    -------------------

                         (clock clk rise edge)        0.000     0.000 r  
                                                      0.000     0.000 r  clk (IN)
                         net (fo=398, unset)          0.021     0.021    clk
    SLICE_X13Y52         FDRE                                         r  command_error_reg/C
                         clock pessimism              0.000     0.021    
    SLICE_X13Y52         FDRE (Hold_DFF_SLICEM_C_D)
                                                      0.044     0.065    command_error_reg
  -------------------------------------------------------------------
                         required time                         -0.065    
                         arrival time                           0.172    
  -------------------------------------------------------------------
                         slack                                  0.107    

Slack (MET) :             0.108ns  (arrival time - required time)
  Source:                 command_id_q_reg[14]/C
                            (rising edge-triggered cell FDRE clocked by clk  {rise@0.000ns fall@2.500ns period=5.000ns})
  Destination:            completed_command_id_reg[14]/D
                            (rising edge-triggered cell FDRE clocked by clk  {rise@0.000ns fall@2.500ns period=5.000ns})
  Path Group:             clk
  Path Type:              Hold (Min at Fast Process Corner)
  Requirement:            0.000ns  (clk rise@0.000ns - clk rise@0.000ns)
  Data Path Delay:        0.157ns  (logic 0.085ns (54.140%)  route 0.072ns (45.860%))
  Logic Levels:           0  
  Clock Path Skew:        0.005ns (DCD - SCD - CPR)
    Destination Clock Delay (DCD):    0.019ns
    Source Clock Delay      (SCD):    0.014ns
    Clock Pessimism Removal (CPR):    -0.000ns

    Location             Delay type                Incr(ns)  Path(ns)    Netlist Resource(s)
  -------------------------------------------------------------------    -------------------
                         (clock clk rise edge)        0.000     0.000 r  
                                                      0.000     0.000 r  clk (IN)
                         net (fo=398, unset)          0.014     0.014    clk
    SLICE_X16Y53         FDRE                                         r  command_id_q_reg[14]/C
  -------------------------------------------------------------------    -------------------
    SLICE_X16Y53         FDRE (Prop_CFF2_SLICEL_C_Q)
                                                      0.085     0.099 r  command_id_q_reg[14]/Q
                         net (fo=1, routed)           0.072     0.171    active_command_id[14]
    SLICE_X16Y53         FDRE                                         r  completed_command_id_reg[14]/D
  -------------------------------------------------------------------    -------------------

                         (clock clk rise edge)        0.000     0.000 r  
                                                      0.000     0.000 r  clk (IN)
                         net (fo=398, unset)          0.019     0.019    clk
    SLICE_X16Y53         FDRE                                         r  completed_command_id_reg[14]/C
                         clock pessimism              0.000     0.019    
    SLICE_X16Y53         FDRE (Hold_CFF_SLICEL_C_D)
                                                      0.044     0.063    completed_command_id_reg[14]
  -------------------------------------------------------------------
                         required time                         -0.063    
                         arrival time                           0.171    
  -------------------------------------------------------------------
                         slack                                  0.108    

Slack (MET) :             0.114ns  (arrival time - required time)
  Source:                 command_id_q_reg[3]/C
                            (rising edge-triggered cell FDRE clocked by clk  {rise@0.000ns fall@2.500ns period=5.000ns})
  Destination:            completed_command_id_reg[3]/D
                            (rising edge-triggered cell FDRE clocked by clk  {rise@0.000ns fall@2.500ns period=5.000ns})
  Path Group:             clk
  Path Type:              Hold (Min at Fast Process Corner)
  Requirement:            0.000ns  (clk rise@0.000ns - clk rise@0.000ns)
  Data Path Delay:        0.165ns  (logic 0.083ns (50.303%)  route 0.082ns (49.697%))
  Logic Levels:           0  
  Clock Path Skew:        0.007ns (DCD - SCD - CPR)
    Destination Clock Delay (DCD):    0.021ns
    Source Clock Delay      (SCD):    0.014ns
    Clock Pessimism Removal (CPR):    -0.000ns

    Location             Delay type                Incr(ns)  Path(ns)    Netlist Resource(s)
  -------------------------------------------------------------------    -------------------
                         (clock clk rise edge)        0.000     0.000 r  
                                                      0.000     0.000 r  clk (IN)
                         net (fo=398, unset)          0.014     0.014    clk
    SLICE_X17Y52         FDRE                                         r  command_id_q_reg[3]/C
  -------------------------------------------------------------------    -------------------
    SLICE_X17Y52         FDRE (Prop_CFF2_SLICEM_C_Q)
                                                      0.083     0.097 r  command_id_q_reg[3]/Q
                         net (fo=1, routed)           0.082     0.179    active_command_id[3]
    SLICE_X17Y52         FDRE                                         r  completed_command_id_reg[3]/D
  -------------------------------------------------------------------    -------------------

                         (clock clk rise edge)        0.000     0.000 r  
                                                      0.000     0.000 r  clk (IN)
                         net (fo=398, unset)          0.021     0.021    clk
    SLICE_X17Y52         FDRE                                         r  completed_command_id_reg[3]/C
                         clock pessimism              0.000     0.021    
    SLICE_X17Y52         FDRE (Hold_CFF_SLICEM_C_D)
                                                      0.044     0.065    completed_command_id_reg[3]
  -------------------------------------------------------------------
                         required time                         -0.065    
                         arrival time                           0.179    
  -------------------------------------------------------------------
                         slack                                  0.114    

Slack (MET) :             0.114ns  (arrival time - required time)
  Source:                 accepted_commands_reg[12]/C
                            (rising edge-triggered cell FDRE clocked by clk  {rise@0.000ns fall@2.500ns period=5.000ns})
  Destination:            accepted_commands_reg[12]/D
                            (rising edge-triggered cell FDRE clocked by clk  {rise@0.000ns fall@2.500ns period=5.000ns})
  Path Group:             clk
  Path Type:              Hold (Min at Fast Process Corner)
  Requirement:            0.000ns  (clk rise@0.000ns - clk rise@0.000ns)
  Data Path Delay:        0.163ns  (logic 0.103ns (63.190%)  route 0.060ns (36.810%))
  Logic Levels:           1  (CARRY8=1)
  Clock Path Skew:        0.005ns (DCD - SCD - CPR)
    Destination Clock Delay (DCD):    0.019ns
    Source Clock Delay      (SCD):    0.014ns
    Clock Pessimism Removal (CPR):    -0.000ns

    Location             Delay type                Incr(ns)  Path(ns)    Netlist Resource(s)
  -------------------------------------------------------------------    -------------------
                         (clock clk rise edge)        0.000     0.000 r  
                                                      0.000     0.000 r  clk (IN)
                         net (fo=398, unset)          0.014     0.014    clk
    SLICE_X15Y46         FDRE                                         r  accepted_commands_reg[12]/C
  -------------------------------------------------------------------    -------------------
    SLICE_X15Y46         FDRE (Prop_DFF_SLICEL_C_Q)
                                                      0.084     0.098 r  accepted_commands_reg[12]/Q
                         net (fo=1, routed)           0.052     0.150    accepted_commands[12]
    SLICE_X15Y46         CARRY8 (Prop_CARRY8_SLICEL_S[3]_O[3])
                                                      0.019     0.169 r  accepted_commands_reg[15]_i_1/O[3]
                         net (fo=1, routed)           0.008     0.177    p_0_in[12]
    SLICE_X15Y46         FDRE                                         r  accepted_commands_reg[12]/D
  -------------------------------------------------------------------    -------------------

                         (clock clk rise edge)        0.000     0.000 r  
                                                      0.000     0.000 r  clk (IN)
                         net (fo=398, unset)          0.019     0.019    clk
    SLICE_X15Y46         FDRE                                         r  accepted_commands_reg[12]/C
                         clock pessimism              0.000     0.019    
    SLICE_X15Y46         FDRE (Hold_DFF_SLICEL_C_D)
                                                      0.044     0.063    accepted_commands_reg[12]
  -------------------------------------------------------------------
                         required time                         -0.063    
                         arrival time                           0.177    
  -------------------------------------------------------------------
                         slack                                  0.114    

Slack (MET) :             0.114ns  (arrival time - required time)
  Source:                 accepted_commands_reg[4]/C
                            (rising edge-triggered cell FDRE clocked by clk  {rise@0.000ns fall@2.500ns period=5.000ns})
  Destination:            accepted_commands_reg[4]/D
                            (rising edge-triggered cell FDRE clocked by clk  {rise@0.000ns fall@2.500ns period=5.000ns})
  Path Group:             clk
  Path Type:              Hold (Min at Fast Process Corner)
  Requirement:            0.000ns  (clk rise@0.000ns - clk rise@0.000ns)
  Data Path Delay:        0.163ns  (logic 0.103ns (63.190%)  route 0.060ns (36.810%))
  Logic Levels:           1  (CARRY8=1)
  Clock Path Skew:        0.005ns (DCD - SCD - CPR)
    Destination Clock Delay (DCD):    0.019ns
    Source Clock Delay      (SCD):    0.014ns
    Clock Pessimism Removal (CPR):    -0.000ns

    Location             Delay type                Incr(ns)  Path(ns)    Netlist Resource(s)
  -------------------------------------------------------------------    -------------------
                         (clock clk rise edge)        0.000     0.000 r  
                                                      0.000     0.000 r  clk (IN)
                         net (fo=398, unset)          0.014     0.014    clk
    SLICE_X15Y45         FDRE                                         r  accepted_commands_reg[4]/C
  -------------------------------------------------------------------    -------------------
    SLICE_X15Y45         FDRE (Prop_DFF_SLICEL_C_Q)
                                                      0.084     0.098 r  accepted_commands_reg[4]/Q
                         net (fo=1, routed)           0.052     0.150    accepted_commands[4]
    SLICE_X15Y45         CARRY8 (Prop_CARRY8_SLICEL_S[3]_O[3])
                                                      0.019     0.169 r  accepted_commands_reg[8]_i_1/O[3]
                         net (fo=1, routed)           0.008     0.177    p_0_in[4]
    SLICE_X15Y45         FDRE                                         r  accepted_commands_reg[4]/D
  -------------------------------------------------------------------    -------------------

                         (clock clk rise edge)        0.000     0.000 r  
                                                      0.000     0.000 r  clk (IN)
                         net (fo=398, unset)          0.019     0.019    clk
    SLICE_X15Y45         FDRE                                         r  accepted_commands_reg[4]/C
                         clock pessimism              0.000     0.019    
    SLICE_X15Y45         FDRE (Hold_DFF_SLICEL_C_D)
                                                      0.044     0.063    accepted_commands_reg[4]
  -------------------------------------------------------------------
                         required time                         -0.063    
                         arrival time                           0.177    
  -------------------------------------------------------------------
                         slack                                  0.114    

Slack (MET) :             0.114ns  (arrival time - required time)
  Source:                 rejected_commands_reg[12]/C
                            (rising edge-triggered cell FDRE clocked by clk  {rise@0.000ns fall@2.500ns period=5.000ns})
  Destination:            rejected_commands_reg[12]/D
                            (rising edge-triggered cell FDRE clocked by clk  {rise@0.000ns fall@2.500ns period=5.000ns})
  Path Group:             clk
  Path Type:              Hold (Min at Fast Process Corner)
  Requirement:            0.000ns  (clk rise@0.000ns - clk rise@0.000ns)
  Data Path Delay:        0.163ns  (logic 0.103ns (63.190%)  route 0.060ns (36.810%))
  Logic Levels:           1  (CARRY8=1)
  Clock Path Skew:        0.005ns (DCD - SCD - CPR)
    Destination Clock Delay (DCD):    0.019ns
    Source Clock Delay      (SCD):    0.014ns
    Clock Pessimism Removal (CPR):    -0.000ns

    Location             Delay type                Incr(ns)  Path(ns)    Netlist Resource(s)
  -------------------------------------------------------------------    -------------------
                         (clock clk rise edge)        0.000     0.000 r  
                                                      0.000     0.000 r  clk (IN)
                         net (fo=398, unset)          0.014     0.014    clk
    SLICE_X15Y49         FDRE                                         r  rejected_commands_reg[12]/C
  -------------------------------------------------------------------    -------------------
    SLICE_X15Y49         FDRE (Prop_DFF_SLICEL_C_Q)
                                                      0.084     0.098 r  rejected_commands_reg[12]/Q
                         net (fo=1, routed)           0.052     0.150    rejected_commands[12]
    SLICE_X15Y49         CARRY8 (Prop_CARRY8_SLICEL_S[3]_O[3])
                                                      0.019     0.169 r  rejected_commands_reg[15]_i_2/O[3]
                         net (fo=1, routed)           0.008     0.177    p_0_in__1[12]
    SLICE_X15Y49         FDRE                                         r  rejected_commands_reg[12]/D
  -------------------------------------------------------------------    -------------------

                         (clock clk rise edge)        0.000     0.000 r  
                                                      0.000     0.000 r  clk (IN)
                         net (fo=398, unset)          0.019     0.019    clk
    SLICE_X15Y49         FDRE                                         r  rejected_commands_reg[12]/C
                         clock pessimism              0.000     0.019    
    SLICE_X15Y49         FDRE (Hold_DFF_SLICEL_C_D)
                                                      0.044     0.063    rejected_commands_reg[12]
  -------------------------------------------------------------------
                         required time                         -0.063    
                         arrival time                           0.177    
  -------------------------------------------------------------------
                         slack                                  0.114    

Slack (MET) :             0.114ns  (arrival time - required time)
  Source:                 rejected_commands_reg[4]/C
                            (rising edge-triggered cell FDRE clocked by clk  {rise@0.000ns fall@2.500ns period=5.000ns})
  Destination:            rejected_commands_reg[4]/D
                            (rising edge-triggered cell FDRE clocked by clk  {rise@0.000ns fall@2.500ns period=5.000ns})
  Path Group:             clk
  Path Type:              Hold (Min at Fast Process Corner)
  Requirement:            0.000ns  (clk rise@0.000ns - clk rise@0.000ns)
  Data Path Delay:        0.163ns  (logic 0.103ns (63.190%)  route 0.060ns (36.810%))
  Logic Levels:           1  (CARRY8=1)
  Clock Path Skew:        0.005ns (DCD - SCD - CPR)
    Destination Clock Delay (DCD):    0.019ns
    Source Clock Delay      (SCD):    0.014ns
    Clock Pessimism Removal (CPR):    -0.000ns

    Location             Delay type                Incr(ns)  Path(ns)    Netlist Resource(s)
  -------------------------------------------------------------------    -------------------
                         (clock clk rise edge)        0.000     0.000 r  
                                                      0.000     0.000 r  clk (IN)
                         net (fo=398, unset)          0.014     0.014    clk
    SLICE_X15Y48         FDRE                                         r  rejected_commands_reg[4]/C
  -------------------------------------------------------------------    -------------------
    SLICE_X15Y48         FDRE (Prop_DFF_SLICEL_C_Q)
                                                      0.084     0.098 r  rejected_commands_reg[4]/Q
                         net (fo=1, routed)           0.052     0.150    rejected_commands[4]
    SLICE_X15Y48         CARRY8 (Prop_CARRY8_SLICEL_S[3]_O[3])
                                                      0.019     0.169 r  rejected_commands_reg[8]_i_1/O[3]
                         net (fo=1, routed)           0.008     0.177    p_0_in__1[4]
    SLICE_X15Y48         FDRE                                         r  rejected_commands_reg[4]/D
  -------------------------------------------------------------------    -------------------

                         (clock clk rise edge)        0.000     0.000 r  
                                                      0.000     0.000 r  clk (IN)
                         net (fo=398, unset)          0.019     0.019    clk
    SLICE_X15Y48         FDRE                                         r  rejected_commands_reg[4]/C
                         clock pessimism              0.000     0.019    
    SLICE_X15Y48         FDRE (Hold_DFF_SLICEL_C_D)
                                                      0.044     0.063    rejected_commands_reg[4]
  -------------------------------------------------------------------
                         required time                         -0.063    
                         arrival time                           0.177    
  -------------------------------------------------------------------
                         slack                                  0.114    

Slack (MET) :             0.115ns  (arrival time - required time)
  Source:                 accepted_commands_reg[10]/C
                            (rising edge-triggered cell FDRE clocked by clk  {rise@0.000ns fall@2.500ns period=5.000ns})
  Destination:            accepted_commands_reg[10]/D
                            (rising edge-triggered cell FDRE clocked by clk  {rise@0.000ns fall@2.500ns period=5.000ns})
  Path Group:             clk
  Path Type:              Hold (Min at Fast Process Corner)
  Requirement:            0.000ns  (clk rise@0.000ns - clk rise@0.000ns)
  Data Path Delay:        0.164ns  (logic 0.103ns (62.805%)  route 0.061ns (37.195%))
  Logic Levels:           1  (CARRY8=1)
  Clock Path Skew:        0.005ns (DCD - SCD - CPR)
    Destination Clock Delay (DCD):    0.019ns
    Source Clock Delay      (SCD):    0.014ns
    Clock Pessimism Removal (CPR):    -0.000ns

    Location             Delay type                Incr(ns)  Path(ns)    Netlist Resource(s)
  -------------------------------------------------------------------    -------------------
                         (clock clk rise edge)        0.000     0.000 r  
                                                      0.000     0.000 r  clk (IN)
                         net (fo=398, unset)          0.014     0.014    clk
    SLICE_X15Y46         FDRE                                         r  accepted_commands_reg[10]/C
  -------------------------------------------------------------------    -------------------
    SLICE_X15Y46         FDRE (Prop_BFF_SLICEL_C_Q)
                                                      0.084     0.098 r  accepted_commands_reg[10]/Q
                         net (fo=1, routed)           0.053     0.151    accepted_commands[10]
    SLICE_X15Y46         CARRY8 (Prop_CARRY8_SLICEL_S[1]_O[1])
                                                      0.019     0.170 r  accepted_commands_reg[15]_i_1/O[1]
                         net (fo=1, routed)           0.008     0.178    p_0_in[10]
    SLICE_X15Y46         FDRE                                         r  accepted_commands_reg[10]/D
  -------------------------------------------------------------------    -------------------

                         (clock clk rise edge)        0.000     0.000 r  
                                                      0.000     0.000 r  clk (IN)
                         net (fo=398, unset)          0.019     0.019    clk
    SLICE_X15Y46         FDRE                                         r  accepted_commands_reg[10]/C
                         clock pessimism              0.000     0.019    
    SLICE_X15Y46         FDRE (Hold_BFF_SLICEL_C_D)
                                                      0.044     0.063    accepted_commands_reg[10]
  -------------------------------------------------------------------
                         required time                         -0.063    
                         arrival time                           0.178    
  -------------------------------------------------------------------
                         slack                                  0.115    

Slack (MET) :             0.115ns  (arrival time - required time)
  Source:                 accepted_commands_reg[2]/C
                            (rising edge-triggered cell FDRE clocked by clk  {rise@0.000ns fall@2.500ns period=5.000ns})
  Destination:            accepted_commands_reg[2]/D
                            (rising edge-triggered cell FDRE clocked by clk  {rise@0.000ns fall@2.500ns period=5.000ns})
  Path Group:             clk
  Path Type:              Hold (Min at Fast Process Corner)
  Requirement:            0.000ns  (clk rise@0.000ns - clk rise@0.000ns)
  Data Path Delay:        0.164ns  (logic 0.103ns (62.805%)  route 0.061ns (37.195%))
  Logic Levels:           1  (CARRY8=1)
  Clock Path Skew:        0.005ns (DCD - SCD - CPR)
    Destination Clock Delay (DCD):    0.019ns
    Source Clock Delay      (SCD):    0.014ns
    Clock Pessimism Removal (CPR):    -0.000ns

    Location             Delay type                Incr(ns)  Path(ns)    Netlist Resource(s)
  -------------------------------------------------------------------    -------------------
                         (clock clk rise edge)        0.000     0.000 r  
                                                      0.000     0.000 r  clk (IN)
                         net (fo=398, unset)          0.014     0.014    clk
    SLICE_X15Y45         FDRE                                         r  accepted_commands_reg[2]/C
  -------------------------------------------------------------------    -------------------
    SLICE_X15Y45         FDRE (Prop_BFF_SLICEL_C_Q)
                                                      0.084     0.098 r  accepted_commands_reg[2]/Q
                         net (fo=1, routed)           0.053     0.151    accepted_commands[2]
    SLICE_X15Y45         CARRY8 (Prop_CARRY8_SLICEL_S[1]_O[1])
                                                      0.019     0.170 r  accepted_commands_reg[8]_i_1/O[1]
                         net (fo=1, routed)           0.008     0.178    p_0_in[2]
    SLICE_X15Y45         FDRE                                         r  accepted_commands_reg[2]/D
  -------------------------------------------------------------------    -------------------

                         (clock clk rise edge)        0.000     0.000 r  
                                                      0.000     0.000 r  clk (IN)
                         net (fo=398, unset)          0.019     0.019    clk
    SLICE_X15Y45         FDRE                                         r  accepted_commands_reg[2]/C
                         clock pessimism              0.000     0.019    
    SLICE_X15Y45         FDRE (Hold_BFF_SLICEL_C_D)
                                                      0.044     0.063    accepted_commands_reg[2]
  -------------------------------------------------------------------
                         required time                         -0.063    
                         arrival time                           0.178    
  -------------------------------------------------------------------
                         slack                                  0.115    

Slack (MET) :             0.115ns  (arrival time - required time)
  Source:                 rejected_commands_reg[10]/C
                            (rising edge-triggered cell FDRE clocked by clk  {rise@0.000ns fall@2.500ns period=5.000ns})
  Destination:            rejected_commands_reg[10]/D
                            (rising edge-triggered cell FDRE clocked by clk  {rise@0.000ns fall@2.500ns period=5.000ns})
  Path Group:             clk
  Path Type:              Hold (Min at Fast Process Corner)
  Requirement:            0.000ns  (clk rise@0.000ns - clk rise@0.000ns)
  Data Path Delay:        0.164ns  (logic 0.103ns (62.805%)  route 0.061ns (37.195%))
  Logic Levels:           1  (CARRY8=1)
  Clock Path Skew:        0.005ns (DCD - SCD - CPR)
    Destination Clock Delay (DCD):    0.019ns
    Source Clock Delay      (SCD):    0.014ns
    Clock Pessimism Removal (CPR):    -0.000ns

    Location             Delay type                Incr(ns)  Path(ns)    Netlist Resource(s)
  -------------------------------------------------------------------    -------------------
                         (clock clk rise edge)        0.000     0.000 r  
                                                      0.000     0.000 r  clk (IN)
                         net (fo=398, unset)          0.014     0.014    clk
    SLICE_X15Y49         FDRE                                         r  rejected_commands_reg[10]/C
  -------------------------------------------------------------------    -------------------
    SLICE_X15Y49         FDRE (Prop_BFF_SLICEL_C_Q)
                                                      0.084     0.098 r  rejected_commands_reg[10]/Q
                         net (fo=1, routed)           0.053     0.151    rejected_commands[10]
    SLICE_X15Y49         CARRY8 (Prop_CARRY8_SLICEL_S[1]_O[1])
                                                      0.019     0.170 r  rejected_commands_reg[15]_i_2/O[1]
                         net (fo=1, routed)           0.008     0.178    p_0_in__1[10]
    SLICE_X15Y49         FDRE                                         r  rejected_commands_reg[10]/D
  -------------------------------------------------------------------    -------------------

                         (clock clk rise edge)        0.000     0.000 r  
                                                      0.000     0.000 r  clk (IN)
                         net (fo=398, unset)          0.019     0.019    clk
    SLICE_X15Y49         FDRE                                         r  rejected_commands_reg[10]/C
                         clock pessimism              0.000     0.019    
    SLICE_X15Y49         FDRE (Hold_BFF_SLICEL_C_D)
                                                      0.044     0.063    rejected_commands_reg[10]
  -------------------------------------------------------------------
                         required time                         -0.063    
                         arrival time                           0.178    
  -------------------------------------------------------------------
                         slack                                  0.115    

Slack (MET) :             0.115ns  (arrival time - required time)
  Source:                 rejected_commands_reg[2]/C
                            (rising edge-triggered cell FDRE clocked by clk  {rise@0.000ns fall@2.500ns period=5.000ns})
  Destination:            rejected_commands_reg[2]/D
                            (rising edge-triggered cell FDRE clocked by clk  {rise@0.000ns fall@2.500ns period=5.000ns})
  Path Group:             clk
  Path Type:              Hold (Min at Fast Process Corner)
  Requirement:            0.000ns  (clk rise@0.000ns - clk rise@0.000ns)
  Data Path Delay:        0.164ns  (logic 0.103ns (62.805%)  route 0.061ns (37.195%))
  Logic Levels:           1  (CARRY8=1)
  Clock Path Skew:        0.005ns (DCD - SCD - CPR)
    Destination Clock Delay (DCD):    0.019ns
    Source Clock Delay      (SCD):    0.014ns
    Clock Pessimism Removal (CPR):    -0.000ns

    Location             Delay type                Incr(ns)  Path(ns)    Netlist Resource(s)
  -------------------------------------------------------------------    -------------------
                         (clock clk rise edge)        0.000     0.000 r  
                                                      0.000     0.000 r  clk (IN)
                         net (fo=398, unset)          0.014     0.014    clk
    SLICE_X15Y48         FDRE                                         r  rejected_commands_reg[2]/C
  -------------------------------------------------------------------    -------------------
    SLICE_X15Y48         FDRE (Prop_BFF_SLICEL_C_Q)
                                                      0.084     0.098 r  rejected_commands_reg[2]/Q
                         net (fo=1, routed)           0.053     0.151    rejected_commands[2]
    SLICE_X15Y48         CARRY8 (Prop_CARRY8_SLICEL_S[1]_O[1])
                                                      0.019     0.170 r  rejected_commands_reg[8]_i_1/O[1]
                         net (fo=1, routed)           0.008     0.178    p_0_in__1[2]
    SLICE_X15Y48         FDRE                                         r  rejected_commands_reg[2]/D
  -------------------------------------------------------------------    -------------------

                         (clock clk rise edge)        0.000     0.000 r  
                                                      0.000     0.000 r  clk (IN)
                         net (fo=398, unset)          0.019     0.019    clk
    SLICE_X15Y48         FDRE                                         r  rejected_commands_reg[2]/C
                         clock pessimism              0.000     0.019    
    SLICE_X15Y48         FDRE (Hold_BFF_SLICEL_C_D)
                                                      0.044     0.063    rejected_commands_reg[2]
  -------------------------------------------------------------------
                         required time                         -0.063    
                         arrival time                           0.178    
  -------------------------------------------------------------------
                         slack                                  0.115    

Slack (MET) :             0.115ns  (arrival time - required time)
  Source:                 accepted_commands_reg[8]/C
                            (rising edge-triggered cell FDRE clocked by clk  {rise@0.000ns fall@2.500ns period=5.000ns})
  Destination:            accepted_commands_reg[8]/D
                            (rising edge-triggered cell FDRE clocked by clk  {rise@0.000ns fall@2.500ns period=5.000ns})
  Path Group:             clk
  Path Type:              Hold (Min at Fast Process Corner)
  Requirement:            0.000ns  (clk rise@0.000ns - clk rise@0.000ns)
  Data Path Delay:        0.165ns  (logic 0.104ns (63.030%)  route 0.061ns (36.970%))
  Logic Levels:           1  (CARRY8=1)
  Clock Path Skew:        0.006ns (DCD - SCD - CPR)
    Destination Clock Delay (DCD):    0.020ns
    Source Clock Delay      (SCD):    0.014ns
    Clock Pessimism Removal (CPR):    -0.000ns

    Location             Delay type                Incr(ns)  Path(ns)    Netlist Resource(s)
  -------------------------------------------------------------------    -------------------
                         (clock clk rise edge)        0.000     0.000 r  
                                                      0.000     0.000 r  clk (IN)
                         net (fo=398, unset)          0.014     0.014    clk
    SLICE_X15Y45         FDRE                                         r  accepted_commands_reg[8]/C
  -------------------------------------------------------------------    -------------------
    SLICE_X15Y45         FDRE (Prop_HFF_SLICEL_C_Q)
                                                      0.084     0.098 r  accepted_commands_reg[8]/Q
                         net (fo=1, routed)           0.053     0.151    accepted_commands[8]
    SLICE_X15Y45         CARRY8 (Prop_CARRY8_SLICEL_S[7]_O[7])
                                                      0.020     0.171 r  accepted_commands_reg[8]_i_1/O[7]
                         net (fo=1, routed)           0.008     0.179    p_0_in[8]
    SLICE_X15Y45         FDRE                                         r  accepted_commands_reg[8]/D
  -------------------------------------------------------------------    -------------------

                         (clock clk rise edge)        0.000     0.000 r  
                                                      0.000     0.000 r  clk (IN)
                         net (fo=398, unset)          0.020     0.020    clk
    SLICE_X15Y45         FDRE                                         r  accepted_commands_reg[8]/C
                         clock pessimism              0.000     0.020    
    SLICE_X15Y45         FDRE (Hold_HFF_SLICEL_C_D)
                                                      0.044     0.064    accepted_commands_reg[8]
  -------------------------------------------------------------------
                         required time                         -0.064    
                         arrival time                           0.179    
  -------------------------------------------------------------------
                         slack                                  0.115    

Slack (MET) :             0.115ns  (arrival time - required time)
  Source:                 rejected_commands_reg[8]/C
                            (rising edge-triggered cell FDRE clocked by clk  {rise@0.000ns fall@2.500ns period=5.000ns})
  Destination:            rejected_commands_reg[8]/D
                            (rising edge-triggered cell FDRE clocked by clk  {rise@0.000ns fall@2.500ns period=5.000ns})
  Path Group:             clk
  Path Type:              Hold (Min at Fast Process Corner)
  Requirement:            0.000ns  (clk rise@0.000ns - clk rise@0.000ns)
  Data Path Delay:        0.165ns  (logic 0.104ns (63.030%)  route 0.061ns (36.970%))
  Logic Levels:           1  (CARRY8=1)
  Clock Path Skew:        0.006ns (DCD - SCD - CPR)
    Destination Clock Delay (DCD):    0.020ns
    Source Clock Delay      (SCD):    0.014ns
    Clock Pessimism Removal (CPR):    -0.000ns

    Location             Delay type                Incr(ns)  Path(ns)    Netlist Resource(s)
  -------------------------------------------------------------------    -------------------
                         (clock clk rise edge)        0.000     0.000 r  
                                                      0.000     0.000 r  clk (IN)
                         net (fo=398, unset)          0.014     0.014    clk
    SLICE_X15Y48         FDRE                                         r  rejected_commands_reg[8]/C
  -------------------------------------------------------------------    -------------------
    SLICE_X15Y48         FDRE (Prop_HFF_SLICEL_C_Q)
                                                      0.084     0.098 r  rejected_commands_reg[8]/Q
                         net (fo=1, routed)           0.053     0.151    rejected_commands[8]
    SLICE_X15Y48         CARRY8 (Prop_CARRY8_SLICEL_S[7]_O[7])
                                                      0.020     0.171 r  rejected_commands_reg[8]_i_1/O[7]
                         net (fo=1, routed)           0.008     0.179    p_0_in__1[8]
    SLICE_X15Y48         FDRE                                         r  rejected_commands_reg[8]/D
  -------------------------------------------------------------------    -------------------

                         (clock clk rise edge)        0.000     0.000 r  
                                                      0.000     0.000 r  clk (IN)
                         net (fo=398, unset)          0.020     0.020    clk
    SLICE_X15Y48         FDRE                                         r  rejected_commands_reg[8]/C
                         clock pessimism              0.000     0.020    
    SLICE_X15Y48         FDRE (Hold_HFF_SLICEL_C_D)
                                                      0.044     0.064    rejected_commands_reg[8]
  -------------------------------------------------------------------
                         required time                         -0.064    
                         arrival time                           0.179    
  -------------------------------------------------------------------
                         slack                                  0.115    

Slack (MET) :             0.116ns  (arrival time - required time)
  Source:                 accepted_commands_reg[11]/C
                            (rising edge-triggered cell FDRE clocked by clk  {rise@0.000ns fall@2.500ns period=5.000ns})
  Destination:            accepted_commands_reg[11]/D
                            (rising edge-triggered cell FDRE clocked by clk  {rise@0.000ns fall@2.500ns period=5.000ns})
  Path Group:             clk
  Path Type:              Hold (Min at Fast Process Corner)
  Requirement:            0.000ns  (clk rise@0.000ns - clk rise@0.000ns)
  Data Path Delay:        0.165ns  (logic 0.103ns (62.424%)  route 0.062ns (37.576%))
  Logic Levels:           1  (CARRY8=1)
  Clock Path Skew:        0.005ns (DCD - SCD - CPR)
    Destination Clock Delay (DCD):    0.019ns
    Source Clock Delay      (SCD):    0.014ns
    Clock Pessimism Removal (CPR):    -0.000ns

    Location             Delay type                Incr(ns)  Path(ns)    Netlist Resource(s)
  -------------------------------------------------------------------    -------------------
                         (clock clk rise edge)        0.000     0.000 r  
                                                      0.000     0.000 r  clk (IN)
                         net (fo=398, unset)          0.014     0.014    clk
    SLICE_X15Y46         FDRE                                         r  accepted_commands_reg[11]/C
  -------------------------------------------------------------------    -------------------
    SLICE_X15Y46         FDRE (Prop_CFF_SLICEL_C_Q)
                                                      0.084     0.098 r  accepted_commands_reg[11]/Q
                         net (fo=1, routed)           0.054     0.152    accepted_commands[11]
    SLICE_X15Y46         CARRY8 (Prop_CARRY8_SLICEL_S[2]_O[2])
                                                      0.019     0.171 r  accepted_commands_reg[15]_i_1/O[2]
                         net (fo=1, routed)           0.008     0.179    p_0_in[11]
    SLICE_X15Y46         FDRE                                         r  accepted_commands_reg[11]/D
  -------------------------------------------------------------------    -------------------

                         (clock clk rise edge)        0.000     0.000 r  
                                                      0.000     0.000 r  clk (IN)
                         net (fo=398, unset)          0.019     0.019    clk
    SLICE_X15Y46         FDRE                                         r  accepted_commands_reg[11]/C
                         clock pessimism              0.000     0.019    
    SLICE_X15Y46         FDRE (Hold_CFF_SLICEL_C_D)
                                                      0.044     0.063    accepted_commands_reg[11]
  -------------------------------------------------------------------
                         required time                         -0.063    
                         arrival time                           0.179    
  -------------------------------------------------------------------
                         slack                                  0.116    

Slack (MET) :             0.116ns  (arrival time - required time)
  Source:                 accepted_commands_reg[3]/C
                            (rising edge-triggered cell FDRE clocked by clk  {rise@0.000ns fall@2.500ns period=5.000ns})
  Destination:            accepted_commands_reg[3]/D
                            (rising edge-triggered cell FDRE clocked by clk  {rise@0.000ns fall@2.500ns period=5.000ns})
  Path Group:             clk
  Path Type:              Hold (Min at Fast Process Corner)
  Requirement:            0.000ns  (clk rise@0.000ns - clk rise@0.000ns)
  Data Path Delay:        0.165ns  (logic 0.103ns (62.424%)  route 0.062ns (37.576%))
  Logic Levels:           1  (CARRY8=1)
  Clock Path Skew:        0.005ns (DCD - SCD - CPR)
    Destination Clock Delay (DCD):    0.019ns
    Source Clock Delay      (SCD):    0.014ns
    Clock Pessimism Removal (CPR):    -0.000ns

    Location             Delay type                Incr(ns)  Path(ns)    Netlist Resource(s)
  -------------------------------------------------------------------    -------------------
                         (clock clk rise edge)        0.000     0.000 r  
                                                      0.000     0.000 r  clk (IN)
                         net (fo=398, unset)          0.014     0.014    clk
    SLICE_X15Y45         FDRE                                         r  accepted_commands_reg[3]/C
  -------------------------------------------------------------------    -------------------
    SLICE_X15Y45         FDRE (Prop_CFF_SLICEL_C_Q)
                                                      0.084     0.098 r  accepted_commands_reg[3]/Q
                         net (fo=1, routed)           0.054     0.152    accepted_commands[3]
    SLICE_X15Y45         CARRY8 (Prop_CARRY8_SLICEL_S[2]_O[2])
                                                      0.019     0.171 r  accepted_commands_reg[8]_i_1/O[2]
                         net (fo=1, routed)           0.008     0.179    p_0_in[3]
    SLICE_X15Y45         FDRE                                         r  accepted_commands_reg[3]/D
  -------------------------------------------------------------------    -------------------

                         (clock clk rise edge)        0.000     0.000 r  
                                                      0.000     0.000 r  clk (IN)
                         net (fo=398, unset)          0.019     0.019    clk
    SLICE_X15Y45         FDRE                                         r  accepted_commands_reg[3]/C
                         clock pessimism              0.000     0.019    
    SLICE_X15Y45         FDRE (Hold_CFF_SLICEL_C_D)
                                                      0.044     0.063    accepted_commands_reg[3]
  -------------------------------------------------------------------
                         required time                         -0.063    
                         arrival time                           0.179    
  -------------------------------------------------------------------
                         slack                                  0.116    

Slack (MET) :             0.116ns  (arrival time - required time)
  Source:                 rejected_commands_reg[11]/C
                            (rising edge-triggered cell FDRE clocked by clk  {rise@0.000ns fall@2.500ns period=5.000ns})
  Destination:            rejected_commands_reg[11]/D
                            (rising edge-triggered cell FDRE clocked by clk  {rise@0.000ns fall@2.500ns period=5.000ns})
  Path Group:             clk
  Path Type:              Hold (Min at Fast Process Corner)
  Requirement:            0.000ns  (clk rise@0.000ns - clk rise@0.000ns)
  Data Path Delay:        0.165ns  (logic 0.103ns (62.424%)  route 0.062ns (37.576%))
  Logic Levels:           1  (CARRY8=1)
  Clock Path Skew:        0.005ns (DCD - SCD - CPR)
    Destination Clock Delay (DCD):    0.019ns
    Source Clock Delay      (SCD):    0.014ns
    Clock Pessimism Removal (CPR):    -0.000ns

    Location             Delay type                Incr(ns)  Path(ns)    Netlist Resource(s)
  -------------------------------------------------------------------    -------------------
                         (clock clk rise edge)        0.000     0.000 r  
                                                      0.000     0.000 r  clk (IN)
                         net (fo=398, unset)          0.014     0.014    clk
    SLICE_X15Y49         FDRE                                         r  rejected_commands_reg[11]/C
  -------------------------------------------------------------------    -------------------
    SLICE_X15Y49         FDRE (Prop_CFF_SLICEL_C_Q)
                                                      0.084     0.098 r  rejected_commands_reg[11]/Q
                         net (fo=1, routed)           0.054     0.152    rejected_commands[11]
    SLICE_X15Y49         CARRY8 (Prop_CARRY8_SLICEL_S[2]_O[2])
                                                      0.019     0.171 r  rejected_commands_reg[15]_i_2/O[2]
                         net (fo=1, routed)           0.008     0.179    p_0_in__1[11]
    SLICE_X15Y49         FDRE                                         r  rejected_commands_reg[11]/D
  -------------------------------------------------------------------    -------------------

                         (clock clk rise edge)        0.000     0.000 r  
                                                      0.000     0.000 r  clk (IN)
                         net (fo=398, unset)          0.019     0.019    clk
    SLICE_X15Y49         FDRE                                         r  rejected_commands_reg[11]/C
                         clock pessimism              0.000     0.019    
    SLICE_X15Y49         FDRE (Hold_CFF_SLICEL_C_D)
                                                      0.044     0.063    rejected_commands_reg[11]
  -------------------------------------------------------------------
                         required time                         -0.063    
                         arrival time                           0.179    
  -------------------------------------------------------------------
                         slack                                  0.116    

Slack (MET) :             0.116ns  (arrival time - required time)
  Source:                 rejected_commands_reg[3]/C
                            (rising edge-triggered cell FDRE clocked by clk  {rise@0.000ns fall@2.500ns period=5.000ns})
  Destination:            rejected_commands_reg[3]/D
                            (rising edge-triggered cell FDRE clocked by clk  {rise@0.000ns fall@2.500ns period=5.000ns})
  Path Group:             clk
  Path Type:              Hold (Min at Fast Process Corner)
  Requirement:            0.000ns  (clk rise@0.000ns - clk rise@0.000ns)
  Data Path Delay:        0.165ns  (logic 0.103ns (62.424%)  route 0.062ns (37.576%))
  Logic Levels:           1  (CARRY8=1)
  Clock Path Skew:        0.005ns (DCD - SCD - CPR)
    Destination Clock Delay (DCD):    0.019ns
    Source Clock Delay      (SCD):    0.014ns
    Clock Pessimism Removal (CPR):    -0.000ns

    Location             Delay type                Incr(ns)  Path(ns)    Netlist Resource(s)
  -------------------------------------------------------------------    -------------------
                         (clock clk rise edge)        0.000     0.000 r  
                                                      0.000     0.000 r  clk (IN)
                         net (fo=398, unset)          0.014     0.014    clk
    SLICE_X15Y48         FDRE                                         r  rejected_commands_reg[3]/C
  -------------------------------------------------------------------    -------------------
    SLICE_X15Y48         FDRE (Prop_CFF_SLICEL_C_Q)
                                                      0.084     0.098 r  rejected_commands_reg[3]/Q
                         net (fo=1, routed)           0.054     0.152    rejected_commands[3]
    SLICE_X15Y48         CARRY8 (Prop_CARRY8_SLICEL_S[2]_O[2])
                                                      0.019     0.171 r  rejected_commands_reg[8]_i_1/O[2]
                         net (fo=1, routed)           0.008     0.179    p_0_in__1[3]
    SLICE_X15Y48         FDRE                                         r  rejected_commands_reg[3]/D
  -------------------------------------------------------------------    -------------------

                         (clock clk rise edge)        0.000     0.000 r  
                                                      0.000     0.000 r  clk (IN)
                         net (fo=398, unset)          0.019     0.019    clk
    SLICE_X15Y48         FDRE                                         r  rejected_commands_reg[3]/C
                         clock pessimism              0.000     0.019    
    SLICE_X15Y48         FDRE (Hold_CFF_SLICEL_C_D)
                                                      0.044     0.063    rejected_commands_reg[3]
  -------------------------------------------------------------------
                         required time                         -0.063    
                         arrival time                           0.179    
  -------------------------------------------------------------------
                         slack                                  0.116    

Slack (MET) :             0.119ns  (arrival time - required time)
  Source:                 completed_commands_reg[10]/C
                            (rising edge-triggered cell FDRE clocked by clk  {rise@0.000ns fall@2.500ns period=5.000ns})
  Destination:            completed_commands_reg[10]/D
                            (rising edge-triggered cell FDRE clocked by clk  {rise@0.000ns fall@2.500ns period=5.000ns})
  Path Group:             clk
  Path Type:              Hold (Min at Fast Process Corner)
  Requirement:            0.000ns  (clk rise@0.000ns - clk rise@0.000ns)
  Data Path Delay:        0.170ns  (logic 0.102ns (60.000%)  route 0.068ns (40.000%))
  Logic Levels:           1  (CARRY8=1)
  Clock Path Skew:        0.007ns (DCD - SCD - CPR)
    Destination Clock Delay (DCD):    0.021ns
    Source Clock Delay      (SCD):    0.014ns
    Clock Pessimism Removal (CPR):    -0.000ns

    Location             Delay type                Incr(ns)  Path(ns)    Netlist Resource(s)
  -------------------------------------------------------------------    -------------------
                         (clock clk rise edge)        0.000     0.000 r  
                                                      0.000     0.000 r  clk (IN)
                         net (fo=398, unset)          0.014     0.014    clk
    SLICE_X18Y52         FDRE                                         r  completed_commands_reg[10]/C
  -------------------------------------------------------------------    -------------------
    SLICE_X18Y52         FDRE (Prop_BFF_SLICEM_C_Q)
                                                      0.082     0.096 r  completed_commands_reg[10]/Q
                         net (fo=1, routed)           0.060     0.156    completed_commands[10]
    SLICE_X18Y52         CARRY8 (Prop_CARRY8_SLICEM_S[1]_O[1])
                                                      0.020     0.176 r  completed_commands_reg[15]_i_1/O[1]
                         net (fo=1, routed)           0.008     0.184    p_0_in__0[10]
    SLICE_X18Y52         FDRE                                         r  completed_commands_reg[10]/D
  -------------------------------------------------------------------    -------------------

                         (clock clk rise edge)        0.000     0.000 r  
                                                      0.000     0.000 r  clk (IN)
                         net (fo=398, unset)          0.021     0.021    clk
    SLICE_X18Y52         FDRE                                         r  completed_commands_reg[10]/C
                         clock pessimism              0.000     0.021    
    SLICE_X18Y52         FDRE (Hold_BFF_SLICEM_C_D)
                                                      0.044     0.065    completed_commands_reg[10]
  -------------------------------------------------------------------
                         required time                         -0.065    
                         arrival time                           0.184    
  -------------------------------------------------------------------
                         slack                                  0.119    





Pulse Width Checks
--------------------------------------------------------------------------------------
Clock Name:         clk
Waveform(ns):       { 0.000 2.500 }
Period(ns):         5.000
Sources:            { clk }

Check Type        Corner  Lib Pin  Reference Pin  Required(ns)  Actual(ns)  Slack(ns)  Location      Pin
Min Period        n/a     FDRE/C   n/a            0.550         5.000       4.450      SLICE_X15Y44  accepted_commands_reg[0]/C
Min Period        n/a     FDRE/C   n/a            0.550         5.000       4.450      SLICE_X15Y46  accepted_commands_reg[10]/C
Min Period        n/a     FDRE/C   n/a            0.550         5.000       4.450      SLICE_X15Y46  accepted_commands_reg[11]/C
Min Period        n/a     FDRE/C   n/a            0.550         5.000       4.450      SLICE_X15Y46  accepted_commands_reg[12]/C
Min Period        n/a     FDRE/C   n/a            0.550         5.000       4.450      SLICE_X15Y46  accepted_commands_reg[13]/C
Min Period        n/a     FDRE/C   n/a            0.550         5.000       4.450      SLICE_X15Y46  accepted_commands_reg[14]/C
Min Period        n/a     FDRE/C   n/a            0.550         5.000       4.450      SLICE_X15Y46  accepted_commands_reg[15]/C
Min Period        n/a     FDRE/C   n/a            0.550         5.000       4.450      SLICE_X15Y45  accepted_commands_reg[1]/C
Min Period        n/a     FDRE/C   n/a            0.550         5.000       4.450      SLICE_X15Y45  accepted_commands_reg[2]/C
Min Period        n/a     FDRE/C   n/a            0.550         5.000       4.450      SLICE_X15Y45  accepted_commands_reg[3]/C
Min Period        n/a     FDRE/C   n/a            0.550         5.000       4.450      SLICE_X15Y45  accepted_commands_reg[4]/C
Min Period        n/a     FDRE/C   n/a            0.550         5.000       4.450      SLICE_X15Y45  accepted_commands_reg[5]/C
Min Period        n/a     FDRE/C   n/a            0.550         5.000       4.450      SLICE_X15Y45  accepted_commands_reg[6]/C
Min Period        n/a     FDRE/C   n/a            0.550         5.000       4.450      SLICE_X15Y45  accepted_commands_reg[7]/C
Min Period        n/a     FDRE/C   n/a            0.550         5.000       4.450      SLICE_X15Y45  accepted_commands_reg[8]/C
Min Period        n/a     FDRE/C   n/a            0.550         5.000       4.450      SLICE_X15Y46  accepted_commands_reg[9]/C
Min Period        n/a     FDRE/C   n/a            0.550         5.000       4.450      SLICE_X13Y55  activation_byte_count_q_reg[0]/C
Min Period        n/a     FDRE/C   n/a            0.550         5.000       4.450      SLICE_X14Y55  activation_byte_count_q_reg[10]/C
Min Period        n/a     FDRE/C   n/a            0.550         5.000       4.450      SLICE_X14Y55  activation_byte_count_q_reg[11]/C
Min Period        n/a     FDRE/C   n/a            0.550         5.000       4.450      SLICE_X14Y56  activation_byte_count_q_reg[12]/C
Low Pulse Width   Slow    FDRE/C   n/a            0.275         2.500       2.225      SLICE_X15Y44  accepted_commands_reg[0]/C
Low Pulse Width   Fast    FDRE/C   n/a            0.275         2.500       2.225      SLICE_X15Y44  accepted_commands_reg[0]/C
Low Pulse Width   Slow    FDRE/C   n/a            0.275         2.500       2.225      SLICE_X15Y46  accepted_commands_reg[10]/C
Low Pulse Width   Fast    FDRE/C   n/a            0.275         2.500       2.225      SLICE_X15Y46  accepted_commands_reg[10]/C
Low Pulse Width   Slow    FDRE/C   n/a            0.275         2.500       2.225      SLICE_X15Y46  accepted_commands_reg[11]/C
Low Pulse Width   Fast    FDRE/C   n/a            0.275         2.500       2.225      SLICE_X15Y46  accepted_commands_reg[11]/C
Low Pulse Width   Slow    FDRE/C   n/a            0.275         2.500       2.225      SLICE_X15Y46  accepted_commands_reg[12]/C
Low Pulse Width   Fast    FDRE/C   n/a            0.275         2.500       2.225      SLICE_X15Y46  accepted_commands_reg[12]/C
Low Pulse Width   Slow    FDRE/C   n/a            0.275         2.500       2.225      SLICE_X15Y46  accepted_commands_reg[13]/C
Low Pulse Width   Fast    FDRE/C   n/a            0.275         2.500       2.225      SLICE_X15Y46  accepted_commands_reg[13]/C
Low Pulse Width   Slow    FDRE/C   n/a            0.275         2.500       2.225      SLICE_X15Y46  accepted_commands_reg[14]/C
Low Pulse Width   Fast    FDRE/C   n/a            0.275         2.500       2.225      SLICE_X15Y46  accepted_commands_reg[14]/C
Low Pulse Width   Slow    FDRE/C   n/a            0.275         2.500       2.225      SLICE_X15Y46  accepted_commands_reg[15]/C
Low Pulse Width   Fast    FDRE/C   n/a            0.275         2.500       2.225      SLICE_X15Y46  accepted_commands_reg[15]/C
Low Pulse Width   Slow    FDRE/C   n/a            0.275         2.500       2.225      SLICE_X15Y45  accepted_commands_reg[1]/C
Low Pulse Width   Fast    FDRE/C   n/a            0.275         2.500       2.225      SLICE_X15Y45  accepted_commands_reg[1]/C
Low Pulse Width   Slow    FDRE/C   n/a            0.275         2.500       2.225      SLICE_X15Y45  accepted_commands_reg[2]/C
Low Pulse Width   Fast    FDRE/C   n/a            0.275         2.500       2.225      SLICE_X15Y45  accepted_commands_reg[2]/C
Low Pulse Width   Slow    FDRE/C   n/a            0.275         2.500       2.225      SLICE_X15Y45  accepted_commands_reg[3]/C
Low Pulse Width   Fast    FDRE/C   n/a            0.275         2.500       2.225      SLICE_X15Y45  accepted_commands_reg[3]/C
High Pulse Width  Slow    FDRE/C   n/a            0.275         2.500       2.225      SLICE_X15Y44  accepted_commands_reg[0]/C
High Pulse Width  Fast    FDRE/C   n/a            0.275         2.500       2.225      SLICE_X15Y44  accepted_commands_reg[0]/C
High Pulse Width  Slow    FDRE/C   n/a            0.275         2.500       2.225      SLICE_X15Y46  accepted_commands_reg[10]/C
High Pulse Width  Fast    FDRE/C   n/a            0.275         2.500       2.225      SLICE_X15Y46  accepted_commands_reg[10]/C
High Pulse Width  Slow    FDRE/C   n/a            0.275         2.500       2.225      SLICE_X15Y46  accepted_commands_reg[11]/C
High Pulse Width  Fast    FDRE/C   n/a            0.275         2.500       2.225      SLICE_X15Y46  accepted_commands_reg[11]/C
High Pulse Width  Slow    FDRE/C   n/a            0.275         2.500       2.225      SLICE_X15Y46  accepted_commands_reg[12]/C
High Pulse Width  Fast    FDRE/C   n/a            0.275         2.500       2.225      SLICE_X15Y46  accepted_commands_reg[12]/C
High Pulse Width  Slow    FDRE/C   n/a            0.275         2.500       2.225      SLICE_X15Y46  accepted_commands_reg[13]/C
High Pulse Width  Fast    FDRE/C   n/a            0.275         2.500       2.225      SLICE_X15Y46  accepted_commands_reg[13]/C
High Pulse Width  Slow    FDRE/C   n/a            0.275         2.500       2.225      SLICE_X15Y46  accepted_commands_reg[14]/C
High Pulse Width  Fast    FDRE/C   n/a            0.275         2.500       2.225      SLICE_X15Y46  accepted_commands_reg[14]/C
High Pulse Width  Slow    FDRE/C   n/a            0.275         2.500       2.225      SLICE_X15Y46  accepted_commands_reg[15]/C
High Pulse Width  Fast    FDRE/C   n/a            0.275         2.500       2.225      SLICE_X15Y46  accepted_commands_reg[15]/C
High Pulse Width  Slow    FDRE/C   n/a            0.275         2.500       2.225      SLICE_X15Y45  accepted_commands_reg[1]/C
High Pulse Width  Fast    FDRE/C   n/a            0.275         2.500       2.225      SLICE_X15Y45  accepted_commands_reg[1]/C
High Pulse Width  Slow    FDRE/C   n/a            0.275         2.500       2.225      SLICE_X15Y45  accepted_commands_reg[2]/C
High Pulse Width  Fast    FDRE/C   n/a            0.275         2.500       2.225      SLICE_X15Y45  accepted_commands_reg[2]/C
High Pulse Width  Slow    FDRE/C   n/a            0.275         2.500       2.225      SLICE_X15Y45  accepted_commands_reg[3]/C
High Pulse Width  Fast    FDRE/C   n/a            0.275         2.500       2.225      SLICE_X15Y45  accepted_commands_reg[3]/C



