Copyright 1986-2022 Xilinx, Inc. All Rights Reserved. Copyright 2022-2024 Advanced Micro Devices, Inc. All Rights Reserved.
----------------------------------------------------------------------------------------------------------------------------------------------------------------------------------------------------------------------------------------------------
| Tool Version      : Vivado v.2024.1 (lin64) Build 5076996 Wed May 22 18:36:09 MDT 2024
| Date              : Thu Sep  3 18:29:34 2026
| Host              : yundodo running 64-bit unknown
| Command           : report_timing -delay_type max -max_paths 20 -sort_by group -file /home/dodo/Documents/Codex/2026-08-31/kv260-alexnet-rtl/alexnet/reports/m4n8_rs_dma_io_activation_resident_weight_dual_accum_datapath/200mhz/worst_setup.rpt
| Design            : alexnet_m4n8_rs_dma_io_activation_resident_weight_dual_accum_datapath
| Device            : xck26-sfvc784
| Speed File        : -2LV  PRODUCTION 1.30 05-15-2022
| Design State      : Routed
| Temperature Grade : C
----------------------------------------------------------------------------------------------------------------------------------------------------------------------------------------------------------------------------------------------------

Timing Report

Slack (MET) :             0.290ns  (required time - arrival time)
  Source:                 u_dma_fed_datapath/u_datapath/u_core/u_feeder/scan_x_q_reg[0]/C
                            (rising edge-triggered cell FDRE clocked by clk  {rise@0.000ns fall@2.500ns period=5.000ns})
  Destination:            u_dma_fed_datapath/u_datapath/u_core/u_feeder/emit_ky_q_reg[0]/CE
                            (rising edge-triggered cell FDRE clocked by clk  {rise@0.000ns fall@2.500ns period=5.000ns})
  Path Group:             clk
  Path Type:              Setup (Max at Slow Process Corner)
  Requirement:            5.000ns  (clk rise@5.000ns - clk rise@0.000ns)
  Data Path Delay:        4.583ns  (logic 1.295ns (28.258%)  route 3.288ns (71.742%))
  Logic Levels:           9  (LUT5=2 LUT6=7)
  Clock Path Skew:        -0.013ns (DCD - SCD + CPR)
    Destination Clock Delay (DCD):    0.029ns = ( 5.029 - 5.000 ) 
    Source Clock Delay      (SCD):    0.042ns
    Clock Pessimism Removal (CPR):    0.000ns
  Clock Uncertainty:      0.035ns  ((TSJ^2 + TIJ^2)^1/2 + DJ) / 2 + PE
    Total System Jitter     (TSJ):    0.071ns
    Total Input Jitter      (TIJ):    0.000ns
    Discrete Jitter          (DJ):    0.000ns
    Phase Error              (PE):    0.000ns

    Location             Delay type                Incr(ns)  Path(ns)    Netlist Resource(s)
  -------------------------------------------------------------------    -------------------
                         (clock clk rise edge)        0.000     0.000 r  
                                                      0.000     0.000 r  clk (IN)
                         net (fo=6358, unset)         0.042     0.042    u_dma_fed_datapath/u_datapath/u_core/u_feeder/clk
    SLICE_X48Y17         FDRE                                         r  u_dma_fed_datapath/u_datapath/u_core/u_feeder/scan_x_q_reg[0]/C
  -------------------------------------------------------------------    -------------------
    SLICE_X48Y17         FDRE (Prop_HFF_SLICEL_C_Q)
                                                      0.113     0.155 r  u_dma_fed_datapath/u_datapath/u_core/u_feeder/scan_x_q_reg[0]/Q
                         net (fo=17, routed)          0.592     0.747    u_dma_fed_datapath/u_datapath/u_core/u_feeder/scan_x_q[0]
    SLICE_X50Y15         LUT6 (Prop_G6LUT_SLICEL_I2_O)
                                                      0.186     0.933 f  u_dma_fed_datapath/u_datapath/u_core/u_feeder/g_ring_bank[0].mem_reg_i_312/O
                         net (fo=1, routed)           0.179     1.112    u_dma_fed_datapath/u_datapath/u_core/u_feeder/g_ring_bank[0].mem_reg_i_312_n_0
    SLICE_X49Y15         LUT5 (Prop_A6LUT_SLICEL_I3_O)
                                                      0.152     1.264 f  u_dma_fed_datapath/u_datapath/u_core/u_feeder/g_ring_bank[0].mem_reg_i_310/O
                         net (fo=1, routed)           0.049     1.313    u_dma_fed_datapath/u_datapath/u_core/u_feeder/g_ring_bank[0].mem_reg_i_310_n_0
    SLICE_X49Y15         LUT6 (Prop_C6LUT_SLICEL_I0_O)
                                                      0.056     1.369 f  u_dma_fed_datapath/u_datapath/u_core/u_feeder/g_ring_bank[0].mem_reg_i_288/O
                         net (fo=1, routed)           0.050     1.419    u_dma_fed_datapath/u_datapath/u_core/u_feeder/g_ring_bank[0].mem_reg_i_288_n_0
    SLICE_X49Y15         LUT6 (Prop_D6LUT_SLICEL_I4_O)
                                                      0.057     1.476 r  u_dma_fed_datapath/u_datapath/u_core/u_feeder/g_ring_bank[0].mem_reg_i_276/O
                         net (fo=3, routed)           0.464     1.940    u_dma_fed_datapath/u_datapath/u_core/u_feeder/g_ring_bank[0].mem_reg_i_276_n_0
    SLICE_X48Y16         LUT6 (Prop_H6LUT_SLICEL_I4_O)
                                                      0.137     2.077 f  u_dma_fed_datapath/u_datapath/u_core/u_feeder/scan_x_q[7]_i_4/O
                         net (fo=1, routed)           0.467     2.544    u_dma_fed_datapath/u_datapath/u_core/u_feeder/scan_x_q[7]_i_4_n_0
    SLICE_X49Y16         LUT5 (Prop_C6LUT_SLICEL_I1_O)
                                                      0.081     2.625 f  u_dma_fed_datapath/u_datapath/u_core/u_feeder/scan_x_q[7]_i_3/O
                         net (fo=2, routed)           0.453     3.078    u_dma_fed_datapath/u_datapath/u_core/u_feeder/scan_x_q[7]_i_3_n_0
    SLICE_X56Y19         LUT6 (Prop_C6LUT_SLICEL_I1_O)
                                                      0.150     3.228 f  u_dma_fed_datapath/u_datapath/u_core/u_feeder/emit_ic_q[3]_i_12/O
                         net (fo=1, routed)           0.134     3.362    u_dma_fed_datapath/u_datapath/u_core/u_feeder/emit_ic_q[3]_i_12_n_0
    SLICE_X54Y19         LUT6 (Prop_G6LUT_SLICEM_I4_O)
                                                      0.226     3.588 f  u_dma_fed_datapath/u_datapath/u_core/u_feeder/emit_ic_q[3]_i_5/O
                         net (fo=24, routed)          0.484     4.072    u_dma_fed_datapath/u_datapath/u_core/u_feeder/emit_ic_q[3]_i_5_n_0
    SLICE_X50Y22         LUT6 (Prop_H6LUT_SLICEL_I5_O)
                                                      0.137     4.209 r  u_dma_fed_datapath/u_datapath/u_core/u_feeder/emit_ky_q[7]_i_2/O
                         net (fo=8, routed)           0.416     4.625    u_dma_fed_datapath/u_datapath/u_core/u_feeder/emit_ky_q[7]_i_2_n_0
    SLICE_X55Y22         FDRE                                         r  u_dma_fed_datapath/u_datapath/u_core/u_feeder/emit_ky_q_reg[0]/CE
  -------------------------------------------------------------------    -------------------

                         (clock clk rise edge)        5.000     5.000 r  
                                                      0.000     5.000 r  clk (IN)
                         net (fo=6358, unset)         0.029     5.029    u_dma_fed_datapath/u_datapath/u_core/u_feeder/clk
    SLICE_X55Y22         FDRE                                         r  u_dma_fed_datapath/u_datapath/u_core/u_feeder/emit_ky_q_reg[0]/C
                         clock pessimism              0.000     5.029    
                         clock uncertainty           -0.035     4.994    
    SLICE_X55Y22         FDRE (Setup_EFF_SLICEL_C_CE)
                                                     -0.079     4.915    u_dma_fed_datapath/u_datapath/u_core/u_feeder/emit_ky_q_reg[0]
  -------------------------------------------------------------------
                         required time                          4.915    
                         arrival time                          -4.625    
  -------------------------------------------------------------------
                         slack                                  0.290    

Slack (MET) :             0.295ns  (required time - arrival time)
  Source:                 u_dma_fed_datapath/u_datapath/u_core/u_feeder/scan_x_q_reg[0]/C
                            (rising edge-triggered cell FDRE clocked by clk  {rise@0.000ns fall@2.500ns period=5.000ns})
  Destination:            u_dma_fed_datapath/u_datapath/u_activation/segment1/bank1/mem_reg/ENARDEN
                            (rising edge-triggered cell RAMB36E2 clocked by clk  {rise@0.000ns fall@2.500ns period=5.000ns})
  Path Group:             clk
  Path Type:              Setup (Max at Slow Process Corner)
  Requirement:            5.000ns  (clk rise@5.000ns - clk rise@0.000ns)
  Data Path Delay:        4.213ns  (logic 0.951ns (22.573%)  route 3.262ns (77.427%))
  Logic Levels:           9  (LUT4=2 LUT5=4 LUT6=3)
  Clock Path Skew:        0.005ns (DCD - SCD + CPR)
    Destination Clock Delay (DCD):    0.047ns = ( 5.047 - 5.000 ) 
    Source Clock Delay      (SCD):    0.042ns
    Clock Pessimism Removal (CPR):    0.000ns
  Clock Uncertainty:      0.035ns  ((TSJ^2 + TIJ^2)^1/2 + DJ) / 2 + PE
    Total System Jitter     (TSJ):    0.071ns
    Total Input Jitter      (TIJ):    0.000ns
    Discrete Jitter          (DJ):    0.000ns
    Phase Error              (PE):    0.000ns

    Location             Delay type                Incr(ns)  Path(ns)    Netlist Resource(s)
  -------------------------------------------------------------------    -------------------
                         (clock clk rise edge)        0.000     0.000 r  
                                                      0.000     0.000 r  clk (IN)
                         net (fo=6358, unset)         0.042     0.042    u_dma_fed_datapath/u_datapath/u_core/u_feeder/clk
    SLICE_X48Y17         FDRE                                         r  u_dma_fed_datapath/u_datapath/u_core/u_feeder/scan_x_q_reg[0]/C
  -------------------------------------------------------------------    -------------------
    SLICE_X48Y17         FDRE (Prop_HFF_SLICEL_C_Q)
                                                      0.113     0.155 f  u_dma_fed_datapath/u_datapath/u_core/u_feeder/scan_x_q_reg[0]/Q
                         net (fo=17, routed)          0.592     0.747    u_dma_fed_datapath/u_datapath/u_core/u_feeder/scan_x_q[0]
    SLICE_X50Y15         LUT6 (Prop_G6LUT_SLICEL_I2_O)
                                                      0.186     0.933 r  u_dma_fed_datapath/u_datapath/u_core/u_feeder/g_ring_bank[0].mem_reg_i_312/O
                         net (fo=1, routed)           0.179     1.112    u_dma_fed_datapath/u_datapath/u_core/u_feeder/g_ring_bank[0].mem_reg_i_312_n_0
    SLICE_X49Y15         LUT5 (Prop_A6LUT_SLICEL_I3_O)
                                                      0.152     1.264 r  u_dma_fed_datapath/u_datapath/u_core/u_feeder/g_ring_bank[0].mem_reg_i_310/O
                         net (fo=1, routed)           0.049     1.313    u_dma_fed_datapath/u_datapath/u_core/u_feeder/g_ring_bank[0].mem_reg_i_310_n_0
    SLICE_X49Y15         LUT6 (Prop_C6LUT_SLICEL_I0_O)
                                                      0.056     1.369 r  u_dma_fed_datapath/u_datapath/u_core/u_feeder/g_ring_bank[0].mem_reg_i_288/O
                         net (fo=1, routed)           0.050     1.419    u_dma_fed_datapath/u_datapath/u_core/u_feeder/g_ring_bank[0].mem_reg_i_288_n_0
    SLICE_X49Y15         LUT6 (Prop_D6LUT_SLICEL_I4_O)
                                                      0.057     1.476 f  u_dma_fed_datapath/u_datapath/u_core/u_feeder/g_ring_bank[0].mem_reg_i_276/O
                         net (fo=3, routed)           0.436     1.911    u_dma_fed_datapath/u_datapath/u_core/u_feeder/g_ring_bank[0].mem_reg_i_276_n_0
    SLICE_X48Y15         LUT5 (Prop_C6LUT_SLICEL_I0_O)
                                                      0.081     1.992 f  u_dma_fed_datapath/u_datapath/u_core/u_feeder/g_ring_bank[0].mem_reg_i_258/O
                         net (fo=2, routed)           0.173     2.165    u_dma_fed_datapath/u_datapath/u_core/u_feeder/g_ring_bank[0].mem_reg_i_258_n_0
    SLICE_X48Y16         LUT5 (Prop_G6LUT_SLICEL_I4_O)
                                                      0.082     2.247 r  u_dma_fed_datapath/u_datapath/u_core/u_feeder/g_ring_bank[0].mem_reg_i_92/O
                         net (fo=76, routed)          0.190     2.437    u_dma_fed_datapath/u_datapath/u_core/u_feeder/scan_y_q_reg[7]_0
    SLICE_X47Y17         LUT4 (Prop_H6LUT_SLICEL_I2_O)
                                                      0.058     2.495 r  u_dma_fed_datapath/u_datapath/u_core/u_feeder/read_done_i_3/O
                         net (fo=29, routed)          0.648     3.143    u_dma_fed_datapath/u_datapath/u_activation/segment1/bank1/activation_read_ready
    SLICE_X49Y12         LUT4 (Prop_E6LUT_SLICEL_I2_O)
                                                      0.083     3.226 r  u_dma_fed_datapath/u_datapath/u_activation/segment1/bank1/mem_reg_i_4/O
                         net (fo=2, routed)           0.200     3.427    u_dma_fed_datapath/u_datapath/u_activation/segment1/bank1/mem_reg_i_4_n_0
    SLICE_X49Y10         LUT5 (Prop_B6LUT_SLICEL_I1_O)
                                                      0.083     3.510 r  u_dma_fed_datapath/u_datapath/u_activation/segment1/bank1/mem_reg_i_1__0/O
                         net (fo=1, routed)           0.745     4.255    u_dma_fed_datapath/u_datapath/u_activation/segment1/bank1/mem_reg_i_1__0_n_0
    RAMB36_X1Y1          RAMB36E2                                     r  u_dma_fed_datapath/u_datapath/u_activation/segment1/bank1/mem_reg/ENARDEN
  -------------------------------------------------------------------    -------------------

                         (clock clk rise edge)        5.000     5.000 r  
                                                      0.000     5.000 r  clk (IN)
                         net (fo=6358, unset)         0.047     5.047    u_dma_fed_datapath/u_datapath/u_activation/segment1/bank1/clk
    RAMB36_X1Y1          RAMB36E2                                     r  u_dma_fed_datapath/u_datapath/u_activation/segment1/bank1/mem_reg/CLKARDCLK
                         clock pessimism              0.000     5.047    
                         clock uncertainty           -0.035     5.012    
    RAMB36_X1Y1          RAMB36E2 (Setup_RAMB36E2_RAMB36_CLKARDCLK_ENARDEN)
                                                     -0.462     4.550    u_dma_fed_datapath/u_datapath/u_activation/segment1/bank1/mem_reg
  -------------------------------------------------------------------
                         required time                          4.550    
                         arrival time                          -4.255    
  -------------------------------------------------------------------
                         slack                                  0.295    

Slack (MET) :             0.300ns  (required time - arrival time)
  Source:                 u_dma_fed_datapath/u_datapath/u_core/u_accum_base_datapath/u_output_slice/resident_tile_tag_base_q_reg[9]/C
                            (rising edge-triggered cell FDRE clocked by clk  {rise@0.000ns fall@2.500ns period=5.000ns})
  Destination:            u_dma_fed_datapath/u_datapath/u_core/u_accum_base_datapath/u_output_slice/u_partial_sum_bank_pair/g_segment[1].u_bank/mem_reg_2/DINBDIN[31]
                            (rising edge-triggered cell RAMB36E2 clocked by clk  {rise@0.000ns fall@2.500ns period=5.000ns})
  Path Group:             clk
  Path Type:              Setup (Max at Slow Process Corner)
  Requirement:            5.000ns  (clk rise@5.000ns - clk rise@0.000ns)
  Data Path Delay:        4.233ns  (logic 1.150ns (27.167%)  route 3.083ns (72.833%))
  Logic Levels:           8  (CARRY8=1 LUT2=1 LUT4=1 LUT5=2 LUT6=3)
  Clock Path Skew:        0.007ns (DCD - SCD + CPR)
    Destination Clock Delay (DCD):    0.048ns = ( 5.048 - 5.000 ) 
    Source Clock Delay      (SCD):    0.041ns
    Clock Pessimism Removal (CPR):    0.000ns
  Clock Uncertainty:      0.035ns  ((TSJ^2 + TIJ^2)^1/2 + DJ) / 2 + PE
    Total System Jitter     (TSJ):    0.071ns
    Total Input Jitter      (TIJ):    0.000ns
    Discrete Jitter          (DJ):    0.000ns
    Phase Error              (PE):    0.000ns

    Location             Delay type                Incr(ns)  Path(ns)    Netlist Resource(s)
  -------------------------------------------------------------------    -------------------
                         (clock clk rise edge)        0.000     0.000 r  
                                                      0.000     0.000 r  clk (IN)
                         net (fo=6358, unset)         0.041     0.041    u_dma_fed_datapath/u_datapath/u_core/u_accum_base_datapath/u_output_slice/clk
    SLICE_X47Y25         FDRE                                         r  u_dma_fed_datapath/u_datapath/u_core/u_accum_base_datapath/u_output_slice/resident_tile_tag_base_q_reg[9]/C
  -------------------------------------------------------------------    -------------------
    SLICE_X47Y25         FDRE (Prop_AFF2_SLICEL_C_Q)
                                                      0.116     0.157 r  u_dma_fed_datapath/u_datapath/u_core/u_accum_base_datapath/u_output_slice/resident_tile_tag_base_q_reg[9]/Q
                         net (fo=5, routed)           0.573     0.730    u_dma_fed_datapath/u_datapath/u_core/u_accum_base_datapath/u_output_slice/u_partial_sum_bank_pair/g_segment[0].u_bank/words_accepted_reg[10]_i_18_0[9]
    SLICE_X49Y25         LUT2 (Prop_B6LUT_SLICEL_I0_O)
                                                      0.083     0.813 r  u_dma_fed_datapath/u_datapath/u_core/u_accum_base_datapath/u_output_slice/u_partial_sum_bank_pair/g_segment[0].u_bank/words_accepted[10]_i_37/O
                         net (fo=1, routed)           0.013     0.826    u_dma_fed_datapath/u_datapath/u_core/u_accum_base_datapath/u_output_slice/u_partial_sum_bank_pair/g_segment[0].u_bank/words_accepted[10]_i_37_n_0
    SLICE_X49Y25         CARRY8 (Prop_CARRY8_SLICEL_S[1]_O[5])
                                                      0.326     1.152 r  u_dma_fed_datapath/u_datapath/u_core/u_accum_base_datapath/u_output_slice/u_partial_sum_bank_pair/g_segment[0].u_bank/words_accepted_reg[10]_i_18/O[5]
                         net (fo=1, routed)           0.151     1.303    u_dma_fed_datapath/u_datapath/u_core/u_accum_base_datapath/u_output_slice/u_scanner/scanner_metadata_match1[13]
    SLICE_X49Y26         LUT6 (Prop_B6LUT_SLICEL_I0_O)
                                                      0.138     1.441 r  u_dma_fed_datapath/u_datapath/u_core/u_accum_base_datapath/u_output_slice/u_scanner/words_accepted[10]_i_19/O
                         net (fo=1, routed)           0.107     1.548    u_dma_fed_datapath/u_datapath/u_core/u_accum_base_datapath/u_output_slice/u_scanner/words_accepted[10]_i_19_n_0
    SLICE_X49Y28         LUT6 (Prop_B6LUT_SLICEL_I2_O)
                                                      0.138     1.686 r  u_dma_fed_datapath/u_datapath/u_core/u_accum_base_datapath/u_output_slice/u_scanner/words_accepted[10]_i_8/O
                         net (fo=1, routed)           0.049     1.735    u_dma_fed_datapath/u_datapath/u_core/u_accum_base_datapath/u_output_slice/u_scanner/words_accepted[10]_i_8_n_0
    SLICE_X49Y28         LUT6 (Prop_F6LUT_SLICEL_I5_O)
                                                      0.056     1.791 r  u_dma_fed_datapath/u_datapath/u_core/u_accum_base_datapath/u_output_slice/u_scanner/words_accepted[10]_i_3/O
                         net (fo=9, routed)           0.571     2.362    u_dma_fed_datapath/u_datapath/u_core/u_accum_base_datapath/u_output_slice/u_partial_sum_bank_pair/g_segment[1].u_bank/ingress_raster_x_q_reg[7]
    SLICE_X48Y29         LUT4 (Prop_E6LUT_SLICEL_I0_O)
                                                      0.083     2.445 f  u_dma_fed_datapath/u_datapath/u_core/u_accum_base_datapath/u_output_slice/u_partial_sum_bank_pair/g_segment[1].u_bank/mem_reg_0_i_96/O
                         net (fo=3, routed)           0.131     2.576    u_dma_fed_datapath/u_datapath/u_core/u_accum_base_datapath/u_output_slice/u_partial_sum_bank_pair/g_segment[1].u_bank/mem_reg_0_i_96_n_0
    SLICE_X48Y31         LUT5 (Prop_A6LUT_SLICEL_I0_O)
                                                      0.058     2.634 f  u_dma_fed_datapath/u_datapath/u_core/u_accum_base_datapath/u_output_slice/u_partial_sum_bank_pair/g_segment[1].u_bank/mem_reg_0_i_99__0/O
                         net (fo=271, routed)         0.913     3.547    u_dma_fed_datapath/u_datapath/u_core/u_accum_base_datapath/u_output_slice/u_partial_sum_bank_pair/g_segment[1].u_bank/mem_reg_0_i_99__0_n_0
    SLICE_X49Y53         LUT5 (Prop_C5LUT_SLICEL_I4_O)
                                                      0.152     3.699 r  u_dma_fed_datapath/u_datapath/u_core/u_accum_base_datapath/u_output_slice/u_partial_sum_bank_pair/g_segment[1].u_bank/mem_reg_2_i_33__0/O
                         net (fo=1, routed)           0.575     4.274    u_dma_fed_datapath/u_datapath/u_core/u_accum_base_datapath/u_output_slice/u_partial_sum_bank_pair/g_segment[1].u_bank/mem_write_data[207]
    RAMB36_X1Y10         RAMB36E2                                     r  u_dma_fed_datapath/u_datapath/u_core/u_accum_base_datapath/u_output_slice/u_partial_sum_bank_pair/g_segment[1].u_bank/mem_reg_2/DINBDIN[31]
  -------------------------------------------------------------------    -------------------

                         (clock clk rise edge)        5.000     5.000 r  
                                                      0.000     5.000 r  clk (IN)
                         net (fo=6358, unset)         0.048     5.048    u_dma_fed_datapath/u_datapath/u_core/u_accum_base_datapath/u_output_slice/u_partial_sum_bank_pair/g_segment[1].u_bank/clk
    RAMB36_X1Y10         RAMB36E2                                     r  u_dma_fed_datapath/u_datapath/u_core/u_accum_base_datapath/u_output_slice/u_partial_sum_bank_pair/g_segment[1].u_bank/mem_reg_2/CLKBWRCLK
                         clock pessimism              0.000     5.048    
                         clock uncertainty           -0.035     5.013    
    RAMB36_X1Y10         RAMB36E2 (Setup_RAMB36E2_RAMB36_CLKBWRCLK_DINBDIN[31])
                                                     -0.439     4.574    u_dma_fed_datapath/u_datapath/u_core/u_accum_base_datapath/u_output_slice/u_partial_sum_bank_pair/g_segment[1].u_bank/mem_reg_2
  -------------------------------------------------------------------
                         required time                          4.574    
                         arrival time                          -4.274    
  -------------------------------------------------------------------
                         slack                                  0.300    

Slack (MET) :             0.304ns  (required time - arrival time)
  Source:                 u_dma_fed_datapath/u_datapath/u_core/u_accum_base_datapath/u_output_slice/resident_tile_tag_base_q_reg[9]/C
                            (rising edge-triggered cell FDRE clocked by clk  {rise@0.000ns fall@2.500ns period=5.000ns})
  Destination:            u_dma_fed_datapath/u_datapath/u_core/u_accum_base_datapath/u_output_slice/u_partial_sum_bank_pair/g_segment[1].u_bank/mem_reg_2/DINBDIN[27]
                            (rising edge-triggered cell RAMB36E2 clocked by clk  {rise@0.000ns fall@2.500ns period=5.000ns})
  Path Group:             clk
  Path Type:              Setup (Max at Slow Process Corner)
  Requirement:            5.000ns  (clk rise@5.000ns - clk rise@0.000ns)
  Data Path Delay:        4.225ns  (logic 1.135ns (26.866%)  route 3.090ns (73.134%))
  Logic Levels:           8  (CARRY8=1 LUT2=1 LUT4=1 LUT5=2 LUT6=3)
  Clock Path Skew:        0.007ns (DCD - SCD + CPR)
    Destination Clock Delay (DCD):    0.048ns = ( 5.048 - 5.000 ) 
    Source Clock Delay      (SCD):    0.041ns
    Clock Pessimism Removal (CPR):    0.000ns
  Clock Uncertainty:      0.035ns  ((TSJ^2 + TIJ^2)^1/2 + DJ) / 2 + PE
    Total System Jitter     (TSJ):    0.071ns
    Total Input Jitter      (TIJ):    0.000ns
    Discrete Jitter          (DJ):    0.000ns
    Phase Error              (PE):    0.000ns

    Location             Delay type                Incr(ns)  Path(ns)    Netlist Resource(s)
  -------------------------------------------------------------------    -------------------
                         (clock clk rise edge)        0.000     0.000 r  
                                                      0.000     0.000 r  clk (IN)
                         net (fo=6358, unset)         0.041     0.041    u_dma_fed_datapath/u_datapath/u_core/u_accum_base_datapath/u_output_slice/clk
    SLICE_X47Y25         FDRE                                         r  u_dma_fed_datapath/u_datapath/u_core/u_accum_base_datapath/u_output_slice/resident_tile_tag_base_q_reg[9]/C
  -------------------------------------------------------------------    -------------------
    SLICE_X47Y25         FDRE (Prop_AFF2_SLICEL_C_Q)
                                                      0.116     0.157 r  u_dma_fed_datapath/u_datapath/u_core/u_accum_base_datapath/u_output_slice/resident_tile_tag_base_q_reg[9]/Q
                         net (fo=5, routed)           0.573     0.730    u_dma_fed_datapath/u_datapath/u_core/u_accum_base_datapath/u_output_slice/u_partial_sum_bank_pair/g_segment[0].u_bank/words_accepted_reg[10]_i_18_0[9]
    SLICE_X49Y25         LUT2 (Prop_B6LUT_SLICEL_I0_O)
                                                      0.083     0.813 r  u_dma_fed_datapath/u_datapath/u_core/u_accum_base_datapath/u_output_slice/u_partial_sum_bank_pair/g_segment[0].u_bank/words_accepted[10]_i_37/O
                         net (fo=1, routed)           0.013     0.826    u_dma_fed_datapath/u_datapath/u_core/u_accum_base_datapath/u_output_slice/u_partial_sum_bank_pair/g_segment[0].u_bank/words_accepted[10]_i_37_n_0
    SLICE_X49Y25         CARRY8 (Prop_CARRY8_SLICEL_S[1]_O[5])
                                                      0.326     1.152 r  u_dma_fed_datapath/u_datapath/u_core/u_accum_base_datapath/u_output_slice/u_partial_sum_bank_pair/g_segment[0].u_bank/words_accepted_reg[10]_i_18/O[5]
                         net (fo=1, routed)           0.151     1.303    u_dma_fed_datapath/u_datapath/u_core/u_accum_base_datapath/u_output_slice/u_scanner/scanner_metadata_match1[13]
    SLICE_X49Y26         LUT6 (Prop_B6LUT_SLICEL_I0_O)
                                                      0.138     1.441 r  u_dma_fed_datapath/u_datapath/u_core/u_accum_base_datapath/u_output_slice/u_scanner/words_accepted[10]_i_19/O
                         net (fo=1, routed)           0.107     1.548    u_dma_fed_datapath/u_datapath/u_core/u_accum_base_datapath/u_output_slice/u_scanner/words_accepted[10]_i_19_n_0
    SLICE_X49Y28         LUT6 (Prop_B6LUT_SLICEL_I2_O)
                                                      0.138     1.686 r  u_dma_fed_datapath/u_datapath/u_core/u_accum_base_datapath/u_output_slice/u_scanner/words_accepted[10]_i_8/O
                         net (fo=1, routed)           0.049     1.735    u_dma_fed_datapath/u_datapath/u_core/u_accum_base_datapath/u_output_slice/u_scanner/words_accepted[10]_i_8_n_0
    SLICE_X49Y28         LUT6 (Prop_F6LUT_SLICEL_I5_O)
                                                      0.056     1.791 r  u_dma_fed_datapath/u_datapath/u_core/u_accum_base_datapath/u_output_slice/u_scanner/words_accepted[10]_i_3/O
                         net (fo=9, routed)           0.571     2.362    u_dma_fed_datapath/u_datapath/u_core/u_accum_base_datapath/u_output_slice/u_partial_sum_bank_pair/g_segment[1].u_bank/ingress_raster_x_q_reg[7]
    SLICE_X48Y29         LUT4 (Prop_E6LUT_SLICEL_I0_O)
                                                      0.083     2.445 f  u_dma_fed_datapath/u_datapath/u_core/u_accum_base_datapath/u_output_slice/u_partial_sum_bank_pair/g_segment[1].u_bank/mem_reg_0_i_96/O
                         net (fo=3, routed)           0.131     2.576    u_dma_fed_datapath/u_datapath/u_core/u_accum_base_datapath/u_output_slice/u_partial_sum_bank_pair/g_segment[1].u_bank/mem_reg_0_i_96_n_0
    SLICE_X48Y31         LUT5 (Prop_A6LUT_SLICEL_I0_O)
                                                      0.058     2.634 f  u_dma_fed_datapath/u_datapath/u_core/u_accum_base_datapath/u_output_slice/u_partial_sum_bank_pair/g_segment[1].u_bank/mem_reg_0_i_99__0/O
                         net (fo=271, routed)         0.926     3.560    u_dma_fed_datapath/u_datapath/u_core/u_accum_base_datapath/u_output_slice/u_partial_sum_bank_pair/g_segment[1].u_bank/mem_reg_0_i_99__0_n_0
    SLICE_X49Y53         LUT5 (Prop_A6LUT_SLICEL_I4_O)
                                                      0.137     3.697 r  u_dma_fed_datapath/u_datapath/u_core/u_accum_base_datapath/u_output_slice/u_partial_sum_bank_pair/g_segment[1].u_bank/mem_reg_2_i_37__0/O
                         net (fo=1, routed)           0.569     4.266    u_dma_fed_datapath/u_datapath/u_core/u_accum_base_datapath/u_output_slice/u_partial_sum_bank_pair/g_segment[1].u_bank/mem_write_data[203]
    RAMB36_X1Y10         RAMB36E2                                     r  u_dma_fed_datapath/u_datapath/u_core/u_accum_base_datapath/u_output_slice/u_partial_sum_bank_pair/g_segment[1].u_bank/mem_reg_2/DINBDIN[27]
  -------------------------------------------------------------------    -------------------

                         (clock clk rise edge)        5.000     5.000 r  
                                                      0.000     5.000 r  clk (IN)
                         net (fo=6358, unset)         0.048     5.048    u_dma_fed_datapath/u_datapath/u_core/u_accum_base_datapath/u_output_slice/u_partial_sum_bank_pair/g_segment[1].u_bank/clk
    RAMB36_X1Y10         RAMB36E2                                     r  u_dma_fed_datapath/u_datapath/u_core/u_accum_base_datapath/u_output_slice/u_partial_sum_bank_pair/g_segment[1].u_bank/mem_reg_2/CLKBWRCLK
                         clock pessimism              0.000     5.048    
                         clock uncertainty           -0.035     5.013    
    RAMB36_X1Y10         RAMB36E2 (Setup_RAMB36E2_RAMB36_CLKBWRCLK_DINBDIN[27])
                                                     -0.443     4.570    u_dma_fed_datapath/u_datapath/u_core/u_accum_base_datapath/u_output_slice/u_partial_sum_bank_pair/g_segment[1].u_bank/mem_reg_2
  -------------------------------------------------------------------
                         required time                          4.570    
                         arrival time                          -4.266    
  -------------------------------------------------------------------
                         slack                                  0.304    

Slack (MET) :             0.305ns  (required time - arrival time)
  Source:                 u_dma_fed_datapath/u_datapath/u_core/u_feeder/scan_x_q_reg[0]/C
                            (rising edge-triggered cell FDRE clocked by clk  {rise@0.000ns fall@2.500ns period=5.000ns})
  Destination:            u_dma_fed_datapath/u_datapath/u_core/u_feeder/emit_ky_q_reg[7]/CE
                            (rising edge-triggered cell FDRE clocked by clk  {rise@0.000ns fall@2.500ns period=5.000ns})
  Path Group:             clk
  Path Type:              Setup (Max at Slow Process Corner)
  Requirement:            5.000ns  (clk rise@5.000ns - clk rise@0.000ns)
  Data Path Delay:        4.567ns  (logic 1.295ns (28.354%)  route 3.272ns (71.646%))
  Logic Levels:           9  (LUT5=2 LUT6=7)
  Clock Path Skew:        -0.013ns (DCD - SCD + CPR)
    Destination Clock Delay (DCD):    0.029ns = ( 5.029 - 5.000 ) 
    Source Clock Delay      (SCD):    0.042ns
    Clock Pessimism Removal (CPR):    0.000ns
  Clock Uncertainty:      0.035ns  ((TSJ^2 + TIJ^2)^1/2 + DJ) / 2 + PE
    Total System Jitter     (TSJ):    0.071ns
    Total Input Jitter      (TIJ):    0.000ns
    Discrete Jitter          (DJ):    0.000ns
    Phase Error              (PE):    0.000ns

    Location             Delay type                Incr(ns)  Path(ns)    Netlist Resource(s)
  -------------------------------------------------------------------    -------------------
                         (clock clk rise edge)        0.000     0.000 r  
                                                      0.000     0.000 r  clk (IN)
                         net (fo=6358, unset)         0.042     0.042    u_dma_fed_datapath/u_datapath/u_core/u_feeder/clk
    SLICE_X48Y17         FDRE                                         r  u_dma_fed_datapath/u_datapath/u_core/u_feeder/scan_x_q_reg[0]/C
  -------------------------------------------------------------------    -------------------
    SLICE_X48Y17         FDRE (Prop_HFF_SLICEL_C_Q)
                                                      0.113     0.155 r  u_dma_fed_datapath/u_datapath/u_core/u_feeder/scan_x_q_reg[0]/Q
                         net (fo=17, routed)          0.592     0.747    u_dma_fed_datapath/u_datapath/u_core/u_feeder/scan_x_q[0]
    SLICE_X50Y15         LUT6 (Prop_G6LUT_SLICEL_I2_O)
                                                      0.186     0.933 f  u_dma_fed_datapath/u_datapath/u_core/u_feeder/g_ring_bank[0].mem_reg_i_312/O
                         net (fo=1, routed)           0.179     1.112    u_dma_fed_datapath/u_datapath/u_core/u_feeder/g_ring_bank[0].mem_reg_i_312_n_0
    SLICE_X49Y15         LUT5 (Prop_A6LUT_SLICEL_I3_O)
                                                      0.152     1.264 f  u_dma_fed_datapath/u_datapath/u_core/u_feeder/g_ring_bank[0].mem_reg_i_310/O
                         net (fo=1, routed)           0.049     1.313    u_dma_fed_datapath/u_datapath/u_core/u_feeder/g_ring_bank[0].mem_reg_i_310_n_0
    SLICE_X49Y15         LUT6 (Prop_C6LUT_SLICEL_I0_O)
                                                      0.056     1.369 f  u_dma_fed_datapath/u_datapath/u_core/u_feeder/g_ring_bank[0].mem_reg_i_288/O
                         net (fo=1, routed)           0.050     1.419    u_dma_fed_datapath/u_datapath/u_core/u_feeder/g_ring_bank[0].mem_reg_i_288_n_0
    SLICE_X49Y15         LUT6 (Prop_D6LUT_SLICEL_I4_O)
                                                      0.057     1.476 r  u_dma_fed_datapath/u_datapath/u_core/u_feeder/g_ring_bank[0].mem_reg_i_276/O
                         net (fo=3, routed)           0.464     1.940    u_dma_fed_datapath/u_datapath/u_core/u_feeder/g_ring_bank[0].mem_reg_i_276_n_0
    SLICE_X48Y16         LUT6 (Prop_H6LUT_SLICEL_I4_O)
                                                      0.137     2.077 f  u_dma_fed_datapath/u_datapath/u_core/u_feeder/scan_x_q[7]_i_4/O
                         net (fo=1, routed)           0.467     2.544    u_dma_fed_datapath/u_datapath/u_core/u_feeder/scan_x_q[7]_i_4_n_0
    SLICE_X49Y16         LUT5 (Prop_C6LUT_SLICEL_I1_O)
                                                      0.081     2.625 f  u_dma_fed_datapath/u_datapath/u_core/u_feeder/scan_x_q[7]_i_3/O
                         net (fo=2, routed)           0.453     3.078    u_dma_fed_datapath/u_datapath/u_core/u_feeder/scan_x_q[7]_i_3_n_0
    SLICE_X56Y19         LUT6 (Prop_C6LUT_SLICEL_I1_O)
                                                      0.150     3.228 f  u_dma_fed_datapath/u_datapath/u_core/u_feeder/emit_ic_q[3]_i_12/O
                         net (fo=1, routed)           0.134     3.362    u_dma_fed_datapath/u_datapath/u_core/u_feeder/emit_ic_q[3]_i_12_n_0
    SLICE_X54Y19         LUT6 (Prop_G6LUT_SLICEM_I4_O)
                                                      0.226     3.588 f  u_dma_fed_datapath/u_datapath/u_core/u_feeder/emit_ic_q[3]_i_5/O
                         net (fo=24, routed)          0.484     4.072    u_dma_fed_datapath/u_datapath/u_core/u_feeder/emit_ic_q[3]_i_5_n_0
    SLICE_X50Y22         LUT6 (Prop_H6LUT_SLICEL_I5_O)
                                                      0.137     4.209 r  u_dma_fed_datapath/u_datapath/u_core/u_feeder/emit_ky_q[7]_i_2/O
                         net (fo=8, routed)           0.400     4.609    u_dma_fed_datapath/u_datapath/u_core/u_feeder/emit_ky_q[7]_i_2_n_0
    SLICE_X51Y24         FDRE                                         r  u_dma_fed_datapath/u_datapath/u_core/u_feeder/emit_ky_q_reg[7]/CE
  -------------------------------------------------------------------    -------------------

                         (clock clk rise edge)        5.000     5.000 r  
                                                      0.000     5.000 r  clk (IN)
                         net (fo=6358, unset)         0.029     5.029    u_dma_fed_datapath/u_datapath/u_core/u_feeder/clk
    SLICE_X51Y24         FDRE                                         r  u_dma_fed_datapath/u_datapath/u_core/u_feeder/emit_ky_q_reg[7]/C
                         clock pessimism              0.000     5.029    
                         clock uncertainty           -0.035     4.994    
    SLICE_X51Y24         FDRE (Setup_HFF2_SLICEL_C_CE)
                                                     -0.079     4.915    u_dma_fed_datapath/u_datapath/u_core/u_feeder/emit_ky_q_reg[7]
  -------------------------------------------------------------------
                         required time                          4.915    
                         arrival time                          -4.609    
  -------------------------------------------------------------------
                         slack                                  0.305    

Slack (MET) :             0.307ns  (required time - arrival time)
  Source:                 u_dma_fed_datapath/u_datapath/u_core/u_feeder/scan_x_q_reg[0]/C
                            (rising edge-triggered cell FDRE clocked by clk  {rise@0.000ns fall@2.500ns period=5.000ns})
  Destination:            u_dma_fed_datapath/u_datapath/u_core/u_feeder/emit_ky_q_reg[6]/CE
                            (rising edge-triggered cell FDRE clocked by clk  {rise@0.000ns fall@2.500ns period=5.000ns})
  Path Group:             clk
  Path Type:              Setup (Max at Slow Process Corner)
  Requirement:            5.000ns  (clk rise@5.000ns - clk rise@0.000ns)
  Data Path Delay:        4.565ns  (logic 1.295ns (28.367%)  route 3.270ns (71.633%))
  Logic Levels:           9  (LUT5=2 LUT6=7)
  Clock Path Skew:        -0.013ns (DCD - SCD + CPR)
    Destination Clock Delay (DCD):    0.029ns = ( 5.029 - 5.000 ) 
    Source Clock Delay      (SCD):    0.042ns
    Clock Pessimism Removal (CPR):    0.000ns
  Clock Uncertainty:      0.035ns  ((TSJ^2 + TIJ^2)^1/2 + DJ) / 2 + PE
    Total System Jitter     (TSJ):    0.071ns
    Total Input Jitter      (TIJ):    0.000ns
    Discrete Jitter          (DJ):    0.000ns
    Phase Error              (PE):    0.000ns

    Location             Delay type                Incr(ns)  Path(ns)    Netlist Resource(s)
  -------------------------------------------------------------------    -------------------
                         (clock clk rise edge)        0.000     0.000 r  
                                                      0.000     0.000 r  clk (IN)
                         net (fo=6358, unset)         0.042     0.042    u_dma_fed_datapath/u_datapath/u_core/u_feeder/clk
    SLICE_X48Y17         FDRE                                         r  u_dma_fed_datapath/u_datapath/u_core/u_feeder/scan_x_q_reg[0]/C
  -------------------------------------------------------------------    -------------------
    SLICE_X48Y17         FDRE (Prop_HFF_SLICEL_C_Q)
                                                      0.113     0.155 r  u_dma_fed_datapath/u_datapath/u_core/u_feeder/scan_x_q_reg[0]/Q
                         net (fo=17, routed)          0.592     0.747    u_dma_fed_datapath/u_datapath/u_core/u_feeder/scan_x_q[0]
    SLICE_X50Y15         LUT6 (Prop_G6LUT_SLICEL_I2_O)
                                                      0.186     0.933 f  u_dma_fed_datapath/u_datapath/u_core/u_feeder/g_ring_bank[0].mem_reg_i_312/O
                         net (fo=1, routed)           0.179     1.112    u_dma_fed_datapath/u_datapath/u_core/u_feeder/g_ring_bank[0].mem_reg_i_312_n_0
    SLICE_X49Y15         LUT5 (Prop_A6LUT_SLICEL_I3_O)
                                                      0.152     1.264 f  u_dma_fed_datapath/u_datapath/u_core/u_feeder/g_ring_bank[0].mem_reg_i_310/O
                         net (fo=1, routed)           0.049     1.313    u_dma_fed_datapath/u_datapath/u_core/u_feeder/g_ring_bank[0].mem_reg_i_310_n_0
    SLICE_X49Y15         LUT6 (Prop_C6LUT_SLICEL_I0_O)
                                                      0.056     1.369 f  u_dma_fed_datapath/u_datapath/u_core/u_feeder/g_ring_bank[0].mem_reg_i_288/O
                         net (fo=1, routed)           0.050     1.419    u_dma_fed_datapath/u_datapath/u_core/u_feeder/g_ring_bank[0].mem_reg_i_288_n_0
    SLICE_X49Y15         LUT6 (Prop_D6LUT_SLICEL_I4_O)
                                                      0.057     1.476 r  u_dma_fed_datapath/u_datapath/u_core/u_feeder/g_ring_bank[0].mem_reg_i_276/O
                         net (fo=3, routed)           0.464     1.940    u_dma_fed_datapath/u_datapath/u_core/u_feeder/g_ring_bank[0].mem_reg_i_276_n_0
    SLICE_X48Y16         LUT6 (Prop_H6LUT_SLICEL_I4_O)
                                                      0.137     2.077 f  u_dma_fed_datapath/u_datapath/u_core/u_feeder/scan_x_q[7]_i_4/O
                         net (fo=1, routed)           0.467     2.544    u_dma_fed_datapath/u_datapath/u_core/u_feeder/scan_x_q[7]_i_4_n_0
    SLICE_X49Y16         LUT5 (Prop_C6LUT_SLICEL_I1_O)
                                                      0.081     2.625 f  u_dma_fed_datapath/u_datapath/u_core/u_feeder/scan_x_q[7]_i_3/O
                         net (fo=2, routed)           0.453     3.078    u_dma_fed_datapath/u_datapath/u_core/u_feeder/scan_x_q[7]_i_3_n_0
    SLICE_X56Y19         LUT6 (Prop_C6LUT_SLICEL_I1_O)
                                                      0.150     3.228 f  u_dma_fed_datapath/u_datapath/u_core/u_feeder/emit_ic_q[3]_i_12/O
                         net (fo=1, routed)           0.134     3.362    u_dma_fed_datapath/u_datapath/u_core/u_feeder/emit_ic_q[3]_i_12_n_0
    SLICE_X54Y19         LUT6 (Prop_G6LUT_SLICEM_I4_O)
                                                      0.226     3.588 f  u_dma_fed_datapath/u_datapath/u_core/u_feeder/emit_ic_q[3]_i_5/O
                         net (fo=24, routed)          0.484     4.072    u_dma_fed_datapath/u_datapath/u_core/u_feeder/emit_ic_q[3]_i_5_n_0
    SLICE_X50Y22         LUT6 (Prop_H6LUT_SLICEL_I5_O)
                                                      0.137     4.209 r  u_dma_fed_datapath/u_datapath/u_core/u_feeder/emit_ky_q[7]_i_2/O
                         net (fo=8, routed)           0.398     4.607    u_dma_fed_datapath/u_datapath/u_core/u_feeder/emit_ky_q[7]_i_2_n_0
    SLICE_X51Y24         FDRE                                         r  u_dma_fed_datapath/u_datapath/u_core/u_feeder/emit_ky_q_reg[6]/CE
  -------------------------------------------------------------------    -------------------

                         (clock clk rise edge)        5.000     5.000 r  
                                                      0.000     5.000 r  clk (IN)
                         net (fo=6358, unset)         0.029     5.029    u_dma_fed_datapath/u_datapath/u_core/u_feeder/clk
    SLICE_X51Y24         FDRE                                         r  u_dma_fed_datapath/u_datapath/u_core/u_feeder/emit_ky_q_reg[6]/C
                         clock pessimism              0.000     5.029    
                         clock uncertainty           -0.035     4.994    
    SLICE_X51Y24         FDRE (Setup_HFF_SLICEL_C_CE)
                                                     -0.079     4.915    u_dma_fed_datapath/u_datapath/u_core/u_feeder/emit_ky_q_reg[6]
  -------------------------------------------------------------------
                         required time                          4.915    
                         arrival time                          -4.607    
  -------------------------------------------------------------------
                         slack                                  0.307    

Slack (MET) :             0.326ns  (required time - arrival time)
  Source:                 u_dma_fed_datapath/u_datapath/u_core/u_feeder/scan_x_q_reg[0]/C
                            (rising edge-triggered cell FDRE clocked by clk  {rise@0.000ns fall@2.500ns period=5.000ns})
  Destination:            u_dma_fed_datapath/u_datapath/u_activation/segment1/bank1/reads_issued_q_reg[2]/CE
                            (rising edge-triggered cell FDRE clocked by clk  {rise@0.000ns fall@2.500ns period=5.000ns})
  Path Group:             clk
  Path Type:              Setup (Max at Slow Process Corner)
  Requirement:            5.000ns  (clk rise@5.000ns - clk rise@0.000ns)
  Data Path Delay:        4.547ns  (logic 0.898ns (19.751%)  route 3.649ns (80.249%))
  Logic Levels:           9  (LUT4=1 LUT5=4 LUT6=4)
  Clock Path Skew:        -0.013ns (DCD - SCD + CPR)
    Destination Clock Delay (DCD):    0.029ns = ( 5.029 - 5.000 ) 
    Source Clock Delay      (SCD):    0.042ns
    Clock Pessimism Removal (CPR):    0.000ns
  Clock Uncertainty:      0.035ns  ((TSJ^2 + TIJ^2)^1/2 + DJ) / 2 + PE
    Total System Jitter     (TSJ):    0.071ns
    Total Input Jitter      (TIJ):    0.000ns
    Discrete Jitter          (DJ):    0.000ns
    Phase Error              (PE):    0.000ns

    Location             Delay type                Incr(ns)  Path(ns)    Netlist Resource(s)
  -------------------------------------------------------------------    -------------------
                         (clock clk rise edge)        0.000     0.000 r  
                                                      0.000     0.000 r  clk (IN)
                         net (fo=6358, unset)         0.042     0.042    u_dma_fed_datapath/u_datapath/u_core/u_feeder/clk
    SLICE_X48Y17         FDRE                                         r  u_dma_fed_datapath/u_datapath/u_core/u_feeder/scan_x_q_reg[0]/C
  -------------------------------------------------------------------    -------------------
    SLICE_X48Y17         FDRE (Prop_HFF_SLICEL_C_Q)
                                                      0.113     0.155 f  u_dma_fed_datapath/u_datapath/u_core/u_feeder/scan_x_q_reg[0]/Q
                         net (fo=17, routed)          0.592     0.747    u_dma_fed_datapath/u_datapath/u_core/u_feeder/scan_x_q[0]
    SLICE_X50Y15         LUT6 (Prop_G6LUT_SLICEL_I2_O)
                                                      0.186     0.933 r  u_dma_fed_datapath/u_datapath/u_core/u_feeder/g_ring_bank[0].mem_reg_i_312/O
                         net (fo=1, routed)           0.179     1.112    u_dma_fed_datapath/u_datapath/u_core/u_feeder/g_ring_bank[0].mem_reg_i_312_n_0
    SLICE_X49Y15         LUT5 (Prop_A6LUT_SLICEL_I3_O)
                                                      0.152     1.264 r  u_dma_fed_datapath/u_datapath/u_core/u_feeder/g_ring_bank[0].mem_reg_i_310/O
                         net (fo=1, routed)           0.049     1.313    u_dma_fed_datapath/u_datapath/u_core/u_feeder/g_ring_bank[0].mem_reg_i_310_n_0
    SLICE_X49Y15         LUT6 (Prop_C6LUT_SLICEL_I0_O)
                                                      0.056     1.369 r  u_dma_fed_datapath/u_datapath/u_core/u_feeder/g_ring_bank[0].mem_reg_i_288/O
                         net (fo=1, routed)           0.050     1.419    u_dma_fed_datapath/u_datapath/u_core/u_feeder/g_ring_bank[0].mem_reg_i_288_n_0
    SLICE_X49Y15         LUT6 (Prop_D6LUT_SLICEL_I4_O)
                                                      0.057     1.476 f  u_dma_fed_datapath/u_datapath/u_core/u_feeder/g_ring_bank[0].mem_reg_i_276/O
                         net (fo=3, routed)           0.436     1.911    u_dma_fed_datapath/u_datapath/u_core/u_feeder/g_ring_bank[0].mem_reg_i_276_n_0
    SLICE_X48Y15         LUT5 (Prop_C6LUT_SLICEL_I0_O)
                                                      0.081     1.992 f  u_dma_fed_datapath/u_datapath/u_core/u_feeder/g_ring_bank[0].mem_reg_i_258/O
                         net (fo=2, routed)           0.173     2.165    u_dma_fed_datapath/u_datapath/u_core/u_feeder/g_ring_bank[0].mem_reg_i_258_n_0
    SLICE_X48Y16         LUT5 (Prop_G6LUT_SLICEL_I4_O)
                                                      0.082     2.247 r  u_dma_fed_datapath/u_datapath/u_core/u_feeder/g_ring_bank[0].mem_reg_i_92/O
                         net (fo=76, routed)          0.190     2.437    u_dma_fed_datapath/u_datapath/u_core/u_feeder/scan_y_q_reg[7]_0
    SLICE_X47Y17         LUT4 (Prop_H6LUT_SLICEL_I2_O)
                                                      0.058     2.495 r  u_dma_fed_datapath/u_datapath/u_core/u_feeder/read_done_i_3/O
                         net (fo=29, routed)          0.706     3.201    u_dma_fed_datapath/u_datapath/u_activation/segment1/bank1/activation_read_ready
    SLICE_X49Y10         LUT5 (Prop_C6LUT_SLICEL_I2_O)
                                                      0.056     3.257 r  u_dma_fed_datapath/u_datapath/u_activation/segment1/bank1/pending_index_q[8]_i_1__1/O
                         net (fo=22, routed)          0.587     3.844    u_dma_fed_datapath/u_datapath/u_activation/segment1/bank1/mem_read_q
    SLICE_X48Y13         LUT6 (Prop_G6LUT_SLICEL_I0_O)
                                                      0.057     3.901 r  u_dma_fed_datapath/u_datapath/u_activation/segment1/bank1/reads_issued_q[9]_i_1__2/O
                         net (fo=10, routed)          0.688     4.589    u_dma_fed_datapath/u_datapath/u_activation/segment1/bank1/reads_issued_q[9]_i_1__2_n_0
    SLICE_X50Y10         FDRE                                         r  u_dma_fed_datapath/u_datapath/u_activation/segment1/bank1/reads_issued_q_reg[2]/CE
  -------------------------------------------------------------------    -------------------

                         (clock clk rise edge)        5.000     5.000 r  
                                                      0.000     5.000 r  clk (IN)
                         net (fo=6358, unset)         0.029     5.029    u_dma_fed_datapath/u_datapath/u_activation/segment1/bank1/clk
    SLICE_X50Y10         FDRE                                         r  u_dma_fed_datapath/u_datapath/u_activation/segment1/bank1/reads_issued_q_reg[2]/C
                         clock pessimism              0.000     5.029    
                         clock uncertainty           -0.035     4.994    
    SLICE_X50Y10         FDRE (Setup_CFF_SLICEL_C_CE)
                                                     -0.079     4.915    u_dma_fed_datapath/u_datapath/u_activation/segment1/bank1/reads_issued_q_reg[2]
  -------------------------------------------------------------------
                         required time                          4.915    
                         arrival time                          -4.589    
  -------------------------------------------------------------------
                         slack                                  0.326    

Slack (MET) :             0.327ns  (required time - arrival time)
  Source:                 u_dma_fed_datapath/u_datapath/u_core/u_feeder/scan_x_q_reg[0]/C
                            (rising edge-triggered cell FDRE clocked by clk  {rise@0.000ns fall@2.500ns period=5.000ns})
  Destination:            u_dma_fed_datapath/u_datapath/u_activation/segment1/bank1/reads_issued_q_reg[3]/CE
                            (rising edge-triggered cell FDRE clocked by clk  {rise@0.000ns fall@2.500ns period=5.000ns})
  Path Group:             clk
  Path Type:              Setup (Max at Slow Process Corner)
  Requirement:            5.000ns  (clk rise@5.000ns - clk rise@0.000ns)
  Data Path Delay:        4.547ns  (logic 0.898ns (19.751%)  route 3.649ns (80.249%))
  Logic Levels:           9  (LUT4=1 LUT5=4 LUT6=4)
  Clock Path Skew:        -0.013ns (DCD - SCD + CPR)
    Destination Clock Delay (DCD):    0.029ns = ( 5.029 - 5.000 ) 
    Source Clock Delay      (SCD):    0.042ns
    Clock Pessimism Removal (CPR):    0.000ns
  Clock Uncertainty:      0.035ns  ((TSJ^2 + TIJ^2)^1/2 + DJ) / 2 + PE
    Total System Jitter     (TSJ):    0.071ns
    Total Input Jitter      (TIJ):    0.000ns
    Discrete Jitter          (DJ):    0.000ns
    Phase Error              (PE):    0.000ns

    Location             Delay type                Incr(ns)  Path(ns)    Netlist Resource(s)
  -------------------------------------------------------------------    -------------------
                         (clock clk rise edge)        0.000     0.000 r  
                                                      0.000     0.000 r  clk (IN)
                         net (fo=6358, unset)         0.042     0.042    u_dma_fed_datapath/u_datapath/u_core/u_feeder/clk
    SLICE_X48Y17         FDRE                                         r  u_dma_fed_datapath/u_datapath/u_core/u_feeder/scan_x_q_reg[0]/C
  -------------------------------------------------------------------    -------------------
    SLICE_X48Y17         FDRE (Prop_HFF_SLICEL_C_Q)
                                                      0.113     0.155 f  u_dma_fed_datapath/u_datapath/u_core/u_feeder/scan_x_q_reg[0]/Q
                         net (fo=17, routed)          0.592     0.747    u_dma_fed_datapath/u_datapath/u_core/u_feeder/scan_x_q[0]
    SLICE_X50Y15         LUT6 (Prop_G6LUT_SLICEL_I2_O)
                                                      0.186     0.933 r  u_dma_fed_datapath/u_datapath/u_core/u_feeder/g_ring_bank[0].mem_reg_i_312/O
                         net (fo=1, routed)           0.179     1.112    u_dma_fed_datapath/u_datapath/u_core/u_feeder/g_ring_bank[0].mem_reg_i_312_n_0
    SLICE_X49Y15         LUT5 (Prop_A6LUT_SLICEL_I3_O)
                                                      0.152     1.264 r  u_dma_fed_datapath/u_datapath/u_core/u_feeder/g_ring_bank[0].mem_reg_i_310/O
                         net (fo=1, routed)           0.049     1.313    u_dma_fed_datapath/u_datapath/u_core/u_feeder/g_ring_bank[0].mem_reg_i_310_n_0
    SLICE_X49Y15         LUT6 (Prop_C6LUT_SLICEL_I0_O)
                                                      0.056     1.369 r  u_dma_fed_datapath/u_datapath/u_core/u_feeder/g_ring_bank[0].mem_reg_i_288/O
                         net (fo=1, routed)           0.050     1.419    u_dma_fed_datapath/u_datapath/u_core/u_feeder/g_ring_bank[0].mem_reg_i_288_n_0
    SLICE_X49Y15         LUT6 (Prop_D6LUT_SLICEL_I4_O)
                                                      0.057     1.476 f  u_dma_fed_datapath/u_datapath/u_core/u_feeder/g_ring_bank[0].mem_reg_i_276/O
                         net (fo=3, routed)           0.436     1.911    u_dma_fed_datapath/u_datapath/u_core/u_feeder/g_ring_bank[0].mem_reg_i_276_n_0
    SLICE_X48Y15         LUT5 (Prop_C6LUT_SLICEL_I0_O)
                                                      0.081     1.992 f  u_dma_fed_datapath/u_datapath/u_core/u_feeder/g_ring_bank[0].mem_reg_i_258/O
                         net (fo=2, routed)           0.173     2.165    u_dma_fed_datapath/u_datapath/u_core/u_feeder/g_ring_bank[0].mem_reg_i_258_n_0
    SLICE_X48Y16         LUT5 (Prop_G6LUT_SLICEL_I4_O)
                                                      0.082     2.247 r  u_dma_fed_datapath/u_datapath/u_core/u_feeder/g_ring_bank[0].mem_reg_i_92/O
                         net (fo=76, routed)          0.190     2.437    u_dma_fed_datapath/u_datapath/u_core/u_feeder/scan_y_q_reg[7]_0
    SLICE_X47Y17         LUT4 (Prop_H6LUT_SLICEL_I2_O)
                                                      0.058     2.495 r  u_dma_fed_datapath/u_datapath/u_core/u_feeder/read_done_i_3/O
                         net (fo=29, routed)          0.706     3.201    u_dma_fed_datapath/u_datapath/u_activation/segment1/bank1/activation_read_ready
    SLICE_X49Y10         LUT5 (Prop_C6LUT_SLICEL_I2_O)
                                                      0.056     3.257 r  u_dma_fed_datapath/u_datapath/u_activation/segment1/bank1/pending_index_q[8]_i_1__1/O
                         net (fo=22, routed)          0.587     3.844    u_dma_fed_datapath/u_datapath/u_activation/segment1/bank1/mem_read_q
    SLICE_X48Y13         LUT6 (Prop_G6LUT_SLICEL_I0_O)
                                                      0.057     3.901 r  u_dma_fed_datapath/u_datapath/u_activation/segment1/bank1/reads_issued_q[9]_i_1__2/O
                         net (fo=10, routed)          0.688     4.589    u_dma_fed_datapath/u_datapath/u_activation/segment1/bank1/reads_issued_q[9]_i_1__2_n_0
    SLICE_X50Y10         FDRE                                         r  u_dma_fed_datapath/u_datapath/u_activation/segment1/bank1/reads_issued_q_reg[3]/CE
  -------------------------------------------------------------------    -------------------

                         (clock clk rise edge)        5.000     5.000 r  
                                                      0.000     5.000 r  clk (IN)
                         net (fo=6358, unset)         0.029     5.029    u_dma_fed_datapath/u_datapath/u_activation/segment1/bank1/clk
    SLICE_X50Y10         FDRE                                         r  u_dma_fed_datapath/u_datapath/u_activation/segment1/bank1/reads_issued_q_reg[3]/C
                         clock pessimism              0.000     5.029    
                         clock uncertainty           -0.035     4.994    
    SLICE_X50Y10         FDRE (Setup_CFF2_SLICEL_C_CE)
                                                     -0.078     4.916    u_dma_fed_datapath/u_datapath/u_activation/segment1/bank1/reads_issued_q_reg[3]
  -------------------------------------------------------------------
                         required time                          4.916    
                         arrival time                          -4.589    
  -------------------------------------------------------------------
                         slack                                  0.327    

Slack (MET) :             0.336ns  (required time - arrival time)
  Source:                 u_dma_fed_datapath/u_datapath/u_core/u_feeder/scan_x_q_reg[0]/C
                            (rising edge-triggered cell FDRE clocked by clk  {rise@0.000ns fall@2.500ns period=5.000ns})
  Destination:            u_dma_fed_datapath/u_datapath/u_core/u_feeder/emit_ky_q_reg[2]/CE
                            (rising edge-triggered cell FDRE clocked by clk  {rise@0.000ns fall@2.500ns period=5.000ns})
  Path Group:             clk
  Path Type:              Setup (Max at Slow Process Corner)
  Requirement:            5.000ns  (clk rise@5.000ns - clk rise@0.000ns)
  Data Path Delay:        4.536ns  (logic 1.295ns (28.547%)  route 3.241ns (71.453%))
  Logic Levels:           9  (LUT5=2 LUT6=7)
  Clock Path Skew:        -0.013ns (DCD - SCD + CPR)
    Destination Clock Delay (DCD):    0.029ns = ( 5.029 - 5.000 ) 
    Source Clock Delay      (SCD):    0.042ns
    Clock Pessimism Removal (CPR):    0.000ns
  Clock Uncertainty:      0.035ns  ((TSJ^2 + TIJ^2)^1/2 + DJ) / 2 + PE
    Total System Jitter     (TSJ):    0.071ns
    Total Input Jitter      (TIJ):    0.000ns
    Discrete Jitter          (DJ):    0.000ns
    Phase Error              (PE):    0.000ns

    Location             Delay type                Incr(ns)  Path(ns)    Netlist Resource(s)
  -------------------------------------------------------------------    -------------------
                         (clock clk rise edge)        0.000     0.000 r  
                                                      0.000     0.000 r  clk (IN)
                         net (fo=6358, unset)         0.042     0.042    u_dma_fed_datapath/u_datapath/u_core/u_feeder/clk
    SLICE_X48Y17         FDRE                                         r  u_dma_fed_datapath/u_datapath/u_core/u_feeder/scan_x_q_reg[0]/C
  -------------------------------------------------------------------    -------------------
    SLICE_X48Y17         FDRE (Prop_HFF_SLICEL_C_Q)
                                                      0.113     0.155 r  u_dma_fed_datapath/u_datapath/u_core/u_feeder/scan_x_q_reg[0]/Q
                         net (fo=17, routed)          0.592     0.747    u_dma_fed_datapath/u_datapath/u_core/u_feeder/scan_x_q[0]
    SLICE_X50Y15         LUT6 (Prop_G6LUT_SLICEL_I2_O)
                                                      0.186     0.933 f  u_dma_fed_datapath/u_datapath/u_core/u_feeder/g_ring_bank[0].mem_reg_i_312/O
                         net (fo=1, routed)           0.179     1.112    u_dma_fed_datapath/u_datapath/u_core/u_feeder/g_ring_bank[0].mem_reg_i_312_n_0
    SLICE_X49Y15         LUT5 (Prop_A6LUT_SLICEL_I3_O)
                                                      0.152     1.264 f  u_dma_fed_datapath/u_datapath/u_core/u_feeder/g_ring_bank[0].mem_reg_i_310/O
                         net (fo=1, routed)           0.049     1.313    u_dma_fed_datapath/u_datapath/u_core/u_feeder/g_ring_bank[0].mem_reg_i_310_n_0
    SLICE_X49Y15         LUT6 (Prop_C6LUT_SLICEL_I0_O)
                                                      0.056     1.369 f  u_dma_fed_datapath/u_datapath/u_core/u_feeder/g_ring_bank[0].mem_reg_i_288/O
                         net (fo=1, routed)           0.050     1.419    u_dma_fed_datapath/u_datapath/u_core/u_feeder/g_ring_bank[0].mem_reg_i_288_n_0
    SLICE_X49Y15         LUT6 (Prop_D6LUT_SLICEL_I4_O)
                                                      0.057     1.476 r  u_dma_fed_datapath/u_datapath/u_core/u_feeder/g_ring_bank[0].mem_reg_i_276/O
                         net (fo=3, routed)           0.464     1.940    u_dma_fed_datapath/u_datapath/u_core/u_feeder/g_ring_bank[0].mem_reg_i_276_n_0
    SLICE_X48Y16         LUT6 (Prop_H6LUT_SLICEL_I4_O)
                                                      0.137     2.077 f  u_dma_fed_datapath/u_datapath/u_core/u_feeder/scan_x_q[7]_i_4/O
                         net (fo=1, routed)           0.467     2.544    u_dma_fed_datapath/u_datapath/u_core/u_feeder/scan_x_q[7]_i_4_n_0
    SLICE_X49Y16         LUT5 (Prop_C6LUT_SLICEL_I1_O)
                                                      0.081     2.625 f  u_dma_fed_datapath/u_datapath/u_core/u_feeder/scan_x_q[7]_i_3/O
                         net (fo=2, routed)           0.453     3.078    u_dma_fed_datapath/u_datapath/u_core/u_feeder/scan_x_q[7]_i_3_n_0
    SLICE_X56Y19         LUT6 (Prop_C6LUT_SLICEL_I1_O)
                                                      0.150     3.228 f  u_dma_fed_datapath/u_datapath/u_core/u_feeder/emit_ic_q[3]_i_12/O
                         net (fo=1, routed)           0.134     3.362    u_dma_fed_datapath/u_datapath/u_core/u_feeder/emit_ic_q[3]_i_12_n_0
    SLICE_X54Y19         LUT6 (Prop_G6LUT_SLICEM_I4_O)
                                                      0.226     3.588 f  u_dma_fed_datapath/u_datapath/u_core/u_feeder/emit_ic_q[3]_i_5/O
                         net (fo=24, routed)          0.484     4.072    u_dma_fed_datapath/u_datapath/u_core/u_feeder/emit_ic_q[3]_i_5_n_0
    SLICE_X50Y22         LUT6 (Prop_H6LUT_SLICEL_I5_O)
                                                      0.137     4.209 r  u_dma_fed_datapath/u_datapath/u_core/u_feeder/emit_ky_q[7]_i_2/O
                         net (fo=8, routed)           0.369     4.578    u_dma_fed_datapath/u_datapath/u_core/u_feeder/emit_ky_q[7]_i_2_n_0
    SLICE_X50Y24         FDRE                                         r  u_dma_fed_datapath/u_datapath/u_core/u_feeder/emit_ky_q_reg[2]/CE
  -------------------------------------------------------------------    -------------------

                         (clock clk rise edge)        5.000     5.000 r  
                                                      0.000     5.000 r  clk (IN)
                         net (fo=6358, unset)         0.029     5.029    u_dma_fed_datapath/u_datapath/u_core/u_feeder/clk
    SLICE_X50Y24         FDRE                                         r  u_dma_fed_datapath/u_datapath/u_core/u_feeder/emit_ky_q_reg[2]/C
                         clock pessimism              0.000     5.029    
                         clock uncertainty           -0.035     4.994    
    SLICE_X50Y24         FDRE (Setup_DFF_SLICEL_C_CE)
                                                     -0.079     4.915    u_dma_fed_datapath/u_datapath/u_core/u_feeder/emit_ky_q_reg[2]
  -------------------------------------------------------------------
                         required time                          4.915    
                         arrival time                          -4.578    
  -------------------------------------------------------------------
                         slack                                  0.336    

Slack (MET) :             0.336ns  (required time - arrival time)
  Source:                 u_dma_fed_datapath/u_datapath/u_core/u_feeder/scan_x_q_reg[0]/C
                            (rising edge-triggered cell FDRE clocked by clk  {rise@0.000ns fall@2.500ns period=5.000ns})
  Destination:            u_dma_fed_datapath/u_datapath/u_core/u_feeder/emit_ky_q_reg[4]/CE
                            (rising edge-triggered cell FDRE clocked by clk  {rise@0.000ns fall@2.500ns period=5.000ns})
  Path Group:             clk
  Path Type:              Setup (Max at Slow Process Corner)
  Requirement:            5.000ns  (clk rise@5.000ns - clk rise@0.000ns)
  Data Path Delay:        4.536ns  (logic 1.295ns (28.547%)  route 3.241ns (71.453%))
  Logic Levels:           9  (LUT5=2 LUT6=7)
  Clock Path Skew:        -0.013ns (DCD - SCD + CPR)
    Destination Clock Delay (DCD):    0.029ns = ( 5.029 - 5.000 ) 
    Source Clock Delay      (SCD):    0.042ns
    Clock Pessimism Removal (CPR):    0.000ns
  Clock Uncertainty:      0.035ns  ((TSJ^2 + TIJ^2)^1/2 + DJ) / 2 + PE
    Total System Jitter     (TSJ):    0.071ns
    Total Input Jitter      (TIJ):    0.000ns
    Discrete Jitter          (DJ):    0.000ns
    Phase Error              (PE):    0.000ns

    Location             Delay type                Incr(ns)  Path(ns)    Netlist Resource(s)
  -------------------------------------------------------------------    -------------------
                         (clock clk rise edge)        0.000     0.000 r  
                                                      0.000     0.000 r  clk (IN)
                         net (fo=6358, unset)         0.042     0.042    u_dma_fed_datapath/u_datapath/u_core/u_feeder/clk
    SLICE_X48Y17         FDRE                                         r  u_dma_fed_datapath/u_datapath/u_core/u_feeder/scan_x_q_reg[0]/C
  -------------------------------------------------------------------    -------------------
    SLICE_X48Y17         FDRE (Prop_HFF_SLICEL_C_Q)
                                                      0.113     0.155 r  u_dma_fed_datapath/u_datapath/u_core/u_feeder/scan_x_q_reg[0]/Q
                         net (fo=17, routed)          0.592     0.747    u_dma_fed_datapath/u_datapath/u_core/u_feeder/scan_x_q[0]
    SLICE_X50Y15         LUT6 (Prop_G6LUT_SLICEL_I2_O)
                                                      0.186     0.933 f  u_dma_fed_datapath/u_datapath/u_core/u_feeder/g_ring_bank[0].mem_reg_i_312/O
                         net (fo=1, routed)           0.179     1.112    u_dma_fed_datapath/u_datapath/u_core/u_feeder/g_ring_bank[0].mem_reg_i_312_n_0
    SLICE_X49Y15         LUT5 (Prop_A6LUT_SLICEL_I3_O)
                                                      0.152     1.264 f  u_dma_fed_datapath/u_datapath/u_core/u_feeder/g_ring_bank[0].mem_reg_i_310/O
                         net (fo=1, routed)           0.049     1.313    u_dma_fed_datapath/u_datapath/u_core/u_feeder/g_ring_bank[0].mem_reg_i_310_n_0
    SLICE_X49Y15         LUT6 (Prop_C6LUT_SLICEL_I0_O)
                                                      0.056     1.369 f  u_dma_fed_datapath/u_datapath/u_core/u_feeder/g_ring_bank[0].mem_reg_i_288/O
                         net (fo=1, routed)           0.050     1.419    u_dma_fed_datapath/u_datapath/u_core/u_feeder/g_ring_bank[0].mem_reg_i_288_n_0
    SLICE_X49Y15         LUT6 (Prop_D6LUT_SLICEL_I4_O)
                                                      0.057     1.476 r  u_dma_fed_datapath/u_datapath/u_core/u_feeder/g_ring_bank[0].mem_reg_i_276/O
                         net (fo=3, routed)           0.464     1.940    u_dma_fed_datapath/u_datapath/u_core/u_feeder/g_ring_bank[0].mem_reg_i_276_n_0
    SLICE_X48Y16         LUT6 (Prop_H6LUT_SLICEL_I4_O)
                                                      0.137     2.077 f  u_dma_fed_datapath/u_datapath/u_core/u_feeder/scan_x_q[7]_i_4/O
                         net (fo=1, routed)           0.467     2.544    u_dma_fed_datapath/u_datapath/u_core/u_feeder/scan_x_q[7]_i_4_n_0
    SLICE_X49Y16         LUT5 (Prop_C6LUT_SLICEL_I1_O)
                                                      0.081     2.625 f  u_dma_fed_datapath/u_datapath/u_core/u_feeder/scan_x_q[7]_i_3/O
                         net (fo=2, routed)           0.453     3.078    u_dma_fed_datapath/u_datapath/u_core/u_feeder/scan_x_q[7]_i_3_n_0
    SLICE_X56Y19         LUT6 (Prop_C6LUT_SLICEL_I1_O)
                                                      0.150     3.228 f  u_dma_fed_datapath/u_datapath/u_core/u_feeder/emit_ic_q[3]_i_12/O
                         net (fo=1, routed)           0.134     3.362    u_dma_fed_datapath/u_datapath/u_core/u_feeder/emit_ic_q[3]_i_12_n_0
    SLICE_X54Y19         LUT6 (Prop_G6LUT_SLICEM_I4_O)
                                                      0.226     3.588 f  u_dma_fed_datapath/u_datapath/u_core/u_feeder/emit_ic_q[3]_i_5/O
                         net (fo=24, routed)          0.484     4.072    u_dma_fed_datapath/u_datapath/u_core/u_feeder/emit_ic_q[3]_i_5_n_0
    SLICE_X50Y22         LUT6 (Prop_H6LUT_SLICEL_I5_O)
                                                      0.137     4.209 r  u_dma_fed_datapath/u_datapath/u_core/u_feeder/emit_ky_q[7]_i_2/O
                         net (fo=8, routed)           0.369     4.578    u_dma_fed_datapath/u_datapath/u_core/u_feeder/emit_ky_q[7]_i_2_n_0
    SLICE_X50Y24         FDRE                                         r  u_dma_fed_datapath/u_datapath/u_core/u_feeder/emit_ky_q_reg[4]/CE
  -------------------------------------------------------------------    -------------------

                         (clock clk rise edge)        5.000     5.000 r  
                                                      0.000     5.000 r  clk (IN)
                         net (fo=6358, unset)         0.029     5.029    u_dma_fed_datapath/u_datapath/u_core/u_feeder/clk
    SLICE_X50Y24         FDRE                                         r  u_dma_fed_datapath/u_datapath/u_core/u_feeder/emit_ky_q_reg[4]/C
                         clock pessimism              0.000     5.029    
                         clock uncertainty           -0.035     4.994    
    SLICE_X50Y24         FDRE (Setup_CFF_SLICEL_C_CE)
                                                     -0.079     4.915    u_dma_fed_datapath/u_datapath/u_core/u_feeder/emit_ky_q_reg[4]
  -------------------------------------------------------------------
                         required time                          4.915    
                         arrival time                          -4.578    
  -------------------------------------------------------------------
                         slack                                  0.336    

Slack (MET) :             0.337ns  (required time - arrival time)
  Source:                 u_dma_fed_datapath/u_datapath/u_core/u_feeder/scan_x_q_reg[0]/C
                            (rising edge-triggered cell FDRE clocked by clk  {rise@0.000ns fall@2.500ns period=5.000ns})
  Destination:            u_dma_fed_datapath/u_datapath/u_core/u_feeder/emit_ky_q_reg[3]/CE
                            (rising edge-triggered cell FDRE clocked by clk  {rise@0.000ns fall@2.500ns period=5.000ns})
  Path Group:             clk
  Path Type:              Setup (Max at Slow Process Corner)
  Requirement:            5.000ns  (clk rise@5.000ns - clk rise@0.000ns)
  Data Path Delay:        4.536ns  (logic 1.295ns (28.547%)  route 3.241ns (71.453%))
  Logic Levels:           9  (LUT5=2 LUT6=7)
  Clock Path Skew:        -0.013ns (DCD - SCD + CPR)
    Destination Clock Delay (DCD):    0.029ns = ( 5.029 - 5.000 ) 
    Source Clock Delay      (SCD):    0.042ns
    Clock Pessimism Removal (CPR):    0.000ns
  Clock Uncertainty:      0.035ns  ((TSJ^2 + TIJ^2)^1/2 + DJ) / 2 + PE
    Total System Jitter     (TSJ):    0.071ns
    Total Input Jitter      (TIJ):    0.000ns
    Discrete Jitter          (DJ):    0.000ns
    Phase Error              (PE):    0.000ns

    Location             Delay type                Incr(ns)  Path(ns)    Netlist Resource(s)
  -------------------------------------------------------------------    -------------------
                         (clock clk rise edge)        0.000     0.000 r  
                                                      0.000     0.000 r  clk (IN)
                         net (fo=6358, unset)         0.042     0.042    u_dma_fed_datapath/u_datapath/u_core/u_feeder/clk
    SLICE_X48Y17         FDRE                                         r  u_dma_fed_datapath/u_datapath/u_core/u_feeder/scan_x_q_reg[0]/C
  -------------------------------------------------------------------    -------------------
    SLICE_X48Y17         FDRE (Prop_HFF_SLICEL_C_Q)
                                                      0.113     0.155 r  u_dma_fed_datapath/u_datapath/u_core/u_feeder/scan_x_q_reg[0]/Q
                         net (fo=17, routed)          0.592     0.747    u_dma_fed_datapath/u_datapath/u_core/u_feeder/scan_x_q[0]
    SLICE_X50Y15         LUT6 (Prop_G6LUT_SLICEL_I2_O)
                                                      0.186     0.933 f  u_dma_fed_datapath/u_datapath/u_core/u_feeder/g_ring_bank[0].mem_reg_i_312/O
                         net (fo=1, routed)           0.179     1.112    u_dma_fed_datapath/u_datapath/u_core/u_feeder/g_ring_bank[0].mem_reg_i_312_n_0
    SLICE_X49Y15         LUT5 (Prop_A6LUT_SLICEL_I3_O)
                                                      0.152     1.264 f  u_dma_fed_datapath/u_datapath/u_core/u_feeder/g_ring_bank[0].mem_reg_i_310/O
                         net (fo=1, routed)           0.049     1.313    u_dma_fed_datapath/u_datapath/u_core/u_feeder/g_ring_bank[0].mem_reg_i_310_n_0
    SLICE_X49Y15         LUT6 (Prop_C6LUT_SLICEL_I0_O)
                                                      0.056     1.369 f  u_dma_fed_datapath/u_datapath/u_core/u_feeder/g_ring_bank[0].mem_reg_i_288/O
                         net (fo=1, routed)           0.050     1.419    u_dma_fed_datapath/u_datapath/u_core/u_feeder/g_ring_bank[0].mem_reg_i_288_n_0
    SLICE_X49Y15         LUT6 (Prop_D6LUT_SLICEL_I4_O)
                                                      0.057     1.476 r  u_dma_fed_datapath/u_datapath/u_core/u_feeder/g_ring_bank[0].mem_reg_i_276/O
                         net (fo=3, routed)           0.464     1.940    u_dma_fed_datapath/u_datapath/u_core/u_feeder/g_ring_bank[0].mem_reg_i_276_n_0
    SLICE_X48Y16         LUT6 (Prop_H6LUT_SLICEL_I4_O)
                                                      0.137     2.077 f  u_dma_fed_datapath/u_datapath/u_core/u_feeder/scan_x_q[7]_i_4/O
                         net (fo=1, routed)           0.467     2.544    u_dma_fed_datapath/u_datapath/u_core/u_feeder/scan_x_q[7]_i_4_n_0
    SLICE_X49Y16         LUT5 (Prop_C6LUT_SLICEL_I1_O)
                                                      0.081     2.625 f  u_dma_fed_datapath/u_datapath/u_core/u_feeder/scan_x_q[7]_i_3/O
                         net (fo=2, routed)           0.453     3.078    u_dma_fed_datapath/u_datapath/u_core/u_feeder/scan_x_q[7]_i_3_n_0
    SLICE_X56Y19         LUT6 (Prop_C6LUT_SLICEL_I1_O)
                                                      0.150     3.228 f  u_dma_fed_datapath/u_datapath/u_core/u_feeder/emit_ic_q[3]_i_12/O
                         net (fo=1, routed)           0.134     3.362    u_dma_fed_datapath/u_datapath/u_core/u_feeder/emit_ic_q[3]_i_12_n_0
    SLICE_X54Y19         LUT6 (Prop_G6LUT_SLICEM_I4_O)
                                                      0.226     3.588 f  u_dma_fed_datapath/u_datapath/u_core/u_feeder/emit_ic_q[3]_i_5/O
                         net (fo=24, routed)          0.484     4.072    u_dma_fed_datapath/u_datapath/u_core/u_feeder/emit_ic_q[3]_i_5_n_0
    SLICE_X50Y22         LUT6 (Prop_H6LUT_SLICEL_I5_O)
                                                      0.137     4.209 r  u_dma_fed_datapath/u_datapath/u_core/u_feeder/emit_ky_q[7]_i_2/O
                         net (fo=8, routed)           0.369     4.578    u_dma_fed_datapath/u_datapath/u_core/u_feeder/emit_ky_q[7]_i_2_n_0
    SLICE_X50Y24         FDRE                                         r  u_dma_fed_datapath/u_datapath/u_core/u_feeder/emit_ky_q_reg[3]/CE
  -------------------------------------------------------------------    -------------------

                         (clock clk rise edge)        5.000     5.000 r  
                                                      0.000     5.000 r  clk (IN)
                         net (fo=6358, unset)         0.029     5.029    u_dma_fed_datapath/u_datapath/u_core/u_feeder/clk
    SLICE_X50Y24         FDRE                                         r  u_dma_fed_datapath/u_datapath/u_core/u_feeder/emit_ky_q_reg[3]/C
                         clock pessimism              0.000     5.029    
                         clock uncertainty           -0.035     4.994    
    SLICE_X50Y24         FDRE (Setup_DFF2_SLICEL_C_CE)
                                                     -0.078     4.916    u_dma_fed_datapath/u_datapath/u_core/u_feeder/emit_ky_q_reg[3]
  -------------------------------------------------------------------
                         required time                          4.916    
                         arrival time                          -4.578    
  -------------------------------------------------------------------
                         slack                                  0.337    

Slack (MET) :             0.337ns  (required time - arrival time)
  Source:                 u_dma_fed_datapath/u_datapath/u_core/u_feeder/scan_x_q_reg[0]/C
                            (rising edge-triggered cell FDRE clocked by clk  {rise@0.000ns fall@2.500ns period=5.000ns})
  Destination:            u_dma_fed_datapath/u_datapath/u_core/u_feeder/emit_ky_q_reg[5]/CE
                            (rising edge-triggered cell FDRE clocked by clk  {rise@0.000ns fall@2.500ns period=5.000ns})
  Path Group:             clk
  Path Type:              Setup (Max at Slow Process Corner)
  Requirement:            5.000ns  (clk rise@5.000ns - clk rise@0.000ns)
  Data Path Delay:        4.536ns  (logic 1.295ns (28.547%)  route 3.241ns (71.453%))
  Logic Levels:           9  (LUT5=2 LUT6=7)
  Clock Path Skew:        -0.013ns (DCD - SCD + CPR)
    Destination Clock Delay (DCD):    0.029ns = ( 5.029 - 5.000 ) 
    Source Clock Delay      (SCD):    0.042ns
    Clock Pessimism Removal (CPR):    0.000ns
  Clock Uncertainty:      0.035ns  ((TSJ^2 + TIJ^2)^1/2 + DJ) / 2 + PE
    Total System Jitter     (TSJ):    0.071ns
    Total Input Jitter      (TIJ):    0.000ns
    Discrete Jitter          (DJ):    0.000ns
    Phase Error              (PE):    0.000ns

    Location             Delay type                Incr(ns)  Path(ns)    Netlist Resource(s)
  -------------------------------------------------------------------    -------------------
                         (clock clk rise edge)        0.000     0.000 r  
                                                      0.000     0.000 r  clk (IN)
                         net (fo=6358, unset)         0.042     0.042    u_dma_fed_datapath/u_datapath/u_core/u_feeder/clk
    SLICE_X48Y17         FDRE                                         r  u_dma_fed_datapath/u_datapath/u_core/u_feeder/scan_x_q_reg[0]/C
  -------------------------------------------------------------------    -------------------
    SLICE_X48Y17         FDRE (Prop_HFF_SLICEL_C_Q)
                                                      0.113     0.155 r  u_dma_fed_datapath/u_datapath/u_core/u_feeder/scan_x_q_reg[0]/Q
                         net (fo=17, routed)          0.592     0.747    u_dma_fed_datapath/u_datapath/u_core/u_feeder/scan_x_q[0]
    SLICE_X50Y15         LUT6 (Prop_G6LUT_SLICEL_I2_O)
                                                      0.186     0.933 f  u_dma_fed_datapath/u_datapath/u_core/u_feeder/g_ring_bank[0].mem_reg_i_312/O
                         net (fo=1, routed)           0.179     1.112    u_dma_fed_datapath/u_datapath/u_core/u_feeder/g_ring_bank[0].mem_reg_i_312_n_0
    SLICE_X49Y15         LUT5 (Prop_A6LUT_SLICEL_I3_O)
                                                      0.152     1.264 f  u_dma_fed_datapath/u_datapath/u_core/u_feeder/g_ring_bank[0].mem_reg_i_310/O
                         net (fo=1, routed)           0.049     1.313    u_dma_fed_datapath/u_datapath/u_core/u_feeder/g_ring_bank[0].mem_reg_i_310_n_0
    SLICE_X49Y15         LUT6 (Prop_C6LUT_SLICEL_I0_O)
                                                      0.056     1.369 f  u_dma_fed_datapath/u_datapath/u_core/u_feeder/g_ring_bank[0].mem_reg_i_288/O
                         net (fo=1, routed)           0.050     1.419    u_dma_fed_datapath/u_datapath/u_core/u_feeder/g_ring_bank[0].mem_reg_i_288_n_0
    SLICE_X49Y15         LUT6 (Prop_D6LUT_SLICEL_I4_O)
                                                      0.057     1.476 r  u_dma_fed_datapath/u_datapath/u_core/u_feeder/g_ring_bank[0].mem_reg_i_276/O
                         net (fo=3, routed)           0.464     1.940    u_dma_fed_datapath/u_datapath/u_core/u_feeder/g_ring_bank[0].mem_reg_i_276_n_0
    SLICE_X48Y16         LUT6 (Prop_H6LUT_SLICEL_I4_O)
                                                      0.137     2.077 f  u_dma_fed_datapath/u_datapath/u_core/u_feeder/scan_x_q[7]_i_4/O
                         net (fo=1, routed)           0.467     2.544    u_dma_fed_datapath/u_datapath/u_core/u_feeder/scan_x_q[7]_i_4_n_0
    SLICE_X49Y16         LUT5 (Prop_C6LUT_SLICEL_I1_O)
                                                      0.081     2.625 f  u_dma_fed_datapath/u_datapath/u_core/u_feeder/scan_x_q[7]_i_3/O
                         net (fo=2, routed)           0.453     3.078    u_dma_fed_datapath/u_datapath/u_core/u_feeder/scan_x_q[7]_i_3_n_0
    SLICE_X56Y19         LUT6 (Prop_C6LUT_SLICEL_I1_O)
                                                      0.150     3.228 f  u_dma_fed_datapath/u_datapath/u_core/u_feeder/emit_ic_q[3]_i_12/O
                         net (fo=1, routed)           0.134     3.362    u_dma_fed_datapath/u_datapath/u_core/u_feeder/emit_ic_q[3]_i_12_n_0
    SLICE_X54Y19         LUT6 (Prop_G6LUT_SLICEM_I4_O)
                                                      0.226     3.588 f  u_dma_fed_datapath/u_datapath/u_core/u_feeder/emit_ic_q[3]_i_5/O
                         net (fo=24, routed)          0.484     4.072    u_dma_fed_datapath/u_datapath/u_core/u_feeder/emit_ic_q[3]_i_5_n_0
    SLICE_X50Y22         LUT6 (Prop_H6LUT_SLICEL_I5_O)
                                                      0.137     4.209 r  u_dma_fed_datapath/u_datapath/u_core/u_feeder/emit_ky_q[7]_i_2/O
                         net (fo=8, routed)           0.369     4.578    u_dma_fed_datapath/u_datapath/u_core/u_feeder/emit_ky_q[7]_i_2_n_0
    SLICE_X50Y24         FDRE                                         r  u_dma_fed_datapath/u_datapath/u_core/u_feeder/emit_ky_q_reg[5]/CE
  -------------------------------------------------------------------    -------------------

                         (clock clk rise edge)        5.000     5.000 r  
                                                      0.000     5.000 r  clk (IN)
                         net (fo=6358, unset)         0.029     5.029    u_dma_fed_datapath/u_datapath/u_core/u_feeder/clk
    SLICE_X50Y24         FDRE                                         r  u_dma_fed_datapath/u_datapath/u_core/u_feeder/emit_ky_q_reg[5]/C
                         clock pessimism              0.000     5.029    
                         clock uncertainty           -0.035     4.994    
    SLICE_X50Y24         FDRE (Setup_BFF2_SLICEL_C_CE)
                                                     -0.078     4.916    u_dma_fed_datapath/u_datapath/u_core/u_feeder/emit_ky_q_reg[5]
  -------------------------------------------------------------------
                         required time                          4.916    
                         arrival time                          -4.578    
  -------------------------------------------------------------------
                         slack                                  0.337    

Slack (MET) :             0.341ns  (required time - arrival time)
  Source:                 u_dma_fed_datapath/u_datapath/u_core/u_feeder/scan_x_q_reg[0]/C
                            (rising edge-triggered cell FDRE clocked by clk  {rise@0.000ns fall@2.500ns period=5.000ns})
  Destination:            u_dma_fed_datapath/u_datapath/u_core/u_feeder/pixel_q_reg[3][17]/R
                            (rising edge-triggered cell FDRE clocked by clk  {rise@0.000ns fall@2.500ns period=5.000ns})
  Path Group:             clk
  Path Type:              Setup (Max at Slow Process Corner)
  Requirement:            5.000ns  (clk rise@5.000ns - clk rise@0.000ns)
  Data Path Delay:        4.493ns  (logic 1.383ns (30.779%)  route 3.110ns (69.221%))
  Logic Levels:           9  (LUT5=2 LUT6=7)
  Clock Path Skew:        -0.012ns (DCD - SCD + CPR)
    Destination Clock Delay (DCD):    0.030ns = ( 5.030 - 5.000 ) 
    Source Clock Delay      (SCD):    0.042ns
    Clock Pessimism Removal (CPR):    0.000ns
  Clock Uncertainty:      0.035ns  ((TSJ^2 + TIJ^2)^1/2 + DJ) / 2 + PE
    Total System Jitter     (TSJ):    0.071ns
    Total Input Jitter      (TIJ):    0.000ns
    Discrete Jitter          (DJ):    0.000ns
    Phase Error              (PE):    0.000ns

    Location             Delay type                Incr(ns)  Path(ns)    Netlist Resource(s)
  -------------------------------------------------------------------    -------------------
                         (clock clk rise edge)        0.000     0.000 r  
                                                      0.000     0.000 r  clk (IN)
                         net (fo=6358, unset)         0.042     0.042    u_dma_fed_datapath/u_datapath/u_core/u_feeder/clk
    SLICE_X48Y17         FDRE                                         r  u_dma_fed_datapath/u_datapath/u_core/u_feeder/scan_x_q_reg[0]/C
  -------------------------------------------------------------------    -------------------
    SLICE_X48Y17         FDRE (Prop_HFF_SLICEL_C_Q)
                                                      0.113     0.155 r  u_dma_fed_datapath/u_datapath/u_core/u_feeder/scan_x_q_reg[0]/Q
                         net (fo=17, routed)          0.592     0.747    u_dma_fed_datapath/u_datapath/u_core/u_feeder/scan_x_q[0]
    SLICE_X50Y15         LUT6 (Prop_G6LUT_SLICEL_I2_O)
                                                      0.186     0.933 f  u_dma_fed_datapath/u_datapath/u_core/u_feeder/g_ring_bank[0].mem_reg_i_312/O
                         net (fo=1, routed)           0.179     1.112    u_dma_fed_datapath/u_datapath/u_core/u_feeder/g_ring_bank[0].mem_reg_i_312_n_0
    SLICE_X49Y15         LUT5 (Prop_A6LUT_SLICEL_I3_O)
                                                      0.152     1.264 f  u_dma_fed_datapath/u_datapath/u_core/u_feeder/g_ring_bank[0].mem_reg_i_310/O
                         net (fo=1, routed)           0.049     1.313    u_dma_fed_datapath/u_datapath/u_core/u_feeder/g_ring_bank[0].mem_reg_i_310_n_0
    SLICE_X49Y15         LUT6 (Prop_C6LUT_SLICEL_I0_O)
                                                      0.056     1.369 f  u_dma_fed_datapath/u_datapath/u_core/u_feeder/g_ring_bank[0].mem_reg_i_288/O
                         net (fo=1, routed)           0.050     1.419    u_dma_fed_datapath/u_datapath/u_core/u_feeder/g_ring_bank[0].mem_reg_i_288_n_0
    SLICE_X49Y15         LUT6 (Prop_D6LUT_SLICEL_I4_O)
                                                      0.057     1.476 r  u_dma_fed_datapath/u_datapath/u_core/u_feeder/g_ring_bank[0].mem_reg_i_276/O
                         net (fo=3, routed)           0.464     1.940    u_dma_fed_datapath/u_datapath/u_core/u_feeder/g_ring_bank[0].mem_reg_i_276_n_0
    SLICE_X48Y16         LUT6 (Prop_H6LUT_SLICEL_I4_O)
                                                      0.137     2.077 f  u_dma_fed_datapath/u_datapath/u_core/u_feeder/scan_x_q[7]_i_4/O
                         net (fo=1, routed)           0.467     2.544    u_dma_fed_datapath/u_datapath/u_core/u_feeder/scan_x_q[7]_i_4_n_0
    SLICE_X49Y16         LUT5 (Prop_C6LUT_SLICEL_I1_O)
                                                      0.081     2.625 f  u_dma_fed_datapath/u_datapath/u_core/u_feeder/scan_x_q[7]_i_3/O
                         net (fo=2, routed)           0.453     3.078    u_dma_fed_datapath/u_datapath/u_core/u_feeder/scan_x_q[7]_i_3_n_0
    SLICE_X56Y19         LUT6 (Prop_C6LUT_SLICEL_I1_O)
                                                      0.150     3.228 f  u_dma_fed_datapath/u_datapath/u_core/u_feeder/emit_ic_q[3]_i_12/O
                         net (fo=1, routed)           0.134     3.362    u_dma_fed_datapath/u_datapath/u_core/u_feeder/emit_ic_q[3]_i_12_n_0
    SLICE_X54Y19         LUT6 (Prop_G6LUT_SLICEM_I4_O)
                                                      0.226     3.588 f  u_dma_fed_datapath/u_datapath/u_core/u_feeder/emit_ic_q[3]_i_5/O
                         net (fo=24, routed)          0.292     3.880    u_dma_fed_datapath/u_datapath/u_core/u_feeder/emit_ic_q[3]_i_5_n_0
    SLICE_X52Y17         LUT6 (Prop_A6LUT_SLICEL_I4_O)
                                                      0.225     4.105 r  u_dma_fed_datapath/u_datapath/u_core/u_feeder/pixel_q[3][63]_i_1/O
                         net (fo=64, routed)          0.431     4.535    u_dma_fed_datapath/u_datapath/u_core/u_feeder/pixel_q[3][63]_i_1_n_0
    SLICE_X53Y20         FDRE                                         r  u_dma_fed_datapath/u_datapath/u_core/u_feeder/pixel_q_reg[3][17]/R
  -------------------------------------------------------------------    -------------------

                         (clock clk rise edge)        5.000     5.000 r  
                                                      0.000     5.000 r  clk (IN)
                         net (fo=6358, unset)         0.030     5.030    u_dma_fed_datapath/u_datapath/u_core/u_feeder/clk
    SLICE_X53Y20         FDRE                                         r  u_dma_fed_datapath/u_datapath/u_core/u_feeder/pixel_q_reg[3][17]/C
                         clock pessimism              0.000     5.030    
                         clock uncertainty           -0.035     4.995    
    SLICE_X53Y20         FDRE (Setup_AFF_SLICEM_C_R)
                                                     -0.118     4.877    u_dma_fed_datapath/u_datapath/u_core/u_feeder/pixel_q_reg[3][17]
  -------------------------------------------------------------------
                         required time                          4.877    
                         arrival time                          -4.535    
  -------------------------------------------------------------------
                         slack                                  0.341    

Slack (MET) :             0.341ns  (required time - arrival time)
  Source:                 u_dma_fed_datapath/u_datapath/u_core/u_feeder/scan_x_q_reg[0]/C
                            (rising edge-triggered cell FDRE clocked by clk  {rise@0.000ns fall@2.500ns period=5.000ns})
  Destination:            u_dma_fed_datapath/u_datapath/u_core/u_feeder/pixel_q_reg[3][20]/R
                            (rising edge-triggered cell FDRE clocked by clk  {rise@0.000ns fall@2.500ns period=5.000ns})
  Path Group:             clk
  Path Type:              Setup (Max at Slow Process Corner)
  Requirement:            5.000ns  (clk rise@5.000ns - clk rise@0.000ns)
  Data Path Delay:        4.493ns  (logic 1.383ns (30.779%)  route 3.110ns (69.221%))
  Logic Levels:           9  (LUT5=2 LUT6=7)
  Clock Path Skew:        -0.012ns (DCD - SCD + CPR)
    Destination Clock Delay (DCD):    0.030ns = ( 5.030 - 5.000 ) 
    Source Clock Delay      (SCD):    0.042ns
    Clock Pessimism Removal (CPR):    0.000ns
  Clock Uncertainty:      0.035ns  ((TSJ^2 + TIJ^2)^1/2 + DJ) / 2 + PE
    Total System Jitter     (TSJ):    0.071ns
    Total Input Jitter      (TIJ):    0.000ns
    Discrete Jitter          (DJ):    0.000ns
    Phase Error              (PE):    0.000ns

    Location             Delay type                Incr(ns)  Path(ns)    Netlist Resource(s)
  -------------------------------------------------------------------    -------------------
                         (clock clk rise edge)        0.000     0.000 r  
                                                      0.000     0.000 r  clk (IN)
                         net (fo=6358, unset)         0.042     0.042    u_dma_fed_datapath/u_datapath/u_core/u_feeder/clk
    SLICE_X48Y17         FDRE                                         r  u_dma_fed_datapath/u_datapath/u_core/u_feeder/scan_x_q_reg[0]/C
  -------------------------------------------------------------------    -------------------
    SLICE_X48Y17         FDRE (Prop_HFF_SLICEL_C_Q)
                                                      0.113     0.155 r  u_dma_fed_datapath/u_datapath/u_core/u_feeder/scan_x_q_reg[0]/Q
                         net (fo=17, routed)          0.592     0.747    u_dma_fed_datapath/u_datapath/u_core/u_feeder/scan_x_q[0]
    SLICE_X50Y15         LUT6 (Prop_G6LUT_SLICEL_I2_O)
                                                      0.186     0.933 f  u_dma_fed_datapath/u_datapath/u_core/u_feeder/g_ring_bank[0].mem_reg_i_312/O
                         net (fo=1, routed)           0.179     1.112    u_dma_fed_datapath/u_datapath/u_core/u_feeder/g_ring_bank[0].mem_reg_i_312_n_0
    SLICE_X49Y15         LUT5 (Prop_A6LUT_SLICEL_I3_O)
                                                      0.152     1.264 f  u_dma_fed_datapath/u_datapath/u_core/u_feeder/g_ring_bank[0].mem_reg_i_310/O
                         net (fo=1, routed)           0.049     1.313    u_dma_fed_datapath/u_datapath/u_core/u_feeder/g_ring_bank[0].mem_reg_i_310_n_0
    SLICE_X49Y15         LUT6 (Prop_C6LUT_SLICEL_I0_O)
                                                      0.056     1.369 f  u_dma_fed_datapath/u_datapath/u_core/u_feeder/g_ring_bank[0].mem_reg_i_288/O
                         net (fo=1, routed)           0.050     1.419    u_dma_fed_datapath/u_datapath/u_core/u_feeder/g_ring_bank[0].mem_reg_i_288_n_0
    SLICE_X49Y15         LUT6 (Prop_D6LUT_SLICEL_I4_O)
                                                      0.057     1.476 r  u_dma_fed_datapath/u_datapath/u_core/u_feeder/g_ring_bank[0].mem_reg_i_276/O
                         net (fo=3, routed)           0.464     1.940    u_dma_fed_datapath/u_datapath/u_core/u_feeder/g_ring_bank[0].mem_reg_i_276_n_0
    SLICE_X48Y16         LUT6 (Prop_H6LUT_SLICEL_I4_O)
                                                      0.137     2.077 f  u_dma_fed_datapath/u_datapath/u_core/u_feeder/scan_x_q[7]_i_4/O
                         net (fo=1, routed)           0.467     2.544    u_dma_fed_datapath/u_datapath/u_core/u_feeder/scan_x_q[7]_i_4_n_0
    SLICE_X49Y16         LUT5 (Prop_C6LUT_SLICEL_I1_O)
                                                      0.081     2.625 f  u_dma_fed_datapath/u_datapath/u_core/u_feeder/scan_x_q[7]_i_3/O
                         net (fo=2, routed)           0.453     3.078    u_dma_fed_datapath/u_datapath/u_core/u_feeder/scan_x_q[7]_i_3_n_0
    SLICE_X56Y19         LUT6 (Prop_C6LUT_SLICEL_I1_O)
                                                      0.150     3.228 f  u_dma_fed_datapath/u_datapath/u_core/u_feeder/emit_ic_q[3]_i_12/O
                         net (fo=1, routed)           0.134     3.362    u_dma_fed_datapath/u_datapath/u_core/u_feeder/emit_ic_q[3]_i_12_n_0
    SLICE_X54Y19         LUT6 (Prop_G6LUT_SLICEM_I4_O)
                                                      0.226     3.588 f  u_dma_fed_datapath/u_datapath/u_core/u_feeder/emit_ic_q[3]_i_5/O
                         net (fo=24, routed)          0.292     3.880    u_dma_fed_datapath/u_datapath/u_core/u_feeder/emit_ic_q[3]_i_5_n_0
    SLICE_X52Y17         LUT6 (Prop_A6LUT_SLICEL_I4_O)
                                                      0.225     4.105 r  u_dma_fed_datapath/u_datapath/u_core/u_feeder/pixel_q[3][63]_i_1/O
                         net (fo=64, routed)          0.431     4.535    u_dma_fed_datapath/u_datapath/u_core/u_feeder/pixel_q[3][63]_i_1_n_0
    SLICE_X53Y20         FDRE                                         r  u_dma_fed_datapath/u_datapath/u_core/u_feeder/pixel_q_reg[3][20]/R
  -------------------------------------------------------------------    -------------------

                         (clock clk rise edge)        5.000     5.000 r  
                                                      0.000     5.000 r  clk (IN)
                         net (fo=6358, unset)         0.030     5.030    u_dma_fed_datapath/u_datapath/u_core/u_feeder/clk
    SLICE_X53Y20         FDRE                                         r  u_dma_fed_datapath/u_datapath/u_core/u_feeder/pixel_q_reg[3][20]/C
                         clock pessimism              0.000     5.030    
                         clock uncertainty           -0.035     4.995    
    SLICE_X53Y20         FDRE (Setup_AFF2_SLICEM_C_R)
                                                     -0.118     4.877    u_dma_fed_datapath/u_datapath/u_core/u_feeder/pixel_q_reg[3][20]
  -------------------------------------------------------------------
                         required time                          4.877    
                         arrival time                          -4.535    
  -------------------------------------------------------------------
                         slack                                  0.341    

Slack (MET) :             0.341ns  (required time - arrival time)
  Source:                 u_dma_fed_datapath/u_datapath/u_core/u_feeder/scan_x_q_reg[0]/C
                            (rising edge-triggered cell FDRE clocked by clk  {rise@0.000ns fall@2.500ns period=5.000ns})
  Destination:            u_dma_fed_datapath/u_datapath/u_core/u_feeder/pixel_q_reg[3][26]/R
                            (rising edge-triggered cell FDRE clocked by clk  {rise@0.000ns fall@2.500ns period=5.000ns})
  Path Group:             clk
  Path Type:              Setup (Max at Slow Process Corner)
  Requirement:            5.000ns  (clk rise@5.000ns - clk rise@0.000ns)
  Data Path Delay:        4.493ns  (logic 1.383ns (30.779%)  route 3.110ns (69.221%))
  Logic Levels:           9  (LUT5=2 LUT6=7)
  Clock Path Skew:        -0.012ns (DCD - SCD + CPR)
    Destination Clock Delay (DCD):    0.030ns = ( 5.030 - 5.000 ) 
    Source Clock Delay      (SCD):    0.042ns
    Clock Pessimism Removal (CPR):    0.000ns
  Clock Uncertainty:      0.035ns  ((TSJ^2 + TIJ^2)^1/2 + DJ) / 2 + PE
    Total System Jitter     (TSJ):    0.071ns
    Total Input Jitter      (TIJ):    0.000ns
    Discrete Jitter          (DJ):    0.000ns
    Phase Error              (PE):    0.000ns

    Location             Delay type                Incr(ns)  Path(ns)    Netlist Resource(s)
  -------------------------------------------------------------------    -------------------
                         (clock clk rise edge)        0.000     0.000 r  
                                                      0.000     0.000 r  clk (IN)
                         net (fo=6358, unset)         0.042     0.042    u_dma_fed_datapath/u_datapath/u_core/u_feeder/clk
    SLICE_X48Y17         FDRE                                         r  u_dma_fed_datapath/u_datapath/u_core/u_feeder/scan_x_q_reg[0]/C
  -------------------------------------------------------------------    -------------------
    SLICE_X48Y17         FDRE (Prop_HFF_SLICEL_C_Q)
                                                      0.113     0.155 r  u_dma_fed_datapath/u_datapath/u_core/u_feeder/scan_x_q_reg[0]/Q
                         net (fo=17, routed)          0.592     0.747    u_dma_fed_datapath/u_datapath/u_core/u_feeder/scan_x_q[0]
    SLICE_X50Y15         LUT6 (Prop_G6LUT_SLICEL_I2_O)
                                                      0.186     0.933 f  u_dma_fed_datapath/u_datapath/u_core/u_feeder/g_ring_bank[0].mem_reg_i_312/O
                         net (fo=1, routed)           0.179     1.112    u_dma_fed_datapath/u_datapath/u_core/u_feeder/g_ring_bank[0].mem_reg_i_312_n_0
    SLICE_X49Y15         LUT5 (Prop_A6LUT_SLICEL_I3_O)
                                                      0.152     1.264 f  u_dma_fed_datapath/u_datapath/u_core/u_feeder/g_ring_bank[0].mem_reg_i_310/O
                         net (fo=1, routed)           0.049     1.313    u_dma_fed_datapath/u_datapath/u_core/u_feeder/g_ring_bank[0].mem_reg_i_310_n_0
    SLICE_X49Y15         LUT6 (Prop_C6LUT_SLICEL_I0_O)
                                                      0.056     1.369 f  u_dma_fed_datapath/u_datapath/u_core/u_feeder/g_ring_bank[0].mem_reg_i_288/O
                         net (fo=1, routed)           0.050     1.419    u_dma_fed_datapath/u_datapath/u_core/u_feeder/g_ring_bank[0].mem_reg_i_288_n_0
    SLICE_X49Y15         LUT6 (Prop_D6LUT_SLICEL_I4_O)
                                                      0.057     1.476 r  u_dma_fed_datapath/u_datapath/u_core/u_feeder/g_ring_bank[0].mem_reg_i_276/O
                         net (fo=3, routed)           0.464     1.940    u_dma_fed_datapath/u_datapath/u_core/u_feeder/g_ring_bank[0].mem_reg_i_276_n_0
    SLICE_X48Y16         LUT6 (Prop_H6LUT_SLICEL_I4_O)
                                                      0.137     2.077 f  u_dma_fed_datapath/u_datapath/u_core/u_feeder/scan_x_q[7]_i_4/O
                         net (fo=1, routed)           0.467     2.544    u_dma_fed_datapath/u_datapath/u_core/u_feeder/scan_x_q[7]_i_4_n_0
    SLICE_X49Y16         LUT5 (Prop_C6LUT_SLICEL_I1_O)
                                                      0.081     2.625 f  u_dma_fed_datapath/u_datapath/u_core/u_feeder/scan_x_q[7]_i_3/O
                         net (fo=2, routed)           0.453     3.078    u_dma_fed_datapath/u_datapath/u_core/u_feeder/scan_x_q[7]_i_3_n_0
    SLICE_X56Y19         LUT6 (Prop_C6LUT_SLICEL_I1_O)
                                                      0.150     3.228 f  u_dma_fed_datapath/u_datapath/u_core/u_feeder/emit_ic_q[3]_i_12/O
                         net (fo=1, routed)           0.134     3.362    u_dma_fed_datapath/u_datapath/u_core/u_feeder/emit_ic_q[3]_i_12_n_0
    SLICE_X54Y19         LUT6 (Prop_G6LUT_SLICEM_I4_O)
                                                      0.226     3.588 f  u_dma_fed_datapath/u_datapath/u_core/u_feeder/emit_ic_q[3]_i_5/O
                         net (fo=24, routed)          0.292     3.880    u_dma_fed_datapath/u_datapath/u_core/u_feeder/emit_ic_q[3]_i_5_n_0
    SLICE_X52Y17         LUT6 (Prop_A6LUT_SLICEL_I4_O)
                                                      0.225     4.105 r  u_dma_fed_datapath/u_datapath/u_core/u_feeder/pixel_q[3][63]_i_1/O
                         net (fo=64, routed)          0.431     4.535    u_dma_fed_datapath/u_datapath/u_core/u_feeder/pixel_q[3][63]_i_1_n_0
    SLICE_X53Y20         FDRE                                         r  u_dma_fed_datapath/u_datapath/u_core/u_feeder/pixel_q_reg[3][26]/R
  -------------------------------------------------------------------    -------------------

                         (clock clk rise edge)        5.000     5.000 r  
                                                      0.000     5.000 r  clk (IN)
                         net (fo=6358, unset)         0.030     5.030    u_dma_fed_datapath/u_datapath/u_core/u_feeder/clk
    SLICE_X53Y20         FDRE                                         r  u_dma_fed_datapath/u_datapath/u_core/u_feeder/pixel_q_reg[3][26]/C
                         clock pessimism              0.000     5.030    
                         clock uncertainty           -0.035     4.995    
    SLICE_X53Y20         FDRE (Setup_BFF_SLICEM_C_R)
                                                     -0.118     4.877    u_dma_fed_datapath/u_datapath/u_core/u_feeder/pixel_q_reg[3][26]
  -------------------------------------------------------------------
                         required time                          4.877    
                         arrival time                          -4.535    
  -------------------------------------------------------------------
                         slack                                  0.341    

Slack (MET) :             0.341ns  (required time - arrival time)
  Source:                 u_dma_fed_datapath/u_datapath/u_core/u_feeder/scan_x_q_reg[0]/C
                            (rising edge-triggered cell FDRE clocked by clk  {rise@0.000ns fall@2.500ns period=5.000ns})
  Destination:            u_dma_fed_datapath/u_datapath/u_core/u_feeder/pixel_q_reg[3][2]/R
                            (rising edge-triggered cell FDRE clocked by clk  {rise@0.000ns fall@2.500ns period=5.000ns})
  Path Group:             clk
  Path Type:              Setup (Max at Slow Process Corner)
  Requirement:            5.000ns  (clk rise@5.000ns - clk rise@0.000ns)
  Data Path Delay:        4.493ns  (logic 1.383ns (30.779%)  route 3.110ns (69.221%))
  Logic Levels:           9  (LUT5=2 LUT6=7)
  Clock Path Skew:        -0.012ns (DCD - SCD + CPR)
    Destination Clock Delay (DCD):    0.030ns = ( 5.030 - 5.000 ) 
    Source Clock Delay      (SCD):    0.042ns
    Clock Pessimism Removal (CPR):    0.000ns
  Clock Uncertainty:      0.035ns  ((TSJ^2 + TIJ^2)^1/2 + DJ) / 2 + PE
    Total System Jitter     (TSJ):    0.071ns
    Total Input Jitter      (TIJ):    0.000ns
    Discrete Jitter          (DJ):    0.000ns
    Phase Error              (PE):    0.000ns

    Location             Delay type                Incr(ns)  Path(ns)    Netlist Resource(s)
  -------------------------------------------------------------------    -------------------
                         (clock clk rise edge)        0.000     0.000 r  
                                                      0.000     0.000 r  clk (IN)
                         net (fo=6358, unset)         0.042     0.042    u_dma_fed_datapath/u_datapath/u_core/u_feeder/clk
    SLICE_X48Y17         FDRE                                         r  u_dma_fed_datapath/u_datapath/u_core/u_feeder/scan_x_q_reg[0]/C
  -------------------------------------------------------------------    -------------------
    SLICE_X48Y17         FDRE (Prop_HFF_SLICEL_C_Q)
                                                      0.113     0.155 r  u_dma_fed_datapath/u_datapath/u_core/u_feeder/scan_x_q_reg[0]/Q
                         net (fo=17, routed)          0.592     0.747    u_dma_fed_datapath/u_datapath/u_core/u_feeder/scan_x_q[0]
    SLICE_X50Y15         LUT6 (Prop_G6LUT_SLICEL_I2_O)
                                                      0.186     0.933 f  u_dma_fed_datapath/u_datapath/u_core/u_feeder/g_ring_bank[0].mem_reg_i_312/O
                         net (fo=1, routed)           0.179     1.112    u_dma_fed_datapath/u_datapath/u_core/u_feeder/g_ring_bank[0].mem_reg_i_312_n_0
    SLICE_X49Y15         LUT5 (Prop_A6LUT_SLICEL_I3_O)
                                                      0.152     1.264 f  u_dma_fed_datapath/u_datapath/u_core/u_feeder/g_ring_bank[0].mem_reg_i_310/O
                         net (fo=1, routed)           0.049     1.313    u_dma_fed_datapath/u_datapath/u_core/u_feeder/g_ring_bank[0].mem_reg_i_310_n_0
    SLICE_X49Y15         LUT6 (Prop_C6LUT_SLICEL_I0_O)
                                                      0.056     1.369 f  u_dma_fed_datapath/u_datapath/u_core/u_feeder/g_ring_bank[0].mem_reg_i_288/O
                         net (fo=1, routed)           0.050     1.419    u_dma_fed_datapath/u_datapath/u_core/u_feeder/g_ring_bank[0].mem_reg_i_288_n_0
    SLICE_X49Y15         LUT6 (Prop_D6LUT_SLICEL_I4_O)
                                                      0.057     1.476 r  u_dma_fed_datapath/u_datapath/u_core/u_feeder/g_ring_bank[0].mem_reg_i_276/O
                         net (fo=3, routed)           0.464     1.940    u_dma_fed_datapath/u_datapath/u_core/u_feeder/g_ring_bank[0].mem_reg_i_276_n_0
    SLICE_X48Y16         LUT6 (Prop_H6LUT_SLICEL_I4_O)
                                                      0.137     2.077 f  u_dma_fed_datapath/u_datapath/u_core/u_feeder/scan_x_q[7]_i_4/O
                         net (fo=1, routed)           0.467     2.544    u_dma_fed_datapath/u_datapath/u_core/u_feeder/scan_x_q[7]_i_4_n_0
    SLICE_X49Y16         LUT5 (Prop_C6LUT_SLICEL_I1_O)
                                                      0.081     2.625 f  u_dma_fed_datapath/u_datapath/u_core/u_feeder/scan_x_q[7]_i_3/O
                         net (fo=2, routed)           0.453     3.078    u_dma_fed_datapath/u_datapath/u_core/u_feeder/scan_x_q[7]_i_3_n_0
    SLICE_X56Y19         LUT6 (Prop_C6LUT_SLICEL_I1_O)
                                                      0.150     3.228 f  u_dma_fed_datapath/u_datapath/u_core/u_feeder/emit_ic_q[3]_i_12/O
                         net (fo=1, routed)           0.134     3.362    u_dma_fed_datapath/u_datapath/u_core/u_feeder/emit_ic_q[3]_i_12_n_0
    SLICE_X54Y19         LUT6 (Prop_G6LUT_SLICEM_I4_O)
                                                      0.226     3.588 f  u_dma_fed_datapath/u_datapath/u_core/u_feeder/emit_ic_q[3]_i_5/O
                         net (fo=24, routed)          0.292     3.880    u_dma_fed_datapath/u_datapath/u_core/u_feeder/emit_ic_q[3]_i_5_n_0
    SLICE_X52Y17         LUT6 (Prop_A6LUT_SLICEL_I4_O)
                                                      0.225     4.105 r  u_dma_fed_datapath/u_datapath/u_core/u_feeder/pixel_q[3][63]_i_1/O
                         net (fo=64, routed)          0.431     4.535    u_dma_fed_datapath/u_datapath/u_core/u_feeder/pixel_q[3][63]_i_1_n_0
    SLICE_X53Y20         FDRE                                         r  u_dma_fed_datapath/u_datapath/u_core/u_feeder/pixel_q_reg[3][2]/R
  -------------------------------------------------------------------    -------------------

                         (clock clk rise edge)        5.000     5.000 r  
                                                      0.000     5.000 r  clk (IN)
                         net (fo=6358, unset)         0.030     5.030    u_dma_fed_datapath/u_datapath/u_core/u_feeder/clk
    SLICE_X53Y20         FDRE                                         r  u_dma_fed_datapath/u_datapath/u_core/u_feeder/pixel_q_reg[3][2]/C
                         clock pessimism              0.000     5.030    
                         clock uncertainty           -0.035     4.995    
    SLICE_X53Y20         FDRE (Setup_BFF2_SLICEM_C_R)
                                                     -0.118     4.877    u_dma_fed_datapath/u_datapath/u_core/u_feeder/pixel_q_reg[3][2]
  -------------------------------------------------------------------
                         required time                          4.877    
                         arrival time                          -4.535    
  -------------------------------------------------------------------
                         slack                                  0.341    

Slack (MET) :             0.341ns  (required time - arrival time)
  Source:                 u_dma_fed_datapath/u_datapath/u_core/u_feeder/scan_x_q_reg[0]/C
                            (rising edge-triggered cell FDRE clocked by clk  {rise@0.000ns fall@2.500ns period=5.000ns})
  Destination:            u_dma_fed_datapath/u_datapath/u_core/u_feeder/pixel_q_reg[3][34]/R
                            (rising edge-triggered cell FDRE clocked by clk  {rise@0.000ns fall@2.500ns period=5.000ns})
  Path Group:             clk
  Path Type:              Setup (Max at Slow Process Corner)
  Requirement:            5.000ns  (clk rise@5.000ns - clk rise@0.000ns)
  Data Path Delay:        4.493ns  (logic 1.383ns (30.779%)  route 3.110ns (69.221%))
  Logic Levels:           9  (LUT5=2 LUT6=7)
  Clock Path Skew:        -0.012ns (DCD - SCD + CPR)
    Destination Clock Delay (DCD):    0.030ns = ( 5.030 - 5.000 ) 
    Source Clock Delay      (SCD):    0.042ns
    Clock Pessimism Removal (CPR):    0.000ns
  Clock Uncertainty:      0.035ns  ((TSJ^2 + TIJ^2)^1/2 + DJ) / 2 + PE
    Total System Jitter     (TSJ):    0.071ns
    Total Input Jitter      (TIJ):    0.000ns
    Discrete Jitter          (DJ):    0.000ns
    Phase Error              (PE):    0.000ns

    Location             Delay type                Incr(ns)  Path(ns)    Netlist Resource(s)
  -------------------------------------------------------------------    -------------------
                         (clock clk rise edge)        0.000     0.000 r  
                                                      0.000     0.000 r  clk (IN)
                         net (fo=6358, unset)         0.042     0.042    u_dma_fed_datapath/u_datapath/u_core/u_feeder/clk
    SLICE_X48Y17         FDRE                                         r  u_dma_fed_datapath/u_datapath/u_core/u_feeder/scan_x_q_reg[0]/C
  -------------------------------------------------------------------    -------------------
    SLICE_X48Y17         FDRE (Prop_HFF_SLICEL_C_Q)
                                                      0.113     0.155 r  u_dma_fed_datapath/u_datapath/u_core/u_feeder/scan_x_q_reg[0]/Q
                         net (fo=17, routed)          0.592     0.747    u_dma_fed_datapath/u_datapath/u_core/u_feeder/scan_x_q[0]
    SLICE_X50Y15         LUT6 (Prop_G6LUT_SLICEL_I2_O)
                                                      0.186     0.933 f  u_dma_fed_datapath/u_datapath/u_core/u_feeder/g_ring_bank[0].mem_reg_i_312/O
                         net (fo=1, routed)           0.179     1.112    u_dma_fed_datapath/u_datapath/u_core/u_feeder/g_ring_bank[0].mem_reg_i_312_n_0
    SLICE_X49Y15         LUT5 (Prop_A6LUT_SLICEL_I3_O)
                                                      0.152     1.264 f  u_dma_fed_datapath/u_datapath/u_core/u_feeder/g_ring_bank[0].mem_reg_i_310/O
                         net (fo=1, routed)           0.049     1.313    u_dma_fed_datapath/u_datapath/u_core/u_feeder/g_ring_bank[0].mem_reg_i_310_n_0
    SLICE_X49Y15         LUT6 (Prop_C6LUT_SLICEL_I0_O)
                                                      0.056     1.369 f  u_dma_fed_datapath/u_datapath/u_core/u_feeder/g_ring_bank[0].mem_reg_i_288/O
                         net (fo=1, routed)           0.050     1.419    u_dma_fed_datapath/u_datapath/u_core/u_feeder/g_ring_bank[0].mem_reg_i_288_n_0
    SLICE_X49Y15         LUT6 (Prop_D6LUT_SLICEL_I4_O)
                                                      0.057     1.476 r  u_dma_fed_datapath/u_datapath/u_core/u_feeder/g_ring_bank[0].mem_reg_i_276/O
                         net (fo=3, routed)           0.464     1.940    u_dma_fed_datapath/u_datapath/u_core/u_feeder/g_ring_bank[0].mem_reg_i_276_n_0
    SLICE_X48Y16         LUT6 (Prop_H6LUT_SLICEL_I4_O)
                                                      0.137     2.077 f  u_dma_fed_datapath/u_datapath/u_core/u_feeder/scan_x_q[7]_i_4/O
                         net (fo=1, routed)           0.467     2.544    u_dma_fed_datapath/u_datapath/u_core/u_feeder/scan_x_q[7]_i_4_n_0
    SLICE_X49Y16         LUT5 (Prop_C6LUT_SLICEL_I1_O)
                                                      0.081     2.625 f  u_dma_fed_datapath/u_datapath/u_core/u_feeder/scan_x_q[7]_i_3/O
                         net (fo=2, routed)           0.453     3.078    u_dma_fed_datapath/u_datapath/u_core/u_feeder/scan_x_q[7]_i_3_n_0
    SLICE_X56Y19         LUT6 (Prop_C6LUT_SLICEL_I1_O)
                                                      0.150     3.228 f  u_dma_fed_datapath/u_datapath/u_core/u_feeder/emit_ic_q[3]_i_12/O
                         net (fo=1, routed)           0.134     3.362    u_dma_fed_datapath/u_datapath/u_core/u_feeder/emit_ic_q[3]_i_12_n_0
    SLICE_X54Y19         LUT6 (Prop_G6LUT_SLICEM_I4_O)
                                                      0.226     3.588 f  u_dma_fed_datapath/u_datapath/u_core/u_feeder/emit_ic_q[3]_i_5/O
                         net (fo=24, routed)          0.292     3.880    u_dma_fed_datapath/u_datapath/u_core/u_feeder/emit_ic_q[3]_i_5_n_0
    SLICE_X52Y17         LUT6 (Prop_A6LUT_SLICEL_I4_O)
                                                      0.225     4.105 r  u_dma_fed_datapath/u_datapath/u_core/u_feeder/pixel_q[3][63]_i_1/O
                         net (fo=64, routed)          0.431     4.535    u_dma_fed_datapath/u_datapath/u_core/u_feeder/pixel_q[3][63]_i_1_n_0
    SLICE_X53Y20         FDRE                                         r  u_dma_fed_datapath/u_datapath/u_core/u_feeder/pixel_q_reg[3][34]/R
  -------------------------------------------------------------------    -------------------

                         (clock clk rise edge)        5.000     5.000 r  
                                                      0.000     5.000 r  clk (IN)
                         net (fo=6358, unset)         0.030     5.030    u_dma_fed_datapath/u_datapath/u_core/u_feeder/clk
    SLICE_X53Y20         FDRE                                         r  u_dma_fed_datapath/u_datapath/u_core/u_feeder/pixel_q_reg[3][34]/C
                         clock pessimism              0.000     5.030    
                         clock uncertainty           -0.035     4.995    
    SLICE_X53Y20         FDRE (Setup_CFF_SLICEM_C_R)
                                                     -0.118     4.877    u_dma_fed_datapath/u_datapath/u_core/u_feeder/pixel_q_reg[3][34]
  -------------------------------------------------------------------
                         required time                          4.877    
                         arrival time                          -4.535    
  -------------------------------------------------------------------
                         slack                                  0.341    

Slack (MET) :             0.341ns  (required time - arrival time)
  Source:                 u_dma_fed_datapath/u_datapath/u_core/u_feeder/scan_x_q_reg[0]/C
                            (rising edge-triggered cell FDRE clocked by clk  {rise@0.000ns fall@2.500ns period=5.000ns})
  Destination:            u_dma_fed_datapath/u_datapath/u_core/u_feeder/pixel_q_reg[3][50]/R
                            (rising edge-triggered cell FDRE clocked by clk  {rise@0.000ns fall@2.500ns period=5.000ns})
  Path Group:             clk
  Path Type:              Setup (Max at Slow Process Corner)
  Requirement:            5.000ns  (clk rise@5.000ns - clk rise@0.000ns)
  Data Path Delay:        4.493ns  (logic 1.383ns (30.779%)  route 3.110ns (69.221%))
  Logic Levels:           9  (LUT5=2 LUT6=7)
  Clock Path Skew:        -0.012ns (DCD - SCD + CPR)
    Destination Clock Delay (DCD):    0.030ns = ( 5.030 - 5.000 ) 
    Source Clock Delay      (SCD):    0.042ns
    Clock Pessimism Removal (CPR):    0.000ns
  Clock Uncertainty:      0.035ns  ((TSJ^2 + TIJ^2)^1/2 + DJ) / 2 + PE
    Total System Jitter     (TSJ):    0.071ns
    Total Input Jitter      (TIJ):    0.000ns
    Discrete Jitter          (DJ):    0.000ns
    Phase Error              (PE):    0.000ns

    Location             Delay type                Incr(ns)  Path(ns)    Netlist Resource(s)
  -------------------------------------------------------------------    -------------------
                         (clock clk rise edge)        0.000     0.000 r  
                                                      0.000     0.000 r  clk (IN)
                         net (fo=6358, unset)         0.042     0.042    u_dma_fed_datapath/u_datapath/u_core/u_feeder/clk
    SLICE_X48Y17         FDRE                                         r  u_dma_fed_datapath/u_datapath/u_core/u_feeder/scan_x_q_reg[0]/C
  -------------------------------------------------------------------    -------------------
    SLICE_X48Y17         FDRE (Prop_HFF_SLICEL_C_Q)
                                                      0.113     0.155 r  u_dma_fed_datapath/u_datapath/u_core/u_feeder/scan_x_q_reg[0]/Q
                         net (fo=17, routed)          0.592     0.747    u_dma_fed_datapath/u_datapath/u_core/u_feeder/scan_x_q[0]
    SLICE_X50Y15         LUT6 (Prop_G6LUT_SLICEL_I2_O)
                                                      0.186     0.933 f  u_dma_fed_datapath/u_datapath/u_core/u_feeder/g_ring_bank[0].mem_reg_i_312/O
                         net (fo=1, routed)           0.179     1.112    u_dma_fed_datapath/u_datapath/u_core/u_feeder/g_ring_bank[0].mem_reg_i_312_n_0
    SLICE_X49Y15         LUT5 (Prop_A6LUT_SLICEL_I3_O)
                                                      0.152     1.264 f  u_dma_fed_datapath/u_datapath/u_core/u_feeder/g_ring_bank[0].mem_reg_i_310/O
                         net (fo=1, routed)           0.049     1.313    u_dma_fed_datapath/u_datapath/u_core/u_feeder/g_ring_bank[0].mem_reg_i_310_n_0
    SLICE_X49Y15         LUT6 (Prop_C6LUT_SLICEL_I0_O)
                                                      0.056     1.369 f  u_dma_fed_datapath/u_datapath/u_core/u_feeder/g_ring_bank[0].mem_reg_i_288/O
                         net (fo=1, routed)           0.050     1.419    u_dma_fed_datapath/u_datapath/u_core/u_feeder/g_ring_bank[0].mem_reg_i_288_n_0
    SLICE_X49Y15         LUT6 (Prop_D6LUT_SLICEL_I4_O)
                                                      0.057     1.476 r  u_dma_fed_datapath/u_datapath/u_core/u_feeder/g_ring_bank[0].mem_reg_i_276/O
                         net (fo=3, routed)           0.464     1.940    u_dma_fed_datapath/u_datapath/u_core/u_feeder/g_ring_bank[0].mem_reg_i_276_n_0
    SLICE_X48Y16         LUT6 (Prop_H6LUT_SLICEL_I4_O)
                                                      0.137     2.077 f  u_dma_fed_datapath/u_datapath/u_core/u_feeder/scan_x_q[7]_i_4/O
                         net (fo=1, routed)           0.467     2.544    u_dma_fed_datapath/u_datapath/u_core/u_feeder/scan_x_q[7]_i_4_n_0
    SLICE_X49Y16         LUT5 (Prop_C6LUT_SLICEL_I1_O)
                                                      0.081     2.625 f  u_dma_fed_datapath/u_datapath/u_core/u_feeder/scan_x_q[7]_i_3/O
                         net (fo=2, routed)           0.453     3.078    u_dma_fed_datapath/u_datapath/u_core/u_feeder/scan_x_q[7]_i_3_n_0
    SLICE_X56Y19         LUT6 (Prop_C6LUT_SLICEL_I1_O)
                                                      0.150     3.228 f  u_dma_fed_datapath/u_datapath/u_core/u_feeder/emit_ic_q[3]_i_12/O
                         net (fo=1, routed)           0.134     3.362    u_dma_fed_datapath/u_datapath/u_core/u_feeder/emit_ic_q[3]_i_12_n_0
    SLICE_X54Y19         LUT6 (Prop_G6LUT_SLICEM_I4_O)
                                                      0.226     3.588 f  u_dma_fed_datapath/u_datapath/u_core/u_feeder/emit_ic_q[3]_i_5/O
                         net (fo=24, routed)          0.292     3.880    u_dma_fed_datapath/u_datapath/u_core/u_feeder/emit_ic_q[3]_i_5_n_0
    SLICE_X52Y17         LUT6 (Prop_A6LUT_SLICEL_I4_O)
                                                      0.225     4.105 r  u_dma_fed_datapath/u_datapath/u_core/u_feeder/pixel_q[3][63]_i_1/O
                         net (fo=64, routed)          0.431     4.535    u_dma_fed_datapath/u_datapath/u_core/u_feeder/pixel_q[3][63]_i_1_n_0
    SLICE_X53Y20         FDRE                                         r  u_dma_fed_datapath/u_datapath/u_core/u_feeder/pixel_q_reg[3][50]/R
  -------------------------------------------------------------------    -------------------

                         (clock clk rise edge)        5.000     5.000 r  
                                                      0.000     5.000 r  clk (IN)
                         net (fo=6358, unset)         0.030     5.030    u_dma_fed_datapath/u_datapath/u_core/u_feeder/clk
    SLICE_X53Y20         FDRE                                         r  u_dma_fed_datapath/u_datapath/u_core/u_feeder/pixel_q_reg[3][50]/C
                         clock pessimism              0.000     5.030    
                         clock uncertainty           -0.035     4.995    
    SLICE_X53Y20         FDRE (Setup_CFF2_SLICEM_C_R)
                                                     -0.118     4.877    u_dma_fed_datapath/u_datapath/u_core/u_feeder/pixel_q_reg[3][50]
  -------------------------------------------------------------------
                         required time                          4.877    
                         arrival time                          -4.535    
  -------------------------------------------------------------------
                         slack                                  0.341    

Slack (MET) :             0.341ns  (required time - arrival time)
  Source:                 u_dma_fed_datapath/u_datapath/u_core/u_feeder/scan_x_q_reg[0]/C
                            (rising edge-triggered cell FDRE clocked by clk  {rise@0.000ns fall@2.500ns period=5.000ns})
  Destination:            u_dma_fed_datapath/u_datapath/u_core/u_feeder/pixel_q_reg[3][57]/R
                            (rising edge-triggered cell FDRE clocked by clk  {rise@0.000ns fall@2.500ns period=5.000ns})
  Path Group:             clk
  Path Type:              Setup (Max at Slow Process Corner)
  Requirement:            5.000ns  (clk rise@5.000ns - clk rise@0.000ns)
  Data Path Delay:        4.493ns  (logic 1.383ns (30.779%)  route 3.110ns (69.221%))
  Logic Levels:           9  (LUT5=2 LUT6=7)
  Clock Path Skew:        -0.012ns (DCD - SCD + CPR)
    Destination Clock Delay (DCD):    0.030ns = ( 5.030 - 5.000 ) 
    Source Clock Delay      (SCD):    0.042ns
    Clock Pessimism Removal (CPR):    0.000ns
  Clock Uncertainty:      0.035ns  ((TSJ^2 + TIJ^2)^1/2 + DJ) / 2 + PE
    Total System Jitter     (TSJ):    0.071ns
    Total Input Jitter      (TIJ):    0.000ns
    Discrete Jitter          (DJ):    0.000ns
    Phase Error              (PE):    0.000ns

    Location             Delay type                Incr(ns)  Path(ns)    Netlist Resource(s)
  -------------------------------------------------------------------    -------------------
                         (clock clk rise edge)        0.000     0.000 r  
                                                      0.000     0.000 r  clk (IN)
                         net (fo=6358, unset)         0.042     0.042    u_dma_fed_datapath/u_datapath/u_core/u_feeder/clk
    SLICE_X48Y17         FDRE                                         r  u_dma_fed_datapath/u_datapath/u_core/u_feeder/scan_x_q_reg[0]/C
  -------------------------------------------------------------------    -------------------
    SLICE_X48Y17         FDRE (Prop_HFF_SLICEL_C_Q)
                                                      0.113     0.155 r  u_dma_fed_datapath/u_datapath/u_core/u_feeder/scan_x_q_reg[0]/Q
                         net (fo=17, routed)          0.592     0.747    u_dma_fed_datapath/u_datapath/u_core/u_feeder/scan_x_q[0]
    SLICE_X50Y15         LUT6 (Prop_G6LUT_SLICEL_I2_O)
                                                      0.186     0.933 f  u_dma_fed_datapath/u_datapath/u_core/u_feeder/g_ring_bank[0].mem_reg_i_312/O
                         net (fo=1, routed)           0.179     1.112    u_dma_fed_datapath/u_datapath/u_core/u_feeder/g_ring_bank[0].mem_reg_i_312_n_0
    SLICE_X49Y15         LUT5 (Prop_A6LUT_SLICEL_I3_O)
                                                      0.152     1.264 f  u_dma_fed_datapath/u_datapath/u_core/u_feeder/g_ring_bank[0].mem_reg_i_310/O
                         net (fo=1, routed)           0.049     1.313    u_dma_fed_datapath/u_datapath/u_core/u_feeder/g_ring_bank[0].mem_reg_i_310_n_0
    SLICE_X49Y15         LUT6 (Prop_C6LUT_SLICEL_I0_O)
                                                      0.056     1.369 f  u_dma_fed_datapath/u_datapath/u_core/u_feeder/g_ring_bank[0].mem_reg_i_288/O
                         net (fo=1, routed)           0.050     1.419    u_dma_fed_datapath/u_datapath/u_core/u_feeder/g_ring_bank[0].mem_reg_i_288_n_0
    SLICE_X49Y15         LUT6 (Prop_D6LUT_SLICEL_I4_O)
                                                      0.057     1.476 r  u_dma_fed_datapath/u_datapath/u_core/u_feeder/g_ring_bank[0].mem_reg_i_276/O
                         net (fo=3, routed)           0.464     1.940    u_dma_fed_datapath/u_datapath/u_core/u_feeder/g_ring_bank[0].mem_reg_i_276_n_0
    SLICE_X48Y16         LUT6 (Prop_H6LUT_SLICEL_I4_O)
                                                      0.137     2.077 f  u_dma_fed_datapath/u_datapath/u_core/u_feeder/scan_x_q[7]_i_4/O
                         net (fo=1, routed)           0.467     2.544    u_dma_fed_datapath/u_datapath/u_core/u_feeder/scan_x_q[7]_i_4_n_0
    SLICE_X49Y16         LUT5 (Prop_C6LUT_SLICEL_I1_O)
                                                      0.081     2.625 f  u_dma_fed_datapath/u_datapath/u_core/u_feeder/scan_x_q[7]_i_3/O
                         net (fo=2, routed)           0.453     3.078    u_dma_fed_datapath/u_datapath/u_core/u_feeder/scan_x_q[7]_i_3_n_0
    SLICE_X56Y19         LUT6 (Prop_C6LUT_SLICEL_I1_O)
                                                      0.150     3.228 f  u_dma_fed_datapath/u_datapath/u_core/u_feeder/emit_ic_q[3]_i_12/O
                         net (fo=1, routed)           0.134     3.362    u_dma_fed_datapath/u_datapath/u_core/u_feeder/emit_ic_q[3]_i_12_n_0
    SLICE_X54Y19         LUT6 (Prop_G6LUT_SLICEM_I4_O)
                                                      0.226     3.588 f  u_dma_fed_datapath/u_datapath/u_core/u_feeder/emit_ic_q[3]_i_5/O
                         net (fo=24, routed)          0.292     3.880    u_dma_fed_datapath/u_datapath/u_core/u_feeder/emit_ic_q[3]_i_5_n_0
    SLICE_X52Y17         LUT6 (Prop_A6LUT_SLICEL_I4_O)
                                                      0.225     4.105 r  u_dma_fed_datapath/u_datapath/u_core/u_feeder/pixel_q[3][63]_i_1/O
                         net (fo=64, routed)          0.431     4.535    u_dma_fed_datapath/u_datapath/u_core/u_feeder/pixel_q[3][63]_i_1_n_0
    SLICE_X53Y20         FDRE                                         r  u_dma_fed_datapath/u_datapath/u_core/u_feeder/pixel_q_reg[3][57]/R
  -------------------------------------------------------------------    -------------------

                         (clock clk rise edge)        5.000     5.000 r  
                                                      0.000     5.000 r  clk (IN)
                         net (fo=6358, unset)         0.030     5.030    u_dma_fed_datapath/u_datapath/u_core/u_feeder/clk
    SLICE_X53Y20         FDRE                                         r  u_dma_fed_datapath/u_datapath/u_core/u_feeder/pixel_q_reg[3][57]/C
                         clock pessimism              0.000     5.030    
                         clock uncertainty           -0.035     4.995    
    SLICE_X53Y20         FDRE (Setup_DFF_SLICEM_C_R)
                                                     -0.118     4.877    u_dma_fed_datapath/u_datapath/u_core/u_feeder/pixel_q_reg[3][57]
  -------------------------------------------------------------------
                         required time                          4.877    
                         arrival time                          -4.535    
  -------------------------------------------------------------------
                         slack                                  0.341    

Slack (MET) :             0.341ns  (required time - arrival time)
  Source:                 u_dma_fed_datapath/u_datapath/u_core/u_feeder/scan_x_q_reg[0]/C
                            (rising edge-triggered cell FDRE clocked by clk  {rise@0.000ns fall@2.500ns period=5.000ns})
  Destination:            u_dma_fed_datapath/u_datapath/u_core/u_feeder/pixel_q_reg[3][58]/R
                            (rising edge-triggered cell FDRE clocked by clk  {rise@0.000ns fall@2.500ns period=5.000ns})
  Path Group:             clk
  Path Type:              Setup (Max at Slow Process Corner)
  Requirement:            5.000ns  (clk rise@5.000ns - clk rise@0.000ns)
  Data Path Delay:        4.493ns  (logic 1.383ns (30.779%)  route 3.110ns (69.221%))
  Logic Levels:           9  (LUT5=2 LUT6=7)
  Clock Path Skew:        -0.012ns (DCD - SCD + CPR)
    Destination Clock Delay (DCD):    0.030ns = ( 5.030 - 5.000 ) 
    Source Clock Delay      (SCD):    0.042ns
    Clock Pessimism Removal (CPR):    0.000ns
  Clock Uncertainty:      0.035ns  ((TSJ^2 + TIJ^2)^1/2 + DJ) / 2 + PE
    Total System Jitter     (TSJ):    0.071ns
    Total Input Jitter      (TIJ):    0.000ns
    Discrete Jitter          (DJ):    0.000ns
    Phase Error              (PE):    0.000ns

    Location             Delay type                Incr(ns)  Path(ns)    Netlist Resource(s)
  -------------------------------------------------------------------    -------------------
                         (clock clk rise edge)        0.000     0.000 r  
                                                      0.000     0.000 r  clk (IN)
                         net (fo=6358, unset)         0.042     0.042    u_dma_fed_datapath/u_datapath/u_core/u_feeder/clk
    SLICE_X48Y17         FDRE                                         r  u_dma_fed_datapath/u_datapath/u_core/u_feeder/scan_x_q_reg[0]/C
  -------------------------------------------------------------------    -------------------
    SLICE_X48Y17         FDRE (Prop_HFF_SLICEL_C_Q)
                                                      0.113     0.155 r  u_dma_fed_datapath/u_datapath/u_core/u_feeder/scan_x_q_reg[0]/Q
                         net (fo=17, routed)          0.592     0.747    u_dma_fed_datapath/u_datapath/u_core/u_feeder/scan_x_q[0]
    SLICE_X50Y15         LUT6 (Prop_G6LUT_SLICEL_I2_O)
                                                      0.186     0.933 f  u_dma_fed_datapath/u_datapath/u_core/u_feeder/g_ring_bank[0].mem_reg_i_312/O
                         net (fo=1, routed)           0.179     1.112    u_dma_fed_datapath/u_datapath/u_core/u_feeder/g_ring_bank[0].mem_reg_i_312_n_0
    SLICE_X49Y15         LUT5 (Prop_A6LUT_SLICEL_I3_O)
                                                      0.152     1.264 f  u_dma_fed_datapath/u_datapath/u_core/u_feeder/g_ring_bank[0].mem_reg_i_310/O
                         net (fo=1, routed)           0.049     1.313    u_dma_fed_datapath/u_datapath/u_core/u_feeder/g_ring_bank[0].mem_reg_i_310_n_0
    SLICE_X49Y15         LUT6 (Prop_C6LUT_SLICEL_I0_O)
                                                      0.056     1.369 f  u_dma_fed_datapath/u_datapath/u_core/u_feeder/g_ring_bank[0].mem_reg_i_288/O
                         net (fo=1, routed)           0.050     1.419    u_dma_fed_datapath/u_datapath/u_core/u_feeder/g_ring_bank[0].mem_reg_i_288_n_0
    SLICE_X49Y15         LUT6 (Prop_D6LUT_SLICEL_I4_O)
                                                      0.057     1.476 r  u_dma_fed_datapath/u_datapath/u_core/u_feeder/g_ring_bank[0].mem_reg_i_276/O
                         net (fo=3, routed)           0.464     1.940    u_dma_fed_datapath/u_datapath/u_core/u_feeder/g_ring_bank[0].mem_reg_i_276_n_0
    SLICE_X48Y16         LUT6 (Prop_H6LUT_SLICEL_I4_O)
                                                      0.137     2.077 f  u_dma_fed_datapath/u_datapath/u_core/u_feeder/scan_x_q[7]_i_4/O
                         net (fo=1, routed)           0.467     2.544    u_dma_fed_datapath/u_datapath/u_core/u_feeder/scan_x_q[7]_i_4_n_0
    SLICE_X49Y16         LUT5 (Prop_C6LUT_SLICEL_I1_O)
                                                      0.081     2.625 f  u_dma_fed_datapath/u_datapath/u_core/u_feeder/scan_x_q[7]_i_3/O
                         net (fo=2, routed)           0.453     3.078    u_dma_fed_datapath/u_datapath/u_core/u_feeder/scan_x_q[7]_i_3_n_0
    SLICE_X56Y19         LUT6 (Prop_C6LUT_SLICEL_I1_O)
                                                      0.150     3.228 f  u_dma_fed_datapath/u_datapath/u_core/u_feeder/emit_ic_q[3]_i_12/O
                         net (fo=1, routed)           0.134     3.362    u_dma_fed_datapath/u_datapath/u_core/u_feeder/emit_ic_q[3]_i_12_n_0
    SLICE_X54Y19         LUT6 (Prop_G6LUT_SLICEM_I4_O)
                                                      0.226     3.588 f  u_dma_fed_datapath/u_datapath/u_core/u_feeder/emit_ic_q[3]_i_5/O
                         net (fo=24, routed)          0.292     3.880    u_dma_fed_datapath/u_datapath/u_core/u_feeder/emit_ic_q[3]_i_5_n_0
    SLICE_X52Y17         LUT6 (Prop_A6LUT_SLICEL_I4_O)
                                                      0.225     4.105 r  u_dma_fed_datapath/u_datapath/u_core/u_feeder/pixel_q[3][63]_i_1/O
                         net (fo=64, routed)          0.431     4.535    u_dma_fed_datapath/u_datapath/u_core/u_feeder/pixel_q[3][63]_i_1_n_0
    SLICE_X53Y20         FDRE                                         r  u_dma_fed_datapath/u_datapath/u_core/u_feeder/pixel_q_reg[3][58]/R
  -------------------------------------------------------------------    -------------------

                         (clock clk rise edge)        5.000     5.000 r  
                                                      0.000     5.000 r  clk (IN)
                         net (fo=6358, unset)         0.030     5.030    u_dma_fed_datapath/u_datapath/u_core/u_feeder/clk
    SLICE_X53Y20         FDRE                                         r  u_dma_fed_datapath/u_datapath/u_core/u_feeder/pixel_q_reg[3][58]/C
                         clock pessimism              0.000     5.030    
                         clock uncertainty           -0.035     4.995    
    SLICE_X53Y20         FDRE (Setup_DFF2_SLICEM_C_R)
                                                     -0.118     4.877    u_dma_fed_datapath/u_datapath/u_core/u_feeder/pixel_q_reg[3][58]
  -------------------------------------------------------------------
                         required time                          4.877    
                         arrival time                          -4.535    
  -------------------------------------------------------------------
                         slack                                  0.341    




