Copyright 1986-2022 Xilinx, Inc. All Rights Reserved. Copyright 2022-2024 Advanced Micro Devices, Inc. All Rights Reserved.
-----------------------------------------------------------------------------------------------------------------------------------------------------------------------------------------------------------------------------------
| Tool Version      : Vivado v.2024.1 (lin64) Build 5076996 Wed May 22 18:36:09 MDT 2024
| Date              : Fri Sep 11 16:48:29 2026
| Host              : yundodo running 64-bit unknown
| Command           : report_timing_summary -delay_type min_max -check_timing_verbose -max_paths 20 -file /home/dodo/Documents/Codex/2026-08-31/kv260-alexnet-rtl/alexnet/reports/sa_m8n128_dynamic/200mhz/impl_timing_summary.rpt
| Design            : alexnet_sa_m8n128_dynamic_ooc
| Device            : xck26-sfvc784
| Speed File        : -2LV  PRODUCTION 1.30 05-15-2022
| Design State      : Routed
| Temperature Grade : C
-----------------------------------------------------------------------------------------------------------------------------------------------------------------------------------------------------------------------------------

Timing Summary Report

------------------------------------------------------------------------------------------------
| Timer Settings
| --------------
------------------------------------------------------------------------------------------------

  Enable Multi Corner Analysis               :  Yes
  Enable Pessimism Removal                   :  Yes
  Pessimism Removal Resolution               :  Nearest Common Node
  Enable Input Delay Default Clock           :  No
  Enable Preset / Clear Arcs                 :  No
  Disable Flight Delays                      :  No
  Ignore I/O Paths                           :  No
  Timing Early Launch at Borrowing Latches   :  No
  Borrow Time for Max Delay Exceptions       :  Yes
  Merge Timing Exceptions                    :  Yes
  Inter-SLR Compensation                     :  Conservative

  Corner  Analyze    Analyze    
  Name    Max Paths  Min Paths  
  ------  ---------  ---------  
  Slow    Yes        Yes        
  Fast    Yes        Yes        


------------------------------------------------------------------------------------------------
| Report Methodology
| ------------------
------------------------------------------------------------------------------------------------

No report available as report_methodology has not been run prior. Run report_methodology on the current design for the summary of methodology violations.



check_timing report

Table of Contents
-----------------
1. checking no_clock (0)
2. checking constant_clock (0)
3. checking pulse_width_clock (0)
4. checking unconstrained_internal_endpoints (0)
5. checking no_input_delay (0)
6. checking no_output_delay (0)
7. checking multiple_clock (0)
8. checking generated_clocks (0)
9. checking loops (0)
10. checking partial_input_delay (0)
11. checking partial_output_delay (0)
12. checking latch_loops (0)

1. checking no_clock (0)
------------------------
 There are 0 register/latch pins with no clock.


2. checking constant_clock (0)
------------------------------
 There are 0 register/latch pins with constant_clock.


3. checking pulse_width_clock (0)
---------------------------------
 There are 0 register/latch pins which need pulse_width check


4. checking unconstrained_internal_endpoints (0)
------------------------------------------------
 There are 0 pins that are not constrained for maximum delay.

 There are 0 pins that are not constrained for maximum delay due to constant clock.


5. checking no_input_delay (0)
------------------------------
 There are 0 input ports with no input delay specified.

 There are 0 input ports with no input delay but user has a false path constraint.


6. checking no_output_delay (0)
-------------------------------
 There are 0 ports with no output delay specified.

 There are 0 ports with no output delay but user has a false path constraint

 There are 0 ports with no output delay but with a timing clock defined on it or propagating through it


7. checking multiple_clock (0)
------------------------------
 There are 0 register/latch pins with multiple clocks.


8. checking generated_clocks (0)
--------------------------------
 There are 0 generated clocks that are not connected to a clock source.


9. checking loops (0)
---------------------
 There are 0 combinational loops in the design.


10. checking partial_input_delay (0)
------------------------------------
 There are 0 input ports with partial input delay specified.


11. checking partial_output_delay (0)
-------------------------------------
 There are 0 ports with partial output delay specified.


12. checking latch_loops (0)
----------------------------
 There are 0 combinational latch loops in the design through latch input



------------------------------------------------------------------------------------------------
| Design Timing Summary
| ---------------------
------------------------------------------------------------------------------------------------

    WNS(ns)      TNS(ns)  TNS Failing Endpoints  TNS Total Endpoints      WHS(ns)      THS(ns)  THS Failing Endpoints  THS Total Endpoints     WPWS(ns)     TPWS(ns)  TPWS Failing Endpoints  TPWS Total Endpoints  
    -------      -------  ---------------------  -------------------      -------      -------  ---------------------  -------------------     --------     --------  ----------------------  --------------------  
      0.564        0.000                      0               287372        0.046        0.000                      0               287372        1.738        0.000                       0                 58096  


All user specified timing constraints are met.


------------------------------------------------------------------------------------------------
| Clock Summary
| -------------
------------------------------------------------------------------------------------------------

Clock  Waveform(ns)         Period(ns)      Frequency(MHz)
-----  ------------         ----------      --------------
clk    {0.000 2.500}        5.000           200.000         


------------------------------------------------------------------------------------------------
| Intra Clock Table
| -----------------
------------------------------------------------------------------------------------------------

Clock             WNS(ns)      TNS(ns)  TNS Failing Endpoints  TNS Total Endpoints      WHS(ns)      THS(ns)  THS Failing Endpoints  THS Total Endpoints     WPWS(ns)     TPWS(ns)  TPWS Failing Endpoints  TPWS Total Endpoints  
-----             -------      -------  ---------------------  -------------------      -------      -------  ---------------------  -------------------     --------     --------  ----------------------  --------------------  
clk                 0.564        0.000                      0               287372        0.046        0.000                      0               287372        1.738        0.000                       0                 58096  


------------------------------------------------------------------------------------------------
| Inter Clock Table
| -----------------
------------------------------------------------------------------------------------------------

From Clock    To Clock          WNS(ns)      TNS(ns)  TNS Failing Endpoints  TNS Total Endpoints      WHS(ns)      THS(ns)  THS Failing Endpoints  THS Total Endpoints  
----------    --------          -------      -------  ---------------------  -------------------      -------      -------  ---------------------  -------------------  


------------------------------------------------------------------------------------------------
| Other Path Groups Table
| -----------------------
------------------------------------------------------------------------------------------------

Path Group    From Clock    To Clock          WNS(ns)      TNS(ns)  TNS Failing Endpoints  TNS Total Endpoints      WHS(ns)      THS(ns)  THS Failing Endpoints  THS Total Endpoints  
----------    ----------    --------          -------      -------  ---------------------  -------------------      -------      -------  ---------------------  -------------------  


------------------------------------------------------------------------------------------------
| Timing Details
| --------------
------------------------------------------------------------------------------------------------


---------------------------------------------------------------------------------------------------
From Clock:  clk
  To Clock:  clk

Setup :            0  Failing Endpoints,  Worst Slack        0.564ns,  Total Violation        0.000ns
Hold  :            0  Failing Endpoints,  Worst Slack        0.046ns,  Total Violation        0.000ns
PW    :            0  Failing Endpoints,  Worst Slack        1.738ns,  Total Violation        0.000ns
---------------------------------------------------------------------------------------------------


Max Delay Paths
--------------------------------------------------------------------------------------
Slack (MET) :             0.564ns  (required time - arrival time)
  Source:                 u_dynamic/g_bank[4].u_sa/g_horizontal[0].g_hop[11].act_lo_hop_reg[0][10][7]/C
                            (rising edge-triggered cell FDRE clocked by clk  {rise@0.000ns fall@2.500ns period=5.000ns})
  Destination:            u_dynamic/g_bank[6].u_sa/g_pe_row[1].g_pe_col[10].u_pe/product_reg_reg/DSP_A_B_DATA_INST/A[23]
                            (rising edge-triggered cell DSP_A_B_DATA clocked by clk  {rise@0.000ns fall@2.500ns period=5.000ns})
  Path Group:             clk
  Path Type:              Setup (Max at Slow Process Corner)
  Requirement:            5.000ns  (clk rise@5.000ns - clk rise@0.000ns)
  Data Path Delay:        3.872ns  (logic 0.114ns (2.944%)  route 3.758ns (97.056%))
  Logic Levels:           0  
  Clock Path Skew:        0.012ns (DCD - SCD + CPR)
    Destination Clock Delay (DCD):    0.055ns = ( 5.055 - 5.000 ) 
    Source Clock Delay      (SCD):    0.043ns
    Clock Pessimism Removal (CPR):    0.000ns
  Clock Uncertainty:      0.035ns  ((TSJ^2 + TIJ^2)^1/2 + DJ) / 2 + PE
    Total System Jitter     (TSJ):    0.071ns
    Total Input Jitter      (TIJ):    0.000ns
    Discrete Jitter          (DJ):    0.000ns
    Phase Error              (PE):    0.000ns

    Location             Delay type                Incr(ns)  Path(ns)    Netlist Resource(s)
  -------------------------------------------------------------------    -------------------
                         (clock clk rise edge)        0.000     0.000 r  
                                                      0.000     0.000 r  clk (IN)
                         net (fo=60143, unset)        0.043     0.043    u_dynamic/g_bank[4].u_sa/clk
    SLICE_X8Y176         FDRE                                         r  u_dynamic/g_bank[4].u_sa/g_horizontal[0].g_hop[11].act_lo_hop_reg[0][10][7]/C
  -------------------------------------------------------------------    -------------------
    SLICE_X8Y176         FDRE (Prop_HFF2_SLICEM_C_Q)
                                                      0.114     0.157 r  u_dynamic/g_bank[4].u_sa/g_horizontal[0].g_hop[11].act_lo_hop_reg[0][10][7]/Q
                         net (fo=557, routed)         3.758     3.915    u_dynamic/g_bank[6].u_sa/g_pe_row[1].g_pe_col[10].u_pe/product_reg_reg/A[23]
    DSP48E2_X8Y58        DSP_A_B_DATA                                 r  u_dynamic/g_bank[6].u_sa/g_pe_row[1].g_pe_col[10].u_pe/product_reg_reg/DSP_A_B_DATA_INST/A[23]
  -------------------------------------------------------------------    -------------------

                         (clock clk rise edge)        5.000     5.000 r  
                                                      0.000     5.000 r  clk (IN)
                         net (fo=60143, unset)        0.055     5.055    u_dynamic/g_bank[6].u_sa/g_pe_row[1].g_pe_col[10].u_pe/product_reg_reg/CLK
    DSP48E2_X8Y58        DSP_A_B_DATA                                 r  u_dynamic/g_bank[6].u_sa/g_pe_row[1].g_pe_col[10].u_pe/product_reg_reg/DSP_A_B_DATA_INST/CLK
                         clock pessimism              0.000     5.055    
                         clock uncertainty           -0.035     5.020    
    DSP48E2_X8Y58        DSP_A_B_DATA (Setup_DSP_A_B_DATA_DSP48E2_CLK_A[23])
                                                     -0.541     4.479    u_dynamic/g_bank[6].u_sa/g_pe_row[1].g_pe_col[10].u_pe/product_reg_reg/DSP_A_B_DATA_INST
  -------------------------------------------------------------------
                         required time                          4.479    
                         arrival time                          -3.915    
  -------------------------------------------------------------------
                         slack                                  0.564    

Slack (MET) :             0.570ns  (required time - arrival time)
  Source:                 u_dynamic/g_bank[4].u_sa/g_horizontal[0].g_hop[11].act_lo_hop_reg[0][10][7]/C
                            (rising edge-triggered cell FDRE clocked by clk  {rise@0.000ns fall@2.500ns period=5.000ns})
  Destination:            u_dynamic/g_bank[6].u_sa/g_pe_row[1].g_pe_col[10].u_pe/product_reg_reg/DSP_A_B_DATA_INST/A[25]
                            (rising edge-triggered cell DSP_A_B_DATA clocked by clk  {rise@0.000ns fall@2.500ns period=5.000ns})
  Path Group:             clk
  Path Type:              Setup (Max at Slow Process Corner)
  Requirement:            5.000ns  (clk rise@5.000ns - clk rise@0.000ns)
  Data Path Delay:        3.867ns  (logic 0.114ns (2.948%)  route 3.753ns (97.052%))
  Logic Levels:           0  
  Clock Path Skew:        0.012ns (DCD - SCD + CPR)
    Destination Clock Delay (DCD):    0.055ns = ( 5.055 - 5.000 ) 
    Source Clock Delay      (SCD):    0.043ns
    Clock Pessimism Removal (CPR):    0.000ns
  Clock Uncertainty:      0.035ns  ((TSJ^2 + TIJ^2)^1/2 + DJ) / 2 + PE
    Total System Jitter     (TSJ):    0.071ns
    Total Input Jitter      (TIJ):    0.000ns
    Discrete Jitter          (DJ):    0.000ns
    Phase Error              (PE):    0.000ns

    Location             Delay type                Incr(ns)  Path(ns)    Netlist Resource(s)
  -------------------------------------------------------------------    -------------------
                         (clock clk rise edge)        0.000     0.000 r  
                                                      0.000     0.000 r  clk (IN)
                         net (fo=60143, unset)        0.043     0.043    u_dynamic/g_bank[4].u_sa/clk
    SLICE_X8Y176         FDRE                                         r  u_dynamic/g_bank[4].u_sa/g_horizontal[0].g_hop[11].act_lo_hop_reg[0][10][7]/C
  -------------------------------------------------------------------    -------------------
    SLICE_X8Y176         FDRE (Prop_HFF2_SLICEM_C_Q)
                                                      0.114     0.157 r  u_dynamic/g_bank[4].u_sa/g_horizontal[0].g_hop[11].act_lo_hop_reg[0][10][7]/Q
                         net (fo=557, routed)         3.753     3.910    u_dynamic/g_bank[6].u_sa/g_pe_row[1].g_pe_col[10].u_pe/product_reg_reg/A[25]
    DSP48E2_X8Y58        DSP_A_B_DATA                                 r  u_dynamic/g_bank[6].u_sa/g_pe_row[1].g_pe_col[10].u_pe/product_reg_reg/DSP_A_B_DATA_INST/A[25]
  -------------------------------------------------------------------    -------------------

                         (clock clk rise edge)        5.000     5.000 r  
                                                      0.000     5.000 r  clk (IN)
                         net (fo=60143, unset)        0.055     5.055    u_dynamic/g_bank[6].u_sa/g_pe_row[1].g_pe_col[10].u_pe/product_reg_reg/CLK
    DSP48E2_X8Y58        DSP_A_B_DATA                                 r  u_dynamic/g_bank[6].u_sa/g_pe_row[1].g_pe_col[10].u_pe/product_reg_reg/DSP_A_B_DATA_INST/CLK
                         clock pessimism              0.000     5.055    
                         clock uncertainty           -0.035     5.020    
    DSP48E2_X8Y58        DSP_A_B_DATA (Setup_DSP_A_B_DATA_DSP48E2_CLK_A[25])
                                                     -0.540     4.480    u_dynamic/g_bank[6].u_sa/g_pe_row[1].g_pe_col[10].u_pe/product_reg_reg/DSP_A_B_DATA_INST
  -------------------------------------------------------------------
                         required time                          4.480    
                         arrival time                          -3.910    
  -------------------------------------------------------------------
                         slack                                  0.570    

Slack (MET) :             0.581ns  (required time - arrival time)
  Source:                 u_dynamic/g_bank[4].u_sa/g_horizontal[0].g_hop[11].act_lo_hop_reg[0][10][7]/C
                            (rising edge-triggered cell FDRE clocked by clk  {rise@0.000ns fall@2.500ns period=5.000ns})
  Destination:            u_dynamic/g_bank[6].u_sa/g_pe_row[1].g_pe_col[10].u_pe/product_reg_reg/DSP_A_B_DATA_INST/A[24]
                            (rising edge-triggered cell DSP_A_B_DATA clocked by clk  {rise@0.000ns fall@2.500ns period=5.000ns})
  Path Group:             clk
  Path Type:              Setup (Max at Slow Process Corner)
  Requirement:            5.000ns  (clk rise@5.000ns - clk rise@0.000ns)
  Data Path Delay:        3.865ns  (logic 0.114ns (2.949%)  route 3.751ns (97.050%))
  Logic Levels:           0  
  Clock Path Skew:        0.012ns (DCD - SCD + CPR)
    Destination Clock Delay (DCD):    0.055ns = ( 5.055 - 5.000 ) 
    Source Clock Delay      (SCD):    0.043ns
    Clock Pessimism Removal (CPR):    0.000ns
  Clock Uncertainty:      0.035ns  ((TSJ^2 + TIJ^2)^1/2 + DJ) / 2 + PE
    Total System Jitter     (TSJ):    0.071ns
    Total Input Jitter      (TIJ):    0.000ns
    Discrete Jitter          (DJ):    0.000ns
    Phase Error              (PE):    0.000ns

    Location             Delay type                Incr(ns)  Path(ns)    Netlist Resource(s)
  -------------------------------------------------------------------    -------------------
                         (clock clk rise edge)        0.000     0.000 r  
                                                      0.000     0.000 r  clk (IN)
                         net (fo=60143, unset)        0.043     0.043    u_dynamic/g_bank[4].u_sa/clk
    SLICE_X8Y176         FDRE                                         r  u_dynamic/g_bank[4].u_sa/g_horizontal[0].g_hop[11].act_lo_hop_reg[0][10][7]/C
  -------------------------------------------------------------------    -------------------
    SLICE_X8Y176         FDRE (Prop_HFF2_SLICEM_C_Q)
                                                      0.114     0.157 r  u_dynamic/g_bank[4].u_sa/g_horizontal[0].g_hop[11].act_lo_hop_reg[0][10][7]/Q
                         net (fo=557, routed)         3.751     3.908    u_dynamic/g_bank[6].u_sa/g_pe_row[1].g_pe_col[10].u_pe/product_reg_reg/A[24]
    DSP48E2_X8Y58        DSP_A_B_DATA                                 r  u_dynamic/g_bank[6].u_sa/g_pe_row[1].g_pe_col[10].u_pe/product_reg_reg/DSP_A_B_DATA_INST/A[24]
  -------------------------------------------------------------------    -------------------

                         (clock clk rise edge)        5.000     5.000 r  
                                                      0.000     5.000 r  clk (IN)
                         net (fo=60143, unset)        0.055     5.055    u_dynamic/g_bank[6].u_sa/g_pe_row[1].g_pe_col[10].u_pe/product_reg_reg/CLK
    DSP48E2_X8Y58        DSP_A_B_DATA                                 r  u_dynamic/g_bank[6].u_sa/g_pe_row[1].g_pe_col[10].u_pe/product_reg_reg/DSP_A_B_DATA_INST/CLK
                         clock pessimism              0.000     5.055    
                         clock uncertainty           -0.035     5.020    
    DSP48E2_X8Y58        DSP_A_B_DATA (Setup_DSP_A_B_DATA_DSP48E2_CLK_A[24])
                                                     -0.531     4.489    u_dynamic/g_bank[6].u_sa/g_pe_row[1].g_pe_col[10].u_pe/product_reg_reg/DSP_A_B_DATA_INST
  -------------------------------------------------------------------
                         required time                          4.489    
                         arrival time                          -3.908    
  -------------------------------------------------------------------
                         slack                                  0.581    

Slack (MET) :             0.588ns  (required time - arrival time)
  Source:                 bank_done_q_reg[4]/C
                            (rising edge-triggered cell FDRE clocked by clk  {rise@0.000ns fall@2.500ns period=5.000ns})
  Destination:            busy_reg_replica/D
                            (rising edge-triggered cell FDRE clocked by clk  {rise@0.000ns fall@2.500ns period=5.000ns})
  Path Group:             clk
  Path Type:              Setup (Max at Slow Process Corner)
  Requirement:            5.000ns  (clk rise@5.000ns - clk rise@0.000ns)
  Data Path Delay:        4.407ns  (logic 0.617ns (14.001%)  route 3.790ns (85.999%))
  Logic Levels:           3  (LUT4=1 LUT5=1 LUT6=1)
  Clock Path Skew:        -0.014ns (DCD - SCD + CPR)
    Destination Clock Delay (DCD):    0.029ns = ( 5.029 - 5.000 ) 
    Source Clock Delay      (SCD):    0.043ns
    Clock Pessimism Removal (CPR):    0.000ns
  Clock Uncertainty:      0.035ns  ((TSJ^2 + TIJ^2)^1/2 + DJ) / 2 + PE
    Total System Jitter     (TSJ):    0.071ns
    Total Input Jitter      (TIJ):    0.000ns
    Discrete Jitter          (DJ):    0.000ns
    Phase Error              (PE):    0.000ns

    Location             Delay type                Incr(ns)  Path(ns)    Netlist Resource(s)
  -------------------------------------------------------------------    -------------------
                         (clock clk rise edge)        0.000     0.000 r  
                                                      0.000     0.000 r  clk (IN)
                         net (fo=60143, unset)        0.043     0.043    clk
    SLICE_X7Y38          FDRE                                         r  bank_done_q_reg[4]/C
  -------------------------------------------------------------------    -------------------
    SLICE_X7Y38          FDRE (Prop_DFF_SLICEM_C_Q)
                                                      0.116     0.159 f  bank_done_q_reg[4]/Q
                         net (fo=2, routed)           0.085     0.244    bank_done_q_reg_n_0_[4]
    SLICE_X7Y38          LUT4 (Prop_F6LUT_SLICEM_I1_O)
                                                      0.224     0.468 r  busy_i_3/O
                         net (fo=3, routed)           0.127     0.595    busy_i_3_n_0
    SLICE_X7Y36          LUT6 (Prop_G6LUT_SLICEM_I0_O)
                                                      0.186     0.781 f  busy_i_2/O
                         net (fo=3, routed)           0.753     1.534    busy_i_2_n_0
    SLICE_X8Y94          LUT5 (Prop_D5LUT_SLICEM_I2_O)
                                                      0.091     1.625 r  busy_i_1/O
                         net (fo=38, routed)          2.825     4.450    busy_i_1_n_0
    SLICE_X51Y221        FDRE                                         r  busy_reg_replica/D
  -------------------------------------------------------------------    -------------------

                         (clock clk rise edge)        5.000     5.000 r  
                                                      0.000     5.000 r  clk (IN)
                         net (fo=60143, unset)        0.029     5.029    clk
    SLICE_X51Y221        FDRE                                         r  busy_reg_replica/C
                         clock pessimism              0.000     5.029    
                         clock uncertainty           -0.035     4.994    
    SLICE_X51Y221        FDRE (Setup_EFF_SLICEL_C_D)
                                                      0.044     5.038    busy_reg_replica
  -------------------------------------------------------------------
                         required time                          5.038    
                         arrival time                          -4.450    
  -------------------------------------------------------------------
                         slack                                  0.588    

Slack (MET) :             0.599ns  (required time - arrival time)
  Source:                 u_dynamic/g_bank[4].u_sa/g_horizontal[0].g_hop[11].act_lo_hop_reg[0][10][7]/C
                            (rising edge-triggered cell FDRE clocked by clk  {rise@0.000ns fall@2.500ns period=5.000ns})
  Destination:            u_dynamic/g_bank[6].u_sa/g_pe_row[1].g_pe_col[10].u_pe/product_reg_reg/DSP_A_B_DATA_INST/A[26]
                            (rising edge-triggered cell DSP_A_B_DATA clocked by clk  {rise@0.000ns fall@2.500ns period=5.000ns})
  Path Group:             clk
  Path Type:              Setup (Max at Slow Process Corner)
  Requirement:            5.000ns  (clk rise@5.000ns - clk rise@0.000ns)
  Data Path Delay:        3.839ns  (logic 0.114ns (2.969%)  route 3.725ns (97.031%))
  Logic Levels:           0  
  Clock Path Skew:        0.012ns (DCD - SCD + CPR)
    Destination Clock Delay (DCD):    0.055ns = ( 5.055 - 5.000 ) 
    Source Clock Delay      (SCD):    0.043ns
    Clock Pessimism Removal (CPR):    0.000ns
  Clock Uncertainty:      0.035ns  ((TSJ^2 + TIJ^2)^1/2 + DJ) / 2 + PE
    Total System Jitter     (TSJ):    0.071ns
    Total Input Jitter      (TIJ):    0.000ns
    Discrete Jitter          (DJ):    0.000ns
    Phase Error              (PE):    0.000ns

    Location             Delay type                Incr(ns)  Path(ns)    Netlist Resource(s)
  -------------------------------------------------------------------    -------------------
                         (clock clk rise edge)        0.000     0.000 r  
                                                      0.000     0.000 r  clk (IN)
                         net (fo=60143, unset)        0.043     0.043    u_dynamic/g_bank[4].u_sa/clk
    SLICE_X8Y176         FDRE                                         r  u_dynamic/g_bank[4].u_sa/g_horizontal[0].g_hop[11].act_lo_hop_reg[0][10][7]/C
  -------------------------------------------------------------------    -------------------
    SLICE_X8Y176         FDRE (Prop_HFF2_SLICEM_C_Q)
                                                      0.114     0.157 r  u_dynamic/g_bank[4].u_sa/g_horizontal[0].g_hop[11].act_lo_hop_reg[0][10][7]/Q
                         net (fo=557, routed)         3.725     3.882    u_dynamic/g_bank[6].u_sa/g_pe_row[1].g_pe_col[10].u_pe/product_reg_reg/A[26]
    DSP48E2_X8Y58        DSP_A_B_DATA                                 r  u_dynamic/g_bank[6].u_sa/g_pe_row[1].g_pe_col[10].u_pe/product_reg_reg/DSP_A_B_DATA_INST/A[26]
  -------------------------------------------------------------------    -------------------

                         (clock clk rise edge)        5.000     5.000 r  
                                                      0.000     5.000 r  clk (IN)
                         net (fo=60143, unset)        0.055     5.055    u_dynamic/g_bank[6].u_sa/g_pe_row[1].g_pe_col[10].u_pe/product_reg_reg/CLK
    DSP48E2_X8Y58        DSP_A_B_DATA                                 r  u_dynamic/g_bank[6].u_sa/g_pe_row[1].g_pe_col[10].u_pe/product_reg_reg/DSP_A_B_DATA_INST/CLK
                         clock pessimism              0.000     5.055    
                         clock uncertainty           -0.035     5.020    
    DSP48E2_X8Y58        DSP_A_B_DATA (Setup_DSP_A_B_DATA_DSP48E2_CLK_A[26])
                                                     -0.538     4.482    u_dynamic/g_bank[6].u_sa/g_pe_row[1].g_pe_col[10].u_pe/product_reg_reg/DSP_A_B_DATA_INST
  -------------------------------------------------------------------
                         required time                          4.482    
                         arrival time                          -3.882    
  -------------------------------------------------------------------
                         slack                                  0.599    

Slack (MET) :             0.600ns  (required time - arrival time)
  Source:                 bank_done_q_reg[4]/C
                            (rising edge-triggered cell FDRE clocked by clk  {rise@0.000ns fall@2.500ns period=5.000ns})
  Destination:            busy_reg_replica_19/D
                            (rising edge-triggered cell FDRE clocked by clk  {rise@0.000ns fall@2.500ns period=5.000ns})
  Path Group:             clk
  Path Type:              Setup (Max at Slow Process Corner)
  Requirement:            5.000ns  (clk rise@5.000ns - clk rise@0.000ns)
  Data Path Delay:        4.394ns  (logic 0.617ns (14.041%)  route 3.777ns (85.959%))
  Logic Levels:           3  (LUT4=1 LUT5=1 LUT6=1)
  Clock Path Skew:        -0.014ns (DCD - SCD + CPR)
    Destination Clock Delay (DCD):    0.029ns = ( 5.029 - 5.000 ) 
    Source Clock Delay      (SCD):    0.043ns
    Clock Pessimism Removal (CPR):    0.000ns
  Clock Uncertainty:      0.035ns  ((TSJ^2 + TIJ^2)^1/2 + DJ) / 2 + PE
    Total System Jitter     (TSJ):    0.071ns
    Total Input Jitter      (TIJ):    0.000ns
    Discrete Jitter          (DJ):    0.000ns
    Phase Error              (PE):    0.000ns

    Location             Delay type                Incr(ns)  Path(ns)    Netlist Resource(s)
  -------------------------------------------------------------------    -------------------
                         (clock clk rise edge)        0.000     0.000 r  
                                                      0.000     0.000 r  clk (IN)
                         net (fo=60143, unset)        0.043     0.043    clk
    SLICE_X7Y38          FDRE                                         r  bank_done_q_reg[4]/C
  -------------------------------------------------------------------    -------------------
    SLICE_X7Y38          FDRE (Prop_DFF_SLICEM_C_Q)
                                                      0.116     0.159 f  bank_done_q_reg[4]/Q
                         net (fo=2, routed)           0.085     0.244    bank_done_q_reg_n_0_[4]
    SLICE_X7Y38          LUT4 (Prop_F6LUT_SLICEM_I1_O)
                                                      0.224     0.468 r  busy_i_3/O
                         net (fo=3, routed)           0.127     0.595    busy_i_3_n_0
    SLICE_X7Y36          LUT6 (Prop_G6LUT_SLICEM_I0_O)
                                                      0.186     0.781 f  busy_i_2/O
                         net (fo=3, routed)           0.753     1.534    busy_i_2_n_0
    SLICE_X8Y94          LUT5 (Prop_D5LUT_SLICEM_I2_O)
                                                      0.091     1.625 r  busy_i_1/O
                         net (fo=38, routed)          2.812     4.437    busy_i_1_n_0
    SLICE_X51Y213        FDRE                                         r  busy_reg_replica_19/D
  -------------------------------------------------------------------    -------------------

                         (clock clk rise edge)        5.000     5.000 r  
                                                      0.000     5.000 r  clk (IN)
                         net (fo=60143, unset)        0.029     5.029    clk
    SLICE_X51Y213        FDRE                                         r  busy_reg_replica_19/C
                         clock pessimism              0.000     5.029    
                         clock uncertainty           -0.035     4.994    
    SLICE_X51Y213        FDRE (Setup_HFF_SLICEL_C_D)
                                                      0.044     5.038    busy_reg_replica_19
  -------------------------------------------------------------------
                         required time                          5.038    
                         arrival time                          -4.437    
  -------------------------------------------------------------------
                         slack                                  0.600    

Slack (MET) :             0.613ns  (required time - arrival time)
  Source:                 u_dynamic/g_bank[4].u_sa/g_horizontal[0].g_hop[11].act_lo_hop_reg[0][10][7]/C
                            (rising edge-triggered cell FDRE clocked by clk  {rise@0.000ns fall@2.500ns period=5.000ns})
  Destination:            u_dynamic/g_bank[6].u_sa/g_pe_row[1].g_pe_col[10].u_pe/product_reg_reg/DSP_A_B_DATA_INST/A[10]
                            (rising edge-triggered cell DSP_A_B_DATA clocked by clk  {rise@0.000ns fall@2.500ns period=5.000ns})
  Path Group:             clk
  Path Type:              Setup (Max at Slow Process Corner)
  Requirement:            5.000ns  (clk rise@5.000ns - clk rise@0.000ns)
  Data Path Delay:        3.840ns  (logic 0.114ns (2.969%)  route 3.726ns (97.031%))
  Logic Levels:           0  
  Clock Path Skew:        0.012ns (DCD - SCD + CPR)
    Destination Clock Delay (DCD):    0.055ns = ( 5.055 - 5.000 ) 
    Source Clock Delay      (SCD):    0.043ns
    Clock Pessimism Removal (CPR):    0.000ns
  Clock Uncertainty:      0.035ns  ((TSJ^2 + TIJ^2)^1/2 + DJ) / 2 + PE
    Total System Jitter     (TSJ):    0.071ns
    Total Input Jitter      (TIJ):    0.000ns
    Discrete Jitter          (DJ):    0.000ns
    Phase Error              (PE):    0.000ns

    Location             Delay type                Incr(ns)  Path(ns)    Netlist Resource(s)
  -------------------------------------------------------------------    -------------------
                         (clock clk rise edge)        0.000     0.000 r  
                                                      0.000     0.000 r  clk (IN)
                         net (fo=60143, unset)        0.043     0.043    u_dynamic/g_bank[4].u_sa/clk
    SLICE_X8Y176         FDRE                                         r  u_dynamic/g_bank[4].u_sa/g_horizontal[0].g_hop[11].act_lo_hop_reg[0][10][7]/C
  -------------------------------------------------------------------    -------------------
    SLICE_X8Y176         FDRE (Prop_HFF2_SLICEM_C_Q)
                                                      0.114     0.157 r  u_dynamic/g_bank[4].u_sa/g_horizontal[0].g_hop[11].act_lo_hop_reg[0][10][7]/Q
                         net (fo=557, routed)         3.726     3.883    u_dynamic/g_bank[6].u_sa/g_pe_row[1].g_pe_col[10].u_pe/product_reg_reg/A[10]
    DSP48E2_X8Y58        DSP_A_B_DATA                                 r  u_dynamic/g_bank[6].u_sa/g_pe_row[1].g_pe_col[10].u_pe/product_reg_reg/DSP_A_B_DATA_INST/A[10]
  -------------------------------------------------------------------    -------------------

                         (clock clk rise edge)        5.000     5.000 r  
                                                      0.000     5.000 r  clk (IN)
                         net (fo=60143, unset)        0.055     5.055    u_dynamic/g_bank[6].u_sa/g_pe_row[1].g_pe_col[10].u_pe/product_reg_reg/CLK
    DSP48E2_X8Y58        DSP_A_B_DATA                                 r  u_dynamic/g_bank[6].u_sa/g_pe_row[1].g_pe_col[10].u_pe/product_reg_reg/DSP_A_B_DATA_INST/CLK
                         clock pessimism              0.000     5.055    
                         clock uncertainty           -0.035     5.020    
    DSP48E2_X8Y58        DSP_A_B_DATA (Setup_DSP_A_B_DATA_DSP48E2_CLK_A[10])
                                                     -0.524     4.496    u_dynamic/g_bank[6].u_sa/g_pe_row[1].g_pe_col[10].u_pe/product_reg_reg/DSP_A_B_DATA_INST
  -------------------------------------------------------------------
                         required time                          4.496    
                         arrival time                          -3.883    
  -------------------------------------------------------------------
                         slack                                  0.613    

Slack (MET) :             0.613ns  (required time - arrival time)
  Source:                 u_dynamic/g_bank[4].u_sa/g_horizontal[0].g_hop[11].act_lo_hop_reg[0][10][7]/C
                            (rising edge-triggered cell FDRE clocked by clk  {rise@0.000ns fall@2.500ns period=5.000ns})
  Destination:            u_dynamic/g_bank[6].u_sa/g_pe_row[1].g_pe_col[10].u_pe/product_reg_reg/DSP_A_B_DATA_INST/A[9]
                            (rising edge-triggered cell DSP_A_B_DATA clocked by clk  {rise@0.000ns fall@2.500ns period=5.000ns})
  Path Group:             clk
  Path Type:              Setup (Max at Slow Process Corner)
  Requirement:            5.000ns  (clk rise@5.000ns - clk rise@0.000ns)
  Data Path Delay:        3.834ns  (logic 0.114ns (2.974%)  route 3.720ns (97.026%))
  Logic Levels:           0  
  Clock Path Skew:        0.012ns (DCD - SCD + CPR)
    Destination Clock Delay (DCD):    0.055ns = ( 5.055 - 5.000 ) 
    Source Clock Delay      (SCD):    0.043ns
    Clock Pessimism Removal (CPR):    0.000ns
  Clock Uncertainty:      0.035ns  ((TSJ^2 + TIJ^2)^1/2 + DJ) / 2 + PE
    Total System Jitter     (TSJ):    0.071ns
    Total Input Jitter      (TIJ):    0.000ns
    Discrete Jitter          (DJ):    0.000ns
    Phase Error              (PE):    0.000ns

    Location             Delay type                Incr(ns)  Path(ns)    Netlist Resource(s)
  -------------------------------------------------------------------    -------------------
                         (clock clk rise edge)        0.000     0.000 r  
                                                      0.000     0.000 r  clk (IN)
                         net (fo=60143, unset)        0.043     0.043    u_dynamic/g_bank[4].u_sa/clk
    SLICE_X8Y176         FDRE                                         r  u_dynamic/g_bank[4].u_sa/g_horizontal[0].g_hop[11].act_lo_hop_reg[0][10][7]/C
  -------------------------------------------------------------------    -------------------
    SLICE_X8Y176         FDRE (Prop_HFF2_SLICEM_C_Q)
                                                      0.114     0.157 r  u_dynamic/g_bank[4].u_sa/g_horizontal[0].g_hop[11].act_lo_hop_reg[0][10][7]/Q
                         net (fo=557, routed)         3.720     3.877    u_dynamic/g_bank[6].u_sa/g_pe_row[1].g_pe_col[10].u_pe/product_reg_reg/A[9]
    DSP48E2_X8Y58        DSP_A_B_DATA                                 r  u_dynamic/g_bank[6].u_sa/g_pe_row[1].g_pe_col[10].u_pe/product_reg_reg/DSP_A_B_DATA_INST/A[9]
  -------------------------------------------------------------------    -------------------

                         (clock clk rise edge)        5.000     5.000 r  
                                                      0.000     5.000 r  clk (IN)
                         net (fo=60143, unset)        0.055     5.055    u_dynamic/g_bank[6].u_sa/g_pe_row[1].g_pe_col[10].u_pe/product_reg_reg/CLK
    DSP48E2_X8Y58        DSP_A_B_DATA                                 r  u_dynamic/g_bank[6].u_sa/g_pe_row[1].g_pe_col[10].u_pe/product_reg_reg/DSP_A_B_DATA_INST/CLK
                         clock pessimism              0.000     5.055    
                         clock uncertainty           -0.035     5.020    
    DSP48E2_X8Y58        DSP_A_B_DATA (Setup_DSP_A_B_DATA_DSP48E2_CLK_A[9])
                                                     -0.530     4.490    u_dynamic/g_bank[6].u_sa/g_pe_row[1].g_pe_col[10].u_pe/product_reg_reg/DSP_A_B_DATA_INST
  -------------------------------------------------------------------
                         required time                          4.490    
                         arrival time                          -3.877    
  -------------------------------------------------------------------
                         slack                                  0.613    

Slack (MET) :             0.632ns  (required time - arrival time)
  Source:                 u_dynamic/g_bank[4].u_sa/g_horizontal[0].g_hop[11].act_lo_hop_reg[0][10][7]/C
                            (rising edge-triggered cell FDRE clocked by clk  {rise@0.000ns fall@2.500ns period=5.000ns})
  Destination:            u_dynamic/g_bank[6].u_sa/g_pe_row[1].g_pe_col[10].u_pe/product_reg_reg/DSP_A_B_DATA_INST/A[11]
                            (rising edge-triggered cell DSP_A_B_DATA clocked by clk  {rise@0.000ns fall@2.500ns period=5.000ns})
  Path Group:             clk
  Path Type:              Setup (Max at Slow Process Corner)
  Requirement:            5.000ns  (clk rise@5.000ns - clk rise@0.000ns)
  Data Path Delay:        3.838ns  (logic 0.114ns (2.971%)  route 3.724ns (97.029%))
  Logic Levels:           0  
  Clock Path Skew:        0.012ns (DCD - SCD + CPR)
    Destination Clock Delay (DCD):    0.055ns = ( 5.055 - 5.000 ) 
    Source Clock Delay      (SCD):    0.043ns
    Clock Pessimism Removal (CPR):    0.000ns
  Clock Uncertainty:      0.035ns  ((TSJ^2 + TIJ^2)^1/2 + DJ) / 2 + PE
    Total System Jitter     (TSJ):    0.071ns
    Total Input Jitter      (TIJ):    0.000ns
    Discrete Jitter          (DJ):    0.000ns
    Phase Error              (PE):    0.000ns

    Location             Delay type                Incr(ns)  Path(ns)    Netlist Resource(s)
  -------------------------------------------------------------------    -------------------
                         (clock clk rise edge)        0.000     0.000 r  
                                                      0.000     0.000 r  clk (IN)
                         net (fo=60143, unset)        0.043     0.043    u_dynamic/g_bank[4].u_sa/clk
    SLICE_X8Y176         FDRE                                         r  u_dynamic/g_bank[4].u_sa/g_horizontal[0].g_hop[11].act_lo_hop_reg[0][10][7]/C
  -------------------------------------------------------------------    -------------------
    SLICE_X8Y176         FDRE (Prop_HFF2_SLICEM_C_Q)
                                                      0.114     0.157 r  u_dynamic/g_bank[4].u_sa/g_horizontal[0].g_hop[11].act_lo_hop_reg[0][10][7]/Q
                         net (fo=557, routed)         3.724     3.881    u_dynamic/g_bank[6].u_sa/g_pe_row[1].g_pe_col[10].u_pe/product_reg_reg/A[11]
    DSP48E2_X8Y58        DSP_A_B_DATA                                 r  u_dynamic/g_bank[6].u_sa/g_pe_row[1].g_pe_col[10].u_pe/product_reg_reg/DSP_A_B_DATA_INST/A[11]
  -------------------------------------------------------------------    -------------------

                         (clock clk rise edge)        5.000     5.000 r  
                                                      0.000     5.000 r  clk (IN)
                         net (fo=60143, unset)        0.055     5.055    u_dynamic/g_bank[6].u_sa/g_pe_row[1].g_pe_col[10].u_pe/product_reg_reg/CLK
    DSP48E2_X8Y58        DSP_A_B_DATA                                 r  u_dynamic/g_bank[6].u_sa/g_pe_row[1].g_pe_col[10].u_pe/product_reg_reg/DSP_A_B_DATA_INST/CLK
                         clock pessimism              0.000     5.055    
                         clock uncertainty           -0.035     5.020    
    DSP48E2_X8Y58        DSP_A_B_DATA (Setup_DSP_A_B_DATA_DSP48E2_CLK_A[11])
                                                     -0.507     4.513    u_dynamic/g_bank[6].u_sa/g_pe_row[1].g_pe_col[10].u_pe/product_reg_reg/DSP_A_B_DATA_INST
  -------------------------------------------------------------------
                         required time                          4.513    
                         arrival time                          -3.881    
  -------------------------------------------------------------------
                         slack                                  0.632    

Slack (MET) :             0.653ns  (required time - arrival time)
  Source:                 u_dynamic/g_bank[4].u_sa/g_horizontal[0].g_hop[11].act_lo_hop_reg[0][10][7]/C
                            (rising edge-triggered cell FDRE clocked by clk  {rise@0.000ns fall@2.500ns period=5.000ns})
  Destination:            u_dynamic/g_bank[6].u_sa/g_pe_row[1].g_pe_col[10].u_pe/product_reg_reg/DSP_A_B_DATA_INST/A[8]
                            (rising edge-triggered cell DSP_A_B_DATA clocked by clk  {rise@0.000ns fall@2.500ns period=5.000ns})
  Path Group:             clk
  Path Type:              Setup (Max at Slow Process Corner)
  Requirement:            5.000ns  (clk rise@5.000ns - clk rise@0.000ns)
  Data Path Delay:        3.808ns  (logic 0.114ns (2.994%)  route 3.694ns (97.006%))
  Logic Levels:           0  
  Clock Path Skew:        0.012ns (DCD - SCD + CPR)
    Destination Clock Delay (DCD):    0.055ns = ( 5.055 - 5.000 ) 
    Source Clock Delay      (SCD):    0.043ns
    Clock Pessimism Removal (CPR):    0.000ns
  Clock Uncertainty:      0.035ns  ((TSJ^2 + TIJ^2)^1/2 + DJ) / 2 + PE
    Total System Jitter     (TSJ):    0.071ns
    Total Input Jitter      (TIJ):    0.000ns
    Discrete Jitter          (DJ):    0.000ns
    Phase Error              (PE):    0.000ns

    Location             Delay type                Incr(ns)  Path(ns)    Netlist Resource(s)
  -------------------------------------------------------------------    -------------------
                         (clock clk rise edge)        0.000     0.000 r  
                                                      0.000     0.000 r  clk (IN)
                         net (fo=60143, unset)        0.043     0.043    u_dynamic/g_bank[4].u_sa/clk
    SLICE_X8Y176         FDRE                                         r  u_dynamic/g_bank[4].u_sa/g_horizontal[0].g_hop[11].act_lo_hop_reg[0][10][7]/C
  -------------------------------------------------------------------    -------------------
    SLICE_X8Y176         FDRE (Prop_HFF2_SLICEM_C_Q)
                                                      0.114     0.157 r  u_dynamic/g_bank[4].u_sa/g_horizontal[0].g_hop[11].act_lo_hop_reg[0][10][7]/Q
                         net (fo=557, routed)         3.694     3.851    u_dynamic/g_bank[6].u_sa/g_pe_row[1].g_pe_col[10].u_pe/product_reg_reg/A[8]
    DSP48E2_X8Y58        DSP_A_B_DATA                                 r  u_dynamic/g_bank[6].u_sa/g_pe_row[1].g_pe_col[10].u_pe/product_reg_reg/DSP_A_B_DATA_INST/A[8]
  -------------------------------------------------------------------    -------------------

                         (clock clk rise edge)        5.000     5.000 r  
                                                      0.000     5.000 r  clk (IN)
                         net (fo=60143, unset)        0.055     5.055    u_dynamic/g_bank[6].u_sa/g_pe_row[1].g_pe_col[10].u_pe/product_reg_reg/CLK
    DSP48E2_X8Y58        DSP_A_B_DATA                                 r  u_dynamic/g_bank[6].u_sa/g_pe_row[1].g_pe_col[10].u_pe/product_reg_reg/DSP_A_B_DATA_INST/CLK
                         clock pessimism              0.000     5.055    
                         clock uncertainty           -0.035     5.020    
    DSP48E2_X8Y58        DSP_A_B_DATA (Setup_DSP_A_B_DATA_DSP48E2_CLK_A[8])
                                                     -0.515     4.505    u_dynamic/g_bank[6].u_sa/g_pe_row[1].g_pe_col[10].u_pe/product_reg_reg/DSP_A_B_DATA_INST
  -------------------------------------------------------------------
                         required time                          4.505    
                         arrival time                          -3.851    
  -------------------------------------------------------------------
                         slack                                  0.653    

Slack (MET) :             0.655ns  (required time - arrival time)
  Source:                 u_dynamic/g_bank[4].u_sa/g_horizontal[0].g_hop[11].act_lo_hop_reg[0][10][7]/C
                            (rising edge-triggered cell FDRE clocked by clk  {rise@0.000ns fall@2.500ns period=5.000ns})
  Destination:            u_dynamic/g_bank[6].u_sa/g_pe_row[1].g_pe_col[10].u_pe/product_reg_reg/DSP_A_B_DATA_INST/A[19]
                            (rising edge-triggered cell DSP_A_B_DATA clocked by clk  {rise@0.000ns fall@2.500ns period=5.000ns})
  Path Group:             clk
  Path Type:              Setup (Max at Slow Process Corner)
  Requirement:            5.000ns  (clk rise@5.000ns - clk rise@0.000ns)
  Data Path Delay:        3.824ns  (logic 0.114ns (2.981%)  route 3.710ns (97.019%))
  Logic Levels:           0  
  Clock Path Skew:        0.012ns (DCD - SCD + CPR)
    Destination Clock Delay (DCD):    0.055ns = ( 5.055 - 5.000 ) 
    Source Clock Delay      (SCD):    0.043ns
    Clock Pessimism Removal (CPR):    0.000ns
  Clock Uncertainty:      0.035ns  ((TSJ^2 + TIJ^2)^1/2 + DJ) / 2 + PE
    Total System Jitter     (TSJ):    0.071ns
    Total Input Jitter      (TIJ):    0.000ns
    Discrete Jitter          (DJ):    0.000ns
    Phase Error              (PE):    0.000ns

    Location             Delay type                Incr(ns)  Path(ns)    Netlist Resource(s)
  -------------------------------------------------------------------    -------------------
                         (clock clk rise edge)        0.000     0.000 r  
                                                      0.000     0.000 r  clk (IN)
                         net (fo=60143, unset)        0.043     0.043    u_dynamic/g_bank[4].u_sa/clk
    SLICE_X8Y176         FDRE                                         r  u_dynamic/g_bank[4].u_sa/g_horizontal[0].g_hop[11].act_lo_hop_reg[0][10][7]/C
  -------------------------------------------------------------------    -------------------
    SLICE_X8Y176         FDRE (Prop_HFF2_SLICEM_C_Q)
                                                      0.114     0.157 r  u_dynamic/g_bank[4].u_sa/g_horizontal[0].g_hop[11].act_lo_hop_reg[0][10][7]/Q
                         net (fo=557, routed)         3.710     3.867    u_dynamic/g_bank[6].u_sa/g_pe_row[1].g_pe_col[10].u_pe/product_reg_reg/A[19]
    DSP48E2_X8Y58        DSP_A_B_DATA                                 r  u_dynamic/g_bank[6].u_sa/g_pe_row[1].g_pe_col[10].u_pe/product_reg_reg/DSP_A_B_DATA_INST/A[19]
  -------------------------------------------------------------------    -------------------

                         (clock clk rise edge)        5.000     5.000 r  
                                                      0.000     5.000 r  clk (IN)
                         net (fo=60143, unset)        0.055     5.055    u_dynamic/g_bank[6].u_sa/g_pe_row[1].g_pe_col[10].u_pe/product_reg_reg/CLK
    DSP48E2_X8Y58        DSP_A_B_DATA                                 r  u_dynamic/g_bank[6].u_sa/g_pe_row[1].g_pe_col[10].u_pe/product_reg_reg/DSP_A_B_DATA_INST/CLK
                         clock pessimism              0.000     5.055    
                         clock uncertainty           -0.035     5.020    
    DSP48E2_X8Y58        DSP_A_B_DATA (Setup_DSP_A_B_DATA_DSP48E2_CLK_A[19])
                                                     -0.497     4.523    u_dynamic/g_bank[6].u_sa/g_pe_row[1].g_pe_col[10].u_pe/product_reg_reg/DSP_A_B_DATA_INST
  -------------------------------------------------------------------
                         required time                          4.523    
                         arrival time                          -3.867    
  -------------------------------------------------------------------
                         slack                                  0.655    

Slack (MET) :             0.659ns  (required time - arrival time)
  Source:                 u_dynamic/g_bank[4].u_sa/g_horizontal[0].g_hop[11].act_lo_hop_reg[0][10][7]/C
                            (rising edge-triggered cell FDRE clocked by clk  {rise@0.000ns fall@2.500ns period=5.000ns})
  Destination:            u_dynamic/g_bank[5].u_sa/g_pe_row[1].g_pe_col[10].u_pe/product_reg_reg/DSP_A_B_DATA_INST/A[28]
                            (rising edge-triggered cell DSP_A_B_DATA clocked by clk  {rise@0.000ns fall@2.500ns period=5.000ns})
  Path Group:             clk
  Path Type:              Setup (Max at Slow Process Corner)
  Requirement:            5.000ns  (clk rise@5.000ns - clk rise@0.000ns)
  Data Path Delay:        3.761ns  (logic 0.114ns (3.031%)  route 3.647ns (96.969%))
  Logic Levels:           0  
  Clock Path Skew:        0.012ns (DCD - SCD + CPR)
    Destination Clock Delay (DCD):    0.055ns = ( 5.055 - 5.000 ) 
    Source Clock Delay      (SCD):    0.043ns
    Clock Pessimism Removal (CPR):    0.000ns
  Clock Uncertainty:      0.035ns  ((TSJ^2 + TIJ^2)^1/2 + DJ) / 2 + PE
    Total System Jitter     (TSJ):    0.071ns
    Total Input Jitter      (TIJ):    0.000ns
    Discrete Jitter          (DJ):    0.000ns
    Phase Error              (PE):    0.000ns

    Location             Delay type                Incr(ns)  Path(ns)    Netlist Resource(s)
  -------------------------------------------------------------------    -------------------
                         (clock clk rise edge)        0.000     0.000 r  
                                                      0.000     0.000 r  clk (IN)
                         net (fo=60143, unset)        0.043     0.043    u_dynamic/g_bank[4].u_sa/clk
    SLICE_X8Y176         FDRE                                         r  u_dynamic/g_bank[4].u_sa/g_horizontal[0].g_hop[11].act_lo_hop_reg[0][10][7]/C
  -------------------------------------------------------------------    -------------------
    SLICE_X8Y176         FDRE (Prop_HFF2_SLICEM_C_Q)
                                                      0.114     0.157 r  u_dynamic/g_bank[4].u_sa/g_horizontal[0].g_hop[11].act_lo_hop_reg[0][10][7]/Q
                         net (fo=557, routed)         3.647     3.804    u_dynamic/g_bank[5].u_sa/g_pe_row[1].g_pe_col[10].u_pe/product_reg_reg/A[28]
    DSP48E2_X11Y59       DSP_A_B_DATA                                 r  u_dynamic/g_bank[5].u_sa/g_pe_row[1].g_pe_col[10].u_pe/product_reg_reg/DSP_A_B_DATA_INST/A[28]
  -------------------------------------------------------------------    -------------------

                         (clock clk rise edge)        5.000     5.000 r  
                                                      0.000     5.000 r  clk (IN)
                         net (fo=60143, unset)        0.055     5.055    u_dynamic/g_bank[5].u_sa/g_pe_row[1].g_pe_col[10].u_pe/product_reg_reg/CLK
    DSP48E2_X11Y59       DSP_A_B_DATA                                 r  u_dynamic/g_bank[5].u_sa/g_pe_row[1].g_pe_col[10].u_pe/product_reg_reg/DSP_A_B_DATA_INST/CLK
                         clock pessimism              0.000     5.055    
                         clock uncertainty           -0.035     5.020    
    DSP48E2_X11Y59       DSP_A_B_DATA (Setup_DSP_A_B_DATA_DSP48E2_CLK_A[28])
                                                     -0.557     4.463    u_dynamic/g_bank[5].u_sa/g_pe_row[1].g_pe_col[10].u_pe/product_reg_reg/DSP_A_B_DATA_INST
  -------------------------------------------------------------------
                         required time                          4.463    
                         arrival time                          -3.804    
  -------------------------------------------------------------------
                         slack                                  0.659    

Slack (MET) :             0.664ns  (required time - arrival time)
  Source:                 u_dynamic/g_bank[4].u_sa/g_horizontal[0].g_hop[11].act_lo_hop_reg[0][10][7]/C
                            (rising edge-triggered cell FDRE clocked by clk  {rise@0.000ns fall@2.500ns period=5.000ns})
  Destination:            u_dynamic/g_bank[6].u_sa/g_pe_row[1].g_pe_col[10].u_pe/product_reg_reg/DSP_A_B_DATA_INST/A[20]
                            (rising edge-triggered cell DSP_A_B_DATA clocked by clk  {rise@0.000ns fall@2.500ns period=5.000ns})
  Path Group:             clk
  Path Type:              Setup (Max at Slow Process Corner)
  Requirement:            5.000ns  (clk rise@5.000ns - clk rise@0.000ns)
  Data Path Delay:        3.798ns  (logic 0.114ns (3.002%)  route 3.684ns (96.998%))
  Logic Levels:           0  
  Clock Path Skew:        0.012ns (DCD - SCD + CPR)
    Destination Clock Delay (DCD):    0.055ns = ( 5.055 - 5.000 ) 
    Source Clock Delay      (SCD):    0.043ns
    Clock Pessimism Removal (CPR):    0.000ns
  Clock Uncertainty:      0.035ns  ((TSJ^2 + TIJ^2)^1/2 + DJ) / 2 + PE
    Total System Jitter     (TSJ):    0.071ns
    Total Input Jitter      (TIJ):    0.000ns
    Discrete Jitter          (DJ):    0.000ns
    Phase Error              (PE):    0.000ns

    Location             Delay type                Incr(ns)  Path(ns)    Netlist Resource(s)
  -------------------------------------------------------------------    -------------------
                         (clock clk rise edge)        0.000     0.000 r  
                                                      0.000     0.000 r  clk (IN)
                         net (fo=60143, unset)        0.043     0.043    u_dynamic/g_bank[4].u_sa/clk
    SLICE_X8Y176         FDRE                                         r  u_dynamic/g_bank[4].u_sa/g_horizontal[0].g_hop[11].act_lo_hop_reg[0][10][7]/C
  -------------------------------------------------------------------    -------------------
    SLICE_X8Y176         FDRE (Prop_HFF2_SLICEM_C_Q)
                                                      0.114     0.157 r  u_dynamic/g_bank[4].u_sa/g_horizontal[0].g_hop[11].act_lo_hop_reg[0][10][7]/Q
                         net (fo=557, routed)         3.684     3.841    u_dynamic/g_bank[6].u_sa/g_pe_row[1].g_pe_col[10].u_pe/product_reg_reg/A[20]
    DSP48E2_X8Y58        DSP_A_B_DATA                                 r  u_dynamic/g_bank[6].u_sa/g_pe_row[1].g_pe_col[10].u_pe/product_reg_reg/DSP_A_B_DATA_INST/A[20]
  -------------------------------------------------------------------    -------------------

                         (clock clk rise edge)        5.000     5.000 r  
                                                      0.000     5.000 r  clk (IN)
                         net (fo=60143, unset)        0.055     5.055    u_dynamic/g_bank[6].u_sa/g_pe_row[1].g_pe_col[10].u_pe/product_reg_reg/CLK
    DSP48E2_X8Y58        DSP_A_B_DATA                                 r  u_dynamic/g_bank[6].u_sa/g_pe_row[1].g_pe_col[10].u_pe/product_reg_reg/DSP_A_B_DATA_INST/CLK
                         clock pessimism              0.000     5.055    
                         clock uncertainty           -0.035     5.020    
    DSP48E2_X8Y58        DSP_A_B_DATA (Setup_DSP_A_B_DATA_DSP48E2_CLK_A[20])
                                                     -0.515     4.505    u_dynamic/g_bank[6].u_sa/g_pe_row[1].g_pe_col[10].u_pe/product_reg_reg/DSP_A_B_DATA_INST
  -------------------------------------------------------------------
                         required time                          4.505    
                         arrival time                          -3.841    
  -------------------------------------------------------------------
                         slack                                  0.664    

Slack (MET) :             0.676ns  (required time - arrival time)
  Source:                 u_dynamic/g_bank[4].u_sa/g_horizontal[0].g_hop[11].act_lo_hop_reg[0][10][7]/C
                            (rising edge-triggered cell FDRE clocked by clk  {rise@0.000ns fall@2.500ns period=5.000ns})
  Destination:            u_dynamic/g_bank[6].u_sa/g_pe_row[1].g_pe_col[10].u_pe/product_reg_reg/DSP_A_B_DATA_INST/A[21]
                            (rising edge-triggered cell DSP_A_B_DATA clocked by clk  {rise@0.000ns fall@2.500ns period=5.000ns})
  Path Group:             clk
  Path Type:              Setup (Max at Slow Process Corner)
  Requirement:            5.000ns  (clk rise@5.000ns - clk rise@0.000ns)
  Data Path Delay:        3.793ns  (logic 0.114ns (3.006%)  route 3.679ns (96.994%))
  Logic Levels:           0  
  Clock Path Skew:        0.012ns (DCD - SCD + CPR)
    Destination Clock Delay (DCD):    0.055ns = ( 5.055 - 5.000 ) 
    Source Clock Delay      (SCD):    0.043ns
    Clock Pessimism Removal (CPR):    0.000ns
  Clock Uncertainty:      0.035ns  ((TSJ^2 + TIJ^2)^1/2 + DJ) / 2 + PE
    Total System Jitter     (TSJ):    0.071ns
    Total Input Jitter      (TIJ):    0.000ns
    Discrete Jitter          (DJ):    0.000ns
    Phase Error              (PE):    0.000ns

    Location             Delay type                Incr(ns)  Path(ns)    Netlist Resource(s)
  -------------------------------------------------------------------    -------------------
                         (clock clk rise edge)        0.000     0.000 r  
                                                      0.000     0.000 r  clk (IN)
                         net (fo=60143, unset)        0.043     0.043    u_dynamic/g_bank[4].u_sa/clk
    SLICE_X8Y176         FDRE                                         r  u_dynamic/g_bank[4].u_sa/g_horizontal[0].g_hop[11].act_lo_hop_reg[0][10][7]/C
  -------------------------------------------------------------------    -------------------
    SLICE_X8Y176         FDRE (Prop_HFF2_SLICEM_C_Q)
                                                      0.114     0.157 r  u_dynamic/g_bank[4].u_sa/g_horizontal[0].g_hop[11].act_lo_hop_reg[0][10][7]/Q
                         net (fo=557, routed)         3.679     3.836    u_dynamic/g_bank[6].u_sa/g_pe_row[1].g_pe_col[10].u_pe/product_reg_reg/A[21]
    DSP48E2_X8Y58        DSP_A_B_DATA                                 r  u_dynamic/g_bank[6].u_sa/g_pe_row[1].g_pe_col[10].u_pe/product_reg_reg/DSP_A_B_DATA_INST/A[21]
  -------------------------------------------------------------------    -------------------

                         (clock clk rise edge)        5.000     5.000 r  
                                                      0.000     5.000 r  clk (IN)
                         net (fo=60143, unset)        0.055     5.055    u_dynamic/g_bank[6].u_sa/g_pe_row[1].g_pe_col[10].u_pe/product_reg_reg/CLK
    DSP48E2_X8Y58        DSP_A_B_DATA                                 r  u_dynamic/g_bank[6].u_sa/g_pe_row[1].g_pe_col[10].u_pe/product_reg_reg/DSP_A_B_DATA_INST/CLK
                         clock pessimism              0.000     5.055    
                         clock uncertainty           -0.035     5.020    
    DSP48E2_X8Y58        DSP_A_B_DATA (Setup_DSP_A_B_DATA_DSP48E2_CLK_A[21])
                                                     -0.508     4.512    u_dynamic/g_bank[6].u_sa/g_pe_row[1].g_pe_col[10].u_pe/product_reg_reg/DSP_A_B_DATA_INST
  -------------------------------------------------------------------
                         required time                          4.512    
                         arrival time                          -3.836    
  -------------------------------------------------------------------
                         slack                                  0.676    

Slack (MET) :             0.692ns  (required time - arrival time)
  Source:                 u_dynamic/g_bank[4].u_sa/g_horizontal[0].g_hop[11].act_lo_hop_reg[0][10][7]/C
                            (rising edge-triggered cell FDRE clocked by clk  {rise@0.000ns fall@2.500ns period=5.000ns})
  Destination:            u_dynamic/g_bank[5].u_sa/g_pe_row[1].g_pe_col[10].u_pe/product_reg_reg/DSP_A_B_DATA_INST/A[29]
                            (rising edge-triggered cell DSP_A_B_DATA clocked by clk  {rise@0.000ns fall@2.500ns period=5.000ns})
  Path Group:             clk
  Path Type:              Setup (Max at Slow Process Corner)
  Requirement:            5.000ns  (clk rise@5.000ns - clk rise@0.000ns)
  Data Path Delay:        3.763ns  (logic 0.114ns (3.030%)  route 3.649ns (96.970%))
  Logic Levels:           0  
  Clock Path Skew:        0.012ns (DCD - SCD + CPR)
    Destination Clock Delay (DCD):    0.055ns = ( 5.055 - 5.000 ) 
    Source Clock Delay      (SCD):    0.043ns
    Clock Pessimism Removal (CPR):    0.000ns
  Clock Uncertainty:      0.035ns  ((TSJ^2 + TIJ^2)^1/2 + DJ) / 2 + PE
    Total System Jitter     (TSJ):    0.071ns
    Total Input Jitter      (TIJ):    0.000ns
    Discrete Jitter          (DJ):    0.000ns
    Phase Error              (PE):    0.000ns

    Location             Delay type                Incr(ns)  Path(ns)    Netlist Resource(s)
  -------------------------------------------------------------------    -------------------
                         (clock clk rise edge)        0.000     0.000 r  
                                                      0.000     0.000 r  clk (IN)
                         net (fo=60143, unset)        0.043     0.043    u_dynamic/g_bank[4].u_sa/clk
    SLICE_X8Y176         FDRE                                         r  u_dynamic/g_bank[4].u_sa/g_horizontal[0].g_hop[11].act_lo_hop_reg[0][10][7]/C
  -------------------------------------------------------------------    -------------------
    SLICE_X8Y176         FDRE (Prop_HFF2_SLICEM_C_Q)
                                                      0.114     0.157 r  u_dynamic/g_bank[4].u_sa/g_horizontal[0].g_hop[11].act_lo_hop_reg[0][10][7]/Q
                         net (fo=557, routed)         3.649     3.806    u_dynamic/g_bank[5].u_sa/g_pe_row[1].g_pe_col[10].u_pe/product_reg_reg/A[29]
    DSP48E2_X11Y59       DSP_A_B_DATA                                 r  u_dynamic/g_bank[5].u_sa/g_pe_row[1].g_pe_col[10].u_pe/product_reg_reg/DSP_A_B_DATA_INST/A[29]
  -------------------------------------------------------------------    -------------------

                         (clock clk rise edge)        5.000     5.000 r  
                                                      0.000     5.000 r  clk (IN)
                         net (fo=60143, unset)        0.055     5.055    u_dynamic/g_bank[5].u_sa/g_pe_row[1].g_pe_col[10].u_pe/product_reg_reg/CLK
    DSP48E2_X11Y59       DSP_A_B_DATA                                 r  u_dynamic/g_bank[5].u_sa/g_pe_row[1].g_pe_col[10].u_pe/product_reg_reg/DSP_A_B_DATA_INST/CLK
                         clock pessimism              0.000     5.055    
                         clock uncertainty           -0.035     5.020    
    DSP48E2_X11Y59       DSP_A_B_DATA (Setup_DSP_A_B_DATA_DSP48E2_CLK_A[29])
                                                     -0.522     4.498    u_dynamic/g_bank[5].u_sa/g_pe_row[1].g_pe_col[10].u_pe/product_reg_reg/DSP_A_B_DATA_INST
  -------------------------------------------------------------------
                         required time                          4.498    
                         arrival time                          -3.806    
  -------------------------------------------------------------------
                         slack                                  0.692    

Slack (MET) :             0.695ns  (required time - arrival time)
  Source:                 u_dynamic/g_bank[4].u_sa/g_horizontal[0].g_hop[3].act_lo_hop_reg[0][2][7]/C
                            (rising edge-triggered cell FDRE clocked by clk  {rise@0.000ns fall@2.500ns period=5.000ns})
  Destination:            u_dynamic/g_bank[2].u_sa/g_pe_row[0].g_pe_col[3].u_pe/product_reg_reg/DSP_A_B_DATA_INST/A[23]
                            (rising edge-triggered cell DSP_A_B_DATA clocked by clk  {rise@0.000ns fall@2.500ns period=5.000ns})
  Path Group:             clk
  Path Type:              Setup (Max at Slow Process Corner)
  Requirement:            5.000ns  (clk rise@5.000ns - clk rise@0.000ns)
  Data Path Delay:        3.741ns  (logic 0.113ns (3.021%)  route 3.628ns (96.979%))
  Logic Levels:           0  
  Clock Path Skew:        0.012ns (DCD - SCD + CPR)
    Destination Clock Delay (DCD):    0.055ns = ( 5.055 - 5.000 ) 
    Source Clock Delay      (SCD):    0.043ns
    Clock Pessimism Removal (CPR):    0.000ns
  Clock Uncertainty:      0.035ns  ((TSJ^2 + TIJ^2)^1/2 + DJ) / 2 + PE
    Total System Jitter     (TSJ):    0.071ns
    Total Input Jitter      (TIJ):    0.000ns
    Discrete Jitter          (DJ):    0.000ns
    Phase Error              (PE):    0.000ns

    Location             Delay type                Incr(ns)  Path(ns)    Netlist Resource(s)
  -------------------------------------------------------------------    -------------------
                         (clock clk rise edge)        0.000     0.000 r  
                                                      0.000     0.000 r  clk (IN)
                         net (fo=60143, unset)        0.043     0.043    u_dynamic/g_bank[4].u_sa/clk
    SLICE_X18Y94         FDRE                                         r  u_dynamic/g_bank[4].u_sa/g_horizontal[0].g_hop[3].act_lo_hop_reg[0][2][7]/C
  -------------------------------------------------------------------    -------------------
    SLICE_X18Y94         FDRE (Prop_AFF_SLICEM_C_Q)
                                                      0.113     0.156 r  u_dynamic/g_bank[4].u_sa/g_horizontal[0].g_hop[3].act_lo_hop_reg[0][2][7]/Q
                         net (fo=553, routed)         3.628     3.784    u_dynamic/g_bank[2].u_sa/g_pe_row[0].g_pe_col[3].u_pe/product_reg_reg/A[23]
    DSP48E2_X12Y55       DSP_A_B_DATA                                 r  u_dynamic/g_bank[2].u_sa/g_pe_row[0].g_pe_col[3].u_pe/product_reg_reg/DSP_A_B_DATA_INST/A[23]
  -------------------------------------------------------------------    -------------------

                         (clock clk rise edge)        5.000     5.000 r  
                                                      0.000     5.000 r  clk (IN)
                         net (fo=60143, unset)        0.055     5.055    u_dynamic/g_bank[2].u_sa/g_pe_row[0].g_pe_col[3].u_pe/product_reg_reg/CLK
    DSP48E2_X12Y55       DSP_A_B_DATA                                 r  u_dynamic/g_bank[2].u_sa/g_pe_row[0].g_pe_col[3].u_pe/product_reg_reg/DSP_A_B_DATA_INST/CLK
                         clock pessimism              0.000     5.055    
                         clock uncertainty           -0.035     5.020    
    DSP48E2_X12Y55       DSP_A_B_DATA (Setup_DSP_A_B_DATA_DSP48E2_CLK_A[23])
                                                     -0.541     4.479    u_dynamic/g_bank[2].u_sa/g_pe_row[0].g_pe_col[3].u_pe/product_reg_reg/DSP_A_B_DATA_INST
  -------------------------------------------------------------------
                         required time                          4.479    
                         arrival time                          -3.784    
  -------------------------------------------------------------------
                         slack                                  0.695    

Slack (MET) :             0.699ns  (required time - arrival time)
  Source:                 u_dynamic/g_bank[4].u_sa/g_horizontal[0].g_hop[11].act_lo_hop_reg[0][10][7]/C
                            (rising edge-triggered cell FDRE clocked by clk  {rise@0.000ns fall@2.500ns period=5.000ns})
  Destination:            u_dynamic/g_bank[6].u_sa/g_pe_row[1].g_pe_col[10].u_pe/product_reg_reg/DSP_A_B_DATA_INST/A[22]
                            (rising edge-triggered cell DSP_A_B_DATA clocked by clk  {rise@0.000ns fall@2.500ns period=5.000ns})
  Path Group:             clk
  Path Type:              Setup (Max at Slow Process Corner)
  Requirement:            5.000ns  (clk rise@5.000ns - clk rise@0.000ns)
  Data Path Delay:        3.792ns  (logic 0.114ns (3.007%)  route 3.678ns (96.993%))
  Logic Levels:           0  
  Clock Path Skew:        0.012ns (DCD - SCD + CPR)
    Destination Clock Delay (DCD):    0.055ns = ( 5.055 - 5.000 ) 
    Source Clock Delay      (SCD):    0.043ns
    Clock Pessimism Removal (CPR):    0.000ns
  Clock Uncertainty:      0.035ns  ((TSJ^2 + TIJ^2)^1/2 + DJ) / 2 + PE
    Total System Jitter     (TSJ):    0.071ns
    Total Input Jitter      (TIJ):    0.000ns
    Discrete Jitter          (DJ):    0.000ns
    Phase Error              (PE):    0.000ns

    Location             Delay type                Incr(ns)  Path(ns)    Netlist Resource(s)
  -------------------------------------------------------------------    -------------------
                         (clock clk rise edge)        0.000     0.000 r  
                                                      0.000     0.000 r  clk (IN)
                         net (fo=60143, unset)        0.043     0.043    u_dynamic/g_bank[4].u_sa/clk
    SLICE_X8Y176         FDRE                                         r  u_dynamic/g_bank[4].u_sa/g_horizontal[0].g_hop[11].act_lo_hop_reg[0][10][7]/C
  -------------------------------------------------------------------    -------------------
    SLICE_X8Y176         FDRE (Prop_HFF2_SLICEM_C_Q)
                                                      0.114     0.157 r  u_dynamic/g_bank[4].u_sa/g_horizontal[0].g_hop[11].act_lo_hop_reg[0][10][7]/Q
                         net (fo=557, routed)         3.678     3.835    u_dynamic/g_bank[6].u_sa/g_pe_row[1].g_pe_col[10].u_pe/product_reg_reg/A[22]
    DSP48E2_X8Y58        DSP_A_B_DATA                                 r  u_dynamic/g_bank[6].u_sa/g_pe_row[1].g_pe_col[10].u_pe/product_reg_reg/DSP_A_B_DATA_INST/A[22]
  -------------------------------------------------------------------    -------------------

                         (clock clk rise edge)        5.000     5.000 r  
                                                      0.000     5.000 r  clk (IN)
                         net (fo=60143, unset)        0.055     5.055    u_dynamic/g_bank[6].u_sa/g_pe_row[1].g_pe_col[10].u_pe/product_reg_reg/CLK
    DSP48E2_X8Y58        DSP_A_B_DATA                                 r  u_dynamic/g_bank[6].u_sa/g_pe_row[1].g_pe_col[10].u_pe/product_reg_reg/DSP_A_B_DATA_INST/CLK
                         clock pessimism              0.000     5.055    
                         clock uncertainty           -0.035     5.020    
    DSP48E2_X8Y58        DSP_A_B_DATA (Setup_DSP_A_B_DATA_DSP48E2_CLK_A[22])
                                                     -0.486     4.534    u_dynamic/g_bank[6].u_sa/g_pe_row[1].g_pe_col[10].u_pe/product_reg_reg/DSP_A_B_DATA_INST
  -------------------------------------------------------------------
                         required time                          4.534    
                         arrival time                          -3.835    
  -------------------------------------------------------------------
                         slack                                  0.699    

Slack (MET) :             0.702ns  (required time - arrival time)
  Source:                 u_dynamic/g_bank[4].u_sa/g_horizontal[0].g_hop[11].act_lo_hop_reg[0][10][7]/C
                            (rising edge-triggered cell FDRE clocked by clk  {rise@0.000ns fall@2.500ns period=5.000ns})
  Destination:            u_dynamic/g_bank[5].u_sa/g_pe_row[1].g_pe_col[10].u_pe/product_reg_reg/DSP_A_B_DATA_INST/A[27]
                            (rising edge-triggered cell DSP_A_B_DATA clocked by clk  {rise@0.000ns fall@2.500ns period=5.000ns})
  Path Group:             clk
  Path Type:              Setup (Max at Slow Process Corner)
  Requirement:            5.000ns  (clk rise@5.000ns - clk rise@0.000ns)
  Data Path Delay:        3.741ns  (logic 0.114ns (3.047%)  route 3.627ns (96.953%))
  Logic Levels:           0  
  Clock Path Skew:        0.012ns (DCD - SCD + CPR)
    Destination Clock Delay (DCD):    0.055ns = ( 5.055 - 5.000 ) 
    Source Clock Delay      (SCD):    0.043ns
    Clock Pessimism Removal (CPR):    0.000ns
  Clock Uncertainty:      0.035ns  ((TSJ^2 + TIJ^2)^1/2 + DJ) / 2 + PE
    Total System Jitter     (TSJ):    0.071ns
    Total Input Jitter      (TIJ):    0.000ns
    Discrete Jitter          (DJ):    0.000ns
    Phase Error              (PE):    0.000ns

    Location             Delay type                Incr(ns)  Path(ns)    Netlist Resource(s)
  -------------------------------------------------------------------    -------------------
                         (clock clk rise edge)        0.000     0.000 r  
                                                      0.000     0.000 r  clk (IN)
                         net (fo=60143, unset)        0.043     0.043    u_dynamic/g_bank[4].u_sa/clk
    SLICE_X8Y176         FDRE                                         r  u_dynamic/g_bank[4].u_sa/g_horizontal[0].g_hop[11].act_lo_hop_reg[0][10][7]/C
  -------------------------------------------------------------------    -------------------
    SLICE_X8Y176         FDRE (Prop_HFF2_SLICEM_C_Q)
                                                      0.114     0.157 r  u_dynamic/g_bank[4].u_sa/g_horizontal[0].g_hop[11].act_lo_hop_reg[0][10][7]/Q
                         net (fo=557, routed)         3.627     3.784    u_dynamic/g_bank[5].u_sa/g_pe_row[1].g_pe_col[10].u_pe/product_reg_reg/A[27]
    DSP48E2_X11Y59       DSP_A_B_DATA                                 r  u_dynamic/g_bank[5].u_sa/g_pe_row[1].g_pe_col[10].u_pe/product_reg_reg/DSP_A_B_DATA_INST/A[27]
  -------------------------------------------------------------------    -------------------

                         (clock clk rise edge)        5.000     5.000 r  
                                                      0.000     5.000 r  clk (IN)
                         net (fo=60143, unset)        0.055     5.055    u_dynamic/g_bank[5].u_sa/g_pe_row[1].g_pe_col[10].u_pe/product_reg_reg/CLK
    DSP48E2_X11Y59       DSP_A_B_DATA                                 r  u_dynamic/g_bank[5].u_sa/g_pe_row[1].g_pe_col[10].u_pe/product_reg_reg/DSP_A_B_DATA_INST/CLK
                         clock pessimism              0.000     5.055    
                         clock uncertainty           -0.035     5.020    
    DSP48E2_X11Y59       DSP_A_B_DATA (Setup_DSP_A_B_DATA_DSP48E2_CLK_A[27])
                                                     -0.534     4.486    u_dynamic/g_bank[5].u_sa/g_pe_row[1].g_pe_col[10].u_pe/product_reg_reg/DSP_A_B_DATA_INST
  -------------------------------------------------------------------
                         required time                          4.486    
                         arrival time                          -3.784    
  -------------------------------------------------------------------
                         slack                                  0.702    

Slack (MET) :             0.712ns  (required time - arrival time)
  Source:                 u_dynamic/g_bank[4].u_sa/g_horizontal[0].g_hop[3].act_lo_hop_reg[0][2][7]/C
                            (rising edge-triggered cell FDRE clocked by clk  {rise@0.000ns fall@2.500ns period=5.000ns})
  Destination:            u_dynamic/g_bank[2].u_sa/g_pe_row[0].g_pe_col[3].u_pe/product_reg_reg/DSP_A_B_DATA_INST/A[24]
                            (rising edge-triggered cell DSP_A_B_DATA clocked by clk  {rise@0.000ns fall@2.500ns period=5.000ns})
  Path Group:             clk
  Path Type:              Setup (Max at Slow Process Corner)
  Requirement:            5.000ns  (clk rise@5.000ns - clk rise@0.000ns)
  Data Path Delay:        3.734ns  (logic 0.113ns (3.027%)  route 3.621ns (96.973%))
  Logic Levels:           0  
  Clock Path Skew:        0.012ns (DCD - SCD + CPR)
    Destination Clock Delay (DCD):    0.055ns = ( 5.055 - 5.000 ) 
    Source Clock Delay      (SCD):    0.043ns
    Clock Pessimism Removal (CPR):    0.000ns
  Clock Uncertainty:      0.035ns  ((TSJ^2 + TIJ^2)^1/2 + DJ) / 2 + PE
    Total System Jitter     (TSJ):    0.071ns
    Total Input Jitter      (TIJ):    0.000ns
    Discrete Jitter          (DJ):    0.000ns
    Phase Error              (PE):    0.000ns

    Location             Delay type                Incr(ns)  Path(ns)    Netlist Resource(s)
  -------------------------------------------------------------------    -------------------
                         (clock clk rise edge)        0.000     0.000 r  
                                                      0.000     0.000 r  clk (IN)
                         net (fo=60143, unset)        0.043     0.043    u_dynamic/g_bank[4].u_sa/clk
    SLICE_X18Y94         FDRE                                         r  u_dynamic/g_bank[4].u_sa/g_horizontal[0].g_hop[3].act_lo_hop_reg[0][2][7]/C
  -------------------------------------------------------------------    -------------------
    SLICE_X18Y94         FDRE (Prop_AFF_SLICEM_C_Q)
                                                      0.113     0.156 r  u_dynamic/g_bank[4].u_sa/g_horizontal[0].g_hop[3].act_lo_hop_reg[0][2][7]/Q
                         net (fo=553, routed)         3.621     3.777    u_dynamic/g_bank[2].u_sa/g_pe_row[0].g_pe_col[3].u_pe/product_reg_reg/A[24]
    DSP48E2_X12Y55       DSP_A_B_DATA                                 r  u_dynamic/g_bank[2].u_sa/g_pe_row[0].g_pe_col[3].u_pe/product_reg_reg/DSP_A_B_DATA_INST/A[24]
  -------------------------------------------------------------------    -------------------

                         (clock clk rise edge)        5.000     5.000 r  
                                                      0.000     5.000 r  clk (IN)
                         net (fo=60143, unset)        0.055     5.055    u_dynamic/g_bank[2].u_sa/g_pe_row[0].g_pe_col[3].u_pe/product_reg_reg/CLK
    DSP48E2_X12Y55       DSP_A_B_DATA                                 r  u_dynamic/g_bank[2].u_sa/g_pe_row[0].g_pe_col[3].u_pe/product_reg_reg/DSP_A_B_DATA_INST/CLK
                         clock pessimism              0.000     5.055    
                         clock uncertainty           -0.035     5.020    
    DSP48E2_X12Y55       DSP_A_B_DATA (Setup_DSP_A_B_DATA_DSP48E2_CLK_A[24])
                                                     -0.531     4.489    u_dynamic/g_bank[2].u_sa/g_pe_row[0].g_pe_col[3].u_pe/product_reg_reg/DSP_A_B_DATA_INST
  -------------------------------------------------------------------
                         required time                          4.489    
                         arrival time                          -3.777    
  -------------------------------------------------------------------
                         slack                                  0.712    

Slack (MET) :             0.712ns  (required time - arrival time)
  Source:                 u_dynamic/g_bank[4].u_sa/g_horizontal[0].g_hop[11].act_lo_hop_reg[0][10][7]/C
                            (rising edge-triggered cell FDRE clocked by clk  {rise@0.000ns fall@2.500ns period=5.000ns})
  Destination:            u_dynamic/g_bank[6].u_sa/g_pe_row[1].g_pe_col[10].u_pe/product_reg_reg/DSP_A_B_DATA_INST/A[16]
                            (rising edge-triggered cell DSP_A_B_DATA clocked by clk  {rise@0.000ns fall@2.500ns period=5.000ns})
  Path Group:             clk
  Path Type:              Setup (Max at Slow Process Corner)
  Requirement:            5.000ns  (clk rise@5.000ns - clk rise@0.000ns)
  Data Path Delay:        3.769ns  (logic 0.114ns (3.024%)  route 3.655ns (96.976%))
  Logic Levels:           0  
  Clock Path Skew:        0.012ns (DCD - SCD + CPR)
    Destination Clock Delay (DCD):    0.055ns = ( 5.055 - 5.000 ) 
    Source Clock Delay      (SCD):    0.043ns
    Clock Pessimism Removal (CPR):    0.000ns
  Clock Uncertainty:      0.035ns  ((TSJ^2 + TIJ^2)^1/2 + DJ) / 2 + PE
    Total System Jitter     (TSJ):    0.071ns
    Total Input Jitter      (TIJ):    0.000ns
    Discrete Jitter          (DJ):    0.000ns
    Phase Error              (PE):    0.000ns

    Location             Delay type                Incr(ns)  Path(ns)    Netlist Resource(s)
  -------------------------------------------------------------------    -------------------
                         (clock clk rise edge)        0.000     0.000 r  
                                                      0.000     0.000 r  clk (IN)
                         net (fo=60143, unset)        0.043     0.043    u_dynamic/g_bank[4].u_sa/clk
    SLICE_X8Y176         FDRE                                         r  u_dynamic/g_bank[4].u_sa/g_horizontal[0].g_hop[11].act_lo_hop_reg[0][10][7]/C
  -------------------------------------------------------------------    -------------------
    SLICE_X8Y176         FDRE (Prop_HFF2_SLICEM_C_Q)
                                                      0.114     0.157 r  u_dynamic/g_bank[4].u_sa/g_horizontal[0].g_hop[11].act_lo_hop_reg[0][10][7]/Q
                         net (fo=557, routed)         3.655     3.812    u_dynamic/g_bank[6].u_sa/g_pe_row[1].g_pe_col[10].u_pe/product_reg_reg/A[16]
    DSP48E2_X8Y58        DSP_A_B_DATA                                 r  u_dynamic/g_bank[6].u_sa/g_pe_row[1].g_pe_col[10].u_pe/product_reg_reg/DSP_A_B_DATA_INST/A[16]
  -------------------------------------------------------------------    -------------------

                         (clock clk rise edge)        5.000     5.000 r  
                                                      0.000     5.000 r  clk (IN)
                         net (fo=60143, unset)        0.055     5.055    u_dynamic/g_bank[6].u_sa/g_pe_row[1].g_pe_col[10].u_pe/product_reg_reg/CLK
    DSP48E2_X8Y58        DSP_A_B_DATA                                 r  u_dynamic/g_bank[6].u_sa/g_pe_row[1].g_pe_col[10].u_pe/product_reg_reg/DSP_A_B_DATA_INST/CLK
                         clock pessimism              0.000     5.055    
                         clock uncertainty           -0.035     5.020    
    DSP48E2_X8Y58        DSP_A_B_DATA (Setup_DSP_A_B_DATA_DSP48E2_CLK_A[16])
                                                     -0.495     4.525    u_dynamic/g_bank[6].u_sa/g_pe_row[1].g_pe_col[10].u_pe/product_reg_reg/DSP_A_B_DATA_INST
  -------------------------------------------------------------------
                         required time                          4.525    
                         arrival time                          -3.812    
  -------------------------------------------------------------------
                         slack                                  0.712    





Min Delay Paths
--------------------------------------------------------------------------------------
Slack (MET) :             0.046ns  (arrival time - required time)
  Source:                 u_dynamic/g_bank[0].u_sa/g_pe_row[0].g_pe_col[0].u_pe/product_reg_reg/DSP_PREADD_DATA_INST/CLK
                            (rising edge-triggered cell DSP_PREADD_DATA clocked by clk  {rise@0.000ns fall@2.500ns period=5.000ns})
  Destination:            u_dynamic/g_bank[0].u_sa/g_pe_row[0].g_pe_col[0].u_pe/product_reg_reg/DSP_PREADD_DATA_INST/AD[0]
                            (rising edge-triggered cell DSP_PREADD_DATA clocked by clk  {rise@0.000ns fall@2.500ns period=5.000ns})
  Path Group:             clk
  Path Type:              Hold (Min at Fast Process Corner)
  Requirement:            0.000ns  (clk rise@0.000ns - clk rise@0.000ns)
  Data Path Delay:        0.114ns  (logic 0.114ns (100.000%)  route 0.000ns (0.000%))
  Logic Levels:           1  (DSP_PREADD=1)
  Clock Path Skew:        0.008ns (DCD - SCD - CPR)
    Destination Clock Delay (DCD):    0.042ns
    Source Clock Delay      (SCD):    0.034ns
    Clock Pessimism Removal (CPR):    -0.000ns

    Location             Delay type                Incr(ns)  Path(ns)    Netlist Resource(s)
  -------------------------------------------------------------------    -------------------
                         (clock clk rise edge)        0.000     0.000 r  
                                                      0.000     0.000 r  clk (IN)
                         net (fo=60143, unset)        0.034     0.034    u_dynamic/g_bank[0].u_sa/g_pe_row[0].g_pe_col[0].u_pe/product_reg_reg/CLK
    DSP48E2_X0Y44        DSP_PREADD_DATA                              r  u_dynamic/g_bank[0].u_sa/g_pe_row[0].g_pe_col[0].u_pe/product_reg_reg/DSP_PREADD_DATA_INST/CLK
  -------------------------------------------------------------------    -------------------
    DSP48E2_X0Y44        DSP_PREADD_DATA (Prop_DSP_PREADD_DATA_DSP48E2_CLK_D_DATA[0])
                                                      0.081     0.115 r  u_dynamic/g_bank[0].u_sa/g_pe_row[0].g_pe_col[0].u_pe/product_reg_reg/DSP_PREADD_DATA_INST/D_DATA[0]
                         net (fo=1, routed)           0.000     0.115    u_dynamic/g_bank[0].u_sa/g_pe_row[0].g_pe_col[0].u_pe/product_reg_reg/DSP_PREADD_DATA.D_DATA<0>
    DSP48E2_X0Y44        DSP_PREADD (Prop_DSP_PREADD_DSP48E2_D_DATA[0]_AD[0])
                                                      0.033     0.148 r  u_dynamic/g_bank[0].u_sa/g_pe_row[0].g_pe_col[0].u_pe/product_reg_reg/DSP_PREADD_INST/AD[0]
                         net (fo=1, routed)           0.000     0.148    u_dynamic/g_bank[0].u_sa/g_pe_row[0].g_pe_col[0].u_pe/product_reg_reg/DSP_PREADD.AD<0>
    DSP48E2_X0Y44        DSP_PREADD_DATA                              r  u_dynamic/g_bank[0].u_sa/g_pe_row[0].g_pe_col[0].u_pe/product_reg_reg/DSP_PREADD_DATA_INST/AD[0]
  -------------------------------------------------------------------    -------------------

                         (clock clk rise edge)        0.000     0.000 r  
                                                      0.000     0.000 r  clk (IN)
                         net (fo=60143, unset)        0.042     0.042    u_dynamic/g_bank[0].u_sa/g_pe_row[0].g_pe_col[0].u_pe/product_reg_reg/CLK
    DSP48E2_X0Y44        DSP_PREADD_DATA                              r  u_dynamic/g_bank[0].u_sa/g_pe_row[0].g_pe_col[0].u_pe/product_reg_reg/DSP_PREADD_DATA_INST/CLK
                         clock pessimism              0.000     0.042    
    DSP48E2_X0Y44        DSP_PREADD_DATA (Hold_DSP_PREADD_DATA_DSP48E2_CLK_AD[0])
                                                      0.060     0.102    u_dynamic/g_bank[0].u_sa/g_pe_row[0].g_pe_col[0].u_pe/product_reg_reg/DSP_PREADD_DATA_INST
  -------------------------------------------------------------------
                         required time                         -0.102    
                         arrival time                           0.148    
  -------------------------------------------------------------------
                         slack                                  0.046    

Slack (MET) :             0.046ns  (arrival time - required time)
  Source:                 u_dynamic/g_bank[0].u_sa/g_pe_row[0].g_pe_col[0].u_pe/product_reg_reg/DSP_PREADD_DATA_INST/CLK
                            (rising edge-triggered cell DSP_PREADD_DATA clocked by clk  {rise@0.000ns fall@2.500ns period=5.000ns})
  Destination:            u_dynamic/g_bank[0].u_sa/g_pe_row[0].g_pe_col[0].u_pe/product_reg_reg/DSP_PREADD_DATA_INST/AD[10]
                            (rising edge-triggered cell DSP_PREADD_DATA clocked by clk  {rise@0.000ns fall@2.500ns period=5.000ns})
  Path Group:             clk
  Path Type:              Hold (Min at Fast Process Corner)
  Requirement:            0.000ns  (clk rise@0.000ns - clk rise@0.000ns)
  Data Path Delay:        0.114ns  (logic 0.114ns (100.000%)  route 0.000ns (0.000%))
  Logic Levels:           1  (DSP_PREADD=1)
  Clock Path Skew:        0.008ns (DCD - SCD - CPR)
    Destination Clock Delay (DCD):    0.042ns
    Source Clock Delay      (SCD):    0.034ns
    Clock Pessimism Removal (CPR):    -0.000ns

    Location             Delay type                Incr(ns)  Path(ns)    Netlist Resource(s)
  -------------------------------------------------------------------    -------------------
                         (clock clk rise edge)        0.000     0.000 r  
                                                      0.000     0.000 r  clk (IN)
                         net (fo=60143, unset)        0.034     0.034    u_dynamic/g_bank[0].u_sa/g_pe_row[0].g_pe_col[0].u_pe/product_reg_reg/CLK
    DSP48E2_X0Y44        DSP_PREADD_DATA                              r  u_dynamic/g_bank[0].u_sa/g_pe_row[0].g_pe_col[0].u_pe/product_reg_reg/DSP_PREADD_DATA_INST/CLK
  -------------------------------------------------------------------    -------------------
    DSP48E2_X0Y44        DSP_PREADD_DATA (Prop_DSP_PREADD_DATA_DSP48E2_CLK_D_DATA[10])
                                                      0.081     0.115 r  u_dynamic/g_bank[0].u_sa/g_pe_row[0].g_pe_col[0].u_pe/product_reg_reg/DSP_PREADD_DATA_INST/D_DATA[10]
                         net (fo=1, routed)           0.000     0.115    u_dynamic/g_bank[0].u_sa/g_pe_row[0].g_pe_col[0].u_pe/product_reg_reg/DSP_PREADD_DATA.D_DATA<10>
    DSP48E2_X0Y44        DSP_PREADD (Prop_DSP_PREADD_DSP48E2_D_DATA[10]_AD[10])
                                                      0.033     0.148 r  u_dynamic/g_bank[0].u_sa/g_pe_row[0].g_pe_col[0].u_pe/product_reg_reg/DSP_PREADD_INST/AD[10]
                         net (fo=1, routed)           0.000     0.148    u_dynamic/g_bank[0].u_sa/g_pe_row[0].g_pe_col[0].u_pe/product_reg_reg/DSP_PREADD.AD<10>
    DSP48E2_X0Y44        DSP_PREADD_DATA                              r  u_dynamic/g_bank[0].u_sa/g_pe_row[0].g_pe_col[0].u_pe/product_reg_reg/DSP_PREADD_DATA_INST/AD[10]
  -------------------------------------------------------------------    -------------------

                         (clock clk rise edge)        0.000     0.000 r  
                                                      0.000     0.000 r  clk (IN)
                         net (fo=60143, unset)        0.042     0.042    u_dynamic/g_bank[0].u_sa/g_pe_row[0].g_pe_col[0].u_pe/product_reg_reg/CLK
    DSP48E2_X0Y44        DSP_PREADD_DATA                              r  u_dynamic/g_bank[0].u_sa/g_pe_row[0].g_pe_col[0].u_pe/product_reg_reg/DSP_PREADD_DATA_INST/CLK
                         clock pessimism              0.000     0.042    
    DSP48E2_X0Y44        DSP_PREADD_DATA (Hold_DSP_PREADD_DATA_DSP48E2_CLK_AD[10])
                                                      0.060     0.102    u_dynamic/g_bank[0].u_sa/g_pe_row[0].g_pe_col[0].u_pe/product_reg_reg/DSP_PREADD_DATA_INST
  -------------------------------------------------------------------
                         required time                         -0.102    
                         arrival time                           0.148    
  -------------------------------------------------------------------
                         slack                                  0.046    

Slack (MET) :             0.046ns  (arrival time - required time)
  Source:                 u_dynamic/g_bank[0].u_sa/g_pe_row[0].g_pe_col[0].u_pe/product_reg_reg/DSP_PREADD_DATA_INST/CLK
                            (rising edge-triggered cell DSP_PREADD_DATA clocked by clk  {rise@0.000ns fall@2.500ns period=5.000ns})
  Destination:            u_dynamic/g_bank[0].u_sa/g_pe_row[0].g_pe_col[0].u_pe/product_reg_reg/DSP_PREADD_DATA_INST/AD[11]
                            (rising edge-triggered cell DSP_PREADD_DATA clocked by clk  {rise@0.000ns fall@2.500ns period=5.000ns})
  Path Group:             clk
  Path Type:              Hold (Min at Fast Process Corner)
  Requirement:            0.000ns  (clk rise@0.000ns - clk rise@0.000ns)
  Data Path Delay:        0.114ns  (logic 0.114ns (100.000%)  route 0.000ns (0.000%))
  Logic Levels:           1  (DSP_PREADD=1)
  Clock Path Skew:        0.008ns (DCD - SCD - CPR)
    Destination Clock Delay (DCD):    0.042ns
    Source Clock Delay      (SCD):    0.034ns
    Clock Pessimism Removal (CPR):    -0.000ns

    Location             Delay type                Incr(ns)  Path(ns)    Netlist Resource(s)
  -------------------------------------------------------------------    -------------------
                         (clock clk rise edge)        0.000     0.000 r  
                                                      0.000     0.000 r  clk (IN)
                         net (fo=60143, unset)        0.034     0.034    u_dynamic/g_bank[0].u_sa/g_pe_row[0].g_pe_col[0].u_pe/product_reg_reg/CLK
    DSP48E2_X0Y44        DSP_PREADD_DATA                              r  u_dynamic/g_bank[0].u_sa/g_pe_row[0].g_pe_col[0].u_pe/product_reg_reg/DSP_PREADD_DATA_INST/CLK
  -------------------------------------------------------------------    -------------------
    DSP48E2_X0Y44        DSP_PREADD_DATA (Prop_DSP_PREADD_DATA_DSP48E2_CLK_D_DATA[11])
                                                      0.081     0.115 r  u_dynamic/g_bank[0].u_sa/g_pe_row[0].g_pe_col[0].u_pe/product_reg_reg/DSP_PREADD_DATA_INST/D_DATA[11]
                         net (fo=1, routed)           0.000     0.115    u_dynamic/g_bank[0].u_sa/g_pe_row[0].g_pe_col[0].u_pe/product_reg_reg/DSP_PREADD_DATA.D_DATA<11>
    DSP48E2_X0Y44        DSP_PREADD (Prop_DSP_PREADD_DSP48E2_D_DATA[11]_AD[11])
                                                      0.033     0.148 r  u_dynamic/g_bank[0].u_sa/g_pe_row[0].g_pe_col[0].u_pe/product_reg_reg/DSP_PREADD_INST/AD[11]
                         net (fo=1, routed)           0.000     0.148    u_dynamic/g_bank[0].u_sa/g_pe_row[0].g_pe_col[0].u_pe/product_reg_reg/DSP_PREADD.AD<11>
    DSP48E2_X0Y44        DSP_PREADD_DATA                              r  u_dynamic/g_bank[0].u_sa/g_pe_row[0].g_pe_col[0].u_pe/product_reg_reg/DSP_PREADD_DATA_INST/AD[11]
  -------------------------------------------------------------------    -------------------

                         (clock clk rise edge)        0.000     0.000 r  
                                                      0.000     0.000 r  clk (IN)
                         net (fo=60143, unset)        0.042     0.042    u_dynamic/g_bank[0].u_sa/g_pe_row[0].g_pe_col[0].u_pe/product_reg_reg/CLK
    DSP48E2_X0Y44        DSP_PREADD_DATA                              r  u_dynamic/g_bank[0].u_sa/g_pe_row[0].g_pe_col[0].u_pe/product_reg_reg/DSP_PREADD_DATA_INST/CLK
                         clock pessimism              0.000     0.042    
    DSP48E2_X0Y44        DSP_PREADD_DATA (Hold_DSP_PREADD_DATA_DSP48E2_CLK_AD[11])
                                                      0.060     0.102    u_dynamic/g_bank[0].u_sa/g_pe_row[0].g_pe_col[0].u_pe/product_reg_reg/DSP_PREADD_DATA_INST
  -------------------------------------------------------------------
                         required time                         -0.102    
                         arrival time                           0.148    
  -------------------------------------------------------------------
                         slack                                  0.046    

Slack (MET) :             0.046ns  (arrival time - required time)
  Source:                 u_dynamic/g_bank[0].u_sa/g_pe_row[0].g_pe_col[0].u_pe/product_reg_reg/DSP_PREADD_DATA_INST/CLK
                            (rising edge-triggered cell DSP_PREADD_DATA clocked by clk  {rise@0.000ns fall@2.500ns period=5.000ns})
  Destination:            u_dynamic/g_bank[0].u_sa/g_pe_row[0].g_pe_col[0].u_pe/product_reg_reg/DSP_PREADD_DATA_INST/AD[12]
                            (rising edge-triggered cell DSP_PREADD_DATA clocked by clk  {rise@0.000ns fall@2.500ns period=5.000ns})
  Path Group:             clk
  Path Type:              Hold (Min at Fast Process Corner)
  Requirement:            0.000ns  (clk rise@0.000ns - clk rise@0.000ns)
  Data Path Delay:        0.114ns  (logic 0.114ns (100.000%)  route 0.000ns (0.000%))
  Logic Levels:           1  (DSP_PREADD=1)
  Clock Path Skew:        0.008ns (DCD - SCD - CPR)
    Destination Clock Delay (DCD):    0.042ns
    Source Clock Delay      (SCD):    0.034ns
    Clock Pessimism Removal (CPR):    -0.000ns

    Location             Delay type                Incr(ns)  Path(ns)    Netlist Resource(s)
  -------------------------------------------------------------------    -------------------
                         (clock clk rise edge)        0.000     0.000 r  
                                                      0.000     0.000 r  clk (IN)
                         net (fo=60143, unset)        0.034     0.034    u_dynamic/g_bank[0].u_sa/g_pe_row[0].g_pe_col[0].u_pe/product_reg_reg/CLK
    DSP48E2_X0Y44        DSP_PREADD_DATA                              r  u_dynamic/g_bank[0].u_sa/g_pe_row[0].g_pe_col[0].u_pe/product_reg_reg/DSP_PREADD_DATA_INST/CLK
  -------------------------------------------------------------------    -------------------
    DSP48E2_X0Y44        DSP_PREADD_DATA (Prop_DSP_PREADD_DATA_DSP48E2_CLK_D_DATA[12])
                                                      0.081     0.115 r  u_dynamic/g_bank[0].u_sa/g_pe_row[0].g_pe_col[0].u_pe/product_reg_reg/DSP_PREADD_DATA_INST/D_DATA[12]
                         net (fo=1, routed)           0.000     0.115    u_dynamic/g_bank[0].u_sa/g_pe_row[0].g_pe_col[0].u_pe/product_reg_reg/DSP_PREADD_DATA.D_DATA<12>
    DSP48E2_X0Y44        DSP_PREADD (Prop_DSP_PREADD_DSP48E2_D_DATA[12]_AD[12])
                                                      0.033     0.148 r  u_dynamic/g_bank[0].u_sa/g_pe_row[0].g_pe_col[0].u_pe/product_reg_reg/DSP_PREADD_INST/AD[12]
                         net (fo=1, routed)           0.000     0.148    u_dynamic/g_bank[0].u_sa/g_pe_row[0].g_pe_col[0].u_pe/product_reg_reg/DSP_PREADD.AD<12>
    DSP48E2_X0Y44        DSP_PREADD_DATA                              r  u_dynamic/g_bank[0].u_sa/g_pe_row[0].g_pe_col[0].u_pe/product_reg_reg/DSP_PREADD_DATA_INST/AD[12]
  -------------------------------------------------------------------    -------------------

                         (clock clk rise edge)        0.000     0.000 r  
                                                      0.000     0.000 r  clk (IN)
                         net (fo=60143, unset)        0.042     0.042    u_dynamic/g_bank[0].u_sa/g_pe_row[0].g_pe_col[0].u_pe/product_reg_reg/CLK
    DSP48E2_X0Y44        DSP_PREADD_DATA                              r  u_dynamic/g_bank[0].u_sa/g_pe_row[0].g_pe_col[0].u_pe/product_reg_reg/DSP_PREADD_DATA_INST/CLK
                         clock pessimism              0.000     0.042    
    DSP48E2_X0Y44        DSP_PREADD_DATA (Hold_DSP_PREADD_DATA_DSP48E2_CLK_AD[12])
                                                      0.060     0.102    u_dynamic/g_bank[0].u_sa/g_pe_row[0].g_pe_col[0].u_pe/product_reg_reg/DSP_PREADD_DATA_INST
  -------------------------------------------------------------------
                         required time                         -0.102    
                         arrival time                           0.148    
  -------------------------------------------------------------------
                         slack                                  0.046    

Slack (MET) :             0.046ns  (arrival time - required time)
  Source:                 u_dynamic/g_bank[0].u_sa/g_pe_row[0].g_pe_col[0].u_pe/product_reg_reg/DSP_PREADD_DATA_INST/CLK
                            (rising edge-triggered cell DSP_PREADD_DATA clocked by clk  {rise@0.000ns fall@2.500ns period=5.000ns})
  Destination:            u_dynamic/g_bank[0].u_sa/g_pe_row[0].g_pe_col[0].u_pe/product_reg_reg/DSP_PREADD_DATA_INST/AD[13]
                            (rising edge-triggered cell DSP_PREADD_DATA clocked by clk  {rise@0.000ns fall@2.500ns period=5.000ns})
  Path Group:             clk
  Path Type:              Hold (Min at Fast Process Corner)
  Requirement:            0.000ns  (clk rise@0.000ns - clk rise@0.000ns)
  Data Path Delay:        0.114ns  (logic 0.114ns (100.000%)  route 0.000ns (0.000%))
  Logic Levels:           1  (DSP_PREADD=1)
  Clock Path Skew:        0.008ns (DCD - SCD - CPR)
    Destination Clock Delay (DCD):    0.042ns
    Source Clock Delay      (SCD):    0.034ns
    Clock Pessimism Removal (CPR):    -0.000ns

    Location             Delay type                Incr(ns)  Path(ns)    Netlist Resource(s)
  -------------------------------------------------------------------    -------------------
                         (clock clk rise edge)        0.000     0.000 r  
                                                      0.000     0.000 r  clk (IN)
                         net (fo=60143, unset)        0.034     0.034    u_dynamic/g_bank[0].u_sa/g_pe_row[0].g_pe_col[0].u_pe/product_reg_reg/CLK
    DSP48E2_X0Y44        DSP_PREADD_DATA                              r  u_dynamic/g_bank[0].u_sa/g_pe_row[0].g_pe_col[0].u_pe/product_reg_reg/DSP_PREADD_DATA_INST/CLK
  -------------------------------------------------------------------    -------------------
    DSP48E2_X0Y44        DSP_PREADD_DATA (Prop_DSP_PREADD_DATA_DSP48E2_CLK_D_DATA[13])
                                                      0.081     0.115 r  u_dynamic/g_bank[0].u_sa/g_pe_row[0].g_pe_col[0].u_pe/product_reg_reg/DSP_PREADD_DATA_INST/D_DATA[13]
                         net (fo=1, routed)           0.000     0.115    u_dynamic/g_bank[0].u_sa/g_pe_row[0].g_pe_col[0].u_pe/product_reg_reg/DSP_PREADD_DATA.D_DATA<13>
    DSP48E2_X0Y44        DSP_PREADD (Prop_DSP_PREADD_DSP48E2_D_DATA[13]_AD[13])
                                                      0.033     0.148 r  u_dynamic/g_bank[0].u_sa/g_pe_row[0].g_pe_col[0].u_pe/product_reg_reg/DSP_PREADD_INST/AD[13]
                         net (fo=1, routed)           0.000     0.148    u_dynamic/g_bank[0].u_sa/g_pe_row[0].g_pe_col[0].u_pe/product_reg_reg/DSP_PREADD.AD<13>
    DSP48E2_X0Y44        DSP_PREADD_DATA                              r  u_dynamic/g_bank[0].u_sa/g_pe_row[0].g_pe_col[0].u_pe/product_reg_reg/DSP_PREADD_DATA_INST/AD[13]
  -------------------------------------------------------------------    -------------------

                         (clock clk rise edge)        0.000     0.000 r  
                                                      0.000     0.000 r  clk (IN)
                         net (fo=60143, unset)        0.042     0.042    u_dynamic/g_bank[0].u_sa/g_pe_row[0].g_pe_col[0].u_pe/product_reg_reg/CLK
    DSP48E2_X0Y44        DSP_PREADD_DATA                              r  u_dynamic/g_bank[0].u_sa/g_pe_row[0].g_pe_col[0].u_pe/product_reg_reg/DSP_PREADD_DATA_INST/CLK
                         clock pessimism              0.000     0.042    
    DSP48E2_X0Y44        DSP_PREADD_DATA (Hold_DSP_PREADD_DATA_DSP48E2_CLK_AD[13])
                                                      0.060     0.102    u_dynamic/g_bank[0].u_sa/g_pe_row[0].g_pe_col[0].u_pe/product_reg_reg/DSP_PREADD_DATA_INST
  -------------------------------------------------------------------
                         required time                         -0.102    
                         arrival time                           0.148    
  -------------------------------------------------------------------
                         slack                                  0.046    

Slack (MET) :             0.046ns  (arrival time - required time)
  Source:                 u_dynamic/g_bank[0].u_sa/g_pe_row[0].g_pe_col[0].u_pe/product_reg_reg/DSP_PREADD_DATA_INST/CLK
                            (rising edge-triggered cell DSP_PREADD_DATA clocked by clk  {rise@0.000ns fall@2.500ns period=5.000ns})
  Destination:            u_dynamic/g_bank[0].u_sa/g_pe_row[0].g_pe_col[0].u_pe/product_reg_reg/DSP_PREADD_DATA_INST/AD[14]
                            (rising edge-triggered cell DSP_PREADD_DATA clocked by clk  {rise@0.000ns fall@2.500ns period=5.000ns})
  Path Group:             clk
  Path Type:              Hold (Min at Fast Process Corner)
  Requirement:            0.000ns  (clk rise@0.000ns - clk rise@0.000ns)
  Data Path Delay:        0.114ns  (logic 0.114ns (100.000%)  route 0.000ns (0.000%))
  Logic Levels:           1  (DSP_PREADD=1)
  Clock Path Skew:        0.008ns (DCD - SCD - CPR)
    Destination Clock Delay (DCD):    0.042ns
    Source Clock Delay      (SCD):    0.034ns
    Clock Pessimism Removal (CPR):    -0.000ns

    Location             Delay type                Incr(ns)  Path(ns)    Netlist Resource(s)
  -------------------------------------------------------------------    -------------------
                         (clock clk rise edge)        0.000     0.000 r  
                                                      0.000     0.000 r  clk (IN)
                         net (fo=60143, unset)        0.034     0.034    u_dynamic/g_bank[0].u_sa/g_pe_row[0].g_pe_col[0].u_pe/product_reg_reg/CLK
    DSP48E2_X0Y44        DSP_PREADD_DATA                              r  u_dynamic/g_bank[0].u_sa/g_pe_row[0].g_pe_col[0].u_pe/product_reg_reg/DSP_PREADD_DATA_INST/CLK
  -------------------------------------------------------------------    -------------------
    DSP48E2_X0Y44        DSP_PREADD_DATA (Prop_DSP_PREADD_DATA_DSP48E2_CLK_D_DATA[14])
                                                      0.081     0.115 r  u_dynamic/g_bank[0].u_sa/g_pe_row[0].g_pe_col[0].u_pe/product_reg_reg/DSP_PREADD_DATA_INST/D_DATA[14]
                         net (fo=1, routed)           0.000     0.115    u_dynamic/g_bank[0].u_sa/g_pe_row[0].g_pe_col[0].u_pe/product_reg_reg/DSP_PREADD_DATA.D_DATA<14>
    DSP48E2_X0Y44        DSP_PREADD (Prop_DSP_PREADD_DSP48E2_D_DATA[14]_AD[14])
                                                      0.033     0.148 r  u_dynamic/g_bank[0].u_sa/g_pe_row[0].g_pe_col[0].u_pe/product_reg_reg/DSP_PREADD_INST/AD[14]
                         net (fo=1, routed)           0.000     0.148    u_dynamic/g_bank[0].u_sa/g_pe_row[0].g_pe_col[0].u_pe/product_reg_reg/DSP_PREADD.AD<14>
    DSP48E2_X0Y44        DSP_PREADD_DATA                              r  u_dynamic/g_bank[0].u_sa/g_pe_row[0].g_pe_col[0].u_pe/product_reg_reg/DSP_PREADD_DATA_INST/AD[14]
  -------------------------------------------------------------------    -------------------

                         (clock clk rise edge)        0.000     0.000 r  
                                                      0.000     0.000 r  clk (IN)
                         net (fo=60143, unset)        0.042     0.042    u_dynamic/g_bank[0].u_sa/g_pe_row[0].g_pe_col[0].u_pe/product_reg_reg/CLK
    DSP48E2_X0Y44        DSP_PREADD_DATA                              r  u_dynamic/g_bank[0].u_sa/g_pe_row[0].g_pe_col[0].u_pe/product_reg_reg/DSP_PREADD_DATA_INST/CLK
                         clock pessimism              0.000     0.042    
    DSP48E2_X0Y44        DSP_PREADD_DATA (Hold_DSP_PREADD_DATA_DSP48E2_CLK_AD[14])
                                                      0.060     0.102    u_dynamic/g_bank[0].u_sa/g_pe_row[0].g_pe_col[0].u_pe/product_reg_reg/DSP_PREADD_DATA_INST
  -------------------------------------------------------------------
                         required time                         -0.102    
                         arrival time                           0.148    
  -------------------------------------------------------------------
                         slack                                  0.046    

Slack (MET) :             0.046ns  (arrival time - required time)
  Source:                 u_dynamic/g_bank[0].u_sa/g_pe_row[0].g_pe_col[0].u_pe/product_reg_reg/DSP_PREADD_DATA_INST/CLK
                            (rising edge-triggered cell DSP_PREADD_DATA clocked by clk  {rise@0.000ns fall@2.500ns period=5.000ns})
  Destination:            u_dynamic/g_bank[0].u_sa/g_pe_row[0].g_pe_col[0].u_pe/product_reg_reg/DSP_PREADD_DATA_INST/AD[15]
                            (rising edge-triggered cell DSP_PREADD_DATA clocked by clk  {rise@0.000ns fall@2.500ns period=5.000ns})
  Path Group:             clk
  Path Type:              Hold (Min at Fast Process Corner)
  Requirement:            0.000ns  (clk rise@0.000ns - clk rise@0.000ns)
  Data Path Delay:        0.114ns  (logic 0.114ns (100.000%)  route 0.000ns (0.000%))
  Logic Levels:           1  (DSP_PREADD=1)
  Clock Path Skew:        0.008ns (DCD - SCD - CPR)
    Destination Clock Delay (DCD):    0.042ns
    Source Clock Delay      (SCD):    0.034ns
    Clock Pessimism Removal (CPR):    -0.000ns

    Location             Delay type                Incr(ns)  Path(ns)    Netlist Resource(s)
  -------------------------------------------------------------------    -------------------
                         (clock clk rise edge)        0.000     0.000 r  
                                                      0.000     0.000 r  clk (IN)
                         net (fo=60143, unset)        0.034     0.034    u_dynamic/g_bank[0].u_sa/g_pe_row[0].g_pe_col[0].u_pe/product_reg_reg/CLK
    DSP48E2_X0Y44        DSP_PREADD_DATA                              r  u_dynamic/g_bank[0].u_sa/g_pe_row[0].g_pe_col[0].u_pe/product_reg_reg/DSP_PREADD_DATA_INST/CLK
  -------------------------------------------------------------------    -------------------
    DSP48E2_X0Y44        DSP_PREADD_DATA (Prop_DSP_PREADD_DATA_DSP48E2_CLK_D_DATA[15])
                                                      0.081     0.115 r  u_dynamic/g_bank[0].u_sa/g_pe_row[0].g_pe_col[0].u_pe/product_reg_reg/DSP_PREADD_DATA_INST/D_DATA[15]
                         net (fo=1, routed)           0.000     0.115    u_dynamic/g_bank[0].u_sa/g_pe_row[0].g_pe_col[0].u_pe/product_reg_reg/DSP_PREADD_DATA.D_DATA<15>
    DSP48E2_X0Y44        DSP_PREADD (Prop_DSP_PREADD_DSP48E2_D_DATA[15]_AD[15])
                                                      0.033     0.148 r  u_dynamic/g_bank[0].u_sa/g_pe_row[0].g_pe_col[0].u_pe/product_reg_reg/DSP_PREADD_INST/AD[15]
                         net (fo=1, routed)           0.000     0.148    u_dynamic/g_bank[0].u_sa/g_pe_row[0].g_pe_col[0].u_pe/product_reg_reg/DSP_PREADD.AD<15>
    DSP48E2_X0Y44        DSP_PREADD_DATA                              r  u_dynamic/g_bank[0].u_sa/g_pe_row[0].g_pe_col[0].u_pe/product_reg_reg/DSP_PREADD_DATA_INST/AD[15]
  -------------------------------------------------------------------    -------------------

                         (clock clk rise edge)        0.000     0.000 r  
                                                      0.000     0.000 r  clk (IN)
                         net (fo=60143, unset)        0.042     0.042    u_dynamic/g_bank[0].u_sa/g_pe_row[0].g_pe_col[0].u_pe/product_reg_reg/CLK
    DSP48E2_X0Y44        DSP_PREADD_DATA                              r  u_dynamic/g_bank[0].u_sa/g_pe_row[0].g_pe_col[0].u_pe/product_reg_reg/DSP_PREADD_DATA_INST/CLK
                         clock pessimism              0.000     0.042    
    DSP48E2_X0Y44        DSP_PREADD_DATA (Hold_DSP_PREADD_DATA_DSP48E2_CLK_AD[15])
                                                      0.060     0.102    u_dynamic/g_bank[0].u_sa/g_pe_row[0].g_pe_col[0].u_pe/product_reg_reg/DSP_PREADD_DATA_INST
  -------------------------------------------------------------------
                         required time                         -0.102    
                         arrival time                           0.148    
  -------------------------------------------------------------------
                         slack                                  0.046    

Slack (MET) :             0.046ns  (arrival time - required time)
  Source:                 u_dynamic/g_bank[0].u_sa/g_pe_row[0].g_pe_col[0].u_pe/product_reg_reg/DSP_PREADD_DATA_INST/CLK
                            (rising edge-triggered cell DSP_PREADD_DATA clocked by clk  {rise@0.000ns fall@2.500ns period=5.000ns})
  Destination:            u_dynamic/g_bank[0].u_sa/g_pe_row[0].g_pe_col[0].u_pe/product_reg_reg/DSP_PREADD_DATA_INST/AD[16]
                            (rising edge-triggered cell DSP_PREADD_DATA clocked by clk  {rise@0.000ns fall@2.500ns period=5.000ns})
  Path Group:             clk
  Path Type:              Hold (Min at Fast Process Corner)
  Requirement:            0.000ns  (clk rise@0.000ns - clk rise@0.000ns)
  Data Path Delay:        0.114ns  (logic 0.114ns (100.000%)  route 0.000ns (0.000%))
  Logic Levels:           1  (DSP_PREADD=1)
  Clock Path Skew:        0.008ns (DCD - SCD - CPR)
    Destination Clock Delay (DCD):    0.042ns
    Source Clock Delay      (SCD):    0.034ns
    Clock Pessimism Removal (CPR):    -0.000ns

    Location             Delay type                Incr(ns)  Path(ns)    Netlist Resource(s)
  -------------------------------------------------------------------    -------------------
                         (clock clk rise edge)        0.000     0.000 r  
                                                      0.000     0.000 r  clk (IN)
                         net (fo=60143, unset)        0.034     0.034    u_dynamic/g_bank[0].u_sa/g_pe_row[0].g_pe_col[0].u_pe/product_reg_reg/CLK
    DSP48E2_X0Y44        DSP_PREADD_DATA                              r  u_dynamic/g_bank[0].u_sa/g_pe_row[0].g_pe_col[0].u_pe/product_reg_reg/DSP_PREADD_DATA_INST/CLK
  -------------------------------------------------------------------    -------------------
    DSP48E2_X0Y44        DSP_PREADD_DATA (Prop_DSP_PREADD_DATA_DSP48E2_CLK_D_DATA[16])
                                                      0.081     0.115 r  u_dynamic/g_bank[0].u_sa/g_pe_row[0].g_pe_col[0].u_pe/product_reg_reg/DSP_PREADD_DATA_INST/D_DATA[16]
                         net (fo=1, routed)           0.000     0.115    u_dynamic/g_bank[0].u_sa/g_pe_row[0].g_pe_col[0].u_pe/product_reg_reg/DSP_PREADD_DATA.D_DATA<16>
    DSP48E2_X0Y44        DSP_PREADD (Prop_DSP_PREADD_DSP48E2_D_DATA[16]_AD[16])
                                                      0.033     0.148 r  u_dynamic/g_bank[0].u_sa/g_pe_row[0].g_pe_col[0].u_pe/product_reg_reg/DSP_PREADD_INST/AD[16]
                         net (fo=1, routed)           0.000     0.148    u_dynamic/g_bank[0].u_sa/g_pe_row[0].g_pe_col[0].u_pe/product_reg_reg/DSP_PREADD.AD<16>
    DSP48E2_X0Y44        DSP_PREADD_DATA                              r  u_dynamic/g_bank[0].u_sa/g_pe_row[0].g_pe_col[0].u_pe/product_reg_reg/DSP_PREADD_DATA_INST/AD[16]
  -------------------------------------------------------------------    -------------------

                         (clock clk rise edge)        0.000     0.000 r  
                                                      0.000     0.000 r  clk (IN)
                         net (fo=60143, unset)        0.042     0.042    u_dynamic/g_bank[0].u_sa/g_pe_row[0].g_pe_col[0].u_pe/product_reg_reg/CLK
    DSP48E2_X0Y44        DSP_PREADD_DATA                              r  u_dynamic/g_bank[0].u_sa/g_pe_row[0].g_pe_col[0].u_pe/product_reg_reg/DSP_PREADD_DATA_INST/CLK
                         clock pessimism              0.000     0.042    
    DSP48E2_X0Y44        DSP_PREADD_DATA (Hold_DSP_PREADD_DATA_DSP48E2_CLK_AD[16])
                                                      0.060     0.102    u_dynamic/g_bank[0].u_sa/g_pe_row[0].g_pe_col[0].u_pe/product_reg_reg/DSP_PREADD_DATA_INST
  -------------------------------------------------------------------
                         required time                         -0.102    
                         arrival time                           0.148    
  -------------------------------------------------------------------
                         slack                                  0.046    

Slack (MET) :             0.046ns  (arrival time - required time)
  Source:                 u_dynamic/g_bank[0].u_sa/g_pe_row[0].g_pe_col[0].u_pe/product_reg_reg/DSP_PREADD_DATA_INST/CLK
                            (rising edge-triggered cell DSP_PREADD_DATA clocked by clk  {rise@0.000ns fall@2.500ns period=5.000ns})
  Destination:            u_dynamic/g_bank[0].u_sa/g_pe_row[0].g_pe_col[0].u_pe/product_reg_reg/DSP_PREADD_DATA_INST/AD[17]
                            (rising edge-triggered cell DSP_PREADD_DATA clocked by clk  {rise@0.000ns fall@2.500ns period=5.000ns})
  Path Group:             clk
  Path Type:              Hold (Min at Fast Process Corner)
  Requirement:            0.000ns  (clk rise@0.000ns - clk rise@0.000ns)
  Data Path Delay:        0.114ns  (logic 0.114ns (100.000%)  route 0.000ns (0.000%))
  Logic Levels:           1  (DSP_PREADD=1)
  Clock Path Skew:        0.008ns (DCD - SCD - CPR)
    Destination Clock Delay (DCD):    0.042ns
    Source Clock Delay      (SCD):    0.034ns
    Clock Pessimism Removal (CPR):    -0.000ns

    Location             Delay type                Incr(ns)  Path(ns)    Netlist Resource(s)
  -------------------------------------------------------------------    -------------------
                         (clock clk rise edge)        0.000     0.000 r  
                                                      0.000     0.000 r  clk (IN)
                         net (fo=60143, unset)        0.034     0.034    u_dynamic/g_bank[0].u_sa/g_pe_row[0].g_pe_col[0].u_pe/product_reg_reg/CLK
    DSP48E2_X0Y44        DSP_PREADD_DATA                              r  u_dynamic/g_bank[0].u_sa/g_pe_row[0].g_pe_col[0].u_pe/product_reg_reg/DSP_PREADD_DATA_INST/CLK
  -------------------------------------------------------------------    -------------------
    DSP48E2_X0Y44        DSP_PREADD_DATA (Prop_DSP_PREADD_DATA_DSP48E2_CLK_D_DATA[17])
                                                      0.081     0.115 r  u_dynamic/g_bank[0].u_sa/g_pe_row[0].g_pe_col[0].u_pe/product_reg_reg/DSP_PREADD_DATA_INST/D_DATA[17]
                         net (fo=1, routed)           0.000     0.115    u_dynamic/g_bank[0].u_sa/g_pe_row[0].g_pe_col[0].u_pe/product_reg_reg/DSP_PREADD_DATA.D_DATA<17>
    DSP48E2_X0Y44        DSP_PREADD (Prop_DSP_PREADD_DSP48E2_D_DATA[17]_AD[17])
                                                      0.033     0.148 r  u_dynamic/g_bank[0].u_sa/g_pe_row[0].g_pe_col[0].u_pe/product_reg_reg/DSP_PREADD_INST/AD[17]
                         net (fo=1, routed)           0.000     0.148    u_dynamic/g_bank[0].u_sa/g_pe_row[0].g_pe_col[0].u_pe/product_reg_reg/DSP_PREADD.AD<17>
    DSP48E2_X0Y44        DSP_PREADD_DATA                              r  u_dynamic/g_bank[0].u_sa/g_pe_row[0].g_pe_col[0].u_pe/product_reg_reg/DSP_PREADD_DATA_INST/AD[17]
  -------------------------------------------------------------------    -------------------

                         (clock clk rise edge)        0.000     0.000 r  
                                                      0.000     0.000 r  clk (IN)
                         net (fo=60143, unset)        0.042     0.042    u_dynamic/g_bank[0].u_sa/g_pe_row[0].g_pe_col[0].u_pe/product_reg_reg/CLK
    DSP48E2_X0Y44        DSP_PREADD_DATA                              r  u_dynamic/g_bank[0].u_sa/g_pe_row[0].g_pe_col[0].u_pe/product_reg_reg/DSP_PREADD_DATA_INST/CLK
                         clock pessimism              0.000     0.042    
    DSP48E2_X0Y44        DSP_PREADD_DATA (Hold_DSP_PREADD_DATA_DSP48E2_CLK_AD[17])
                                                      0.060     0.102    u_dynamic/g_bank[0].u_sa/g_pe_row[0].g_pe_col[0].u_pe/product_reg_reg/DSP_PREADD_DATA_INST
  -------------------------------------------------------------------
                         required time                         -0.102    
                         arrival time                           0.148    
  -------------------------------------------------------------------
                         slack                                  0.046    

Slack (MET) :             0.046ns  (arrival time - required time)
  Source:                 u_dynamic/g_bank[0].u_sa/g_pe_row[0].g_pe_col[0].u_pe/product_reg_reg/DSP_PREADD_DATA_INST/CLK
                            (rising edge-triggered cell DSP_PREADD_DATA clocked by clk  {rise@0.000ns fall@2.500ns period=5.000ns})
  Destination:            u_dynamic/g_bank[0].u_sa/g_pe_row[0].g_pe_col[0].u_pe/product_reg_reg/DSP_PREADD_DATA_INST/AD[18]
                            (rising edge-triggered cell DSP_PREADD_DATA clocked by clk  {rise@0.000ns fall@2.500ns period=5.000ns})
  Path Group:             clk
  Path Type:              Hold (Min at Fast Process Corner)
  Requirement:            0.000ns  (clk rise@0.000ns - clk rise@0.000ns)
  Data Path Delay:        0.114ns  (logic 0.114ns (100.000%)  route 0.000ns (0.000%))
  Logic Levels:           1  (DSP_PREADD=1)
  Clock Path Skew:        0.008ns (DCD - SCD - CPR)
    Destination Clock Delay (DCD):    0.042ns
    Source Clock Delay      (SCD):    0.034ns
    Clock Pessimism Removal (CPR):    -0.000ns

    Location             Delay type                Incr(ns)  Path(ns)    Netlist Resource(s)
  -------------------------------------------------------------------    -------------------
                         (clock clk rise edge)        0.000     0.000 r  
                                                      0.000     0.000 r  clk (IN)
                         net (fo=60143, unset)        0.034     0.034    u_dynamic/g_bank[0].u_sa/g_pe_row[0].g_pe_col[0].u_pe/product_reg_reg/CLK
    DSP48E2_X0Y44        DSP_PREADD_DATA                              r  u_dynamic/g_bank[0].u_sa/g_pe_row[0].g_pe_col[0].u_pe/product_reg_reg/DSP_PREADD_DATA_INST/CLK
  -------------------------------------------------------------------    -------------------
    DSP48E2_X0Y44        DSP_PREADD_DATA (Prop_DSP_PREADD_DATA_DSP48E2_CLK_D_DATA[18])
                                                      0.081     0.115 r  u_dynamic/g_bank[0].u_sa/g_pe_row[0].g_pe_col[0].u_pe/product_reg_reg/DSP_PREADD_DATA_INST/D_DATA[18]
                         net (fo=1, routed)           0.000     0.115    u_dynamic/g_bank[0].u_sa/g_pe_row[0].g_pe_col[0].u_pe/product_reg_reg/DSP_PREADD_DATA.D_DATA<18>
    DSP48E2_X0Y44        DSP_PREADD (Prop_DSP_PREADD_DSP48E2_D_DATA[18]_AD[18])
                                                      0.033     0.148 r  u_dynamic/g_bank[0].u_sa/g_pe_row[0].g_pe_col[0].u_pe/product_reg_reg/DSP_PREADD_INST/AD[18]
                         net (fo=1, routed)           0.000     0.148    u_dynamic/g_bank[0].u_sa/g_pe_row[0].g_pe_col[0].u_pe/product_reg_reg/DSP_PREADD.AD<18>
    DSP48E2_X0Y44        DSP_PREADD_DATA                              r  u_dynamic/g_bank[0].u_sa/g_pe_row[0].g_pe_col[0].u_pe/product_reg_reg/DSP_PREADD_DATA_INST/AD[18]
  -------------------------------------------------------------------    -------------------

                         (clock clk rise edge)        0.000     0.000 r  
                                                      0.000     0.000 r  clk (IN)
                         net (fo=60143, unset)        0.042     0.042    u_dynamic/g_bank[0].u_sa/g_pe_row[0].g_pe_col[0].u_pe/product_reg_reg/CLK
    DSP48E2_X0Y44        DSP_PREADD_DATA                              r  u_dynamic/g_bank[0].u_sa/g_pe_row[0].g_pe_col[0].u_pe/product_reg_reg/DSP_PREADD_DATA_INST/CLK
                         clock pessimism              0.000     0.042    
    DSP48E2_X0Y44        DSP_PREADD_DATA (Hold_DSP_PREADD_DATA_DSP48E2_CLK_AD[18])
                                                      0.060     0.102    u_dynamic/g_bank[0].u_sa/g_pe_row[0].g_pe_col[0].u_pe/product_reg_reg/DSP_PREADD_DATA_INST
  -------------------------------------------------------------------
                         required time                         -0.102    
                         arrival time                           0.148    
  -------------------------------------------------------------------
                         slack                                  0.046    

Slack (MET) :             0.046ns  (arrival time - required time)
  Source:                 u_dynamic/g_bank[0].u_sa/g_pe_row[0].g_pe_col[0].u_pe/product_reg_reg/DSP_PREADD_DATA_INST/CLK
                            (rising edge-triggered cell DSP_PREADD_DATA clocked by clk  {rise@0.000ns fall@2.500ns period=5.000ns})
  Destination:            u_dynamic/g_bank[0].u_sa/g_pe_row[0].g_pe_col[0].u_pe/product_reg_reg/DSP_PREADD_DATA_INST/AD[19]
                            (rising edge-triggered cell DSP_PREADD_DATA clocked by clk  {rise@0.000ns fall@2.500ns period=5.000ns})
  Path Group:             clk
  Path Type:              Hold (Min at Fast Process Corner)
  Requirement:            0.000ns  (clk rise@0.000ns - clk rise@0.000ns)
  Data Path Delay:        0.114ns  (logic 0.114ns (100.000%)  route 0.000ns (0.000%))
  Logic Levels:           1  (DSP_PREADD=1)
  Clock Path Skew:        0.008ns (DCD - SCD - CPR)
    Destination Clock Delay (DCD):    0.042ns
    Source Clock Delay      (SCD):    0.034ns
    Clock Pessimism Removal (CPR):    -0.000ns

    Location             Delay type                Incr(ns)  Path(ns)    Netlist Resource(s)
  -------------------------------------------------------------------    -------------------
                         (clock clk rise edge)        0.000     0.000 r  
                                                      0.000     0.000 r  clk (IN)
                         net (fo=60143, unset)        0.034     0.034    u_dynamic/g_bank[0].u_sa/g_pe_row[0].g_pe_col[0].u_pe/product_reg_reg/CLK
    DSP48E2_X0Y44        DSP_PREADD_DATA                              r  u_dynamic/g_bank[0].u_sa/g_pe_row[0].g_pe_col[0].u_pe/product_reg_reg/DSP_PREADD_DATA_INST/CLK
  -------------------------------------------------------------------    -------------------
    DSP48E2_X0Y44        DSP_PREADD_DATA (Prop_DSP_PREADD_DATA_DSP48E2_CLK_D_DATA[19])
                                                      0.081     0.115 r  u_dynamic/g_bank[0].u_sa/g_pe_row[0].g_pe_col[0].u_pe/product_reg_reg/DSP_PREADD_DATA_INST/D_DATA[19]
                         net (fo=1, routed)           0.000     0.115    u_dynamic/g_bank[0].u_sa/g_pe_row[0].g_pe_col[0].u_pe/product_reg_reg/DSP_PREADD_DATA.D_DATA<19>
    DSP48E2_X0Y44        DSP_PREADD (Prop_DSP_PREADD_DSP48E2_D_DATA[19]_AD[19])
                                                      0.033     0.148 r  u_dynamic/g_bank[0].u_sa/g_pe_row[0].g_pe_col[0].u_pe/product_reg_reg/DSP_PREADD_INST/AD[19]
                         net (fo=1, routed)           0.000     0.148    u_dynamic/g_bank[0].u_sa/g_pe_row[0].g_pe_col[0].u_pe/product_reg_reg/DSP_PREADD.AD<19>
    DSP48E2_X0Y44        DSP_PREADD_DATA                              r  u_dynamic/g_bank[0].u_sa/g_pe_row[0].g_pe_col[0].u_pe/product_reg_reg/DSP_PREADD_DATA_INST/AD[19]
  -------------------------------------------------------------------    -------------------

                         (clock clk rise edge)        0.000     0.000 r  
                                                      0.000     0.000 r  clk (IN)
                         net (fo=60143, unset)        0.042     0.042    u_dynamic/g_bank[0].u_sa/g_pe_row[0].g_pe_col[0].u_pe/product_reg_reg/CLK
    DSP48E2_X0Y44        DSP_PREADD_DATA                              r  u_dynamic/g_bank[0].u_sa/g_pe_row[0].g_pe_col[0].u_pe/product_reg_reg/DSP_PREADD_DATA_INST/CLK
                         clock pessimism              0.000     0.042    
    DSP48E2_X0Y44        DSP_PREADD_DATA (Hold_DSP_PREADD_DATA_DSP48E2_CLK_AD[19])
                                                      0.060     0.102    u_dynamic/g_bank[0].u_sa/g_pe_row[0].g_pe_col[0].u_pe/product_reg_reg/DSP_PREADD_DATA_INST
  -------------------------------------------------------------------
                         required time                         -0.102    
                         arrival time                           0.148    
  -------------------------------------------------------------------
                         slack                                  0.046    

Slack (MET) :             0.046ns  (arrival time - required time)
  Source:                 u_dynamic/g_bank[0].u_sa/g_pe_row[0].g_pe_col[0].u_pe/product_reg_reg/DSP_PREADD_DATA_INST/CLK
                            (rising edge-triggered cell DSP_PREADD_DATA clocked by clk  {rise@0.000ns fall@2.500ns period=5.000ns})
  Destination:            u_dynamic/g_bank[0].u_sa/g_pe_row[0].g_pe_col[0].u_pe/product_reg_reg/DSP_PREADD_DATA_INST/AD[1]
                            (rising edge-triggered cell DSP_PREADD_DATA clocked by clk  {rise@0.000ns fall@2.500ns period=5.000ns})
  Path Group:             clk
  Path Type:              Hold (Min at Fast Process Corner)
  Requirement:            0.000ns  (clk rise@0.000ns - clk rise@0.000ns)
  Data Path Delay:        0.114ns  (logic 0.114ns (100.000%)  route 0.000ns (0.000%))
  Logic Levels:           1  (DSP_PREADD=1)
  Clock Path Skew:        0.008ns (DCD - SCD - CPR)
    Destination Clock Delay (DCD):    0.042ns
    Source Clock Delay      (SCD):    0.034ns
    Clock Pessimism Removal (CPR):    -0.000ns

    Location             Delay type                Incr(ns)  Path(ns)    Netlist Resource(s)
  -------------------------------------------------------------------    -------------------
                         (clock clk rise edge)        0.000     0.000 r  
                                                      0.000     0.000 r  clk (IN)
                         net (fo=60143, unset)        0.034     0.034    u_dynamic/g_bank[0].u_sa/g_pe_row[0].g_pe_col[0].u_pe/product_reg_reg/CLK
    DSP48E2_X0Y44        DSP_PREADD_DATA                              r  u_dynamic/g_bank[0].u_sa/g_pe_row[0].g_pe_col[0].u_pe/product_reg_reg/DSP_PREADD_DATA_INST/CLK
  -------------------------------------------------------------------    -------------------
    DSP48E2_X0Y44        DSP_PREADD_DATA (Prop_DSP_PREADD_DATA_DSP48E2_CLK_D_DATA[1])
                                                      0.081     0.115 r  u_dynamic/g_bank[0].u_sa/g_pe_row[0].g_pe_col[0].u_pe/product_reg_reg/DSP_PREADD_DATA_INST/D_DATA[1]
                         net (fo=1, routed)           0.000     0.115    u_dynamic/g_bank[0].u_sa/g_pe_row[0].g_pe_col[0].u_pe/product_reg_reg/DSP_PREADD_DATA.D_DATA<1>
    DSP48E2_X0Y44        DSP_PREADD (Prop_DSP_PREADD_DSP48E2_D_DATA[1]_AD[1])
                                                      0.033     0.148 r  u_dynamic/g_bank[0].u_sa/g_pe_row[0].g_pe_col[0].u_pe/product_reg_reg/DSP_PREADD_INST/AD[1]
                         net (fo=1, routed)           0.000     0.148    u_dynamic/g_bank[0].u_sa/g_pe_row[0].g_pe_col[0].u_pe/product_reg_reg/DSP_PREADD.AD<1>
    DSP48E2_X0Y44        DSP_PREADD_DATA                              r  u_dynamic/g_bank[0].u_sa/g_pe_row[0].g_pe_col[0].u_pe/product_reg_reg/DSP_PREADD_DATA_INST/AD[1]
  -------------------------------------------------------------------    -------------------

                         (clock clk rise edge)        0.000     0.000 r  
                                                      0.000     0.000 r  clk (IN)
                         net (fo=60143, unset)        0.042     0.042    u_dynamic/g_bank[0].u_sa/g_pe_row[0].g_pe_col[0].u_pe/product_reg_reg/CLK
    DSP48E2_X0Y44        DSP_PREADD_DATA                              r  u_dynamic/g_bank[0].u_sa/g_pe_row[0].g_pe_col[0].u_pe/product_reg_reg/DSP_PREADD_DATA_INST/CLK
                         clock pessimism              0.000     0.042    
    DSP48E2_X0Y44        DSP_PREADD_DATA (Hold_DSP_PREADD_DATA_DSP48E2_CLK_AD[1])
                                                      0.060     0.102    u_dynamic/g_bank[0].u_sa/g_pe_row[0].g_pe_col[0].u_pe/product_reg_reg/DSP_PREADD_DATA_INST
  -------------------------------------------------------------------
                         required time                         -0.102    
                         arrival time                           0.148    
  -------------------------------------------------------------------
                         slack                                  0.046    

Slack (MET) :             0.046ns  (arrival time - required time)
  Source:                 u_dynamic/g_bank[0].u_sa/g_pe_row[0].g_pe_col[0].u_pe/product_reg_reg/DSP_PREADD_DATA_INST/CLK
                            (rising edge-triggered cell DSP_PREADD_DATA clocked by clk  {rise@0.000ns fall@2.500ns period=5.000ns})
  Destination:            u_dynamic/g_bank[0].u_sa/g_pe_row[0].g_pe_col[0].u_pe/product_reg_reg/DSP_PREADD_DATA_INST/AD[20]
                            (rising edge-triggered cell DSP_PREADD_DATA clocked by clk  {rise@0.000ns fall@2.500ns period=5.000ns})
  Path Group:             clk
  Path Type:              Hold (Min at Fast Process Corner)
  Requirement:            0.000ns  (clk rise@0.000ns - clk rise@0.000ns)
  Data Path Delay:        0.114ns  (logic 0.114ns (100.000%)  route 0.000ns (0.000%))
  Logic Levels:           1  (DSP_PREADD=1)
  Clock Path Skew:        0.008ns (DCD - SCD - CPR)
    Destination Clock Delay (DCD):    0.042ns
    Source Clock Delay      (SCD):    0.034ns
    Clock Pessimism Removal (CPR):    -0.000ns

    Location             Delay type                Incr(ns)  Path(ns)    Netlist Resource(s)
  -------------------------------------------------------------------    -------------------
                         (clock clk rise edge)        0.000     0.000 r  
                                                      0.000     0.000 r  clk (IN)
                         net (fo=60143, unset)        0.034     0.034    u_dynamic/g_bank[0].u_sa/g_pe_row[0].g_pe_col[0].u_pe/product_reg_reg/CLK
    DSP48E2_X0Y44        DSP_PREADD_DATA                              r  u_dynamic/g_bank[0].u_sa/g_pe_row[0].g_pe_col[0].u_pe/product_reg_reg/DSP_PREADD_DATA_INST/CLK
  -------------------------------------------------------------------    -------------------
    DSP48E2_X0Y44        DSP_PREADD_DATA (Prop_DSP_PREADD_DATA_DSP48E2_CLK_D_DATA[20])
                                                      0.081     0.115 r  u_dynamic/g_bank[0].u_sa/g_pe_row[0].g_pe_col[0].u_pe/product_reg_reg/DSP_PREADD_DATA_INST/D_DATA[20]
                         net (fo=1, routed)           0.000     0.115    u_dynamic/g_bank[0].u_sa/g_pe_row[0].g_pe_col[0].u_pe/product_reg_reg/DSP_PREADD_DATA.D_DATA<20>
    DSP48E2_X0Y44        DSP_PREADD (Prop_DSP_PREADD_DSP48E2_D_DATA[20]_AD[20])
                                                      0.033     0.148 r  u_dynamic/g_bank[0].u_sa/g_pe_row[0].g_pe_col[0].u_pe/product_reg_reg/DSP_PREADD_INST/AD[20]
                         net (fo=1, routed)           0.000     0.148    u_dynamic/g_bank[0].u_sa/g_pe_row[0].g_pe_col[0].u_pe/product_reg_reg/DSP_PREADD.AD<20>
    DSP48E2_X0Y44        DSP_PREADD_DATA                              r  u_dynamic/g_bank[0].u_sa/g_pe_row[0].g_pe_col[0].u_pe/product_reg_reg/DSP_PREADD_DATA_INST/AD[20]
  -------------------------------------------------------------------    -------------------

                         (clock clk rise edge)        0.000     0.000 r  
                                                      0.000     0.000 r  clk (IN)
                         net (fo=60143, unset)        0.042     0.042    u_dynamic/g_bank[0].u_sa/g_pe_row[0].g_pe_col[0].u_pe/product_reg_reg/CLK
    DSP48E2_X0Y44        DSP_PREADD_DATA                              r  u_dynamic/g_bank[0].u_sa/g_pe_row[0].g_pe_col[0].u_pe/product_reg_reg/DSP_PREADD_DATA_INST/CLK
                         clock pessimism              0.000     0.042    
    DSP48E2_X0Y44        DSP_PREADD_DATA (Hold_DSP_PREADD_DATA_DSP48E2_CLK_AD[20])
                                                      0.060     0.102    u_dynamic/g_bank[0].u_sa/g_pe_row[0].g_pe_col[0].u_pe/product_reg_reg/DSP_PREADD_DATA_INST
  -------------------------------------------------------------------
                         required time                         -0.102    
                         arrival time                           0.148    
  -------------------------------------------------------------------
                         slack                                  0.046    

Slack (MET) :             0.046ns  (arrival time - required time)
  Source:                 u_dynamic/g_bank[0].u_sa/g_pe_row[0].g_pe_col[0].u_pe/product_reg_reg/DSP_PREADD_DATA_INST/CLK
                            (rising edge-triggered cell DSP_PREADD_DATA clocked by clk  {rise@0.000ns fall@2.500ns period=5.000ns})
  Destination:            u_dynamic/g_bank[0].u_sa/g_pe_row[0].g_pe_col[0].u_pe/product_reg_reg/DSP_PREADD_DATA_INST/AD[21]
                            (rising edge-triggered cell DSP_PREADD_DATA clocked by clk  {rise@0.000ns fall@2.500ns period=5.000ns})
  Path Group:             clk
  Path Type:              Hold (Min at Fast Process Corner)
  Requirement:            0.000ns  (clk rise@0.000ns - clk rise@0.000ns)
  Data Path Delay:        0.114ns  (logic 0.114ns (100.000%)  route 0.000ns (0.000%))
  Logic Levels:           1  (DSP_PREADD=1)
  Clock Path Skew:        0.008ns (DCD - SCD - CPR)
    Destination Clock Delay (DCD):    0.042ns
    Source Clock Delay      (SCD):    0.034ns
    Clock Pessimism Removal (CPR):    -0.000ns

    Location             Delay type                Incr(ns)  Path(ns)    Netlist Resource(s)
  -------------------------------------------------------------------    -------------------
                         (clock clk rise edge)        0.000     0.000 r  
                                                      0.000     0.000 r  clk (IN)
                         net (fo=60143, unset)        0.034     0.034    u_dynamic/g_bank[0].u_sa/g_pe_row[0].g_pe_col[0].u_pe/product_reg_reg/CLK
    DSP48E2_X0Y44        DSP_PREADD_DATA                              r  u_dynamic/g_bank[0].u_sa/g_pe_row[0].g_pe_col[0].u_pe/product_reg_reg/DSP_PREADD_DATA_INST/CLK
  -------------------------------------------------------------------    -------------------
    DSP48E2_X0Y44        DSP_PREADD_DATA (Prop_DSP_PREADD_DATA_DSP48E2_CLK_D_DATA[21])
                                                      0.081     0.115 r  u_dynamic/g_bank[0].u_sa/g_pe_row[0].g_pe_col[0].u_pe/product_reg_reg/DSP_PREADD_DATA_INST/D_DATA[21]
                         net (fo=1, routed)           0.000     0.115    u_dynamic/g_bank[0].u_sa/g_pe_row[0].g_pe_col[0].u_pe/product_reg_reg/DSP_PREADD_DATA.D_DATA<21>
    DSP48E2_X0Y44        DSP_PREADD (Prop_DSP_PREADD_DSP48E2_D_DATA[21]_AD[21])
                                                      0.033     0.148 r  u_dynamic/g_bank[0].u_sa/g_pe_row[0].g_pe_col[0].u_pe/product_reg_reg/DSP_PREADD_INST/AD[21]
                         net (fo=1, routed)           0.000     0.148    u_dynamic/g_bank[0].u_sa/g_pe_row[0].g_pe_col[0].u_pe/product_reg_reg/DSP_PREADD.AD<21>
    DSP48E2_X0Y44        DSP_PREADD_DATA                              r  u_dynamic/g_bank[0].u_sa/g_pe_row[0].g_pe_col[0].u_pe/product_reg_reg/DSP_PREADD_DATA_INST/AD[21]
  -------------------------------------------------------------------    -------------------

                         (clock clk rise edge)        0.000     0.000 r  
                                                      0.000     0.000 r  clk (IN)
                         net (fo=60143, unset)        0.042     0.042    u_dynamic/g_bank[0].u_sa/g_pe_row[0].g_pe_col[0].u_pe/product_reg_reg/CLK
    DSP48E2_X0Y44        DSP_PREADD_DATA                              r  u_dynamic/g_bank[0].u_sa/g_pe_row[0].g_pe_col[0].u_pe/product_reg_reg/DSP_PREADD_DATA_INST/CLK
                         clock pessimism              0.000     0.042    
    DSP48E2_X0Y44        DSP_PREADD_DATA (Hold_DSP_PREADD_DATA_DSP48E2_CLK_AD[21])
                                                      0.060     0.102    u_dynamic/g_bank[0].u_sa/g_pe_row[0].g_pe_col[0].u_pe/product_reg_reg/DSP_PREADD_DATA_INST
  -------------------------------------------------------------------
                         required time                         -0.102    
                         arrival time                           0.148    
  -------------------------------------------------------------------
                         slack                                  0.046    

Slack (MET) :             0.046ns  (arrival time - required time)
  Source:                 u_dynamic/g_bank[0].u_sa/g_pe_row[0].g_pe_col[0].u_pe/product_reg_reg/DSP_PREADD_DATA_INST/CLK
                            (rising edge-triggered cell DSP_PREADD_DATA clocked by clk  {rise@0.000ns fall@2.500ns period=5.000ns})
  Destination:            u_dynamic/g_bank[0].u_sa/g_pe_row[0].g_pe_col[0].u_pe/product_reg_reg/DSP_PREADD_DATA_INST/AD[22]
                            (rising edge-triggered cell DSP_PREADD_DATA clocked by clk  {rise@0.000ns fall@2.500ns period=5.000ns})
  Path Group:             clk
  Path Type:              Hold (Min at Fast Process Corner)
  Requirement:            0.000ns  (clk rise@0.000ns - clk rise@0.000ns)
  Data Path Delay:        0.114ns  (logic 0.114ns (100.000%)  route 0.000ns (0.000%))
  Logic Levels:           1  (DSP_PREADD=1)
  Clock Path Skew:        0.008ns (DCD - SCD - CPR)
    Destination Clock Delay (DCD):    0.042ns
    Source Clock Delay      (SCD):    0.034ns
    Clock Pessimism Removal (CPR):    -0.000ns

    Location             Delay type                Incr(ns)  Path(ns)    Netlist Resource(s)
  -------------------------------------------------------------------    -------------------
                         (clock clk rise edge)        0.000     0.000 r  
                                                      0.000     0.000 r  clk (IN)
                         net (fo=60143, unset)        0.034     0.034    u_dynamic/g_bank[0].u_sa/g_pe_row[0].g_pe_col[0].u_pe/product_reg_reg/CLK
    DSP48E2_X0Y44        DSP_PREADD_DATA                              r  u_dynamic/g_bank[0].u_sa/g_pe_row[0].g_pe_col[0].u_pe/product_reg_reg/DSP_PREADD_DATA_INST/CLK
  -------------------------------------------------------------------    -------------------
    DSP48E2_X0Y44        DSP_PREADD_DATA (Prop_DSP_PREADD_DATA_DSP48E2_CLK_D_DATA[22])
                                                      0.081     0.115 r  u_dynamic/g_bank[0].u_sa/g_pe_row[0].g_pe_col[0].u_pe/product_reg_reg/DSP_PREADD_DATA_INST/D_DATA[22]
                         net (fo=1, routed)           0.000     0.115    u_dynamic/g_bank[0].u_sa/g_pe_row[0].g_pe_col[0].u_pe/product_reg_reg/DSP_PREADD_DATA.D_DATA<22>
    DSP48E2_X0Y44        DSP_PREADD (Prop_DSP_PREADD_DSP48E2_D_DATA[22]_AD[22])
                                                      0.033     0.148 r  u_dynamic/g_bank[0].u_sa/g_pe_row[0].g_pe_col[0].u_pe/product_reg_reg/DSP_PREADD_INST/AD[22]
                         net (fo=1, routed)           0.000     0.148    u_dynamic/g_bank[0].u_sa/g_pe_row[0].g_pe_col[0].u_pe/product_reg_reg/DSP_PREADD.AD<22>
    DSP48E2_X0Y44        DSP_PREADD_DATA                              r  u_dynamic/g_bank[0].u_sa/g_pe_row[0].g_pe_col[0].u_pe/product_reg_reg/DSP_PREADD_DATA_INST/AD[22]
  -------------------------------------------------------------------    -------------------

                         (clock clk rise edge)        0.000     0.000 r  
                                                      0.000     0.000 r  clk (IN)
                         net (fo=60143, unset)        0.042     0.042    u_dynamic/g_bank[0].u_sa/g_pe_row[0].g_pe_col[0].u_pe/product_reg_reg/CLK
    DSP48E2_X0Y44        DSP_PREADD_DATA                              r  u_dynamic/g_bank[0].u_sa/g_pe_row[0].g_pe_col[0].u_pe/product_reg_reg/DSP_PREADD_DATA_INST/CLK
                         clock pessimism              0.000     0.042    
    DSP48E2_X0Y44        DSP_PREADD_DATA (Hold_DSP_PREADD_DATA_DSP48E2_CLK_AD[22])
                                                      0.060     0.102    u_dynamic/g_bank[0].u_sa/g_pe_row[0].g_pe_col[0].u_pe/product_reg_reg/DSP_PREADD_DATA_INST
  -------------------------------------------------------------------
                         required time                         -0.102    
                         arrival time                           0.148    
  -------------------------------------------------------------------
                         slack                                  0.046    

Slack (MET) :             0.046ns  (arrival time - required time)
  Source:                 u_dynamic/g_bank[0].u_sa/g_pe_row[0].g_pe_col[0].u_pe/product_reg_reg/DSP_PREADD_DATA_INST/CLK
                            (rising edge-triggered cell DSP_PREADD_DATA clocked by clk  {rise@0.000ns fall@2.500ns period=5.000ns})
  Destination:            u_dynamic/g_bank[0].u_sa/g_pe_row[0].g_pe_col[0].u_pe/product_reg_reg/DSP_PREADD_DATA_INST/AD[23]
                            (rising edge-triggered cell DSP_PREADD_DATA clocked by clk  {rise@0.000ns fall@2.500ns period=5.000ns})
  Path Group:             clk
  Path Type:              Hold (Min at Fast Process Corner)
  Requirement:            0.000ns  (clk rise@0.000ns - clk rise@0.000ns)
  Data Path Delay:        0.114ns  (logic 0.114ns (100.000%)  route 0.000ns (0.000%))
  Logic Levels:           1  (DSP_PREADD=1)
  Clock Path Skew:        0.008ns (DCD - SCD - CPR)
    Destination Clock Delay (DCD):    0.042ns
    Source Clock Delay      (SCD):    0.034ns
    Clock Pessimism Removal (CPR):    -0.000ns

    Location             Delay type                Incr(ns)  Path(ns)    Netlist Resource(s)
  -------------------------------------------------------------------    -------------------
                         (clock clk rise edge)        0.000     0.000 r  
                                                      0.000     0.000 r  clk (IN)
                         net (fo=60143, unset)        0.034     0.034    u_dynamic/g_bank[0].u_sa/g_pe_row[0].g_pe_col[0].u_pe/product_reg_reg/CLK
    DSP48E2_X0Y44        DSP_PREADD_DATA                              r  u_dynamic/g_bank[0].u_sa/g_pe_row[0].g_pe_col[0].u_pe/product_reg_reg/DSP_PREADD_DATA_INST/CLK
  -------------------------------------------------------------------    -------------------
    DSP48E2_X0Y44        DSP_PREADD_DATA (Prop_DSP_PREADD_DATA_DSP48E2_CLK_D_DATA[23])
                                                      0.081     0.115 r  u_dynamic/g_bank[0].u_sa/g_pe_row[0].g_pe_col[0].u_pe/product_reg_reg/DSP_PREADD_DATA_INST/D_DATA[23]
                         net (fo=1, routed)           0.000     0.115    u_dynamic/g_bank[0].u_sa/g_pe_row[0].g_pe_col[0].u_pe/product_reg_reg/DSP_PREADD_DATA.D_DATA<23>
    DSP48E2_X0Y44        DSP_PREADD (Prop_DSP_PREADD_DSP48E2_D_DATA[23]_AD[23])
                                                      0.033     0.148 r  u_dynamic/g_bank[0].u_sa/g_pe_row[0].g_pe_col[0].u_pe/product_reg_reg/DSP_PREADD_INST/AD[23]
                         net (fo=1, routed)           0.000     0.148    u_dynamic/g_bank[0].u_sa/g_pe_row[0].g_pe_col[0].u_pe/product_reg_reg/DSP_PREADD.AD<23>
    DSP48E2_X0Y44        DSP_PREADD_DATA                              r  u_dynamic/g_bank[0].u_sa/g_pe_row[0].g_pe_col[0].u_pe/product_reg_reg/DSP_PREADD_DATA_INST/AD[23]
  -------------------------------------------------------------------    -------------------

                         (clock clk rise edge)        0.000     0.000 r  
                                                      0.000     0.000 r  clk (IN)
                         net (fo=60143, unset)        0.042     0.042    u_dynamic/g_bank[0].u_sa/g_pe_row[0].g_pe_col[0].u_pe/product_reg_reg/CLK
    DSP48E2_X0Y44        DSP_PREADD_DATA                              r  u_dynamic/g_bank[0].u_sa/g_pe_row[0].g_pe_col[0].u_pe/product_reg_reg/DSP_PREADD_DATA_INST/CLK
                         clock pessimism              0.000     0.042    
    DSP48E2_X0Y44        DSP_PREADD_DATA (Hold_DSP_PREADD_DATA_DSP48E2_CLK_AD[23])
                                                      0.060     0.102    u_dynamic/g_bank[0].u_sa/g_pe_row[0].g_pe_col[0].u_pe/product_reg_reg/DSP_PREADD_DATA_INST
  -------------------------------------------------------------------
                         required time                         -0.102    
                         arrival time                           0.148    
  -------------------------------------------------------------------
                         slack                                  0.046    

Slack (MET) :             0.046ns  (arrival time - required time)
  Source:                 u_dynamic/g_bank[0].u_sa/g_pe_row[0].g_pe_col[0].u_pe/product_reg_reg/DSP_PREADD_DATA_INST/CLK
                            (rising edge-triggered cell DSP_PREADD_DATA clocked by clk  {rise@0.000ns fall@2.500ns period=5.000ns})
  Destination:            u_dynamic/g_bank[0].u_sa/g_pe_row[0].g_pe_col[0].u_pe/product_reg_reg/DSP_PREADD_DATA_INST/AD[24]
                            (rising edge-triggered cell DSP_PREADD_DATA clocked by clk  {rise@0.000ns fall@2.500ns period=5.000ns})
  Path Group:             clk
  Path Type:              Hold (Min at Fast Process Corner)
  Requirement:            0.000ns  (clk rise@0.000ns - clk rise@0.000ns)
  Data Path Delay:        0.114ns  (logic 0.114ns (100.000%)  route 0.000ns (0.000%))
  Logic Levels:           1  (DSP_PREADD=1)
  Clock Path Skew:        0.008ns (DCD - SCD - CPR)
    Destination Clock Delay (DCD):    0.042ns
    Source Clock Delay      (SCD):    0.034ns
    Clock Pessimism Removal (CPR):    -0.000ns

    Location             Delay type                Incr(ns)  Path(ns)    Netlist Resource(s)
  -------------------------------------------------------------------    -------------------
                         (clock clk rise edge)        0.000     0.000 r  
                                                      0.000     0.000 r  clk (IN)
                         net (fo=60143, unset)        0.034     0.034    u_dynamic/g_bank[0].u_sa/g_pe_row[0].g_pe_col[0].u_pe/product_reg_reg/CLK
    DSP48E2_X0Y44        DSP_PREADD_DATA                              r  u_dynamic/g_bank[0].u_sa/g_pe_row[0].g_pe_col[0].u_pe/product_reg_reg/DSP_PREADD_DATA_INST/CLK
  -------------------------------------------------------------------    -------------------
    DSP48E2_X0Y44        DSP_PREADD_DATA (Prop_DSP_PREADD_DATA_DSP48E2_CLK_D_DATA[24])
                                                      0.081     0.115 r  u_dynamic/g_bank[0].u_sa/g_pe_row[0].g_pe_col[0].u_pe/product_reg_reg/DSP_PREADD_DATA_INST/D_DATA[24]
                         net (fo=1, routed)           0.000     0.115    u_dynamic/g_bank[0].u_sa/g_pe_row[0].g_pe_col[0].u_pe/product_reg_reg/DSP_PREADD_DATA.D_DATA<24>
    DSP48E2_X0Y44        DSP_PREADD (Prop_DSP_PREADD_DSP48E2_D_DATA[24]_AD[24])
                                                      0.033     0.148 r  u_dynamic/g_bank[0].u_sa/g_pe_row[0].g_pe_col[0].u_pe/product_reg_reg/DSP_PREADD_INST/AD[24]
                         net (fo=1, routed)           0.000     0.148    u_dynamic/g_bank[0].u_sa/g_pe_row[0].g_pe_col[0].u_pe/product_reg_reg/DSP_PREADD.AD<24>
    DSP48E2_X0Y44        DSP_PREADD_DATA                              r  u_dynamic/g_bank[0].u_sa/g_pe_row[0].g_pe_col[0].u_pe/product_reg_reg/DSP_PREADD_DATA_INST/AD[24]
  -------------------------------------------------------------------    -------------------

                         (clock clk rise edge)        0.000     0.000 r  
                                                      0.000     0.000 r  clk (IN)
                         net (fo=60143, unset)        0.042     0.042    u_dynamic/g_bank[0].u_sa/g_pe_row[0].g_pe_col[0].u_pe/product_reg_reg/CLK
    DSP48E2_X0Y44        DSP_PREADD_DATA                              r  u_dynamic/g_bank[0].u_sa/g_pe_row[0].g_pe_col[0].u_pe/product_reg_reg/DSP_PREADD_DATA_INST/CLK
                         clock pessimism              0.000     0.042    
    DSP48E2_X0Y44        DSP_PREADD_DATA (Hold_DSP_PREADD_DATA_DSP48E2_CLK_AD[24])
                                                      0.060     0.102    u_dynamic/g_bank[0].u_sa/g_pe_row[0].g_pe_col[0].u_pe/product_reg_reg/DSP_PREADD_DATA_INST
  -------------------------------------------------------------------
                         required time                         -0.102    
                         arrival time                           0.148    
  -------------------------------------------------------------------
                         slack                                  0.046    

Slack (MET) :             0.046ns  (arrival time - required time)
  Source:                 u_dynamic/g_bank[0].u_sa/g_pe_row[0].g_pe_col[0].u_pe/product_reg_reg/DSP_PREADD_DATA_INST/CLK
                            (rising edge-triggered cell DSP_PREADD_DATA clocked by clk  {rise@0.000ns fall@2.500ns period=5.000ns})
  Destination:            u_dynamic/g_bank[0].u_sa/g_pe_row[0].g_pe_col[0].u_pe/product_reg_reg/DSP_PREADD_DATA_INST/AD[25]
                            (rising edge-triggered cell DSP_PREADD_DATA clocked by clk  {rise@0.000ns fall@2.500ns period=5.000ns})
  Path Group:             clk
  Path Type:              Hold (Min at Fast Process Corner)
  Requirement:            0.000ns  (clk rise@0.000ns - clk rise@0.000ns)
  Data Path Delay:        0.114ns  (logic 0.114ns (100.000%)  route 0.000ns (0.000%))
  Logic Levels:           1  (DSP_PREADD=1)
  Clock Path Skew:        0.008ns (DCD - SCD - CPR)
    Destination Clock Delay (DCD):    0.042ns
    Source Clock Delay      (SCD):    0.034ns
    Clock Pessimism Removal (CPR):    -0.000ns

    Location             Delay type                Incr(ns)  Path(ns)    Netlist Resource(s)
  -------------------------------------------------------------------    -------------------
                         (clock clk rise edge)        0.000     0.000 r  
                                                      0.000     0.000 r  clk (IN)
                         net (fo=60143, unset)        0.034     0.034    u_dynamic/g_bank[0].u_sa/g_pe_row[0].g_pe_col[0].u_pe/product_reg_reg/CLK
    DSP48E2_X0Y44        DSP_PREADD_DATA                              r  u_dynamic/g_bank[0].u_sa/g_pe_row[0].g_pe_col[0].u_pe/product_reg_reg/DSP_PREADD_DATA_INST/CLK
  -------------------------------------------------------------------    -------------------
    DSP48E2_X0Y44        DSP_PREADD_DATA (Prop_DSP_PREADD_DATA_DSP48E2_CLK_D_DATA[25])
                                                      0.081     0.115 r  u_dynamic/g_bank[0].u_sa/g_pe_row[0].g_pe_col[0].u_pe/product_reg_reg/DSP_PREADD_DATA_INST/D_DATA[25]
                         net (fo=1, routed)           0.000     0.115    u_dynamic/g_bank[0].u_sa/g_pe_row[0].g_pe_col[0].u_pe/product_reg_reg/DSP_PREADD_DATA.D_DATA<25>
    DSP48E2_X0Y44        DSP_PREADD (Prop_DSP_PREADD_DSP48E2_D_DATA[25]_AD[25])
                                                      0.033     0.148 r  u_dynamic/g_bank[0].u_sa/g_pe_row[0].g_pe_col[0].u_pe/product_reg_reg/DSP_PREADD_INST/AD[25]
                         net (fo=1, routed)           0.000     0.148    u_dynamic/g_bank[0].u_sa/g_pe_row[0].g_pe_col[0].u_pe/product_reg_reg/DSP_PREADD.AD<25>
    DSP48E2_X0Y44        DSP_PREADD_DATA                              r  u_dynamic/g_bank[0].u_sa/g_pe_row[0].g_pe_col[0].u_pe/product_reg_reg/DSP_PREADD_DATA_INST/AD[25]
  -------------------------------------------------------------------    -------------------

                         (clock clk rise edge)        0.000     0.000 r  
                                                      0.000     0.000 r  clk (IN)
                         net (fo=60143, unset)        0.042     0.042    u_dynamic/g_bank[0].u_sa/g_pe_row[0].g_pe_col[0].u_pe/product_reg_reg/CLK
    DSP48E2_X0Y44        DSP_PREADD_DATA                              r  u_dynamic/g_bank[0].u_sa/g_pe_row[0].g_pe_col[0].u_pe/product_reg_reg/DSP_PREADD_DATA_INST/CLK
                         clock pessimism              0.000     0.042    
    DSP48E2_X0Y44        DSP_PREADD_DATA (Hold_DSP_PREADD_DATA_DSP48E2_CLK_AD[25])
                                                      0.060     0.102    u_dynamic/g_bank[0].u_sa/g_pe_row[0].g_pe_col[0].u_pe/product_reg_reg/DSP_PREADD_DATA_INST
  -------------------------------------------------------------------
                         required time                         -0.102    
                         arrival time                           0.148    
  -------------------------------------------------------------------
                         slack                                  0.046    

Slack (MET) :             0.046ns  (arrival time - required time)
  Source:                 u_dynamic/g_bank[0].u_sa/g_pe_row[0].g_pe_col[0].u_pe/product_reg_reg/DSP_PREADD_DATA_INST/CLK
                            (rising edge-triggered cell DSP_PREADD_DATA clocked by clk  {rise@0.000ns fall@2.500ns period=5.000ns})
  Destination:            u_dynamic/g_bank[0].u_sa/g_pe_row[0].g_pe_col[0].u_pe/product_reg_reg/DSP_PREADD_DATA_INST/AD[26]
                            (rising edge-triggered cell DSP_PREADD_DATA clocked by clk  {rise@0.000ns fall@2.500ns period=5.000ns})
  Path Group:             clk
  Path Type:              Hold (Min at Fast Process Corner)
  Requirement:            0.000ns  (clk rise@0.000ns - clk rise@0.000ns)
  Data Path Delay:        0.114ns  (logic 0.114ns (100.000%)  route 0.000ns (0.000%))
  Logic Levels:           1  (DSP_PREADD=1)
  Clock Path Skew:        0.008ns (DCD - SCD - CPR)
    Destination Clock Delay (DCD):    0.042ns
    Source Clock Delay      (SCD):    0.034ns
    Clock Pessimism Removal (CPR):    -0.000ns

    Location             Delay type                Incr(ns)  Path(ns)    Netlist Resource(s)
  -------------------------------------------------------------------    -------------------
                         (clock clk rise edge)        0.000     0.000 r  
                                                      0.000     0.000 r  clk (IN)
                         net (fo=60143, unset)        0.034     0.034    u_dynamic/g_bank[0].u_sa/g_pe_row[0].g_pe_col[0].u_pe/product_reg_reg/CLK
    DSP48E2_X0Y44        DSP_PREADD_DATA                              r  u_dynamic/g_bank[0].u_sa/g_pe_row[0].g_pe_col[0].u_pe/product_reg_reg/DSP_PREADD_DATA_INST/CLK
  -------------------------------------------------------------------    -------------------
    DSP48E2_X0Y44        DSP_PREADD_DATA (Prop_DSP_PREADD_DATA_DSP48E2_CLK_D_DATA[26])
                                                      0.081     0.115 r  u_dynamic/g_bank[0].u_sa/g_pe_row[0].g_pe_col[0].u_pe/product_reg_reg/DSP_PREADD_DATA_INST/D_DATA[26]
                         net (fo=1, routed)           0.000     0.115    u_dynamic/g_bank[0].u_sa/g_pe_row[0].g_pe_col[0].u_pe/product_reg_reg/DSP_PREADD_DATA.D_DATA<26>
    DSP48E2_X0Y44        DSP_PREADD (Prop_DSP_PREADD_DSP48E2_D_DATA[26]_AD[26])
                                                      0.033     0.148 r  u_dynamic/g_bank[0].u_sa/g_pe_row[0].g_pe_col[0].u_pe/product_reg_reg/DSP_PREADD_INST/AD[26]
                         net (fo=1, routed)           0.000     0.148    u_dynamic/g_bank[0].u_sa/g_pe_row[0].g_pe_col[0].u_pe/product_reg_reg/DSP_PREADD.AD<26>
    DSP48E2_X0Y44        DSP_PREADD_DATA                              r  u_dynamic/g_bank[0].u_sa/g_pe_row[0].g_pe_col[0].u_pe/product_reg_reg/DSP_PREADD_DATA_INST/AD[26]
  -------------------------------------------------------------------    -------------------

                         (clock clk rise edge)        0.000     0.000 r  
                                                      0.000     0.000 r  clk (IN)
                         net (fo=60143, unset)        0.042     0.042    u_dynamic/g_bank[0].u_sa/g_pe_row[0].g_pe_col[0].u_pe/product_reg_reg/CLK
    DSP48E2_X0Y44        DSP_PREADD_DATA                              r  u_dynamic/g_bank[0].u_sa/g_pe_row[0].g_pe_col[0].u_pe/product_reg_reg/DSP_PREADD_DATA_INST/CLK
                         clock pessimism              0.000     0.042    
    DSP48E2_X0Y44        DSP_PREADD_DATA (Hold_DSP_PREADD_DATA_DSP48E2_CLK_AD[26])
                                                      0.060     0.102    u_dynamic/g_bank[0].u_sa/g_pe_row[0].g_pe_col[0].u_pe/product_reg_reg/DSP_PREADD_DATA_INST
  -------------------------------------------------------------------
                         required time                         -0.102    
                         arrival time                           0.148    
  -------------------------------------------------------------------
                         slack                                  0.046    

Slack (MET) :             0.046ns  (arrival time - required time)
  Source:                 u_dynamic/g_bank[0].u_sa/g_pe_row[0].g_pe_col[0].u_pe/product_reg_reg/DSP_PREADD_DATA_INST/CLK
                            (rising edge-triggered cell DSP_PREADD_DATA clocked by clk  {rise@0.000ns fall@2.500ns period=5.000ns})
  Destination:            u_dynamic/g_bank[0].u_sa/g_pe_row[0].g_pe_col[0].u_pe/product_reg_reg/DSP_PREADD_DATA_INST/AD[2]
                            (rising edge-triggered cell DSP_PREADD_DATA clocked by clk  {rise@0.000ns fall@2.500ns period=5.000ns})
  Path Group:             clk
  Path Type:              Hold (Min at Fast Process Corner)
  Requirement:            0.000ns  (clk rise@0.000ns - clk rise@0.000ns)
  Data Path Delay:        0.114ns  (logic 0.114ns (100.000%)  route 0.000ns (0.000%))
  Logic Levels:           1  (DSP_PREADD=1)
  Clock Path Skew:        0.008ns (DCD - SCD - CPR)
    Destination Clock Delay (DCD):    0.042ns
    Source Clock Delay      (SCD):    0.034ns
    Clock Pessimism Removal (CPR):    -0.000ns

    Location             Delay type                Incr(ns)  Path(ns)    Netlist Resource(s)
  -------------------------------------------------------------------    -------------------
                         (clock clk rise edge)        0.000     0.000 r  
                                                      0.000     0.000 r  clk (IN)
                         net (fo=60143, unset)        0.034     0.034    u_dynamic/g_bank[0].u_sa/g_pe_row[0].g_pe_col[0].u_pe/product_reg_reg/CLK
    DSP48E2_X0Y44        DSP_PREADD_DATA                              r  u_dynamic/g_bank[0].u_sa/g_pe_row[0].g_pe_col[0].u_pe/product_reg_reg/DSP_PREADD_DATA_INST/CLK
  -------------------------------------------------------------------    -------------------
    DSP48E2_X0Y44        DSP_PREADD_DATA (Prop_DSP_PREADD_DATA_DSP48E2_CLK_D_DATA[2])
                                                      0.081     0.115 r  u_dynamic/g_bank[0].u_sa/g_pe_row[0].g_pe_col[0].u_pe/product_reg_reg/DSP_PREADD_DATA_INST/D_DATA[2]
                         net (fo=1, routed)           0.000     0.115    u_dynamic/g_bank[0].u_sa/g_pe_row[0].g_pe_col[0].u_pe/product_reg_reg/DSP_PREADD_DATA.D_DATA<2>
    DSP48E2_X0Y44        DSP_PREADD (Prop_DSP_PREADD_DSP48E2_D_DATA[2]_AD[2])
                                                      0.033     0.148 r  u_dynamic/g_bank[0].u_sa/g_pe_row[0].g_pe_col[0].u_pe/product_reg_reg/DSP_PREADD_INST/AD[2]
                         net (fo=1, routed)           0.000     0.148    u_dynamic/g_bank[0].u_sa/g_pe_row[0].g_pe_col[0].u_pe/product_reg_reg/DSP_PREADD.AD<2>
    DSP48E2_X0Y44        DSP_PREADD_DATA                              r  u_dynamic/g_bank[0].u_sa/g_pe_row[0].g_pe_col[0].u_pe/product_reg_reg/DSP_PREADD_DATA_INST/AD[2]
  -------------------------------------------------------------------    -------------------

                         (clock clk rise edge)        0.000     0.000 r  
                                                      0.000     0.000 r  clk (IN)
                         net (fo=60143, unset)        0.042     0.042    u_dynamic/g_bank[0].u_sa/g_pe_row[0].g_pe_col[0].u_pe/product_reg_reg/CLK
    DSP48E2_X0Y44        DSP_PREADD_DATA                              r  u_dynamic/g_bank[0].u_sa/g_pe_row[0].g_pe_col[0].u_pe/product_reg_reg/DSP_PREADD_DATA_INST/CLK
                         clock pessimism              0.000     0.042    
    DSP48E2_X0Y44        DSP_PREADD_DATA (Hold_DSP_PREADD_DATA_DSP48E2_CLK_AD[2])
                                                      0.060     0.102    u_dynamic/g_bank[0].u_sa/g_pe_row[0].g_pe_col[0].u_pe/product_reg_reg/DSP_PREADD_DATA_INST
  -------------------------------------------------------------------
                         required time                         -0.102    
                         arrival time                           0.148    
  -------------------------------------------------------------------
                         slack                                  0.046    





Pulse Width Checks
--------------------------------------------------------------------------------------
Clock Name:         clk
Waveform(ns):       { 0.000 2.500 }
Period(ns):         5.000
Sources:            { clk }

Check Type        Corner  Lib Pin     Reference Pin  Required(ns)  Actual(ns)  Slack(ns)  Location      Pin
Min Period        n/a     SRL16E/CLK  n/a            1.524         5.000       3.476      SLICE_X7Y39   u_dynamic/g_bank[1].u_sa/g_row_control[0].control_pipe_reg[1][clear]_srl2___u_dynamic_g_bank_r_0/CLK
Min Period        n/a     SRL16E/CLK  n/a            1.524         5.000       3.476      SLICE_X5Y50   u_dynamic/g_bank[1].u_sa/g_row_control[0].control_pipe_reg[1][last]_srl2___u_dynamic_g_bank_r_0/CLK
Min Period        n/a     SRL16E/CLK  n/a            1.524         5.000       3.476      SLICE_X7Y39   u_dynamic/g_bank[1].u_sa/g_row_control[0].control_pipe_reg[1][valid]_srl2___u_dynamic_g_bank_r_0/CLK
Min Period        n/a     SRL16E/CLK  n/a            1.524         5.000       3.476      SLICE_X7Y39   u_dynamic/g_bank[4].u_sa/g_row_control[0].control_pipe_reg[1][mask][0]_srl2___u_dynamic_g_bank_r_0/CLK
Min Period        n/a     SRL16E/CLK  n/a            1.524         5.000       3.476      SLICE_X8Y42   u_dynamic/g_bank[4].u_sa/g_row_control[0].control_pipe_reg[1][mask][1]_srl2___u_dynamic_g_bank_r_0/CLK
Min Period        n/a     SRL16E/CLK  n/a            1.524         5.000       3.476      SLICE_X7Y39   u_dynamic/g_bank[4].u_sa/g_row_control[0].control_pipe_reg[1][valid]_srl2___u_dynamic_g_bank_r_0/CLK
Min Period        n/a     SRL16E/CLK  n/a            1.524         5.000       3.476      SLICE_X10Y34  u_dynamic/g_bank[4].u_sa/g_row_control[1].control_pipe_reg[2][mask][0]_srl3___u_dynamic_g_bank_r_1/CLK
Min Period        n/a     SRL16E/CLK  n/a            1.524         5.000       3.476      SLICE_X12Y27  u_dynamic/g_bank[4].u_sa/g_row_control[1].control_pipe_reg[2][mask][1]_srl3___u_dynamic_g_bank_r_1/CLK
Min Period        n/a     SRL16E/CLK  n/a            1.524         5.000       3.476      SLICE_X21Y94  u_dynamic/g_bank[4].u_sa/g_row_control[2].control_pipe_reg[3][mask][0]_srl4___u_dynamic_g_bank_r_2/CLK
Min Period        n/a     SRL16E/CLK  n/a            1.524         5.000       3.476      SLICE_X21Y94  u_dynamic/g_bank[4].u_sa/g_row_control[2].control_pipe_reg[3][mask][1]_srl4___u_dynamic_g_bank_r_2/CLK
Min Period        n/a     SRL16E/CLK  n/a            1.524         5.000       3.476      SLICE_X20Y23  u_dynamic/g_bank[4].u_sa/g_row_control[3].control_pipe_reg[4][mask][0]_srl5___u_dynamic_g_bank_r_3/CLK
Min Period        n/a     SRL16E/CLK  n/a            1.524         5.000       3.476      SLICE_X20Y23  u_dynamic/g_bank[4].u_sa/g_row_control[3].control_pipe_reg[4][mask][1]_srl5___u_dynamic_g_bank_r_3/CLK
Min Period        n/a     SRL16E/CLK  n/a            1.524         5.000       3.476      SLICE_X5Y33   u_dynamic/g_bank[5].u_sa/g_row_control[0].control_pipe_reg[1][mask][0]_srl2___u_dynamic_g_bank_r_0/CLK
Min Period        n/a     SRL16E/CLK  n/a            1.524         5.000       3.476      SLICE_X10Y34  u_dynamic/g_bank[5].u_sa/g_row_control[0].control_pipe_reg[1][mask][1]_srl2___u_dynamic_g_bank_r_0/CLK
Min Period        n/a     SRL16E/CLK  n/a            1.524         5.000       3.476      SLICE_X5Y33   u_dynamic/g_bank[5].u_sa/g_row_control[1].control_pipe_reg[2][mask][0]_srl3___u_dynamic_g_bank_r_1/CLK
Min Period        n/a     SRL16E/CLK  n/a            1.524         5.000       3.476      SLICE_X18Y28  u_dynamic/g_bank[5].u_sa/g_row_control[1].control_pipe_reg[2][mask][1]_srl3___u_dynamic_g_bank_r_1/CLK
Min Period        n/a     SRL16E/CLK  n/a            1.524         5.000       3.476      SLICE_X21Y87  u_dynamic/g_bank[5].u_sa/g_row_control[2].control_pipe_reg[3][mask][0]_srl4___u_dynamic_g_bank_r_2/CLK
Min Period        n/a     SRL16E/CLK  n/a            1.524         5.000       3.476      SLICE_X21Y87  u_dynamic/g_bank[5].u_sa/g_row_control[2].control_pipe_reg[3][mask][1]_srl4___u_dynamic_g_bank_r_2/CLK
Min Period        n/a     SRL16E/CLK  n/a            1.524         5.000       3.476      SLICE_X20Y24  u_dynamic/g_bank[5].u_sa/g_row_control[3].control_pipe_reg[4][mask][0]_srl5___u_dynamic_g_bank_r_3/CLK
Min Period        n/a     SRL16E/CLK  n/a            1.524         5.000       3.476      SLICE_X20Y24  u_dynamic/g_bank[5].u_sa/g_row_control[3].control_pipe_reg[4][mask][1]_srl5___u_dynamic_g_bank_r_3/CLK
Low Pulse Width   Slow    SRL16E/CLK  n/a            0.762         2.500       1.738      SLICE_X7Y39   u_dynamic/g_bank[1].u_sa/g_row_control[0].control_pipe_reg[1][clear]_srl2___u_dynamic_g_bank_r_0/CLK
Low Pulse Width   Fast    SRL16E/CLK  n/a            0.762         2.500       1.738      SLICE_X7Y39   u_dynamic/g_bank[1].u_sa/g_row_control[0].control_pipe_reg[1][clear]_srl2___u_dynamic_g_bank_r_0/CLK
Low Pulse Width   Slow    SRL16E/CLK  n/a            0.762         2.500       1.738      SLICE_X5Y50   u_dynamic/g_bank[1].u_sa/g_row_control[0].control_pipe_reg[1][last]_srl2___u_dynamic_g_bank_r_0/CLK
Low Pulse Width   Fast    SRL16E/CLK  n/a            0.762         2.500       1.738      SLICE_X5Y50   u_dynamic/g_bank[1].u_sa/g_row_control[0].control_pipe_reg[1][last]_srl2___u_dynamic_g_bank_r_0/CLK
Low Pulse Width   Slow    SRL16E/CLK  n/a            0.762         2.500       1.738      SLICE_X7Y39   u_dynamic/g_bank[1].u_sa/g_row_control[0].control_pipe_reg[1][valid]_srl2___u_dynamic_g_bank_r_0/CLK
Low Pulse Width   Fast    SRL16E/CLK  n/a            0.762         2.500       1.738      SLICE_X7Y39   u_dynamic/g_bank[1].u_sa/g_row_control[0].control_pipe_reg[1][valid]_srl2___u_dynamic_g_bank_r_0/CLK
Low Pulse Width   Slow    SRL16E/CLK  n/a            0.762         2.500       1.738      SLICE_X7Y39   u_dynamic/g_bank[4].u_sa/g_row_control[0].control_pipe_reg[1][mask][0]_srl2___u_dynamic_g_bank_r_0/CLK
Low Pulse Width   Fast    SRL16E/CLK  n/a            0.762         2.500       1.738      SLICE_X7Y39   u_dynamic/g_bank[4].u_sa/g_row_control[0].control_pipe_reg[1][mask][0]_srl2___u_dynamic_g_bank_r_0/CLK
Low Pulse Width   Slow    SRL16E/CLK  n/a            0.762         2.500       1.738      SLICE_X8Y42   u_dynamic/g_bank[4].u_sa/g_row_control[0].control_pipe_reg[1][mask][1]_srl2___u_dynamic_g_bank_r_0/CLK
Low Pulse Width   Fast    SRL16E/CLK  n/a            0.762         2.500       1.738      SLICE_X8Y42   u_dynamic/g_bank[4].u_sa/g_row_control[0].control_pipe_reg[1][mask][1]_srl2___u_dynamic_g_bank_r_0/CLK
Low Pulse Width   Slow    SRL16E/CLK  n/a            0.762         2.500       1.738      SLICE_X7Y39   u_dynamic/g_bank[4].u_sa/g_row_control[0].control_pipe_reg[1][valid]_srl2___u_dynamic_g_bank_r_0/CLK
Low Pulse Width   Fast    SRL16E/CLK  n/a            0.762         2.500       1.738      SLICE_X7Y39   u_dynamic/g_bank[4].u_sa/g_row_control[0].control_pipe_reg[1][valid]_srl2___u_dynamic_g_bank_r_0/CLK
Low Pulse Width   Slow    SRL16E/CLK  n/a            0.762         2.500       1.738      SLICE_X10Y34  u_dynamic/g_bank[4].u_sa/g_row_control[1].control_pipe_reg[2][mask][0]_srl3___u_dynamic_g_bank_r_1/CLK
Low Pulse Width   Fast    SRL16E/CLK  n/a            0.762         2.500       1.738      SLICE_X10Y34  u_dynamic/g_bank[4].u_sa/g_row_control[1].control_pipe_reg[2][mask][0]_srl3___u_dynamic_g_bank_r_1/CLK
Low Pulse Width   Slow    SRL16E/CLK  n/a            0.762         2.500       1.738      SLICE_X12Y27  u_dynamic/g_bank[4].u_sa/g_row_control[1].control_pipe_reg[2][mask][1]_srl3___u_dynamic_g_bank_r_1/CLK
Low Pulse Width   Fast    SRL16E/CLK  n/a            0.762         2.500       1.738      SLICE_X12Y27  u_dynamic/g_bank[4].u_sa/g_row_control[1].control_pipe_reg[2][mask][1]_srl3___u_dynamic_g_bank_r_1/CLK
Low Pulse Width   Slow    SRL16E/CLK  n/a            0.762         2.500       1.738      SLICE_X21Y94  u_dynamic/g_bank[4].u_sa/g_row_control[2].control_pipe_reg[3][mask][0]_srl4___u_dynamic_g_bank_r_2/CLK
Low Pulse Width   Fast    SRL16E/CLK  n/a            0.762         2.500       1.738      SLICE_X21Y94  u_dynamic/g_bank[4].u_sa/g_row_control[2].control_pipe_reg[3][mask][0]_srl4___u_dynamic_g_bank_r_2/CLK
Low Pulse Width   Slow    SRL16E/CLK  n/a            0.762         2.500       1.738      SLICE_X21Y94  u_dynamic/g_bank[4].u_sa/g_row_control[2].control_pipe_reg[3][mask][1]_srl4___u_dynamic_g_bank_r_2/CLK
Low Pulse Width   Fast    SRL16E/CLK  n/a            0.762         2.500       1.738      SLICE_X21Y94  u_dynamic/g_bank[4].u_sa/g_row_control[2].control_pipe_reg[3][mask][1]_srl4___u_dynamic_g_bank_r_2/CLK
High Pulse Width  Slow    SRL16E/CLK  n/a            0.762         2.500       1.738      SLICE_X7Y39   u_dynamic/g_bank[1].u_sa/g_row_control[0].control_pipe_reg[1][clear]_srl2___u_dynamic_g_bank_r_0/CLK
High Pulse Width  Fast    SRL16E/CLK  n/a            0.762         2.500       1.738      SLICE_X7Y39   u_dynamic/g_bank[1].u_sa/g_row_control[0].control_pipe_reg[1][clear]_srl2___u_dynamic_g_bank_r_0/CLK
High Pulse Width  Slow    SRL16E/CLK  n/a            0.762         2.500       1.738      SLICE_X5Y50   u_dynamic/g_bank[1].u_sa/g_row_control[0].control_pipe_reg[1][last]_srl2___u_dynamic_g_bank_r_0/CLK
High Pulse Width  Fast    SRL16E/CLK  n/a            0.762         2.500       1.738      SLICE_X5Y50   u_dynamic/g_bank[1].u_sa/g_row_control[0].control_pipe_reg[1][last]_srl2___u_dynamic_g_bank_r_0/CLK
High Pulse Width  Slow    SRL16E/CLK  n/a            0.762         2.500       1.738      SLICE_X7Y39   u_dynamic/g_bank[1].u_sa/g_row_control[0].control_pipe_reg[1][valid]_srl2___u_dynamic_g_bank_r_0/CLK
High Pulse Width  Fast    SRL16E/CLK  n/a            0.762         2.500       1.738      SLICE_X7Y39   u_dynamic/g_bank[1].u_sa/g_row_control[0].control_pipe_reg[1][valid]_srl2___u_dynamic_g_bank_r_0/CLK
High Pulse Width  Slow    SRL16E/CLK  n/a            0.762         2.500       1.738      SLICE_X7Y39   u_dynamic/g_bank[4].u_sa/g_row_control[0].control_pipe_reg[1][mask][0]_srl2___u_dynamic_g_bank_r_0/CLK
High Pulse Width  Fast    SRL16E/CLK  n/a            0.762         2.500       1.738      SLICE_X7Y39   u_dynamic/g_bank[4].u_sa/g_row_control[0].control_pipe_reg[1][mask][0]_srl2___u_dynamic_g_bank_r_0/CLK
High Pulse Width  Slow    SRL16E/CLK  n/a            0.762         2.500       1.738      SLICE_X8Y42   u_dynamic/g_bank[4].u_sa/g_row_control[0].control_pipe_reg[1][mask][1]_srl2___u_dynamic_g_bank_r_0/CLK
High Pulse Width  Fast    SRL16E/CLK  n/a            0.762         2.500       1.738      SLICE_X8Y42   u_dynamic/g_bank[4].u_sa/g_row_control[0].control_pipe_reg[1][mask][1]_srl2___u_dynamic_g_bank_r_0/CLK
High Pulse Width  Slow    SRL16E/CLK  n/a            0.762         2.500       1.738      SLICE_X7Y39   u_dynamic/g_bank[4].u_sa/g_row_control[0].control_pipe_reg[1][valid]_srl2___u_dynamic_g_bank_r_0/CLK
High Pulse Width  Fast    SRL16E/CLK  n/a            0.762         2.500       1.738      SLICE_X7Y39   u_dynamic/g_bank[4].u_sa/g_row_control[0].control_pipe_reg[1][valid]_srl2___u_dynamic_g_bank_r_0/CLK
High Pulse Width  Slow    SRL16E/CLK  n/a            0.762         2.500       1.738      SLICE_X10Y34  u_dynamic/g_bank[4].u_sa/g_row_control[1].control_pipe_reg[2][mask][0]_srl3___u_dynamic_g_bank_r_1/CLK
High Pulse Width  Fast    SRL16E/CLK  n/a            0.762         2.500       1.738      SLICE_X10Y34  u_dynamic/g_bank[4].u_sa/g_row_control[1].control_pipe_reg[2][mask][0]_srl3___u_dynamic_g_bank_r_1/CLK
High Pulse Width  Slow    SRL16E/CLK  n/a            0.762         2.500       1.738      SLICE_X12Y27  u_dynamic/g_bank[4].u_sa/g_row_control[1].control_pipe_reg[2][mask][1]_srl3___u_dynamic_g_bank_r_1/CLK
High Pulse Width  Fast    SRL16E/CLK  n/a            0.762         2.500       1.738      SLICE_X12Y27  u_dynamic/g_bank[4].u_sa/g_row_control[1].control_pipe_reg[2][mask][1]_srl3___u_dynamic_g_bank_r_1/CLK
High Pulse Width  Slow    SRL16E/CLK  n/a            0.762         2.500       1.738      SLICE_X21Y94  u_dynamic/g_bank[4].u_sa/g_row_control[2].control_pipe_reg[3][mask][0]_srl4___u_dynamic_g_bank_r_2/CLK
High Pulse Width  Fast    SRL16E/CLK  n/a            0.762         2.500       1.738      SLICE_X21Y94  u_dynamic/g_bank[4].u_sa/g_row_control[2].control_pipe_reg[3][mask][0]_srl4___u_dynamic_g_bank_r_2/CLK
High Pulse Width  Slow    SRL16E/CLK  n/a            0.762         2.500       1.738      SLICE_X21Y94  u_dynamic/g_bank[4].u_sa/g_row_control[2].control_pipe_reg[3][mask][1]_srl4___u_dynamic_g_bank_r_2/CLK
High Pulse Width  Fast    SRL16E/CLK  n/a            0.762         2.500       1.738      SLICE_X21Y94  u_dynamic/g_bank[4].u_sa/g_row_control[2].control_pipe_reg[3][mask][1]_srl4___u_dynamic_g_bank_r_2/CLK



