Copyright 1986-2022 Xilinx, Inc. All Rights Reserved. Copyright 2022-2024 Advanced Micro Devices, Inc. All Rights Reserved.
-----------------------------------------------------------------------------------------------------------------------------------------------------------------------------------------------------------------------------------------------------
| Tool Version      : Vivado v.2024.1 (lin64) Build 5076996 Wed May 22 18:36:09 MDT 2024
| Date              : Wed Sep  2 16:38:37 2026
| Host              : yundodo running 64-bit unknown
| Command           : report_timing_summary -delay_type min_max -check_timing_verbose -max_paths 20 -file /home/dodo/Documents/Codex/2026-08-31/kv260-alexnet-rtl/alexnet/reports/n8_activation_dual_segment_pingpong/200mhz/impl_timing_summary.rpt
| Design            : alexnet_n8_activation_dual_segment_pingpong
| Device            : xck26-sfvc784
| Speed File        : -2LV  PRODUCTION 1.30 05-15-2022
| Design State      : Routed
| Temperature Grade : C
-----------------------------------------------------------------------------------------------------------------------------------------------------------------------------------------------------------------------------------------------------

Timing Summary Report

------------------------------------------------------------------------------------------------
| Timer Settings
| --------------
------------------------------------------------------------------------------------------------

  Enable Multi Corner Analysis               :  Yes
  Enable Pessimism Removal                   :  Yes
  Pessimism Removal Resolution               :  Nearest Common Node
  Enable Input Delay Default Clock           :  No
  Enable Preset / Clear Arcs                 :  No
  Disable Flight Delays                      :  No
  Ignore I/O Paths                           :  No
  Timing Early Launch at Borrowing Latches   :  No
  Borrow Time for Max Delay Exceptions       :  Yes
  Merge Timing Exceptions                    :  Yes
  Inter-SLR Compensation                     :  Conservative

  Corner  Analyze    Analyze    
  Name    Max Paths  Min Paths  
  ------  ---------  ---------  
  Slow    Yes        Yes        
  Fast    Yes        Yes        


------------------------------------------------------------------------------------------------
| Report Methodology
| ------------------
------------------------------------------------------------------------------------------------

No report available as report_methodology has not been run prior. Run report_methodology on the current design for the summary of methodology violations.



check_timing report

Table of Contents
-----------------
1. checking no_clock (0)
2. checking constant_clock (0)
3. checking pulse_width_clock (0)
4. checking unconstrained_internal_endpoints (0)
5. checking no_input_delay (0)
6. checking no_output_delay (0)
7. checking multiple_clock (0)
8. checking generated_clocks (0)
9. checking loops (0)
10. checking partial_input_delay (0)
11. checking partial_output_delay (0)
12. checking latch_loops (0)

1. checking no_clock (0)
------------------------
 There are 0 register/latch pins with no clock.


2. checking constant_clock (0)
------------------------------
 There are 0 register/latch pins with constant_clock.


3. checking pulse_width_clock (0)
---------------------------------
 There are 0 register/latch pins which need pulse_width check


4. checking unconstrained_internal_endpoints (0)
------------------------------------------------
 There are 0 pins that are not constrained for maximum delay.

 There are 0 pins that are not constrained for maximum delay due to constant clock.


5. checking no_input_delay (0)
------------------------------
 There are 0 input ports with no input delay specified.

 There are 0 input ports with no input delay but user has a false path constraint.


6. checking no_output_delay (0)
-------------------------------
 There are 0 ports with no output delay specified.

 There are 0 ports with no output delay but user has a false path constraint

 There are 0 ports with no output delay but with a timing clock defined on it or propagating through it


7. checking multiple_clock (0)
------------------------------
 There are 0 register/latch pins with multiple clocks.


8. checking generated_clocks (0)
--------------------------------
 There are 0 generated clocks that are not connected to a clock source.


9. checking loops (0)
---------------------
 There are 0 combinational loops in the design.


10. checking partial_input_delay (0)
------------------------------------
 There are 0 input ports with partial input delay specified.


11. checking partial_output_delay (0)
-------------------------------------
 There are 0 ports with partial output delay specified.


12. checking latch_loops (0)
----------------------------
 There are 0 combinational latch loops in the design through latch input



------------------------------------------------------------------------------------------------
| Design Timing Summary
| ---------------------
------------------------------------------------------------------------------------------------

    WNS(ns)      TNS(ns)  TNS Failing Endpoints  TNS Total Endpoints      WHS(ns)      THS(ns)  THS Failing Endpoints  THS Total Endpoints     WPWS(ns)     TPWS(ns)  TPWS Failing Endpoints  TPWS Total Endpoints  
    -------      -------  ---------------------  -------------------      -------      -------  ---------------------  -------------------     --------     --------  ----------------------  --------------------  
      1.378        0.000                      0                 2342        0.055        0.000                      0                 2342        1.923        0.000                       0                   630  


All user specified timing constraints are met.


------------------------------------------------------------------------------------------------
| Clock Summary
| -------------
------------------------------------------------------------------------------------------------

Clock  Waveform(ns)         Period(ns)      Frequency(MHz)
-----  ------------         ----------      --------------
clk    {0.000 2.500}        5.000           200.000         


------------------------------------------------------------------------------------------------
| Intra Clock Table
| -----------------
------------------------------------------------------------------------------------------------

Clock             WNS(ns)      TNS(ns)  TNS Failing Endpoints  TNS Total Endpoints      WHS(ns)      THS(ns)  THS Failing Endpoints  THS Total Endpoints     WPWS(ns)     TPWS(ns)  TPWS Failing Endpoints  TPWS Total Endpoints  
-----             -------      -------  ---------------------  -------------------      -------      -------  ---------------------  -------------------     --------     --------  ----------------------  --------------------  
clk                 1.378        0.000                      0                 2342        0.055        0.000                      0                 2342        1.923        0.000                       0                   630  


------------------------------------------------------------------------------------------------
| Inter Clock Table
| -----------------
------------------------------------------------------------------------------------------------

From Clock    To Clock          WNS(ns)      TNS(ns)  TNS Failing Endpoints  TNS Total Endpoints      WHS(ns)      THS(ns)  THS Failing Endpoints  THS Total Endpoints  
----------    --------          -------      -------  ---------------------  -------------------      -------      -------  ---------------------  -------------------  


------------------------------------------------------------------------------------------------
| Other Path Groups Table
| -----------------------
------------------------------------------------------------------------------------------------

Path Group    From Clock    To Clock          WNS(ns)      TNS(ns)  TNS Failing Endpoints  TNS Total Endpoints      WHS(ns)      THS(ns)  THS Failing Endpoints  THS Total Endpoints  
----------    ----------    --------          -------      -------  ---------------------  -------------------      -------      -------  ---------------------  -------------------  


------------------------------------------------------------------------------------------------
| Timing Details
| --------------
------------------------------------------------------------------------------------------------


---------------------------------------------------------------------------------------------------
From Clock:  clk
  To Clock:  clk

Setup :            0  Failing Endpoints,  Worst Slack        1.378ns,  Total Violation        0.000ns
Hold  :            0  Failing Endpoints,  Worst Slack        0.055ns,  Total Violation        0.000ns
PW    :            0  Failing Endpoints,  Worst Slack        1.923ns,  Total Violation        0.000ns
---------------------------------------------------------------------------------------------------


Max Delay Paths
--------------------------------------------------------------------------------------
Slack (MET) :             1.378ns  (required time - arrival time)
  Source:                 read_start_tensor_tag[12]
                            (input port clocked by clk  {rise@0.000ns fall@2.500ns period=5.000ns})
  Destination:            ready_tag0_q_reg[6]/CE
                            (rising edge-triggered cell FDRE clocked by clk  {rise@0.000ns fall@2.500ns period=5.000ns})
  Path Group:             clk
  Path Type:              Setup (Max at Slow Process Corner)
  Requirement:            5.000ns  (clk rise@5.000ns - clk rise@0.000ns)
  Data Path Delay:        2.537ns  (logic 0.805ns (31.735%)  route 1.732ns (68.265%))
  Logic Levels:           5  (LUT4=1 LUT5=1 LUT6=3)
  Input Delay:            1.000ns
  Clock Path Skew:        0.030ns (DCD - SCD + CPR)
    Destination Clock Delay (DCD):    0.030ns = ( 5.030 - 5.000 ) 
    Source Clock Delay      (SCD):    0.000ns
    Clock Pessimism Removal (CPR):    0.000ns
  Clock Uncertainty:      0.035ns  ((TSJ^2 + TIJ^2)^1/2 + DJ) / 2 + PE
    Total System Jitter     (TSJ):    0.071ns
    Total Input Jitter      (TIJ):    0.000ns
    Discrete Jitter          (DJ):    0.000ns
    Phase Error              (PE):    0.000ns

    Location             Delay type                Incr(ns)  Path(ns)    Netlist Resource(s)
  -------------------------------------------------------------------    -------------------
                         (clock clk rise edge)        0.000     0.000 r  
                         input delay                  1.000     1.000    
                                                      0.000     1.000 f  read_start_tensor_tag[12] (IN)
                         net (fo=3, unset)            0.000     1.000    segment1/bank1/read_start_tensor_tag[10]
    SLICE_X30Y162        LUT5 (Prop_D5LUT_SLICEL_I1_O)
                                                      0.187     1.187 f  segment1/bank1/read_start_ready_INST_0_i_64/O
                         net (fo=1, routed)           0.304     1.491    segment1/bank1/read_start_ready_INST_0_i_64_n_0
    SLICE_X30Y161        LUT6 (Prop_D6LUT_SLICEL_I0_O)
                                                      0.185     1.676 f  segment1/bank1/read_start_ready_INST_0_i_18/O
                         net (fo=1, routed)           0.164     1.840    segment1/bank1/read_start_ready_INST_0_i_18_n_0
    SLICE_X30Y158        LUT6 (Prop_G6LUT_SLICEL_I0_O)
                                                      0.082     1.922 f  segment1/bank1/read_start_ready_INST_0_i_3/O
                         net (fo=2, routed)           0.169     2.091    segment0/bank1/read_bank_q_reg_1
    SLICE_X29Y159        LUT6 (Prop_D6LUT_SLICEM_I2_O)
                                                      0.134     2.225 r  segment0/bank1/read_bank_q_i_1/O
                         net (fo=49, routed)          0.405     2.629    segment0/read_start_valid_0
    SLICE_X30Y147        LUT4 (Prop_D5LUT_SLICEL_I2_O)
                                                      0.217     2.846 r  segment0/ready_bank0_q_i_1/O
                         net (fo=17, routed)          0.690     3.537    segment0_n_10
    SLICE_X31Y160        FDRE                                         r  ready_tag0_q_reg[6]/CE
  -------------------------------------------------------------------    -------------------

                         (clock clk rise edge)        5.000     5.000 r  
                                                      0.000     5.000 r  clk (IN)
                         net (fo=629, unset)          0.030     5.030    clk
    SLICE_X31Y160        FDRE                                         r  ready_tag0_q_reg[6]/C
                         clock pessimism              0.000     5.030    
                         clock uncertainty           -0.035     4.995    
    SLICE_X31Y160        FDRE (Setup_DFF_SLICEM_C_CE)
                                                     -0.080     4.915    ready_tag0_q_reg[6]
  -------------------------------------------------------------------
                         required time                          4.915    
                         arrival time                          -3.537    
  -------------------------------------------------------------------
                         slack                                  1.378    

Slack (MET) :             1.378ns  (required time - arrival time)
  Source:                 read_start_tensor_tag[12]
                            (input port clocked by clk  {rise@0.000ns fall@2.500ns period=5.000ns})
  Destination:            ready_tag0_q_reg[7]/CE
                            (rising edge-triggered cell FDRE clocked by clk  {rise@0.000ns fall@2.500ns period=5.000ns})
  Path Group:             clk
  Path Type:              Setup (Max at Slow Process Corner)
  Requirement:            5.000ns  (clk rise@5.000ns - clk rise@0.000ns)
  Data Path Delay:        2.538ns  (logic 0.805ns (31.722%)  route 1.733ns (68.278%))
  Logic Levels:           5  (LUT4=1 LUT5=1 LUT6=3)
  Input Delay:            1.000ns
  Clock Path Skew:        0.030ns (DCD - SCD + CPR)
    Destination Clock Delay (DCD):    0.030ns = ( 5.030 - 5.000 ) 
    Source Clock Delay      (SCD):    0.000ns
    Clock Pessimism Removal (CPR):    0.000ns
  Clock Uncertainty:      0.035ns  ((TSJ^2 + TIJ^2)^1/2 + DJ) / 2 + PE
    Total System Jitter     (TSJ):    0.071ns
    Total Input Jitter      (TIJ):    0.000ns
    Discrete Jitter          (DJ):    0.000ns
    Phase Error              (PE):    0.000ns

    Location             Delay type                Incr(ns)  Path(ns)    Netlist Resource(s)
  -------------------------------------------------------------------    -------------------
                         (clock clk rise edge)        0.000     0.000 r  
                         input delay                  1.000     1.000    
                                                      0.000     1.000 f  read_start_tensor_tag[12] (IN)
                         net (fo=3, unset)            0.000     1.000    segment1/bank1/read_start_tensor_tag[10]
    SLICE_X30Y162        LUT5 (Prop_D5LUT_SLICEL_I1_O)
                                                      0.187     1.187 f  segment1/bank1/read_start_ready_INST_0_i_64/O
                         net (fo=1, routed)           0.304     1.491    segment1/bank1/read_start_ready_INST_0_i_64_n_0
    SLICE_X30Y161        LUT6 (Prop_D6LUT_SLICEL_I0_O)
                                                      0.185     1.676 f  segment1/bank1/read_start_ready_INST_0_i_18/O
                         net (fo=1, routed)           0.164     1.840    segment1/bank1/read_start_ready_INST_0_i_18_n_0
    SLICE_X30Y158        LUT6 (Prop_G6LUT_SLICEL_I0_O)
                                                      0.082     1.922 f  segment1/bank1/read_start_ready_INST_0_i_3/O
                         net (fo=2, routed)           0.169     2.091    segment0/bank1/read_bank_q_reg_1
    SLICE_X29Y159        LUT6 (Prop_D6LUT_SLICEM_I2_O)
                                                      0.134     2.225 r  segment0/bank1/read_bank_q_i_1/O
                         net (fo=49, routed)          0.405     2.629    segment0/read_start_valid_0
    SLICE_X30Y147        LUT4 (Prop_D5LUT_SLICEL_I2_O)
                                                      0.217     2.846 r  segment0/ready_bank0_q_i_1/O
                         net (fo=17, routed)          0.691     3.538    segment0_n_10
    SLICE_X31Y160        FDRE                                         r  ready_tag0_q_reg[7]/CE
  -------------------------------------------------------------------    -------------------

                         (clock clk rise edge)        5.000     5.000 r  
                                                      0.000     5.000 r  clk (IN)
                         net (fo=629, unset)          0.030     5.030    clk
    SLICE_X31Y160        FDRE                                         r  ready_tag0_q_reg[7]/C
                         clock pessimism              0.000     5.030    
                         clock uncertainty           -0.035     4.995    
    SLICE_X31Y160        FDRE (Setup_DFF2_SLICEM_C_CE)
                                                     -0.079     4.916    ready_tag0_q_reg[7]
  -------------------------------------------------------------------
                         required time                          4.916    
                         arrival time                          -3.538    
  -------------------------------------------------------------------
                         slack                                  1.378    

Slack (MET) :             1.421ns  (required time - arrival time)
  Source:                 direct_lane_mask[2]
                            (input port clocked by clk  {rise@0.000ns fall@2.500ns period=5.000ns})
  Destination:            segment0/bank0/mem_reg/ENBWREN
                            (rising edge-triggered cell RAMB36E2 clocked by clk  {rise@0.000ns fall@2.500ns period=5.000ns})
  Path Group:             clk
  Path Type:              Setup (Max at Slow Process Corner)
  Requirement:            5.000ns  (clk rise@5.000ns - clk rise@0.000ns)
  Data Path Delay:        2.129ns  (logic 0.772ns (36.258%)  route 1.357ns (63.742%))
  Logic Levels:           5  (LUT3=1 LUT5=2 LUT6=2)
  Input Delay:            1.000ns
  Clock Path Skew:        0.048ns (DCD - SCD + CPR)
    Destination Clock Delay (DCD):    0.048ns = ( 5.048 - 5.000 ) 
    Source Clock Delay      (SCD):    0.000ns
    Clock Pessimism Removal (CPR):    0.000ns
  Clock Uncertainty:      0.035ns  ((TSJ^2 + TIJ^2)^1/2 + DJ) / 2 + PE
    Total System Jitter     (TSJ):    0.071ns
    Total Input Jitter      (TIJ):    0.000ns
    Discrete Jitter          (DJ):    0.000ns
    Phase Error              (PE):    0.000ns

    Location             Delay type                Incr(ns)  Path(ns)    Netlist Resource(s)
  -------------------------------------------------------------------    -------------------
                         (clock clk rise edge)        0.000     0.000 r  
                         input delay                  1.000     1.000    
                                                      0.000     1.000 r  direct_lane_mask[2] (IN)
                         net (fo=1, unset)            0.000     1.000    segment1/bank0/direct_lane_mask[2]
    SLICE_X31Y138        LUT5 (Prop_B6LUT_SLICEM_I0_O)
                                                      0.188     1.188 f  segment1/bank0/direct_ready_INST_0_i_43/O
                         net (fo=1, routed)           0.160     1.348    segment1/bank0/direct_ready_INST_0_i_43_n_0
    SLICE_X31Y138        LUT6 (Prop_C6LUT_SLICEM_I5_O)
                                                      0.080     1.428 f  segment1/bank0/direct_ready_INST_0_i_29/O
                         net (fo=2, routed)           0.077     1.505    segment1/bank0/pooled_lane_mask_1_sn_1
    SLICE_X31Y138        LUT3 (Prop_F6LUT_SLICEM_I1_O)
                                                      0.224     1.729 r  segment1/bank0/mem_reg_i_71/O
                         net (fo=1, routed)           0.094     1.823    segment1/bank0/mem_reg_i_71_n_0
    SLICE_X31Y139        LUT6 (Prop_F6LUT_SLICEM_I0_O)
                                                      0.056     1.879 f  segment1/bank0/mem_reg_i_70/O
                         net (fo=12, routed)          0.283     2.162    segment0/bank0/fill_words_accepted_q_reg[0]_1
    SLICE_X30Y145        LUT5 (Prop_A5LUT_SLICEL_I4_O)
                                                      0.224     2.386 r  segment0/bank0/mem_reg_i_2__0/O
                         net (fo=24, routed)          0.743     3.129    segment0/bank0/write_fire
    RAMB36_X0Y26         RAMB36E2                                     r  segment0/bank0/mem_reg/ENBWREN
  -------------------------------------------------------------------    -------------------

                         (clock clk rise edge)        5.000     5.000 r  
                                                      0.000     5.000 r  clk (IN)
                         net (fo=629, unset)          0.048     5.048    segment0/bank0/clk
    RAMB36_X0Y26         RAMB36E2                                     r  segment0/bank0/mem_reg/CLKBWRCLK
                         clock pessimism              0.000     5.048    
                         clock uncertainty           -0.035     5.013    
    RAMB36_X0Y26         RAMB36E2 (Setup_RAMB36E2_RAMB36_CLKBWRCLK_ENBWREN)
                                                     -0.462     4.551    segment0/bank0/mem_reg
  -------------------------------------------------------------------
                         required time                          4.551    
                         arrival time                          -3.129    
  -------------------------------------------------------------------
                         slack                                  1.421    

Slack (MET) :             1.429ns  (required time - arrival time)
  Source:                 read_start_tensor_tag[12]
                            (input port clocked by clk  {rise@0.000ns fall@2.500ns period=5.000ns})
  Destination:            ready_tag0_q_reg[1]/CE
                            (rising edge-triggered cell FDRE clocked by clk  {rise@0.000ns fall@2.500ns period=5.000ns})
  Path Group:             clk
  Path Type:              Setup (Max at Slow Process Corner)
  Requirement:            5.000ns  (clk rise@5.000ns - clk rise@0.000ns)
  Data Path Delay:        2.487ns  (logic 0.805ns (32.373%)  route 1.682ns (67.627%))
  Logic Levels:           5  (LUT4=1 LUT5=1 LUT6=3)
  Input Delay:            1.000ns
  Clock Path Skew:        0.031ns (DCD - SCD + CPR)
    Destination Clock Delay (DCD):    0.031ns = ( 5.031 - 5.000 ) 
    Source Clock Delay      (SCD):    0.000ns
    Clock Pessimism Removal (CPR):    0.000ns
  Clock Uncertainty:      0.035ns  ((TSJ^2 + TIJ^2)^1/2 + DJ) / 2 + PE
    Total System Jitter     (TSJ):    0.071ns
    Total Input Jitter      (TIJ):    0.000ns
    Discrete Jitter          (DJ):    0.000ns
    Phase Error              (PE):    0.000ns

    Location             Delay type                Incr(ns)  Path(ns)    Netlist Resource(s)
  -------------------------------------------------------------------    -------------------
                         (clock clk rise edge)        0.000     0.000 r  
                         input delay                  1.000     1.000    
                                                      0.000     1.000 f  read_start_tensor_tag[12] (IN)
                         net (fo=3, unset)            0.000     1.000    segment1/bank1/read_start_tensor_tag[10]
    SLICE_X30Y162        LUT5 (Prop_D5LUT_SLICEL_I1_O)
                                                      0.187     1.187 f  segment1/bank1/read_start_ready_INST_0_i_64/O
                         net (fo=1, routed)           0.304     1.491    segment1/bank1/read_start_ready_INST_0_i_64_n_0
    SLICE_X30Y161        LUT6 (Prop_D6LUT_SLICEL_I0_O)
                                                      0.185     1.676 f  segment1/bank1/read_start_ready_INST_0_i_18/O
                         net (fo=1, routed)           0.164     1.840    segment1/bank1/read_start_ready_INST_0_i_18_n_0
    SLICE_X30Y158        LUT6 (Prop_G6LUT_SLICEL_I0_O)
                                                      0.082     1.922 f  segment1/bank1/read_start_ready_INST_0_i_3/O
                         net (fo=2, routed)           0.169     2.091    segment0/bank1/read_bank_q_reg_1
    SLICE_X29Y159        LUT6 (Prop_D6LUT_SLICEM_I2_O)
                                                      0.134     2.225 r  segment0/bank1/read_bank_q_i_1/O
                         net (fo=49, routed)          0.405     2.629    segment0/read_start_valid_0
    SLICE_X30Y147        LUT4 (Prop_D5LUT_SLICEL_I2_O)
                                                      0.217     2.846 r  segment0/ready_bank0_q_i_1/O
                         net (fo=17, routed)          0.640     3.487    segment0_n_10
    SLICE_X31Y159        FDRE                                         r  ready_tag0_q_reg[1]/CE
  -------------------------------------------------------------------    -------------------

                         (clock clk rise edge)        5.000     5.000 r  
                                                      0.000     5.000 r  clk (IN)
                         net (fo=629, unset)          0.031     5.031    clk
    SLICE_X31Y159        FDRE                                         r  ready_tag0_q_reg[1]/C
                         clock pessimism              0.000     5.031    
                         clock uncertainty           -0.035     4.996    
    SLICE_X31Y159        FDRE (Setup_HFF2_SLICEM_C_CE)
                                                     -0.080     4.916    ready_tag0_q_reg[1]
  -------------------------------------------------------------------
                         required time                          4.916    
                         arrival time                          -3.487    
  -------------------------------------------------------------------
                         slack                                  1.429    

Slack (MET) :             1.430ns  (required time - arrival time)
  Source:                 read_start_tensor_tag[12]
                            (input port clocked by clk  {rise@0.000ns fall@2.500ns period=5.000ns})
  Destination:            ready_tag0_q_reg[0]/CE
                            (rising edge-triggered cell FDRE clocked by clk  {rise@0.000ns fall@2.500ns period=5.000ns})
  Path Group:             clk
  Path Type:              Setup (Max at Slow Process Corner)
  Requirement:            5.000ns  (clk rise@5.000ns - clk rise@0.000ns)
  Data Path Delay:        2.485ns  (logic 0.805ns (32.399%)  route 1.680ns (67.601%))
  Logic Levels:           5  (LUT4=1 LUT5=1 LUT6=3)
  Input Delay:            1.000ns
  Clock Path Skew:        0.031ns (DCD - SCD + CPR)
    Destination Clock Delay (DCD):    0.031ns = ( 5.031 - 5.000 ) 
    Source Clock Delay      (SCD):    0.000ns
    Clock Pessimism Removal (CPR):    0.000ns
  Clock Uncertainty:      0.035ns  ((TSJ^2 + TIJ^2)^1/2 + DJ) / 2 + PE
    Total System Jitter     (TSJ):    0.071ns
    Total Input Jitter      (TIJ):    0.000ns
    Discrete Jitter          (DJ):    0.000ns
    Phase Error              (PE):    0.000ns

    Location             Delay type                Incr(ns)  Path(ns)    Netlist Resource(s)
  -------------------------------------------------------------------    -------------------
                         (clock clk rise edge)        0.000     0.000 r  
                         input delay                  1.000     1.000    
                                                      0.000     1.000 f  read_start_tensor_tag[12] (IN)
                         net (fo=3, unset)            0.000     1.000    segment1/bank1/read_start_tensor_tag[10]
    SLICE_X30Y162        LUT5 (Prop_D5LUT_SLICEL_I1_O)
                                                      0.187     1.187 f  segment1/bank1/read_start_ready_INST_0_i_64/O
                         net (fo=1, routed)           0.304     1.491    segment1/bank1/read_start_ready_INST_0_i_64_n_0
    SLICE_X30Y161        LUT6 (Prop_D6LUT_SLICEL_I0_O)
                                                      0.185     1.676 f  segment1/bank1/read_start_ready_INST_0_i_18/O
                         net (fo=1, routed)           0.164     1.840    segment1/bank1/read_start_ready_INST_0_i_18_n_0
    SLICE_X30Y158        LUT6 (Prop_G6LUT_SLICEL_I0_O)
                                                      0.082     1.922 f  segment1/bank1/read_start_ready_INST_0_i_3/O
                         net (fo=2, routed)           0.169     2.091    segment0/bank1/read_bank_q_reg_1
    SLICE_X29Y159        LUT6 (Prop_D6LUT_SLICEM_I2_O)
                                                      0.134     2.225 r  segment0/bank1/read_bank_q_i_1/O
                         net (fo=49, routed)          0.405     2.629    segment0/read_start_valid_0
    SLICE_X30Y147        LUT4 (Prop_D5LUT_SLICEL_I2_O)
                                                      0.217     2.846 r  segment0/ready_bank0_q_i_1/O
                         net (fo=17, routed)          0.638     3.485    segment0_n_10
    SLICE_X31Y159        FDRE                                         r  ready_tag0_q_reg[0]/CE
  -------------------------------------------------------------------    -------------------

                         (clock clk rise edge)        5.000     5.000 r  
                                                      0.000     5.000 r  clk (IN)
                         net (fo=629, unset)          0.031     5.031    clk
    SLICE_X31Y159        FDRE                                         r  ready_tag0_q_reg[0]/C
                         clock pessimism              0.000     5.031    
                         clock uncertainty           -0.035     4.996    
    SLICE_X31Y159        FDRE (Setup_HFF_SLICEM_C_CE)
                                                     -0.081     4.915    ready_tag0_q_reg[0]
  -------------------------------------------------------------------
                         required time                          4.915    
                         arrival time                          -3.485    
  -------------------------------------------------------------------
                         slack                                  1.430    

Slack (MET) :             1.435ns  (required time - arrival time)
  Source:                 read_start_tensor_tag[12]
                            (input port clocked by clk  {rise@0.000ns fall@2.500ns period=5.000ns})
  Destination:            ready_tag0_q_reg[10]/CE
                            (rising edge-triggered cell FDRE clocked by clk  {rise@0.000ns fall@2.500ns period=5.000ns})
  Path Group:             clk
  Path Type:              Setup (Max at Slow Process Corner)
  Requirement:            5.000ns  (clk rise@5.000ns - clk rise@0.000ns)
  Data Path Delay:        2.480ns  (logic 0.805ns (32.464%)  route 1.675ns (67.536%))
  Logic Levels:           5  (LUT4=1 LUT5=1 LUT6=3)
  Input Delay:            1.000ns
  Clock Path Skew:        0.030ns (DCD - SCD + CPR)
    Destination Clock Delay (DCD):    0.030ns = ( 5.030 - 5.000 ) 
    Source Clock Delay      (SCD):    0.000ns
    Clock Pessimism Removal (CPR):    0.000ns
  Clock Uncertainty:      0.035ns  ((TSJ^2 + TIJ^2)^1/2 + DJ) / 2 + PE
    Total System Jitter     (TSJ):    0.071ns
    Total Input Jitter      (TIJ):    0.000ns
    Discrete Jitter          (DJ):    0.000ns
    Phase Error              (PE):    0.000ns

    Location             Delay type                Incr(ns)  Path(ns)    Netlist Resource(s)
  -------------------------------------------------------------------    -------------------
                         (clock clk rise edge)        0.000     0.000 r  
                         input delay                  1.000     1.000    
                                                      0.000     1.000 f  read_start_tensor_tag[12] (IN)
                         net (fo=3, unset)            0.000     1.000    segment1/bank1/read_start_tensor_tag[10]
    SLICE_X30Y162        LUT5 (Prop_D5LUT_SLICEL_I1_O)
                                                      0.187     1.187 f  segment1/bank1/read_start_ready_INST_0_i_64/O
                         net (fo=1, routed)           0.304     1.491    segment1/bank1/read_start_ready_INST_0_i_64_n_0
    SLICE_X30Y161        LUT6 (Prop_D6LUT_SLICEL_I0_O)
                                                      0.185     1.676 f  segment1/bank1/read_start_ready_INST_0_i_18/O
                         net (fo=1, routed)           0.164     1.840    segment1/bank1/read_start_ready_INST_0_i_18_n_0
    SLICE_X30Y158        LUT6 (Prop_G6LUT_SLICEL_I0_O)
                                                      0.082     1.922 f  segment1/bank1/read_start_ready_INST_0_i_3/O
                         net (fo=2, routed)           0.169     2.091    segment0/bank1/read_bank_q_reg_1
    SLICE_X29Y159        LUT6 (Prop_D6LUT_SLICEM_I2_O)
                                                      0.134     2.225 r  segment0/bank1/read_bank_q_i_1/O
                         net (fo=49, routed)          0.405     2.629    segment0/read_start_valid_0
    SLICE_X30Y147        LUT4 (Prop_D5LUT_SLICEL_I2_O)
                                                      0.217     2.846 r  segment0/ready_bank0_q_i_1/O
                         net (fo=17, routed)          0.633     3.480    segment0_n_10
    SLICE_X31Y161        FDRE                                         r  ready_tag0_q_reg[10]/CE
  -------------------------------------------------------------------    -------------------

                         (clock clk rise edge)        5.000     5.000 r  
                                                      0.000     5.000 r  clk (IN)
                         net (fo=629, unset)          0.030     5.030    clk
    SLICE_X31Y161        FDRE                                         r  ready_tag0_q_reg[10]/C
                         clock pessimism              0.000     5.030    
                         clock uncertainty           -0.035     4.995    
    SLICE_X31Y161        FDRE (Setup_DFF_SLICEM_C_CE)
                                                     -0.080     4.915    ready_tag0_q_reg[10]
  -------------------------------------------------------------------
                         required time                          4.915    
                         arrival time                          -3.480    
  -------------------------------------------------------------------
                         slack                                  1.435    

Slack (MET) :             1.435ns  (required time - arrival time)
  Source:                 read_start_tensor_tag[12]
                            (input port clocked by clk  {rise@0.000ns fall@2.500ns period=5.000ns})
  Destination:            ready_tag0_q_reg[11]/CE
                            (rising edge-triggered cell FDRE clocked by clk  {rise@0.000ns fall@2.500ns period=5.000ns})
  Path Group:             clk
  Path Type:              Setup (Max at Slow Process Corner)
  Requirement:            5.000ns  (clk rise@5.000ns - clk rise@0.000ns)
  Data Path Delay:        2.481ns  (logic 0.805ns (32.451%)  route 1.676ns (67.549%))
  Logic Levels:           5  (LUT4=1 LUT5=1 LUT6=3)
  Input Delay:            1.000ns
  Clock Path Skew:        0.030ns (DCD - SCD + CPR)
    Destination Clock Delay (DCD):    0.030ns = ( 5.030 - 5.000 ) 
    Source Clock Delay      (SCD):    0.000ns
    Clock Pessimism Removal (CPR):    0.000ns
  Clock Uncertainty:      0.035ns  ((TSJ^2 + TIJ^2)^1/2 + DJ) / 2 + PE
    Total System Jitter     (TSJ):    0.071ns
    Total Input Jitter      (TIJ):    0.000ns
    Discrete Jitter          (DJ):    0.000ns
    Phase Error              (PE):    0.000ns

    Location             Delay type                Incr(ns)  Path(ns)    Netlist Resource(s)
  -------------------------------------------------------------------    -------------------
                         (clock clk rise edge)        0.000     0.000 r  
                         input delay                  1.000     1.000    
                                                      0.000     1.000 f  read_start_tensor_tag[12] (IN)
                         net (fo=3, unset)            0.000     1.000    segment1/bank1/read_start_tensor_tag[10]
    SLICE_X30Y162        LUT5 (Prop_D5LUT_SLICEL_I1_O)
                                                      0.187     1.187 f  segment1/bank1/read_start_ready_INST_0_i_64/O
                         net (fo=1, routed)           0.304     1.491    segment1/bank1/read_start_ready_INST_0_i_64_n_0
    SLICE_X30Y161        LUT6 (Prop_D6LUT_SLICEL_I0_O)
                                                      0.185     1.676 f  segment1/bank1/read_start_ready_INST_0_i_18/O
                         net (fo=1, routed)           0.164     1.840    segment1/bank1/read_start_ready_INST_0_i_18_n_0
    SLICE_X30Y158        LUT6 (Prop_G6LUT_SLICEL_I0_O)
                                                      0.082     1.922 f  segment1/bank1/read_start_ready_INST_0_i_3/O
                         net (fo=2, routed)           0.169     2.091    segment0/bank1/read_bank_q_reg_1
    SLICE_X29Y159        LUT6 (Prop_D6LUT_SLICEM_I2_O)
                                                      0.134     2.225 r  segment0/bank1/read_bank_q_i_1/O
                         net (fo=49, routed)          0.405     2.629    segment0/read_start_valid_0
    SLICE_X30Y147        LUT4 (Prop_D5LUT_SLICEL_I2_O)
                                                      0.217     2.846 r  segment0/ready_bank0_q_i_1/O
                         net (fo=17, routed)          0.634     3.481    segment0_n_10
    SLICE_X31Y161        FDRE                                         r  ready_tag0_q_reg[11]/CE
  -------------------------------------------------------------------    -------------------

                         (clock clk rise edge)        5.000     5.000 r  
                                                      0.000     5.000 r  clk (IN)
                         net (fo=629, unset)          0.030     5.030    clk
    SLICE_X31Y161        FDRE                                         r  ready_tag0_q_reg[11]/C
                         clock pessimism              0.000     5.030    
                         clock uncertainty           -0.035     4.995    
    SLICE_X31Y161        FDRE (Setup_DFF2_SLICEM_C_CE)
                                                     -0.079     4.916    ready_tag0_q_reg[11]
  -------------------------------------------------------------------
                         required time                          4.916    
                         arrival time                          -3.481    
  -------------------------------------------------------------------
                         slack                                  1.435    

Slack (MET) :             1.435ns  (required time - arrival time)
  Source:                 read_start_tensor_tag[12]
                            (input port clocked by clk  {rise@0.000ns fall@2.500ns period=5.000ns})
  Destination:            ready_tag0_q_reg[12]/CE
                            (rising edge-triggered cell FDRE clocked by clk  {rise@0.000ns fall@2.500ns period=5.000ns})
  Path Group:             clk
  Path Type:              Setup (Max at Slow Process Corner)
  Requirement:            5.000ns  (clk rise@5.000ns - clk rise@0.000ns)
  Data Path Delay:        2.480ns  (logic 0.805ns (32.464%)  route 1.675ns (67.536%))
  Logic Levels:           5  (LUT4=1 LUT5=1 LUT6=3)
  Input Delay:            1.000ns
  Clock Path Skew:        0.030ns (DCD - SCD + CPR)
    Destination Clock Delay (DCD):    0.030ns = ( 5.030 - 5.000 ) 
    Source Clock Delay      (SCD):    0.000ns
    Clock Pessimism Removal (CPR):    0.000ns
  Clock Uncertainty:      0.035ns  ((TSJ^2 + TIJ^2)^1/2 + DJ) / 2 + PE
    Total System Jitter     (TSJ):    0.071ns
    Total Input Jitter      (TIJ):    0.000ns
    Discrete Jitter          (DJ):    0.000ns
    Phase Error              (PE):    0.000ns

    Location             Delay type                Incr(ns)  Path(ns)    Netlist Resource(s)
  -------------------------------------------------------------------    -------------------
                         (clock clk rise edge)        0.000     0.000 r  
                         input delay                  1.000     1.000    
                                                      0.000     1.000 f  read_start_tensor_tag[12] (IN)
                         net (fo=3, unset)            0.000     1.000    segment1/bank1/read_start_tensor_tag[10]
    SLICE_X30Y162        LUT5 (Prop_D5LUT_SLICEL_I1_O)
                                                      0.187     1.187 f  segment1/bank1/read_start_ready_INST_0_i_64/O
                         net (fo=1, routed)           0.304     1.491    segment1/bank1/read_start_ready_INST_0_i_64_n_0
    SLICE_X30Y161        LUT6 (Prop_D6LUT_SLICEL_I0_O)
                                                      0.185     1.676 f  segment1/bank1/read_start_ready_INST_0_i_18/O
                         net (fo=1, routed)           0.164     1.840    segment1/bank1/read_start_ready_INST_0_i_18_n_0
    SLICE_X30Y158        LUT6 (Prop_G6LUT_SLICEL_I0_O)
                                                      0.082     1.922 f  segment1/bank1/read_start_ready_INST_0_i_3/O
                         net (fo=2, routed)           0.169     2.091    segment0/bank1/read_bank_q_reg_1
    SLICE_X29Y159        LUT6 (Prop_D6LUT_SLICEM_I2_O)
                                                      0.134     2.225 r  segment0/bank1/read_bank_q_i_1/O
                         net (fo=49, routed)          0.405     2.629    segment0/read_start_valid_0
    SLICE_X30Y147        LUT4 (Prop_D5LUT_SLICEL_I2_O)
                                                      0.217     2.846 r  segment0/ready_bank0_q_i_1/O
                         net (fo=17, routed)          0.633     3.480    segment0_n_10
    SLICE_X31Y161        FDRE                                         r  ready_tag0_q_reg[12]/CE
  -------------------------------------------------------------------    -------------------

                         (clock clk rise edge)        5.000     5.000 r  
                                                      0.000     5.000 r  clk (IN)
                         net (fo=629, unset)          0.030     5.030    clk
    SLICE_X31Y161        FDRE                                         r  ready_tag0_q_reg[12]/C
                         clock pessimism              0.000     5.030    
                         clock uncertainty           -0.035     4.995    
    SLICE_X31Y161        FDRE (Setup_CFF_SLICEM_C_CE)
                                                     -0.080     4.915    ready_tag0_q_reg[12]
  -------------------------------------------------------------------
                         required time                          4.915    
                         arrival time                          -3.480    
  -------------------------------------------------------------------
                         slack                                  1.435    

Slack (MET) :             1.435ns  (required time - arrival time)
  Source:                 read_start_tensor_tag[12]
                            (input port clocked by clk  {rise@0.000ns fall@2.500ns period=5.000ns})
  Destination:            ready_tag0_q_reg[13]/CE
                            (rising edge-triggered cell FDRE clocked by clk  {rise@0.000ns fall@2.500ns period=5.000ns})
  Path Group:             clk
  Path Type:              Setup (Max at Slow Process Corner)
  Requirement:            5.000ns  (clk rise@5.000ns - clk rise@0.000ns)
  Data Path Delay:        2.481ns  (logic 0.805ns (32.451%)  route 1.676ns (67.549%))
  Logic Levels:           5  (LUT4=1 LUT5=1 LUT6=3)
  Input Delay:            1.000ns
  Clock Path Skew:        0.030ns (DCD - SCD + CPR)
    Destination Clock Delay (DCD):    0.030ns = ( 5.030 - 5.000 ) 
    Source Clock Delay      (SCD):    0.000ns
    Clock Pessimism Removal (CPR):    0.000ns
  Clock Uncertainty:      0.035ns  ((TSJ^2 + TIJ^2)^1/2 + DJ) / 2 + PE
    Total System Jitter     (TSJ):    0.071ns
    Total Input Jitter      (TIJ):    0.000ns
    Discrete Jitter          (DJ):    0.000ns
    Phase Error              (PE):    0.000ns

    Location             Delay type                Incr(ns)  Path(ns)    Netlist Resource(s)
  -------------------------------------------------------------------    -------------------
                         (clock clk rise edge)        0.000     0.000 r  
                         input delay                  1.000     1.000    
                                                      0.000     1.000 f  read_start_tensor_tag[12] (IN)
                         net (fo=3, unset)            0.000     1.000    segment1/bank1/read_start_tensor_tag[10]
    SLICE_X30Y162        LUT5 (Prop_D5LUT_SLICEL_I1_O)
                                                      0.187     1.187 f  segment1/bank1/read_start_ready_INST_0_i_64/O
                         net (fo=1, routed)           0.304     1.491    segment1/bank1/read_start_ready_INST_0_i_64_n_0
    SLICE_X30Y161        LUT6 (Prop_D6LUT_SLICEL_I0_O)
                                                      0.185     1.676 f  segment1/bank1/read_start_ready_INST_0_i_18/O
                         net (fo=1, routed)           0.164     1.840    segment1/bank1/read_start_ready_INST_0_i_18_n_0
    SLICE_X30Y158        LUT6 (Prop_G6LUT_SLICEL_I0_O)
                                                      0.082     1.922 f  segment1/bank1/read_start_ready_INST_0_i_3/O
                         net (fo=2, routed)           0.169     2.091    segment0/bank1/read_bank_q_reg_1
    SLICE_X29Y159        LUT6 (Prop_D6LUT_SLICEM_I2_O)
                                                      0.134     2.225 r  segment0/bank1/read_bank_q_i_1/O
                         net (fo=49, routed)          0.405     2.629    segment0/read_start_valid_0
    SLICE_X30Y147        LUT4 (Prop_D5LUT_SLICEL_I2_O)
                                                      0.217     2.846 r  segment0/ready_bank0_q_i_1/O
                         net (fo=17, routed)          0.634     3.481    segment0_n_10
    SLICE_X31Y161        FDRE                                         r  ready_tag0_q_reg[13]/CE
  -------------------------------------------------------------------    -------------------

                         (clock clk rise edge)        5.000     5.000 r  
                                                      0.000     5.000 r  clk (IN)
                         net (fo=629, unset)          0.030     5.030    clk
    SLICE_X31Y161        FDRE                                         r  ready_tag0_q_reg[13]/C
                         clock pessimism              0.000     5.030    
                         clock uncertainty           -0.035     4.995    
    SLICE_X31Y161        FDRE (Setup_CFF2_SLICEM_C_CE)
                                                     -0.079     4.916    ready_tag0_q_reg[13]
  -------------------------------------------------------------------
                         required time                          4.916    
                         arrival time                          -3.481    
  -------------------------------------------------------------------
                         slack                                  1.435    

Slack (MET) :             1.435ns  (required time - arrival time)
  Source:                 read_start_tensor_tag[12]
                            (input port clocked by clk  {rise@0.000ns fall@2.500ns period=5.000ns})
  Destination:            ready_tag0_q_reg[8]/CE
                            (rising edge-triggered cell FDRE clocked by clk  {rise@0.000ns fall@2.500ns period=5.000ns})
  Path Group:             clk
  Path Type:              Setup (Max at Slow Process Corner)
  Requirement:            5.000ns  (clk rise@5.000ns - clk rise@0.000ns)
  Data Path Delay:        2.480ns  (logic 0.805ns (32.464%)  route 1.675ns (67.536%))
  Logic Levels:           5  (LUT4=1 LUT5=1 LUT6=3)
  Input Delay:            1.000ns
  Clock Path Skew:        0.030ns (DCD - SCD + CPR)
    Destination Clock Delay (DCD):    0.030ns = ( 5.030 - 5.000 ) 
    Source Clock Delay      (SCD):    0.000ns
    Clock Pessimism Removal (CPR):    0.000ns
  Clock Uncertainty:      0.035ns  ((TSJ^2 + TIJ^2)^1/2 + DJ) / 2 + PE
    Total System Jitter     (TSJ):    0.071ns
    Total Input Jitter      (TIJ):    0.000ns
    Discrete Jitter          (DJ):    0.000ns
    Phase Error              (PE):    0.000ns

    Location             Delay type                Incr(ns)  Path(ns)    Netlist Resource(s)
  -------------------------------------------------------------------    -------------------
                         (clock clk rise edge)        0.000     0.000 r  
                         input delay                  1.000     1.000    
                                                      0.000     1.000 f  read_start_tensor_tag[12] (IN)
                         net (fo=3, unset)            0.000     1.000    segment1/bank1/read_start_tensor_tag[10]
    SLICE_X30Y162        LUT5 (Prop_D5LUT_SLICEL_I1_O)
                                                      0.187     1.187 f  segment1/bank1/read_start_ready_INST_0_i_64/O
                         net (fo=1, routed)           0.304     1.491    segment1/bank1/read_start_ready_INST_0_i_64_n_0
    SLICE_X30Y161        LUT6 (Prop_D6LUT_SLICEL_I0_O)
                                                      0.185     1.676 f  segment1/bank1/read_start_ready_INST_0_i_18/O
                         net (fo=1, routed)           0.164     1.840    segment1/bank1/read_start_ready_INST_0_i_18_n_0
    SLICE_X30Y158        LUT6 (Prop_G6LUT_SLICEL_I0_O)
                                                      0.082     1.922 f  segment1/bank1/read_start_ready_INST_0_i_3/O
                         net (fo=2, routed)           0.169     2.091    segment0/bank1/read_bank_q_reg_1
    SLICE_X29Y159        LUT6 (Prop_D6LUT_SLICEM_I2_O)
                                                      0.134     2.225 r  segment0/bank1/read_bank_q_i_1/O
                         net (fo=49, routed)          0.405     2.629    segment0/read_start_valid_0
    SLICE_X30Y147        LUT4 (Prop_D5LUT_SLICEL_I2_O)
                                                      0.217     2.846 r  segment0/ready_bank0_q_i_1/O
                         net (fo=17, routed)          0.633     3.480    segment0_n_10
    SLICE_X31Y161        FDRE                                         r  ready_tag0_q_reg[8]/CE
  -------------------------------------------------------------------    -------------------

                         (clock clk rise edge)        5.000     5.000 r  
                                                      0.000     5.000 r  clk (IN)
                         net (fo=629, unset)          0.030     5.030    clk
    SLICE_X31Y161        FDRE                                         r  ready_tag0_q_reg[8]/C
                         clock pessimism              0.000     5.030    
                         clock uncertainty           -0.035     4.995    
    SLICE_X31Y161        FDRE (Setup_BFF_SLICEM_C_CE)
                                                     -0.080     4.915    ready_tag0_q_reg[8]
  -------------------------------------------------------------------
                         required time                          4.915    
                         arrival time                          -3.480    
  -------------------------------------------------------------------
                         slack                                  1.435    

Slack (MET) :             1.435ns  (required time - arrival time)
  Source:                 read_start_tensor_tag[12]
                            (input port clocked by clk  {rise@0.000ns fall@2.500ns period=5.000ns})
  Destination:            ready_tag0_q_reg[9]/CE
                            (rising edge-triggered cell FDRE clocked by clk  {rise@0.000ns fall@2.500ns period=5.000ns})
  Path Group:             clk
  Path Type:              Setup (Max at Slow Process Corner)
  Requirement:            5.000ns  (clk rise@5.000ns - clk rise@0.000ns)
  Data Path Delay:        2.481ns  (logic 0.805ns (32.451%)  route 1.676ns (67.549%))
  Logic Levels:           5  (LUT4=1 LUT5=1 LUT6=3)
  Input Delay:            1.000ns
  Clock Path Skew:        0.030ns (DCD - SCD + CPR)
    Destination Clock Delay (DCD):    0.030ns = ( 5.030 - 5.000 ) 
    Source Clock Delay      (SCD):    0.000ns
    Clock Pessimism Removal (CPR):    0.000ns
  Clock Uncertainty:      0.035ns  ((TSJ^2 + TIJ^2)^1/2 + DJ) / 2 + PE
    Total System Jitter     (TSJ):    0.071ns
    Total Input Jitter      (TIJ):    0.000ns
    Discrete Jitter          (DJ):    0.000ns
    Phase Error              (PE):    0.000ns

    Location             Delay type                Incr(ns)  Path(ns)    Netlist Resource(s)
  -------------------------------------------------------------------    -------------------
                         (clock clk rise edge)        0.000     0.000 r  
                         input delay                  1.000     1.000    
                                                      0.000     1.000 f  read_start_tensor_tag[12] (IN)
                         net (fo=3, unset)            0.000     1.000    segment1/bank1/read_start_tensor_tag[10]
    SLICE_X30Y162        LUT5 (Prop_D5LUT_SLICEL_I1_O)
                                                      0.187     1.187 f  segment1/bank1/read_start_ready_INST_0_i_64/O
                         net (fo=1, routed)           0.304     1.491    segment1/bank1/read_start_ready_INST_0_i_64_n_0
    SLICE_X30Y161        LUT6 (Prop_D6LUT_SLICEL_I0_O)
                                                      0.185     1.676 f  segment1/bank1/read_start_ready_INST_0_i_18/O
                         net (fo=1, routed)           0.164     1.840    segment1/bank1/read_start_ready_INST_0_i_18_n_0
    SLICE_X30Y158        LUT6 (Prop_G6LUT_SLICEL_I0_O)
                                                      0.082     1.922 f  segment1/bank1/read_start_ready_INST_0_i_3/O
                         net (fo=2, routed)           0.169     2.091    segment0/bank1/read_bank_q_reg_1
    SLICE_X29Y159        LUT6 (Prop_D6LUT_SLICEM_I2_O)
                                                      0.134     2.225 r  segment0/bank1/read_bank_q_i_1/O
                         net (fo=49, routed)          0.405     2.629    segment0/read_start_valid_0
    SLICE_X30Y147        LUT4 (Prop_D5LUT_SLICEL_I2_O)
                                                      0.217     2.846 r  segment0/ready_bank0_q_i_1/O
                         net (fo=17, routed)          0.634     3.481    segment0_n_10
    SLICE_X31Y161        FDRE                                         r  ready_tag0_q_reg[9]/CE
  -------------------------------------------------------------------    -------------------

                         (clock clk rise edge)        5.000     5.000 r  
                                                      0.000     5.000 r  clk (IN)
                         net (fo=629, unset)          0.030     5.030    clk
    SLICE_X31Y161        FDRE                                         r  ready_tag0_q_reg[9]/C
                         clock pessimism              0.000     5.030    
                         clock uncertainty           -0.035     4.995    
    SLICE_X31Y161        FDRE (Setup_BFF2_SLICEM_C_CE)
                                                     -0.079     4.916    ready_tag0_q_reg[9]
  -------------------------------------------------------------------
                         required time                          4.916    
                         arrival time                          -3.481    
  -------------------------------------------------------------------
                         slack                                  1.435    

Slack (MET) :             1.470ns  (required time - arrival time)
  Source:                 read_start_tensor_tag[12]
                            (input port clocked by clk  {rise@0.000ns fall@2.500ns period=5.000ns})
  Destination:            ready_tag1_q_reg[11]/CE
                            (rising edge-triggered cell FDRE clocked by clk  {rise@0.000ns fall@2.500ns period=5.000ns})
  Path Group:             clk
  Path Type:              Setup (Max at Slow Process Corner)
  Requirement:            5.000ns  (clk rise@5.000ns - clk rise@0.000ns)
  Data Path Delay:        2.445ns  (logic 0.809ns (33.082%)  route 1.636ns (66.918%))
  Logic Levels:           5  (LUT4=1 LUT5=1 LUT6=3)
  Input Delay:            1.000ns
  Clock Path Skew:        0.031ns (DCD - SCD + CPR)
    Destination Clock Delay (DCD):    0.031ns = ( 5.031 - 5.000 ) 
    Source Clock Delay      (SCD):    0.000ns
    Clock Pessimism Removal (CPR):    0.000ns
  Clock Uncertainty:      0.035ns  ((TSJ^2 + TIJ^2)^1/2 + DJ) / 2 + PE
    Total System Jitter     (TSJ):    0.071ns
    Total Input Jitter      (TIJ):    0.000ns
    Discrete Jitter          (DJ):    0.000ns
    Phase Error              (PE):    0.000ns

    Location             Delay type                Incr(ns)  Path(ns)    Netlist Resource(s)
  -------------------------------------------------------------------    -------------------
                         (clock clk rise edge)        0.000     0.000 r  
                         input delay                  1.000     1.000    
                                                      0.000     1.000 f  read_start_tensor_tag[12] (IN)
                         net (fo=3, unset)            0.000     1.000    segment1/bank1/read_start_tensor_tag[10]
    SLICE_X30Y162        LUT5 (Prop_D5LUT_SLICEL_I1_O)
                                                      0.187     1.187 f  segment1/bank1/read_start_ready_INST_0_i_64/O
                         net (fo=1, routed)           0.304     1.491    segment1/bank1/read_start_ready_INST_0_i_64_n_0
    SLICE_X30Y161        LUT6 (Prop_D6LUT_SLICEL_I0_O)
                                                      0.185     1.676 f  segment1/bank1/read_start_ready_INST_0_i_18/O
                         net (fo=1, routed)           0.164     1.840    segment1/bank1/read_start_ready_INST_0_i_18_n_0
    SLICE_X30Y158        LUT6 (Prop_G6LUT_SLICEL_I0_O)
                                                      0.082     1.922 f  segment1/bank1/read_start_ready_INST_0_i_3/O
                         net (fo=2, routed)           0.169     2.091    segment0/bank1/read_bank_q_reg_1
    SLICE_X29Y159        LUT6 (Prop_D6LUT_SLICEM_I2_O)
                                                      0.134     2.225 r  segment0/bank1/read_bank_q_i_1/O
                         net (fo=49, routed)          0.405     2.629    segment0/read_start_valid_0
    SLICE_X30Y147        LUT4 (Prop_D6LUT_SLICEL_I2_O)
                                                      0.221     2.850 r  segment0/ready_tag1_q[15]_i_1/O
                         net (fo=17, routed)          0.595     3.445    segment0_n_163
    SLICE_X31Y161        FDRE                                         r  ready_tag1_q_reg[11]/CE
  -------------------------------------------------------------------    -------------------

                         (clock clk rise edge)        5.000     5.000 r  
                                                      0.000     5.000 r  clk (IN)
                         net (fo=629, unset)          0.031     5.031    clk
    SLICE_X31Y161        FDRE                                         r  ready_tag1_q_reg[11]/C
                         clock pessimism              0.000     5.031    
                         clock uncertainty           -0.035     4.996    
    SLICE_X31Y161        FDRE (Setup_HFF2_SLICEM_C_CE)
                                                     -0.080     4.916    ready_tag1_q_reg[11]
  -------------------------------------------------------------------
                         required time                          4.916    
                         arrival time                          -3.445    
  -------------------------------------------------------------------
                         slack                                  1.470    

Slack (MET) :             1.470ns  (required time - arrival time)
  Source:                 read_start_tensor_tag[12]
                            (input port clocked by clk  {rise@0.000ns fall@2.500ns period=5.000ns})
  Destination:            ready_tag1_q_reg[13]/CE
                            (rising edge-triggered cell FDRE clocked by clk  {rise@0.000ns fall@2.500ns period=5.000ns})
  Path Group:             clk
  Path Type:              Setup (Max at Slow Process Corner)
  Requirement:            5.000ns  (clk rise@5.000ns - clk rise@0.000ns)
  Data Path Delay:        2.445ns  (logic 0.809ns (33.082%)  route 1.636ns (66.918%))
  Logic Levels:           5  (LUT4=1 LUT5=1 LUT6=3)
  Input Delay:            1.000ns
  Clock Path Skew:        0.031ns (DCD - SCD + CPR)
    Destination Clock Delay (DCD):    0.031ns = ( 5.031 - 5.000 ) 
    Source Clock Delay      (SCD):    0.000ns
    Clock Pessimism Removal (CPR):    0.000ns
  Clock Uncertainty:      0.035ns  ((TSJ^2 + TIJ^2)^1/2 + DJ) / 2 + PE
    Total System Jitter     (TSJ):    0.071ns
    Total Input Jitter      (TIJ):    0.000ns
    Discrete Jitter          (DJ):    0.000ns
    Phase Error              (PE):    0.000ns

    Location             Delay type                Incr(ns)  Path(ns)    Netlist Resource(s)
  -------------------------------------------------------------------    -------------------
                         (clock clk rise edge)        0.000     0.000 r  
                         input delay                  1.000     1.000    
                                                      0.000     1.000 f  read_start_tensor_tag[12] (IN)
                         net (fo=3, unset)            0.000     1.000    segment1/bank1/read_start_tensor_tag[10]
    SLICE_X30Y162        LUT5 (Prop_D5LUT_SLICEL_I1_O)
                                                      0.187     1.187 f  segment1/bank1/read_start_ready_INST_0_i_64/O
                         net (fo=1, routed)           0.304     1.491    segment1/bank1/read_start_ready_INST_0_i_64_n_0
    SLICE_X30Y161        LUT6 (Prop_D6LUT_SLICEL_I0_O)
                                                      0.185     1.676 f  segment1/bank1/read_start_ready_INST_0_i_18/O
                         net (fo=1, routed)           0.164     1.840    segment1/bank1/read_start_ready_INST_0_i_18_n_0
    SLICE_X30Y158        LUT6 (Prop_G6LUT_SLICEL_I0_O)
                                                      0.082     1.922 f  segment1/bank1/read_start_ready_INST_0_i_3/O
                         net (fo=2, routed)           0.169     2.091    segment0/bank1/read_bank_q_reg_1
    SLICE_X29Y159        LUT6 (Prop_D6LUT_SLICEM_I2_O)
                                                      0.134     2.225 r  segment0/bank1/read_bank_q_i_1/O
                         net (fo=49, routed)          0.405     2.629    segment0/read_start_valid_0
    SLICE_X30Y147        LUT4 (Prop_D6LUT_SLICEL_I2_O)
                                                      0.221     2.850 r  segment0/ready_tag1_q[15]_i_1/O
                         net (fo=17, routed)          0.595     3.445    segment0_n_163
    SLICE_X31Y161        FDRE                                         r  ready_tag1_q_reg[13]/CE
  -------------------------------------------------------------------    -------------------

                         (clock clk rise edge)        5.000     5.000 r  
                                                      0.000     5.000 r  clk (IN)
                         net (fo=629, unset)          0.031     5.031    clk
    SLICE_X31Y161        FDRE                                         r  ready_tag1_q_reg[13]/C
                         clock pessimism              0.000     5.031    
                         clock uncertainty           -0.035     4.996    
    SLICE_X31Y161        FDRE (Setup_GFF2_SLICEM_C_CE)
                                                     -0.080     4.916    ready_tag1_q_reg[13]
  -------------------------------------------------------------------
                         required time                          4.916    
                         arrival time                          -3.445    
  -------------------------------------------------------------------
                         slack                                  1.470    

Slack (MET) :             1.470ns  (required time - arrival time)
  Source:                 read_start_tensor_tag[12]
                            (input port clocked by clk  {rise@0.000ns fall@2.500ns period=5.000ns})
  Destination:            ready_tag1_q_reg[9]/CE
                            (rising edge-triggered cell FDRE clocked by clk  {rise@0.000ns fall@2.500ns period=5.000ns})
  Path Group:             clk
  Path Type:              Setup (Max at Slow Process Corner)
  Requirement:            5.000ns  (clk rise@5.000ns - clk rise@0.000ns)
  Data Path Delay:        2.445ns  (logic 0.809ns (33.082%)  route 1.636ns (66.918%))
  Logic Levels:           5  (LUT4=1 LUT5=1 LUT6=3)
  Input Delay:            1.000ns
  Clock Path Skew:        0.031ns (DCD - SCD + CPR)
    Destination Clock Delay (DCD):    0.031ns = ( 5.031 - 5.000 ) 
    Source Clock Delay      (SCD):    0.000ns
    Clock Pessimism Removal (CPR):    0.000ns
  Clock Uncertainty:      0.035ns  ((TSJ^2 + TIJ^2)^1/2 + DJ) / 2 + PE
    Total System Jitter     (TSJ):    0.071ns
    Total Input Jitter      (TIJ):    0.000ns
    Discrete Jitter          (DJ):    0.000ns
    Phase Error              (PE):    0.000ns

    Location             Delay type                Incr(ns)  Path(ns)    Netlist Resource(s)
  -------------------------------------------------------------------    -------------------
                         (clock clk rise edge)        0.000     0.000 r  
                         input delay                  1.000     1.000    
                                                      0.000     1.000 f  read_start_tensor_tag[12] (IN)
                         net (fo=3, unset)            0.000     1.000    segment1/bank1/read_start_tensor_tag[10]
    SLICE_X30Y162        LUT5 (Prop_D5LUT_SLICEL_I1_O)
                                                      0.187     1.187 f  segment1/bank1/read_start_ready_INST_0_i_64/O
                         net (fo=1, routed)           0.304     1.491    segment1/bank1/read_start_ready_INST_0_i_64_n_0
    SLICE_X30Y161        LUT6 (Prop_D6LUT_SLICEL_I0_O)
                                                      0.185     1.676 f  segment1/bank1/read_start_ready_INST_0_i_18/O
                         net (fo=1, routed)           0.164     1.840    segment1/bank1/read_start_ready_INST_0_i_18_n_0
    SLICE_X30Y158        LUT6 (Prop_G6LUT_SLICEL_I0_O)
                                                      0.082     1.922 f  segment1/bank1/read_start_ready_INST_0_i_3/O
                         net (fo=2, routed)           0.169     2.091    segment0/bank1/read_bank_q_reg_1
    SLICE_X29Y159        LUT6 (Prop_D6LUT_SLICEM_I2_O)
                                                      0.134     2.225 r  segment0/bank1/read_bank_q_i_1/O
                         net (fo=49, routed)          0.405     2.629    segment0/read_start_valid_0
    SLICE_X30Y147        LUT4 (Prop_D6LUT_SLICEL_I2_O)
                                                      0.221     2.850 r  segment0/ready_tag1_q[15]_i_1/O
                         net (fo=17, routed)          0.595     3.445    segment0_n_163
    SLICE_X31Y161        FDRE                                         r  ready_tag1_q_reg[9]/CE
  -------------------------------------------------------------------    -------------------

                         (clock clk rise edge)        5.000     5.000 r  
                                                      0.000     5.000 r  clk (IN)
                         net (fo=629, unset)          0.031     5.031    clk
    SLICE_X31Y161        FDRE                                         r  ready_tag1_q_reg[9]/C
                         clock pessimism              0.000     5.031    
                         clock uncertainty           -0.035     4.996    
    SLICE_X31Y161        FDRE (Setup_FFF2_SLICEM_C_CE)
                                                     -0.080     4.916    ready_tag1_q_reg[9]
  -------------------------------------------------------------------
                         required time                          4.916    
                         arrival time                          -3.445    
  -------------------------------------------------------------------
                         slack                                  1.470    

Slack (MET) :             1.471ns  (required time - arrival time)
  Source:                 read_start_tensor_tag[12]
                            (input port clocked by clk  {rise@0.000ns fall@2.500ns period=5.000ns})
  Destination:            ready_tag1_q_reg[10]/CE
                            (rising edge-triggered cell FDRE clocked by clk  {rise@0.000ns fall@2.500ns period=5.000ns})
  Path Group:             clk
  Path Type:              Setup (Max at Slow Process Corner)
  Requirement:            5.000ns  (clk rise@5.000ns - clk rise@0.000ns)
  Data Path Delay:        2.443ns  (logic 0.809ns (33.109%)  route 1.634ns (66.891%))
  Logic Levels:           5  (LUT4=1 LUT5=1 LUT6=3)
  Input Delay:            1.000ns
  Clock Path Skew:        0.031ns (DCD - SCD + CPR)
    Destination Clock Delay (DCD):    0.031ns = ( 5.031 - 5.000 ) 
    Source Clock Delay      (SCD):    0.000ns
    Clock Pessimism Removal (CPR):    0.000ns
  Clock Uncertainty:      0.035ns  ((TSJ^2 + TIJ^2)^1/2 + DJ) / 2 + PE
    Total System Jitter     (TSJ):    0.071ns
    Total Input Jitter      (TIJ):    0.000ns
    Discrete Jitter          (DJ):    0.000ns
    Phase Error              (PE):    0.000ns

    Location             Delay type                Incr(ns)  Path(ns)    Netlist Resource(s)
  -------------------------------------------------------------------    -------------------
                         (clock clk rise edge)        0.000     0.000 r  
                         input delay                  1.000     1.000    
                                                      0.000     1.000 f  read_start_tensor_tag[12] (IN)
                         net (fo=3, unset)            0.000     1.000    segment1/bank1/read_start_tensor_tag[10]
    SLICE_X30Y162        LUT5 (Prop_D5LUT_SLICEL_I1_O)
                                                      0.187     1.187 f  segment1/bank1/read_start_ready_INST_0_i_64/O
                         net (fo=1, routed)           0.304     1.491    segment1/bank1/read_start_ready_INST_0_i_64_n_0
    SLICE_X30Y161        LUT6 (Prop_D6LUT_SLICEL_I0_O)
                                                      0.185     1.676 f  segment1/bank1/read_start_ready_INST_0_i_18/O
                         net (fo=1, routed)           0.164     1.840    segment1/bank1/read_start_ready_INST_0_i_18_n_0
    SLICE_X30Y158        LUT6 (Prop_G6LUT_SLICEL_I0_O)
                                                      0.082     1.922 f  segment1/bank1/read_start_ready_INST_0_i_3/O
                         net (fo=2, routed)           0.169     2.091    segment0/bank1/read_bank_q_reg_1
    SLICE_X29Y159        LUT6 (Prop_D6LUT_SLICEM_I2_O)
                                                      0.134     2.225 r  segment0/bank1/read_bank_q_i_1/O
                         net (fo=49, routed)          0.405     2.629    segment0/read_start_valid_0
    SLICE_X30Y147        LUT4 (Prop_D6LUT_SLICEL_I2_O)
                                                      0.221     2.850 r  segment0/ready_tag1_q[15]_i_1/O
                         net (fo=17, routed)          0.593     3.443    segment0_n_163
    SLICE_X31Y161        FDRE                                         r  ready_tag1_q_reg[10]/CE
  -------------------------------------------------------------------    -------------------

                         (clock clk rise edge)        5.000     5.000 r  
                                                      0.000     5.000 r  clk (IN)
                         net (fo=629, unset)          0.031     5.031    clk
    SLICE_X31Y161        FDRE                                         r  ready_tag1_q_reg[10]/C
                         clock pessimism              0.000     5.031    
                         clock uncertainty           -0.035     4.996    
    SLICE_X31Y161        FDRE (Setup_HFF_SLICEM_C_CE)
                                                     -0.081     4.915    ready_tag1_q_reg[10]
  -------------------------------------------------------------------
                         required time                          4.915    
                         arrival time                          -3.443    
  -------------------------------------------------------------------
                         slack                                  1.471    

Slack (MET) :             1.471ns  (required time - arrival time)
  Source:                 read_start_tensor_tag[12]
                            (input port clocked by clk  {rise@0.000ns fall@2.500ns period=5.000ns})
  Destination:            ready_tag1_q_reg[12]/CE
                            (rising edge-triggered cell FDRE clocked by clk  {rise@0.000ns fall@2.500ns period=5.000ns})
  Path Group:             clk
  Path Type:              Setup (Max at Slow Process Corner)
  Requirement:            5.000ns  (clk rise@5.000ns - clk rise@0.000ns)
  Data Path Delay:        2.443ns  (logic 0.809ns (33.109%)  route 1.634ns (66.891%))
  Logic Levels:           5  (LUT4=1 LUT5=1 LUT6=3)
  Input Delay:            1.000ns
  Clock Path Skew:        0.031ns (DCD - SCD + CPR)
    Destination Clock Delay (DCD):    0.031ns = ( 5.031 - 5.000 ) 
    Source Clock Delay      (SCD):    0.000ns
    Clock Pessimism Removal (CPR):    0.000ns
  Clock Uncertainty:      0.035ns  ((TSJ^2 + TIJ^2)^1/2 + DJ) / 2 + PE
    Total System Jitter     (TSJ):    0.071ns
    Total Input Jitter      (TIJ):    0.000ns
    Discrete Jitter          (DJ):    0.000ns
    Phase Error              (PE):    0.000ns

    Location             Delay type                Incr(ns)  Path(ns)    Netlist Resource(s)
  -------------------------------------------------------------------    -------------------
                         (clock clk rise edge)        0.000     0.000 r  
                         input delay                  1.000     1.000    
                                                      0.000     1.000 f  read_start_tensor_tag[12] (IN)
                         net (fo=3, unset)            0.000     1.000    segment1/bank1/read_start_tensor_tag[10]
    SLICE_X30Y162        LUT5 (Prop_D5LUT_SLICEL_I1_O)
                                                      0.187     1.187 f  segment1/bank1/read_start_ready_INST_0_i_64/O
                         net (fo=1, routed)           0.304     1.491    segment1/bank1/read_start_ready_INST_0_i_64_n_0
    SLICE_X30Y161        LUT6 (Prop_D6LUT_SLICEL_I0_O)
                                                      0.185     1.676 f  segment1/bank1/read_start_ready_INST_0_i_18/O
                         net (fo=1, routed)           0.164     1.840    segment1/bank1/read_start_ready_INST_0_i_18_n_0
    SLICE_X30Y158        LUT6 (Prop_G6LUT_SLICEL_I0_O)
                                                      0.082     1.922 f  segment1/bank1/read_start_ready_INST_0_i_3/O
                         net (fo=2, routed)           0.169     2.091    segment0/bank1/read_bank_q_reg_1
    SLICE_X29Y159        LUT6 (Prop_D6LUT_SLICEM_I2_O)
                                                      0.134     2.225 r  segment0/bank1/read_bank_q_i_1/O
                         net (fo=49, routed)          0.405     2.629    segment0/read_start_valid_0
    SLICE_X30Y147        LUT4 (Prop_D6LUT_SLICEL_I2_O)
                                                      0.221     2.850 r  segment0/ready_tag1_q[15]_i_1/O
                         net (fo=17, routed)          0.593     3.443    segment0_n_163
    SLICE_X31Y161        FDRE                                         r  ready_tag1_q_reg[12]/CE
  -------------------------------------------------------------------    -------------------

                         (clock clk rise edge)        5.000     5.000 r  
                                                      0.000     5.000 r  clk (IN)
                         net (fo=629, unset)          0.031     5.031    clk
    SLICE_X31Y161        FDRE                                         r  ready_tag1_q_reg[12]/C
                         clock pessimism              0.000     5.031    
                         clock uncertainty           -0.035     4.996    
    SLICE_X31Y161        FDRE (Setup_GFF_SLICEM_C_CE)
                                                     -0.081     4.915    ready_tag1_q_reg[12]
  -------------------------------------------------------------------
                         required time                          4.915    
                         arrival time                          -3.443    
  -------------------------------------------------------------------
                         slack                                  1.471    

Slack (MET) :             1.471ns  (required time - arrival time)
  Source:                 read_start_tensor_tag[12]
                            (input port clocked by clk  {rise@0.000ns fall@2.500ns period=5.000ns})
  Destination:            ready_tag1_q_reg[7]/CE
                            (rising edge-triggered cell FDRE clocked by clk  {rise@0.000ns fall@2.500ns period=5.000ns})
  Path Group:             clk
  Path Type:              Setup (Max at Slow Process Corner)
  Requirement:            5.000ns  (clk rise@5.000ns - clk rise@0.000ns)
  Data Path Delay:        2.444ns  (logic 0.809ns (33.096%)  route 1.635ns (66.904%))
  Logic Levels:           5  (LUT4=1 LUT5=1 LUT6=3)
  Input Delay:            1.000ns
  Clock Path Skew:        0.031ns (DCD - SCD + CPR)
    Destination Clock Delay (DCD):    0.031ns = ( 5.031 - 5.000 ) 
    Source Clock Delay      (SCD):    0.000ns
    Clock Pessimism Removal (CPR):    0.000ns
  Clock Uncertainty:      0.035ns  ((TSJ^2 + TIJ^2)^1/2 + DJ) / 2 + PE
    Total System Jitter     (TSJ):    0.071ns
    Total Input Jitter      (TIJ):    0.000ns
    Discrete Jitter          (DJ):    0.000ns
    Phase Error              (PE):    0.000ns

    Location             Delay type                Incr(ns)  Path(ns)    Netlist Resource(s)
  -------------------------------------------------------------------    -------------------
                         (clock clk rise edge)        0.000     0.000 r  
                         input delay                  1.000     1.000    
                                                      0.000     1.000 f  read_start_tensor_tag[12] (IN)
                         net (fo=3, unset)            0.000     1.000    segment1/bank1/read_start_tensor_tag[10]
    SLICE_X30Y162        LUT5 (Prop_D5LUT_SLICEL_I1_O)
                                                      0.187     1.187 f  segment1/bank1/read_start_ready_INST_0_i_64/O
                         net (fo=1, routed)           0.304     1.491    segment1/bank1/read_start_ready_INST_0_i_64_n_0
    SLICE_X30Y161        LUT6 (Prop_D6LUT_SLICEL_I0_O)
                                                      0.185     1.676 f  segment1/bank1/read_start_ready_INST_0_i_18/O
                         net (fo=1, routed)           0.164     1.840    segment1/bank1/read_start_ready_INST_0_i_18_n_0
    SLICE_X30Y158        LUT6 (Prop_G6LUT_SLICEL_I0_O)
                                                      0.082     1.922 f  segment1/bank1/read_start_ready_INST_0_i_3/O
                         net (fo=2, routed)           0.169     2.091    segment0/bank1/read_bank_q_reg_1
    SLICE_X29Y159        LUT6 (Prop_D6LUT_SLICEM_I2_O)
                                                      0.134     2.225 r  segment0/bank1/read_bank_q_i_1/O
                         net (fo=49, routed)          0.405     2.629    segment0/read_start_valid_0
    SLICE_X30Y147        LUT4 (Prop_D6LUT_SLICEL_I2_O)
                                                      0.221     2.850 r  segment0/ready_tag1_q[15]_i_1/O
                         net (fo=17, routed)          0.594     3.444    segment0_n_163
    SLICE_X31Y160        FDRE                                         r  ready_tag1_q_reg[7]/CE
  -------------------------------------------------------------------    -------------------

                         (clock clk rise edge)        5.000     5.000 r  
                                                      0.000     5.000 r  clk (IN)
                         net (fo=629, unset)          0.031     5.031    clk
    SLICE_X31Y160        FDRE                                         r  ready_tag1_q_reg[7]/C
                         clock pessimism              0.000     5.031    
                         clock uncertainty           -0.035     4.996    
    SLICE_X31Y160        FDRE (Setup_HFF2_SLICEM_C_CE)
                                                     -0.080     4.916    ready_tag1_q_reg[7]
  -------------------------------------------------------------------
                         required time                          4.916    
                         arrival time                          -3.444    
  -------------------------------------------------------------------
                         slack                                  1.471    

Slack (MET) :             1.471ns  (required time - arrival time)
  Source:                 read_start_tensor_tag[12]
                            (input port clocked by clk  {rise@0.000ns fall@2.500ns period=5.000ns})
  Destination:            ready_tag1_q_reg[8]/CE
                            (rising edge-triggered cell FDRE clocked by clk  {rise@0.000ns fall@2.500ns period=5.000ns})
  Path Group:             clk
  Path Type:              Setup (Max at Slow Process Corner)
  Requirement:            5.000ns  (clk rise@5.000ns - clk rise@0.000ns)
  Data Path Delay:        2.443ns  (logic 0.809ns (33.109%)  route 1.634ns (66.891%))
  Logic Levels:           5  (LUT4=1 LUT5=1 LUT6=3)
  Input Delay:            1.000ns
  Clock Path Skew:        0.031ns (DCD - SCD + CPR)
    Destination Clock Delay (DCD):    0.031ns = ( 5.031 - 5.000 ) 
    Source Clock Delay      (SCD):    0.000ns
    Clock Pessimism Removal (CPR):    0.000ns
  Clock Uncertainty:      0.035ns  ((TSJ^2 + TIJ^2)^1/2 + DJ) / 2 + PE
    Total System Jitter     (TSJ):    0.071ns
    Total Input Jitter      (TIJ):    0.000ns
    Discrete Jitter          (DJ):    0.000ns
    Phase Error              (PE):    0.000ns

    Location             Delay type                Incr(ns)  Path(ns)    Netlist Resource(s)
  -------------------------------------------------------------------    -------------------
                         (clock clk rise edge)        0.000     0.000 r  
                         input delay                  1.000     1.000    
                                                      0.000     1.000 f  read_start_tensor_tag[12] (IN)
                         net (fo=3, unset)            0.000     1.000    segment1/bank1/read_start_tensor_tag[10]
    SLICE_X30Y162        LUT5 (Prop_D5LUT_SLICEL_I1_O)
                                                      0.187     1.187 f  segment1/bank1/read_start_ready_INST_0_i_64/O
                         net (fo=1, routed)           0.304     1.491    segment1/bank1/read_start_ready_INST_0_i_64_n_0
    SLICE_X30Y161        LUT6 (Prop_D6LUT_SLICEL_I0_O)
                                                      0.185     1.676 f  segment1/bank1/read_start_ready_INST_0_i_18/O
                         net (fo=1, routed)           0.164     1.840    segment1/bank1/read_start_ready_INST_0_i_18_n_0
    SLICE_X30Y158        LUT6 (Prop_G6LUT_SLICEL_I0_O)
                                                      0.082     1.922 f  segment1/bank1/read_start_ready_INST_0_i_3/O
                         net (fo=2, routed)           0.169     2.091    segment0/bank1/read_bank_q_reg_1
    SLICE_X29Y159        LUT6 (Prop_D6LUT_SLICEM_I2_O)
                                                      0.134     2.225 r  segment0/bank1/read_bank_q_i_1/O
                         net (fo=49, routed)          0.405     2.629    segment0/read_start_valid_0
    SLICE_X30Y147        LUT4 (Prop_D6LUT_SLICEL_I2_O)
                                                      0.221     2.850 r  segment0/ready_tag1_q[15]_i_1/O
                         net (fo=17, routed)          0.593     3.443    segment0_n_163
    SLICE_X31Y161        FDRE                                         r  ready_tag1_q_reg[8]/CE
  -------------------------------------------------------------------    -------------------

                         (clock clk rise edge)        5.000     5.000 r  
                                                      0.000     5.000 r  clk (IN)
                         net (fo=629, unset)          0.031     5.031    clk
    SLICE_X31Y161        FDRE                                         r  ready_tag1_q_reg[8]/C
                         clock pessimism              0.000     5.031    
                         clock uncertainty           -0.035     4.996    
    SLICE_X31Y161        FDRE (Setup_FFF_SLICEM_C_CE)
                                                     -0.081     4.915    ready_tag1_q_reg[8]
  -------------------------------------------------------------------
                         required time                          4.915    
                         arrival time                          -3.443    
  -------------------------------------------------------------------
                         slack                                  1.471    

Slack (MET) :             1.472ns  (required time - arrival time)
  Source:                 read_start_tensor_tag[12]
                            (input port clocked by clk  {rise@0.000ns fall@2.500ns period=5.000ns})
  Destination:            ready_tag1_q_reg[6]/CE
                            (rising edge-triggered cell FDRE clocked by clk  {rise@0.000ns fall@2.500ns period=5.000ns})
  Path Group:             clk
  Path Type:              Setup (Max at Slow Process Corner)
  Requirement:            5.000ns  (clk rise@5.000ns - clk rise@0.000ns)
  Data Path Delay:        2.442ns  (logic 0.809ns (33.123%)  route 1.633ns (66.877%))
  Logic Levels:           5  (LUT4=1 LUT5=1 LUT6=3)
  Input Delay:            1.000ns
  Clock Path Skew:        0.031ns (DCD - SCD + CPR)
    Destination Clock Delay (DCD):    0.031ns = ( 5.031 - 5.000 ) 
    Source Clock Delay      (SCD):    0.000ns
    Clock Pessimism Removal (CPR):    0.000ns
  Clock Uncertainty:      0.035ns  ((TSJ^2 + TIJ^2)^1/2 + DJ) / 2 + PE
    Total System Jitter     (TSJ):    0.071ns
    Total Input Jitter      (TIJ):    0.000ns
    Discrete Jitter          (DJ):    0.000ns
    Phase Error              (PE):    0.000ns

    Location             Delay type                Incr(ns)  Path(ns)    Netlist Resource(s)
  -------------------------------------------------------------------    -------------------
                         (clock clk rise edge)        0.000     0.000 r  
                         input delay                  1.000     1.000    
                                                      0.000     1.000 f  read_start_tensor_tag[12] (IN)
                         net (fo=3, unset)            0.000     1.000    segment1/bank1/read_start_tensor_tag[10]
    SLICE_X30Y162        LUT5 (Prop_D5LUT_SLICEL_I1_O)
                                                      0.187     1.187 f  segment1/bank1/read_start_ready_INST_0_i_64/O
                         net (fo=1, routed)           0.304     1.491    segment1/bank1/read_start_ready_INST_0_i_64_n_0
    SLICE_X30Y161        LUT6 (Prop_D6LUT_SLICEL_I0_O)
                                                      0.185     1.676 f  segment1/bank1/read_start_ready_INST_0_i_18/O
                         net (fo=1, routed)           0.164     1.840    segment1/bank1/read_start_ready_INST_0_i_18_n_0
    SLICE_X30Y158        LUT6 (Prop_G6LUT_SLICEL_I0_O)
                                                      0.082     1.922 f  segment1/bank1/read_start_ready_INST_0_i_3/O
                         net (fo=2, routed)           0.169     2.091    segment0/bank1/read_bank_q_reg_1
    SLICE_X29Y159        LUT6 (Prop_D6LUT_SLICEM_I2_O)
                                                      0.134     2.225 r  segment0/bank1/read_bank_q_i_1/O
                         net (fo=49, routed)          0.405     2.629    segment0/read_start_valid_0
    SLICE_X30Y147        LUT4 (Prop_D6LUT_SLICEL_I2_O)
                                                      0.221     2.850 r  segment0/ready_tag1_q[15]_i_1/O
                         net (fo=17, routed)          0.592     3.442    segment0_n_163
    SLICE_X31Y160        FDRE                                         r  ready_tag1_q_reg[6]/CE
  -------------------------------------------------------------------    -------------------

                         (clock clk rise edge)        5.000     5.000 r  
                                                      0.000     5.000 r  clk (IN)
                         net (fo=629, unset)          0.031     5.031    clk
    SLICE_X31Y160        FDRE                                         r  ready_tag1_q_reg[6]/C
                         clock pessimism              0.000     5.031    
                         clock uncertainty           -0.035     4.996    
    SLICE_X31Y160        FDRE (Setup_HFF_SLICEM_C_CE)
                                                     -0.081     4.915    ready_tag1_q_reg[6]
  -------------------------------------------------------------------
                         required time                          4.915    
                         arrival time                          -3.442    
  -------------------------------------------------------------------
                         slack                                  1.472    

Slack (MET) :             1.508ns  (required time - arrival time)
  Source:                 read_start_tensor_tag[12]
                            (input port clocked by clk  {rise@0.000ns fall@2.500ns period=5.000ns})
  Destination:            ready_tag0_q_reg[14]/CE
                            (rising edge-triggered cell FDRE clocked by clk  {rise@0.000ns fall@2.500ns period=5.000ns})
  Path Group:             clk
  Path Type:              Setup (Max at Slow Process Corner)
  Requirement:            5.000ns  (clk rise@5.000ns - clk rise@0.000ns)
  Data Path Delay:        2.407ns  (logic 0.805ns (33.443%)  route 1.602ns (66.557%))
  Logic Levels:           5  (LUT4=1 LUT5=1 LUT6=3)
  Input Delay:            1.000ns
  Clock Path Skew:        0.029ns (DCD - SCD + CPR)
    Destination Clock Delay (DCD):    0.029ns = ( 5.029 - 5.000 ) 
    Source Clock Delay      (SCD):    0.000ns
    Clock Pessimism Removal (CPR):    0.000ns
  Clock Uncertainty:      0.035ns  ((TSJ^2 + TIJ^2)^1/2 + DJ) / 2 + PE
    Total System Jitter     (TSJ):    0.071ns
    Total Input Jitter      (TIJ):    0.000ns
    Discrete Jitter          (DJ):    0.000ns
    Phase Error              (PE):    0.000ns

    Location             Delay type                Incr(ns)  Path(ns)    Netlist Resource(s)
  -------------------------------------------------------------------    -------------------
                         (clock clk rise edge)        0.000     0.000 r  
                         input delay                  1.000     1.000    
                                                      0.000     1.000 f  read_start_tensor_tag[12] (IN)
                         net (fo=3, unset)            0.000     1.000    segment1/bank1/read_start_tensor_tag[10]
    SLICE_X30Y162        LUT5 (Prop_D5LUT_SLICEL_I1_O)
                                                      0.187     1.187 f  segment1/bank1/read_start_ready_INST_0_i_64/O
                         net (fo=1, routed)           0.304     1.491    segment1/bank1/read_start_ready_INST_0_i_64_n_0
    SLICE_X30Y161        LUT6 (Prop_D6LUT_SLICEL_I0_O)
                                                      0.185     1.676 f  segment1/bank1/read_start_ready_INST_0_i_18/O
                         net (fo=1, routed)           0.164     1.840    segment1/bank1/read_start_ready_INST_0_i_18_n_0
    SLICE_X30Y158        LUT6 (Prop_G6LUT_SLICEL_I0_O)
                                                      0.082     1.922 f  segment1/bank1/read_start_ready_INST_0_i_3/O
                         net (fo=2, routed)           0.169     2.091    segment0/bank1/read_bank_q_reg_1
    SLICE_X29Y159        LUT6 (Prop_D6LUT_SLICEM_I2_O)
                                                      0.134     2.225 r  segment0/bank1/read_bank_q_i_1/O
                         net (fo=49, routed)          0.405     2.629    segment0/read_start_valid_0
    SLICE_X30Y147        LUT4 (Prop_D5LUT_SLICEL_I2_O)
                                                      0.217     2.846 r  segment0/ready_bank0_q_i_1/O
                         net (fo=17, routed)          0.561     3.407    segment0_n_10
    SLICE_X30Y157        FDRE                                         r  ready_tag0_q_reg[14]/CE
  -------------------------------------------------------------------    -------------------

                         (clock clk rise edge)        5.000     5.000 r  
                                                      0.000     5.000 r  clk (IN)
                         net (fo=629, unset)          0.029     5.029    clk
    SLICE_X30Y157        FDRE                                         r  ready_tag0_q_reg[14]/C
                         clock pessimism              0.000     5.029    
                         clock uncertainty           -0.035     4.994    
    SLICE_X30Y157        FDRE (Setup_DFF_SLICEL_C_CE)
                                                     -0.079     4.915    ready_tag0_q_reg[14]
  -------------------------------------------------------------------
                         required time                          4.915    
                         arrival time                          -3.407    
  -------------------------------------------------------------------
                         slack                                  1.508    





Min Delay Paths
--------------------------------------------------------------------------------------
Slack (MET) :             0.055ns  (arrival time - required time)
  Source:                 segment0/bank1/pending_index_q_reg[5]/C
                            (rising edge-triggered cell FDRE clocked by clk  {rise@0.000ns fall@2.500ns period=5.000ns})
  Destination:            segment0/bank1/read_index_reg[5]/D
                            (rising edge-triggered cell FDRE clocked by clk  {rise@0.000ns fall@2.500ns period=5.000ns})
  Path Group:             clk
  Path Type:              Hold (Min at Slow Process Corner)
  Requirement:            0.000ns  (clk rise@0.000ns - clk rise@0.000ns)
  Data Path Delay:        0.171ns  (logic 0.112ns (65.497%)  route 0.059ns (34.503%))
  Logic Levels:           0  
  Clock Path Skew:        0.013ns (DCD - SCD - CPR)
    Destination Clock Delay (DCD):    0.042ns
    Source Clock Delay      (SCD):    0.029ns
    Clock Pessimism Removal (CPR):    -0.000ns

    Location             Delay type                Incr(ns)  Path(ns)    Netlist Resource(s)
  -------------------------------------------------------------------    -------------------
                         (clock clk rise edge)        0.000     0.000 r  
                                                      0.000     0.000 r  clk (IN)
                         net (fo=629, unset)          0.029     0.029    segment0/bank1/clk
    SLICE_X27Y137        FDRE                                         r  segment0/bank1/pending_index_q_reg[5]/C
  -------------------------------------------------------------------    -------------------
    SLICE_X27Y137        FDRE (Prop_HFF_SLICEL_C_Q)
                                                      0.112     0.141 r  segment0/bank1/pending_index_q_reg[5]/Q
                         net (fo=1, routed)           0.059     0.200    segment0/bank1/pending_index_q_reg_n_0_[5]
    SLICE_X27Y137        FDRE                                         r  segment0/bank1/read_index_reg[5]/D
  -------------------------------------------------------------------    -------------------

                         (clock clk rise edge)        0.000     0.000 r  
                                                      0.000     0.000 r  clk (IN)
                         net (fo=629, unset)          0.042     0.042    segment0/bank1/clk
    SLICE_X27Y137        FDRE                                         r  segment0/bank1/read_index_reg[5]/C
                         clock pessimism              0.000     0.042    
    SLICE_X27Y137        FDRE (Hold_HFF2_SLICEL_C_D)
                                                      0.103     0.145    segment0/bank1/read_index_reg[5]
  -------------------------------------------------------------------
                         required time                         -0.145    
                         arrival time                           0.200    
  -------------------------------------------------------------------
                         slack                                  0.055    

Slack (MET) :             0.071ns  (arrival time - required time)
  Source:                 segment0/bank0/pending_index_q_reg[6]/C
                            (rising edge-triggered cell FDRE clocked by clk  {rise@0.000ns fall@2.500ns period=5.000ns})
  Destination:            segment0/bank0/read_index_reg[6]/D
                            (rising edge-triggered cell FDRE clocked by clk  {rise@0.000ns fall@2.500ns period=5.000ns})
  Path Group:             clk
  Path Type:              Hold (Min at Slow Process Corner)
  Requirement:            0.000ns  (clk rise@0.000ns - clk rise@0.000ns)
  Data Path Delay:        0.186ns  (logic 0.111ns (59.677%)  route 0.075ns (40.323%))
  Logic Levels:           0  
  Clock Path Skew:        0.013ns (DCD - SCD - CPR)
    Destination Clock Delay (DCD):    0.043ns
    Source Clock Delay      (SCD):    0.030ns
    Clock Pessimism Removal (CPR):    -0.000ns

    Location             Delay type                Incr(ns)  Path(ns)    Netlist Resource(s)
  -------------------------------------------------------------------    -------------------
                         (clock clk rise edge)        0.000     0.000 r  
                                                      0.000     0.000 r  clk (IN)
                         net (fo=629, unset)          0.030     0.030    segment0/bank0/clk
    SLICE_X28Y138        FDRE                                         r  segment0/bank0/pending_index_q_reg[6]/C
  -------------------------------------------------------------------    -------------------
    SLICE_X28Y138        FDRE (Prop_BFF_SLICEM_C_Q)
                                                      0.111     0.141 r  segment0/bank0/pending_index_q_reg[6]/Q
                         net (fo=1, routed)           0.075     0.216    segment0/bank0/pending_index_q[6]
    SLICE_X28Y138        FDRE                                         r  segment0/bank0/read_index_reg[6]/D
  -------------------------------------------------------------------    -------------------

                         (clock clk rise edge)        0.000     0.000 r  
                                                      0.000     0.000 r  clk (IN)
                         net (fo=629, unset)          0.043     0.043    segment0/bank0/clk
    SLICE_X28Y138        FDRE                                         r  segment0/bank0/read_index_reg[6]/C
                         clock pessimism              0.000     0.043    
    SLICE_X28Y138        FDRE (Hold_CFF2_SLICEM_C_D)
                                                      0.102     0.145    segment0/bank0/read_index_reg[6]
  -------------------------------------------------------------------
                         required time                         -0.145    
                         arrival time                           0.216    
  -------------------------------------------------------------------
                         slack                                  0.071    

Slack (MET) :             0.091ns  (arrival time - required time)
  Source:                 segment1/fill_words_accepted_q_reg[8]/C
                            (rising edge-triggered cell FDRE clocked by clk  {rise@0.000ns fall@2.500ns period=5.000ns})
  Destination:            segment1/fill_words_accepted_q_reg[9]/D
                            (rising edge-triggered cell FDRE clocked by clk  {rise@0.000ns fall@2.500ns period=5.000ns})
  Path Group:             clk
  Path Type:              Hold (Min at Fast Process Corner)
  Requirement:            0.000ns  (clk rise@0.000ns - clk rise@0.000ns)
  Data Path Delay:        0.143ns  (logic 0.107ns (74.735%)  route 0.036ns (25.265%))
  Logic Levels:           1  (LUT5=1)
  Clock Path Skew:        0.007ns (DCD - SCD - CPR)
    Destination Clock Delay (DCD):    0.021ns
    Source Clock Delay      (SCD):    0.014ns
    Clock Pessimism Removal (CPR):    -0.000ns

    Location             Delay type                Incr(ns)  Path(ns)    Netlist Resource(s)
  -------------------------------------------------------------------    -------------------
                         (clock clk rise edge)        0.000     0.000 r  
                                                      0.000     0.000 r  clk (IN)
                         net (fo=629, unset)          0.014     0.014    segment1/clk
    SLICE_X31Y142        FDRE                                         r  segment1/fill_words_accepted_q_reg[8]/C
  -------------------------------------------------------------------    -------------------
    SLICE_X31Y142        FDRE (Prop_BFF_SLICEM_C_Q)
                                                      0.082     0.096 r  segment1/fill_words_accepted_q_reg[8]/Q
                         net (fo=4, routed)           0.027     0.123    segment1/fill_words_accepted_q_reg[8]
    SLICE_X31Y142        LUT5 (Prop_B5LUT_SLICEM_I0_O)
                                                      0.025     0.148 r  segment1/fill_words_accepted_q[9]_i_2/O
                         net (fo=1, routed)           0.009     0.157    segment1/fill_words_accepted_q[9]_i_2_n_0
    SLICE_X31Y142        FDRE                                         r  segment1/fill_words_accepted_q_reg[9]/D
  -------------------------------------------------------------------    -------------------

                         (clock clk rise edge)        0.000     0.000 r  
                                                      0.000     0.000 r  clk (IN)
                         net (fo=629, unset)          0.021     0.021    segment1/clk
    SLICE_X31Y142        FDRE                                         r  segment1/fill_words_accepted_q_reg[9]/C
                         clock pessimism              0.000     0.021    
    SLICE_X31Y142        FDRE (Hold_BFF2_SLICEM_C_D)
                                                      0.045     0.066    segment1/fill_words_accepted_q_reg[9]
  -------------------------------------------------------------------
                         required time                         -0.066    
                         arrival time                           0.157    
  -------------------------------------------------------------------
                         slack                                  0.091    

Slack (MET) :             0.091ns  (arrival time - required time)
  Source:                 segment0/bank1/write_addr_q_reg[6]/C
                            (rising edge-triggered cell FDRE clocked by clk  {rise@0.000ns fall@2.500ns period=5.000ns})
  Destination:            segment0/bank1/mem_reg/ADDRBWRADDR[12]
                            (rising edge-triggered cell RAMB36E2 clocked by clk  {rise@0.000ns fall@2.500ns period=5.000ns})
  Path Group:             clk
  Path Type:              Hold (Min at Fast Process Corner)
  Requirement:            0.000ns  (clk rise@0.000ns - clk rise@0.000ns)
  Data Path Delay:        0.144ns  (logic 0.084ns (58.208%)  route 0.060ns (41.792%))
  Logic Levels:           0  
  Clock Path Skew:        0.046ns (DCD - SCD - CPR)
    Destination Clock Delay (DCD):    0.060ns
    Source Clock Delay      (SCD):    0.014ns
    Clock Pessimism Removal (CPR):    -0.000ns

    Location             Delay type                Incr(ns)  Path(ns)    Netlist Resource(s)
  -------------------------------------------------------------------    -------------------
                         (clock clk rise edge)        0.000     0.000 r  
                                                      0.000     0.000 r  clk (IN)
                         net (fo=629, unset)          0.014     0.014    segment0/bank1/clk
    SLICE_X27Y129        FDRE                                         r  segment0/bank1/write_addr_q_reg[6]/C
  -------------------------------------------------------------------    -------------------
    SLICE_X27Y129        FDRE (Prop_CFF_SLICEL_C_Q)
                                                      0.084     0.098 r  segment0/bank1/write_addr_q_reg[6]/Q
                         net (fo=4, routed)           0.060     0.158    segment0/bank1/write_addr_q[6]
    RAMB36_X0Y25         RAMB36E2                                     r  segment0/bank1/mem_reg/ADDRBWRADDR[12]
  -------------------------------------------------------------------    -------------------

                         (clock clk rise edge)        0.000     0.000 r  
                                                      0.000     0.000 r  clk (IN)
                         net (fo=629, unset)          0.060     0.060    segment0/bank1/clk
    RAMB36_X0Y25         RAMB36E2                                     r  segment0/bank1/mem_reg/CLKBWRCLK
                         clock pessimism              0.000     0.060    
    RAMB36_X0Y25         RAMB36E2 (Hold_RAMB36E2_RAMB36_CLKBWRCLK_ADDRBWRADDR[12])
                                                      0.007     0.067    segment0/bank1/mem_reg
  -------------------------------------------------------------------
                         required time                         -0.067    
                         arrival time                           0.158    
  -------------------------------------------------------------------
                         slack                                  0.091    

Slack (MET) :             0.094ns  (arrival time - required time)
  Source:                 segment0/bank1/pending_last_q_reg/C
                            (rising edge-triggered cell FDRE clocked by clk  {rise@0.000ns fall@2.500ns period=5.000ns})
  Destination:            segment0/bank1/read_last_reg/D
                            (rising edge-triggered cell FDRE clocked by clk  {rise@0.000ns fall@2.500ns period=5.000ns})
  Path Group:             clk
  Path Type:              Hold (Min at Slow Process Corner)
  Requirement:            0.000ns  (clk rise@0.000ns - clk rise@0.000ns)
  Data Path Delay:        0.208ns  (logic 0.112ns (53.846%)  route 0.096ns (46.154%))
  Logic Levels:           0  
  Clock Path Skew:        0.011ns (DCD - SCD - CPR)
    Destination Clock Delay (DCD):    0.042ns
    Source Clock Delay      (SCD):    0.031ns
    Clock Pessimism Removal (CPR):    -0.000ns

    Location             Delay type                Incr(ns)  Path(ns)    Netlist Resource(s)
  -------------------------------------------------------------------    -------------------
                         (clock clk rise edge)        0.000     0.000 r  
                                                      0.000     0.000 r  clk (IN)
                         net (fo=629, unset)          0.031     0.031    segment0/bank1/clk
    SLICE_X28Y137        FDRE                                         r  segment0/bank1/pending_last_q_reg/C
  -------------------------------------------------------------------    -------------------
    SLICE_X28Y137        FDRE (Prop_HFF_SLICEM_C_Q)
                                                      0.112     0.143 r  segment0/bank1/pending_last_q_reg/Q
                         net (fo=1, routed)           0.096     0.239    segment0/bank1/pending_last_q_reg_n_0
    SLICE_X27Y137        FDRE                                         r  segment0/bank1/read_last_reg/D
  -------------------------------------------------------------------    -------------------

                         (clock clk rise edge)        0.000     0.000 r  
                                                      0.000     0.000 r  clk (IN)
                         net (fo=629, unset)          0.042     0.042    segment0/bank1/clk
    SLICE_X27Y137        FDRE                                         r  segment0/bank1/read_last_reg/C
                         clock pessimism              0.000     0.042    
    SLICE_X27Y137        FDRE (Hold_FFF2_SLICEL_C_D)
                                                      0.103     0.145    segment0/bank1/read_last_reg
  -------------------------------------------------------------------
                         required time                         -0.145    
                         arrival time                           0.239    
  -------------------------------------------------------------------
                         slack                                  0.094    

Slack (MET) :             0.095ns  (arrival time - required time)
  Source:                 segment1/bank0/lane_mask_q_reg[5]/C
                            (rising edge-triggered cell FDRE clocked by clk  {rise@0.000ns fall@2.500ns period=5.000ns})
  Destination:            segment1/bank0/read_lane_mask_reg[5]/D
                            (rising edge-triggered cell FDRE clocked by clk  {rise@0.000ns fall@2.500ns period=5.000ns})
  Path Group:             clk
  Path Type:              Hold (Min at Fast Process Corner)
  Requirement:            0.000ns  (clk rise@0.000ns - clk rise@0.000ns)
  Data Path Delay:        0.147ns  (logic 0.082ns (55.782%)  route 0.065ns (44.218%))
  Logic Levels:           0  
  Clock Path Skew:        0.007ns (DCD - SCD - CPR)
    Destination Clock Delay (DCD):    0.021ns
    Source Clock Delay      (SCD):    0.014ns
    Clock Pessimism Removal (CPR):    -0.000ns

    Location             Delay type                Incr(ns)  Path(ns)    Netlist Resource(s)
  -------------------------------------------------------------------    -------------------
                         (clock clk rise edge)        0.000     0.000 r  
                                                      0.000     0.000 r  clk (IN)
                         net (fo=629, unset)          0.014     0.014    segment1/bank0/clk
    SLICE_X29Y136        FDRE                                         r  segment1/bank0/lane_mask_q_reg[5]/C
  -------------------------------------------------------------------    -------------------
    SLICE_X29Y136        FDRE (Prop_AFF_SLICEM_C_Q)
                                                      0.082     0.096 r  segment1/bank0/lane_mask_q_reg[5]/Q
                         net (fo=1, routed)           0.065     0.161    segment1/bank0/lane_mask_q[5]
    SLICE_X29Y136        FDRE                                         r  segment1/bank0/read_lane_mask_reg[5]/D
  -------------------------------------------------------------------    -------------------

                         (clock clk rise edge)        0.000     0.000 r  
                                                      0.000     0.000 r  clk (IN)
                         net (fo=629, unset)          0.021     0.021    segment1/bank0/clk
    SLICE_X29Y136        FDRE                                         r  segment1/bank0/read_lane_mask_reg[5]/C
                         clock pessimism              0.000     0.021    
    SLICE_X29Y136        FDRE (Hold_HFF2_SLICEM_C_D)
                                                      0.045     0.066    segment1/bank0/read_lane_mask_reg[5]
  -------------------------------------------------------------------
                         required time                         -0.066    
                         arrival time                           0.161    
  -------------------------------------------------------------------
                         slack                                  0.095    

Slack (MET) :             0.095ns  (arrival time - required time)
  Source:                 segment1/bank0/reads_issued_q_reg[6]/C
                            (rising edge-triggered cell FDRE clocked by clk  {rise@0.000ns fall@2.500ns period=5.000ns})
  Destination:            segment1/bank0/reads_issued_q_reg[7]/D
                            (rising edge-triggered cell FDRE clocked by clk  {rise@0.000ns fall@2.500ns period=5.000ns})
  Path Group:             clk
  Path Type:              Hold (Min at Fast Process Corner)
  Requirement:            0.000ns  (clk rise@0.000ns - clk rise@0.000ns)
  Data Path Delay:        0.145ns  (logic 0.107ns (73.655%)  route 0.038ns (26.345%))
  Logic Levels:           1  (LUT4=1)
  Clock Path Skew:        0.005ns (DCD - SCD - CPR)
    Destination Clock Delay (DCD):    0.019ns
    Source Clock Delay      (SCD):    0.014ns
    Clock Pessimism Removal (CPR):    -0.000ns

    Location             Delay type                Incr(ns)  Path(ns)    Netlist Resource(s)
  -------------------------------------------------------------------    -------------------
                         (clock clk rise edge)        0.000     0.000 r  
                                                      0.000     0.000 r  clk (IN)
                         net (fo=629, unset)          0.014     0.014    segment1/bank0/clk
    SLICE_X27Y144        FDRE                                         r  segment1/bank0/reads_issued_q_reg[6]/C
  -------------------------------------------------------------------    -------------------
    SLICE_X27Y144        FDRE (Prop_BFF_SLICEL_C_Q)
                                                      0.084     0.098 r  segment1/bank0/reads_issued_q_reg[6]/Q
                         net (fo=9, routed)           0.030     0.128    segment1/bank0/reads_issued_q_reg_n_0_[6]
    SLICE_X27Y144        LUT4 (Prop_B5LUT_SLICEL_I3_O)
                                                      0.023     0.151 r  segment1/bank0/reads_issued_q[7]_i_1__1/O
                         net (fo=1, routed)           0.008     0.159    segment1/bank0/reads_issued_q[7]_i_1__1_n_0
    SLICE_X27Y144        FDRE                                         r  segment1/bank0/reads_issued_q_reg[7]/D
  -------------------------------------------------------------------    -------------------

                         (clock clk rise edge)        0.000     0.000 r  
                                                      0.000     0.000 r  clk (IN)
                         net (fo=629, unset)          0.019     0.019    segment1/bank0/clk
    SLICE_X27Y144        FDRE                                         r  segment1/bank0/reads_issued_q_reg[7]/C
                         clock pessimism              0.000     0.019    
    SLICE_X27Y144        FDRE (Hold_BFF2_SLICEL_C_D)
                                                      0.045     0.064    segment1/bank0/reads_issued_q_reg[7]
  -------------------------------------------------------------------
                         required time                         -0.064    
                         arrival time                           0.159    
  -------------------------------------------------------------------
                         slack                                  0.095    

Slack (MET) :             0.096ns  (arrival time - required time)
  Source:                 segment1/bank0/reads_issued_q_reg[6]/C
                            (rising edge-triggered cell FDRE clocked by clk  {rise@0.000ns fall@2.500ns period=5.000ns})
  Destination:            segment1/bank0/mem_reg/ADDRARDADDR[12]
                            (rising edge-triggered cell RAMB36E2 clocked by clk  {rise@0.000ns fall@2.500ns period=5.000ns})
  Path Group:             clk
  Path Type:              Hold (Min at Fast Process Corner)
  Requirement:            0.000ns  (clk rise@0.000ns - clk rise@0.000ns)
  Data Path Delay:        0.149ns  (logic 0.084ns (56.525%)  route 0.065ns (43.475%))
  Logic Levels:           0  
  Clock Path Skew:        0.046ns (DCD - SCD - CPR)
    Destination Clock Delay (DCD):    0.060ns
    Source Clock Delay      (SCD):    0.014ns
    Clock Pessimism Removal (CPR):    -0.000ns

    Location             Delay type                Incr(ns)  Path(ns)    Netlist Resource(s)
  -------------------------------------------------------------------    -------------------
                         (clock clk rise edge)        0.000     0.000 r  
                                                      0.000     0.000 r  clk (IN)
                         net (fo=629, unset)          0.014     0.014    segment1/bank0/clk
    SLICE_X27Y144        FDRE                                         r  segment1/bank0/reads_issued_q_reg[6]/C
  -------------------------------------------------------------------    -------------------
    SLICE_X27Y144        FDRE (Prop_BFF_SLICEL_C_Q)
                                                      0.084     0.098 r  segment1/bank0/reads_issued_q_reg[6]/Q
                         net (fo=9, routed)           0.065     0.163    segment1/bank0/reads_issued_q_reg_n_0_[6]
    RAMB36_X0Y28         RAMB36E2                                     r  segment1/bank0/mem_reg/ADDRARDADDR[12]
  -------------------------------------------------------------------    -------------------

                         (clock clk rise edge)        0.000     0.000 r  
                                                      0.000     0.000 r  clk (IN)
                         net (fo=629, unset)          0.060     0.060    segment1/bank0/clk
    RAMB36_X0Y28         RAMB36E2                                     r  segment1/bank0/mem_reg/CLKARDCLK
                         clock pessimism              0.000     0.060    
    RAMB36_X0Y28         RAMB36E2 (Hold_RAMB36E2_RAMB36_CLKARDCLK_ADDRARDADDR[12])
                                                      0.007     0.067    segment1/bank0/mem_reg
  -------------------------------------------------------------------
                         required time                         -0.067    
                         arrival time                           0.163    
  -------------------------------------------------------------------
                         slack                                  0.096    

Slack (MET) :             0.098ns  (arrival time - required time)
  Source:                 segment1/bank0/write_addr_q_reg[5]/C
                            (rising edge-triggered cell FDRE clocked by clk  {rise@0.000ns fall@2.500ns period=5.000ns})
  Destination:            segment1/bank0/mem_reg/ADDRBWRADDR[11]
                            (rising edge-triggered cell RAMB36E2 clocked by clk  {rise@0.000ns fall@2.500ns period=5.000ns})
  Path Group:             clk
  Path Type:              Hold (Min at Fast Process Corner)
  Requirement:            0.000ns  (clk rise@0.000ns - clk rise@0.000ns)
  Data Path Delay:        0.151ns  (logic 0.085ns (56.177%)  route 0.066ns (43.823%))
  Logic Levels:           0  
  Clock Path Skew:        0.046ns (DCD - SCD - CPR)
    Destination Clock Delay (DCD):    0.060ns
    Source Clock Delay      (SCD):    0.014ns
    Clock Pessimism Removal (CPR):    -0.000ns

    Location             Delay type                Incr(ns)  Path(ns)    Netlist Resource(s)
  -------------------------------------------------------------------    -------------------
                         (clock clk rise edge)        0.000     0.000 r  
                                                      0.000     0.000 r  clk (IN)
                         net (fo=629, unset)          0.014     0.014    segment1/bank0/clk
    SLICE_X27Y143        FDRE                                         r  segment1/bank0/write_addr_q_reg[5]/C
  -------------------------------------------------------------------    -------------------
    SLICE_X27Y143        FDRE (Prop_AFF2_SLICEL_C_Q)
                                                      0.085     0.099 r  segment1/bank0/write_addr_q_reg[5]/Q
                         net (fo=3, routed)           0.066     0.165    segment1/bank0/write_addr_q[5]
    RAMB36_X0Y28         RAMB36E2                                     r  segment1/bank0/mem_reg/ADDRBWRADDR[11]
  -------------------------------------------------------------------    -------------------

                         (clock clk rise edge)        0.000     0.000 r  
                                                      0.000     0.000 r  clk (IN)
                         net (fo=629, unset)          0.060     0.060    segment1/bank0/clk
    RAMB36_X0Y28         RAMB36E2                                     r  segment1/bank0/mem_reg/CLKBWRCLK
                         clock pessimism              0.000     0.060    
    RAMB36_X0Y28         RAMB36E2 (Hold_RAMB36E2_RAMB36_CLKBWRCLK_ADDRBWRADDR[11])
                                                      0.007     0.067    segment1/bank0/mem_reg
  -------------------------------------------------------------------
                         required time                         -0.067    
                         arrival time                           0.165    
  -------------------------------------------------------------------
                         slack                                  0.098    

Slack (MET) :             0.100ns  (arrival time - required time)
  Source:                 segment1/bank0/reads_issued_q_reg[3]/C
                            (rising edge-triggered cell FDRE clocked by clk  {rise@0.000ns fall@2.500ns period=5.000ns})
  Destination:            segment1/bank0/pending_index_q_reg[3]/D
                            (rising edge-triggered cell FDRE clocked by clk  {rise@0.000ns fall@2.500ns period=5.000ns})
  Path Group:             clk
  Path Type:              Hold (Min at Slow Process Corner)
  Requirement:            0.000ns  (clk rise@0.000ns - clk rise@0.000ns)
  Data Path Delay:        0.216ns  (logic 0.113ns (52.404%)  route 0.103ns (47.596%))
  Logic Levels:           0  
  Clock Path Skew:        0.013ns (DCD - SCD - CPR)
    Destination Clock Delay (DCD):    0.042ns
    Source Clock Delay      (SCD):    0.029ns
    Clock Pessimism Removal (CPR):    -0.000ns

    Location             Delay type                Incr(ns)  Path(ns)    Netlist Resource(s)
  -------------------------------------------------------------------    -------------------
                         (clock clk rise edge)        0.000     0.000 r  
                                                      0.000     0.000 r  clk (IN)
                         net (fo=629, unset)          0.029     0.029    segment1/bank0/clk
    SLICE_X27Y144        FDRE                                         r  segment1/bank0/reads_issued_q_reg[3]/C
  -------------------------------------------------------------------    -------------------
    SLICE_X27Y144        FDRE (Prop_CFF2_SLICEL_C_Q)
                                                      0.113     0.142 r  segment1/bank0/reads_issued_q_reg[3]/Q
                         net (fo=9, routed)           0.103     0.245    segment1/bank0/reads_issued_q_reg_n_0_[3]
    SLICE_X27Y143        FDRE                                         r  segment1/bank0/pending_index_q_reg[3]/D
  -------------------------------------------------------------------    -------------------

                         (clock clk rise edge)        0.000     0.000 r  
                                                      0.000     0.000 r  clk (IN)
                         net (fo=629, unset)          0.042     0.042    segment1/bank0/clk
    SLICE_X27Y143        FDRE                                         r  segment1/bank0/pending_index_q_reg[3]/C
                         clock pessimism              0.000     0.042    
    SLICE_X27Y143        FDRE (Hold_HFF2_SLICEL_C_D)
                                                      0.103     0.145    segment1/bank0/pending_index_q_reg[3]
  -------------------------------------------------------------------
                         required time                         -0.145    
                         arrival time                           0.245    
  -------------------------------------------------------------------
                         slack                                  0.100    

Slack (MET) :             0.100ns  (arrival time - required time)
  Source:                 segment0/bank0/reads_issued_q_reg[2]/C
                            (rising edge-triggered cell FDRE clocked by clk  {rise@0.000ns fall@2.500ns period=5.000ns})
  Destination:            segment0/bank0/reads_issued_q_reg[3]/D
                            (rising edge-triggered cell FDRE clocked by clk  {rise@0.000ns fall@2.500ns period=5.000ns})
  Path Group:             clk
  Path Type:              Hold (Min at Fast Process Corner)
  Requirement:            0.000ns  (clk rise@0.000ns - clk rise@0.000ns)
  Data Path Delay:        0.152ns  (logic 0.107ns (70.437%)  route 0.045ns (29.563%))
  Logic Levels:           1  (LUT5=1)
  Clock Path Skew:        0.007ns (DCD - SCD - CPR)
    Destination Clock Delay (DCD):    0.021ns
    Source Clock Delay      (SCD):    0.014ns
    Clock Pessimism Removal (CPR):    -0.000ns

    Location             Delay type                Incr(ns)  Path(ns)    Netlist Resource(s)
  -------------------------------------------------------------------    -------------------
                         (clock clk rise edge)        0.000     0.000 r  
                                                      0.000     0.000 r  clk (IN)
                         net (fo=629, unset)          0.014     0.014    segment0/bank0/clk
    SLICE_X28Y133        FDRE                                         r  segment0/bank0/reads_issued_q_reg[2]/C
  -------------------------------------------------------------------    -------------------
    SLICE_X28Y133        FDRE (Prop_HFF_SLICEM_C_Q)
                                                      0.083     0.097 r  segment0/bank0/reads_issued_q_reg[2]/Q
                         net (fo=7, routed)           0.038     0.135    segment0/bank0/reads_issued_q_reg_n_0_[2]
    SLICE_X28Y133        LUT5 (Prop_H5LUT_SLICEM_I3_O)
                                                      0.024     0.159 r  segment0/bank0/reads_issued_q[3]_i_1__0/O
                         net (fo=1, routed)           0.007     0.166    segment0/bank0/reads_issued_q[3]_i_1__0_n_0
    SLICE_X28Y133        FDRE                                         r  segment0/bank0/reads_issued_q_reg[3]/D
  -------------------------------------------------------------------    -------------------

                         (clock clk rise edge)        0.000     0.000 r  
                                                      0.000     0.000 r  clk (IN)
                         net (fo=629, unset)          0.021     0.021    segment0/bank0/clk
    SLICE_X28Y133        FDRE                                         r  segment0/bank0/reads_issued_q_reg[3]/C
                         clock pessimism              0.000     0.021    
    SLICE_X28Y133        FDRE (Hold_HFF2_SLICEM_C_D)
                                                      0.045     0.066    segment0/bank0/reads_issued_q_reg[3]
  -------------------------------------------------------------------
                         required time                         -0.066    
                         arrival time                           0.166    
  -------------------------------------------------------------------
                         slack                                  0.100    

Slack (MET) :             0.100ns  (arrival time - required time)
  Source:                 segment1/bank0/tensor_tag_q_reg[15]/C
                            (rising edge-triggered cell FDRE clocked by clk  {rise@0.000ns fall@2.500ns period=5.000ns})
  Destination:            segment1/bank0/read_tensor_tag_reg[15]/D
                            (rising edge-triggered cell FDRE clocked by clk  {rise@0.000ns fall@2.500ns period=5.000ns})
  Path Group:             clk
  Path Type:              Hold (Min at Fast Process Corner)
  Requirement:            0.000ns  (clk rise@0.000ns - clk rise@0.000ns)
  Data Path Delay:        0.150ns  (logic 0.084ns (56.000%)  route 0.066ns (44.000%))
  Logic Levels:           0  
  Clock Path Skew:        0.006ns (DCD - SCD - CPR)
    Destination Clock Delay (DCD):    0.020ns
    Source Clock Delay      (SCD):    0.014ns
    Clock Pessimism Removal (CPR):    -0.000ns

    Location             Delay type                Incr(ns)  Path(ns)    Netlist Resource(s)
  -------------------------------------------------------------------    -------------------
                         (clock clk rise edge)        0.000     0.000 r  
                                                      0.000     0.000 r  clk (IN)
                         net (fo=629, unset)          0.014     0.014    segment1/bank0/clk
    SLICE_X30Y132        FDRE                                         r  segment1/bank0/tensor_tag_q_reg[15]/C
  -------------------------------------------------------------------    -------------------
    SLICE_X30Y132        FDRE (Prop_CFF_SLICEL_C_Q)
                                                      0.084     0.098 r  segment1/bank0/tensor_tag_q_reg[15]/Q
                         net (fo=1, routed)           0.066     0.164    segment1/bank0/tensor_tag_q[15]
    SLICE_X30Y132        FDRE                                         r  segment1/bank0/read_tensor_tag_reg[15]/D
  -------------------------------------------------------------------    -------------------

                         (clock clk rise edge)        0.000     0.000 r  
                                                      0.000     0.000 r  clk (IN)
                         net (fo=629, unset)          0.020     0.020    segment1/bank0/clk
    SLICE_X30Y132        FDRE                                         r  segment1/bank0/read_tensor_tag_reg[15]/C
                         clock pessimism              0.000     0.020    
    SLICE_X30Y132        FDRE (Hold_GFF_SLICEL_C_D)
                                                      0.044     0.064    segment1/bank0/read_tensor_tag_reg[15]
  -------------------------------------------------------------------
                         required time                         -0.064    
                         arrival time                           0.164    
  -------------------------------------------------------------------
                         slack                                  0.100    

Slack (MET) :             0.101ns  (arrival time - required time)
  Source:                 segment1/bank0/write_addr_q_reg[8]/C
                            (rising edge-triggered cell FDRE clocked by clk  {rise@0.000ns fall@2.500ns period=5.000ns})
  Destination:            segment1/bank0/write_addr_q_reg[8]/D
                            (rising edge-triggered cell FDRE clocked by clk  {rise@0.000ns fall@2.500ns period=5.000ns})
  Path Group:             clk
  Path Type:              Hold (Min at Fast Process Corner)
  Requirement:            0.000ns  (clk rise@0.000ns - clk rise@0.000ns)
  Data Path Delay:        0.150ns  (logic 0.106ns (70.839%)  route 0.044ns (29.161%))
  Logic Levels:           1  (LUT6=1)
  Clock Path Skew:        0.005ns (DCD - SCD - CPR)
    Destination Clock Delay (DCD):    0.019ns
    Source Clock Delay      (SCD):    0.014ns
    Clock Pessimism Removal (CPR):    -0.000ns

    Location             Delay type                Incr(ns)  Path(ns)    Netlist Resource(s)
  -------------------------------------------------------------------    -------------------
                         (clock clk rise edge)        0.000     0.000 r  
                                                      0.000     0.000 r  clk (IN)
                         net (fo=629, unset)          0.014     0.014    segment1/bank0/clk
    SLICE_X27Y145        FDRE                                         r  segment1/bank0/write_addr_q_reg[8]/C
  -------------------------------------------------------------------    -------------------
    SLICE_X27Y145        FDRE (Prop_BFF_SLICEL_C_Q)
                                                      0.084     0.098 r  segment1/bank0/write_addr_q_reg[8]/Q
                         net (fo=2, routed)           0.027     0.125    segment1/bank0/write_addr_q[8]
    SLICE_X27Y145        LUT6 (Prop_B6LUT_SLICEL_I5_O)
                                                      0.022     0.147 r  segment1/bank0/write_addr_q[8]_i_3__2/O
                         net (fo=1, routed)           0.017     0.164    segment1/bank0/write_addr_q[8]_i_3__2_n_0
    SLICE_X27Y145        FDRE                                         r  segment1/bank0/write_addr_q_reg[8]/D
  -------------------------------------------------------------------    -------------------

                         (clock clk rise edge)        0.000     0.000 r  
                                                      0.000     0.000 r  clk (IN)
                         net (fo=629, unset)          0.019     0.019    segment1/bank0/clk
    SLICE_X27Y145        FDRE                                         r  segment1/bank0/write_addr_q_reg[8]/C
                         clock pessimism              0.000     0.019    
    SLICE_X27Y145        FDRE (Hold_BFF_SLICEL_C_D)
                                                      0.044     0.063    segment1/bank0/write_addr_q_reg[8]
  -------------------------------------------------------------------
                         required time                         -0.063    
                         arrival time                           0.164    
  -------------------------------------------------------------------
                         slack                                  0.101    

Slack (MET) :             0.101ns  (arrival time - required time)
  Source:                 segment1/bank1/write_addr_q_reg[8]/C
                            (rising edge-triggered cell FDRE clocked by clk  {rise@0.000ns fall@2.500ns period=5.000ns})
  Destination:            segment1/bank1/write_addr_q_reg[8]/D
                            (rising edge-triggered cell FDRE clocked by clk  {rise@0.000ns fall@2.500ns period=5.000ns})
  Path Group:             clk
  Path Type:              Hold (Min at Fast Process Corner)
  Requirement:            0.000ns  (clk rise@0.000ns - clk rise@0.000ns)
  Data Path Delay:        0.150ns  (logic 0.105ns (70.170%)  route 0.045ns (29.830%))
  Logic Levels:           1  (LUT6=1)
  Clock Path Skew:        0.005ns (DCD - SCD - CPR)
    Destination Clock Delay (DCD):    0.019ns
    Source Clock Delay      (SCD):    0.014ns
    Clock Pessimism Removal (CPR):    -0.000ns

    Location             Delay type                Incr(ns)  Path(ns)    Netlist Resource(s)
  -------------------------------------------------------------------    -------------------
                         (clock clk rise edge)        0.000     0.000 r  
                                                      0.000     0.000 r  clk (IN)
                         net (fo=629, unset)          0.014     0.014    segment1/bank1/clk
    SLICE_X26Y139        FDRE                                         r  segment1/bank1/write_addr_q_reg[8]/C
  -------------------------------------------------------------------    -------------------
    SLICE_X26Y139        FDRE (Prop_DFF_SLICEL_C_Q)
                                                      0.084     0.098 r  segment1/bank1/write_addr_q_reg[8]/Q
                         net (fo=2, routed)           0.027     0.125    segment1/bank1/write_addr_q[8]
    SLICE_X26Y139        LUT6 (Prop_D6LUT_SLICEL_I5_O)
                                                      0.021     0.146 r  segment1/bank1/write_addr_q[8]_i_3__1/O
                         net (fo=1, routed)           0.018     0.164    segment1/bank1/write_addr_q[8]_i_3__1_n_0
    SLICE_X26Y139        FDRE                                         r  segment1/bank1/write_addr_q_reg[8]/D
  -------------------------------------------------------------------    -------------------

                         (clock clk rise edge)        0.000     0.000 r  
                                                      0.000     0.000 r  clk (IN)
                         net (fo=629, unset)          0.019     0.019    segment1/bank1/clk
    SLICE_X26Y139        FDRE                                         r  segment1/bank1/write_addr_q_reg[8]/C
                         clock pessimism              0.000     0.019    
    SLICE_X26Y139        FDRE (Hold_DFF_SLICEL_C_D)
                                                      0.044     0.063    segment1/bank1/write_addr_q_reg[8]
  -------------------------------------------------------------------
                         required time                         -0.063    
                         arrival time                           0.164    
  -------------------------------------------------------------------
                         slack                                  0.101    

Slack (MET) :             0.101ns  (arrival time - required time)
  Source:                 segment1/bank0/reads_issued_q_reg[8]/C
                            (rising edge-triggered cell FDRE clocked by clk  {rise@0.000ns fall@2.500ns period=5.000ns})
  Destination:            segment1/bank0/reads_issued_q_reg[9]/D
                            (rising edge-triggered cell FDRE clocked by clk  {rise@0.000ns fall@2.500ns period=5.000ns})
  Path Group:             clk
  Path Type:              Hold (Min at Fast Process Corner)
  Requirement:            0.000ns  (clk rise@0.000ns - clk rise@0.000ns)
  Data Path Delay:        0.151ns  (logic 0.106ns (70.246%)  route 0.045ns (29.754%))
  Logic Levels:           1  (LUT4=1)
  Clock Path Skew:        0.005ns (DCD - SCD - CPR)
    Destination Clock Delay (DCD):    0.019ns
    Source Clock Delay      (SCD):    0.014ns
    Clock Pessimism Removal (CPR):    -0.000ns

    Location             Delay type                Incr(ns)  Path(ns)    Netlist Resource(s)
  -------------------------------------------------------------------    -------------------
                         (clock clk rise edge)        0.000     0.000 r  
                                                      0.000     0.000 r  clk (IN)
                         net (fo=629, unset)          0.014     0.014    segment1/bank0/clk
    SLICE_X26Y144        FDRE                                         r  segment1/bank0/reads_issued_q_reg[8]/C
  -------------------------------------------------------------------    -------------------
    SLICE_X26Y144        FDRE (Prop_AFF_SLICEL_C_Q)
                                                      0.084     0.098 r  segment1/bank0/reads_issued_q_reg[8]/Q
                         net (fo=8, routed)           0.037     0.135    segment1/bank0/reads_issued_q_reg_n_0_[8]
    SLICE_X26Y144        LUT4 (Prop_A5LUT_SLICEL_I1_O)
                                                      0.022     0.157 r  segment1/bank0/reads_issued_q[9]_i_2__1/O
                         net (fo=1, routed)           0.008     0.165    segment1/bank0/p_1_in__1[9]
    SLICE_X26Y144        FDRE                                         r  segment1/bank0/reads_issued_q_reg[9]/D
  -------------------------------------------------------------------    -------------------

                         (clock clk rise edge)        0.000     0.000 r  
                                                      0.000     0.000 r  clk (IN)
                         net (fo=629, unset)          0.019     0.019    segment1/bank0/clk
    SLICE_X26Y144        FDRE                                         r  segment1/bank0/reads_issued_q_reg[9]/C
                         clock pessimism              0.000     0.019    
    SLICE_X26Y144        FDRE (Hold_AFF2_SLICEL_C_D)
                                                      0.045     0.064    segment1/bank0/reads_issued_q_reg[9]
  -------------------------------------------------------------------
                         required time                         -0.064    
                         arrival time                           0.165    
  -------------------------------------------------------------------
                         slack                                  0.101    

Slack (MET) :             0.101ns  (arrival time - required time)
  Source:                 segment0/bank1/lane_mask_q_reg[3]/C
                            (rising edge-triggered cell FDRE clocked by clk  {rise@0.000ns fall@2.500ns period=5.000ns})
  Destination:            segment0/bank1/read_lane_mask_reg[3]/D
                            (rising edge-triggered cell FDRE clocked by clk  {rise@0.000ns fall@2.500ns period=5.000ns})
  Path Group:             clk
  Path Type:              Hold (Min at Fast Process Corner)
  Requirement:            0.000ns  (clk rise@0.000ns - clk rise@0.000ns)
  Data Path Delay:        0.152ns  (logic 0.082ns (53.947%)  route 0.070ns (46.053%))
  Logic Levels:           0  
  Clock Path Skew:        0.007ns (DCD - SCD - CPR)
    Destination Clock Delay (DCD):    0.021ns
    Source Clock Delay      (SCD):    0.014ns
    Clock Pessimism Removal (CPR):    -0.000ns

    Location             Delay type                Incr(ns)  Path(ns)    Netlist Resource(s)
  -------------------------------------------------------------------    -------------------
                         (clock clk rise edge)        0.000     0.000 r  
                                                      0.000     0.000 r  clk (IN)
                         net (fo=629, unset)          0.014     0.014    segment0/bank1/clk
    SLICE_X31Y139        FDRE                                         r  segment0/bank1/lane_mask_q_reg[3]/C
  -------------------------------------------------------------------    -------------------
    SLICE_X31Y139        FDRE (Prop_AFF_SLICEM_C_Q)
                                                      0.082     0.096 r  segment0/bank1/lane_mask_q_reg[3]/Q
                         net (fo=1, routed)           0.070     0.166    segment0/bank1/lane_mask_q_reg_n_0_[3]
    SLICE_X31Y139        FDRE                                         r  segment0/bank1/read_lane_mask_reg[3]/D
  -------------------------------------------------------------------    -------------------

                         (clock clk rise edge)        0.000     0.000 r  
                                                      0.000     0.000 r  clk (IN)
                         net (fo=629, unset)          0.021     0.021    segment0/bank1/clk
    SLICE_X31Y139        FDRE                                         r  segment0/bank1/read_lane_mask_reg[3]/C
                         clock pessimism              0.000     0.021    
    SLICE_X31Y139        FDRE (Hold_HFF_SLICEM_C_D)
                                                      0.044     0.065    segment0/bank1/read_lane_mask_reg[3]
  -------------------------------------------------------------------
                         required time                         -0.065    
                         arrival time                           0.166    
  -------------------------------------------------------------------
                         slack                                  0.101    

Slack (MET) :             0.102ns  (arrival time - required time)
  Source:                 segment0/bank0/pending_index_q_reg[4]/C
                            (rising edge-triggered cell FDRE clocked by clk  {rise@0.000ns fall@2.500ns period=5.000ns})
  Destination:            segment0/bank0/read_index_reg[4]/D
                            (rising edge-triggered cell FDRE clocked by clk  {rise@0.000ns fall@2.500ns period=5.000ns})
  Path Group:             clk
  Path Type:              Hold (Min at Fast Process Corner)
  Requirement:            0.000ns  (clk rise@0.000ns - clk rise@0.000ns)
  Data Path Delay:        0.151ns  (logic 0.084ns (55.629%)  route 0.067ns (44.371%))
  Logic Levels:           0  
  Clock Path Skew:        0.005ns (DCD - SCD - CPR)
    Destination Clock Delay (DCD):    0.019ns
    Source Clock Delay      (SCD):    0.014ns
    Clock Pessimism Removal (CPR):    -0.000ns

    Location             Delay type                Incr(ns)  Path(ns)    Netlist Resource(s)
  -------------------------------------------------------------------    -------------------
                         (clock clk rise edge)        0.000     0.000 r  
                                                      0.000     0.000 r  clk (IN)
                         net (fo=629, unset)          0.014     0.014    segment0/bank0/clk
    SLICE_X30Y135        FDRE                                         r  segment0/bank0/pending_index_q_reg[4]/C
  -------------------------------------------------------------------    -------------------
    SLICE_X30Y135        FDRE (Prop_GFF_SLICEL_C_Q)
                                                      0.084     0.098 r  segment0/bank0/pending_index_q_reg[4]/Q
                         net (fo=1, routed)           0.067     0.165    segment0/bank0/pending_index_q[4]
    SLICE_X30Y135        FDRE                                         r  segment0/bank0/read_index_reg[4]/D
  -------------------------------------------------------------------    -------------------

                         (clock clk rise edge)        0.000     0.000 r  
                                                      0.000     0.000 r  clk (IN)
                         net (fo=629, unset)          0.019     0.019    segment0/bank0/clk
    SLICE_X30Y135        FDRE                                         r  segment0/bank0/read_index_reg[4]/C
                         clock pessimism              0.000     0.019    
    SLICE_X30Y135        FDRE (Hold_CFF_SLICEL_C_D)
                                                      0.044     0.063    segment0/bank0/read_index_reg[4]
  -------------------------------------------------------------------
                         required time                         -0.063    
                         arrival time                           0.165    
  -------------------------------------------------------------------
                         slack                                  0.102    

Slack (MET) :             0.102ns  (arrival time - required time)
  Source:                 segment0/bank0/tensor_tag_q_reg[12]/C
                            (rising edge-triggered cell FDRE clocked by clk  {rise@0.000ns fall@2.500ns period=5.000ns})
  Destination:            segment0/bank0/read_tensor_tag_reg[12]/D
                            (rising edge-triggered cell FDRE clocked by clk  {rise@0.000ns fall@2.500ns period=5.000ns})
  Path Group:             clk
  Path Type:              Hold (Min at Fast Process Corner)
  Requirement:            0.000ns  (clk rise@0.000ns - clk rise@0.000ns)
  Data Path Delay:        0.151ns  (logic 0.084ns (55.629%)  route 0.067ns (44.371%))
  Logic Levels:           0  
  Clock Path Skew:        0.005ns (DCD - SCD - CPR)
    Destination Clock Delay (DCD):    0.019ns
    Source Clock Delay      (SCD):    0.014ns
    Clock Pessimism Removal (CPR):    -0.000ns

    Location             Delay type                Incr(ns)  Path(ns)    Netlist Resource(s)
  -------------------------------------------------------------------    -------------------
                         (clock clk rise edge)        0.000     0.000 r  
                                                      0.000     0.000 r  clk (IN)
                         net (fo=629, unset)          0.014     0.014    segment0/bank0/clk
    SLICE_X30Y131        FDRE                                         r  segment0/bank0/tensor_tag_q_reg[12]/C
  -------------------------------------------------------------------    -------------------
    SLICE_X30Y131        FDRE (Prop_EFF_SLICEL_C_Q)
                                                      0.084     0.098 r  segment0/bank0/tensor_tag_q_reg[12]/Q
                         net (fo=1, routed)           0.067     0.165    segment0/bank0/tensor_tag_q[12]
    SLICE_X30Y131        FDRE                                         r  segment0/bank0/read_tensor_tag_reg[12]/D
  -------------------------------------------------------------------    -------------------

                         (clock clk rise edge)        0.000     0.000 r  
                                                      0.000     0.000 r  clk (IN)
                         net (fo=629, unset)          0.019     0.019    segment0/bank0/clk
    SLICE_X30Y131        FDRE                                         r  segment0/bank0/read_tensor_tag_reg[12]/C
                         clock pessimism              0.000     0.019    
    SLICE_X30Y131        FDRE (Hold_AFF_SLICEL_C_D)
                                                      0.044     0.063    segment0/bank0/read_tensor_tag_reg[12]
  -------------------------------------------------------------------
                         required time                         -0.063    
                         arrival time                           0.165    
  -------------------------------------------------------------------
                         slack                                  0.102    

Slack (MET) :             0.104ns  (arrival time - required time)
  Source:                 segment0/bank1/pending_index_q_reg[3]/C
                            (rising edge-triggered cell FDRE clocked by clk  {rise@0.000ns fall@2.500ns period=5.000ns})
  Destination:            segment0/bank1/read_index_reg[3]/D
                            (rising edge-triggered cell FDRE clocked by clk  {rise@0.000ns fall@2.500ns period=5.000ns})
  Path Group:             clk
  Path Type:              Hold (Min at Fast Process Corner)
  Requirement:            0.000ns  (clk rise@0.000ns - clk rise@0.000ns)
  Data Path Delay:        0.154ns  (logic 0.085ns (55.195%)  route 0.069ns (44.805%))
  Logic Levels:           0  
  Clock Path Skew:        0.006ns (DCD - SCD - CPR)
    Destination Clock Delay (DCD):    0.020ns
    Source Clock Delay      (SCD):    0.014ns
    Clock Pessimism Removal (CPR):    -0.000ns

    Location             Delay type                Incr(ns)  Path(ns)    Netlist Resource(s)
  -------------------------------------------------------------------    -------------------
                         (clock clk rise edge)        0.000     0.000 r  
                                                      0.000     0.000 r  clk (IN)
                         net (fo=629, unset)          0.014     0.014    segment0/bank1/clk
    SLICE_X30Y134        FDRE                                         r  segment0/bank1/pending_index_q_reg[3]/C
  -------------------------------------------------------------------    -------------------
    SLICE_X30Y134        FDRE (Prop_GFF2_SLICEL_C_Q)
                                                      0.085     0.099 r  segment0/bank1/pending_index_q_reg[3]/Q
                         net (fo=1, routed)           0.069     0.168    segment0/bank1/pending_index_q_reg_n_0_[3]
    SLICE_X30Y133        FDRE                                         r  segment0/bank1/read_index_reg[3]/D
  -------------------------------------------------------------------    -------------------

                         (clock clk rise edge)        0.000     0.000 r  
                                                      0.000     0.000 r  clk (IN)
                         net (fo=629, unset)          0.020     0.020    segment0/bank1/clk
    SLICE_X30Y133        FDRE                                         r  segment0/bank1/read_index_reg[3]/C
                         clock pessimism              0.000     0.020    
    SLICE_X30Y133        FDRE (Hold_EFF_SLICEL_C_D)
                                                      0.044     0.064    segment0/bank1/read_index_reg[3]
  -------------------------------------------------------------------
                         required time                         -0.064    
                         arrival time                           0.168    
  -------------------------------------------------------------------
                         slack                                  0.104    

Slack (MET) :             0.105ns  (arrival time - required time)
  Source:                 segment1/bank1/reads_issued_q_reg[4]/C
                            (rising edge-triggered cell FDRE clocked by clk  {rise@0.000ns fall@2.500ns period=5.000ns})
  Destination:            segment1/bank1/reads_issued_q_reg[4]/D
                            (rising edge-triggered cell FDRE clocked by clk  {rise@0.000ns fall@2.500ns period=5.000ns})
  Path Group:             clk
  Path Type:              Hold (Min at Fast Process Corner)
  Requirement:            0.000ns  (clk rise@0.000ns - clk rise@0.000ns)
  Data Path Delay:        0.156ns  (logic 0.103ns (66.180%)  route 0.053ns (33.820%))
  Logic Levels:           1  (LUT6=1)
  Clock Path Skew:        0.007ns (DCD - SCD - CPR)
    Destination Clock Delay (DCD):    0.021ns
    Source Clock Delay      (SCD):    0.014ns
    Clock Pessimism Removal (CPR):    -0.000ns

    Location             Delay type                Incr(ns)  Path(ns)    Netlist Resource(s)
  -------------------------------------------------------------------    -------------------
                         (clock clk rise edge)        0.000     0.000 r  
                                                      0.000     0.000 r  clk (IN)
                         net (fo=629, unset)          0.014     0.014    segment1/bank1/clk
    SLICE_X29Y138        FDRE                                         r  segment1/bank1/reads_issued_q_reg[4]/C
  -------------------------------------------------------------------    -------------------
    SLICE_X29Y138        FDRE (Prop_BFF_SLICEM_C_Q)
                                                      0.082     0.096 r  segment1/bank1/reads_issued_q_reg[4]/Q
                         net (fo=8, routed)           0.029     0.125    segment1/bank1/reads_issued_q_reg_n_0_[4]
    SLICE_X29Y138        LUT6 (Prop_B6LUT_SLICEM_I5_O)
                                                      0.021     0.146 r  segment1/bank1/reads_issued_q[4]_i_1__2/O
                         net (fo=1, routed)           0.024     0.170    segment1/bank1/reads_issued_q[4]_i_1__2_n_0
    SLICE_X29Y138        FDRE                                         r  segment1/bank1/reads_issued_q_reg[4]/D
  -------------------------------------------------------------------    -------------------

                         (clock clk rise edge)        0.000     0.000 r  
                                                      0.000     0.000 r  clk (IN)
                         net (fo=629, unset)          0.021     0.021    segment1/bank1/clk
    SLICE_X29Y138        FDRE                                         r  segment1/bank1/reads_issued_q_reg[4]/C
                         clock pessimism              0.000     0.021    
    SLICE_X29Y138        FDRE (Hold_BFF_SLICEM_C_D)
                                                      0.044     0.065    segment1/bank1/reads_issued_q_reg[4]
  -------------------------------------------------------------------
                         required time                         -0.065    
                         arrival time                           0.170    
  -------------------------------------------------------------------
                         slack                                  0.105    





Pulse Width Checks
--------------------------------------------------------------------------------------
Clock Name:         clk
Waveform(ns):       { 0.000 2.500 }
Period(ns):         5.000
Sources:            { clk }

Check Type        Corner  Lib Pin             Reference Pin  Required(ns)  Actual(ns)  Slack(ns)  Location       Pin
Min Period        n/a     RAMB36E2/CLKARDCLK  n/a            1.960         5.000       3.040      RAMB36_X0Y26   segment0/bank0/mem_reg/CLKARDCLK
Min Period        n/a     RAMB36E2/CLKBWRCLK  n/a            1.960         5.000       3.040      RAMB36_X0Y26   segment0/bank0/mem_reg/CLKBWRCLK
Min Period        n/a     RAMB36E2/CLKARDCLK  n/a            1.960         5.000       3.040      RAMB36_X0Y25   segment0/bank1/mem_reg/CLKARDCLK
Min Period        n/a     RAMB36E2/CLKBWRCLK  n/a            1.960         5.000       3.040      RAMB36_X0Y25   segment0/bank1/mem_reg/CLKBWRCLK
Min Period        n/a     RAMB36E2/CLKARDCLK  n/a            1.960         5.000       3.040      RAMB36_X0Y28   segment1/bank0/mem_reg/CLKARDCLK
Min Period        n/a     RAMB36E2/CLKBWRCLK  n/a            1.960         5.000       3.040      RAMB36_X0Y28   segment1/bank0/mem_reg/CLKBWRCLK
Min Period        n/a     RAMB36E2/CLKARDCLK  n/a            1.960         5.000       3.040      RAMB36_X0Y27   segment1/bank1/mem_reg/CLKARDCLK
Min Period        n/a     RAMB36E2/CLKBWRCLK  n/a            1.960         5.000       3.040      RAMB36_X0Y27   segment1/bank1/mem_reg/CLKBWRCLK
Min Period        n/a     FDRE/C              n/a            0.550         5.000       4.450      SLICE_X31Y147  context_error_q_reg/C
Min Period        n/a     FDRE/C              n/a            0.550         5.000       4.450      SLICE_X31Y144  fill_active_q_reg/C
Min Period        n/a     FDRE/C              n/a            0.550         5.000       4.450      SLICE_X31Y137  fill_is_pooled_q_reg/C
Min Period        n/a     FDRE/C              n/a            0.550         5.000       4.450      SLICE_X30Y137  fill_lane_mask_q_reg[0]/C
Min Period        n/a     FDRE/C              n/a            0.550         5.000       4.450      SLICE_X31Y138  fill_lane_mask_q_reg[1]/C
Min Period        n/a     FDRE/C              n/a            0.550         5.000       4.450      SLICE_X31Y138  fill_lane_mask_q_reg[2]/C
Min Period        n/a     FDRE/C              n/a            0.550         5.000       4.450      SLICE_X28Y137  fill_lane_mask_q_reg[3]/C
Min Period        n/a     FDRE/C              n/a            0.550         5.000       4.450      SLICE_X31Y137  fill_lane_mask_q_reg[4]/C
Min Period        n/a     FDRE/C              n/a            0.550         5.000       4.450      SLICE_X31Y137  fill_lane_mask_q_reg[5]/C
Min Period        n/a     FDRE/C              n/a            0.550         5.000       4.450      SLICE_X31Y137  fill_lane_mask_q_reg[6]/C
Min Period        n/a     FDRE/C              n/a            0.550         5.000       4.450      SLICE_X31Y139  fill_lane_mask_q_reg[7]/C
Min Period        n/a     FDRE/C              n/a            0.550         5.000       4.450      SLICE_X31Y158  fill_tensor_tag_q_reg[0]/C
Low Pulse Width   Slow    RAMB36E2/CLKARDCLK  n/a            0.577         2.500       1.923      RAMB36_X0Y26   segment0/bank0/mem_reg/CLKARDCLK
Low Pulse Width   Fast    RAMB36E2/CLKARDCLK  n/a            0.577         2.500       1.923      RAMB36_X0Y26   segment0/bank0/mem_reg/CLKARDCLK
Low Pulse Width   Slow    RAMB36E2/CLKBWRCLK  n/a            0.577         2.500       1.923      RAMB36_X0Y26   segment0/bank0/mem_reg/CLKBWRCLK
Low Pulse Width   Fast    RAMB36E2/CLKBWRCLK  n/a            0.577         2.500       1.923      RAMB36_X0Y26   segment0/bank0/mem_reg/CLKBWRCLK
Low Pulse Width   Slow    RAMB36E2/CLKARDCLK  n/a            0.577         2.500       1.923      RAMB36_X0Y25   segment0/bank1/mem_reg/CLKARDCLK
Low Pulse Width   Fast    RAMB36E2/CLKARDCLK  n/a            0.577         2.500       1.923      RAMB36_X0Y25   segment0/bank1/mem_reg/CLKARDCLK
Low Pulse Width   Slow    RAMB36E2/CLKBWRCLK  n/a            0.577         2.500       1.923      RAMB36_X0Y25   segment0/bank1/mem_reg/CLKBWRCLK
Low Pulse Width   Fast    RAMB36E2/CLKBWRCLK  n/a            0.577         2.500       1.923      RAMB36_X0Y25   segment0/bank1/mem_reg/CLKBWRCLK
Low Pulse Width   Slow    RAMB36E2/CLKARDCLK  n/a            0.577         2.500       1.923      RAMB36_X0Y28   segment1/bank0/mem_reg/CLKARDCLK
Low Pulse Width   Fast    RAMB36E2/CLKARDCLK  n/a            0.577         2.500       1.923      RAMB36_X0Y28   segment1/bank0/mem_reg/CLKARDCLK
Low Pulse Width   Slow    RAMB36E2/CLKBWRCLK  n/a            0.577         2.500       1.923      RAMB36_X0Y28   segment1/bank0/mem_reg/CLKBWRCLK
Low Pulse Width   Fast    RAMB36E2/CLKBWRCLK  n/a            0.577         2.500       1.923      RAMB36_X0Y28   segment1/bank0/mem_reg/CLKBWRCLK
Low Pulse Width   Slow    RAMB36E2/CLKARDCLK  n/a            0.577         2.500       1.923      RAMB36_X0Y27   segment1/bank1/mem_reg/CLKARDCLK
Low Pulse Width   Fast    RAMB36E2/CLKARDCLK  n/a            0.577         2.500       1.923      RAMB36_X0Y27   segment1/bank1/mem_reg/CLKARDCLK
Low Pulse Width   Slow    RAMB36E2/CLKBWRCLK  n/a            0.577         2.500       1.923      RAMB36_X0Y27   segment1/bank1/mem_reg/CLKBWRCLK
Low Pulse Width   Fast    RAMB36E2/CLKBWRCLK  n/a            0.577         2.500       1.923      RAMB36_X0Y27   segment1/bank1/mem_reg/CLKBWRCLK
Low Pulse Width   Slow    FDRE/C              n/a            0.275         2.500       2.225      SLICE_X31Y147  context_error_q_reg/C
Low Pulse Width   Fast    FDRE/C              n/a            0.275         2.500       2.225      SLICE_X31Y147  context_error_q_reg/C
Low Pulse Width   Slow    FDRE/C              n/a            0.275         2.500       2.225      SLICE_X31Y144  fill_active_q_reg/C
Low Pulse Width   Fast    FDRE/C              n/a            0.275         2.500       2.225      SLICE_X31Y144  fill_active_q_reg/C
High Pulse Width  Slow    RAMB36E2/CLKARDCLK  n/a            0.577         2.500       1.923      RAMB36_X0Y26   segment0/bank0/mem_reg/CLKARDCLK
High Pulse Width  Fast    RAMB36E2/CLKARDCLK  n/a            0.577         2.500       1.923      RAMB36_X0Y26   segment0/bank0/mem_reg/CLKARDCLK
High Pulse Width  Slow    RAMB36E2/CLKBWRCLK  n/a            0.577         2.500       1.923      RAMB36_X0Y26   segment0/bank0/mem_reg/CLKBWRCLK
High Pulse Width  Fast    RAMB36E2/CLKBWRCLK  n/a            0.577         2.500       1.923      RAMB36_X0Y26   segment0/bank0/mem_reg/CLKBWRCLK
High Pulse Width  Slow    RAMB36E2/CLKARDCLK  n/a            0.577         2.500       1.923      RAMB36_X0Y25   segment0/bank1/mem_reg/CLKARDCLK
High Pulse Width  Fast    RAMB36E2/CLKARDCLK  n/a            0.577         2.500       1.923      RAMB36_X0Y25   segment0/bank1/mem_reg/CLKARDCLK
High Pulse Width  Slow    RAMB36E2/CLKBWRCLK  n/a            0.577         2.500       1.923      RAMB36_X0Y25   segment0/bank1/mem_reg/CLKBWRCLK
High Pulse Width  Fast    RAMB36E2/CLKBWRCLK  n/a            0.577         2.500       1.923      RAMB36_X0Y25   segment0/bank1/mem_reg/CLKBWRCLK
High Pulse Width  Slow    RAMB36E2/CLKARDCLK  n/a            0.577         2.500       1.923      RAMB36_X0Y28   segment1/bank0/mem_reg/CLKARDCLK
High Pulse Width  Fast    RAMB36E2/CLKARDCLK  n/a            0.577         2.500       1.923      RAMB36_X0Y28   segment1/bank0/mem_reg/CLKARDCLK
High Pulse Width  Slow    RAMB36E2/CLKBWRCLK  n/a            0.577         2.500       1.923      RAMB36_X0Y28   segment1/bank0/mem_reg/CLKBWRCLK
High Pulse Width  Fast    RAMB36E2/CLKBWRCLK  n/a            0.577         2.500       1.923      RAMB36_X0Y28   segment1/bank0/mem_reg/CLKBWRCLK
High Pulse Width  Slow    RAMB36E2/CLKARDCLK  n/a            0.577         2.500       1.923      RAMB36_X0Y27   segment1/bank1/mem_reg/CLKARDCLK
High Pulse Width  Fast    RAMB36E2/CLKARDCLK  n/a            0.577         2.500       1.923      RAMB36_X0Y27   segment1/bank1/mem_reg/CLKARDCLK
High Pulse Width  Slow    RAMB36E2/CLKBWRCLK  n/a            0.577         2.500       1.923      RAMB36_X0Y27   segment1/bank1/mem_reg/CLKBWRCLK
High Pulse Width  Fast    RAMB36E2/CLKBWRCLK  n/a            0.577         2.500       1.923      RAMB36_X0Y27   segment1/bank1/mem_reg/CLKBWRCLK
High Pulse Width  Slow    FDRE/C              n/a            0.275         2.500       2.225      SLICE_X31Y147  context_error_q_reg/C
High Pulse Width  Fast    FDRE/C              n/a            0.275         2.500       2.225      SLICE_X31Y147  context_error_q_reg/C
High Pulse Width  Slow    FDRE/C              n/a            0.275         2.500       2.225      SLICE_X31Y144  fill_active_q_reg/C
High Pulse Width  Fast    FDRE/C              n/a            0.275         2.500       2.225      SLICE_X31Y144  fill_active_q_reg/C



