Copyright 1986-2022 Xilinx, Inc. All Rights Reserved. Copyright 2022-2024 Advanced Micro Devices, Inc. All Rights Reserved.
------------------------------------------------------------------------------------------------------------------------------------------------------------------------------------------------------------------------------------------------------------------------
| Tool Version      : Vivado v.2024.1 (lin64) Build 5076996 Wed May 22 18:36:09 MDT 2024
| Date              : Thu Sep  3 11:54:41 2026
| Host              : yundodo running 64-bit unknown
| Command           : report_timing_summary -delay_type min_max -check_timing_verbose -max_paths 20 -file /home/dodo/Documents/Codex/2026-08-31/kv260-alexnet-rtl/alexnet/reports/m4n8_rs_activation_resident_weight_dual_accum_datapath/200mhz/impl_timing_summary.rpt
| Design            : alexnet_m4n8_rs_activation_resident_weight_dual_accum_datapath
| Device            : xck26-sfvc784
| Speed File        : -2LV  PRODUCTION 1.30 05-15-2022
| Design State      : Routed
| Temperature Grade : C
------------------------------------------------------------------------------------------------------------------------------------------------------------------------------------------------------------------------------------------------------------------------

Timing Summary Report

------------------------------------------------------------------------------------------------
| Timer Settings
| --------------
------------------------------------------------------------------------------------------------

  Enable Multi Corner Analysis               :  Yes
  Enable Pessimism Removal                   :  Yes
  Pessimism Removal Resolution               :  Nearest Common Node
  Enable Input Delay Default Clock           :  No
  Enable Preset / Clear Arcs                 :  No
  Disable Flight Delays                      :  No
  Ignore I/O Paths                           :  No
  Timing Early Launch at Borrowing Latches   :  No
  Borrow Time for Max Delay Exceptions       :  Yes
  Merge Timing Exceptions                    :  Yes
  Inter-SLR Compensation                     :  Conservative

  Corner  Analyze    Analyze    
  Name    Max Paths  Min Paths  
  ------  ---------  ---------  
  Slow    Yes        Yes        
  Fast    Yes        Yes        


------------------------------------------------------------------------------------------------
| Report Methodology
| ------------------
------------------------------------------------------------------------------------------------

No report available as report_methodology has not been run prior. Run report_methodology on the current design for the summary of methodology violations.



check_timing report

Table of Contents
-----------------
1. checking no_clock (0)
2. checking constant_clock (0)
3. checking pulse_width_clock (0)
4. checking unconstrained_internal_endpoints (0)
5. checking no_input_delay (0)
6. checking no_output_delay (0)
7. checking multiple_clock (0)
8. checking generated_clocks (0)
9. checking loops (0)
10. checking partial_input_delay (0)
11. checking partial_output_delay (0)
12. checking latch_loops (0)

1. checking no_clock (0)
------------------------
 There are 0 register/latch pins with no clock.


2. checking constant_clock (0)
------------------------------
 There are 0 register/latch pins with constant_clock.


3. checking pulse_width_clock (0)
---------------------------------
 There are 0 register/latch pins which need pulse_width check


4. checking unconstrained_internal_endpoints (0)
------------------------------------------------
 There are 0 pins that are not constrained for maximum delay.

 There are 0 pins that are not constrained for maximum delay due to constant clock.


5. checking no_input_delay (0)
------------------------------
 There are 0 input ports with no input delay specified.

 There are 0 input ports with no input delay but user has a false path constraint.


6. checking no_output_delay (0)
-------------------------------
 There are 0 ports with no output delay specified.

 There are 0 ports with no output delay but user has a false path constraint

 There are 0 ports with no output delay but with a timing clock defined on it or propagating through it


7. checking multiple_clock (0)
------------------------------
 There are 0 register/latch pins with multiple clocks.


8. checking generated_clocks (0)
--------------------------------
 There are 0 generated clocks that are not connected to a clock source.


9. checking loops (0)
---------------------
 There are 0 combinational loops in the design.


10. checking partial_input_delay (0)
------------------------------------
 There are 0 input ports with partial input delay specified.


11. checking partial_output_delay (0)
-------------------------------------
 There are 0 ports with partial output delay specified.


12. checking latch_loops (0)
----------------------------
 There are 0 combinational latch loops in the design through latch input



------------------------------------------------------------------------------------------------
| Design Timing Summary
| ---------------------
------------------------------------------------------------------------------------------------

    WNS(ns)      TNS(ns)  TNS Failing Endpoints  TNS Total Endpoints      WHS(ns)      THS(ns)  THS Failing Endpoints  THS Total Endpoints     WPWS(ns)     TPWS(ns)  TPWS Failing Endpoints  TPWS Total Endpoints  
    -------      -------  ---------------------  -------------------      -------      -------  ---------------------  -------------------     --------     --------  ----------------------  --------------------  
      0.495        0.000                      0                24237        0.046        0.000                      0                24237        1.738        0.000                       0                  5639  


All user specified timing constraints are met.


------------------------------------------------------------------------------------------------
| Clock Summary
| -------------
------------------------------------------------------------------------------------------------

Clock  Waveform(ns)         Period(ns)      Frequency(MHz)
-----  ------------         ----------      --------------
clk    {0.000 2.500}        5.000           200.000         


------------------------------------------------------------------------------------------------
| Intra Clock Table
| -----------------
------------------------------------------------------------------------------------------------

Clock             WNS(ns)      TNS(ns)  TNS Failing Endpoints  TNS Total Endpoints      WHS(ns)      THS(ns)  THS Failing Endpoints  THS Total Endpoints     WPWS(ns)     TPWS(ns)  TPWS Failing Endpoints  TPWS Total Endpoints  
-----             -------      -------  ---------------------  -------------------      -------      -------  ---------------------  -------------------     --------     --------  ----------------------  --------------------  
clk                 0.495        0.000                      0                24237        0.046        0.000                      0                24237        1.738        0.000                       0                  5639  


------------------------------------------------------------------------------------------------
| Inter Clock Table
| -----------------
------------------------------------------------------------------------------------------------

From Clock    To Clock          WNS(ns)      TNS(ns)  TNS Failing Endpoints  TNS Total Endpoints      WHS(ns)      THS(ns)  THS Failing Endpoints  THS Total Endpoints  
----------    --------          -------      -------  ---------------------  -------------------      -------      -------  ---------------------  -------------------  


------------------------------------------------------------------------------------------------
| Other Path Groups Table
| -----------------------
------------------------------------------------------------------------------------------------

Path Group    From Clock    To Clock          WNS(ns)      TNS(ns)  TNS Failing Endpoints  TNS Total Endpoints      WHS(ns)      THS(ns)  THS Failing Endpoints  THS Total Endpoints  
----------    ----------    --------          -------      -------  ---------------------  -------------------      -------      -------  ---------------------  -------------------  


------------------------------------------------------------------------------------------------
| Timing Details
| --------------
------------------------------------------------------------------------------------------------


---------------------------------------------------------------------------------------------------
From Clock:  clk
  To Clock:  clk

Setup :            0  Failing Endpoints,  Worst Slack        0.495ns,  Total Violation        0.000ns
Hold  :            0  Failing Endpoints,  Worst Slack        0.046ns,  Total Violation        0.000ns
PW    :            0  Failing Endpoints,  Worst Slack        1.738ns,  Total Violation        0.000ns
---------------------------------------------------------------------------------------------------


Max Delay Paths
--------------------------------------------------------------------------------------
Slack (MET) :             0.495ns  (required time - arrival time)
  Source:                 activation_pooled_lane_mask[4]
                            (input port clocked by clk  {rise@0.000ns fall@2.500ns period=5.000ns})
  Destination:            u_activation/segment1/bank0/mem_reg/ENBWREN
                            (rising edge-triggered cell RAMB36E2 clocked by clk  {rise@0.000ns fall@2.500ns period=5.000ns})
  Path Group:             clk
  Path Type:              Setup (Max at Slow Process Corner)
  Requirement:            5.000ns  (clk rise@5.000ns - clk rise@0.000ns)
  Data Path Delay:        3.056ns  (logic 0.859ns (28.111%)  route 2.197ns (71.889%))
  Logic Levels:           8  (LUT4=2 LUT5=2 LUT6=4)
  Input Delay:            1.000ns
  Clock Path Skew:        0.048ns (DCD - SCD + CPR)
    Destination Clock Delay (DCD):    0.048ns = ( 5.048 - 5.000 ) 
    Source Clock Delay      (SCD):    0.000ns
    Clock Pessimism Removal (CPR):    0.000ns
  Clock Uncertainty:      0.035ns  ((TSJ^2 + TIJ^2)^1/2 + DJ) / 2 + PE
    Total System Jitter     (TSJ):    0.071ns
    Total Input Jitter      (TIJ):    0.000ns
    Discrete Jitter          (DJ):    0.000ns
    Phase Error              (PE):    0.000ns

    Location             Delay type                Incr(ns)  Path(ns)    Netlist Resource(s)
  -------------------------------------------------------------------    -------------------
                         (clock clk rise edge)        0.000     0.000 r  
                         input delay                  1.000     1.000    
                                                      0.000     1.000 f  activation_pooled_lane_mask[4] (IN)
                         net (fo=1, unset)            0.000     1.000    u_activation/segment0/bank1/activation_pooled_lane_mask[4]
    SLICE_X38Y8          LUT4 (Prop_A6LUT_SLICEM_I0_O)
                                                      0.152     1.152 f  u_activation/segment0/bank1/activation_direct_ready_INST_0_i_43/O
                         net (fo=1, routed)           0.053     1.205    u_activation/segment0/bank1/activation_direct_ready_INST_0_i_43_n_0
    SLICE_X38Y8          LUT5 (Prop_B6LUT_SLICEM_I4_O)
                                                      0.137     1.342 f  u_activation/segment0/bank1/activation_direct_ready_INST_0_i_40/O
                         net (fo=1, routed)           0.108     1.450    u_activation/segment0/bank1/activation_direct_ready_INST_0_i_40_n_0
    SLICE_X38Y8          LUT6 (Prop_C6LUT_SLICEM_I5_O)
                                                      0.056     1.506 f  u_activation/segment0/bank1/activation_direct_ready_INST_0_i_32/O
                         net (fo=1, routed)           0.155     1.661    u_activation/segment0/bank1/activation_direct_ready_INST_0_i_32_n_0
    SLICE_X38Y8          LUT6 (Prop_H6LUT_SLICEM_I5_O)
                                                      0.060     1.721 f  u_activation/segment0/bank1/activation_direct_ready_INST_0_i_19/O
                         net (fo=2, routed)           0.262     1.983    u_activation/segment0/bank1/activation_direct_lane_mask_3_sn_1
    SLICE_X38Y10         LUT6 (Prop_C6LUT_SLICEM_I1_O)
                                                      0.135     2.118 f  u_activation/segment0/bank1/mem_reg_i_73/O
                         net (fo=2, routed)           0.233     2.351    u_activation/segment0/bank1/activation_direct_lane_mask_2_sn_1
    SLICE_X36Y10         LUT6 (Prop_G6LUT_SLICEL_I2_O)
                                                      0.082     2.433 r  u_activation/segment0/bank1/mem_reg_i_70/O
                         net (fo=12, routed)          0.137     2.569    u_activation/segment1/bank1/fill_words_accepted_q_reg[0]
    SLICE_X35Y10         LUT5 (Prop_G6LUT_SLICEM_I4_O)
                                                      0.082     2.651 r  u_activation/segment1/bank1/fill_words_accepted_q[9]_i_2/O
                         net (fo=24, routed)          0.346     2.997    u_activation/segment1/bank0/sel
    SLICE_X41Y9          LUT4 (Prop_G5LUT_SLICEM_I3_O)
                                                      0.155     3.152 r  u_activation/segment1/bank0/mem_reg_i_2/O
                         net (fo=19, routed)          0.904     4.056    u_activation/segment1/bank0/write_fire
    RAMB36_X1Y0          RAMB36E2                                     r  u_activation/segment1/bank0/mem_reg/ENBWREN
  -------------------------------------------------------------------    -------------------

                         (clock clk rise edge)        5.000     5.000 r  
                                                      0.000     5.000 r  clk (IN)
                         net (fo=5742, unset)         0.048     5.048    u_activation/segment1/bank0/clk
    RAMB36_X1Y0          RAMB36E2                                     r  u_activation/segment1/bank0/mem_reg/CLKBWRCLK
                         clock pessimism              0.000     5.048    
                         clock uncertainty           -0.035     5.013    
    RAMB36_X1Y0          RAMB36E2 (Setup_RAMB36E2_RAMB36_CLKBWRCLK_ENBWREN)
                                                     -0.462     4.551    u_activation/segment1/bank0/mem_reg
  -------------------------------------------------------------------
                         required time                          4.551    
                         arrival time                          -4.056    
  -------------------------------------------------------------------
                         slack                                  0.495    

Slack (MET) :             0.545ns  (required time - arrival time)
  Source:                 u_core/u_feeder/emit_ky_q_reg[1]/C
                            (rising edge-triggered cell FDRE clocked by clk  {rise@0.000ns fall@2.500ns period=5.000ns})
  Destination:            u_core/u_feeder/g_ring_bank[3].mem_reg/ADDRARDADDR[14]
                            (rising edge-triggered cell RAMB36E2 clocked by clk  {rise@0.000ns fall@2.500ns period=5.000ns})
  Path Group:             clk
  Path Type:              Setup (Max at Slow Process Corner)
  Requirement:            5.000ns  (clk rise@5.000ns - clk rise@0.000ns)
  Data Path Delay:        3.996ns  (logic 0.964ns (24.125%)  route 3.032ns (75.875%))
  Logic Levels:           7  (CARRY8=2 LUT2=1 LUT6=4)
  Clock Path Skew:        0.004ns (DCD - SCD + CPR)
    Destination Clock Delay (DCD):    0.047ns = ( 5.047 - 5.000 ) 
    Source Clock Delay      (SCD):    0.043ns
    Clock Pessimism Removal (CPR):    0.000ns
  Clock Uncertainty:      0.035ns  ((TSJ^2 + TIJ^2)^1/2 + DJ) / 2 + PE
    Total System Jitter     (TSJ):    0.071ns
    Total Input Jitter      (TIJ):    0.000ns
    Discrete Jitter          (DJ):    0.000ns
    Phase Error              (PE):    0.000ns

    Location             Delay type                Incr(ns)  Path(ns)    Netlist Resource(s)
  -------------------------------------------------------------------    -------------------
                         (clock clk rise edge)        0.000     0.000 r  
                                                      0.000     0.000 r  clk (IN)
                         net (fo=5742, unset)         0.043     0.043    u_core/u_feeder/clk
    SLICE_X37Y29         FDRE                                         r  u_core/u_feeder/emit_ky_q_reg[1]/C
  -------------------------------------------------------------------    -------------------
    SLICE_X37Y29         FDRE (Prop_EFF_SLICEM_C_Q)
                                                      0.113     0.156 r  u_core/u_feeder/emit_ky_q_reg[1]/Q
                         net (fo=13, routed)          0.456     0.612    u_core/u_feeder/emit_ky_q_reg_n_0_[1]
    SLICE_X36Y25         LUT6 (Prop_F6LUT_SLICEL_I1_O)
                                                      0.136     0.748 r  u_core/u_feeder/g_ring_bank[0].mem_reg_i_270/O
                         net (fo=4, routed)           0.178     0.926    u_core/u_feeder/g_ring_bank[0].mem_reg_i_270_n_0
    SLICE_X36Y26         LUT6 (Prop_G6LUT_SLICEL_I3_O)
                                                      0.137     1.063 r  u_core/u_feeder/g_ring_bank[0].mem_reg_i_263/O
                         net (fo=1, routed)           0.226     1.289    u_core/u_feeder/g_ring_bank[0].mem_reg_i_263_n_0
    SLICE_X36Y26         CARRY8 (Prop_CARRY8_SLICEL_DI[1]_CO[2])
                                                      0.112     1.401 r  u_core/u_feeder/g_ring_bank[0].mem_reg_i_230/CO[2]
                         net (fo=10, routed)          0.280     1.681    u_core/u_feeder/read_ring_row1
    SLICE_X36Y26         LUT6 (Prop_H6LUT_SLICEL_I4_O)
                                                      0.083     1.764 f  u_core/u_feeder/g_ring_bank[0].mem_reg_i_231/O
                         net (fo=7, routed)           0.275     2.039    u_core/u_feeder/g_ring_bank[0].mem_reg_i_231_n_0
    SLICE_X37Y27         LUT6 (Prop_H6LUT_SLICEM_I5_O)
                                                      0.060     2.099 r  u_core/u_feeder/g_ring_bank[0].mem_reg_i_228/O
                         net (fo=2, routed)           0.109     2.208    u_core/u_feeder/g_ring_bank[0].mem_reg_i_228_n_0
    SLICE_X37Y27         LUT2 (Prop_D5LUT_SLICEM_I0_O)
                                                      0.190     2.398 r  u_core/u_feeder/g_ring_bank[0].mem_reg_i_70/O
                         net (fo=2, routed)           0.323     2.721    u_core/u_feeder/read_addr0[7]
    SLICE_X35Y26         CARRY8 (Prop_CARRY8_SLICEM_DI[6]_O[7])
                                                      0.133     2.854 r  u_core/u_feeder/g_ring_bank[0].mem_reg_i_2/O[7]
                         net (fo=5, routed)           1.185     4.039    u_core/u_feeder/g_ring_bank[0].mem_reg_i_2_n_8
    RAMB36_X2Y5          RAMB36E2                                     r  u_core/u_feeder/g_ring_bank[3].mem_reg/ADDRARDADDR[14]
  -------------------------------------------------------------------    -------------------

                         (clock clk rise edge)        5.000     5.000 r  
                                                      0.000     5.000 r  clk (IN)
                         net (fo=5742, unset)         0.047     5.047    u_core/u_feeder/clk
    RAMB36_X2Y5          RAMB36E2                                     r  u_core/u_feeder/g_ring_bank[3].mem_reg/CLKARDCLK
                         clock pessimism              0.000     5.047    
                         clock uncertainty           -0.035     5.012    
    RAMB36_X2Y5          RAMB36E2 (Setup_RAMB36E2_RAMB36_CLKARDCLK_ADDRARDADDR[14])
                                                     -0.428     4.584    u_core/u_feeder/g_ring_bank[3].mem_reg
  -------------------------------------------------------------------
                         required time                          4.584    
                         arrival time                          -4.039    
  -------------------------------------------------------------------
                         slack                                  0.545    

Slack (MET) :             0.588ns  (required time - arrival time)
  Source:                 u_core/u_accum_base_datapath/u_output_slice/u_partial_sum_bank_pair/g_segment[0].u_bank/mem_reg_0/CLKARDCLK
                            (rising edge-triggered cell RAMB36E2 clocked by clk  {rise@0.000ns fall@2.500ns period=5.000ns})
  Destination:            u_core/u_accum_base_datapath/u_output_slice/u_partial_sum_bank_pair/g_segment[0].u_bank/mem_reg_1/DINADIN[22]
                            (rising edge-triggered cell RAMB36E2 clocked by clk  {rise@0.000ns fall@2.500ns period=5.000ns})
  Path Group:             clk
  Path Type:              Setup (Max at Slow Process Corner)
  Requirement:            5.000ns  (clk rise@5.000ns - clk rise@0.000ns)
  Data Path Delay:        3.851ns  (logic 2.129ns (55.284%)  route 1.722ns (44.716%))
  Logic Levels:           6  (CARRY8=4 LUT2=1 LUT5=1)
  Clock Path Skew:        -0.059ns (DCD - SCD + CPR)
    Destination Clock Delay (DCD):    0.048ns = ( 5.048 - 5.000 ) 
    Source Clock Delay      (SCD):    0.107ns
    Clock Pessimism Removal (CPR):    0.000ns
  Clock Uncertainty:      0.035ns  ((TSJ^2 + TIJ^2)^1/2 + DJ) / 2 + PE
    Total System Jitter     (TSJ):    0.071ns
    Total Input Jitter      (TIJ):    0.000ns
    Discrete Jitter          (DJ):    0.000ns
    Phase Error              (PE):    0.000ns

    Location             Delay type                Incr(ns)  Path(ns)    Netlist Resource(s)
  -------------------------------------------------------------------    -------------------
                         (clock clk rise edge)        0.000     0.000 r  
                                                      0.000     0.000 r  clk (IN)
                         net (fo=5742, unset)         0.107     0.107    u_core/u_accum_base_datapath/u_output_slice/u_partial_sum_bank_pair/g_segment[0].u_bank/clk
    RAMB36_X0Y11         RAMB36E2                                     r  u_core/u_accum_base_datapath/u_output_slice/u_partial_sum_bank_pair/g_segment[0].u_bank/mem_reg_0/CLKARDCLK
  -------------------------------------------------------------------    -------------------
    RAMB36_X0Y11         RAMB36E2 (Prop_RAMB36E2_RAMB36_CLKARDCLK_DOUTPADOUTP[1])
                                                      1.200     1.307 r  u_core/u_accum_base_datapath/u_output_slice/u_partial_sum_bank_pair/g_segment[0].u_bank/mem_reg_0/DOUTPADOUTP[1]
                         net (fo=3, routed)           0.718     2.025    u_core/u_accum_base_datapath/u_output_slice/u_partial_sum_bank_pair/g_segment[0].u_bank/mem_reg_0_n_142
    SLICE_X38Y43         LUT2 (Prop_B6LUT_SLICEM_I0_O)
                                                      0.225     2.250 r  u_core/u_accum_base_datapath/u_output_slice/u_partial_sum_bank_pair/g_segment[0].u_bank/i__carry_i_7__1/O
                         net (fo=1, routed)           0.022     2.272    u_core/u_accum_base_datapath/u_output_slice/u_partial_sum_bank_pair/g_segment[0].u_bank/i__carry_i_7__1_n_0
    SLICE_X38Y43         CARRY8 (Prop_CARRY8_SLICEM_S[1]_CO[7])
                                                      0.267     2.539 r  u_core/u_accum_base_datapath/u_output_slice/u_partial_sum_bank_pair/g_segment[0].u_bank/_inferred__23/i__carry/CO[7]
                         net (fo=1, routed)           0.030     2.569    u_core/u_accum_base_datapath/u_output_slice/u_partial_sum_bank_pair/g_segment[0].u_bank/_inferred__23/i__carry_n_0
    SLICE_X38Y44         CARRY8 (Prop_CARRY8_SLICEM_CI_CO[7])
                                                      0.065     2.634 r  u_core/u_accum_base_datapath/u_output_slice/u_partial_sum_bank_pair/g_segment[0].u_bank/_inferred__23/i__carry__0/CO[7]
                         net (fo=1, routed)           0.030     2.664    u_core/u_accum_base_datapath/u_output_slice/u_partial_sum_bank_pair/g_segment[0].u_bank/_inferred__23/i__carry__0_n_0
    SLICE_X38Y45         CARRY8 (Prop_CARRY8_SLICEM_CI_CO[7])
                                                      0.065     2.729 r  u_core/u_accum_base_datapath/u_output_slice/u_partial_sum_bank_pair/g_segment[0].u_bank/_inferred__23/i__carry__1/CO[7]
                         net (fo=1, routed)           0.030     2.759    u_core/u_accum_base_datapath/u_output_slice/u_partial_sum_bank_pair/g_segment[0].u_bank/_inferred__23/i__carry__1_n_0
    SLICE_X38Y46         CARRY8 (Prop_CARRY8_SLICEM_CI_O[6])
                                                      0.157     2.916 r  u_core/u_accum_base_datapath/u_output_slice/u_partial_sum_bank_pair/g_segment[0].u_bank/_inferred__23/i__carry__2/O[6]
                         net (fo=1, routed)           0.316     3.232    u_core/u_accum_base_datapath/u_output_slice/u_partial_sum_bank_pair/g_segment[0].u_bank/p_1_in[30]
    SLICE_X42Y46         LUT5 (Prop_C6LUT_SLICEL_I4_O)
                                                      0.150     3.382 r  u_core/u_accum_base_datapath/u_output_slice/u_partial_sum_bank_pair/g_segment[0].u_bank/mem_reg_1_i_10/O
                         net (fo=1, routed)           0.576     3.958    u_core/u_accum_base_datapath/u_output_slice/u_partial_sum_bank_pair/g_segment[0].u_bank/mem_write_data[94]
    RAMB36_X1Y8          RAMB36E2                                     r  u_core/u_accum_base_datapath/u_output_slice/u_partial_sum_bank_pair/g_segment[0].u_bank/mem_reg_1/DINADIN[22]
  -------------------------------------------------------------------    -------------------

                         (clock clk rise edge)        5.000     5.000 r  
                                                      0.000     5.000 r  clk (IN)
                         net (fo=5742, unset)         0.048     5.048    u_core/u_accum_base_datapath/u_output_slice/u_partial_sum_bank_pair/g_segment[0].u_bank/clk
    RAMB36_X1Y8          RAMB36E2                                     r  u_core/u_accum_base_datapath/u_output_slice/u_partial_sum_bank_pair/g_segment[0].u_bank/mem_reg_1/CLKBWRCLK
                         clock pessimism              0.000     5.048    
                         clock uncertainty           -0.035     5.013    
    RAMB36_X1Y8          RAMB36E2 (Setup_RAMB36E2_RAMB36_CLKBWRCLK_DINADIN[22])
                                                     -0.467     4.546    u_core/u_accum_base_datapath/u_output_slice/u_partial_sum_bank_pair/g_segment[0].u_bank/mem_reg_1
  -------------------------------------------------------------------
                         required time                          4.546    
                         arrival time                          -3.958    
  -------------------------------------------------------------------
                         slack                                  0.588    

Slack (MET) :             0.606ns  (required time - arrival time)
  Source:                 activation_pooled_lane_mask[4]
                            (input port clocked by clk  {rise@0.000ns fall@2.500ns period=5.000ns})
  Destination:            u_activation/segment1/bank1/mem_reg/ENBWREN
                            (rising edge-triggered cell RAMB36E2 clocked by clk  {rise@0.000ns fall@2.500ns period=5.000ns})
  Path Group:             clk
  Path Type:              Setup (Max at Slow Process Corner)
  Requirement:            5.000ns  (clk rise@5.000ns - clk rise@0.000ns)
  Data Path Delay:        2.945ns  (logic 0.796ns (27.032%)  route 2.149ns (72.968%))
  Logic Levels:           8  (LUT4=2 LUT5=2 LUT6=4)
  Input Delay:            1.000ns
  Clock Path Skew:        0.048ns (DCD - SCD + CPR)
    Destination Clock Delay (DCD):    0.048ns = ( 5.048 - 5.000 ) 
    Source Clock Delay      (SCD):    0.000ns
    Clock Pessimism Removal (CPR):    0.000ns
  Clock Uncertainty:      0.035ns  ((TSJ^2 + TIJ^2)^1/2 + DJ) / 2 + PE
    Total System Jitter     (TSJ):    0.071ns
    Total Input Jitter      (TIJ):    0.000ns
    Discrete Jitter          (DJ):    0.000ns
    Phase Error              (PE):    0.000ns

    Location             Delay type                Incr(ns)  Path(ns)    Netlist Resource(s)
  -------------------------------------------------------------------    -------------------
                         (clock clk rise edge)        0.000     0.000 r  
                         input delay                  1.000     1.000    
                                                      0.000     1.000 f  activation_pooled_lane_mask[4] (IN)
                         net (fo=1, unset)            0.000     1.000    u_activation/segment0/bank1/activation_pooled_lane_mask[4]
    SLICE_X38Y8          LUT4 (Prop_A6LUT_SLICEM_I0_O)
                                                      0.152     1.152 f  u_activation/segment0/bank1/activation_direct_ready_INST_0_i_43/O
                         net (fo=1, routed)           0.053     1.205    u_activation/segment0/bank1/activation_direct_ready_INST_0_i_43_n_0
    SLICE_X38Y8          LUT5 (Prop_B6LUT_SLICEM_I4_O)
                                                      0.137     1.342 f  u_activation/segment0/bank1/activation_direct_ready_INST_0_i_40/O
                         net (fo=1, routed)           0.108     1.450    u_activation/segment0/bank1/activation_direct_ready_INST_0_i_40_n_0
    SLICE_X38Y8          LUT6 (Prop_C6LUT_SLICEM_I5_O)
                                                      0.056     1.506 f  u_activation/segment0/bank1/activation_direct_ready_INST_0_i_32/O
                         net (fo=1, routed)           0.155     1.661    u_activation/segment0/bank1/activation_direct_ready_INST_0_i_32_n_0
    SLICE_X38Y8          LUT6 (Prop_H6LUT_SLICEM_I5_O)
                                                      0.060     1.721 f  u_activation/segment0/bank1/activation_direct_ready_INST_0_i_19/O
                         net (fo=2, routed)           0.262     1.983    u_activation/segment0/bank1/activation_direct_lane_mask_3_sn_1
    SLICE_X38Y10         LUT6 (Prop_C6LUT_SLICEM_I1_O)
                                                      0.135     2.118 f  u_activation/segment0/bank1/mem_reg_i_73/O
                         net (fo=2, routed)           0.233     2.351    u_activation/segment0/bank1/activation_direct_lane_mask_2_sn_1
    SLICE_X36Y10         LUT6 (Prop_G6LUT_SLICEL_I2_O)
                                                      0.082     2.433 r  u_activation/segment0/bank1/mem_reg_i_70/O
                         net (fo=12, routed)          0.137     2.569    u_activation/segment1/bank1/fill_words_accepted_q_reg[0]
    SLICE_X35Y10         LUT5 (Prop_G6LUT_SLICEM_I4_O)
                                                      0.082     2.651 r  u_activation/segment1/bank1/fill_words_accepted_q[9]_i_2/O
                         net (fo=24, routed)          0.332     2.984    u_activation/segment1/bank1/sel
    SLICE_X39Y11         LUT4 (Prop_A5LUT_SLICEL_I3_O)
                                                      0.092     3.076 r  u_activation/segment1/bank1/mem_reg_i_2__0/O
                         net (fo=19, routed)          0.869     3.945    u_activation/segment1/bank1/write_fire
    RAMB36_X1Y1          RAMB36E2                                     r  u_activation/segment1/bank1/mem_reg/ENBWREN
  -------------------------------------------------------------------    -------------------

                         (clock clk rise edge)        5.000     5.000 r  
                                                      0.000     5.000 r  clk (IN)
                         net (fo=5742, unset)         0.048     5.048    u_activation/segment1/bank1/clk
    RAMB36_X1Y1          RAMB36E2                                     r  u_activation/segment1/bank1/mem_reg/CLKBWRCLK
                         clock pessimism              0.000     5.048    
                         clock uncertainty           -0.035     5.013    
    RAMB36_X1Y1          RAMB36E2 (Setup_RAMB36E2_RAMB36_CLKBWRCLK_ENBWREN)
                                                     -0.462     4.551    u_activation/segment1/bank1/mem_reg
  -------------------------------------------------------------------
                         required time                          4.551    
                         arrival time                          -3.945    
  -------------------------------------------------------------------
                         slack                                  0.606    

Slack (MET) :             0.624ns  (required time - arrival time)
  Source:                 u_core/u_feeder/emit_ky_q_reg[1]/C
                            (rising edge-triggered cell FDRE clocked by clk  {rise@0.000ns fall@2.500ns period=5.000ns})
  Destination:            u_core/u_feeder/g_ring_bank[3].mem_reg/ADDRARDADDR[13]
                            (rising edge-triggered cell RAMB36E2 clocked by clk  {rise@0.000ns fall@2.500ns period=5.000ns})
  Path Group:             clk
  Path Type:              Setup (Max at Slow Process Corner)
  Requirement:            5.000ns  (clk rise@5.000ns - clk rise@0.000ns)
  Data Path Delay:        3.933ns  (logic 0.970ns (24.665%)  route 2.963ns (75.335%))
  Logic Levels:           8  (CARRY8=2 LUT2=1 LUT6=5)
  Clock Path Skew:        0.004ns (DCD - SCD + CPR)
    Destination Clock Delay (DCD):    0.047ns = ( 5.047 - 5.000 ) 
    Source Clock Delay      (SCD):    0.043ns
    Clock Pessimism Removal (CPR):    0.000ns
  Clock Uncertainty:      0.035ns  ((TSJ^2 + TIJ^2)^1/2 + DJ) / 2 + PE
    Total System Jitter     (TSJ):    0.071ns
    Total Input Jitter      (TIJ):    0.000ns
    Discrete Jitter          (DJ):    0.000ns
    Phase Error              (PE):    0.000ns

    Location             Delay type                Incr(ns)  Path(ns)    Netlist Resource(s)
  -------------------------------------------------------------------    -------------------
                         (clock clk rise edge)        0.000     0.000 r  
                                                      0.000     0.000 r  clk (IN)
                         net (fo=5742, unset)         0.043     0.043    u_core/u_feeder/clk
    SLICE_X37Y29         FDRE                                         r  u_core/u_feeder/emit_ky_q_reg[1]/C
  -------------------------------------------------------------------    -------------------
    SLICE_X37Y29         FDRE (Prop_EFF_SLICEM_C_Q)
                                                      0.113     0.156 r  u_core/u_feeder/emit_ky_q_reg[1]/Q
                         net (fo=13, routed)          0.456     0.612    u_core/u_feeder/emit_ky_q_reg_n_0_[1]
    SLICE_X36Y25         LUT6 (Prop_F6LUT_SLICEL_I1_O)
                                                      0.136     0.748 r  u_core/u_feeder/g_ring_bank[0].mem_reg_i_270/O
                         net (fo=4, routed)           0.178     0.926    u_core/u_feeder/g_ring_bank[0].mem_reg_i_270_n_0
    SLICE_X36Y26         LUT6 (Prop_G6LUT_SLICEL_I3_O)
                                                      0.137     1.063 r  u_core/u_feeder/g_ring_bank[0].mem_reg_i_263/O
                         net (fo=1, routed)           0.226     1.289    u_core/u_feeder/g_ring_bank[0].mem_reg_i_263_n_0
    SLICE_X36Y26         CARRY8 (Prop_CARRY8_SLICEL_DI[1]_CO[2])
                                                      0.112     1.401 r  u_core/u_feeder/g_ring_bank[0].mem_reg_i_230/CO[2]
                         net (fo=10, routed)          0.280     1.681    u_core/u_feeder/read_ring_row1
    SLICE_X36Y26         LUT6 (Prop_H6LUT_SLICEL_I4_O)
                                                      0.083     1.764 f  u_core/u_feeder/g_ring_bank[0].mem_reg_i_231/O
                         net (fo=7, routed)           0.275     2.039    u_core/u_feeder/g_ring_bank[0].mem_reg_i_231_n_0
    SLICE_X37Y27         LUT6 (Prop_H6LUT_SLICEM_I5_O)
                                                      0.060     2.099 r  u_core/u_feeder/g_ring_bank[0].mem_reg_i_228/O
                         net (fo=2, routed)           0.109     2.208    u_core/u_feeder/g_ring_bank[0].mem_reg_i_228_n_0
    SLICE_X37Y27         LUT2 (Prop_D5LUT_SLICEM_I0_O)
                                                      0.190     2.398 r  u_core/u_feeder/g_ring_bank[0].mem_reg_i_70/O
                         net (fo=2, routed)           0.173     2.571    u_core/u_feeder/read_addr0[7]
    SLICE_X35Y26         LUT6 (Prop_G6LUT_SLICEM_I0_O)
                                                      0.057     2.628 r  u_core/u_feeder/g_ring_bank[0].mem_reg_i_77/O
                         net (fo=1, routed)           0.021     2.649    u_core/u_feeder/g_ring_bank[0].mem_reg_i_77_n_0
    SLICE_X35Y26         CARRY8 (Prop_CARRY8_SLICEM_S[6]_O[6])
                                                      0.082     2.731 r  u_core/u_feeder/g_ring_bank[0].mem_reg_i_2/O[6]
                         net (fo=5, routed)           1.245     3.976    u_core/u_feeder/g_ring_bank[0].mem_reg_i_2_n_9
    RAMB36_X2Y5          RAMB36E2                                     r  u_core/u_feeder/g_ring_bank[3].mem_reg/ADDRARDADDR[13]
  -------------------------------------------------------------------    -------------------

                         (clock clk rise edge)        5.000     5.000 r  
                                                      0.000     5.000 r  clk (IN)
                         net (fo=5742, unset)         0.047     5.047    u_core/u_feeder/clk
    RAMB36_X2Y5          RAMB36E2                                     r  u_core/u_feeder/g_ring_bank[3].mem_reg/CLKARDCLK
                         clock pessimism              0.000     5.047    
                         clock uncertainty           -0.035     5.012    
    RAMB36_X2Y5          RAMB36E2 (Setup_RAMB36E2_RAMB36_CLKARDCLK_ADDRARDADDR[13])
                                                     -0.412     4.600    u_core/u_feeder/g_ring_bank[3].mem_reg
  -------------------------------------------------------------------
                         required time                          4.600    
                         arrival time                          -3.976    
  -------------------------------------------------------------------
                         slack                                  0.624    

Slack (MET) :             0.625ns  (required time - arrival time)
  Source:                 u_core/u_feeder/emit_ky_q_reg[1]/C
                            (rising edge-triggered cell FDRE clocked by clk  {rise@0.000ns fall@2.500ns period=5.000ns})
  Destination:            u_core/u_feeder/g_ring_bank[4].mem_reg/ADDRARDADDR[14]
                            (rising edge-triggered cell RAMB36E2 clocked by clk  {rise@0.000ns fall@2.500ns period=5.000ns})
  Path Group:             clk
  Path Type:              Setup (Max at Slow Process Corner)
  Requirement:            5.000ns  (clk rise@5.000ns - clk rise@0.000ns)
  Data Path Delay:        3.916ns  (logic 0.964ns (24.616%)  route 2.952ns (75.384%))
  Logic Levels:           7  (CARRY8=2 LUT2=1 LUT6=4)
  Clock Path Skew:        0.004ns (DCD - SCD + CPR)
    Destination Clock Delay (DCD):    0.047ns = ( 5.047 - 5.000 ) 
    Source Clock Delay      (SCD):    0.043ns
    Clock Pessimism Removal (CPR):    0.000ns
  Clock Uncertainty:      0.035ns  ((TSJ^2 + TIJ^2)^1/2 + DJ) / 2 + PE
    Total System Jitter     (TSJ):    0.071ns
    Total Input Jitter      (TIJ):    0.000ns
    Discrete Jitter          (DJ):    0.000ns
    Phase Error              (PE):    0.000ns

    Location             Delay type                Incr(ns)  Path(ns)    Netlist Resource(s)
  -------------------------------------------------------------------    -------------------
                         (clock clk rise edge)        0.000     0.000 r  
                                                      0.000     0.000 r  clk (IN)
                         net (fo=5742, unset)         0.043     0.043    u_core/u_feeder/clk
    SLICE_X37Y29         FDRE                                         r  u_core/u_feeder/emit_ky_q_reg[1]/C
  -------------------------------------------------------------------    -------------------
    SLICE_X37Y29         FDRE (Prop_EFF_SLICEM_C_Q)
                                                      0.113     0.156 r  u_core/u_feeder/emit_ky_q_reg[1]/Q
                         net (fo=13, routed)          0.456     0.612    u_core/u_feeder/emit_ky_q_reg_n_0_[1]
    SLICE_X36Y25         LUT6 (Prop_F6LUT_SLICEL_I1_O)
                                                      0.136     0.748 r  u_core/u_feeder/g_ring_bank[0].mem_reg_i_270/O
                         net (fo=4, routed)           0.178     0.926    u_core/u_feeder/g_ring_bank[0].mem_reg_i_270_n_0
    SLICE_X36Y26         LUT6 (Prop_G6LUT_SLICEL_I3_O)
                                                      0.137     1.063 r  u_core/u_feeder/g_ring_bank[0].mem_reg_i_263/O
                         net (fo=1, routed)           0.226     1.289    u_core/u_feeder/g_ring_bank[0].mem_reg_i_263_n_0
    SLICE_X36Y26         CARRY8 (Prop_CARRY8_SLICEL_DI[1]_CO[2])
                                                      0.112     1.401 r  u_core/u_feeder/g_ring_bank[0].mem_reg_i_230/CO[2]
                         net (fo=10, routed)          0.280     1.681    u_core/u_feeder/read_ring_row1
    SLICE_X36Y26         LUT6 (Prop_H6LUT_SLICEL_I4_O)
                                                      0.083     1.764 f  u_core/u_feeder/g_ring_bank[0].mem_reg_i_231/O
                         net (fo=7, routed)           0.275     2.039    u_core/u_feeder/g_ring_bank[0].mem_reg_i_231_n_0
    SLICE_X37Y27         LUT6 (Prop_H6LUT_SLICEM_I5_O)
                                                      0.060     2.099 r  u_core/u_feeder/g_ring_bank[0].mem_reg_i_228/O
                         net (fo=2, routed)           0.109     2.208    u_core/u_feeder/g_ring_bank[0].mem_reg_i_228_n_0
    SLICE_X37Y27         LUT2 (Prop_D5LUT_SLICEM_I0_O)
                                                      0.190     2.398 r  u_core/u_feeder/g_ring_bank[0].mem_reg_i_70/O
                         net (fo=2, routed)           0.323     2.721    u_core/u_feeder/read_addr0[7]
    SLICE_X35Y26         CARRY8 (Prop_CARRY8_SLICEM_DI[6]_O[7])
                                                      0.133     2.854 r  u_core/u_feeder/g_ring_bank[0].mem_reg_i_2/O[7]
                         net (fo=5, routed)           1.105     3.959    u_core/u_feeder/g_ring_bank[0].mem_reg_i_2_n_8
    RAMB36_X2Y3          RAMB36E2                                     r  u_core/u_feeder/g_ring_bank[4].mem_reg/ADDRARDADDR[14]
  -------------------------------------------------------------------    -------------------

                         (clock clk rise edge)        5.000     5.000 r  
                                                      0.000     5.000 r  clk (IN)
                         net (fo=5742, unset)         0.047     5.047    u_core/u_feeder/clk
    RAMB36_X2Y3          RAMB36E2                                     r  u_core/u_feeder/g_ring_bank[4].mem_reg/CLKARDCLK
                         clock pessimism              0.000     5.047    
                         clock uncertainty           -0.035     5.012    
    RAMB36_X2Y3          RAMB36E2 (Setup_RAMB36E2_RAMB36_CLKARDCLK_ADDRARDADDR[14])
                                                     -0.428     4.584    u_core/u_feeder/g_ring_bank[4].mem_reg
  -------------------------------------------------------------------
                         required time                          4.584    
                         arrival time                          -3.959    
  -------------------------------------------------------------------
                         slack                                  0.625    

Slack (MET) :             0.644ns  (required time - arrival time)
  Source:                 u_core/u_feeder/emit_ky_q_reg[1]/C
                            (rising edge-triggered cell FDRE clocked by clk  {rise@0.000ns fall@2.500ns period=5.000ns})
  Destination:            u_core/u_feeder/g_ring_bank[2].mem_reg/ADDRARDADDR[13]
                            (rising edge-triggered cell RAMB36E2 clocked by clk  {rise@0.000ns fall@2.500ns period=5.000ns})
  Path Group:             clk
  Path Type:              Setup (Max at Slow Process Corner)
  Requirement:            5.000ns  (clk rise@5.000ns - clk rise@0.000ns)
  Data Path Delay:        3.913ns  (logic 0.970ns (24.791%)  route 2.943ns (75.209%))
  Logic Levels:           8  (CARRY8=2 LUT2=1 LUT6=5)
  Clock Path Skew:        0.004ns (DCD - SCD + CPR)
    Destination Clock Delay (DCD):    0.047ns = ( 5.047 - 5.000 ) 
    Source Clock Delay      (SCD):    0.043ns
    Clock Pessimism Removal (CPR):    0.000ns
  Clock Uncertainty:      0.035ns  ((TSJ^2 + TIJ^2)^1/2 + DJ) / 2 + PE
    Total System Jitter     (TSJ):    0.071ns
    Total Input Jitter      (TIJ):    0.000ns
    Discrete Jitter          (DJ):    0.000ns
    Phase Error              (PE):    0.000ns

    Location             Delay type                Incr(ns)  Path(ns)    Netlist Resource(s)
  -------------------------------------------------------------------    -------------------
                         (clock clk rise edge)        0.000     0.000 r  
                                                      0.000     0.000 r  clk (IN)
                         net (fo=5742, unset)         0.043     0.043    u_core/u_feeder/clk
    SLICE_X37Y29         FDRE                                         r  u_core/u_feeder/emit_ky_q_reg[1]/C
  -------------------------------------------------------------------    -------------------
    SLICE_X37Y29         FDRE (Prop_EFF_SLICEM_C_Q)
                                                      0.113     0.156 r  u_core/u_feeder/emit_ky_q_reg[1]/Q
                         net (fo=13, routed)          0.456     0.612    u_core/u_feeder/emit_ky_q_reg_n_0_[1]
    SLICE_X36Y25         LUT6 (Prop_F6LUT_SLICEL_I1_O)
                                                      0.136     0.748 r  u_core/u_feeder/g_ring_bank[0].mem_reg_i_270/O
                         net (fo=4, routed)           0.178     0.926    u_core/u_feeder/g_ring_bank[0].mem_reg_i_270_n_0
    SLICE_X36Y26         LUT6 (Prop_G6LUT_SLICEL_I3_O)
                                                      0.137     1.063 r  u_core/u_feeder/g_ring_bank[0].mem_reg_i_263/O
                         net (fo=1, routed)           0.226     1.289    u_core/u_feeder/g_ring_bank[0].mem_reg_i_263_n_0
    SLICE_X36Y26         CARRY8 (Prop_CARRY8_SLICEL_DI[1]_CO[2])
                                                      0.112     1.401 r  u_core/u_feeder/g_ring_bank[0].mem_reg_i_230/CO[2]
                         net (fo=10, routed)          0.280     1.681    u_core/u_feeder/read_ring_row1
    SLICE_X36Y26         LUT6 (Prop_H6LUT_SLICEL_I4_O)
                                                      0.083     1.764 f  u_core/u_feeder/g_ring_bank[0].mem_reg_i_231/O
                         net (fo=7, routed)           0.275     2.039    u_core/u_feeder/g_ring_bank[0].mem_reg_i_231_n_0
    SLICE_X37Y27         LUT6 (Prop_H6LUT_SLICEM_I5_O)
                                                      0.060     2.099 r  u_core/u_feeder/g_ring_bank[0].mem_reg_i_228/O
                         net (fo=2, routed)           0.109     2.208    u_core/u_feeder/g_ring_bank[0].mem_reg_i_228_n_0
    SLICE_X37Y27         LUT2 (Prop_D5LUT_SLICEM_I0_O)
                                                      0.190     2.398 r  u_core/u_feeder/g_ring_bank[0].mem_reg_i_70/O
                         net (fo=2, routed)           0.173     2.571    u_core/u_feeder/read_addr0[7]
    SLICE_X35Y26         LUT6 (Prop_G6LUT_SLICEM_I0_O)
                                                      0.057     2.628 r  u_core/u_feeder/g_ring_bank[0].mem_reg_i_77/O
                         net (fo=1, routed)           0.021     2.649    u_core/u_feeder/g_ring_bank[0].mem_reg_i_77_n_0
    SLICE_X35Y26         CARRY8 (Prop_CARRY8_SLICEM_S[6]_O[6])
                                                      0.082     2.731 r  u_core/u_feeder/g_ring_bank[0].mem_reg_i_2/O[6]
                         net (fo=5, routed)           1.225     3.956    u_core/u_feeder/g_ring_bank[0].mem_reg_i_2_n_9
    RAMB36_X2Y4          RAMB36E2                                     r  u_core/u_feeder/g_ring_bank[2].mem_reg/ADDRARDADDR[13]
  -------------------------------------------------------------------    -------------------

                         (clock clk rise edge)        5.000     5.000 r  
                                                      0.000     5.000 r  clk (IN)
                         net (fo=5742, unset)         0.047     5.047    u_core/u_feeder/clk
    RAMB36_X2Y4          RAMB36E2                                     r  u_core/u_feeder/g_ring_bank[2].mem_reg/CLKARDCLK
                         clock pessimism              0.000     5.047    
                         clock uncertainty           -0.035     5.012    
    RAMB36_X2Y4          RAMB36E2 (Setup_RAMB36E2_RAMB36_CLKARDCLK_ADDRARDADDR[13])
                                                     -0.412     4.600    u_core/u_feeder/g_ring_bank[2].mem_reg
  -------------------------------------------------------------------
                         required time                          4.600    
                         arrival time                          -3.956    
  -------------------------------------------------------------------
                         slack                                  0.644    

Slack (MET) :             0.669ns  (required time - arrival time)
  Source:                 u_core/u_feeder/emit_ky_q_reg[1]/C
                            (rising edge-triggered cell FDRE clocked by clk  {rise@0.000ns fall@2.500ns period=5.000ns})
  Destination:            u_core/u_feeder/g_ring_bank[2].mem_reg/ADDRARDADDR[14]
                            (rising edge-triggered cell RAMB36E2 clocked by clk  {rise@0.000ns fall@2.500ns period=5.000ns})
  Path Group:             clk
  Path Type:              Setup (Max at Slow Process Corner)
  Requirement:            5.000ns  (clk rise@5.000ns - clk rise@0.000ns)
  Data Path Delay:        3.872ns  (logic 0.964ns (24.897%)  route 2.908ns (75.103%))
  Logic Levels:           7  (CARRY8=2 LUT2=1 LUT6=4)
  Clock Path Skew:        0.004ns (DCD - SCD + CPR)
    Destination Clock Delay (DCD):    0.047ns = ( 5.047 - 5.000 ) 
    Source Clock Delay      (SCD):    0.043ns
    Clock Pessimism Removal (CPR):    0.000ns
  Clock Uncertainty:      0.035ns  ((TSJ^2 + TIJ^2)^1/2 + DJ) / 2 + PE
    Total System Jitter     (TSJ):    0.071ns
    Total Input Jitter      (TIJ):    0.000ns
    Discrete Jitter          (DJ):    0.000ns
    Phase Error              (PE):    0.000ns

    Location             Delay type                Incr(ns)  Path(ns)    Netlist Resource(s)
  -------------------------------------------------------------------    -------------------
                         (clock clk rise edge)        0.000     0.000 r  
                                                      0.000     0.000 r  clk (IN)
                         net (fo=5742, unset)         0.043     0.043    u_core/u_feeder/clk
    SLICE_X37Y29         FDRE                                         r  u_core/u_feeder/emit_ky_q_reg[1]/C
  -------------------------------------------------------------------    -------------------
    SLICE_X37Y29         FDRE (Prop_EFF_SLICEM_C_Q)
                                                      0.113     0.156 r  u_core/u_feeder/emit_ky_q_reg[1]/Q
                         net (fo=13, routed)          0.456     0.612    u_core/u_feeder/emit_ky_q_reg_n_0_[1]
    SLICE_X36Y25         LUT6 (Prop_F6LUT_SLICEL_I1_O)
                                                      0.136     0.748 r  u_core/u_feeder/g_ring_bank[0].mem_reg_i_270/O
                         net (fo=4, routed)           0.178     0.926    u_core/u_feeder/g_ring_bank[0].mem_reg_i_270_n_0
    SLICE_X36Y26         LUT6 (Prop_G6LUT_SLICEL_I3_O)
                                                      0.137     1.063 r  u_core/u_feeder/g_ring_bank[0].mem_reg_i_263/O
                         net (fo=1, routed)           0.226     1.289    u_core/u_feeder/g_ring_bank[0].mem_reg_i_263_n_0
    SLICE_X36Y26         CARRY8 (Prop_CARRY8_SLICEL_DI[1]_CO[2])
                                                      0.112     1.401 r  u_core/u_feeder/g_ring_bank[0].mem_reg_i_230/CO[2]
                         net (fo=10, routed)          0.280     1.681    u_core/u_feeder/read_ring_row1
    SLICE_X36Y26         LUT6 (Prop_H6LUT_SLICEL_I4_O)
                                                      0.083     1.764 f  u_core/u_feeder/g_ring_bank[0].mem_reg_i_231/O
                         net (fo=7, routed)           0.275     2.039    u_core/u_feeder/g_ring_bank[0].mem_reg_i_231_n_0
    SLICE_X37Y27         LUT6 (Prop_H6LUT_SLICEM_I5_O)
                                                      0.060     2.099 r  u_core/u_feeder/g_ring_bank[0].mem_reg_i_228/O
                         net (fo=2, routed)           0.109     2.208    u_core/u_feeder/g_ring_bank[0].mem_reg_i_228_n_0
    SLICE_X37Y27         LUT2 (Prop_D5LUT_SLICEM_I0_O)
                                                      0.190     2.398 r  u_core/u_feeder/g_ring_bank[0].mem_reg_i_70/O
                         net (fo=2, routed)           0.323     2.721    u_core/u_feeder/read_addr0[7]
    SLICE_X35Y26         CARRY8 (Prop_CARRY8_SLICEM_DI[6]_O[7])
                                                      0.133     2.854 r  u_core/u_feeder/g_ring_bank[0].mem_reg_i_2/O[7]
                         net (fo=5, routed)           1.061     3.915    u_core/u_feeder/g_ring_bank[0].mem_reg_i_2_n_8
    RAMB36_X2Y4          RAMB36E2                                     r  u_core/u_feeder/g_ring_bank[2].mem_reg/ADDRARDADDR[14]
  -------------------------------------------------------------------    -------------------

                         (clock clk rise edge)        5.000     5.000 r  
                                                      0.000     5.000 r  clk (IN)
                         net (fo=5742, unset)         0.047     5.047    u_core/u_feeder/clk
    RAMB36_X2Y4          RAMB36E2                                     r  u_core/u_feeder/g_ring_bank[2].mem_reg/CLKARDCLK
                         clock pessimism              0.000     5.047    
                         clock uncertainty           -0.035     5.012    
    RAMB36_X2Y4          RAMB36E2 (Setup_RAMB36E2_RAMB36_CLKARDCLK_ADDRARDADDR[14])
                                                     -0.428     4.584    u_core/u_feeder/g_ring_bank[2].mem_reg
  -------------------------------------------------------------------
                         required time                          4.584    
                         arrival time                          -3.915    
  -------------------------------------------------------------------
                         slack                                  0.669    

Slack (MET) :             0.674ns  (required time - arrival time)
  Source:                 u_core/u_accum_base_datapath/u_output_slice/u_scanner/scan_m_q_reg[0]_rep/C
                            (rising edge-triggered cell FDRE clocked by clk  {rise@0.000ns fall@2.500ns period=5.000ns})
  Destination:            u_core/u_accum_base_datapath/u_output_slice/u_partial_sum_bank_pair/g_segment[1].u_bank/mem_reg_3/DINADIN[29]
                            (rising edge-triggered cell RAMB36E2 clocked by clk  {rise@0.000ns fall@2.500ns period=5.000ns})
  Path Group:             clk
  Path Type:              Setup (Max at Slow Process Corner)
  Requirement:            5.000ns  (clk rise@5.000ns - clk rise@0.000ns)
  Data Path Delay:        3.825ns  (logic 0.852ns (22.275%)  route 2.973ns (77.725%))
  Logic Levels:           5  (LUT2=1 LUT5=1 LUT6=3)
  Clock Path Skew:        0.007ns (DCD - SCD + CPR)
    Destination Clock Delay (DCD):    0.048ns = ( 5.048 - 5.000 ) 
    Source Clock Delay      (SCD):    0.041ns
    Clock Pessimism Removal (CPR):    0.000ns
  Clock Uncertainty:      0.035ns  ((TSJ^2 + TIJ^2)^1/2 + DJ) / 2 + PE
    Total System Jitter     (TSJ):    0.071ns
    Total Input Jitter      (TIJ):    0.000ns
    Discrete Jitter          (DJ):    0.000ns
    Phase Error              (PE):    0.000ns

    Location             Delay type                Incr(ns)  Path(ns)    Netlist Resource(s)
  -------------------------------------------------------------------    -------------------
                         (clock clk rise edge)        0.000     0.000 r  
                                                      0.000     0.000 r  clk (IN)
                         net (fo=5742, unset)         0.041     0.041    u_core/u_accum_base_datapath/u_output_slice/u_scanner/clk
    SLICE_X36Y41         FDRE                                         r  u_core/u_accum_base_datapath/u_output_slice/u_scanner/scan_m_q_reg[0]_rep/C
  -------------------------------------------------------------------    -------------------
    SLICE_X36Y41         FDRE (Prop_DFF_SLICEL_C_Q)
                                                      0.114     0.155 f  u_core/u_accum_base_datapath/u_output_slice/u_scanner/scan_m_q_reg[0]_rep/Q
                         net (fo=128, routed)         0.266     0.421    u_core/u_accum_base_datapath/u_output_slice/u_scanner/scan_m_q_reg[0]_rep_n_0
    SLICE_X37Y38         LUT2 (Prop_D5LUT_SLICEM_I0_O)
                                                      0.135     0.556 f  u_core/u_accum_base_datapath/u_output_slice/u_scanner/mem_reg_0_i_178/O
                         net (fo=111, routed)         0.709     1.264    u_core/u_accum_base_datapath/u_output_slice/u_scanner/mem_reg_0_i_178_n_0
    SLICE_X47Y49         LUT6 (Prop_D6LUT_SLICEL_I5_O)
                                                      0.185     1.449 f  u_core/u_accum_base_datapath/u_output_slice/u_scanner/mem_reg_3_i_104/O
                         net (fo=1, routed)           0.098     1.547    u_core/u_accum_base_datapath/u_output_slice/u_scanner/mem_reg_3_i_104_n_0
    SLICE_X47Y49         LUT6 (Prop_C6LUT_SLICEL_I2_O)
                                                      0.056     1.603 f  u_core/u_accum_base_datapath/u_output_slice/u_scanner/mem_reg_3_i_74/O
                         net (fo=27, routed)          0.764     2.367    u_core/u_accum_base_datapath/u_output_slice/u_scanner/out_accumulator1__0
    SLICE_X50Y55         LUT6 (Prop_H6LUT_SLICEL_I5_O)
                                                      0.137     2.504 r  u_core/u_accum_base_datapath/u_output_slice/u_scanner/mem_reg_3_i_45/O
                         net (fo=4, routed)           0.793     3.297    u_core/u_accum_base_datapath/u_output_slice/u_partial_sum_bank_pair/g_segment[1].u_bank/scanner_accumulator[7]_22[21]
    SLICE_X45Y64         LUT5 (Prop_B6LUT_SLICEM_I1_O)
                                                      0.225     3.522 r  u_core/u_accum_base_datapath/u_output_slice/u_partial_sum_bank_pair/g_segment[1].u_bank/mem_reg_3_i_3__0/O
                         net (fo=1, routed)           0.344     3.866    u_core/u_accum_base_datapath/u_output_slice/u_partial_sum_bank_pair/g_segment[1].u_bank/mem_write_data[245]
    RAMB36_X1Y13         RAMB36E2                                     r  u_core/u_accum_base_datapath/u_output_slice/u_partial_sum_bank_pair/g_segment[1].u_bank/mem_reg_3/DINADIN[29]
  -------------------------------------------------------------------    -------------------

                         (clock clk rise edge)        5.000     5.000 r  
                                                      0.000     5.000 r  clk (IN)
                         net (fo=5742, unset)         0.048     5.048    u_core/u_accum_base_datapath/u_output_slice/u_partial_sum_bank_pair/g_segment[1].u_bank/clk
    RAMB36_X1Y13         RAMB36E2                                     r  u_core/u_accum_base_datapath/u_output_slice/u_partial_sum_bank_pair/g_segment[1].u_bank/mem_reg_3/CLKBWRCLK
                         clock pessimism              0.000     5.048    
                         clock uncertainty           -0.035     5.013    
    RAMB36_X1Y13         RAMB36E2 (Setup_RAMB36E2_RAMB36_CLKBWRCLK_DINADIN[29])
                                                     -0.473     4.540    u_core/u_accum_base_datapath/u_output_slice/u_partial_sum_bank_pair/g_segment[1].u_bank/mem_reg_3
  -------------------------------------------------------------------
                         required time                          4.540    
                         arrival time                          -3.866    
  -------------------------------------------------------------------
                         slack                                  0.674    

Slack (MET) :             0.680ns  (required time - arrival time)
  Source:                 u_core/u_accum_base_datapath/u_output_slice/u_scanner/busy_q_reg/C
                            (rising edge-triggered cell FDRE clocked by clk  {rise@0.000ns fall@2.500ns period=5.000ns})
  Destination:            u_core/u_feeder/pixel_q_reg[3][14]/R
                            (rising edge-triggered cell FDRE clocked by clk  {rise@0.000ns fall@2.500ns period=5.000ns})
  Path Group:             clk
  Path Type:              Setup (Max at Slow Process Corner)
  Requirement:            5.000ns  (clk rise@5.000ns - clk rise@0.000ns)
  Data Path Delay:        4.152ns  (logic 1.594ns (38.395%)  route 2.558ns (61.606%))
  Logic Levels:           9  (LUT4=1 LUT6=8)
  Clock Path Skew:        -0.014ns (DCD - SCD + CPR)
    Destination Clock Delay (DCD):    0.029ns = ( 5.029 - 5.000 ) 
    Source Clock Delay      (SCD):    0.043ns
    Clock Pessimism Removal (CPR):    0.000ns
  Clock Uncertainty:      0.035ns  ((TSJ^2 + TIJ^2)^1/2 + DJ) / 2 + PE
    Total System Jitter     (TSJ):    0.071ns
    Total Input Jitter      (TIJ):    0.000ns
    Discrete Jitter          (DJ):    0.000ns
    Phase Error              (PE):    0.000ns

    Location             Delay type                Incr(ns)  Path(ns)    Netlist Resource(s)
  -------------------------------------------------------------------    -------------------
                         (clock clk rise edge)        0.000     0.000 r  
                                                      0.000     0.000 r  clk (IN)
                         net (fo=5742, unset)         0.043     0.043    u_core/u_accum_base_datapath/u_output_slice/u_scanner/clk
    SLICE_X37Y45         FDRE                                         r  u_core/u_accum_base_datapath/u_output_slice/u_scanner/busy_q_reg/C
  -------------------------------------------------------------------    -------------------
    SLICE_X37Y45         FDRE (Prop_DFF_SLICEM_C_Q)
                                                      0.116     0.159 r  u_core/u_accum_base_datapath/u_output_slice/u_scanner/busy_q_reg/Q
                         net (fo=7, routed)           0.375     0.534    u_core/u_accum_base_datapath/u_output_slice/u_requant/lane_mask_q[3]_i_3
    SLICE_X37Y57         LUT6 (Prop_G6LUT_SLICEM_I5_O)
                                                      0.152     0.686 f  u_core/u_accum_base_datapath/u_output_slice/u_requant/lane_mask_q[3]_i_4/O
                         net (fo=1, routed)           0.370     1.056    u_core/u_accum_base_datapath/u_output_slice/u_router/lane_mask_q_reg[3]_0
    SLICE_X36Y46         LUT6 (Prop_E6LUT_SLICEL_I3_O)
                                                      0.152     1.208 r  u_core/u_accum_base_datapath/u_output_slice/u_router/lane_mask_q[3]_i_3/O
                         net (fo=3, routed)           0.201     1.410    u_core/u_accum_base_datapath/u_output_slice/u_router/lane_mask_q[3]_i_3_n_0
    SLICE_X35Y42         LUT6 (Prop_D6LUT_SLICEM_I3_O)
                                                      0.220     1.630 r  u_core/u_accum_base_datapath/u_output_slice/u_router/lane_mask_q[0]_i_1/O
                         net (fo=2, routed)           0.054     1.684    u_core/u_accum_base_datapath/u_output_slice/u_router/output_cfg_lane_mask[0]
    SLICE_X35Y42         LUT6 (Prop_H6LUT_SLICEM_I5_O)
                                                      0.154     1.838 f  u_core/u_accum_base_datapath/u_output_slice/u_router/active_weight_context_tag_q[15]_i_9/O
                         net (fo=2, routed)           0.126     1.964    u_core/u_accum_base_datapath/u_output_slice/u_router/active_weight_context_tag_q[15]_i_9_n_0
    SLICE_X35Y44         LUT6 (Prop_H6LUT_SLICEM_I3_O)
                                                      0.189     2.153 r  u_core/u_accum_base_datapath/u_output_slice/u_router/active_weight_context_tag_q[15]_i_5/O
                         net (fo=1, routed)           0.059     2.212    u_core/u_accum_base_datapath/u_output_slice/u_partial_sum_bank_pair/g_segment[1].u_bank/active_k_count_q_reg[0]_4
    SLICE_X35Y44         LUT6 (Prop_C6LUT_SLICEM_I2_O)
                                                      0.186     2.398 r  u_core/u_accum_base_datapath/u_output_slice/u_partial_sum_bank_pair/g_segment[1].u_bank/active_weight_context_tag_q[15]_i_3/O
                         net (fo=2, routed)           0.319     2.717    u_core/u_accum_base_datapath/u_output_slice/u_partial_sum_bank_pair/g_segment[1].u_bank/base_chunk_ready
    SLICE_X35Y33         LUT6 (Prop_D6LUT_SLICEM_I3_O)
                                                      0.080     2.797 r  u_core/u_accum_base_datapath/u_output_slice/u_partial_sum_bank_pair/g_segment[1].u_bank/active_weight_context_tag_q[15]_i_1/O
                         net (fo=127, routed)         0.279     3.077    u_core/u_feeder/write_ring_row_q_reg[3]_0[0]
    SLICE_X36Y29         LUT4 (Prop_B5LUT_SLICEL_I0_O)
                                                      0.196     3.273 r  u_core/u_feeder/output_w_q[7]_i_1/O
                         net (fo=99, routed)          0.254     3.527    u_core/u_feeder/frame_fire
    SLICE_X37Y28         LUT6 (Prop_F6LUT_SLICEM_I3_O)
                                                      0.149     3.676 r  u_core/u_feeder/pixel_q[3][63]_i_1/O
                         net (fo=64, routed)          0.519     4.195    u_core/u_feeder/pixel_q[3][63]_i_1_n_0
    SLICE_X39Y25         FDRE                                         r  u_core/u_feeder/pixel_q_reg[3][14]/R
  -------------------------------------------------------------------    -------------------

                         (clock clk rise edge)        5.000     5.000 r  
                                                      0.000     5.000 r  clk (IN)
                         net (fo=5742, unset)         0.029     5.029    u_core/u_feeder/clk
    SLICE_X39Y25         FDRE                                         r  u_core/u_feeder/pixel_q_reg[3][14]/C
                         clock pessimism              0.000     5.029    
                         clock uncertainty           -0.035     4.994    
    SLICE_X39Y25         FDRE (Setup_EFF_SLICEL_C_R)
                                                     -0.119     4.875    u_core/u_feeder/pixel_q_reg[3][14]
  -------------------------------------------------------------------
                         required time                          4.875    
                         arrival time                          -4.195    
  -------------------------------------------------------------------
                         slack                                  0.680    

Slack (MET) :             0.680ns  (required time - arrival time)
  Source:                 u_core/u_accum_base_datapath/u_output_slice/u_scanner/busy_q_reg/C
                            (rising edge-triggered cell FDRE clocked by clk  {rise@0.000ns fall@2.500ns period=5.000ns})
  Destination:            u_core/u_feeder/pixel_q_reg[3][22]/R
                            (rising edge-triggered cell FDRE clocked by clk  {rise@0.000ns fall@2.500ns period=5.000ns})
  Path Group:             clk
  Path Type:              Setup (Max at Slow Process Corner)
  Requirement:            5.000ns  (clk rise@5.000ns - clk rise@0.000ns)
  Data Path Delay:        4.152ns  (logic 1.594ns (38.395%)  route 2.558ns (61.606%))
  Logic Levels:           9  (LUT4=1 LUT6=8)
  Clock Path Skew:        -0.014ns (DCD - SCD + CPR)
    Destination Clock Delay (DCD):    0.029ns = ( 5.029 - 5.000 ) 
    Source Clock Delay      (SCD):    0.043ns
    Clock Pessimism Removal (CPR):    0.000ns
  Clock Uncertainty:      0.035ns  ((TSJ^2 + TIJ^2)^1/2 + DJ) / 2 + PE
    Total System Jitter     (TSJ):    0.071ns
    Total Input Jitter      (TIJ):    0.000ns
    Discrete Jitter          (DJ):    0.000ns
    Phase Error              (PE):    0.000ns

    Location             Delay type                Incr(ns)  Path(ns)    Netlist Resource(s)
  -------------------------------------------------------------------    -------------------
                         (clock clk rise edge)        0.000     0.000 r  
                                                      0.000     0.000 r  clk (IN)
                         net (fo=5742, unset)         0.043     0.043    u_core/u_accum_base_datapath/u_output_slice/u_scanner/clk
    SLICE_X37Y45         FDRE                                         r  u_core/u_accum_base_datapath/u_output_slice/u_scanner/busy_q_reg/C
  -------------------------------------------------------------------    -------------------
    SLICE_X37Y45         FDRE (Prop_DFF_SLICEM_C_Q)
                                                      0.116     0.159 r  u_core/u_accum_base_datapath/u_output_slice/u_scanner/busy_q_reg/Q
                         net (fo=7, routed)           0.375     0.534    u_core/u_accum_base_datapath/u_output_slice/u_requant/lane_mask_q[3]_i_3
    SLICE_X37Y57         LUT6 (Prop_G6LUT_SLICEM_I5_O)
                                                      0.152     0.686 f  u_core/u_accum_base_datapath/u_output_slice/u_requant/lane_mask_q[3]_i_4/O
                         net (fo=1, routed)           0.370     1.056    u_core/u_accum_base_datapath/u_output_slice/u_router/lane_mask_q_reg[3]_0
    SLICE_X36Y46         LUT6 (Prop_E6LUT_SLICEL_I3_O)
                                                      0.152     1.208 r  u_core/u_accum_base_datapath/u_output_slice/u_router/lane_mask_q[3]_i_3/O
                         net (fo=3, routed)           0.201     1.410    u_core/u_accum_base_datapath/u_output_slice/u_router/lane_mask_q[3]_i_3_n_0
    SLICE_X35Y42         LUT6 (Prop_D6LUT_SLICEM_I3_O)
                                                      0.220     1.630 r  u_core/u_accum_base_datapath/u_output_slice/u_router/lane_mask_q[0]_i_1/O
                         net (fo=2, routed)           0.054     1.684    u_core/u_accum_base_datapath/u_output_slice/u_router/output_cfg_lane_mask[0]
    SLICE_X35Y42         LUT6 (Prop_H6LUT_SLICEM_I5_O)
                                                      0.154     1.838 f  u_core/u_accum_base_datapath/u_output_slice/u_router/active_weight_context_tag_q[15]_i_9/O
                         net (fo=2, routed)           0.126     1.964    u_core/u_accum_base_datapath/u_output_slice/u_router/active_weight_context_tag_q[15]_i_9_n_0
    SLICE_X35Y44         LUT6 (Prop_H6LUT_SLICEM_I3_O)
                                                      0.189     2.153 r  u_core/u_accum_base_datapath/u_output_slice/u_router/active_weight_context_tag_q[15]_i_5/O
                         net (fo=1, routed)           0.059     2.212    u_core/u_accum_base_datapath/u_output_slice/u_partial_sum_bank_pair/g_segment[1].u_bank/active_k_count_q_reg[0]_4
    SLICE_X35Y44         LUT6 (Prop_C6LUT_SLICEM_I2_O)
                                                      0.186     2.398 r  u_core/u_accum_base_datapath/u_output_slice/u_partial_sum_bank_pair/g_segment[1].u_bank/active_weight_context_tag_q[15]_i_3/O
                         net (fo=2, routed)           0.319     2.717    u_core/u_accum_base_datapath/u_output_slice/u_partial_sum_bank_pair/g_segment[1].u_bank/base_chunk_ready
    SLICE_X35Y33         LUT6 (Prop_D6LUT_SLICEM_I3_O)
                                                      0.080     2.797 r  u_core/u_accum_base_datapath/u_output_slice/u_partial_sum_bank_pair/g_segment[1].u_bank/active_weight_context_tag_q[15]_i_1/O
                         net (fo=127, routed)         0.279     3.077    u_core/u_feeder/write_ring_row_q_reg[3]_0[0]
    SLICE_X36Y29         LUT4 (Prop_B5LUT_SLICEL_I0_O)
                                                      0.196     3.273 r  u_core/u_feeder/output_w_q[7]_i_1/O
                         net (fo=99, routed)          0.254     3.527    u_core/u_feeder/frame_fire
    SLICE_X37Y28         LUT6 (Prop_F6LUT_SLICEM_I3_O)
                                                      0.149     3.676 r  u_core/u_feeder/pixel_q[3][63]_i_1/O
                         net (fo=64, routed)          0.519     4.195    u_core/u_feeder/pixel_q[3][63]_i_1_n_0
    SLICE_X39Y25         FDRE                                         r  u_core/u_feeder/pixel_q_reg[3][22]/R
  -------------------------------------------------------------------    -------------------

                         (clock clk rise edge)        5.000     5.000 r  
                                                      0.000     5.000 r  clk (IN)
                         net (fo=5742, unset)         0.029     5.029    u_core/u_feeder/clk
    SLICE_X39Y25         FDRE                                         r  u_core/u_feeder/pixel_q_reg[3][22]/C
                         clock pessimism              0.000     5.029    
                         clock uncertainty           -0.035     4.994    
    SLICE_X39Y25         FDRE (Setup_EFF2_SLICEL_C_R)
                                                     -0.119     4.875    u_core/u_feeder/pixel_q_reg[3][22]
  -------------------------------------------------------------------
                         required time                          4.875    
                         arrival time                          -4.195    
  -------------------------------------------------------------------
                         slack                                  0.680    

Slack (MET) :             0.680ns  (required time - arrival time)
  Source:                 u_core/u_accum_base_datapath/u_output_slice/u_scanner/busy_q_reg/C
                            (rising edge-triggered cell FDRE clocked by clk  {rise@0.000ns fall@2.500ns period=5.000ns})
  Destination:            u_core/u_feeder/pixel_q_reg[3][30]/R
                            (rising edge-triggered cell FDRE clocked by clk  {rise@0.000ns fall@2.500ns period=5.000ns})
  Path Group:             clk
  Path Type:              Setup (Max at Slow Process Corner)
  Requirement:            5.000ns  (clk rise@5.000ns - clk rise@0.000ns)
  Data Path Delay:        4.152ns  (logic 1.594ns (38.395%)  route 2.558ns (61.606%))
  Logic Levels:           9  (LUT4=1 LUT6=8)
  Clock Path Skew:        -0.014ns (DCD - SCD + CPR)
    Destination Clock Delay (DCD):    0.029ns = ( 5.029 - 5.000 ) 
    Source Clock Delay      (SCD):    0.043ns
    Clock Pessimism Removal (CPR):    0.000ns
  Clock Uncertainty:      0.035ns  ((TSJ^2 + TIJ^2)^1/2 + DJ) / 2 + PE
    Total System Jitter     (TSJ):    0.071ns
    Total Input Jitter      (TIJ):    0.000ns
    Discrete Jitter          (DJ):    0.000ns
    Phase Error              (PE):    0.000ns

    Location             Delay type                Incr(ns)  Path(ns)    Netlist Resource(s)
  -------------------------------------------------------------------    -------------------
                         (clock clk rise edge)        0.000     0.000 r  
                                                      0.000     0.000 r  clk (IN)
                         net (fo=5742, unset)         0.043     0.043    u_core/u_accum_base_datapath/u_output_slice/u_scanner/clk
    SLICE_X37Y45         FDRE                                         r  u_core/u_accum_base_datapath/u_output_slice/u_scanner/busy_q_reg/C
  -------------------------------------------------------------------    -------------------
    SLICE_X37Y45         FDRE (Prop_DFF_SLICEM_C_Q)
                                                      0.116     0.159 r  u_core/u_accum_base_datapath/u_output_slice/u_scanner/busy_q_reg/Q
                         net (fo=7, routed)           0.375     0.534    u_core/u_accum_base_datapath/u_output_slice/u_requant/lane_mask_q[3]_i_3
    SLICE_X37Y57         LUT6 (Prop_G6LUT_SLICEM_I5_O)
                                                      0.152     0.686 f  u_core/u_accum_base_datapath/u_output_slice/u_requant/lane_mask_q[3]_i_4/O
                         net (fo=1, routed)           0.370     1.056    u_core/u_accum_base_datapath/u_output_slice/u_router/lane_mask_q_reg[3]_0
    SLICE_X36Y46         LUT6 (Prop_E6LUT_SLICEL_I3_O)
                                                      0.152     1.208 r  u_core/u_accum_base_datapath/u_output_slice/u_router/lane_mask_q[3]_i_3/O
                         net (fo=3, routed)           0.201     1.410    u_core/u_accum_base_datapath/u_output_slice/u_router/lane_mask_q[3]_i_3_n_0
    SLICE_X35Y42         LUT6 (Prop_D6LUT_SLICEM_I3_O)
                                                      0.220     1.630 r  u_core/u_accum_base_datapath/u_output_slice/u_router/lane_mask_q[0]_i_1/O
                         net (fo=2, routed)           0.054     1.684    u_core/u_accum_base_datapath/u_output_slice/u_router/output_cfg_lane_mask[0]
    SLICE_X35Y42         LUT6 (Prop_H6LUT_SLICEM_I5_O)
                                                      0.154     1.838 f  u_core/u_accum_base_datapath/u_output_slice/u_router/active_weight_context_tag_q[15]_i_9/O
                         net (fo=2, routed)           0.126     1.964    u_core/u_accum_base_datapath/u_output_slice/u_router/active_weight_context_tag_q[15]_i_9_n_0
    SLICE_X35Y44         LUT6 (Prop_H6LUT_SLICEM_I3_O)
                                                      0.189     2.153 r  u_core/u_accum_base_datapath/u_output_slice/u_router/active_weight_context_tag_q[15]_i_5/O
                         net (fo=1, routed)           0.059     2.212    u_core/u_accum_base_datapath/u_output_slice/u_partial_sum_bank_pair/g_segment[1].u_bank/active_k_count_q_reg[0]_4
    SLICE_X35Y44         LUT6 (Prop_C6LUT_SLICEM_I2_O)
                                                      0.186     2.398 r  u_core/u_accum_base_datapath/u_output_slice/u_partial_sum_bank_pair/g_segment[1].u_bank/active_weight_context_tag_q[15]_i_3/O
                         net (fo=2, routed)           0.319     2.717    u_core/u_accum_base_datapath/u_output_slice/u_partial_sum_bank_pair/g_segment[1].u_bank/base_chunk_ready
    SLICE_X35Y33         LUT6 (Prop_D6LUT_SLICEM_I3_O)
                                                      0.080     2.797 r  u_core/u_accum_base_datapath/u_output_slice/u_partial_sum_bank_pair/g_segment[1].u_bank/active_weight_context_tag_q[15]_i_1/O
                         net (fo=127, routed)         0.279     3.077    u_core/u_feeder/write_ring_row_q_reg[3]_0[0]
    SLICE_X36Y29         LUT4 (Prop_B5LUT_SLICEL_I0_O)
                                                      0.196     3.273 r  u_core/u_feeder/output_w_q[7]_i_1/O
                         net (fo=99, routed)          0.254     3.527    u_core/u_feeder/frame_fire
    SLICE_X37Y28         LUT6 (Prop_F6LUT_SLICEM_I3_O)
                                                      0.149     3.676 r  u_core/u_feeder/pixel_q[3][63]_i_1/O
                         net (fo=64, routed)          0.519     4.195    u_core/u_feeder/pixel_q[3][63]_i_1_n_0
    SLICE_X39Y25         FDRE                                         r  u_core/u_feeder/pixel_q_reg[3][30]/R
  -------------------------------------------------------------------    -------------------

                         (clock clk rise edge)        5.000     5.000 r  
                                                      0.000     5.000 r  clk (IN)
                         net (fo=5742, unset)         0.029     5.029    u_core/u_feeder/clk
    SLICE_X39Y25         FDRE                                         r  u_core/u_feeder/pixel_q_reg[3][30]/C
                         clock pessimism              0.000     5.029    
                         clock uncertainty           -0.035     4.994    
    SLICE_X39Y25         FDRE (Setup_FFF_SLICEL_C_R)
                                                     -0.119     4.875    u_core/u_feeder/pixel_q_reg[3][30]
  -------------------------------------------------------------------
                         required time                          4.875    
                         arrival time                          -4.195    
  -------------------------------------------------------------------
                         slack                                  0.680    

Slack (MET) :             0.680ns  (required time - arrival time)
  Source:                 u_core/u_accum_base_datapath/u_output_slice/u_scanner/busy_q_reg/C
                            (rising edge-triggered cell FDRE clocked by clk  {rise@0.000ns fall@2.500ns period=5.000ns})
  Destination:            u_core/u_feeder/pixel_q_reg[3][38]/R
                            (rising edge-triggered cell FDRE clocked by clk  {rise@0.000ns fall@2.500ns period=5.000ns})
  Path Group:             clk
  Path Type:              Setup (Max at Slow Process Corner)
  Requirement:            5.000ns  (clk rise@5.000ns - clk rise@0.000ns)
  Data Path Delay:        4.152ns  (logic 1.594ns (38.395%)  route 2.558ns (61.606%))
  Logic Levels:           9  (LUT4=1 LUT6=8)
  Clock Path Skew:        -0.014ns (DCD - SCD + CPR)
    Destination Clock Delay (DCD):    0.029ns = ( 5.029 - 5.000 ) 
    Source Clock Delay      (SCD):    0.043ns
    Clock Pessimism Removal (CPR):    0.000ns
  Clock Uncertainty:      0.035ns  ((TSJ^2 + TIJ^2)^1/2 + DJ) / 2 + PE
    Total System Jitter     (TSJ):    0.071ns
    Total Input Jitter      (TIJ):    0.000ns
    Discrete Jitter          (DJ):    0.000ns
    Phase Error              (PE):    0.000ns

    Location             Delay type                Incr(ns)  Path(ns)    Netlist Resource(s)
  -------------------------------------------------------------------    -------------------
                         (clock clk rise edge)        0.000     0.000 r  
                                                      0.000     0.000 r  clk (IN)
                         net (fo=5742, unset)         0.043     0.043    u_core/u_accum_base_datapath/u_output_slice/u_scanner/clk
    SLICE_X37Y45         FDRE                                         r  u_core/u_accum_base_datapath/u_output_slice/u_scanner/busy_q_reg/C
  -------------------------------------------------------------------    -------------------
    SLICE_X37Y45         FDRE (Prop_DFF_SLICEM_C_Q)
                                                      0.116     0.159 r  u_core/u_accum_base_datapath/u_output_slice/u_scanner/busy_q_reg/Q
                         net (fo=7, routed)           0.375     0.534    u_core/u_accum_base_datapath/u_output_slice/u_requant/lane_mask_q[3]_i_3
    SLICE_X37Y57         LUT6 (Prop_G6LUT_SLICEM_I5_O)
                                                      0.152     0.686 f  u_core/u_accum_base_datapath/u_output_slice/u_requant/lane_mask_q[3]_i_4/O
                         net (fo=1, routed)           0.370     1.056    u_core/u_accum_base_datapath/u_output_slice/u_router/lane_mask_q_reg[3]_0
    SLICE_X36Y46         LUT6 (Prop_E6LUT_SLICEL_I3_O)
                                                      0.152     1.208 r  u_core/u_accum_base_datapath/u_output_slice/u_router/lane_mask_q[3]_i_3/O
                         net (fo=3, routed)           0.201     1.410    u_core/u_accum_base_datapath/u_output_slice/u_router/lane_mask_q[3]_i_3_n_0
    SLICE_X35Y42         LUT6 (Prop_D6LUT_SLICEM_I3_O)
                                                      0.220     1.630 r  u_core/u_accum_base_datapath/u_output_slice/u_router/lane_mask_q[0]_i_1/O
                         net (fo=2, routed)           0.054     1.684    u_core/u_accum_base_datapath/u_output_slice/u_router/output_cfg_lane_mask[0]
    SLICE_X35Y42         LUT6 (Prop_H6LUT_SLICEM_I5_O)
                                                      0.154     1.838 f  u_core/u_accum_base_datapath/u_output_slice/u_router/active_weight_context_tag_q[15]_i_9/O
                         net (fo=2, routed)           0.126     1.964    u_core/u_accum_base_datapath/u_output_slice/u_router/active_weight_context_tag_q[15]_i_9_n_0
    SLICE_X35Y44         LUT6 (Prop_H6LUT_SLICEM_I3_O)
                                                      0.189     2.153 r  u_core/u_accum_base_datapath/u_output_slice/u_router/active_weight_context_tag_q[15]_i_5/O
                         net (fo=1, routed)           0.059     2.212    u_core/u_accum_base_datapath/u_output_slice/u_partial_sum_bank_pair/g_segment[1].u_bank/active_k_count_q_reg[0]_4
    SLICE_X35Y44         LUT6 (Prop_C6LUT_SLICEM_I2_O)
                                                      0.186     2.398 r  u_core/u_accum_base_datapath/u_output_slice/u_partial_sum_bank_pair/g_segment[1].u_bank/active_weight_context_tag_q[15]_i_3/O
                         net (fo=2, routed)           0.319     2.717    u_core/u_accum_base_datapath/u_output_slice/u_partial_sum_bank_pair/g_segment[1].u_bank/base_chunk_ready
    SLICE_X35Y33         LUT6 (Prop_D6LUT_SLICEM_I3_O)
                                                      0.080     2.797 r  u_core/u_accum_base_datapath/u_output_slice/u_partial_sum_bank_pair/g_segment[1].u_bank/active_weight_context_tag_q[15]_i_1/O
                         net (fo=127, routed)         0.279     3.077    u_core/u_feeder/write_ring_row_q_reg[3]_0[0]
    SLICE_X36Y29         LUT4 (Prop_B5LUT_SLICEL_I0_O)
                                                      0.196     3.273 r  u_core/u_feeder/output_w_q[7]_i_1/O
                         net (fo=99, routed)          0.254     3.527    u_core/u_feeder/frame_fire
    SLICE_X37Y28         LUT6 (Prop_F6LUT_SLICEM_I3_O)
                                                      0.149     3.676 r  u_core/u_feeder/pixel_q[3][63]_i_1/O
                         net (fo=64, routed)          0.519     4.195    u_core/u_feeder/pixel_q[3][63]_i_1_n_0
    SLICE_X39Y25         FDRE                                         r  u_core/u_feeder/pixel_q_reg[3][38]/R
  -------------------------------------------------------------------    -------------------

                         (clock clk rise edge)        5.000     5.000 r  
                                                      0.000     5.000 r  clk (IN)
                         net (fo=5742, unset)         0.029     5.029    u_core/u_feeder/clk
    SLICE_X39Y25         FDRE                                         r  u_core/u_feeder/pixel_q_reg[3][38]/C
                         clock pessimism              0.000     5.029    
                         clock uncertainty           -0.035     4.994    
    SLICE_X39Y25         FDRE (Setup_FFF2_SLICEL_C_R)
                                                     -0.119     4.875    u_core/u_feeder/pixel_q_reg[3][38]
  -------------------------------------------------------------------
                         required time                          4.875    
                         arrival time                          -4.195    
  -------------------------------------------------------------------
                         slack                                  0.680    

Slack (MET) :             0.680ns  (required time - arrival time)
  Source:                 u_core/u_accum_base_datapath/u_output_slice/u_scanner/busy_q_reg/C
                            (rising edge-triggered cell FDRE clocked by clk  {rise@0.000ns fall@2.500ns period=5.000ns})
  Destination:            u_core/u_feeder/pixel_q_reg[3][46]/R
                            (rising edge-triggered cell FDRE clocked by clk  {rise@0.000ns fall@2.500ns period=5.000ns})
  Path Group:             clk
  Path Type:              Setup (Max at Slow Process Corner)
  Requirement:            5.000ns  (clk rise@5.000ns - clk rise@0.000ns)
  Data Path Delay:        4.152ns  (logic 1.594ns (38.395%)  route 2.558ns (61.606%))
  Logic Levels:           9  (LUT4=1 LUT6=8)
  Clock Path Skew:        -0.014ns (DCD - SCD + CPR)
    Destination Clock Delay (DCD):    0.029ns = ( 5.029 - 5.000 ) 
    Source Clock Delay      (SCD):    0.043ns
    Clock Pessimism Removal (CPR):    0.000ns
  Clock Uncertainty:      0.035ns  ((TSJ^2 + TIJ^2)^1/2 + DJ) / 2 + PE
    Total System Jitter     (TSJ):    0.071ns
    Total Input Jitter      (TIJ):    0.000ns
    Discrete Jitter          (DJ):    0.000ns
    Phase Error              (PE):    0.000ns

    Location             Delay type                Incr(ns)  Path(ns)    Netlist Resource(s)
  -------------------------------------------------------------------    -------------------
                         (clock clk rise edge)        0.000     0.000 r  
                                                      0.000     0.000 r  clk (IN)
                         net (fo=5742, unset)         0.043     0.043    u_core/u_accum_base_datapath/u_output_slice/u_scanner/clk
    SLICE_X37Y45         FDRE                                         r  u_core/u_accum_base_datapath/u_output_slice/u_scanner/busy_q_reg/C
  -------------------------------------------------------------------    -------------------
    SLICE_X37Y45         FDRE (Prop_DFF_SLICEM_C_Q)
                                                      0.116     0.159 r  u_core/u_accum_base_datapath/u_output_slice/u_scanner/busy_q_reg/Q
                         net (fo=7, routed)           0.375     0.534    u_core/u_accum_base_datapath/u_output_slice/u_requant/lane_mask_q[3]_i_3
    SLICE_X37Y57         LUT6 (Prop_G6LUT_SLICEM_I5_O)
                                                      0.152     0.686 f  u_core/u_accum_base_datapath/u_output_slice/u_requant/lane_mask_q[3]_i_4/O
                         net (fo=1, routed)           0.370     1.056    u_core/u_accum_base_datapath/u_output_slice/u_router/lane_mask_q_reg[3]_0
    SLICE_X36Y46         LUT6 (Prop_E6LUT_SLICEL_I3_O)
                                                      0.152     1.208 r  u_core/u_accum_base_datapath/u_output_slice/u_router/lane_mask_q[3]_i_3/O
                         net (fo=3, routed)           0.201     1.410    u_core/u_accum_base_datapath/u_output_slice/u_router/lane_mask_q[3]_i_3_n_0
    SLICE_X35Y42         LUT6 (Prop_D6LUT_SLICEM_I3_O)
                                                      0.220     1.630 r  u_core/u_accum_base_datapath/u_output_slice/u_router/lane_mask_q[0]_i_1/O
                         net (fo=2, routed)           0.054     1.684    u_core/u_accum_base_datapath/u_output_slice/u_router/output_cfg_lane_mask[0]
    SLICE_X35Y42         LUT6 (Prop_H6LUT_SLICEM_I5_O)
                                                      0.154     1.838 f  u_core/u_accum_base_datapath/u_output_slice/u_router/active_weight_context_tag_q[15]_i_9/O
                         net (fo=2, routed)           0.126     1.964    u_core/u_accum_base_datapath/u_output_slice/u_router/active_weight_context_tag_q[15]_i_9_n_0
    SLICE_X35Y44         LUT6 (Prop_H6LUT_SLICEM_I3_O)
                                                      0.189     2.153 r  u_core/u_accum_base_datapath/u_output_slice/u_router/active_weight_context_tag_q[15]_i_5/O
                         net (fo=1, routed)           0.059     2.212    u_core/u_accum_base_datapath/u_output_slice/u_partial_sum_bank_pair/g_segment[1].u_bank/active_k_count_q_reg[0]_4
    SLICE_X35Y44         LUT6 (Prop_C6LUT_SLICEM_I2_O)
                                                      0.186     2.398 r  u_core/u_accum_base_datapath/u_output_slice/u_partial_sum_bank_pair/g_segment[1].u_bank/active_weight_context_tag_q[15]_i_3/O
                         net (fo=2, routed)           0.319     2.717    u_core/u_accum_base_datapath/u_output_slice/u_partial_sum_bank_pair/g_segment[1].u_bank/base_chunk_ready
    SLICE_X35Y33         LUT6 (Prop_D6LUT_SLICEM_I3_O)
                                                      0.080     2.797 r  u_core/u_accum_base_datapath/u_output_slice/u_partial_sum_bank_pair/g_segment[1].u_bank/active_weight_context_tag_q[15]_i_1/O
                         net (fo=127, routed)         0.279     3.077    u_core/u_feeder/write_ring_row_q_reg[3]_0[0]
    SLICE_X36Y29         LUT4 (Prop_B5LUT_SLICEL_I0_O)
                                                      0.196     3.273 r  u_core/u_feeder/output_w_q[7]_i_1/O
                         net (fo=99, routed)          0.254     3.527    u_core/u_feeder/frame_fire
    SLICE_X37Y28         LUT6 (Prop_F6LUT_SLICEM_I3_O)
                                                      0.149     3.676 r  u_core/u_feeder/pixel_q[3][63]_i_1/O
                         net (fo=64, routed)          0.519     4.195    u_core/u_feeder/pixel_q[3][63]_i_1_n_0
    SLICE_X39Y25         FDRE                                         r  u_core/u_feeder/pixel_q_reg[3][46]/R
  -------------------------------------------------------------------    -------------------

                         (clock clk rise edge)        5.000     5.000 r  
                                                      0.000     5.000 r  clk (IN)
                         net (fo=5742, unset)         0.029     5.029    u_core/u_feeder/clk
    SLICE_X39Y25         FDRE                                         r  u_core/u_feeder/pixel_q_reg[3][46]/C
                         clock pessimism              0.000     5.029    
                         clock uncertainty           -0.035     4.994    
    SLICE_X39Y25         FDRE (Setup_GFF_SLICEL_C_R)
                                                     -0.119     4.875    u_core/u_feeder/pixel_q_reg[3][46]
  -------------------------------------------------------------------
                         required time                          4.875    
                         arrival time                          -4.195    
  -------------------------------------------------------------------
                         slack                                  0.680    

Slack (MET) :             0.680ns  (required time - arrival time)
  Source:                 u_core/u_accum_base_datapath/u_output_slice/u_scanner/busy_q_reg/C
                            (rising edge-triggered cell FDRE clocked by clk  {rise@0.000ns fall@2.500ns period=5.000ns})
  Destination:            u_core/u_feeder/pixel_q_reg[3][54]/R
                            (rising edge-triggered cell FDRE clocked by clk  {rise@0.000ns fall@2.500ns period=5.000ns})
  Path Group:             clk
  Path Type:              Setup (Max at Slow Process Corner)
  Requirement:            5.000ns  (clk rise@5.000ns - clk rise@0.000ns)
  Data Path Delay:        4.152ns  (logic 1.594ns (38.395%)  route 2.558ns (61.606%))
  Logic Levels:           9  (LUT4=1 LUT6=8)
  Clock Path Skew:        -0.014ns (DCD - SCD + CPR)
    Destination Clock Delay (DCD):    0.029ns = ( 5.029 - 5.000 ) 
    Source Clock Delay      (SCD):    0.043ns
    Clock Pessimism Removal (CPR):    0.000ns
  Clock Uncertainty:      0.035ns  ((TSJ^2 + TIJ^2)^1/2 + DJ) / 2 + PE
    Total System Jitter     (TSJ):    0.071ns
    Total Input Jitter      (TIJ):    0.000ns
    Discrete Jitter          (DJ):    0.000ns
    Phase Error              (PE):    0.000ns

    Location             Delay type                Incr(ns)  Path(ns)    Netlist Resource(s)
  -------------------------------------------------------------------    -------------------
                         (clock clk rise edge)        0.000     0.000 r  
                                                      0.000     0.000 r  clk (IN)
                         net (fo=5742, unset)         0.043     0.043    u_core/u_accum_base_datapath/u_output_slice/u_scanner/clk
    SLICE_X37Y45         FDRE                                         r  u_core/u_accum_base_datapath/u_output_slice/u_scanner/busy_q_reg/C
  -------------------------------------------------------------------    -------------------
    SLICE_X37Y45         FDRE (Prop_DFF_SLICEM_C_Q)
                                                      0.116     0.159 r  u_core/u_accum_base_datapath/u_output_slice/u_scanner/busy_q_reg/Q
                         net (fo=7, routed)           0.375     0.534    u_core/u_accum_base_datapath/u_output_slice/u_requant/lane_mask_q[3]_i_3
    SLICE_X37Y57         LUT6 (Prop_G6LUT_SLICEM_I5_O)
                                                      0.152     0.686 f  u_core/u_accum_base_datapath/u_output_slice/u_requant/lane_mask_q[3]_i_4/O
                         net (fo=1, routed)           0.370     1.056    u_core/u_accum_base_datapath/u_output_slice/u_router/lane_mask_q_reg[3]_0
    SLICE_X36Y46         LUT6 (Prop_E6LUT_SLICEL_I3_O)
                                                      0.152     1.208 r  u_core/u_accum_base_datapath/u_output_slice/u_router/lane_mask_q[3]_i_3/O
                         net (fo=3, routed)           0.201     1.410    u_core/u_accum_base_datapath/u_output_slice/u_router/lane_mask_q[3]_i_3_n_0
    SLICE_X35Y42         LUT6 (Prop_D6LUT_SLICEM_I3_O)
                                                      0.220     1.630 r  u_core/u_accum_base_datapath/u_output_slice/u_router/lane_mask_q[0]_i_1/O
                         net (fo=2, routed)           0.054     1.684    u_core/u_accum_base_datapath/u_output_slice/u_router/output_cfg_lane_mask[0]
    SLICE_X35Y42         LUT6 (Prop_H6LUT_SLICEM_I5_O)
                                                      0.154     1.838 f  u_core/u_accum_base_datapath/u_output_slice/u_router/active_weight_context_tag_q[15]_i_9/O
                         net (fo=2, routed)           0.126     1.964    u_core/u_accum_base_datapath/u_output_slice/u_router/active_weight_context_tag_q[15]_i_9_n_0
    SLICE_X35Y44         LUT6 (Prop_H6LUT_SLICEM_I3_O)
                                                      0.189     2.153 r  u_core/u_accum_base_datapath/u_output_slice/u_router/active_weight_context_tag_q[15]_i_5/O
                         net (fo=1, routed)           0.059     2.212    u_core/u_accum_base_datapath/u_output_slice/u_partial_sum_bank_pair/g_segment[1].u_bank/active_k_count_q_reg[0]_4
    SLICE_X35Y44         LUT6 (Prop_C6LUT_SLICEM_I2_O)
                                                      0.186     2.398 r  u_core/u_accum_base_datapath/u_output_slice/u_partial_sum_bank_pair/g_segment[1].u_bank/active_weight_context_tag_q[15]_i_3/O
                         net (fo=2, routed)           0.319     2.717    u_core/u_accum_base_datapath/u_output_slice/u_partial_sum_bank_pair/g_segment[1].u_bank/base_chunk_ready
    SLICE_X35Y33         LUT6 (Prop_D6LUT_SLICEM_I3_O)
                                                      0.080     2.797 r  u_core/u_accum_base_datapath/u_output_slice/u_partial_sum_bank_pair/g_segment[1].u_bank/active_weight_context_tag_q[15]_i_1/O
                         net (fo=127, routed)         0.279     3.077    u_core/u_feeder/write_ring_row_q_reg[3]_0[0]
    SLICE_X36Y29         LUT4 (Prop_B5LUT_SLICEL_I0_O)
                                                      0.196     3.273 r  u_core/u_feeder/output_w_q[7]_i_1/O
                         net (fo=99, routed)          0.254     3.527    u_core/u_feeder/frame_fire
    SLICE_X37Y28         LUT6 (Prop_F6LUT_SLICEM_I3_O)
                                                      0.149     3.676 r  u_core/u_feeder/pixel_q[3][63]_i_1/O
                         net (fo=64, routed)          0.519     4.195    u_core/u_feeder/pixel_q[3][63]_i_1_n_0
    SLICE_X39Y25         FDRE                                         r  u_core/u_feeder/pixel_q_reg[3][54]/R
  -------------------------------------------------------------------    -------------------

                         (clock clk rise edge)        5.000     5.000 r  
                                                      0.000     5.000 r  clk (IN)
                         net (fo=5742, unset)         0.029     5.029    u_core/u_feeder/clk
    SLICE_X39Y25         FDRE                                         r  u_core/u_feeder/pixel_q_reg[3][54]/C
                         clock pessimism              0.000     5.029    
                         clock uncertainty           -0.035     4.994    
    SLICE_X39Y25         FDRE (Setup_GFF2_SLICEL_C_R)
                                                     -0.119     4.875    u_core/u_feeder/pixel_q_reg[3][54]
  -------------------------------------------------------------------
                         required time                          4.875    
                         arrival time                          -4.195    
  -------------------------------------------------------------------
                         slack                                  0.680    

Slack (MET) :             0.680ns  (required time - arrival time)
  Source:                 u_core/u_accum_base_datapath/u_output_slice/u_scanner/busy_q_reg/C
                            (rising edge-triggered cell FDRE clocked by clk  {rise@0.000ns fall@2.500ns period=5.000ns})
  Destination:            u_core/u_feeder/pixel_q_reg[3][62]/R
                            (rising edge-triggered cell FDRE clocked by clk  {rise@0.000ns fall@2.500ns period=5.000ns})
  Path Group:             clk
  Path Type:              Setup (Max at Slow Process Corner)
  Requirement:            5.000ns  (clk rise@5.000ns - clk rise@0.000ns)
  Data Path Delay:        4.152ns  (logic 1.594ns (38.395%)  route 2.558ns (61.606%))
  Logic Levels:           9  (LUT4=1 LUT6=8)
  Clock Path Skew:        -0.014ns (DCD - SCD + CPR)
    Destination Clock Delay (DCD):    0.029ns = ( 5.029 - 5.000 ) 
    Source Clock Delay      (SCD):    0.043ns
    Clock Pessimism Removal (CPR):    0.000ns
  Clock Uncertainty:      0.035ns  ((TSJ^2 + TIJ^2)^1/2 + DJ) / 2 + PE
    Total System Jitter     (TSJ):    0.071ns
    Total Input Jitter      (TIJ):    0.000ns
    Discrete Jitter          (DJ):    0.000ns
    Phase Error              (PE):    0.000ns

    Location             Delay type                Incr(ns)  Path(ns)    Netlist Resource(s)
  -------------------------------------------------------------------    -------------------
                         (clock clk rise edge)        0.000     0.000 r  
                                                      0.000     0.000 r  clk (IN)
                         net (fo=5742, unset)         0.043     0.043    u_core/u_accum_base_datapath/u_output_slice/u_scanner/clk
    SLICE_X37Y45         FDRE                                         r  u_core/u_accum_base_datapath/u_output_slice/u_scanner/busy_q_reg/C
  -------------------------------------------------------------------    -------------------
    SLICE_X37Y45         FDRE (Prop_DFF_SLICEM_C_Q)
                                                      0.116     0.159 r  u_core/u_accum_base_datapath/u_output_slice/u_scanner/busy_q_reg/Q
                         net (fo=7, routed)           0.375     0.534    u_core/u_accum_base_datapath/u_output_slice/u_requant/lane_mask_q[3]_i_3
    SLICE_X37Y57         LUT6 (Prop_G6LUT_SLICEM_I5_O)
                                                      0.152     0.686 f  u_core/u_accum_base_datapath/u_output_slice/u_requant/lane_mask_q[3]_i_4/O
                         net (fo=1, routed)           0.370     1.056    u_core/u_accum_base_datapath/u_output_slice/u_router/lane_mask_q_reg[3]_0
    SLICE_X36Y46         LUT6 (Prop_E6LUT_SLICEL_I3_O)
                                                      0.152     1.208 r  u_core/u_accum_base_datapath/u_output_slice/u_router/lane_mask_q[3]_i_3/O
                         net (fo=3, routed)           0.201     1.410    u_core/u_accum_base_datapath/u_output_slice/u_router/lane_mask_q[3]_i_3_n_0
    SLICE_X35Y42         LUT6 (Prop_D6LUT_SLICEM_I3_O)
                                                      0.220     1.630 r  u_core/u_accum_base_datapath/u_output_slice/u_router/lane_mask_q[0]_i_1/O
                         net (fo=2, routed)           0.054     1.684    u_core/u_accum_base_datapath/u_output_slice/u_router/output_cfg_lane_mask[0]
    SLICE_X35Y42         LUT6 (Prop_H6LUT_SLICEM_I5_O)
                                                      0.154     1.838 f  u_core/u_accum_base_datapath/u_output_slice/u_router/active_weight_context_tag_q[15]_i_9/O
                         net (fo=2, routed)           0.126     1.964    u_core/u_accum_base_datapath/u_output_slice/u_router/active_weight_context_tag_q[15]_i_9_n_0
    SLICE_X35Y44         LUT6 (Prop_H6LUT_SLICEM_I3_O)
                                                      0.189     2.153 r  u_core/u_accum_base_datapath/u_output_slice/u_router/active_weight_context_tag_q[15]_i_5/O
                         net (fo=1, routed)           0.059     2.212    u_core/u_accum_base_datapath/u_output_slice/u_partial_sum_bank_pair/g_segment[1].u_bank/active_k_count_q_reg[0]_4
    SLICE_X35Y44         LUT6 (Prop_C6LUT_SLICEM_I2_O)
                                                      0.186     2.398 r  u_core/u_accum_base_datapath/u_output_slice/u_partial_sum_bank_pair/g_segment[1].u_bank/active_weight_context_tag_q[15]_i_3/O
                         net (fo=2, routed)           0.319     2.717    u_core/u_accum_base_datapath/u_output_slice/u_partial_sum_bank_pair/g_segment[1].u_bank/base_chunk_ready
    SLICE_X35Y33         LUT6 (Prop_D6LUT_SLICEM_I3_O)
                                                      0.080     2.797 r  u_core/u_accum_base_datapath/u_output_slice/u_partial_sum_bank_pair/g_segment[1].u_bank/active_weight_context_tag_q[15]_i_1/O
                         net (fo=127, routed)         0.279     3.077    u_core/u_feeder/write_ring_row_q_reg[3]_0[0]
    SLICE_X36Y29         LUT4 (Prop_B5LUT_SLICEL_I0_O)
                                                      0.196     3.273 r  u_core/u_feeder/output_w_q[7]_i_1/O
                         net (fo=99, routed)          0.254     3.527    u_core/u_feeder/frame_fire
    SLICE_X37Y28         LUT6 (Prop_F6LUT_SLICEM_I3_O)
                                                      0.149     3.676 r  u_core/u_feeder/pixel_q[3][63]_i_1/O
                         net (fo=64, routed)          0.519     4.195    u_core/u_feeder/pixel_q[3][63]_i_1_n_0
    SLICE_X39Y25         FDRE                                         r  u_core/u_feeder/pixel_q_reg[3][62]/R
  -------------------------------------------------------------------    -------------------

                         (clock clk rise edge)        5.000     5.000 r  
                                                      0.000     5.000 r  clk (IN)
                         net (fo=5742, unset)         0.029     5.029    u_core/u_feeder/clk
    SLICE_X39Y25         FDRE                                         r  u_core/u_feeder/pixel_q_reg[3][62]/C
                         clock pessimism              0.000     5.029    
                         clock uncertainty           -0.035     4.994    
    SLICE_X39Y25         FDRE (Setup_HFF_SLICEL_C_R)
                                                     -0.119     4.875    u_core/u_feeder/pixel_q_reg[3][62]
  -------------------------------------------------------------------
                         required time                          4.875    
                         arrival time                          -4.195    
  -------------------------------------------------------------------
                         slack                                  0.680    

Slack (MET) :             0.680ns  (required time - arrival time)
  Source:                 u_core/u_accum_base_datapath/u_output_slice/u_scanner/busy_q_reg/C
                            (rising edge-triggered cell FDRE clocked by clk  {rise@0.000ns fall@2.500ns period=5.000ns})
  Destination:            u_core/u_feeder/pixel_q_reg[3][6]/R
                            (rising edge-triggered cell FDRE clocked by clk  {rise@0.000ns fall@2.500ns period=5.000ns})
  Path Group:             clk
  Path Type:              Setup (Max at Slow Process Corner)
  Requirement:            5.000ns  (clk rise@5.000ns - clk rise@0.000ns)
  Data Path Delay:        4.152ns  (logic 1.594ns (38.395%)  route 2.558ns (61.606%))
  Logic Levels:           9  (LUT4=1 LUT6=8)
  Clock Path Skew:        -0.014ns (DCD - SCD + CPR)
    Destination Clock Delay (DCD):    0.029ns = ( 5.029 - 5.000 ) 
    Source Clock Delay      (SCD):    0.043ns
    Clock Pessimism Removal (CPR):    0.000ns
  Clock Uncertainty:      0.035ns  ((TSJ^2 + TIJ^2)^1/2 + DJ) / 2 + PE
    Total System Jitter     (TSJ):    0.071ns
    Total Input Jitter      (TIJ):    0.000ns
    Discrete Jitter          (DJ):    0.000ns
    Phase Error              (PE):    0.000ns

    Location             Delay type                Incr(ns)  Path(ns)    Netlist Resource(s)
  -------------------------------------------------------------------    -------------------
                         (clock clk rise edge)        0.000     0.000 r  
                                                      0.000     0.000 r  clk (IN)
                         net (fo=5742, unset)         0.043     0.043    u_core/u_accum_base_datapath/u_output_slice/u_scanner/clk
    SLICE_X37Y45         FDRE                                         r  u_core/u_accum_base_datapath/u_output_slice/u_scanner/busy_q_reg/C
  -------------------------------------------------------------------    -------------------
    SLICE_X37Y45         FDRE (Prop_DFF_SLICEM_C_Q)
                                                      0.116     0.159 r  u_core/u_accum_base_datapath/u_output_slice/u_scanner/busy_q_reg/Q
                         net (fo=7, routed)           0.375     0.534    u_core/u_accum_base_datapath/u_output_slice/u_requant/lane_mask_q[3]_i_3
    SLICE_X37Y57         LUT6 (Prop_G6LUT_SLICEM_I5_O)
                                                      0.152     0.686 f  u_core/u_accum_base_datapath/u_output_slice/u_requant/lane_mask_q[3]_i_4/O
                         net (fo=1, routed)           0.370     1.056    u_core/u_accum_base_datapath/u_output_slice/u_router/lane_mask_q_reg[3]_0
    SLICE_X36Y46         LUT6 (Prop_E6LUT_SLICEL_I3_O)
                                                      0.152     1.208 r  u_core/u_accum_base_datapath/u_output_slice/u_router/lane_mask_q[3]_i_3/O
                         net (fo=3, routed)           0.201     1.410    u_core/u_accum_base_datapath/u_output_slice/u_router/lane_mask_q[3]_i_3_n_0
    SLICE_X35Y42         LUT6 (Prop_D6LUT_SLICEM_I3_O)
                                                      0.220     1.630 r  u_core/u_accum_base_datapath/u_output_slice/u_router/lane_mask_q[0]_i_1/O
                         net (fo=2, routed)           0.054     1.684    u_core/u_accum_base_datapath/u_output_slice/u_router/output_cfg_lane_mask[0]
    SLICE_X35Y42         LUT6 (Prop_H6LUT_SLICEM_I5_O)
                                                      0.154     1.838 f  u_core/u_accum_base_datapath/u_output_slice/u_router/active_weight_context_tag_q[15]_i_9/O
                         net (fo=2, routed)           0.126     1.964    u_core/u_accum_base_datapath/u_output_slice/u_router/active_weight_context_tag_q[15]_i_9_n_0
    SLICE_X35Y44         LUT6 (Prop_H6LUT_SLICEM_I3_O)
                                                      0.189     2.153 r  u_core/u_accum_base_datapath/u_output_slice/u_router/active_weight_context_tag_q[15]_i_5/O
                         net (fo=1, routed)           0.059     2.212    u_core/u_accum_base_datapath/u_output_slice/u_partial_sum_bank_pair/g_segment[1].u_bank/active_k_count_q_reg[0]_4
    SLICE_X35Y44         LUT6 (Prop_C6LUT_SLICEM_I2_O)
                                                      0.186     2.398 r  u_core/u_accum_base_datapath/u_output_slice/u_partial_sum_bank_pair/g_segment[1].u_bank/active_weight_context_tag_q[15]_i_3/O
                         net (fo=2, routed)           0.319     2.717    u_core/u_accum_base_datapath/u_output_slice/u_partial_sum_bank_pair/g_segment[1].u_bank/base_chunk_ready
    SLICE_X35Y33         LUT6 (Prop_D6LUT_SLICEM_I3_O)
                                                      0.080     2.797 r  u_core/u_accum_base_datapath/u_output_slice/u_partial_sum_bank_pair/g_segment[1].u_bank/active_weight_context_tag_q[15]_i_1/O
                         net (fo=127, routed)         0.279     3.077    u_core/u_feeder/write_ring_row_q_reg[3]_0[0]
    SLICE_X36Y29         LUT4 (Prop_B5LUT_SLICEL_I0_O)
                                                      0.196     3.273 r  u_core/u_feeder/output_w_q[7]_i_1/O
                         net (fo=99, routed)          0.254     3.527    u_core/u_feeder/frame_fire
    SLICE_X37Y28         LUT6 (Prop_F6LUT_SLICEM_I3_O)
                                                      0.149     3.676 r  u_core/u_feeder/pixel_q[3][63]_i_1/O
                         net (fo=64, routed)          0.519     4.195    u_core/u_feeder/pixel_q[3][63]_i_1_n_0
    SLICE_X39Y25         FDRE                                         r  u_core/u_feeder/pixel_q_reg[3][6]/R
  -------------------------------------------------------------------    -------------------

                         (clock clk rise edge)        5.000     5.000 r  
                                                      0.000     5.000 r  clk (IN)
                         net (fo=5742, unset)         0.029     5.029    u_core/u_feeder/clk
    SLICE_X39Y25         FDRE                                         r  u_core/u_feeder/pixel_q_reg[3][6]/C
                         clock pessimism              0.000     5.029    
                         clock uncertainty           -0.035     4.994    
    SLICE_X39Y25         FDRE (Setup_HFF2_SLICEL_C_R)
                                                     -0.119     4.875    u_core/u_feeder/pixel_q_reg[3][6]
  -------------------------------------------------------------------
                         required time                          4.875    
                         arrival time                          -4.195    
  -------------------------------------------------------------------
                         slack                                  0.680    

Slack (MET) :             0.683ns  (required time - arrival time)
  Source:                 u_core/u_accum_base_datapath/u_output_slice/u_partial_sum_bank_pair/g_segment[0].u_bank/mem_reg_0/CLKARDCLK
                            (rising edge-triggered cell RAMB36E2 clocked by clk  {rise@0.000ns fall@2.500ns period=5.000ns})
  Destination:            u_core/u_accum_base_datapath/u_output_slice/u_partial_sum_bank_pair/g_segment[0].u_bank/mem_reg_1/DINADIN[23]
                            (rising edge-triggered cell RAMB36E2 clocked by clk  {rise@0.000ns fall@2.500ns period=5.000ns})
  Path Group:             clk
  Path Type:              Setup (Max at Slow Process Corner)
  Requirement:            5.000ns  (clk rise@5.000ns - clk rise@0.000ns)
  Data Path Delay:        3.809ns  (logic 2.076ns (54.503%)  route 1.733ns (45.497%))
  Logic Levels:           6  (CARRY8=4 LUT2=1 LUT5=1)
  Clock Path Skew:        -0.059ns (DCD - SCD + CPR)
    Destination Clock Delay (DCD):    0.048ns = ( 5.048 - 5.000 ) 
    Source Clock Delay      (SCD):    0.107ns
    Clock Pessimism Removal (CPR):    0.000ns
  Clock Uncertainty:      0.035ns  ((TSJ^2 + TIJ^2)^1/2 + DJ) / 2 + PE
    Total System Jitter     (TSJ):    0.071ns
    Total Input Jitter      (TIJ):    0.000ns
    Discrete Jitter          (DJ):    0.000ns
    Phase Error              (PE):    0.000ns

    Location             Delay type                Incr(ns)  Path(ns)    Netlist Resource(s)
  -------------------------------------------------------------------    -------------------
                         (clock clk rise edge)        0.000     0.000 r  
                                                      0.000     0.000 r  clk (IN)
                         net (fo=5742, unset)         0.107     0.107    u_core/u_accum_base_datapath/u_output_slice/u_partial_sum_bank_pair/g_segment[0].u_bank/clk
    RAMB36_X0Y11         RAMB36E2                                     r  u_core/u_accum_base_datapath/u_output_slice/u_partial_sum_bank_pair/g_segment[0].u_bank/mem_reg_0/CLKARDCLK
  -------------------------------------------------------------------    -------------------
    RAMB36_X0Y11         RAMB36E2 (Prop_RAMB36E2_RAMB36_CLKARDCLK_DOUTPADOUTP[1])
                                                      1.200     1.307 r  u_core/u_accum_base_datapath/u_output_slice/u_partial_sum_bank_pair/g_segment[0].u_bank/mem_reg_0/DOUTPADOUTP[1]
                         net (fo=3, routed)           0.718     2.025    u_core/u_accum_base_datapath/u_output_slice/u_partial_sum_bank_pair/g_segment[0].u_bank/mem_reg_0_n_142
    SLICE_X38Y43         LUT2 (Prop_B6LUT_SLICEM_I0_O)
                                                      0.225     2.250 r  u_core/u_accum_base_datapath/u_output_slice/u_partial_sum_bank_pair/g_segment[0].u_bank/i__carry_i_7__1/O
                         net (fo=1, routed)           0.022     2.272    u_core/u_accum_base_datapath/u_output_slice/u_partial_sum_bank_pair/g_segment[0].u_bank/i__carry_i_7__1_n_0
    SLICE_X38Y43         CARRY8 (Prop_CARRY8_SLICEM_S[1]_CO[7])
                                                      0.267     2.539 r  u_core/u_accum_base_datapath/u_output_slice/u_partial_sum_bank_pair/g_segment[0].u_bank/_inferred__23/i__carry/CO[7]
                         net (fo=1, routed)           0.030     2.569    u_core/u_accum_base_datapath/u_output_slice/u_partial_sum_bank_pair/g_segment[0].u_bank/_inferred__23/i__carry_n_0
    SLICE_X38Y44         CARRY8 (Prop_CARRY8_SLICEM_CI_CO[7])
                                                      0.065     2.634 r  u_core/u_accum_base_datapath/u_output_slice/u_partial_sum_bank_pair/g_segment[0].u_bank/_inferred__23/i__carry__0/CO[7]
                         net (fo=1, routed)           0.030     2.664    u_core/u_accum_base_datapath/u_output_slice/u_partial_sum_bank_pair/g_segment[0].u_bank/_inferred__23/i__carry__0_n_0
    SLICE_X38Y45         CARRY8 (Prop_CARRY8_SLICEM_CI_CO[7])
                                                      0.065     2.729 r  u_core/u_accum_base_datapath/u_output_slice/u_partial_sum_bank_pair/g_segment[0].u_bank/_inferred__23/i__carry__1/CO[7]
                         net (fo=1, routed)           0.030     2.759    u_core/u_accum_base_datapath/u_output_slice/u_partial_sum_bank_pair/g_segment[0].u_bank/_inferred__23/i__carry__1_n_0
    SLICE_X38Y46         CARRY8 (Prop_CARRY8_SLICEM_CI_O[7])
                                                      0.171     2.930 r  u_core/u_accum_base_datapath/u_output_slice/u_partial_sum_bank_pair/g_segment[0].u_bank/_inferred__23/i__carry__2/O[7]
                         net (fo=1, routed)           0.318     3.248    u_core/u_accum_base_datapath/u_output_slice/u_partial_sum_bank_pair/g_segment[0].u_bank/p_1_in[31]
    SLICE_X42Y46         LUT5 (Prop_E6LUT_SLICEL_I3_O)
                                                      0.083     3.331 r  u_core/u_accum_base_datapath/u_output_slice/u_partial_sum_bank_pair/g_segment[0].u_bank/mem_reg_1_i_9/O
                         net (fo=1, routed)           0.585     3.916    u_core/u_accum_base_datapath/u_output_slice/u_partial_sum_bank_pair/g_segment[0].u_bank/mem_write_data[95]
    RAMB36_X1Y8          RAMB36E2                                     r  u_core/u_accum_base_datapath/u_output_slice/u_partial_sum_bank_pair/g_segment[0].u_bank/mem_reg_1/DINADIN[23]
  -------------------------------------------------------------------    -------------------

                         (clock clk rise edge)        5.000     5.000 r  
                                                      0.000     5.000 r  clk (IN)
                         net (fo=5742, unset)         0.048     5.048    u_core/u_accum_base_datapath/u_output_slice/u_partial_sum_bank_pair/g_segment[0].u_bank/clk
    RAMB36_X1Y8          RAMB36E2                                     r  u_core/u_accum_base_datapath/u_output_slice/u_partial_sum_bank_pair/g_segment[0].u_bank/mem_reg_1/CLKBWRCLK
                         clock pessimism              0.000     5.048    
                         clock uncertainty           -0.035     5.013    
    RAMB36_X1Y8          RAMB36E2 (Setup_RAMB36E2_RAMB36_CLKBWRCLK_DINADIN[23])
                                                     -0.414     4.599    u_core/u_accum_base_datapath/u_output_slice/u_partial_sum_bank_pair/g_segment[0].u_bank/mem_reg_1
  -------------------------------------------------------------------
                         required time                          4.599    
                         arrival time                          -3.916    
  -------------------------------------------------------------------
                         slack                                  0.683    

Slack (MET) :             0.701ns  (required time - arrival time)
  Source:                 u_core/u_accum_base_datapath/u_output_slice/u_partial_sum_bank_pair/g_segment[1].u_bank/mem_reg_1/CLKARDCLK
                            (rising edge-triggered cell RAMB36E2 clocked by clk  {rise@0.000ns fall@2.500ns period=5.000ns})
  Destination:            u_core/u_accum_base_datapath/u_output_slice/u_partial_sum_bank_pair/g_segment[1].u_bank/mem_reg_1/DINBDIN[15]
                            (rising edge-triggered cell RAMB36E2 clocked by clk  {rise@0.000ns fall@2.500ns period=5.000ns})
  Path Group:             clk
  Path Type:              Setup (Max at Slow Process Corner)
  Requirement:            5.000ns  (clk rise@5.000ns - clk rise@0.000ns)
  Data Path Delay:        3.769ns  (logic 2.167ns (57.496%)  route 1.602ns (42.504%))
  Logic Levels:           5  (CARRY8=3 LUT2=1 LUT5=1)
  Clock Path Skew:        -0.059ns (DCD - SCD + CPR)
    Destination Clock Delay (DCD):    0.048ns = ( 5.048 - 5.000 ) 
    Source Clock Delay      (SCD):    0.107ns
    Clock Pessimism Removal (CPR):    0.000ns
  Clock Uncertainty:      0.035ns  ((TSJ^2 + TIJ^2)^1/2 + DJ) / 2 + PE
    Total System Jitter     (TSJ):    0.071ns
    Total Input Jitter      (TIJ):    0.000ns
    Discrete Jitter          (DJ):    0.000ns
    Phase Error              (PE):    0.000ns

    Location             Delay type                Incr(ns)  Path(ns)    Netlist Resource(s)
  -------------------------------------------------------------------    -------------------
                         (clock clk rise edge)        0.000     0.000 r  
                                                      0.000     0.000 r  clk (IN)
                         net (fo=5742, unset)         0.107     0.107    u_core/u_accum_base_datapath/u_output_slice/u_partial_sum_bank_pair/g_segment[1].u_bank/clk
    RAMB36_X1Y9          RAMB36E2                                     r  u_core/u_accum_base_datapath/u_output_slice/u_partial_sum_bank_pair/g_segment[1].u_bank/mem_reg_1/CLKARDCLK
  -------------------------------------------------------------------    -------------------
    RAMB36_X1Y9          RAMB36E2 (Prop_RAMB36E2_RAMB36_CLKARDCLK_DOUTADOUT[25])
                                                      1.219     1.326 r  u_core/u_accum_base_datapath/u_output_slice/u_partial_sum_bank_pair/g_segment[1].u_bank/mem_reg_1/DOUTADOUT[25]
                         net (fo=3, routed)           0.770     2.096    u_core/u_accum_base_datapath/u_output_slice/u_partial_sum_bank_pair/g_segment[1].u_bank/mem_reg_1_n_74
    SLICE_X43Y43         LUT2 (Prop_B6LUT_SLICEM_I0_O)
                                                      0.225     2.321 r  u_core/u_accum_base_datapath/u_output_slice/u_partial_sum_bank_pair/g_segment[1].u_bank/i__carry_i_7__10/O
                         net (fo=1, routed)           0.022     2.343    u_core/u_accum_base_datapath/u_output_slice/u_partial_sum_bank_pair/g_segment[1].u_bank/i__carry_i_7__10_n_0
    SLICE_X43Y43         CARRY8 (Prop_CARRY8_SLICEM_S[1]_CO[7])
                                                      0.267     2.610 r  u_core/u_accum_base_datapath/u_output_slice/u_partial_sum_bank_pair/g_segment[1].u_bank/_inferred__24/i__carry/CO[7]
                         net (fo=1, routed)           0.030     2.640    u_core/u_accum_base_datapath/u_output_slice/u_partial_sum_bank_pair/g_segment[1].u_bank/_inferred__24/i__carry_n_0
    SLICE_X43Y44         CARRY8 (Prop_CARRY8_SLICEM_CI_CO[7])
                                                      0.065     2.705 r  u_core/u_accum_base_datapath/u_output_slice/u_partial_sum_bank_pair/g_segment[1].u_bank/_inferred__24/i__carry__0/CO[7]
                         net (fo=1, routed)           0.030     2.735    u_core/u_accum_base_datapath/u_output_slice/u_partial_sum_bank_pair/g_segment[1].u_bank/_inferred__24/i__carry__0_n_0
    SLICE_X43Y45         CARRY8 (Prop_CARRY8_SLICEM_CI_O[7])
                                                      0.171     2.906 r  u_core/u_accum_base_datapath/u_output_slice/u_partial_sum_bank_pair/g_segment[1].u_bank/_inferred__24/i__carry__1/O[7]
                         net (fo=1, routed)           0.169     3.075    u_core/u_accum_base_datapath/u_output_slice/u_partial_sum_bank_pair/g_segment[1].u_bank/_inferred__24/i__carry__1_n_8
    SLICE_X43Y47         LUT5 (Prop_D5LUT_SLICEM_I3_O)
                                                      0.220     3.295 r  u_core/u_accum_base_datapath/u_output_slice/u_partial_sum_bank_pair/g_segment[1].u_bank/mem_reg_1_i_49__0/O
                         net (fo=1, routed)           0.581     3.876    u_core/u_accum_base_datapath/u_output_slice/u_partial_sum_bank_pair/g_segment[1].u_bank/mem_write_data[119]
    RAMB36_X1Y9          RAMB36E2                                     r  u_core/u_accum_base_datapath/u_output_slice/u_partial_sum_bank_pair/g_segment[1].u_bank/mem_reg_1/DINBDIN[15]
  -------------------------------------------------------------------    -------------------

                         (clock clk rise edge)        5.000     5.000 r  
                                                      0.000     5.000 r  clk (IN)
                         net (fo=5742, unset)         0.048     5.048    u_core/u_accum_base_datapath/u_output_slice/u_partial_sum_bank_pair/g_segment[1].u_bank/clk
    RAMB36_X1Y9          RAMB36E2                                     r  u_core/u_accum_base_datapath/u_output_slice/u_partial_sum_bank_pair/g_segment[1].u_bank/mem_reg_1/CLKBWRCLK
                         clock pessimism              0.000     5.048    
                         clock uncertainty           -0.035     5.013    
    RAMB36_X1Y9          RAMB36E2 (Setup_RAMB36E2_RAMB36_CLKBWRCLK_DINBDIN[15])
                                                     -0.436     4.577    u_core/u_accum_base_datapath/u_output_slice/u_partial_sum_bank_pair/g_segment[1].u_bank/mem_reg_1
  -------------------------------------------------------------------
                         required time                          4.577    
                         arrival time                          -3.876    
  -------------------------------------------------------------------
                         slack                                  0.701    

Slack (MET) :             0.702ns  (required time - arrival time)
  Source:                 u_core/u_accum_base_datapath/u_output_slice/u_partial_sum_bank_pair/g_segment[0].u_bank/mem_reg_0/CLKARDCLK
                            (rising edge-triggered cell RAMB36E2 clocked by clk  {rise@0.000ns fall@2.500ns period=5.000ns})
  Destination:            u_core/u_accum_base_datapath/u_output_slice/u_partial_sum_bank_pair/g_segment[0].u_bank/mem_reg_1/DINADIN[19]
                            (rising edge-triggered cell RAMB36E2 clocked by clk  {rise@0.000ns fall@2.500ns period=5.000ns})
  Path Group:             clk
  Path Type:              Setup (Max at Slow Process Corner)
  Requirement:            5.000ns  (clk rise@5.000ns - clk rise@0.000ns)
  Data Path Delay:        3.809ns  (logic 2.164ns (56.813%)  route 1.645ns (43.187%))
  Logic Levels:           6  (CARRY8=4 LUT2=1 LUT5=1)
  Clock Path Skew:        -0.059ns (DCD - SCD + CPR)
    Destination Clock Delay (DCD):    0.048ns = ( 5.048 - 5.000 ) 
    Source Clock Delay      (SCD):    0.107ns
    Clock Pessimism Removal (CPR):    0.000ns
  Clock Uncertainty:      0.035ns  ((TSJ^2 + TIJ^2)^1/2 + DJ) / 2 + PE
    Total System Jitter     (TSJ):    0.071ns
    Total Input Jitter      (TIJ):    0.000ns
    Discrete Jitter          (DJ):    0.000ns
    Phase Error              (PE):    0.000ns

    Location             Delay type                Incr(ns)  Path(ns)    Netlist Resource(s)
  -------------------------------------------------------------------    -------------------
                         (clock clk rise edge)        0.000     0.000 r  
                                                      0.000     0.000 r  clk (IN)
                         net (fo=5742, unset)         0.107     0.107    u_core/u_accum_base_datapath/u_output_slice/u_partial_sum_bank_pair/g_segment[0].u_bank/clk
    RAMB36_X0Y11         RAMB36E2                                     r  u_core/u_accum_base_datapath/u_output_slice/u_partial_sum_bank_pair/g_segment[0].u_bank/mem_reg_0/CLKARDCLK
  -------------------------------------------------------------------    -------------------
    RAMB36_X0Y11         RAMB36E2 (Prop_RAMB36E2_RAMB36_CLKARDCLK_DOUTPADOUTP[1])
                                                      1.200     1.307 r  u_core/u_accum_base_datapath/u_output_slice/u_partial_sum_bank_pair/g_segment[0].u_bank/mem_reg_0/DOUTPADOUTP[1]
                         net (fo=3, routed)           0.718     2.025    u_core/u_accum_base_datapath/u_output_slice/u_partial_sum_bank_pair/g_segment[0].u_bank/mem_reg_0_n_142
    SLICE_X38Y43         LUT2 (Prop_B6LUT_SLICEM_I0_O)
                                                      0.225     2.250 r  u_core/u_accum_base_datapath/u_output_slice/u_partial_sum_bank_pair/g_segment[0].u_bank/i__carry_i_7__1/O
                         net (fo=1, routed)           0.022     2.272    u_core/u_accum_base_datapath/u_output_slice/u_partial_sum_bank_pair/g_segment[0].u_bank/i__carry_i_7__1_n_0
    SLICE_X38Y43         CARRY8 (Prop_CARRY8_SLICEM_S[1]_CO[7])
                                                      0.267     2.539 r  u_core/u_accum_base_datapath/u_output_slice/u_partial_sum_bank_pair/g_segment[0].u_bank/_inferred__23/i__carry/CO[7]
                         net (fo=1, routed)           0.030     2.569    u_core/u_accum_base_datapath/u_output_slice/u_partial_sum_bank_pair/g_segment[0].u_bank/_inferred__23/i__carry_n_0
    SLICE_X38Y44         CARRY8 (Prop_CARRY8_SLICEM_CI_CO[7])
                                                      0.065     2.634 r  u_core/u_accum_base_datapath/u_output_slice/u_partial_sum_bank_pair/g_segment[0].u_bank/_inferred__23/i__carry__0/CO[7]
                         net (fo=1, routed)           0.030     2.664    u_core/u_accum_base_datapath/u_output_slice/u_partial_sum_bank_pair/g_segment[0].u_bank/_inferred__23/i__carry__0_n_0
    SLICE_X38Y45         CARRY8 (Prop_CARRY8_SLICEM_CI_CO[7])
                                                      0.065     2.729 r  u_core/u_accum_base_datapath/u_output_slice/u_partial_sum_bank_pair/g_segment[0].u_bank/_inferred__23/i__carry__1/CO[7]
                         net (fo=1, routed)           0.030     2.759    u_core/u_accum_base_datapath/u_output_slice/u_partial_sum_bank_pair/g_segment[0].u_bank/_inferred__23/i__carry__1_n_0
    SLICE_X38Y46         CARRY8 (Prop_CARRY8_SLICEM_CI_O[3])
                                                      0.114     2.873 r  u_core/u_accum_base_datapath/u_output_slice/u_partial_sum_bank_pair/g_segment[0].u_bank/_inferred__23/i__carry__2/O[3]
                         net (fo=1, routed)           0.327     3.200    u_core/u_accum_base_datapath/u_output_slice/u_partial_sum_bank_pair/g_segment[0].u_bank/p_1_in[27]
    SLICE_X41Y43         LUT5 (Prop_H6LUT_SLICEM_I4_O)
                                                      0.228     3.428 r  u_core/u_accum_base_datapath/u_output_slice/u_partial_sum_bank_pair/g_segment[0].u_bank/mem_reg_1_i_13/O
                         net (fo=1, routed)           0.488     3.916    u_core/u_accum_base_datapath/u_output_slice/u_partial_sum_bank_pair/g_segment[0].u_bank/mem_write_data[91]
    RAMB36_X1Y8          RAMB36E2                                     r  u_core/u_accum_base_datapath/u_output_slice/u_partial_sum_bank_pair/g_segment[0].u_bank/mem_reg_1/DINADIN[19]
  -------------------------------------------------------------------    -------------------

                         (clock clk rise edge)        5.000     5.000 r  
                                                      0.000     5.000 r  clk (IN)
                         net (fo=5742, unset)         0.048     5.048    u_core/u_accum_base_datapath/u_output_slice/u_partial_sum_bank_pair/g_segment[0].u_bank/clk
    RAMB36_X1Y8          RAMB36E2                                     r  u_core/u_accum_base_datapath/u_output_slice/u_partial_sum_bank_pair/g_segment[0].u_bank/mem_reg_1/CLKBWRCLK
                         clock pessimism              0.000     5.048    
                         clock uncertainty           -0.035     5.013    
    RAMB36_X1Y8          RAMB36E2 (Setup_RAMB36E2_RAMB36_CLKBWRCLK_DINADIN[19])
                                                     -0.395     4.618    u_core/u_accum_base_datapath/u_output_slice/u_partial_sum_bank_pair/g_segment[0].u_bank/mem_reg_1
  -------------------------------------------------------------------
                         required time                          4.618    
                         arrival time                          -3.916    
  -------------------------------------------------------------------
                         slack                                  0.702    





Min Delay Paths
--------------------------------------------------------------------------------------
Slack (MET) :             0.046ns  (arrival time - required time)
  Source:                 u_core/u_accum_base_datapath/u_sa/g_pe_row[0].g_pe_col[0].u_pe/product_reg_reg/DSP_PREADD_DATA_INST/CLK
                            (rising edge-triggered cell DSP_PREADD_DATA clocked by clk  {rise@0.000ns fall@2.500ns period=5.000ns})
  Destination:            u_core/u_accum_base_datapath/u_sa/g_pe_row[0].g_pe_col[0].u_pe/product_reg_reg/DSP_PREADD_DATA_INST/AD[0]
                            (rising edge-triggered cell DSP_PREADD_DATA clocked by clk  {rise@0.000ns fall@2.500ns period=5.000ns})
  Path Group:             clk
  Path Type:              Hold (Min at Fast Process Corner)
  Requirement:            0.000ns  (clk rise@0.000ns - clk rise@0.000ns)
  Data Path Delay:        0.114ns  (logic 0.114ns (100.000%)  route 0.000ns (0.000%))
  Logic Levels:           1  (DSP_PREADD=1)
  Clock Path Skew:        0.008ns (DCD - SCD - CPR)
    Destination Clock Delay (DCD):    0.042ns
    Source Clock Delay      (SCD):    0.034ns
    Clock Pessimism Removal (CPR):    -0.000ns

    Location             Delay type                Incr(ns)  Path(ns)    Netlist Resource(s)
  -------------------------------------------------------------------    -------------------
                         (clock clk rise edge)        0.000     0.000 r  
                                                      0.000     0.000 r  clk (IN)
                         net (fo=5742, unset)         0.034     0.034    u_core/u_accum_base_datapath/u_sa/g_pe_row[0].g_pe_col[0].u_pe/product_reg_reg/CLK
    DSP48E2_X8Y16        DSP_PREADD_DATA                              r  u_core/u_accum_base_datapath/u_sa/g_pe_row[0].g_pe_col[0].u_pe/product_reg_reg/DSP_PREADD_DATA_INST/CLK
  -------------------------------------------------------------------    -------------------
    DSP48E2_X8Y16        DSP_PREADD_DATA (Prop_DSP_PREADD_DATA_DSP48E2_CLK_D_DATA[0])
                                                      0.081     0.115 r  u_core/u_accum_base_datapath/u_sa/g_pe_row[0].g_pe_col[0].u_pe/product_reg_reg/DSP_PREADD_DATA_INST/D_DATA[0]
                         net (fo=1, routed)           0.000     0.115    u_core/u_accum_base_datapath/u_sa/g_pe_row[0].g_pe_col[0].u_pe/product_reg_reg/DSP_PREADD_DATA.D_DATA<0>
    DSP48E2_X8Y16        DSP_PREADD (Prop_DSP_PREADD_DSP48E2_D_DATA[0]_AD[0])
                                                      0.033     0.148 r  u_core/u_accum_base_datapath/u_sa/g_pe_row[0].g_pe_col[0].u_pe/product_reg_reg/DSP_PREADD_INST/AD[0]
                         net (fo=1, routed)           0.000     0.148    u_core/u_accum_base_datapath/u_sa/g_pe_row[0].g_pe_col[0].u_pe/product_reg_reg/DSP_PREADD.AD<0>
    DSP48E2_X8Y16        DSP_PREADD_DATA                              r  u_core/u_accum_base_datapath/u_sa/g_pe_row[0].g_pe_col[0].u_pe/product_reg_reg/DSP_PREADD_DATA_INST/AD[0]
  -------------------------------------------------------------------    -------------------

                         (clock clk rise edge)        0.000     0.000 r  
                                                      0.000     0.000 r  clk (IN)
                         net (fo=5742, unset)         0.042     0.042    u_core/u_accum_base_datapath/u_sa/g_pe_row[0].g_pe_col[0].u_pe/product_reg_reg/CLK
    DSP48E2_X8Y16        DSP_PREADD_DATA                              r  u_core/u_accum_base_datapath/u_sa/g_pe_row[0].g_pe_col[0].u_pe/product_reg_reg/DSP_PREADD_DATA_INST/CLK
                         clock pessimism              0.000     0.042    
    DSP48E2_X8Y16        DSP_PREADD_DATA (Hold_DSP_PREADD_DATA_DSP48E2_CLK_AD[0])
                                                      0.060     0.102    u_core/u_accum_base_datapath/u_sa/g_pe_row[0].g_pe_col[0].u_pe/product_reg_reg/DSP_PREADD_DATA_INST
  -------------------------------------------------------------------
                         required time                         -0.102    
                         arrival time                           0.148    
  -------------------------------------------------------------------
                         slack                                  0.046    

Slack (MET) :             0.046ns  (arrival time - required time)
  Source:                 u_core/u_accum_base_datapath/u_sa/g_pe_row[0].g_pe_col[0].u_pe/product_reg_reg/DSP_PREADD_DATA_INST/CLK
                            (rising edge-triggered cell DSP_PREADD_DATA clocked by clk  {rise@0.000ns fall@2.500ns period=5.000ns})
  Destination:            u_core/u_accum_base_datapath/u_sa/g_pe_row[0].g_pe_col[0].u_pe/product_reg_reg/DSP_PREADD_DATA_INST/AD[10]
                            (rising edge-triggered cell DSP_PREADD_DATA clocked by clk  {rise@0.000ns fall@2.500ns period=5.000ns})
  Path Group:             clk
  Path Type:              Hold (Min at Fast Process Corner)
  Requirement:            0.000ns  (clk rise@0.000ns - clk rise@0.000ns)
  Data Path Delay:        0.114ns  (logic 0.114ns (100.000%)  route 0.000ns (0.000%))
  Logic Levels:           1  (DSP_PREADD=1)
  Clock Path Skew:        0.008ns (DCD - SCD - CPR)
    Destination Clock Delay (DCD):    0.042ns
    Source Clock Delay      (SCD):    0.034ns
    Clock Pessimism Removal (CPR):    -0.000ns

    Location             Delay type                Incr(ns)  Path(ns)    Netlist Resource(s)
  -------------------------------------------------------------------    -------------------
                         (clock clk rise edge)        0.000     0.000 r  
                                                      0.000     0.000 r  clk (IN)
                         net (fo=5742, unset)         0.034     0.034    u_core/u_accum_base_datapath/u_sa/g_pe_row[0].g_pe_col[0].u_pe/product_reg_reg/CLK
    DSP48E2_X8Y16        DSP_PREADD_DATA                              r  u_core/u_accum_base_datapath/u_sa/g_pe_row[0].g_pe_col[0].u_pe/product_reg_reg/DSP_PREADD_DATA_INST/CLK
  -------------------------------------------------------------------    -------------------
    DSP48E2_X8Y16        DSP_PREADD_DATA (Prop_DSP_PREADD_DATA_DSP48E2_CLK_D_DATA[10])
                                                      0.081     0.115 r  u_core/u_accum_base_datapath/u_sa/g_pe_row[0].g_pe_col[0].u_pe/product_reg_reg/DSP_PREADD_DATA_INST/D_DATA[10]
                         net (fo=1, routed)           0.000     0.115    u_core/u_accum_base_datapath/u_sa/g_pe_row[0].g_pe_col[0].u_pe/product_reg_reg/DSP_PREADD_DATA.D_DATA<10>
    DSP48E2_X8Y16        DSP_PREADD (Prop_DSP_PREADD_DSP48E2_D_DATA[10]_AD[10])
                                                      0.033     0.148 r  u_core/u_accum_base_datapath/u_sa/g_pe_row[0].g_pe_col[0].u_pe/product_reg_reg/DSP_PREADD_INST/AD[10]
                         net (fo=1, routed)           0.000     0.148    u_core/u_accum_base_datapath/u_sa/g_pe_row[0].g_pe_col[0].u_pe/product_reg_reg/DSP_PREADD.AD<10>
    DSP48E2_X8Y16        DSP_PREADD_DATA                              r  u_core/u_accum_base_datapath/u_sa/g_pe_row[0].g_pe_col[0].u_pe/product_reg_reg/DSP_PREADD_DATA_INST/AD[10]
  -------------------------------------------------------------------    -------------------

                         (clock clk rise edge)        0.000     0.000 r  
                                                      0.000     0.000 r  clk (IN)
                         net (fo=5742, unset)         0.042     0.042    u_core/u_accum_base_datapath/u_sa/g_pe_row[0].g_pe_col[0].u_pe/product_reg_reg/CLK
    DSP48E2_X8Y16        DSP_PREADD_DATA                              r  u_core/u_accum_base_datapath/u_sa/g_pe_row[0].g_pe_col[0].u_pe/product_reg_reg/DSP_PREADD_DATA_INST/CLK
                         clock pessimism              0.000     0.042    
    DSP48E2_X8Y16        DSP_PREADD_DATA (Hold_DSP_PREADD_DATA_DSP48E2_CLK_AD[10])
                                                      0.060     0.102    u_core/u_accum_base_datapath/u_sa/g_pe_row[0].g_pe_col[0].u_pe/product_reg_reg/DSP_PREADD_DATA_INST
  -------------------------------------------------------------------
                         required time                         -0.102    
                         arrival time                           0.148    
  -------------------------------------------------------------------
                         slack                                  0.046    

Slack (MET) :             0.046ns  (arrival time - required time)
  Source:                 u_core/u_accum_base_datapath/u_sa/g_pe_row[0].g_pe_col[0].u_pe/product_reg_reg/DSP_PREADD_DATA_INST/CLK
                            (rising edge-triggered cell DSP_PREADD_DATA clocked by clk  {rise@0.000ns fall@2.500ns period=5.000ns})
  Destination:            u_core/u_accum_base_datapath/u_sa/g_pe_row[0].g_pe_col[0].u_pe/product_reg_reg/DSP_PREADD_DATA_INST/AD[11]
                            (rising edge-triggered cell DSP_PREADD_DATA clocked by clk  {rise@0.000ns fall@2.500ns period=5.000ns})
  Path Group:             clk
  Path Type:              Hold (Min at Fast Process Corner)
  Requirement:            0.000ns  (clk rise@0.000ns - clk rise@0.000ns)
  Data Path Delay:        0.114ns  (logic 0.114ns (100.000%)  route 0.000ns (0.000%))
  Logic Levels:           1  (DSP_PREADD=1)
  Clock Path Skew:        0.008ns (DCD - SCD - CPR)
    Destination Clock Delay (DCD):    0.042ns
    Source Clock Delay      (SCD):    0.034ns
    Clock Pessimism Removal (CPR):    -0.000ns

    Location             Delay type                Incr(ns)  Path(ns)    Netlist Resource(s)
  -------------------------------------------------------------------    -------------------
                         (clock clk rise edge)        0.000     0.000 r  
                                                      0.000     0.000 r  clk (IN)
                         net (fo=5742, unset)         0.034     0.034    u_core/u_accum_base_datapath/u_sa/g_pe_row[0].g_pe_col[0].u_pe/product_reg_reg/CLK
    DSP48E2_X8Y16        DSP_PREADD_DATA                              r  u_core/u_accum_base_datapath/u_sa/g_pe_row[0].g_pe_col[0].u_pe/product_reg_reg/DSP_PREADD_DATA_INST/CLK
  -------------------------------------------------------------------    -------------------
    DSP48E2_X8Y16        DSP_PREADD_DATA (Prop_DSP_PREADD_DATA_DSP48E2_CLK_D_DATA[11])
                                                      0.081     0.115 r  u_core/u_accum_base_datapath/u_sa/g_pe_row[0].g_pe_col[0].u_pe/product_reg_reg/DSP_PREADD_DATA_INST/D_DATA[11]
                         net (fo=1, routed)           0.000     0.115    u_core/u_accum_base_datapath/u_sa/g_pe_row[0].g_pe_col[0].u_pe/product_reg_reg/DSP_PREADD_DATA.D_DATA<11>
    DSP48E2_X8Y16        DSP_PREADD (Prop_DSP_PREADD_DSP48E2_D_DATA[11]_AD[11])
                                                      0.033     0.148 r  u_core/u_accum_base_datapath/u_sa/g_pe_row[0].g_pe_col[0].u_pe/product_reg_reg/DSP_PREADD_INST/AD[11]
                         net (fo=1, routed)           0.000     0.148    u_core/u_accum_base_datapath/u_sa/g_pe_row[0].g_pe_col[0].u_pe/product_reg_reg/DSP_PREADD.AD<11>
    DSP48E2_X8Y16        DSP_PREADD_DATA                              r  u_core/u_accum_base_datapath/u_sa/g_pe_row[0].g_pe_col[0].u_pe/product_reg_reg/DSP_PREADD_DATA_INST/AD[11]
  -------------------------------------------------------------------    -------------------

                         (clock clk rise edge)        0.000     0.000 r  
                                                      0.000     0.000 r  clk (IN)
                         net (fo=5742, unset)         0.042     0.042    u_core/u_accum_base_datapath/u_sa/g_pe_row[0].g_pe_col[0].u_pe/product_reg_reg/CLK
    DSP48E2_X8Y16        DSP_PREADD_DATA                              r  u_core/u_accum_base_datapath/u_sa/g_pe_row[0].g_pe_col[0].u_pe/product_reg_reg/DSP_PREADD_DATA_INST/CLK
                         clock pessimism              0.000     0.042    
    DSP48E2_X8Y16        DSP_PREADD_DATA (Hold_DSP_PREADD_DATA_DSP48E2_CLK_AD[11])
                                                      0.060     0.102    u_core/u_accum_base_datapath/u_sa/g_pe_row[0].g_pe_col[0].u_pe/product_reg_reg/DSP_PREADD_DATA_INST
  -------------------------------------------------------------------
                         required time                         -0.102    
                         arrival time                           0.148    
  -------------------------------------------------------------------
                         slack                                  0.046    

Slack (MET) :             0.046ns  (arrival time - required time)
  Source:                 u_core/u_accum_base_datapath/u_sa/g_pe_row[0].g_pe_col[0].u_pe/product_reg_reg/DSP_PREADD_DATA_INST/CLK
                            (rising edge-triggered cell DSP_PREADD_DATA clocked by clk  {rise@0.000ns fall@2.500ns period=5.000ns})
  Destination:            u_core/u_accum_base_datapath/u_sa/g_pe_row[0].g_pe_col[0].u_pe/product_reg_reg/DSP_PREADD_DATA_INST/AD[12]
                            (rising edge-triggered cell DSP_PREADD_DATA clocked by clk  {rise@0.000ns fall@2.500ns period=5.000ns})
  Path Group:             clk
  Path Type:              Hold (Min at Fast Process Corner)
  Requirement:            0.000ns  (clk rise@0.000ns - clk rise@0.000ns)
  Data Path Delay:        0.114ns  (logic 0.114ns (100.000%)  route 0.000ns (0.000%))
  Logic Levels:           1  (DSP_PREADD=1)
  Clock Path Skew:        0.008ns (DCD - SCD - CPR)
    Destination Clock Delay (DCD):    0.042ns
    Source Clock Delay      (SCD):    0.034ns
    Clock Pessimism Removal (CPR):    -0.000ns

    Location             Delay type                Incr(ns)  Path(ns)    Netlist Resource(s)
  -------------------------------------------------------------------    -------------------
                         (clock clk rise edge)        0.000     0.000 r  
                                                      0.000     0.000 r  clk (IN)
                         net (fo=5742, unset)         0.034     0.034    u_core/u_accum_base_datapath/u_sa/g_pe_row[0].g_pe_col[0].u_pe/product_reg_reg/CLK
    DSP48E2_X8Y16        DSP_PREADD_DATA                              r  u_core/u_accum_base_datapath/u_sa/g_pe_row[0].g_pe_col[0].u_pe/product_reg_reg/DSP_PREADD_DATA_INST/CLK
  -------------------------------------------------------------------    -------------------
    DSP48E2_X8Y16        DSP_PREADD_DATA (Prop_DSP_PREADD_DATA_DSP48E2_CLK_D_DATA[12])
                                                      0.081     0.115 r  u_core/u_accum_base_datapath/u_sa/g_pe_row[0].g_pe_col[0].u_pe/product_reg_reg/DSP_PREADD_DATA_INST/D_DATA[12]
                         net (fo=1, routed)           0.000     0.115    u_core/u_accum_base_datapath/u_sa/g_pe_row[0].g_pe_col[0].u_pe/product_reg_reg/DSP_PREADD_DATA.D_DATA<12>
    DSP48E2_X8Y16        DSP_PREADD (Prop_DSP_PREADD_DSP48E2_D_DATA[12]_AD[12])
                                                      0.033     0.148 r  u_core/u_accum_base_datapath/u_sa/g_pe_row[0].g_pe_col[0].u_pe/product_reg_reg/DSP_PREADD_INST/AD[12]
                         net (fo=1, routed)           0.000     0.148    u_core/u_accum_base_datapath/u_sa/g_pe_row[0].g_pe_col[0].u_pe/product_reg_reg/DSP_PREADD.AD<12>
    DSP48E2_X8Y16        DSP_PREADD_DATA                              r  u_core/u_accum_base_datapath/u_sa/g_pe_row[0].g_pe_col[0].u_pe/product_reg_reg/DSP_PREADD_DATA_INST/AD[12]
  -------------------------------------------------------------------    -------------------

                         (clock clk rise edge)        0.000     0.000 r  
                                                      0.000     0.000 r  clk (IN)
                         net (fo=5742, unset)         0.042     0.042    u_core/u_accum_base_datapath/u_sa/g_pe_row[0].g_pe_col[0].u_pe/product_reg_reg/CLK
    DSP48E2_X8Y16        DSP_PREADD_DATA                              r  u_core/u_accum_base_datapath/u_sa/g_pe_row[0].g_pe_col[0].u_pe/product_reg_reg/DSP_PREADD_DATA_INST/CLK
                         clock pessimism              0.000     0.042    
    DSP48E2_X8Y16        DSP_PREADD_DATA (Hold_DSP_PREADD_DATA_DSP48E2_CLK_AD[12])
                                                      0.060     0.102    u_core/u_accum_base_datapath/u_sa/g_pe_row[0].g_pe_col[0].u_pe/product_reg_reg/DSP_PREADD_DATA_INST
  -------------------------------------------------------------------
                         required time                         -0.102    
                         arrival time                           0.148    
  -------------------------------------------------------------------
                         slack                                  0.046    

Slack (MET) :             0.046ns  (arrival time - required time)
  Source:                 u_core/u_accum_base_datapath/u_sa/g_pe_row[0].g_pe_col[0].u_pe/product_reg_reg/DSP_PREADD_DATA_INST/CLK
                            (rising edge-triggered cell DSP_PREADD_DATA clocked by clk  {rise@0.000ns fall@2.500ns period=5.000ns})
  Destination:            u_core/u_accum_base_datapath/u_sa/g_pe_row[0].g_pe_col[0].u_pe/product_reg_reg/DSP_PREADD_DATA_INST/AD[13]
                            (rising edge-triggered cell DSP_PREADD_DATA clocked by clk  {rise@0.000ns fall@2.500ns period=5.000ns})
  Path Group:             clk
  Path Type:              Hold (Min at Fast Process Corner)
  Requirement:            0.000ns  (clk rise@0.000ns - clk rise@0.000ns)
  Data Path Delay:        0.114ns  (logic 0.114ns (100.000%)  route 0.000ns (0.000%))
  Logic Levels:           1  (DSP_PREADD=1)
  Clock Path Skew:        0.008ns (DCD - SCD - CPR)
    Destination Clock Delay (DCD):    0.042ns
    Source Clock Delay      (SCD):    0.034ns
    Clock Pessimism Removal (CPR):    -0.000ns

    Location             Delay type                Incr(ns)  Path(ns)    Netlist Resource(s)
  -------------------------------------------------------------------    -------------------
                         (clock clk rise edge)        0.000     0.000 r  
                                                      0.000     0.000 r  clk (IN)
                         net (fo=5742, unset)         0.034     0.034    u_core/u_accum_base_datapath/u_sa/g_pe_row[0].g_pe_col[0].u_pe/product_reg_reg/CLK
    DSP48E2_X8Y16        DSP_PREADD_DATA                              r  u_core/u_accum_base_datapath/u_sa/g_pe_row[0].g_pe_col[0].u_pe/product_reg_reg/DSP_PREADD_DATA_INST/CLK
  -------------------------------------------------------------------    -------------------
    DSP48E2_X8Y16        DSP_PREADD_DATA (Prop_DSP_PREADD_DATA_DSP48E2_CLK_D_DATA[13])
                                                      0.081     0.115 r  u_core/u_accum_base_datapath/u_sa/g_pe_row[0].g_pe_col[0].u_pe/product_reg_reg/DSP_PREADD_DATA_INST/D_DATA[13]
                         net (fo=1, routed)           0.000     0.115    u_core/u_accum_base_datapath/u_sa/g_pe_row[0].g_pe_col[0].u_pe/product_reg_reg/DSP_PREADD_DATA.D_DATA<13>
    DSP48E2_X8Y16        DSP_PREADD (Prop_DSP_PREADD_DSP48E2_D_DATA[13]_AD[13])
                                                      0.033     0.148 r  u_core/u_accum_base_datapath/u_sa/g_pe_row[0].g_pe_col[0].u_pe/product_reg_reg/DSP_PREADD_INST/AD[13]
                         net (fo=1, routed)           0.000     0.148    u_core/u_accum_base_datapath/u_sa/g_pe_row[0].g_pe_col[0].u_pe/product_reg_reg/DSP_PREADD.AD<13>
    DSP48E2_X8Y16        DSP_PREADD_DATA                              r  u_core/u_accum_base_datapath/u_sa/g_pe_row[0].g_pe_col[0].u_pe/product_reg_reg/DSP_PREADD_DATA_INST/AD[13]
  -------------------------------------------------------------------    -------------------

                         (clock clk rise edge)        0.000     0.000 r  
                                                      0.000     0.000 r  clk (IN)
                         net (fo=5742, unset)         0.042     0.042    u_core/u_accum_base_datapath/u_sa/g_pe_row[0].g_pe_col[0].u_pe/product_reg_reg/CLK
    DSP48E2_X8Y16        DSP_PREADD_DATA                              r  u_core/u_accum_base_datapath/u_sa/g_pe_row[0].g_pe_col[0].u_pe/product_reg_reg/DSP_PREADD_DATA_INST/CLK
                         clock pessimism              0.000     0.042    
    DSP48E2_X8Y16        DSP_PREADD_DATA (Hold_DSP_PREADD_DATA_DSP48E2_CLK_AD[13])
                                                      0.060     0.102    u_core/u_accum_base_datapath/u_sa/g_pe_row[0].g_pe_col[0].u_pe/product_reg_reg/DSP_PREADD_DATA_INST
  -------------------------------------------------------------------
                         required time                         -0.102    
                         arrival time                           0.148    
  -------------------------------------------------------------------
                         slack                                  0.046    

Slack (MET) :             0.046ns  (arrival time - required time)
  Source:                 u_core/u_accum_base_datapath/u_sa/g_pe_row[0].g_pe_col[0].u_pe/product_reg_reg/DSP_PREADD_DATA_INST/CLK
                            (rising edge-triggered cell DSP_PREADD_DATA clocked by clk  {rise@0.000ns fall@2.500ns period=5.000ns})
  Destination:            u_core/u_accum_base_datapath/u_sa/g_pe_row[0].g_pe_col[0].u_pe/product_reg_reg/DSP_PREADD_DATA_INST/AD[14]
                            (rising edge-triggered cell DSP_PREADD_DATA clocked by clk  {rise@0.000ns fall@2.500ns period=5.000ns})
  Path Group:             clk
  Path Type:              Hold (Min at Fast Process Corner)
  Requirement:            0.000ns  (clk rise@0.000ns - clk rise@0.000ns)
  Data Path Delay:        0.114ns  (logic 0.114ns (100.000%)  route 0.000ns (0.000%))
  Logic Levels:           1  (DSP_PREADD=1)
  Clock Path Skew:        0.008ns (DCD - SCD - CPR)
    Destination Clock Delay (DCD):    0.042ns
    Source Clock Delay      (SCD):    0.034ns
    Clock Pessimism Removal (CPR):    -0.000ns

    Location             Delay type                Incr(ns)  Path(ns)    Netlist Resource(s)
  -------------------------------------------------------------------    -------------------
                         (clock clk rise edge)        0.000     0.000 r  
                                                      0.000     0.000 r  clk (IN)
                         net (fo=5742, unset)         0.034     0.034    u_core/u_accum_base_datapath/u_sa/g_pe_row[0].g_pe_col[0].u_pe/product_reg_reg/CLK
    DSP48E2_X8Y16        DSP_PREADD_DATA                              r  u_core/u_accum_base_datapath/u_sa/g_pe_row[0].g_pe_col[0].u_pe/product_reg_reg/DSP_PREADD_DATA_INST/CLK
  -------------------------------------------------------------------    -------------------
    DSP48E2_X8Y16        DSP_PREADD_DATA (Prop_DSP_PREADD_DATA_DSP48E2_CLK_D_DATA[14])
                                                      0.081     0.115 r  u_core/u_accum_base_datapath/u_sa/g_pe_row[0].g_pe_col[0].u_pe/product_reg_reg/DSP_PREADD_DATA_INST/D_DATA[14]
                         net (fo=1, routed)           0.000     0.115    u_core/u_accum_base_datapath/u_sa/g_pe_row[0].g_pe_col[0].u_pe/product_reg_reg/DSP_PREADD_DATA.D_DATA<14>
    DSP48E2_X8Y16        DSP_PREADD (Prop_DSP_PREADD_DSP48E2_D_DATA[14]_AD[14])
                                                      0.033     0.148 r  u_core/u_accum_base_datapath/u_sa/g_pe_row[0].g_pe_col[0].u_pe/product_reg_reg/DSP_PREADD_INST/AD[14]
                         net (fo=1, routed)           0.000     0.148    u_core/u_accum_base_datapath/u_sa/g_pe_row[0].g_pe_col[0].u_pe/product_reg_reg/DSP_PREADD.AD<14>
    DSP48E2_X8Y16        DSP_PREADD_DATA                              r  u_core/u_accum_base_datapath/u_sa/g_pe_row[0].g_pe_col[0].u_pe/product_reg_reg/DSP_PREADD_DATA_INST/AD[14]
  -------------------------------------------------------------------    -------------------

                         (clock clk rise edge)        0.000     0.000 r  
                                                      0.000     0.000 r  clk (IN)
                         net (fo=5742, unset)         0.042     0.042    u_core/u_accum_base_datapath/u_sa/g_pe_row[0].g_pe_col[0].u_pe/product_reg_reg/CLK
    DSP48E2_X8Y16        DSP_PREADD_DATA                              r  u_core/u_accum_base_datapath/u_sa/g_pe_row[0].g_pe_col[0].u_pe/product_reg_reg/DSP_PREADD_DATA_INST/CLK
                         clock pessimism              0.000     0.042    
    DSP48E2_X8Y16        DSP_PREADD_DATA (Hold_DSP_PREADD_DATA_DSP48E2_CLK_AD[14])
                                                      0.060     0.102    u_core/u_accum_base_datapath/u_sa/g_pe_row[0].g_pe_col[0].u_pe/product_reg_reg/DSP_PREADD_DATA_INST
  -------------------------------------------------------------------
                         required time                         -0.102    
                         arrival time                           0.148    
  -------------------------------------------------------------------
                         slack                                  0.046    

Slack (MET) :             0.046ns  (arrival time - required time)
  Source:                 u_core/u_accum_base_datapath/u_sa/g_pe_row[0].g_pe_col[0].u_pe/product_reg_reg/DSP_PREADD_DATA_INST/CLK
                            (rising edge-triggered cell DSP_PREADD_DATA clocked by clk  {rise@0.000ns fall@2.500ns period=5.000ns})
  Destination:            u_core/u_accum_base_datapath/u_sa/g_pe_row[0].g_pe_col[0].u_pe/product_reg_reg/DSP_PREADD_DATA_INST/AD[15]
                            (rising edge-triggered cell DSP_PREADD_DATA clocked by clk  {rise@0.000ns fall@2.500ns period=5.000ns})
  Path Group:             clk
  Path Type:              Hold (Min at Fast Process Corner)
  Requirement:            0.000ns  (clk rise@0.000ns - clk rise@0.000ns)
  Data Path Delay:        0.114ns  (logic 0.114ns (100.000%)  route 0.000ns (0.000%))
  Logic Levels:           1  (DSP_PREADD=1)
  Clock Path Skew:        0.008ns (DCD - SCD - CPR)
    Destination Clock Delay (DCD):    0.042ns
    Source Clock Delay      (SCD):    0.034ns
    Clock Pessimism Removal (CPR):    -0.000ns

    Location             Delay type                Incr(ns)  Path(ns)    Netlist Resource(s)
  -------------------------------------------------------------------    -------------------
                         (clock clk rise edge)        0.000     0.000 r  
                                                      0.000     0.000 r  clk (IN)
                         net (fo=5742, unset)         0.034     0.034    u_core/u_accum_base_datapath/u_sa/g_pe_row[0].g_pe_col[0].u_pe/product_reg_reg/CLK
    DSP48E2_X8Y16        DSP_PREADD_DATA                              r  u_core/u_accum_base_datapath/u_sa/g_pe_row[0].g_pe_col[0].u_pe/product_reg_reg/DSP_PREADD_DATA_INST/CLK
  -------------------------------------------------------------------    -------------------
    DSP48E2_X8Y16        DSP_PREADD_DATA (Prop_DSP_PREADD_DATA_DSP48E2_CLK_D_DATA[15])
                                                      0.081     0.115 r  u_core/u_accum_base_datapath/u_sa/g_pe_row[0].g_pe_col[0].u_pe/product_reg_reg/DSP_PREADD_DATA_INST/D_DATA[15]
                         net (fo=1, routed)           0.000     0.115    u_core/u_accum_base_datapath/u_sa/g_pe_row[0].g_pe_col[0].u_pe/product_reg_reg/DSP_PREADD_DATA.D_DATA<15>
    DSP48E2_X8Y16        DSP_PREADD (Prop_DSP_PREADD_DSP48E2_D_DATA[15]_AD[15])
                                                      0.033     0.148 r  u_core/u_accum_base_datapath/u_sa/g_pe_row[0].g_pe_col[0].u_pe/product_reg_reg/DSP_PREADD_INST/AD[15]
                         net (fo=1, routed)           0.000     0.148    u_core/u_accum_base_datapath/u_sa/g_pe_row[0].g_pe_col[0].u_pe/product_reg_reg/DSP_PREADD.AD<15>
    DSP48E2_X8Y16        DSP_PREADD_DATA                              r  u_core/u_accum_base_datapath/u_sa/g_pe_row[0].g_pe_col[0].u_pe/product_reg_reg/DSP_PREADD_DATA_INST/AD[15]
  -------------------------------------------------------------------    -------------------

                         (clock clk rise edge)        0.000     0.000 r  
                                                      0.000     0.000 r  clk (IN)
                         net (fo=5742, unset)         0.042     0.042    u_core/u_accum_base_datapath/u_sa/g_pe_row[0].g_pe_col[0].u_pe/product_reg_reg/CLK
    DSP48E2_X8Y16        DSP_PREADD_DATA                              r  u_core/u_accum_base_datapath/u_sa/g_pe_row[0].g_pe_col[0].u_pe/product_reg_reg/DSP_PREADD_DATA_INST/CLK
                         clock pessimism              0.000     0.042    
    DSP48E2_X8Y16        DSP_PREADD_DATA (Hold_DSP_PREADD_DATA_DSP48E2_CLK_AD[15])
                                                      0.060     0.102    u_core/u_accum_base_datapath/u_sa/g_pe_row[0].g_pe_col[0].u_pe/product_reg_reg/DSP_PREADD_DATA_INST
  -------------------------------------------------------------------
                         required time                         -0.102    
                         arrival time                           0.148    
  -------------------------------------------------------------------
                         slack                                  0.046    

Slack (MET) :             0.046ns  (arrival time - required time)
  Source:                 u_core/u_accum_base_datapath/u_sa/g_pe_row[0].g_pe_col[0].u_pe/product_reg_reg/DSP_PREADD_DATA_INST/CLK
                            (rising edge-triggered cell DSP_PREADD_DATA clocked by clk  {rise@0.000ns fall@2.500ns period=5.000ns})
  Destination:            u_core/u_accum_base_datapath/u_sa/g_pe_row[0].g_pe_col[0].u_pe/product_reg_reg/DSP_PREADD_DATA_INST/AD[16]
                            (rising edge-triggered cell DSP_PREADD_DATA clocked by clk  {rise@0.000ns fall@2.500ns period=5.000ns})
  Path Group:             clk
  Path Type:              Hold (Min at Fast Process Corner)
  Requirement:            0.000ns  (clk rise@0.000ns - clk rise@0.000ns)
  Data Path Delay:        0.114ns  (logic 0.114ns (100.000%)  route 0.000ns (0.000%))
  Logic Levels:           1  (DSP_PREADD=1)
  Clock Path Skew:        0.008ns (DCD - SCD - CPR)
    Destination Clock Delay (DCD):    0.042ns
    Source Clock Delay      (SCD):    0.034ns
    Clock Pessimism Removal (CPR):    -0.000ns

    Location             Delay type                Incr(ns)  Path(ns)    Netlist Resource(s)
  -------------------------------------------------------------------    -------------------
                         (clock clk rise edge)        0.000     0.000 r  
                                                      0.000     0.000 r  clk (IN)
                         net (fo=5742, unset)         0.034     0.034    u_core/u_accum_base_datapath/u_sa/g_pe_row[0].g_pe_col[0].u_pe/product_reg_reg/CLK
    DSP48E2_X8Y16        DSP_PREADD_DATA                              r  u_core/u_accum_base_datapath/u_sa/g_pe_row[0].g_pe_col[0].u_pe/product_reg_reg/DSP_PREADD_DATA_INST/CLK
  -------------------------------------------------------------------    -------------------
    DSP48E2_X8Y16        DSP_PREADD_DATA (Prop_DSP_PREADD_DATA_DSP48E2_CLK_D_DATA[16])
                                                      0.081     0.115 r  u_core/u_accum_base_datapath/u_sa/g_pe_row[0].g_pe_col[0].u_pe/product_reg_reg/DSP_PREADD_DATA_INST/D_DATA[16]
                         net (fo=1, routed)           0.000     0.115    u_core/u_accum_base_datapath/u_sa/g_pe_row[0].g_pe_col[0].u_pe/product_reg_reg/DSP_PREADD_DATA.D_DATA<16>
    DSP48E2_X8Y16        DSP_PREADD (Prop_DSP_PREADD_DSP48E2_D_DATA[16]_AD[16])
                                                      0.033     0.148 r  u_core/u_accum_base_datapath/u_sa/g_pe_row[0].g_pe_col[0].u_pe/product_reg_reg/DSP_PREADD_INST/AD[16]
                         net (fo=1, routed)           0.000     0.148    u_core/u_accum_base_datapath/u_sa/g_pe_row[0].g_pe_col[0].u_pe/product_reg_reg/DSP_PREADD.AD<16>
    DSP48E2_X8Y16        DSP_PREADD_DATA                              r  u_core/u_accum_base_datapath/u_sa/g_pe_row[0].g_pe_col[0].u_pe/product_reg_reg/DSP_PREADD_DATA_INST/AD[16]
  -------------------------------------------------------------------    -------------------

                         (clock clk rise edge)        0.000     0.000 r  
                                                      0.000     0.000 r  clk (IN)
                         net (fo=5742, unset)         0.042     0.042    u_core/u_accum_base_datapath/u_sa/g_pe_row[0].g_pe_col[0].u_pe/product_reg_reg/CLK
    DSP48E2_X8Y16        DSP_PREADD_DATA                              r  u_core/u_accum_base_datapath/u_sa/g_pe_row[0].g_pe_col[0].u_pe/product_reg_reg/DSP_PREADD_DATA_INST/CLK
                         clock pessimism              0.000     0.042    
    DSP48E2_X8Y16        DSP_PREADD_DATA (Hold_DSP_PREADD_DATA_DSP48E2_CLK_AD[16])
                                                      0.060     0.102    u_core/u_accum_base_datapath/u_sa/g_pe_row[0].g_pe_col[0].u_pe/product_reg_reg/DSP_PREADD_DATA_INST
  -------------------------------------------------------------------
                         required time                         -0.102    
                         arrival time                           0.148    
  -------------------------------------------------------------------
                         slack                                  0.046    

Slack (MET) :             0.046ns  (arrival time - required time)
  Source:                 u_core/u_accum_base_datapath/u_sa/g_pe_row[0].g_pe_col[0].u_pe/product_reg_reg/DSP_PREADD_DATA_INST/CLK
                            (rising edge-triggered cell DSP_PREADD_DATA clocked by clk  {rise@0.000ns fall@2.500ns period=5.000ns})
  Destination:            u_core/u_accum_base_datapath/u_sa/g_pe_row[0].g_pe_col[0].u_pe/product_reg_reg/DSP_PREADD_DATA_INST/AD[17]
                            (rising edge-triggered cell DSP_PREADD_DATA clocked by clk  {rise@0.000ns fall@2.500ns period=5.000ns})
  Path Group:             clk
  Path Type:              Hold (Min at Fast Process Corner)
  Requirement:            0.000ns  (clk rise@0.000ns - clk rise@0.000ns)
  Data Path Delay:        0.114ns  (logic 0.114ns (100.000%)  route 0.000ns (0.000%))
  Logic Levels:           1  (DSP_PREADD=1)
  Clock Path Skew:        0.008ns (DCD - SCD - CPR)
    Destination Clock Delay (DCD):    0.042ns
    Source Clock Delay      (SCD):    0.034ns
    Clock Pessimism Removal (CPR):    -0.000ns

    Location             Delay type                Incr(ns)  Path(ns)    Netlist Resource(s)
  -------------------------------------------------------------------    -------------------
                         (clock clk rise edge)        0.000     0.000 r  
                                                      0.000     0.000 r  clk (IN)
                         net (fo=5742, unset)         0.034     0.034    u_core/u_accum_base_datapath/u_sa/g_pe_row[0].g_pe_col[0].u_pe/product_reg_reg/CLK
    DSP48E2_X8Y16        DSP_PREADD_DATA                              r  u_core/u_accum_base_datapath/u_sa/g_pe_row[0].g_pe_col[0].u_pe/product_reg_reg/DSP_PREADD_DATA_INST/CLK
  -------------------------------------------------------------------    -------------------
    DSP48E2_X8Y16        DSP_PREADD_DATA (Prop_DSP_PREADD_DATA_DSP48E2_CLK_D_DATA[17])
                                                      0.081     0.115 r  u_core/u_accum_base_datapath/u_sa/g_pe_row[0].g_pe_col[0].u_pe/product_reg_reg/DSP_PREADD_DATA_INST/D_DATA[17]
                         net (fo=1, routed)           0.000     0.115    u_core/u_accum_base_datapath/u_sa/g_pe_row[0].g_pe_col[0].u_pe/product_reg_reg/DSP_PREADD_DATA.D_DATA<17>
    DSP48E2_X8Y16        DSP_PREADD (Prop_DSP_PREADD_DSP48E2_D_DATA[17]_AD[17])
                                                      0.033     0.148 r  u_core/u_accum_base_datapath/u_sa/g_pe_row[0].g_pe_col[0].u_pe/product_reg_reg/DSP_PREADD_INST/AD[17]
                         net (fo=1, routed)           0.000     0.148    u_core/u_accum_base_datapath/u_sa/g_pe_row[0].g_pe_col[0].u_pe/product_reg_reg/DSP_PREADD.AD<17>
    DSP48E2_X8Y16        DSP_PREADD_DATA                              r  u_core/u_accum_base_datapath/u_sa/g_pe_row[0].g_pe_col[0].u_pe/product_reg_reg/DSP_PREADD_DATA_INST/AD[17]
  -------------------------------------------------------------------    -------------------

                         (clock clk rise edge)        0.000     0.000 r  
                                                      0.000     0.000 r  clk (IN)
                         net (fo=5742, unset)         0.042     0.042    u_core/u_accum_base_datapath/u_sa/g_pe_row[0].g_pe_col[0].u_pe/product_reg_reg/CLK
    DSP48E2_X8Y16        DSP_PREADD_DATA                              r  u_core/u_accum_base_datapath/u_sa/g_pe_row[0].g_pe_col[0].u_pe/product_reg_reg/DSP_PREADD_DATA_INST/CLK
                         clock pessimism              0.000     0.042    
    DSP48E2_X8Y16        DSP_PREADD_DATA (Hold_DSP_PREADD_DATA_DSP48E2_CLK_AD[17])
                                                      0.060     0.102    u_core/u_accum_base_datapath/u_sa/g_pe_row[0].g_pe_col[0].u_pe/product_reg_reg/DSP_PREADD_DATA_INST
  -------------------------------------------------------------------
                         required time                         -0.102    
                         arrival time                           0.148    
  -------------------------------------------------------------------
                         slack                                  0.046    

Slack (MET) :             0.046ns  (arrival time - required time)
  Source:                 u_core/u_accum_base_datapath/u_sa/g_pe_row[0].g_pe_col[0].u_pe/product_reg_reg/DSP_PREADD_DATA_INST/CLK
                            (rising edge-triggered cell DSP_PREADD_DATA clocked by clk  {rise@0.000ns fall@2.500ns period=5.000ns})
  Destination:            u_core/u_accum_base_datapath/u_sa/g_pe_row[0].g_pe_col[0].u_pe/product_reg_reg/DSP_PREADD_DATA_INST/AD[18]
                            (rising edge-triggered cell DSP_PREADD_DATA clocked by clk  {rise@0.000ns fall@2.500ns period=5.000ns})
  Path Group:             clk
  Path Type:              Hold (Min at Fast Process Corner)
  Requirement:            0.000ns  (clk rise@0.000ns - clk rise@0.000ns)
  Data Path Delay:        0.114ns  (logic 0.114ns (100.000%)  route 0.000ns (0.000%))
  Logic Levels:           1  (DSP_PREADD=1)
  Clock Path Skew:        0.008ns (DCD - SCD - CPR)
    Destination Clock Delay (DCD):    0.042ns
    Source Clock Delay      (SCD):    0.034ns
    Clock Pessimism Removal (CPR):    -0.000ns

    Location             Delay type                Incr(ns)  Path(ns)    Netlist Resource(s)
  -------------------------------------------------------------------    -------------------
                         (clock clk rise edge)        0.000     0.000 r  
                                                      0.000     0.000 r  clk (IN)
                         net (fo=5742, unset)         0.034     0.034    u_core/u_accum_base_datapath/u_sa/g_pe_row[0].g_pe_col[0].u_pe/product_reg_reg/CLK
    DSP48E2_X8Y16        DSP_PREADD_DATA                              r  u_core/u_accum_base_datapath/u_sa/g_pe_row[0].g_pe_col[0].u_pe/product_reg_reg/DSP_PREADD_DATA_INST/CLK
  -------------------------------------------------------------------    -------------------
    DSP48E2_X8Y16        DSP_PREADD_DATA (Prop_DSP_PREADD_DATA_DSP48E2_CLK_D_DATA[18])
                                                      0.081     0.115 r  u_core/u_accum_base_datapath/u_sa/g_pe_row[0].g_pe_col[0].u_pe/product_reg_reg/DSP_PREADD_DATA_INST/D_DATA[18]
                         net (fo=1, routed)           0.000     0.115    u_core/u_accum_base_datapath/u_sa/g_pe_row[0].g_pe_col[0].u_pe/product_reg_reg/DSP_PREADD_DATA.D_DATA<18>
    DSP48E2_X8Y16        DSP_PREADD (Prop_DSP_PREADD_DSP48E2_D_DATA[18]_AD[18])
                                                      0.033     0.148 r  u_core/u_accum_base_datapath/u_sa/g_pe_row[0].g_pe_col[0].u_pe/product_reg_reg/DSP_PREADD_INST/AD[18]
                         net (fo=1, routed)           0.000     0.148    u_core/u_accum_base_datapath/u_sa/g_pe_row[0].g_pe_col[0].u_pe/product_reg_reg/DSP_PREADD.AD<18>
    DSP48E2_X8Y16        DSP_PREADD_DATA                              r  u_core/u_accum_base_datapath/u_sa/g_pe_row[0].g_pe_col[0].u_pe/product_reg_reg/DSP_PREADD_DATA_INST/AD[18]
  -------------------------------------------------------------------    -------------------

                         (clock clk rise edge)        0.000     0.000 r  
                                                      0.000     0.000 r  clk (IN)
                         net (fo=5742, unset)         0.042     0.042    u_core/u_accum_base_datapath/u_sa/g_pe_row[0].g_pe_col[0].u_pe/product_reg_reg/CLK
    DSP48E2_X8Y16        DSP_PREADD_DATA                              r  u_core/u_accum_base_datapath/u_sa/g_pe_row[0].g_pe_col[0].u_pe/product_reg_reg/DSP_PREADD_DATA_INST/CLK
                         clock pessimism              0.000     0.042    
    DSP48E2_X8Y16        DSP_PREADD_DATA (Hold_DSP_PREADD_DATA_DSP48E2_CLK_AD[18])
                                                      0.060     0.102    u_core/u_accum_base_datapath/u_sa/g_pe_row[0].g_pe_col[0].u_pe/product_reg_reg/DSP_PREADD_DATA_INST
  -------------------------------------------------------------------
                         required time                         -0.102    
                         arrival time                           0.148    
  -------------------------------------------------------------------
                         slack                                  0.046    

Slack (MET) :             0.046ns  (arrival time - required time)
  Source:                 u_core/u_accum_base_datapath/u_sa/g_pe_row[0].g_pe_col[0].u_pe/product_reg_reg/DSP_PREADD_DATA_INST/CLK
                            (rising edge-triggered cell DSP_PREADD_DATA clocked by clk  {rise@0.000ns fall@2.500ns period=5.000ns})
  Destination:            u_core/u_accum_base_datapath/u_sa/g_pe_row[0].g_pe_col[0].u_pe/product_reg_reg/DSP_PREADD_DATA_INST/AD[19]
                            (rising edge-triggered cell DSP_PREADD_DATA clocked by clk  {rise@0.000ns fall@2.500ns period=5.000ns})
  Path Group:             clk
  Path Type:              Hold (Min at Fast Process Corner)
  Requirement:            0.000ns  (clk rise@0.000ns - clk rise@0.000ns)
  Data Path Delay:        0.114ns  (logic 0.114ns (100.000%)  route 0.000ns (0.000%))
  Logic Levels:           1  (DSP_PREADD=1)
  Clock Path Skew:        0.008ns (DCD - SCD - CPR)
    Destination Clock Delay (DCD):    0.042ns
    Source Clock Delay      (SCD):    0.034ns
    Clock Pessimism Removal (CPR):    -0.000ns

    Location             Delay type                Incr(ns)  Path(ns)    Netlist Resource(s)
  -------------------------------------------------------------------    -------------------
                         (clock clk rise edge)        0.000     0.000 r  
                                                      0.000     0.000 r  clk (IN)
                         net (fo=5742, unset)         0.034     0.034    u_core/u_accum_base_datapath/u_sa/g_pe_row[0].g_pe_col[0].u_pe/product_reg_reg/CLK
    DSP48E2_X8Y16        DSP_PREADD_DATA                              r  u_core/u_accum_base_datapath/u_sa/g_pe_row[0].g_pe_col[0].u_pe/product_reg_reg/DSP_PREADD_DATA_INST/CLK
  -------------------------------------------------------------------    -------------------
    DSP48E2_X8Y16        DSP_PREADD_DATA (Prop_DSP_PREADD_DATA_DSP48E2_CLK_D_DATA[19])
                                                      0.081     0.115 r  u_core/u_accum_base_datapath/u_sa/g_pe_row[0].g_pe_col[0].u_pe/product_reg_reg/DSP_PREADD_DATA_INST/D_DATA[19]
                         net (fo=1, routed)           0.000     0.115    u_core/u_accum_base_datapath/u_sa/g_pe_row[0].g_pe_col[0].u_pe/product_reg_reg/DSP_PREADD_DATA.D_DATA<19>
    DSP48E2_X8Y16        DSP_PREADD (Prop_DSP_PREADD_DSP48E2_D_DATA[19]_AD[19])
                                                      0.033     0.148 r  u_core/u_accum_base_datapath/u_sa/g_pe_row[0].g_pe_col[0].u_pe/product_reg_reg/DSP_PREADD_INST/AD[19]
                         net (fo=1, routed)           0.000     0.148    u_core/u_accum_base_datapath/u_sa/g_pe_row[0].g_pe_col[0].u_pe/product_reg_reg/DSP_PREADD.AD<19>
    DSP48E2_X8Y16        DSP_PREADD_DATA                              r  u_core/u_accum_base_datapath/u_sa/g_pe_row[0].g_pe_col[0].u_pe/product_reg_reg/DSP_PREADD_DATA_INST/AD[19]
  -------------------------------------------------------------------    -------------------

                         (clock clk rise edge)        0.000     0.000 r  
                                                      0.000     0.000 r  clk (IN)
                         net (fo=5742, unset)         0.042     0.042    u_core/u_accum_base_datapath/u_sa/g_pe_row[0].g_pe_col[0].u_pe/product_reg_reg/CLK
    DSP48E2_X8Y16        DSP_PREADD_DATA                              r  u_core/u_accum_base_datapath/u_sa/g_pe_row[0].g_pe_col[0].u_pe/product_reg_reg/DSP_PREADD_DATA_INST/CLK
                         clock pessimism              0.000     0.042    
    DSP48E2_X8Y16        DSP_PREADD_DATA (Hold_DSP_PREADD_DATA_DSP48E2_CLK_AD[19])
                                                      0.060     0.102    u_core/u_accum_base_datapath/u_sa/g_pe_row[0].g_pe_col[0].u_pe/product_reg_reg/DSP_PREADD_DATA_INST
  -------------------------------------------------------------------
                         required time                         -0.102    
                         arrival time                           0.148    
  -------------------------------------------------------------------
                         slack                                  0.046    

Slack (MET) :             0.046ns  (arrival time - required time)
  Source:                 u_core/u_accum_base_datapath/u_sa/g_pe_row[0].g_pe_col[0].u_pe/product_reg_reg/DSP_PREADD_DATA_INST/CLK
                            (rising edge-triggered cell DSP_PREADD_DATA clocked by clk  {rise@0.000ns fall@2.500ns period=5.000ns})
  Destination:            u_core/u_accum_base_datapath/u_sa/g_pe_row[0].g_pe_col[0].u_pe/product_reg_reg/DSP_PREADD_DATA_INST/AD[1]
                            (rising edge-triggered cell DSP_PREADD_DATA clocked by clk  {rise@0.000ns fall@2.500ns period=5.000ns})
  Path Group:             clk
  Path Type:              Hold (Min at Fast Process Corner)
  Requirement:            0.000ns  (clk rise@0.000ns - clk rise@0.000ns)
  Data Path Delay:        0.114ns  (logic 0.114ns (100.000%)  route 0.000ns (0.000%))
  Logic Levels:           1  (DSP_PREADD=1)
  Clock Path Skew:        0.008ns (DCD - SCD - CPR)
    Destination Clock Delay (DCD):    0.042ns
    Source Clock Delay      (SCD):    0.034ns
    Clock Pessimism Removal (CPR):    -0.000ns

    Location             Delay type                Incr(ns)  Path(ns)    Netlist Resource(s)
  -------------------------------------------------------------------    -------------------
                         (clock clk rise edge)        0.000     0.000 r  
                                                      0.000     0.000 r  clk (IN)
                         net (fo=5742, unset)         0.034     0.034    u_core/u_accum_base_datapath/u_sa/g_pe_row[0].g_pe_col[0].u_pe/product_reg_reg/CLK
    DSP48E2_X8Y16        DSP_PREADD_DATA                              r  u_core/u_accum_base_datapath/u_sa/g_pe_row[0].g_pe_col[0].u_pe/product_reg_reg/DSP_PREADD_DATA_INST/CLK
  -------------------------------------------------------------------    -------------------
    DSP48E2_X8Y16        DSP_PREADD_DATA (Prop_DSP_PREADD_DATA_DSP48E2_CLK_D_DATA[1])
                                                      0.081     0.115 r  u_core/u_accum_base_datapath/u_sa/g_pe_row[0].g_pe_col[0].u_pe/product_reg_reg/DSP_PREADD_DATA_INST/D_DATA[1]
                         net (fo=1, routed)           0.000     0.115    u_core/u_accum_base_datapath/u_sa/g_pe_row[0].g_pe_col[0].u_pe/product_reg_reg/DSP_PREADD_DATA.D_DATA<1>
    DSP48E2_X8Y16        DSP_PREADD (Prop_DSP_PREADD_DSP48E2_D_DATA[1]_AD[1])
                                                      0.033     0.148 r  u_core/u_accum_base_datapath/u_sa/g_pe_row[0].g_pe_col[0].u_pe/product_reg_reg/DSP_PREADD_INST/AD[1]
                         net (fo=1, routed)           0.000     0.148    u_core/u_accum_base_datapath/u_sa/g_pe_row[0].g_pe_col[0].u_pe/product_reg_reg/DSP_PREADD.AD<1>
    DSP48E2_X8Y16        DSP_PREADD_DATA                              r  u_core/u_accum_base_datapath/u_sa/g_pe_row[0].g_pe_col[0].u_pe/product_reg_reg/DSP_PREADD_DATA_INST/AD[1]
  -------------------------------------------------------------------    -------------------

                         (clock clk rise edge)        0.000     0.000 r  
                                                      0.000     0.000 r  clk (IN)
                         net (fo=5742, unset)         0.042     0.042    u_core/u_accum_base_datapath/u_sa/g_pe_row[0].g_pe_col[0].u_pe/product_reg_reg/CLK
    DSP48E2_X8Y16        DSP_PREADD_DATA                              r  u_core/u_accum_base_datapath/u_sa/g_pe_row[0].g_pe_col[0].u_pe/product_reg_reg/DSP_PREADD_DATA_INST/CLK
                         clock pessimism              0.000     0.042    
    DSP48E2_X8Y16        DSP_PREADD_DATA (Hold_DSP_PREADD_DATA_DSP48E2_CLK_AD[1])
                                                      0.060     0.102    u_core/u_accum_base_datapath/u_sa/g_pe_row[0].g_pe_col[0].u_pe/product_reg_reg/DSP_PREADD_DATA_INST
  -------------------------------------------------------------------
                         required time                         -0.102    
                         arrival time                           0.148    
  -------------------------------------------------------------------
                         slack                                  0.046    

Slack (MET) :             0.046ns  (arrival time - required time)
  Source:                 u_core/u_accum_base_datapath/u_sa/g_pe_row[0].g_pe_col[0].u_pe/product_reg_reg/DSP_PREADD_DATA_INST/CLK
                            (rising edge-triggered cell DSP_PREADD_DATA clocked by clk  {rise@0.000ns fall@2.500ns period=5.000ns})
  Destination:            u_core/u_accum_base_datapath/u_sa/g_pe_row[0].g_pe_col[0].u_pe/product_reg_reg/DSP_PREADD_DATA_INST/AD[20]
                            (rising edge-triggered cell DSP_PREADD_DATA clocked by clk  {rise@0.000ns fall@2.500ns period=5.000ns})
  Path Group:             clk
  Path Type:              Hold (Min at Fast Process Corner)
  Requirement:            0.000ns  (clk rise@0.000ns - clk rise@0.000ns)
  Data Path Delay:        0.114ns  (logic 0.114ns (100.000%)  route 0.000ns (0.000%))
  Logic Levels:           1  (DSP_PREADD=1)
  Clock Path Skew:        0.008ns (DCD - SCD - CPR)
    Destination Clock Delay (DCD):    0.042ns
    Source Clock Delay      (SCD):    0.034ns
    Clock Pessimism Removal (CPR):    -0.000ns

    Location             Delay type                Incr(ns)  Path(ns)    Netlist Resource(s)
  -------------------------------------------------------------------    -------------------
                         (clock clk rise edge)        0.000     0.000 r  
                                                      0.000     0.000 r  clk (IN)
                         net (fo=5742, unset)         0.034     0.034    u_core/u_accum_base_datapath/u_sa/g_pe_row[0].g_pe_col[0].u_pe/product_reg_reg/CLK
    DSP48E2_X8Y16        DSP_PREADD_DATA                              r  u_core/u_accum_base_datapath/u_sa/g_pe_row[0].g_pe_col[0].u_pe/product_reg_reg/DSP_PREADD_DATA_INST/CLK
  -------------------------------------------------------------------    -------------------
    DSP48E2_X8Y16        DSP_PREADD_DATA (Prop_DSP_PREADD_DATA_DSP48E2_CLK_D_DATA[20])
                                                      0.081     0.115 r  u_core/u_accum_base_datapath/u_sa/g_pe_row[0].g_pe_col[0].u_pe/product_reg_reg/DSP_PREADD_DATA_INST/D_DATA[20]
                         net (fo=1, routed)           0.000     0.115    u_core/u_accum_base_datapath/u_sa/g_pe_row[0].g_pe_col[0].u_pe/product_reg_reg/DSP_PREADD_DATA.D_DATA<20>
    DSP48E2_X8Y16        DSP_PREADD (Prop_DSP_PREADD_DSP48E2_D_DATA[20]_AD[20])
                                                      0.033     0.148 r  u_core/u_accum_base_datapath/u_sa/g_pe_row[0].g_pe_col[0].u_pe/product_reg_reg/DSP_PREADD_INST/AD[20]
                         net (fo=1, routed)           0.000     0.148    u_core/u_accum_base_datapath/u_sa/g_pe_row[0].g_pe_col[0].u_pe/product_reg_reg/DSP_PREADD.AD<20>
    DSP48E2_X8Y16        DSP_PREADD_DATA                              r  u_core/u_accum_base_datapath/u_sa/g_pe_row[0].g_pe_col[0].u_pe/product_reg_reg/DSP_PREADD_DATA_INST/AD[20]
  -------------------------------------------------------------------    -------------------

                         (clock clk rise edge)        0.000     0.000 r  
                                                      0.000     0.000 r  clk (IN)
                         net (fo=5742, unset)         0.042     0.042    u_core/u_accum_base_datapath/u_sa/g_pe_row[0].g_pe_col[0].u_pe/product_reg_reg/CLK
    DSP48E2_X8Y16        DSP_PREADD_DATA                              r  u_core/u_accum_base_datapath/u_sa/g_pe_row[0].g_pe_col[0].u_pe/product_reg_reg/DSP_PREADD_DATA_INST/CLK
                         clock pessimism              0.000     0.042    
    DSP48E2_X8Y16        DSP_PREADD_DATA (Hold_DSP_PREADD_DATA_DSP48E2_CLK_AD[20])
                                                      0.060     0.102    u_core/u_accum_base_datapath/u_sa/g_pe_row[0].g_pe_col[0].u_pe/product_reg_reg/DSP_PREADD_DATA_INST
  -------------------------------------------------------------------
                         required time                         -0.102    
                         arrival time                           0.148    
  -------------------------------------------------------------------
                         slack                                  0.046    

Slack (MET) :             0.046ns  (arrival time - required time)
  Source:                 u_core/u_accum_base_datapath/u_sa/g_pe_row[0].g_pe_col[0].u_pe/product_reg_reg/DSP_PREADD_DATA_INST/CLK
                            (rising edge-triggered cell DSP_PREADD_DATA clocked by clk  {rise@0.000ns fall@2.500ns period=5.000ns})
  Destination:            u_core/u_accum_base_datapath/u_sa/g_pe_row[0].g_pe_col[0].u_pe/product_reg_reg/DSP_PREADD_DATA_INST/AD[21]
                            (rising edge-triggered cell DSP_PREADD_DATA clocked by clk  {rise@0.000ns fall@2.500ns period=5.000ns})
  Path Group:             clk
  Path Type:              Hold (Min at Fast Process Corner)
  Requirement:            0.000ns  (clk rise@0.000ns - clk rise@0.000ns)
  Data Path Delay:        0.114ns  (logic 0.114ns (100.000%)  route 0.000ns (0.000%))
  Logic Levels:           1  (DSP_PREADD=1)
  Clock Path Skew:        0.008ns (DCD - SCD - CPR)
    Destination Clock Delay (DCD):    0.042ns
    Source Clock Delay      (SCD):    0.034ns
    Clock Pessimism Removal (CPR):    -0.000ns

    Location             Delay type                Incr(ns)  Path(ns)    Netlist Resource(s)
  -------------------------------------------------------------------    -------------------
                         (clock clk rise edge)        0.000     0.000 r  
                                                      0.000     0.000 r  clk (IN)
                         net (fo=5742, unset)         0.034     0.034    u_core/u_accum_base_datapath/u_sa/g_pe_row[0].g_pe_col[0].u_pe/product_reg_reg/CLK
    DSP48E2_X8Y16        DSP_PREADD_DATA                              r  u_core/u_accum_base_datapath/u_sa/g_pe_row[0].g_pe_col[0].u_pe/product_reg_reg/DSP_PREADD_DATA_INST/CLK
  -------------------------------------------------------------------    -------------------
    DSP48E2_X8Y16        DSP_PREADD_DATA (Prop_DSP_PREADD_DATA_DSP48E2_CLK_D_DATA[21])
                                                      0.081     0.115 r  u_core/u_accum_base_datapath/u_sa/g_pe_row[0].g_pe_col[0].u_pe/product_reg_reg/DSP_PREADD_DATA_INST/D_DATA[21]
                         net (fo=1, routed)           0.000     0.115    u_core/u_accum_base_datapath/u_sa/g_pe_row[0].g_pe_col[0].u_pe/product_reg_reg/DSP_PREADD_DATA.D_DATA<21>
    DSP48E2_X8Y16        DSP_PREADD (Prop_DSP_PREADD_DSP48E2_D_DATA[21]_AD[21])
                                                      0.033     0.148 r  u_core/u_accum_base_datapath/u_sa/g_pe_row[0].g_pe_col[0].u_pe/product_reg_reg/DSP_PREADD_INST/AD[21]
                         net (fo=1, routed)           0.000     0.148    u_core/u_accum_base_datapath/u_sa/g_pe_row[0].g_pe_col[0].u_pe/product_reg_reg/DSP_PREADD.AD<21>
    DSP48E2_X8Y16        DSP_PREADD_DATA                              r  u_core/u_accum_base_datapath/u_sa/g_pe_row[0].g_pe_col[0].u_pe/product_reg_reg/DSP_PREADD_DATA_INST/AD[21]
  -------------------------------------------------------------------    -------------------

                         (clock clk rise edge)        0.000     0.000 r  
                                                      0.000     0.000 r  clk (IN)
                         net (fo=5742, unset)         0.042     0.042    u_core/u_accum_base_datapath/u_sa/g_pe_row[0].g_pe_col[0].u_pe/product_reg_reg/CLK
    DSP48E2_X8Y16        DSP_PREADD_DATA                              r  u_core/u_accum_base_datapath/u_sa/g_pe_row[0].g_pe_col[0].u_pe/product_reg_reg/DSP_PREADD_DATA_INST/CLK
                         clock pessimism              0.000     0.042    
    DSP48E2_X8Y16        DSP_PREADD_DATA (Hold_DSP_PREADD_DATA_DSP48E2_CLK_AD[21])
                                                      0.060     0.102    u_core/u_accum_base_datapath/u_sa/g_pe_row[0].g_pe_col[0].u_pe/product_reg_reg/DSP_PREADD_DATA_INST
  -------------------------------------------------------------------
                         required time                         -0.102    
                         arrival time                           0.148    
  -------------------------------------------------------------------
                         slack                                  0.046    

Slack (MET) :             0.046ns  (arrival time - required time)
  Source:                 u_core/u_accum_base_datapath/u_sa/g_pe_row[0].g_pe_col[0].u_pe/product_reg_reg/DSP_PREADD_DATA_INST/CLK
                            (rising edge-triggered cell DSP_PREADD_DATA clocked by clk  {rise@0.000ns fall@2.500ns period=5.000ns})
  Destination:            u_core/u_accum_base_datapath/u_sa/g_pe_row[0].g_pe_col[0].u_pe/product_reg_reg/DSP_PREADD_DATA_INST/AD[22]
                            (rising edge-triggered cell DSP_PREADD_DATA clocked by clk  {rise@0.000ns fall@2.500ns period=5.000ns})
  Path Group:             clk
  Path Type:              Hold (Min at Fast Process Corner)
  Requirement:            0.000ns  (clk rise@0.000ns - clk rise@0.000ns)
  Data Path Delay:        0.114ns  (logic 0.114ns (100.000%)  route 0.000ns (0.000%))
  Logic Levels:           1  (DSP_PREADD=1)
  Clock Path Skew:        0.008ns (DCD - SCD - CPR)
    Destination Clock Delay (DCD):    0.042ns
    Source Clock Delay      (SCD):    0.034ns
    Clock Pessimism Removal (CPR):    -0.000ns

    Location             Delay type                Incr(ns)  Path(ns)    Netlist Resource(s)
  -------------------------------------------------------------------    -------------------
                         (clock clk rise edge)        0.000     0.000 r  
                                                      0.000     0.000 r  clk (IN)
                         net (fo=5742, unset)         0.034     0.034    u_core/u_accum_base_datapath/u_sa/g_pe_row[0].g_pe_col[0].u_pe/product_reg_reg/CLK
    DSP48E2_X8Y16        DSP_PREADD_DATA                              r  u_core/u_accum_base_datapath/u_sa/g_pe_row[0].g_pe_col[0].u_pe/product_reg_reg/DSP_PREADD_DATA_INST/CLK
  -------------------------------------------------------------------    -------------------
    DSP48E2_X8Y16        DSP_PREADD_DATA (Prop_DSP_PREADD_DATA_DSP48E2_CLK_D_DATA[22])
                                                      0.081     0.115 r  u_core/u_accum_base_datapath/u_sa/g_pe_row[0].g_pe_col[0].u_pe/product_reg_reg/DSP_PREADD_DATA_INST/D_DATA[22]
                         net (fo=1, routed)           0.000     0.115    u_core/u_accum_base_datapath/u_sa/g_pe_row[0].g_pe_col[0].u_pe/product_reg_reg/DSP_PREADD_DATA.D_DATA<22>
    DSP48E2_X8Y16        DSP_PREADD (Prop_DSP_PREADD_DSP48E2_D_DATA[22]_AD[22])
                                                      0.033     0.148 r  u_core/u_accum_base_datapath/u_sa/g_pe_row[0].g_pe_col[0].u_pe/product_reg_reg/DSP_PREADD_INST/AD[22]
                         net (fo=1, routed)           0.000     0.148    u_core/u_accum_base_datapath/u_sa/g_pe_row[0].g_pe_col[0].u_pe/product_reg_reg/DSP_PREADD.AD<22>
    DSP48E2_X8Y16        DSP_PREADD_DATA                              r  u_core/u_accum_base_datapath/u_sa/g_pe_row[0].g_pe_col[0].u_pe/product_reg_reg/DSP_PREADD_DATA_INST/AD[22]
  -------------------------------------------------------------------    -------------------

                         (clock clk rise edge)        0.000     0.000 r  
                                                      0.000     0.000 r  clk (IN)
                         net (fo=5742, unset)         0.042     0.042    u_core/u_accum_base_datapath/u_sa/g_pe_row[0].g_pe_col[0].u_pe/product_reg_reg/CLK
    DSP48E2_X8Y16        DSP_PREADD_DATA                              r  u_core/u_accum_base_datapath/u_sa/g_pe_row[0].g_pe_col[0].u_pe/product_reg_reg/DSP_PREADD_DATA_INST/CLK
                         clock pessimism              0.000     0.042    
    DSP48E2_X8Y16        DSP_PREADD_DATA (Hold_DSP_PREADD_DATA_DSP48E2_CLK_AD[22])
                                                      0.060     0.102    u_core/u_accum_base_datapath/u_sa/g_pe_row[0].g_pe_col[0].u_pe/product_reg_reg/DSP_PREADD_DATA_INST
  -------------------------------------------------------------------
                         required time                         -0.102    
                         arrival time                           0.148    
  -------------------------------------------------------------------
                         slack                                  0.046    

Slack (MET) :             0.046ns  (arrival time - required time)
  Source:                 u_core/u_accum_base_datapath/u_sa/g_pe_row[0].g_pe_col[0].u_pe/product_reg_reg/DSP_PREADD_DATA_INST/CLK
                            (rising edge-triggered cell DSP_PREADD_DATA clocked by clk  {rise@0.000ns fall@2.500ns period=5.000ns})
  Destination:            u_core/u_accum_base_datapath/u_sa/g_pe_row[0].g_pe_col[0].u_pe/product_reg_reg/DSP_PREADD_DATA_INST/AD[23]
                            (rising edge-triggered cell DSP_PREADD_DATA clocked by clk  {rise@0.000ns fall@2.500ns period=5.000ns})
  Path Group:             clk
  Path Type:              Hold (Min at Fast Process Corner)
  Requirement:            0.000ns  (clk rise@0.000ns - clk rise@0.000ns)
  Data Path Delay:        0.114ns  (logic 0.114ns (100.000%)  route 0.000ns (0.000%))
  Logic Levels:           1  (DSP_PREADD=1)
  Clock Path Skew:        0.008ns (DCD - SCD - CPR)
    Destination Clock Delay (DCD):    0.042ns
    Source Clock Delay      (SCD):    0.034ns
    Clock Pessimism Removal (CPR):    -0.000ns

    Location             Delay type                Incr(ns)  Path(ns)    Netlist Resource(s)
  -------------------------------------------------------------------    -------------------
                         (clock clk rise edge)        0.000     0.000 r  
                                                      0.000     0.000 r  clk (IN)
                         net (fo=5742, unset)         0.034     0.034    u_core/u_accum_base_datapath/u_sa/g_pe_row[0].g_pe_col[0].u_pe/product_reg_reg/CLK
    DSP48E2_X8Y16        DSP_PREADD_DATA                              r  u_core/u_accum_base_datapath/u_sa/g_pe_row[0].g_pe_col[0].u_pe/product_reg_reg/DSP_PREADD_DATA_INST/CLK
  -------------------------------------------------------------------    -------------------
    DSP48E2_X8Y16        DSP_PREADD_DATA (Prop_DSP_PREADD_DATA_DSP48E2_CLK_D_DATA[23])
                                                      0.081     0.115 r  u_core/u_accum_base_datapath/u_sa/g_pe_row[0].g_pe_col[0].u_pe/product_reg_reg/DSP_PREADD_DATA_INST/D_DATA[23]
                         net (fo=1, routed)           0.000     0.115    u_core/u_accum_base_datapath/u_sa/g_pe_row[0].g_pe_col[0].u_pe/product_reg_reg/DSP_PREADD_DATA.D_DATA<23>
    DSP48E2_X8Y16        DSP_PREADD (Prop_DSP_PREADD_DSP48E2_D_DATA[23]_AD[23])
                                                      0.033     0.148 r  u_core/u_accum_base_datapath/u_sa/g_pe_row[0].g_pe_col[0].u_pe/product_reg_reg/DSP_PREADD_INST/AD[23]
                         net (fo=1, routed)           0.000     0.148    u_core/u_accum_base_datapath/u_sa/g_pe_row[0].g_pe_col[0].u_pe/product_reg_reg/DSP_PREADD.AD<23>
    DSP48E2_X8Y16        DSP_PREADD_DATA                              r  u_core/u_accum_base_datapath/u_sa/g_pe_row[0].g_pe_col[0].u_pe/product_reg_reg/DSP_PREADD_DATA_INST/AD[23]
  -------------------------------------------------------------------    -------------------

                         (clock clk rise edge)        0.000     0.000 r  
                                                      0.000     0.000 r  clk (IN)
                         net (fo=5742, unset)         0.042     0.042    u_core/u_accum_base_datapath/u_sa/g_pe_row[0].g_pe_col[0].u_pe/product_reg_reg/CLK
    DSP48E2_X8Y16        DSP_PREADD_DATA                              r  u_core/u_accum_base_datapath/u_sa/g_pe_row[0].g_pe_col[0].u_pe/product_reg_reg/DSP_PREADD_DATA_INST/CLK
                         clock pessimism              0.000     0.042    
    DSP48E2_X8Y16        DSP_PREADD_DATA (Hold_DSP_PREADD_DATA_DSP48E2_CLK_AD[23])
                                                      0.060     0.102    u_core/u_accum_base_datapath/u_sa/g_pe_row[0].g_pe_col[0].u_pe/product_reg_reg/DSP_PREADD_DATA_INST
  -------------------------------------------------------------------
                         required time                         -0.102    
                         arrival time                           0.148    
  -------------------------------------------------------------------
                         slack                                  0.046    

Slack (MET) :             0.046ns  (arrival time - required time)
  Source:                 u_core/u_accum_base_datapath/u_sa/g_pe_row[0].g_pe_col[0].u_pe/product_reg_reg/DSP_PREADD_DATA_INST/CLK
                            (rising edge-triggered cell DSP_PREADD_DATA clocked by clk  {rise@0.000ns fall@2.500ns period=5.000ns})
  Destination:            u_core/u_accum_base_datapath/u_sa/g_pe_row[0].g_pe_col[0].u_pe/product_reg_reg/DSP_PREADD_DATA_INST/AD[24]
                            (rising edge-triggered cell DSP_PREADD_DATA clocked by clk  {rise@0.000ns fall@2.500ns period=5.000ns})
  Path Group:             clk
  Path Type:              Hold (Min at Fast Process Corner)
  Requirement:            0.000ns  (clk rise@0.000ns - clk rise@0.000ns)
  Data Path Delay:        0.114ns  (logic 0.114ns (100.000%)  route 0.000ns (0.000%))
  Logic Levels:           1  (DSP_PREADD=1)
  Clock Path Skew:        0.008ns (DCD - SCD - CPR)
    Destination Clock Delay (DCD):    0.042ns
    Source Clock Delay      (SCD):    0.034ns
    Clock Pessimism Removal (CPR):    -0.000ns

    Location             Delay type                Incr(ns)  Path(ns)    Netlist Resource(s)
  -------------------------------------------------------------------    -------------------
                         (clock clk rise edge)        0.000     0.000 r  
                                                      0.000     0.000 r  clk (IN)
                         net (fo=5742, unset)         0.034     0.034    u_core/u_accum_base_datapath/u_sa/g_pe_row[0].g_pe_col[0].u_pe/product_reg_reg/CLK
    DSP48E2_X8Y16        DSP_PREADD_DATA                              r  u_core/u_accum_base_datapath/u_sa/g_pe_row[0].g_pe_col[0].u_pe/product_reg_reg/DSP_PREADD_DATA_INST/CLK
  -------------------------------------------------------------------    -------------------
    DSP48E2_X8Y16        DSP_PREADD_DATA (Prop_DSP_PREADD_DATA_DSP48E2_CLK_D_DATA[24])
                                                      0.081     0.115 r  u_core/u_accum_base_datapath/u_sa/g_pe_row[0].g_pe_col[0].u_pe/product_reg_reg/DSP_PREADD_DATA_INST/D_DATA[24]
                         net (fo=1, routed)           0.000     0.115    u_core/u_accum_base_datapath/u_sa/g_pe_row[0].g_pe_col[0].u_pe/product_reg_reg/DSP_PREADD_DATA.D_DATA<24>
    DSP48E2_X8Y16        DSP_PREADD (Prop_DSP_PREADD_DSP48E2_D_DATA[24]_AD[24])
                                                      0.033     0.148 r  u_core/u_accum_base_datapath/u_sa/g_pe_row[0].g_pe_col[0].u_pe/product_reg_reg/DSP_PREADD_INST/AD[24]
                         net (fo=1, routed)           0.000     0.148    u_core/u_accum_base_datapath/u_sa/g_pe_row[0].g_pe_col[0].u_pe/product_reg_reg/DSP_PREADD.AD<24>
    DSP48E2_X8Y16        DSP_PREADD_DATA                              r  u_core/u_accum_base_datapath/u_sa/g_pe_row[0].g_pe_col[0].u_pe/product_reg_reg/DSP_PREADD_DATA_INST/AD[24]
  -------------------------------------------------------------------    -------------------

                         (clock clk rise edge)        0.000     0.000 r  
                                                      0.000     0.000 r  clk (IN)
                         net (fo=5742, unset)         0.042     0.042    u_core/u_accum_base_datapath/u_sa/g_pe_row[0].g_pe_col[0].u_pe/product_reg_reg/CLK
    DSP48E2_X8Y16        DSP_PREADD_DATA                              r  u_core/u_accum_base_datapath/u_sa/g_pe_row[0].g_pe_col[0].u_pe/product_reg_reg/DSP_PREADD_DATA_INST/CLK
                         clock pessimism              0.000     0.042    
    DSP48E2_X8Y16        DSP_PREADD_DATA (Hold_DSP_PREADD_DATA_DSP48E2_CLK_AD[24])
                                                      0.060     0.102    u_core/u_accum_base_datapath/u_sa/g_pe_row[0].g_pe_col[0].u_pe/product_reg_reg/DSP_PREADD_DATA_INST
  -------------------------------------------------------------------
                         required time                         -0.102    
                         arrival time                           0.148    
  -------------------------------------------------------------------
                         slack                                  0.046    

Slack (MET) :             0.046ns  (arrival time - required time)
  Source:                 u_core/u_accum_base_datapath/u_sa/g_pe_row[0].g_pe_col[0].u_pe/product_reg_reg/DSP_PREADD_DATA_INST/CLK
                            (rising edge-triggered cell DSP_PREADD_DATA clocked by clk  {rise@0.000ns fall@2.500ns period=5.000ns})
  Destination:            u_core/u_accum_base_datapath/u_sa/g_pe_row[0].g_pe_col[0].u_pe/product_reg_reg/DSP_PREADD_DATA_INST/AD[25]
                            (rising edge-triggered cell DSP_PREADD_DATA clocked by clk  {rise@0.000ns fall@2.500ns period=5.000ns})
  Path Group:             clk
  Path Type:              Hold (Min at Fast Process Corner)
  Requirement:            0.000ns  (clk rise@0.000ns - clk rise@0.000ns)
  Data Path Delay:        0.114ns  (logic 0.114ns (100.000%)  route 0.000ns (0.000%))
  Logic Levels:           1  (DSP_PREADD=1)
  Clock Path Skew:        0.008ns (DCD - SCD - CPR)
    Destination Clock Delay (DCD):    0.042ns
    Source Clock Delay      (SCD):    0.034ns
    Clock Pessimism Removal (CPR):    -0.000ns

    Location             Delay type                Incr(ns)  Path(ns)    Netlist Resource(s)
  -------------------------------------------------------------------    -------------------
                         (clock clk rise edge)        0.000     0.000 r  
                                                      0.000     0.000 r  clk (IN)
                         net (fo=5742, unset)         0.034     0.034    u_core/u_accum_base_datapath/u_sa/g_pe_row[0].g_pe_col[0].u_pe/product_reg_reg/CLK
    DSP48E2_X8Y16        DSP_PREADD_DATA                              r  u_core/u_accum_base_datapath/u_sa/g_pe_row[0].g_pe_col[0].u_pe/product_reg_reg/DSP_PREADD_DATA_INST/CLK
  -------------------------------------------------------------------    -------------------
    DSP48E2_X8Y16        DSP_PREADD_DATA (Prop_DSP_PREADD_DATA_DSP48E2_CLK_D_DATA[25])
                                                      0.081     0.115 r  u_core/u_accum_base_datapath/u_sa/g_pe_row[0].g_pe_col[0].u_pe/product_reg_reg/DSP_PREADD_DATA_INST/D_DATA[25]
                         net (fo=1, routed)           0.000     0.115    u_core/u_accum_base_datapath/u_sa/g_pe_row[0].g_pe_col[0].u_pe/product_reg_reg/DSP_PREADD_DATA.D_DATA<25>
    DSP48E2_X8Y16        DSP_PREADD (Prop_DSP_PREADD_DSP48E2_D_DATA[25]_AD[25])
                                                      0.033     0.148 r  u_core/u_accum_base_datapath/u_sa/g_pe_row[0].g_pe_col[0].u_pe/product_reg_reg/DSP_PREADD_INST/AD[25]
                         net (fo=1, routed)           0.000     0.148    u_core/u_accum_base_datapath/u_sa/g_pe_row[0].g_pe_col[0].u_pe/product_reg_reg/DSP_PREADD.AD<25>
    DSP48E2_X8Y16        DSP_PREADD_DATA                              r  u_core/u_accum_base_datapath/u_sa/g_pe_row[0].g_pe_col[0].u_pe/product_reg_reg/DSP_PREADD_DATA_INST/AD[25]
  -------------------------------------------------------------------    -------------------

                         (clock clk rise edge)        0.000     0.000 r  
                                                      0.000     0.000 r  clk (IN)
                         net (fo=5742, unset)         0.042     0.042    u_core/u_accum_base_datapath/u_sa/g_pe_row[0].g_pe_col[0].u_pe/product_reg_reg/CLK
    DSP48E2_X8Y16        DSP_PREADD_DATA                              r  u_core/u_accum_base_datapath/u_sa/g_pe_row[0].g_pe_col[0].u_pe/product_reg_reg/DSP_PREADD_DATA_INST/CLK
                         clock pessimism              0.000     0.042    
    DSP48E2_X8Y16        DSP_PREADD_DATA (Hold_DSP_PREADD_DATA_DSP48E2_CLK_AD[25])
                                                      0.060     0.102    u_core/u_accum_base_datapath/u_sa/g_pe_row[0].g_pe_col[0].u_pe/product_reg_reg/DSP_PREADD_DATA_INST
  -------------------------------------------------------------------
                         required time                         -0.102    
                         arrival time                           0.148    
  -------------------------------------------------------------------
                         slack                                  0.046    

Slack (MET) :             0.046ns  (arrival time - required time)
  Source:                 u_core/u_accum_base_datapath/u_sa/g_pe_row[0].g_pe_col[0].u_pe/product_reg_reg/DSP_PREADD_DATA_INST/CLK
                            (rising edge-triggered cell DSP_PREADD_DATA clocked by clk  {rise@0.000ns fall@2.500ns period=5.000ns})
  Destination:            u_core/u_accum_base_datapath/u_sa/g_pe_row[0].g_pe_col[0].u_pe/product_reg_reg/DSP_PREADD_DATA_INST/AD[26]
                            (rising edge-triggered cell DSP_PREADD_DATA clocked by clk  {rise@0.000ns fall@2.500ns period=5.000ns})
  Path Group:             clk
  Path Type:              Hold (Min at Fast Process Corner)
  Requirement:            0.000ns  (clk rise@0.000ns - clk rise@0.000ns)
  Data Path Delay:        0.114ns  (logic 0.114ns (100.000%)  route 0.000ns (0.000%))
  Logic Levels:           1  (DSP_PREADD=1)
  Clock Path Skew:        0.008ns (DCD - SCD - CPR)
    Destination Clock Delay (DCD):    0.042ns
    Source Clock Delay      (SCD):    0.034ns
    Clock Pessimism Removal (CPR):    -0.000ns

    Location             Delay type                Incr(ns)  Path(ns)    Netlist Resource(s)
  -------------------------------------------------------------------    -------------------
                         (clock clk rise edge)        0.000     0.000 r  
                                                      0.000     0.000 r  clk (IN)
                         net (fo=5742, unset)         0.034     0.034    u_core/u_accum_base_datapath/u_sa/g_pe_row[0].g_pe_col[0].u_pe/product_reg_reg/CLK
    DSP48E2_X8Y16        DSP_PREADD_DATA                              r  u_core/u_accum_base_datapath/u_sa/g_pe_row[0].g_pe_col[0].u_pe/product_reg_reg/DSP_PREADD_DATA_INST/CLK
  -------------------------------------------------------------------    -------------------
    DSP48E2_X8Y16        DSP_PREADD_DATA (Prop_DSP_PREADD_DATA_DSP48E2_CLK_D_DATA[26])
                                                      0.081     0.115 r  u_core/u_accum_base_datapath/u_sa/g_pe_row[0].g_pe_col[0].u_pe/product_reg_reg/DSP_PREADD_DATA_INST/D_DATA[26]
                         net (fo=1, routed)           0.000     0.115    u_core/u_accum_base_datapath/u_sa/g_pe_row[0].g_pe_col[0].u_pe/product_reg_reg/DSP_PREADD_DATA.D_DATA<26>
    DSP48E2_X8Y16        DSP_PREADD (Prop_DSP_PREADD_DSP48E2_D_DATA[26]_AD[26])
                                                      0.033     0.148 r  u_core/u_accum_base_datapath/u_sa/g_pe_row[0].g_pe_col[0].u_pe/product_reg_reg/DSP_PREADD_INST/AD[26]
                         net (fo=1, routed)           0.000     0.148    u_core/u_accum_base_datapath/u_sa/g_pe_row[0].g_pe_col[0].u_pe/product_reg_reg/DSP_PREADD.AD<26>
    DSP48E2_X8Y16        DSP_PREADD_DATA                              r  u_core/u_accum_base_datapath/u_sa/g_pe_row[0].g_pe_col[0].u_pe/product_reg_reg/DSP_PREADD_DATA_INST/AD[26]
  -------------------------------------------------------------------    -------------------

                         (clock clk rise edge)        0.000     0.000 r  
                                                      0.000     0.000 r  clk (IN)
                         net (fo=5742, unset)         0.042     0.042    u_core/u_accum_base_datapath/u_sa/g_pe_row[0].g_pe_col[0].u_pe/product_reg_reg/CLK
    DSP48E2_X8Y16        DSP_PREADD_DATA                              r  u_core/u_accum_base_datapath/u_sa/g_pe_row[0].g_pe_col[0].u_pe/product_reg_reg/DSP_PREADD_DATA_INST/CLK
                         clock pessimism              0.000     0.042    
    DSP48E2_X8Y16        DSP_PREADD_DATA (Hold_DSP_PREADD_DATA_DSP48E2_CLK_AD[26])
                                                      0.060     0.102    u_core/u_accum_base_datapath/u_sa/g_pe_row[0].g_pe_col[0].u_pe/product_reg_reg/DSP_PREADD_DATA_INST
  -------------------------------------------------------------------
                         required time                         -0.102    
                         arrival time                           0.148    
  -------------------------------------------------------------------
                         slack                                  0.046    

Slack (MET) :             0.046ns  (arrival time - required time)
  Source:                 u_core/u_accum_base_datapath/u_sa/g_pe_row[0].g_pe_col[0].u_pe/product_reg_reg/DSP_PREADD_DATA_INST/CLK
                            (rising edge-triggered cell DSP_PREADD_DATA clocked by clk  {rise@0.000ns fall@2.500ns period=5.000ns})
  Destination:            u_core/u_accum_base_datapath/u_sa/g_pe_row[0].g_pe_col[0].u_pe/product_reg_reg/DSP_PREADD_DATA_INST/AD[2]
                            (rising edge-triggered cell DSP_PREADD_DATA clocked by clk  {rise@0.000ns fall@2.500ns period=5.000ns})
  Path Group:             clk
  Path Type:              Hold (Min at Fast Process Corner)
  Requirement:            0.000ns  (clk rise@0.000ns - clk rise@0.000ns)
  Data Path Delay:        0.114ns  (logic 0.114ns (100.000%)  route 0.000ns (0.000%))
  Logic Levels:           1  (DSP_PREADD=1)
  Clock Path Skew:        0.008ns (DCD - SCD - CPR)
    Destination Clock Delay (DCD):    0.042ns
    Source Clock Delay      (SCD):    0.034ns
    Clock Pessimism Removal (CPR):    -0.000ns

    Location             Delay type                Incr(ns)  Path(ns)    Netlist Resource(s)
  -------------------------------------------------------------------    -------------------
                         (clock clk rise edge)        0.000     0.000 r  
                                                      0.000     0.000 r  clk (IN)
                         net (fo=5742, unset)         0.034     0.034    u_core/u_accum_base_datapath/u_sa/g_pe_row[0].g_pe_col[0].u_pe/product_reg_reg/CLK
    DSP48E2_X8Y16        DSP_PREADD_DATA                              r  u_core/u_accum_base_datapath/u_sa/g_pe_row[0].g_pe_col[0].u_pe/product_reg_reg/DSP_PREADD_DATA_INST/CLK
  -------------------------------------------------------------------    -------------------
    DSP48E2_X8Y16        DSP_PREADD_DATA (Prop_DSP_PREADD_DATA_DSP48E2_CLK_D_DATA[2])
                                                      0.081     0.115 r  u_core/u_accum_base_datapath/u_sa/g_pe_row[0].g_pe_col[0].u_pe/product_reg_reg/DSP_PREADD_DATA_INST/D_DATA[2]
                         net (fo=1, routed)           0.000     0.115    u_core/u_accum_base_datapath/u_sa/g_pe_row[0].g_pe_col[0].u_pe/product_reg_reg/DSP_PREADD_DATA.D_DATA<2>
    DSP48E2_X8Y16        DSP_PREADD (Prop_DSP_PREADD_DSP48E2_D_DATA[2]_AD[2])
                                                      0.033     0.148 r  u_core/u_accum_base_datapath/u_sa/g_pe_row[0].g_pe_col[0].u_pe/product_reg_reg/DSP_PREADD_INST/AD[2]
                         net (fo=1, routed)           0.000     0.148    u_core/u_accum_base_datapath/u_sa/g_pe_row[0].g_pe_col[0].u_pe/product_reg_reg/DSP_PREADD.AD<2>
    DSP48E2_X8Y16        DSP_PREADD_DATA                              r  u_core/u_accum_base_datapath/u_sa/g_pe_row[0].g_pe_col[0].u_pe/product_reg_reg/DSP_PREADD_DATA_INST/AD[2]
  -------------------------------------------------------------------    -------------------

                         (clock clk rise edge)        0.000     0.000 r  
                                                      0.000     0.000 r  clk (IN)
                         net (fo=5742, unset)         0.042     0.042    u_core/u_accum_base_datapath/u_sa/g_pe_row[0].g_pe_col[0].u_pe/product_reg_reg/CLK
    DSP48E2_X8Y16        DSP_PREADD_DATA                              r  u_core/u_accum_base_datapath/u_sa/g_pe_row[0].g_pe_col[0].u_pe/product_reg_reg/DSP_PREADD_DATA_INST/CLK
                         clock pessimism              0.000     0.042    
    DSP48E2_X8Y16        DSP_PREADD_DATA (Hold_DSP_PREADD_DATA_DSP48E2_CLK_AD[2])
                                                      0.060     0.102    u_core/u_accum_base_datapath/u_sa/g_pe_row[0].g_pe_col[0].u_pe/product_reg_reg/DSP_PREADD_DATA_INST
  -------------------------------------------------------------------
                         required time                         -0.102    
                         arrival time                           0.148    
  -------------------------------------------------------------------
                         slack                                  0.046    





Pulse Width Checks
--------------------------------------------------------------------------------------
Clock Name:         clk
Waveform(ns):       { 0.000 2.500 }
Period(ns):         5.000
Sources:            { clk }

Check Type        Corner  Lib Pin             Reference Pin  Required(ns)  Actual(ns)  Slack(ns)  Location      Pin
Min Period        n/a     RAMB36E2/CLKARDCLK  n/a            1.960         5.000       3.040      RAMB36_X1Y3   u_activation/segment0/bank0/mem_reg/CLKARDCLK
Min Period        n/a     RAMB36E2/CLKBWRCLK  n/a            1.960         5.000       3.040      RAMB36_X1Y3   u_activation/segment0/bank0/mem_reg/CLKBWRCLK
Min Period        n/a     RAMB36E2/CLKARDCLK  n/a            1.960         5.000       3.040      RAMB36_X1Y2   u_activation/segment0/bank1/mem_reg/CLKARDCLK
Min Period        n/a     RAMB36E2/CLKBWRCLK  n/a            1.960         5.000       3.040      RAMB36_X1Y2   u_activation/segment0/bank1/mem_reg/CLKBWRCLK
Min Period        n/a     RAMB36E2/CLKARDCLK  n/a            1.960         5.000       3.040      RAMB36_X1Y0   u_activation/segment1/bank0/mem_reg/CLKARDCLK
Min Period        n/a     RAMB36E2/CLKBWRCLK  n/a            1.960         5.000       3.040      RAMB36_X1Y0   u_activation/segment1/bank0/mem_reg/CLKBWRCLK
Min Period        n/a     RAMB36E2/CLKARDCLK  n/a            1.960         5.000       3.040      RAMB36_X1Y1   u_activation/segment1/bank1/mem_reg/CLKARDCLK
Min Period        n/a     RAMB36E2/CLKBWRCLK  n/a            1.960         5.000       3.040      RAMB36_X1Y1   u_activation/segment1/bank1/mem_reg/CLKBWRCLK
Min Period        n/a     RAMB36E2/CLKARDCLK  n/a            1.960         5.000       3.040      RAMB36_X0Y11  u_core/u_accum_base_datapath/u_output_slice/u_partial_sum_bank_pair/g_segment[0].u_bank/mem_reg_0/CLKARDCLK
Min Period        n/a     RAMB36E2/CLKBWRCLK  n/a            1.960         5.000       3.040      RAMB36_X0Y11  u_core/u_accum_base_datapath/u_output_slice/u_partial_sum_bank_pair/g_segment[0].u_bank/mem_reg_0/CLKBWRCLK
Min Period        n/a     RAMB36E2/CLKARDCLK  n/a            1.960         5.000       3.040      RAMB36_X1Y8   u_core/u_accum_base_datapath/u_output_slice/u_partial_sum_bank_pair/g_segment[0].u_bank/mem_reg_1/CLKARDCLK
Min Period        n/a     RAMB36E2/CLKBWRCLK  n/a            1.960         5.000       3.040      RAMB36_X1Y8   u_core/u_accum_base_datapath/u_output_slice/u_partial_sum_bank_pair/g_segment[0].u_bank/mem_reg_1/CLKBWRCLK
Min Period        n/a     RAMB36E2/CLKARDCLK  n/a            1.960         5.000       3.040      RAMB36_X1Y10  u_core/u_accum_base_datapath/u_output_slice/u_partial_sum_bank_pair/g_segment[0].u_bank/mem_reg_2/CLKARDCLK
Min Period        n/a     RAMB36E2/CLKBWRCLK  n/a            1.960         5.000       3.040      RAMB36_X1Y10  u_core/u_accum_base_datapath/u_output_slice/u_partial_sum_bank_pair/g_segment[0].u_bank/mem_reg_2/CLKBWRCLK
Min Period        n/a     RAMB36E2/CLKARDCLK  n/a            1.960         5.000       3.040      RAMB36_X1Y12  u_core/u_accum_base_datapath/u_output_slice/u_partial_sum_bank_pair/g_segment[0].u_bank/mem_reg_3/CLKARDCLK
Min Period        n/a     RAMB36E2/CLKBWRCLK  n/a            1.960         5.000       3.040      RAMB36_X1Y12  u_core/u_accum_base_datapath/u_output_slice/u_partial_sum_bank_pair/g_segment[0].u_bank/mem_reg_3/CLKBWRCLK
Min Period        n/a     RAMB36E2/CLKARDCLK  n/a            1.960         5.000       3.040      RAMB36_X0Y10  u_core/u_accum_base_datapath/u_output_slice/u_partial_sum_bank_pair/g_segment[1].u_bank/mem_reg_0/CLKARDCLK
Min Period        n/a     RAMB36E2/CLKBWRCLK  n/a            1.960         5.000       3.040      RAMB36_X0Y10  u_core/u_accum_base_datapath/u_output_slice/u_partial_sum_bank_pair/g_segment[1].u_bank/mem_reg_0/CLKBWRCLK
Min Period        n/a     RAMB36E2/CLKARDCLK  n/a            1.960         5.000       3.040      RAMB36_X1Y9   u_core/u_accum_base_datapath/u_output_slice/u_partial_sum_bank_pair/g_segment[1].u_bank/mem_reg_1/CLKARDCLK
Min Period        n/a     RAMB36E2/CLKBWRCLK  n/a            1.960         5.000       3.040      RAMB36_X1Y9   u_core/u_accum_base_datapath/u_output_slice/u_partial_sum_bank_pair/g_segment[1].u_bank/mem_reg_1/CLKBWRCLK
Low Pulse Width   Slow    RAMD64E/CLK         n/a            0.762         2.500       1.738      SLICE_X31Y69  u_core/u_accum_base_datapath/u_output_slice/u_router/fifo_mem_reg_0_63_0_6/RAMA/CLK
Low Pulse Width   Fast    RAMD64E/CLK         n/a            0.762         2.500       1.738      SLICE_X31Y69  u_core/u_accum_base_datapath/u_output_slice/u_router/fifo_mem_reg_0_63_0_6/RAMA/CLK
Low Pulse Width   Slow    RAMD64E/CLK         n/a            0.762         2.500       1.738      SLICE_X31Y69  u_core/u_accum_base_datapath/u_output_slice/u_router/fifo_mem_reg_0_63_0_6/RAMB/CLK
Low Pulse Width   Fast    RAMD64E/CLK         n/a            0.762         2.500       1.738      SLICE_X31Y69  u_core/u_accum_base_datapath/u_output_slice/u_router/fifo_mem_reg_0_63_0_6/RAMB/CLK
Low Pulse Width   Slow    RAMD64E/CLK         n/a            0.762         2.500       1.738      SLICE_X31Y69  u_core/u_accum_base_datapath/u_output_slice/u_router/fifo_mem_reg_0_63_0_6/RAMC/CLK
Low Pulse Width   Fast    RAMD64E/CLK         n/a            0.762         2.500       1.738      SLICE_X31Y69  u_core/u_accum_base_datapath/u_output_slice/u_router/fifo_mem_reg_0_63_0_6/RAMC/CLK
Low Pulse Width   Slow    RAMD64E/CLK         n/a            0.762         2.500       1.738      SLICE_X31Y69  u_core/u_accum_base_datapath/u_output_slice/u_router/fifo_mem_reg_0_63_0_6/RAMD/CLK
Low Pulse Width   Fast    RAMD64E/CLK         n/a            0.762         2.500       1.738      SLICE_X31Y69  u_core/u_accum_base_datapath/u_output_slice/u_router/fifo_mem_reg_0_63_0_6/RAMD/CLK
Low Pulse Width   Slow    RAMD64E/CLK         n/a            0.762         2.500       1.738      SLICE_X31Y69  u_core/u_accum_base_datapath/u_output_slice/u_router/fifo_mem_reg_0_63_0_6/RAME/CLK
Low Pulse Width   Fast    RAMD64E/CLK         n/a            0.762         2.500       1.738      SLICE_X31Y69  u_core/u_accum_base_datapath/u_output_slice/u_router/fifo_mem_reg_0_63_0_6/RAME/CLK
Low Pulse Width   Slow    RAMD64E/CLK         n/a            0.762         2.500       1.738      SLICE_X31Y69  u_core/u_accum_base_datapath/u_output_slice/u_router/fifo_mem_reg_0_63_0_6/RAMF/CLK
Low Pulse Width   Fast    RAMD64E/CLK         n/a            0.762         2.500       1.738      SLICE_X31Y69  u_core/u_accum_base_datapath/u_output_slice/u_router/fifo_mem_reg_0_63_0_6/RAMF/CLK
Low Pulse Width   Slow    RAMD64E/CLK         n/a            0.762         2.500       1.738      SLICE_X31Y69  u_core/u_accum_base_datapath/u_output_slice/u_router/fifo_mem_reg_0_63_0_6/RAMG/CLK
Low Pulse Width   Fast    RAMD64E/CLK         n/a            0.762         2.500       1.738      SLICE_X31Y69  u_core/u_accum_base_datapath/u_output_slice/u_router/fifo_mem_reg_0_63_0_6/RAMG/CLK
Low Pulse Width   Slow    RAMD64E/CLK         n/a            0.762         2.500       1.738      SLICE_X31Y69  u_core/u_accum_base_datapath/u_output_slice/u_router/fifo_mem_reg_0_63_0_6/RAMH/CLK
Low Pulse Width   Fast    RAMD64E/CLK         n/a            0.762         2.500       1.738      SLICE_X31Y69  u_core/u_accum_base_datapath/u_output_slice/u_router/fifo_mem_reg_0_63_0_6/RAMH/CLK
Low Pulse Width   Slow    RAMD64E/CLK         n/a            0.762         2.500       1.738      SLICE_X32Y75  u_core/u_accum_base_datapath/u_output_slice/u_router/fifo_mem_reg_0_63_14_20/RAMA/CLK
Low Pulse Width   Fast    RAMD64E/CLK         n/a            0.762         2.500       1.738      SLICE_X32Y75  u_core/u_accum_base_datapath/u_output_slice/u_router/fifo_mem_reg_0_63_14_20/RAMA/CLK
Low Pulse Width   Slow    RAMD64E/CLK         n/a            0.762         2.500       1.738      SLICE_X32Y75  u_core/u_accum_base_datapath/u_output_slice/u_router/fifo_mem_reg_0_63_14_20/RAMB/CLK
Low Pulse Width   Fast    RAMD64E/CLK         n/a            0.762         2.500       1.738      SLICE_X32Y75  u_core/u_accum_base_datapath/u_output_slice/u_router/fifo_mem_reg_0_63_14_20/RAMB/CLK
High Pulse Width  Slow    RAMD64E/CLK         n/a            0.762         2.500       1.738      SLICE_X31Y69  u_core/u_accum_base_datapath/u_output_slice/u_router/fifo_mem_reg_0_63_0_6/RAMA/CLK
High Pulse Width  Fast    RAMD64E/CLK         n/a            0.762         2.500       1.738      SLICE_X31Y69  u_core/u_accum_base_datapath/u_output_slice/u_router/fifo_mem_reg_0_63_0_6/RAMA/CLK
High Pulse Width  Slow    RAMD64E/CLK         n/a            0.762         2.500       1.738      SLICE_X31Y69  u_core/u_accum_base_datapath/u_output_slice/u_router/fifo_mem_reg_0_63_0_6/RAMB/CLK
High Pulse Width  Fast    RAMD64E/CLK         n/a            0.762         2.500       1.738      SLICE_X31Y69  u_core/u_accum_base_datapath/u_output_slice/u_router/fifo_mem_reg_0_63_0_6/RAMB/CLK
High Pulse Width  Slow    RAMD64E/CLK         n/a            0.762         2.500       1.738      SLICE_X31Y69  u_core/u_accum_base_datapath/u_output_slice/u_router/fifo_mem_reg_0_63_0_6/RAMC/CLK
High Pulse Width  Fast    RAMD64E/CLK         n/a            0.762         2.500       1.738      SLICE_X31Y69  u_core/u_accum_base_datapath/u_output_slice/u_router/fifo_mem_reg_0_63_0_6/RAMC/CLK
High Pulse Width  Slow    RAMD64E/CLK         n/a            0.762         2.500       1.738      SLICE_X31Y69  u_core/u_accum_base_datapath/u_output_slice/u_router/fifo_mem_reg_0_63_0_6/RAMD/CLK
High Pulse Width  Fast    RAMD64E/CLK         n/a            0.762         2.500       1.738      SLICE_X31Y69  u_core/u_accum_base_datapath/u_output_slice/u_router/fifo_mem_reg_0_63_0_6/RAMD/CLK
High Pulse Width  Slow    RAMD64E/CLK         n/a            0.762         2.500       1.738      SLICE_X31Y69  u_core/u_accum_base_datapath/u_output_slice/u_router/fifo_mem_reg_0_63_0_6/RAME/CLK
High Pulse Width  Fast    RAMD64E/CLK         n/a            0.762         2.500       1.738      SLICE_X31Y69  u_core/u_accum_base_datapath/u_output_slice/u_router/fifo_mem_reg_0_63_0_6/RAME/CLK
High Pulse Width  Slow    RAMD64E/CLK         n/a            0.762         2.500       1.738      SLICE_X31Y69  u_core/u_accum_base_datapath/u_output_slice/u_router/fifo_mem_reg_0_63_0_6/RAMF/CLK
High Pulse Width  Fast    RAMD64E/CLK         n/a            0.762         2.500       1.738      SLICE_X31Y69  u_core/u_accum_base_datapath/u_output_slice/u_router/fifo_mem_reg_0_63_0_6/RAMF/CLK
High Pulse Width  Slow    RAMD64E/CLK         n/a            0.762         2.500       1.738      SLICE_X31Y69  u_core/u_accum_base_datapath/u_output_slice/u_router/fifo_mem_reg_0_63_0_6/RAMG/CLK
High Pulse Width  Fast    RAMD64E/CLK         n/a            0.762         2.500       1.738      SLICE_X31Y69  u_core/u_accum_base_datapath/u_output_slice/u_router/fifo_mem_reg_0_63_0_6/RAMG/CLK
High Pulse Width  Slow    RAMD64E/CLK         n/a            0.762         2.500       1.738      SLICE_X31Y69  u_core/u_accum_base_datapath/u_output_slice/u_router/fifo_mem_reg_0_63_0_6/RAMH/CLK
High Pulse Width  Fast    RAMD64E/CLK         n/a            0.762         2.500       1.738      SLICE_X31Y69  u_core/u_accum_base_datapath/u_output_slice/u_router/fifo_mem_reg_0_63_0_6/RAMH/CLK
High Pulse Width  Slow    RAMD64E/CLK         n/a            0.762         2.500       1.738      SLICE_X32Y75  u_core/u_accum_base_datapath/u_output_slice/u_router/fifo_mem_reg_0_63_14_20/RAMA/CLK
High Pulse Width  Fast    RAMD64E/CLK         n/a            0.762         2.500       1.738      SLICE_X32Y75  u_core/u_accum_base_datapath/u_output_slice/u_router/fifo_mem_reg_0_63_14_20/RAMA/CLK
High Pulse Width  Slow    RAMD64E/CLK         n/a            0.762         2.500       1.738      SLICE_X32Y75  u_core/u_accum_base_datapath/u_output_slice/u_router/fifo_mem_reg_0_63_14_20/RAMB/CLK
High Pulse Width  Fast    RAMD64E/CLK         n/a            0.762         2.500       1.738      SLICE_X32Y75  u_core/u_accum_base_datapath/u_output_slice/u_router/fifo_mem_reg_0_63_14_20/RAMB/CLK



