Copyright 1986-2022 Xilinx, Inc. All Rights Reserved. Copyright 2022-2024 Advanced Micro Devices, Inc. All Rights Reserved.
-------------------------------------------------------------------------------------------------------------------------------------------------------------------------------------------------------------------------------------
| Tool Version      : Vivado v.2024.1 (lin64) Build 5076996 Wed May 22 18:36:09 MDT 2024
| Date              : Sun Sep  6 19:12:05 2026
| Host              : yundodo running 64-bit unknown
| Command           : report_timing_summary -delay_type min_max -check_timing_verbose -max_paths 20 -file /home/dodo/Documents/Codex/2026-08-31/kv260-alexnet-rtl/alexnet/reports/m4n8_graph_data_top/200mhz/impl_timing_summary.rpt
| Design            : alexnet_m4n8_graph_data_top
| Device            : xck26-sfvc784
| Speed File        : -2LV  PRODUCTION 1.30 05-15-2022
| Design State      : Routed
| Temperature Grade : C
-------------------------------------------------------------------------------------------------------------------------------------------------------------------------------------------------------------------------------------

Timing Summary Report

------------------------------------------------------------------------------------------------
| Timer Settings
| --------------
------------------------------------------------------------------------------------------------

  Enable Multi Corner Analysis               :  Yes
  Enable Pessimism Removal                   :  Yes
  Pessimism Removal Resolution               :  Nearest Common Node
  Enable Input Delay Default Clock           :  No
  Enable Preset / Clear Arcs                 :  No
  Disable Flight Delays                      :  No
  Ignore I/O Paths                           :  No
  Timing Early Launch at Borrowing Latches   :  No
  Borrow Time for Max Delay Exceptions       :  Yes
  Merge Timing Exceptions                    :  Yes
  Inter-SLR Compensation                     :  Conservative

  Corner  Analyze    Analyze    
  Name    Max Paths  Min Paths  
  ------  ---------  ---------  
  Slow    Yes        Yes        
  Fast    Yes        Yes        


------------------------------------------------------------------------------------------------
| Report Methodology
| ------------------
------------------------------------------------------------------------------------------------

No report available as report_methodology has not been run prior. Run report_methodology on the current design for the summary of methodology violations.



check_timing report

Table of Contents
-----------------
1. checking no_clock (0)
2. checking constant_clock (0)
3. checking pulse_width_clock (0)
4. checking unconstrained_internal_endpoints (0)
5. checking no_input_delay (0)
6. checking no_output_delay (0)
7. checking multiple_clock (0)
8. checking generated_clocks (0)
9. checking loops (0)
10. checking partial_input_delay (0)
11. checking partial_output_delay (0)
12. checking latch_loops (0)

1. checking no_clock (0)
------------------------
 There are 0 register/latch pins with no clock.


2. checking constant_clock (0)
------------------------------
 There are 0 register/latch pins with constant_clock.


3. checking pulse_width_clock (0)
---------------------------------
 There are 0 register/latch pins which need pulse_width check


4. checking unconstrained_internal_endpoints (0)
------------------------------------------------
 There are 0 pins that are not constrained for maximum delay.

 There are 0 pins that are not constrained for maximum delay due to constant clock.


5. checking no_input_delay (0)
------------------------------
 There are 0 input ports with no input delay specified.

 There are 0 input ports with no input delay but user has a false path constraint.


6. checking no_output_delay (0)
-------------------------------
 There are 0 ports with no output delay specified.

 There are 0 ports with no output delay but user has a false path constraint

 There are 0 ports with no output delay but with a timing clock defined on it or propagating through it


7. checking multiple_clock (0)
------------------------------
 There are 0 register/latch pins with multiple clocks.


8. checking generated_clocks (0)
--------------------------------
 There are 0 generated clocks that are not connected to a clock source.


9. checking loops (0)
---------------------
 There are 0 combinational loops in the design.


10. checking partial_input_delay (0)
------------------------------------
 There are 0 input ports with partial input delay specified.


11. checking partial_output_delay (0)
-------------------------------------
 There are 0 ports with partial output delay specified.


12. checking latch_loops (0)
----------------------------
 There are 0 combinational latch loops in the design through latch input



------------------------------------------------------------------------------------------------
| Design Timing Summary
| ---------------------
------------------------------------------------------------------------------------------------

    WNS(ns)      TNS(ns)  TNS Failing Endpoints  TNS Total Endpoints      WHS(ns)      THS(ns)  THS Failing Endpoints  THS Total Endpoints     WPWS(ns)     TPWS(ns)  TPWS Failing Endpoints  TPWS Total Endpoints  
    -------      -------  ---------------------  -------------------      -------      -------  ---------------------  -------------------     --------     --------  ----------------------  --------------------  
      0.098        0.000                      0                35436        0.046        0.000                      0                35436        1.738        0.000                       0                  9164  


All user specified timing constraints are met.


------------------------------------------------------------------------------------------------
| Clock Summary
| -------------
------------------------------------------------------------------------------------------------

Clock  Waveform(ns)         Period(ns)      Frequency(MHz)
-----  ------------         ----------      --------------
clk    {0.000 2.500}        5.000           200.000         


------------------------------------------------------------------------------------------------
| Intra Clock Table
| -----------------
------------------------------------------------------------------------------------------------

Clock             WNS(ns)      TNS(ns)  TNS Failing Endpoints  TNS Total Endpoints      WHS(ns)      THS(ns)  THS Failing Endpoints  THS Total Endpoints     WPWS(ns)     TPWS(ns)  TPWS Failing Endpoints  TPWS Total Endpoints  
-----             -------      -------  ---------------------  -------------------      -------      -------  ---------------------  -------------------     --------     --------  ----------------------  --------------------  
clk                 0.098        0.000                      0                35436        0.046        0.000                      0                35436        1.738        0.000                       0                  9164  


------------------------------------------------------------------------------------------------
| Inter Clock Table
| -----------------
------------------------------------------------------------------------------------------------

From Clock    To Clock          WNS(ns)      TNS(ns)  TNS Failing Endpoints  TNS Total Endpoints      WHS(ns)      THS(ns)  THS Failing Endpoints  THS Total Endpoints  
----------    --------          -------      -------  ---------------------  -------------------      -------      -------  ---------------------  -------------------  


------------------------------------------------------------------------------------------------
| Other Path Groups Table
| -----------------------
------------------------------------------------------------------------------------------------

Path Group    From Clock    To Clock          WNS(ns)      TNS(ns)  TNS Failing Endpoints  TNS Total Endpoints      WHS(ns)      THS(ns)  THS Failing Endpoints  THS Total Endpoints  
----------    ----------    --------          -------      -------  ---------------------  -------------------      -------      -------  ---------------------  -------------------  


------------------------------------------------------------------------------------------------
| Timing Details
| --------------
------------------------------------------------------------------------------------------------


---------------------------------------------------------------------------------------------------
From Clock:  clk
  To Clock:  clk

Setup :            0  Failing Endpoints,  Worst Slack        0.098ns,  Total Violation        0.000ns
Hold  :            0  Failing Endpoints,  Worst Slack        0.046ns,  Total Violation        0.000ns
PW    :            0  Failing Endpoints,  Worst Slack        1.738ns,  Total Violation        0.000ns
---------------------------------------------------------------------------------------------------


Max Delay Paths
--------------------------------------------------------------------------------------
Slack (MET) :             0.098ns  (required time - arrival time)
  Source:                 fc_result_complete_n_base[3]
                            (input port clocked by clk  {rise@0.000ns fall@2.500ns period=5.000ns})
  Destination:            u_graph/u_compute/u_shared/u_output_slice/u_partial_sum_bank/mem_reg_16/ADDRBWRADDR[5]
                            (rising edge-triggered cell RAMB36E2 clocked by clk  {rise@0.000ns fall@2.500ns period=5.000ns})
  Path Group:             clk
  Path Type:              Setup (Max at Slow Process Corner)
  Requirement:            5.000ns  (clk rise@5.000ns - clk rise@0.000ns)
  Data Path Delay:        3.403ns  (logic 1.100ns (32.325%)  route 2.303ns (67.675%))
  Logic Levels:           11  (LUT3=1 LUT4=1 LUT5=3 LUT6=6)
  Input Delay:            1.000ns
  Clock Path Skew:        0.048ns (DCD - SCD + CPR)
    Destination Clock Delay (DCD):    0.048ns = ( 5.048 - 5.000 ) 
    Source Clock Delay      (SCD):    0.000ns
    Clock Pessimism Removal (CPR):    0.000ns
  Clock Uncertainty:      0.035ns  ((TSJ^2 + TIJ^2)^1/2 + DJ) / 2 + PE
    Total System Jitter     (TSJ):    0.071ns
    Total Input Jitter      (TIJ):    0.000ns
    Discrete Jitter          (DJ):    0.000ns
    Phase Error              (PE):    0.000ns

    Location             Delay type                Incr(ns)  Path(ns)    Netlist Resource(s)
  -------------------------------------------------------------------    -------------------
                         (clock clk rise edge)        0.000     0.000 r  
                         input delay                  1.000     1.000    
                                                      0.000     1.000 r  fc_result_complete_n_base[3] (IN)
                         net (fo=0)                   0.000     1.000    u_graph/u_compute/u_fc/u_controller/fc_result_complete_n_base[3]
    SLICE_X38Y56         LUT6 (Prop_C6LUT_SLICEM_I0_O)
                                                      0.220     1.220 r  u_graph/u_compute/u_fc/u_controller/fc_parameter_ready_INST_0_i_15/O
                         net (fo=1, routed)           0.073     1.293    u_graph/u_compute/u_fc/u_controller/fc_parameter_ready_INST_0_i_15_n_0
    SLICE_X38Y56         LUT6 (Prop_F6LUT_SLICEM_I0_O)
                                                      0.224     1.517 r  u_graph/u_compute/u_fc/u_controller/fc_parameter_ready_INST_0_i_13/O
                         net (fo=1, routed)           0.050     1.567    u_graph/u_compute/u_fc/u_controller/fc_parameter_ready_INST_0_i_13_n_0
    SLICE_X38Y56         LUT6 (Prop_G6LUT_SLICEM_I4_O)
                                                      0.082     1.649 r  u_graph/u_compute/u_fc/u_controller/fc_parameter_ready_INST_0_i_4/O
                         net (fo=2, routed)           0.119     1.768    u_graph/u_compute/u_fc/u_controller/result_ack_bad2__24
    SLICE_X38Y58         LUT6 (Prop_H6LUT_SLICEM_I2_O)
                                                      0.154     1.922 r  u_graph/u_compute/u_fc/u_controller/fc_parameter_ready_INST_0_i_1/O
                         net (fo=11, routed)          0.113     2.035    u_graph/u_compute/u_fc/u_controller/fc_result_complete_error_0
    SLICE_X38Y60         LUT6 (Prop_B6LUT_SLICEM_I0_O)
                                                      0.057     2.092 f  u_graph/u_compute/u_fc/u_controller/cfg_n_base_q[12]_i_1/O
                         net (fo=24, routed)          0.063     2.155    u_graph/u_compute/u_shared/u_output_slice/u_partial_sum_bank/cfg_valid0
    SLICE_X38Y60         LUT5 (Prop_E6LUT_SLICEM_I4_O)
                                                      0.057     2.212 f  u_graph/u_compute/u_shared/u_output_slice/u_partial_sum_bank/valid_q[0]_i_2/O
                         net (fo=4, routed)           0.215     2.426    u_graph/u_compute/u_shared/u_output_slice/u_partial_sum_bank/cfg_fire
    SLICE_X41Y62         LUT3 (Prop_E6LUT_SLICEM_I1_O)
                                                      0.057     2.483 f  u_graph/u_compute/u_shared/u_output_slice/u_partial_sum_bank/egress_word_q[250]_i_2/O
                         net (fo=15, routed)          0.061     2.544    u_graph/u_compute/u_shared/u_output_slice/u_router/cfg_fire_0
    SLICE_X41Y62         LUT5 (Prop_C6LUT_SLICEM_I0_O)
                                                      0.056     2.600 r  u_graph/u_compute/u_shared/u_output_slice/u_router/valid_q[4]_i_1/O
                         net (fo=18, routed)          0.110     2.710    u_graph/u_compute/u_shared/u_output_slice/u_partial_sum_bank/advance
    SLICE_X42Y62         LUT5 (Prop_C6LUT_SLICEL_I2_O)
                                                      0.056     2.766 r  u_graph/u_compute/u_shared/u_output_slice/u_partial_sum_bank/emit_reads_issued_q[10]_i_2/O
                         net (fo=7, routed)           0.344     3.110    u_graph/u_compute/u_shared/u_output_slice/u_partial_sum_bank/emit_read_stage_ready__1
    SLICE_X46Y62         LUT6 (Prop_C6LUT_SLICEL_I0_O)
                                                      0.081     3.191 r  u_graph/u_compute/u_shared/u_output_slice/u_partial_sum_bank/mem_reg_0_i_41/O
                         net (fo=12, routed)          0.221     3.412    u_graph/u_compute/u_shared/u_output_slice/u_partial_sum_bank/mem_reg_0_i_41_n_0
    SLICE_X48Y62         LUT4 (Prop_C6LUT_SLICEL_I1_O)
                                                      0.056     3.468 r  u_graph/u_compute/u_shared/u_output_slice/u_partial_sum_bank/mem_reg_0_i_24/O
                         net (fo=28, routed)          0.935     4.403    u_graph/u_compute/u_shared/u_output_slice/u_partial_sum_bank/mem_read_addr[2]
    RAMB36_X2Y15         RAMB36E2                                     r  u_graph/u_compute/u_shared/u_output_slice/u_partial_sum_bank/mem_reg_16/ADDRBWRADDR[5]
  -------------------------------------------------------------------    -------------------

                         (clock clk rise edge)        5.000     5.000 r  
                                                      0.000     5.000 r  clk (IN)
                         net (fo=9269, unset)         0.048     5.048    u_graph/u_compute/u_shared/u_output_slice/u_partial_sum_bank/clk
    RAMB36_X2Y15         RAMB36E2                                     r  u_graph/u_compute/u_shared/u_output_slice/u_partial_sum_bank/mem_reg_16/CLKBWRCLK
                         clock pessimism              0.000     5.048    
                         clock uncertainty           -0.035     5.013    
    RAMB36_X2Y15         RAMB36E2 (Setup_RAMB36E2_RAMB36_CLKBWRCLK_ADDRBWRADDR[5])
                                                     -0.512     4.501    u_graph/u_compute/u_shared/u_output_slice/u_partial_sum_bank/mem_reg_16
  -------------------------------------------------------------------
                         required time                          4.501    
                         arrival time                          -4.403    
  -------------------------------------------------------------------
                         slack                                  0.098    

Slack (MET) :             0.114ns  (required time - arrival time)
  Source:                 fc_result_complete_n_base[3]
                            (input port clocked by clk  {rise@0.000ns fall@2.500ns period=5.000ns})
  Destination:            u_graph/u_compute/u_shared/u_output_slice/u_partial_sum_bank/mem_reg_10/ADDRBWRADDR[4]
                            (rising edge-triggered cell RAMB36E2 clocked by clk  {rise@0.000ns fall@2.500ns period=5.000ns})
  Path Group:             clk
  Path Type:              Setup (Max at Slow Process Corner)
  Requirement:            5.000ns  (clk rise@5.000ns - clk rise@0.000ns)
  Data Path Delay:        3.352ns  (logic 1.101ns (32.850%)  route 2.251ns (67.150%))
  Logic Levels:           11  (LUT3=1 LUT4=1 LUT5=3 LUT6=6)
  Input Delay:            1.000ns
  Clock Path Skew:        0.048ns (DCD - SCD + CPR)
    Destination Clock Delay (DCD):    0.048ns = ( 5.048 - 5.000 ) 
    Source Clock Delay      (SCD):    0.000ns
    Clock Pessimism Removal (CPR):    0.000ns
  Clock Uncertainty:      0.035ns  ((TSJ^2 + TIJ^2)^1/2 + DJ) / 2 + PE
    Total System Jitter     (TSJ):    0.071ns
    Total Input Jitter      (TIJ):    0.000ns
    Discrete Jitter          (DJ):    0.000ns
    Phase Error              (PE):    0.000ns

    Location             Delay type                Incr(ns)  Path(ns)    Netlist Resource(s)
  -------------------------------------------------------------------    -------------------
                         (clock clk rise edge)        0.000     0.000 r  
                         input delay                  1.000     1.000    
                                                      0.000     1.000 r  fc_result_complete_n_base[3] (IN)
                         net (fo=0)                   0.000     1.000    u_graph/u_compute/u_fc/u_controller/fc_result_complete_n_base[3]
    SLICE_X38Y56         LUT6 (Prop_C6LUT_SLICEM_I0_O)
                                                      0.220     1.220 r  u_graph/u_compute/u_fc/u_controller/fc_parameter_ready_INST_0_i_15/O
                         net (fo=1, routed)           0.073     1.293    u_graph/u_compute/u_fc/u_controller/fc_parameter_ready_INST_0_i_15_n_0
    SLICE_X38Y56         LUT6 (Prop_F6LUT_SLICEM_I0_O)
                                                      0.224     1.517 r  u_graph/u_compute/u_fc/u_controller/fc_parameter_ready_INST_0_i_13/O
                         net (fo=1, routed)           0.050     1.567    u_graph/u_compute/u_fc/u_controller/fc_parameter_ready_INST_0_i_13_n_0
    SLICE_X38Y56         LUT6 (Prop_G6LUT_SLICEM_I4_O)
                                                      0.082     1.649 r  u_graph/u_compute/u_fc/u_controller/fc_parameter_ready_INST_0_i_4/O
                         net (fo=2, routed)           0.119     1.768    u_graph/u_compute/u_fc/u_controller/result_ack_bad2__24
    SLICE_X38Y58         LUT6 (Prop_H6LUT_SLICEM_I2_O)
                                                      0.154     1.922 r  u_graph/u_compute/u_fc/u_controller/fc_parameter_ready_INST_0_i_1/O
                         net (fo=11, routed)          0.113     2.035    u_graph/u_compute/u_fc/u_controller/fc_result_complete_error_0
    SLICE_X38Y60         LUT6 (Prop_B6LUT_SLICEM_I0_O)
                                                      0.057     2.092 f  u_graph/u_compute/u_fc/u_controller/cfg_n_base_q[12]_i_1/O
                         net (fo=24, routed)          0.063     2.155    u_graph/u_compute/u_shared/u_output_slice/u_partial_sum_bank/cfg_valid0
    SLICE_X38Y60         LUT5 (Prop_E6LUT_SLICEM_I4_O)
                                                      0.057     2.212 f  u_graph/u_compute/u_shared/u_output_slice/u_partial_sum_bank/valid_q[0]_i_2/O
                         net (fo=4, routed)           0.215     2.426    u_graph/u_compute/u_shared/u_output_slice/u_partial_sum_bank/cfg_fire
    SLICE_X41Y62         LUT3 (Prop_E6LUT_SLICEM_I1_O)
                                                      0.057     2.483 f  u_graph/u_compute/u_shared/u_output_slice/u_partial_sum_bank/egress_word_q[250]_i_2/O
                         net (fo=15, routed)          0.061     2.544    u_graph/u_compute/u_shared/u_output_slice/u_router/cfg_fire_0
    SLICE_X41Y62         LUT5 (Prop_C6LUT_SLICEM_I0_O)
                                                      0.056     2.600 r  u_graph/u_compute/u_shared/u_output_slice/u_router/valid_q[4]_i_1/O
                         net (fo=18, routed)          0.110     2.710    u_graph/u_compute/u_shared/u_output_slice/u_partial_sum_bank/advance
    SLICE_X42Y62         LUT5 (Prop_C6LUT_SLICEL_I2_O)
                                                      0.056     2.766 r  u_graph/u_compute/u_shared/u_output_slice/u_partial_sum_bank/emit_reads_issued_q[10]_i_2/O
                         net (fo=7, routed)           0.344     3.110    u_graph/u_compute/u_shared/u_output_slice/u_partial_sum_bank/emit_read_stage_ready__1
    SLICE_X46Y62         LUT6 (Prop_C6LUT_SLICEL_I0_O)
                                                      0.081     3.191 r  u_graph/u_compute/u_shared/u_output_slice/u_partial_sum_bank/mem_reg_0_i_41/O
                         net (fo=12, routed)          0.117     3.308    u_graph/u_compute/u_shared/u_output_slice/u_partial_sum_bank/mem_reg_0_i_41_n_0
    SLICE_X45Y62         LUT4 (Prop_B6LUT_SLICEM_I1_O)
                                                      0.057     3.365 r  u_graph/u_compute/u_shared/u_output_slice/u_partial_sum_bank/mem_reg_0_i_25/O
                         net (fo=28, routed)          0.987     4.352    u_graph/u_compute/u_shared/u_output_slice/u_partial_sum_bank/mem_read_addr[1]
    RAMB36_X2Y7          RAMB36E2                                     r  u_graph/u_compute/u_shared/u_output_slice/u_partial_sum_bank/mem_reg_10/ADDRBWRADDR[4]
  -------------------------------------------------------------------    -------------------

                         (clock clk rise edge)        5.000     5.000 r  
                                                      0.000     5.000 r  clk (IN)
                         net (fo=9269, unset)         0.048     5.048    u_graph/u_compute/u_shared/u_output_slice/u_partial_sum_bank/clk
    RAMB36_X2Y7          RAMB36E2                                     r  u_graph/u_compute/u_shared/u_output_slice/u_partial_sum_bank/mem_reg_10/CLKBWRCLK
                         clock pessimism              0.000     5.048    
                         clock uncertainty           -0.035     5.013    
    RAMB36_X2Y7          RAMB36E2 (Setup_RAMB36E2_RAMB36_CLKBWRCLK_ADDRBWRADDR[4])
                                                     -0.547     4.466    u_graph/u_compute/u_shared/u_output_slice/u_partial_sum_bank/mem_reg_10
  -------------------------------------------------------------------
                         required time                          4.466    
                         arrival time                          -4.352    
  -------------------------------------------------------------------
                         slack                                  0.114    

Slack (MET) :             0.118ns  (required time - arrival time)
  Source:                 fc_result_complete_n_base[3]
                            (input port clocked by clk  {rise@0.000ns fall@2.500ns period=5.000ns})
  Destination:            u_graph/u_compute/u_shared/u_output_slice/u_partial_sum_bank/mem_reg_24/ADDRBWRADDR[14]
                            (rising edge-triggered cell RAMB36E2 clocked by clk  {rise@0.000ns fall@2.500ns period=5.000ns})
  Path Group:             clk
  Path Type:              Setup (Max at Slow Process Corner)
  Requirement:            5.000ns  (clk rise@5.000ns - clk rise@0.000ns)
  Data Path Delay:        3.407ns  (logic 1.102ns (32.348%)  route 2.305ns (67.652%))
  Logic Levels:           11  (LUT3=1 LUT4=1 LUT5=3 LUT6=6)
  Input Delay:            1.000ns
  Clock Path Skew:        0.048ns (DCD - SCD + CPR)
    Destination Clock Delay (DCD):    0.048ns = ( 5.048 - 5.000 ) 
    Source Clock Delay      (SCD):    0.000ns
    Clock Pessimism Removal (CPR):    0.000ns
  Clock Uncertainty:      0.035ns  ((TSJ^2 + TIJ^2)^1/2 + DJ) / 2 + PE
    Total System Jitter     (TSJ):    0.071ns
    Total Input Jitter      (TIJ):    0.000ns
    Discrete Jitter          (DJ):    0.000ns
    Phase Error              (PE):    0.000ns

    Location             Delay type                Incr(ns)  Path(ns)    Netlist Resource(s)
  -------------------------------------------------------------------    -------------------
                         (clock clk rise edge)        0.000     0.000 r  
                         input delay                  1.000     1.000    
                                                      0.000     1.000 r  fc_result_complete_n_base[3] (IN)
                         net (fo=0)                   0.000     1.000    u_graph/u_compute/u_fc/u_controller/fc_result_complete_n_base[3]
    SLICE_X38Y56         LUT6 (Prop_C6LUT_SLICEM_I0_O)
                                                      0.220     1.220 r  u_graph/u_compute/u_fc/u_controller/fc_parameter_ready_INST_0_i_15/O
                         net (fo=1, routed)           0.073     1.293    u_graph/u_compute/u_fc/u_controller/fc_parameter_ready_INST_0_i_15_n_0
    SLICE_X38Y56         LUT6 (Prop_F6LUT_SLICEM_I0_O)
                                                      0.224     1.517 r  u_graph/u_compute/u_fc/u_controller/fc_parameter_ready_INST_0_i_13/O
                         net (fo=1, routed)           0.050     1.567    u_graph/u_compute/u_fc/u_controller/fc_parameter_ready_INST_0_i_13_n_0
    SLICE_X38Y56         LUT6 (Prop_G6LUT_SLICEM_I4_O)
                                                      0.082     1.649 r  u_graph/u_compute/u_fc/u_controller/fc_parameter_ready_INST_0_i_4/O
                         net (fo=2, routed)           0.119     1.768    u_graph/u_compute/u_fc/u_controller/result_ack_bad2__24
    SLICE_X38Y58         LUT6 (Prop_H6LUT_SLICEM_I2_O)
                                                      0.154     1.922 r  u_graph/u_compute/u_fc/u_controller/fc_parameter_ready_INST_0_i_1/O
                         net (fo=11, routed)          0.113     2.035    u_graph/u_compute/u_fc/u_controller/fc_result_complete_error_0
    SLICE_X38Y60         LUT6 (Prop_B6LUT_SLICEM_I0_O)
                                                      0.057     2.092 f  u_graph/u_compute/u_fc/u_controller/cfg_n_base_q[12]_i_1/O
                         net (fo=24, routed)          0.063     2.155    u_graph/u_compute/u_shared/u_output_slice/u_partial_sum_bank/cfg_valid0
    SLICE_X38Y60         LUT5 (Prop_E6LUT_SLICEM_I4_O)
                                                      0.057     2.212 f  u_graph/u_compute/u_shared/u_output_slice/u_partial_sum_bank/valid_q[0]_i_2/O
                         net (fo=4, routed)           0.215     2.426    u_graph/u_compute/u_shared/u_output_slice/u_partial_sum_bank/cfg_fire
    SLICE_X41Y62         LUT3 (Prop_E6LUT_SLICEM_I1_O)
                                                      0.057     2.483 f  u_graph/u_compute/u_shared/u_output_slice/u_partial_sum_bank/egress_word_q[250]_i_2/O
                         net (fo=15, routed)          0.061     2.544    u_graph/u_compute/u_shared/u_output_slice/u_router/cfg_fire_0
    SLICE_X41Y62         LUT5 (Prop_C6LUT_SLICEM_I0_O)
                                                      0.056     2.600 r  u_graph/u_compute/u_shared/u_output_slice/u_router/valid_q[4]_i_1/O
                         net (fo=18, routed)          0.110     2.710    u_graph/u_compute/u_shared/u_output_slice/u_partial_sum_bank/advance
    SLICE_X42Y62         LUT5 (Prop_C6LUT_SLICEL_I2_O)
                                                      0.056     2.766 r  u_graph/u_compute/u_shared/u_output_slice/u_partial_sum_bank/emit_reads_issued_q[10]_i_2/O
                         net (fo=7, routed)           0.344     3.110    u_graph/u_compute/u_shared/u_output_slice/u_partial_sum_bank/emit_read_stage_ready__1
    SLICE_X46Y62         LUT6 (Prop_C6LUT_SLICEL_I0_O)
                                                      0.081     3.191 r  u_graph/u_compute/u_shared/u_output_slice/u_partial_sum_bank/mem_reg_0_i_41/O
                         net (fo=12, routed)          0.201     3.392    u_graph/u_compute/u_shared/u_output_slice/u_partial_sum_bank/mem_reg_0_i_41_n_0
    SLICE_X47Y61         LUT4 (Prop_H6LUT_SLICEL_I1_O)
                                                      0.058     3.450 r  u_graph/u_compute/u_shared/u_output_slice/u_partial_sum_bank/mem_reg_0_i_15/O
                         net (fo=28, routed)          0.957     4.407    u_graph/u_compute/u_shared/u_output_slice/u_partial_sum_bank/mem_read_addr[11]
    RAMB36_X2Y16         RAMB36E2                                     r  u_graph/u_compute/u_shared/u_output_slice/u_partial_sum_bank/mem_reg_24/ADDRBWRADDR[14]
  -------------------------------------------------------------------    -------------------

                         (clock clk rise edge)        5.000     5.000 r  
                                                      0.000     5.000 r  clk (IN)
                         net (fo=9269, unset)         0.048     5.048    u_graph/u_compute/u_shared/u_output_slice/u_partial_sum_bank/clk
    RAMB36_X2Y16         RAMB36E2                                     r  u_graph/u_compute/u_shared/u_output_slice/u_partial_sum_bank/mem_reg_24/CLKBWRCLK
                         clock pessimism              0.000     5.048    
                         clock uncertainty           -0.035     5.013    
    RAMB36_X2Y16         RAMB36E2 (Setup_RAMB36E2_RAMB36_CLKBWRCLK_ADDRBWRADDR[14])
                                                     -0.488     4.525    u_graph/u_compute/u_shared/u_output_slice/u_partial_sum_bank/mem_reg_24
  -------------------------------------------------------------------
                         required time                          4.525    
                         arrival time                          -4.407    
  -------------------------------------------------------------------
                         slack                                  0.118    

Slack (MET) :             0.121ns  (required time - arrival time)
  Source:                 fc_result_complete_n_base[3]
                            (input port clocked by clk  {rise@0.000ns fall@2.500ns period=5.000ns})
  Destination:            u_graph/u_compute/u_shared/u_output_slice/u_partial_sum_bank/mem_reg_10/ADDRBWRADDR[10]
                            (rising edge-triggered cell RAMB36E2 clocked by clk  {rise@0.000ns fall@2.500ns period=5.000ns})
  Path Group:             clk
  Path Type:              Setup (Max at Slow Process Corner)
  Requirement:            5.000ns  (clk rise@5.000ns - clk rise@0.000ns)
  Data Path Delay:        3.430ns  (logic 1.101ns (32.102%)  route 2.329ns (67.898%))
  Logic Levels:           11  (LUT3=1 LUT4=1 LUT5=3 LUT6=6)
  Input Delay:            1.000ns
  Clock Path Skew:        0.048ns (DCD - SCD + CPR)
    Destination Clock Delay (DCD):    0.048ns = ( 5.048 - 5.000 ) 
    Source Clock Delay      (SCD):    0.000ns
    Clock Pessimism Removal (CPR):    0.000ns
  Clock Uncertainty:      0.035ns  ((TSJ^2 + TIJ^2)^1/2 + DJ) / 2 + PE
    Total System Jitter     (TSJ):    0.071ns
    Total Input Jitter      (TIJ):    0.000ns
    Discrete Jitter          (DJ):    0.000ns
    Phase Error              (PE):    0.000ns

    Location             Delay type                Incr(ns)  Path(ns)    Netlist Resource(s)
  -------------------------------------------------------------------    -------------------
                         (clock clk rise edge)        0.000     0.000 r  
                         input delay                  1.000     1.000    
                                                      0.000     1.000 r  fc_result_complete_n_base[3] (IN)
                         net (fo=0)                   0.000     1.000    u_graph/u_compute/u_fc/u_controller/fc_result_complete_n_base[3]
    SLICE_X38Y56         LUT6 (Prop_C6LUT_SLICEM_I0_O)
                                                      0.220     1.220 r  u_graph/u_compute/u_fc/u_controller/fc_parameter_ready_INST_0_i_15/O
                         net (fo=1, routed)           0.073     1.293    u_graph/u_compute/u_fc/u_controller/fc_parameter_ready_INST_0_i_15_n_0
    SLICE_X38Y56         LUT6 (Prop_F6LUT_SLICEM_I0_O)
                                                      0.224     1.517 r  u_graph/u_compute/u_fc/u_controller/fc_parameter_ready_INST_0_i_13/O
                         net (fo=1, routed)           0.050     1.567    u_graph/u_compute/u_fc/u_controller/fc_parameter_ready_INST_0_i_13_n_0
    SLICE_X38Y56         LUT6 (Prop_G6LUT_SLICEM_I4_O)
                                                      0.082     1.649 r  u_graph/u_compute/u_fc/u_controller/fc_parameter_ready_INST_0_i_4/O
                         net (fo=2, routed)           0.119     1.768    u_graph/u_compute/u_fc/u_controller/result_ack_bad2__24
    SLICE_X38Y58         LUT6 (Prop_H6LUT_SLICEM_I2_O)
                                                      0.154     1.922 r  u_graph/u_compute/u_fc/u_controller/fc_parameter_ready_INST_0_i_1/O
                         net (fo=11, routed)          0.113     2.035    u_graph/u_compute/u_fc/u_controller/fc_result_complete_error_0
    SLICE_X38Y60         LUT6 (Prop_B6LUT_SLICEM_I0_O)
                                                      0.057     2.092 f  u_graph/u_compute/u_fc/u_controller/cfg_n_base_q[12]_i_1/O
                         net (fo=24, routed)          0.063     2.155    u_graph/u_compute/u_shared/u_output_slice/u_partial_sum_bank/cfg_valid0
    SLICE_X38Y60         LUT5 (Prop_E6LUT_SLICEM_I4_O)
                                                      0.057     2.212 f  u_graph/u_compute/u_shared/u_output_slice/u_partial_sum_bank/valid_q[0]_i_2/O
                         net (fo=4, routed)           0.215     2.426    u_graph/u_compute/u_shared/u_output_slice/u_partial_sum_bank/cfg_fire
    SLICE_X41Y62         LUT3 (Prop_E6LUT_SLICEM_I1_O)
                                                      0.057     2.483 f  u_graph/u_compute/u_shared/u_output_slice/u_partial_sum_bank/egress_word_q[250]_i_2/O
                         net (fo=15, routed)          0.061     2.544    u_graph/u_compute/u_shared/u_output_slice/u_router/cfg_fire_0
    SLICE_X41Y62         LUT5 (Prop_C6LUT_SLICEM_I0_O)
                                                      0.056     2.600 r  u_graph/u_compute/u_shared/u_output_slice/u_router/valid_q[4]_i_1/O
                         net (fo=18, routed)          0.110     2.710    u_graph/u_compute/u_shared/u_output_slice/u_partial_sum_bank/advance
    SLICE_X42Y62         LUT5 (Prop_C6LUT_SLICEL_I2_O)
                                                      0.056     2.766 r  u_graph/u_compute/u_shared/u_output_slice/u_partial_sum_bank/emit_reads_issued_q[10]_i_2/O
                         net (fo=7, routed)           0.344     3.110    u_graph/u_compute/u_shared/u_output_slice/u_partial_sum_bank/emit_read_stage_ready__1
    SLICE_X46Y62         LUT6 (Prop_C6LUT_SLICEL_I0_O)
                                                      0.081     3.191 r  u_graph/u_compute/u_shared/u_output_slice/u_partial_sum_bank/mem_reg_0_i_41/O
                         net (fo=12, routed)          0.241     3.432    u_graph/u_compute/u_shared/u_output_slice/u_partial_sum_bank/mem_reg_0_i_41_n_0
    SLICE_X47Y61         LUT4 (Prop_D6LUT_SLICEL_I1_O)
                                                      0.057     3.489 r  u_graph/u_compute/u_shared/u_output_slice/u_partial_sum_bank/mem_reg_0_i_19/O
                         net (fo=28, routed)          0.941     4.430    u_graph/u_compute/u_shared/u_output_slice/u_partial_sum_bank/mem_read_addr[7]
    RAMB36_X2Y7          RAMB36E2                                     r  u_graph/u_compute/u_shared/u_output_slice/u_partial_sum_bank/mem_reg_10/ADDRBWRADDR[10]
  -------------------------------------------------------------------    -------------------

                         (clock clk rise edge)        5.000     5.000 r  
                                                      0.000     5.000 r  clk (IN)
                         net (fo=9269, unset)         0.048     5.048    u_graph/u_compute/u_shared/u_output_slice/u_partial_sum_bank/clk
    RAMB36_X2Y7          RAMB36E2                                     r  u_graph/u_compute/u_shared/u_output_slice/u_partial_sum_bank/mem_reg_10/CLKBWRCLK
                         clock pessimism              0.000     5.048    
                         clock uncertainty           -0.035     5.013    
    RAMB36_X2Y7          RAMB36E2 (Setup_RAMB36E2_RAMB36_CLKBWRCLK_ADDRBWRADDR[10])
                                                     -0.462     4.551    u_graph/u_compute/u_shared/u_output_slice/u_partial_sum_bank/mem_reg_10
  -------------------------------------------------------------------
                         required time                          4.551    
                         arrival time                          -4.430    
  -------------------------------------------------------------------
                         slack                                  0.121    

Slack (MET) :             0.148ns  (required time - arrival time)
  Source:                 u_graph/u_compute/u_shared/u_output_slice/resident_tile_tag_base_q_reg[1]/C
                            (rising edge-triggered cell FDRE clocked by clk  {rise@0.000ns fall@2.500ns period=5.000ns})
  Destination:            u_graph/u_compute/u_shared/u_output_slice/u_partial_sum_bank/mem_reg_27/DINADIN[7]
                            (rising edge-triggered cell RAMB36E2 clocked by clk  {rise@0.000ns fall@2.500ns period=5.000ns})
  Path Group:             clk
  Path Type:              Setup (Max at Slow Process Corner)
  Requirement:            5.000ns  (clk rise@5.000ns - clk rise@0.000ns)
  Data Path Delay:        4.421ns  (logic 1.412ns (31.939%)  route 3.009ns (68.061%))
  Logic Levels:           10  (CARRY8=2 LUT2=1 LUT4=2 LUT5=1 LUT6=4)
  Clock Path Skew:        0.004ns (DCD - SCD + CPR)
    Destination Clock Delay (DCD):    0.047ns = ( 5.047 - 5.000 ) 
    Source Clock Delay      (SCD):    0.043ns
    Clock Pessimism Removal (CPR):    0.000ns
  Clock Uncertainty:      0.035ns  ((TSJ^2 + TIJ^2)^1/2 + DJ) / 2 + PE
    Total System Jitter     (TSJ):    0.071ns
    Total Input Jitter      (TIJ):    0.000ns
    Discrete Jitter          (DJ):    0.000ns
    Phase Error              (PE):    0.000ns

    Location             Delay type                Incr(ns)  Path(ns)    Netlist Resource(s)
  -------------------------------------------------------------------    -------------------
                         (clock clk rise edge)        0.000     0.000 r  
                                                      0.000     0.000 r  clk (IN)
                         net (fo=9269, unset)         0.043     0.043    u_graph/u_compute/u_shared/u_output_slice/clk
    SLICE_X43Y47         FDRE                                         r  u_graph/u_compute/u_shared/u_output_slice/resident_tile_tag_base_q_reg[1]/C
  -------------------------------------------------------------------    -------------------
    SLICE_X43Y47         FDRE (Prop_AFF2_SLICEM_C_Q)
                                                      0.118     0.161 r  u_graph/u_compute/u_shared/u_output_slice/resident_tile_tag_base_q_reg[1]/Q
                         net (fo=5, routed)           0.162     0.323    u_graph/u_compute/u_shared/u_output_slice/u_partial_sum_bank/words_accepted_reg[12]_i_14_0[1]
    SLICE_X43Y47         LUT2 (Prop_B6LUT_SLICEM_I0_O)
                                                      0.152     0.475 r  u_graph/u_compute/u_shared/u_output_slice/u_partial_sum_bank/words_accepted[12]_i_35/O
                         net (fo=1, routed)           0.022     0.497    u_graph/u_compute/u_shared/u_output_slice/u_partial_sum_bank/words_accepted[12]_i_35_n_0
    SLICE_X43Y47         CARRY8 (Prop_CARRY8_SLICEM_S[1]_CO[7])
                                                      0.267     0.764 r  u_graph/u_compute/u_shared/u_output_slice/u_partial_sum_bank/words_accepted_reg[12]_i_17/CO[7]
                         net (fo=1, routed)           0.030     0.794    u_graph/u_compute/u_shared/u_output_slice/u_partial_sum_bank/words_accepted_reg[12]_i_17_n_0
    SLICE_X43Y48         CARRY8 (Prop_CARRY8_SLICEM_CI_O[0])
                                                      0.078     0.872 r  u_graph/u_compute/u_shared/u_output_slice/u_partial_sum_bank/words_accepted_reg[12]_i_14/O[0]
                         net (fo=1, routed)           0.155     1.027    u_graph/u_compute/u_shared/u_output_slice/u_scanner/scanner_metadata_match1[8]
    SLICE_X43Y49         LUT4 (Prop_A6LUT_SLICEM_I1_O)
                                                      0.189     1.216 r  u_graph/u_compute/u_shared/u_output_slice/u_scanner/words_accepted[12]_i_20/O
                         net (fo=1, routed)           0.302     1.518    u_graph/u_compute/u_shared/u_output_slice/u_scanner/words_accepted[12]_i_20_n_0
    SLICE_X44Y50         LUT6 (Prop_A6LUT_SLICEL_I5_O)
                                                      0.082     1.600 r  u_graph/u_compute/u_shared/u_output_slice/u_scanner/words_accepted[12]_i_13/O
                         net (fo=1, routed)           0.049     1.649    u_graph/u_compute/u_shared/u_output_slice/u_scanner/words_accepted[12]_i_13_n_0
    SLICE_X44Y50         LUT6 (Prop_C6LUT_SLICEL_I2_O)
                                                      0.056     1.705 f  u_graph/u_compute/u_shared/u_output_slice/u_scanner/words_accepted[12]_i_5/O
                         net (fo=3, routed)           0.159     1.864    u_graph/u_compute/u_shared/u_output_slice/u_partial_sum_bank/p_15_in
    SLICE_X44Y53         LUT6 (Prop_A6LUT_SLICEL_I5_O)
                                                      0.082     1.946 f  u_graph/u_compute/u_shared/u_output_slice/u_partial_sum_bank/words_accepted[12]_i_2/O
                         net (fo=43, routed)          0.126     2.072    u_graph/u_compute/u_shared/u_output_slice/u_partial_sum_bank/p_38_in
    SLICE_X45Y53         LUT4 (Prop_A6LUT_SLICEM_I3_O)
                                                      0.058     2.130 r  u_graph/u_compute/u_shared/u_output_slice/u_partial_sum_bank/mem_reg_16_i_11/O
                         net (fo=71, routed)          0.698     2.828    u_graph/u_compute/u_shared/u_output_slice/u_partial_sum_bank/mem_reg_16_i_11_n_0
    SLICE_X50Y48         LUT6 (Prop_E6LUT_SLICEL_I0_O)
                                                      0.138     2.966 r  u_graph/u_compute/u_shared/u_output_slice/u_partial_sum_bank/mem_reg_24_i_12/O
                         net (fo=36, routed)          0.380     3.346    u_graph/u_compute/u_shared/u_output_slice/u_partial_sum_bank/mem_reg_24_i_12_n_0
    SLICE_X52Y51         LUT5 (Prop_E5LUT_SLICEL_I4_O)
                                                      0.192     3.538 r  u_graph/u_compute/u_shared/u_output_slice/u_partial_sum_bank/mem_reg_27_i_1/O
                         net (fo=1, routed)           0.926     4.464    u_graph/u_compute/u_shared/u_output_slice/u_partial_sum_bank/mem_write_data[250]
    RAMB36_X1Y18         RAMB36E2                                     r  u_graph/u_compute/u_shared/u_output_slice/u_partial_sum_bank/mem_reg_27/DINADIN[7]
  -------------------------------------------------------------------    -------------------

                         (clock clk rise edge)        5.000     5.000 r  
                                                      0.000     5.000 r  clk (IN)
                         net (fo=9269, unset)         0.047     5.047    u_graph/u_compute/u_shared/u_output_slice/u_partial_sum_bank/clk
    RAMB36_X1Y18         RAMB36E2                                     r  u_graph/u_compute/u_shared/u_output_slice/u_partial_sum_bank/mem_reg_27/CLKARDCLK
                         clock pessimism              0.000     5.047    
                         clock uncertainty           -0.035     5.012    
    RAMB36_X1Y18         RAMB36E2 (Setup_RAMB36E2_RAMB36_CLKARDCLK_DINADIN[7])
                                                     -0.400     4.612    u_graph/u_compute/u_shared/u_output_slice/u_partial_sum_bank/mem_reg_27
  -------------------------------------------------------------------
                         required time                          4.612    
                         arrival time                          -4.464    
  -------------------------------------------------------------------
                         slack                                  0.148    

Slack (MET) :             0.156ns  (required time - arrival time)
  Source:                 fc_result_complete_n_base[3]
                            (input port clocked by clk  {rise@0.000ns fall@2.500ns period=5.000ns})
  Destination:            u_graph/u_compute/u_shared/u_output_slice/u_partial_sum_bank/words_accepted_reg[12]/R
                            (rising edge-triggered cell FDRE clocked by clk  {rise@0.000ns fall@2.500ns period=5.000ns})
  Path Group:             clk
  Path Type:              Setup (Max at Slow Process Corner)
  Requirement:            5.000ns  (clk rise@5.000ns - clk rise@0.000ns)
  Data Path Delay:        3.721ns  (logic 1.578ns (42.408%)  route 2.143ns (57.592%))
  Logic Levels:           11  (LUT5=1 LUT6=10)
  Input Delay:            1.000ns
  Clock Path Skew:        0.030ns (DCD - SCD + CPR)
    Destination Clock Delay (DCD):    0.030ns = ( 5.030 - 5.000 ) 
    Source Clock Delay      (SCD):    0.000ns
    Clock Pessimism Removal (CPR):    0.000ns
  Clock Uncertainty:      0.035ns  ((TSJ^2 + TIJ^2)^1/2 + DJ) / 2 + PE
    Total System Jitter     (TSJ):    0.071ns
    Total Input Jitter      (TIJ):    0.000ns
    Discrete Jitter          (DJ):    0.000ns
    Phase Error              (PE):    0.000ns

    Location             Delay type                Incr(ns)  Path(ns)    Netlist Resource(s)
  -------------------------------------------------------------------    -------------------
                         (clock clk rise edge)        0.000     0.000 r  
                         input delay                  1.000     1.000    
                                                      0.000     1.000 r  fc_result_complete_n_base[3] (IN)
                         net (fo=0)                   0.000     1.000    u_graph/u_compute/u_fc/u_controller/fc_result_complete_n_base[3]
    SLICE_X38Y56         LUT6 (Prop_C6LUT_SLICEM_I0_O)
                                                      0.220     1.220 r  u_graph/u_compute/u_fc/u_controller/fc_parameter_ready_INST_0_i_15/O
                         net (fo=1, routed)           0.073     1.293    u_graph/u_compute/u_fc/u_controller/fc_parameter_ready_INST_0_i_15_n_0
    SLICE_X38Y56         LUT6 (Prop_F6LUT_SLICEM_I0_O)
                                                      0.224     1.517 r  u_graph/u_compute/u_fc/u_controller/fc_parameter_ready_INST_0_i_13/O
                         net (fo=1, routed)           0.050     1.567    u_graph/u_compute/u_fc/u_controller/fc_parameter_ready_INST_0_i_13_n_0
    SLICE_X38Y56         LUT6 (Prop_G6LUT_SLICEM_I4_O)
                                                      0.082     1.649 r  u_graph/u_compute/u_fc/u_controller/fc_parameter_ready_INST_0_i_4/O
                         net (fo=2, routed)           0.119     1.768    u_graph/u_compute/u_fc/u_controller/result_ack_bad2__24
    SLICE_X38Y58         LUT6 (Prop_H6LUT_SLICEM_I2_O)
                                                      0.154     1.922 r  u_graph/u_compute/u_fc/u_controller/fc_parameter_ready_INST_0_i_1/O
                         net (fo=11, routed)          0.117     2.039    u_graph/u_compute/u_fc/u_controller/fc_result_complete_error_0
    SLICE_X40Y58         LUT6 (Prop_G6LUT_SLICEM_I0_O)
                                                      0.082     2.121 f  u_graph/u_compute/u_fc/u_controller/ingress_tile_index_q[15]_i_19/O
                         net (fo=5, routed)           0.128     2.249    u_graph/u_compute/u_shared/u_output_slice/u_partial_sum_bank/bus_shared_cfg_valid
    SLICE_X40Y57         LUT5 (Prop_A6LUT_SLICEM_I2_O)
                                                      0.226     2.475 r  u_graph/u_compute/u_shared/u_output_slice/u_partial_sum_bank/ingress_tile_index_q[15]_i_10/O
                         net (fo=1, routed)           0.104     2.579    u_graph/u_compute/u_shared/u_output_slice/u_partial_sum_bank/ingress_tile_index_q[15]_i_10_n_0
    SLICE_X40Y55         LUT6 (Prop_E6LUT_SLICEM_I3_O)
                                                      0.083     2.662 r  u_graph/u_compute/u_shared/u_output_slice/u_partial_sum_bank/ingress_tile_index_q[15]_i_3/O
                         net (fo=7, routed)           0.190     2.852    u_graph/u_compute/u_shared/u_output_slice/u_partial_sum_bank/p_19_in
    SLICE_X39Y51         LUT6 (Prop_D6LUT_SLICEL_I3_O)
                                                      0.081     2.933 f  u_graph/u_compute/u_shared/u_output_slice/u_partial_sum_bank/active_weight_context_tag_q[15]_i_6/O
                         net (fo=2, routed)           0.169     3.102    u_graph/u_compute/u_rs/u_datapath/u_dma_fed_datapath/u_datapath/u_core/u_weight_bank/chunk_frame_active_reg_1
    SLICE_X37Y51         LUT6 (Prop_G6LUT_SLICEM_I5_O)
                                                      0.137     3.239 r  u_graph/u_compute/u_rs/u_datapath/u_dma_fed_datapath/u_datapath/u_core/u_weight_bank/active_weight_context_tag_q[15]_i_1/O
                         net (fo=109, routed)         0.407     3.645    u_graph/u_compute/u_shared/u_output_slice/u_partial_sum_bank/rs_shared_chunk_valid
    SLICE_X41Y54         LUT6 (Prop_G6LUT_SLICEM_I1_O)
                                                      0.152     3.797 r  u_graph/u_compute/u_shared/u_output_slice/u_partial_sum_bank/resident_n_lane_mask[2]_i_4/O
                         net (fo=9, routed)           0.381     4.179    u_graph/u_compute/u_shared/u_output_slice/u_partial_sum_bank/bank_descriptor_valid
    SLICE_X44Y55         LUT6 (Prop_G6LUT_SLICEL_I0_O)
                                                      0.137     4.316 r  u_graph/u_compute/u_shared/u_output_slice/u_partial_sum_bank/words_accepted[12]_i_1/O
                         net (fo=13, routed)          0.405     4.721    u_graph/u_compute/u_shared/u_output_slice/u_partial_sum_bank/words_accepted[12]_i_1_n_0
    SLICE_X45Y53         FDRE                                         r  u_graph/u_compute/u_shared/u_output_slice/u_partial_sum_bank/words_accepted_reg[12]/R
  -------------------------------------------------------------------    -------------------

                         (clock clk rise edge)        5.000     5.000 r  
                                                      0.000     5.000 r  clk (IN)
                         net (fo=9269, unset)         0.030     5.030    u_graph/u_compute/u_shared/u_output_slice/u_partial_sum_bank/clk
    SLICE_X45Y53         FDRE                                         r  u_graph/u_compute/u_shared/u_output_slice/u_partial_sum_bank/words_accepted_reg[12]/C
                         clock pessimism              0.000     5.030    
                         clock uncertainty           -0.035     4.995    
    SLICE_X45Y53         FDRE (Setup_CFF2_SLICEM_C_R)
                                                     -0.118     4.877    u_graph/u_compute/u_shared/u_output_slice/u_partial_sum_bank/words_accepted_reg[12]
  -------------------------------------------------------------------
                         required time                          4.877    
                         arrival time                          -4.721    
  -------------------------------------------------------------------
                         slack                                  0.156    

Slack (MET) :             0.156ns  (required time - arrival time)
  Source:                 fc_result_complete_n_base[3]
                            (input port clocked by clk  {rise@0.000ns fall@2.500ns period=5.000ns})
  Destination:            u_graph/u_compute/u_shared/u_output_slice/u_partial_sum_bank/mem_reg_10/ENBWREN
                            (rising edge-triggered cell RAMB36E2 clocked by clk  {rise@0.000ns fall@2.500ns period=5.000ns})
  Path Group:             clk
  Path Type:              Setup (Max at Slow Process Corner)
  Requirement:            5.000ns  (clk rise@5.000ns - clk rise@0.000ns)
  Data Path Delay:        3.394ns  (logic 1.076ns (31.701%)  route 2.318ns (68.299%))
  Logic Levels:           11  (LUT3=2 LUT5=4 LUT6=5)
  Input Delay:            1.000ns
  Clock Path Skew:        0.048ns (DCD - SCD + CPR)
    Destination Clock Delay (DCD):    0.048ns = ( 5.048 - 5.000 ) 
    Source Clock Delay      (SCD):    0.000ns
    Clock Pessimism Removal (CPR):    0.000ns
  Clock Uncertainty:      0.035ns  ((TSJ^2 + TIJ^2)^1/2 + DJ) / 2 + PE
    Total System Jitter     (TSJ):    0.071ns
    Total Input Jitter      (TIJ):    0.000ns
    Discrete Jitter          (DJ):    0.000ns
    Phase Error              (PE):    0.000ns

    Location             Delay type                Incr(ns)  Path(ns)    Netlist Resource(s)
  -------------------------------------------------------------------    -------------------
                         (clock clk rise edge)        0.000     0.000 r  
                         input delay                  1.000     1.000    
                                                      0.000     1.000 r  fc_result_complete_n_base[3] (IN)
                         net (fo=0)                   0.000     1.000    u_graph/u_compute/u_fc/u_controller/fc_result_complete_n_base[3]
    SLICE_X38Y56         LUT6 (Prop_C6LUT_SLICEM_I0_O)
                                                      0.220     1.220 r  u_graph/u_compute/u_fc/u_controller/fc_parameter_ready_INST_0_i_15/O
                         net (fo=1, routed)           0.073     1.293    u_graph/u_compute/u_fc/u_controller/fc_parameter_ready_INST_0_i_15_n_0
    SLICE_X38Y56         LUT6 (Prop_F6LUT_SLICEM_I0_O)
                                                      0.224     1.517 r  u_graph/u_compute/u_fc/u_controller/fc_parameter_ready_INST_0_i_13/O
                         net (fo=1, routed)           0.050     1.567    u_graph/u_compute/u_fc/u_controller/fc_parameter_ready_INST_0_i_13_n_0
    SLICE_X38Y56         LUT6 (Prop_G6LUT_SLICEM_I4_O)
                                                      0.082     1.649 r  u_graph/u_compute/u_fc/u_controller/fc_parameter_ready_INST_0_i_4/O
                         net (fo=2, routed)           0.119     1.768    u_graph/u_compute/u_fc/u_controller/result_ack_bad2__24
    SLICE_X38Y58         LUT6 (Prop_H6LUT_SLICEM_I2_O)
                                                      0.154     1.922 r  u_graph/u_compute/u_fc/u_controller/fc_parameter_ready_INST_0_i_1/O
                         net (fo=11, routed)          0.113     2.035    u_graph/u_compute/u_fc/u_controller/fc_result_complete_error_0
    SLICE_X38Y60         LUT6 (Prop_B6LUT_SLICEM_I0_O)
                                                      0.057     2.092 f  u_graph/u_compute/u_fc/u_controller/cfg_n_base_q[12]_i_1/O
                         net (fo=24, routed)          0.063     2.155    u_graph/u_compute/u_shared/u_output_slice/u_partial_sum_bank/cfg_valid0
    SLICE_X38Y60         LUT5 (Prop_E6LUT_SLICEM_I4_O)
                                                      0.057     2.212 f  u_graph/u_compute/u_shared/u_output_slice/u_partial_sum_bank/valid_q[0]_i_2/O
                         net (fo=4, routed)           0.215     2.426    u_graph/u_compute/u_shared/u_output_slice/u_partial_sum_bank/cfg_fire
    SLICE_X41Y62         LUT3 (Prop_E6LUT_SLICEM_I1_O)
                                                      0.057     2.483 f  u_graph/u_compute/u_shared/u_output_slice/u_partial_sum_bank/egress_word_q[250]_i_2/O
                         net (fo=15, routed)          0.061     2.544    u_graph/u_compute/u_shared/u_output_slice/u_router/cfg_fire_0
    SLICE_X41Y62         LUT5 (Prop_C6LUT_SLICEM_I0_O)
                                                      0.056     2.600 r  u_graph/u_compute/u_shared/u_output_slice/u_router/valid_q[4]_i_1/O
                         net (fo=18, routed)          0.110     2.710    u_graph/u_compute/u_shared/u_output_slice/u_partial_sum_bank/advance
    SLICE_X42Y62         LUT5 (Prop_C6LUT_SLICEL_I2_O)
                                                      0.056     2.766 r  u_graph/u_compute/u_shared/u_output_slice/u_partial_sum_bank/emit_reads_issued_q[10]_i_2/O
                         net (fo=7, routed)           0.266     3.031    u_graph/u_compute/u_shared/u_output_slice/u_partial_sum_bank/emit_read_stage_ready__1
    SLICE_X44Y62         LUT5 (Prop_C6LUT_SLICEL_I4_O)
                                                      0.056     3.087 r  u_graph/u_compute/u_shared/u_output_slice/u_partial_sum_bank/mem_reg_0_i_38/O
                         net (fo=1, routed)           0.108     3.195    u_graph/u_compute/u_shared/u_output_slice/u_partial_sum_bank/issue_emit_read__1
    SLICE_X46Y61         LUT3 (Prop_G6LUT_SLICEL_I1_O)
                                                      0.057     3.252 r  u_graph/u_compute/u_shared/u_output_slice/u_partial_sum_bank/mem_reg_0_i_2/O
                         net (fo=28, routed)          1.142     4.394    u_graph/u_compute/u_shared/u_output_slice/u_partial_sum_bank/mem_reg_0_i_2_n_0
    RAMB36_X2Y7          RAMB36E2                                     r  u_graph/u_compute/u_shared/u_output_slice/u_partial_sum_bank/mem_reg_10/ENBWREN
  -------------------------------------------------------------------    -------------------

                         (clock clk rise edge)        5.000     5.000 r  
                                                      0.000     5.000 r  clk (IN)
                         net (fo=9269, unset)         0.048     5.048    u_graph/u_compute/u_shared/u_output_slice/u_partial_sum_bank/clk
    RAMB36_X2Y7          RAMB36E2                                     r  u_graph/u_compute/u_shared/u_output_slice/u_partial_sum_bank/mem_reg_10/CLKBWRCLK
                         clock pessimism              0.000     5.048    
                         clock uncertainty           -0.035     5.013    
    RAMB36_X2Y7          RAMB36E2 (Setup_RAMB36E2_RAMB36_CLKBWRCLK_ENBWREN)
                                                     -0.462     4.551    u_graph/u_compute/u_shared/u_output_slice/u_partial_sum_bank/mem_reg_10
  -------------------------------------------------------------------
                         required time                          4.551    
                         arrival time                          -4.394    
  -------------------------------------------------------------------
                         slack                                  0.156    

Slack (MET) :             0.159ns  (required time - arrival time)
  Source:                 fc_result_complete_n_base[3]
                            (input port clocked by clk  {rise@0.000ns fall@2.500ns period=5.000ns})
  Destination:            u_graph/u_compute/u_shared/u_output_slice/u_partial_sum_bank/words_accepted_reg[11]/R
                            (rising edge-triggered cell FDRE clocked by clk  {rise@0.000ns fall@2.500ns period=5.000ns})
  Path Group:             clk
  Path Type:              Setup (Max at Slow Process Corner)
  Requirement:            5.000ns  (clk rise@5.000ns - clk rise@0.000ns)
  Data Path Delay:        3.718ns  (logic 1.578ns (42.442%)  route 2.140ns (57.558%))
  Logic Levels:           11  (LUT5=1 LUT6=10)
  Input Delay:            1.000ns
  Clock Path Skew:        0.031ns (DCD - SCD + CPR)
    Destination Clock Delay (DCD):    0.031ns = ( 5.031 - 5.000 ) 
    Source Clock Delay      (SCD):    0.000ns
    Clock Pessimism Removal (CPR):    0.000ns
  Clock Uncertainty:      0.035ns  ((TSJ^2 + TIJ^2)^1/2 + DJ) / 2 + PE
    Total System Jitter     (TSJ):    0.071ns
    Total Input Jitter      (TIJ):    0.000ns
    Discrete Jitter          (DJ):    0.000ns
    Phase Error              (PE):    0.000ns

    Location             Delay type                Incr(ns)  Path(ns)    Netlist Resource(s)
  -------------------------------------------------------------------    -------------------
                         (clock clk rise edge)        0.000     0.000 r  
                         input delay                  1.000     1.000    
                                                      0.000     1.000 r  fc_result_complete_n_base[3] (IN)
                         net (fo=0)                   0.000     1.000    u_graph/u_compute/u_fc/u_controller/fc_result_complete_n_base[3]
    SLICE_X38Y56         LUT6 (Prop_C6LUT_SLICEM_I0_O)
                                                      0.220     1.220 r  u_graph/u_compute/u_fc/u_controller/fc_parameter_ready_INST_0_i_15/O
                         net (fo=1, routed)           0.073     1.293    u_graph/u_compute/u_fc/u_controller/fc_parameter_ready_INST_0_i_15_n_0
    SLICE_X38Y56         LUT6 (Prop_F6LUT_SLICEM_I0_O)
                                                      0.224     1.517 r  u_graph/u_compute/u_fc/u_controller/fc_parameter_ready_INST_0_i_13/O
                         net (fo=1, routed)           0.050     1.567    u_graph/u_compute/u_fc/u_controller/fc_parameter_ready_INST_0_i_13_n_0
    SLICE_X38Y56         LUT6 (Prop_G6LUT_SLICEM_I4_O)
                                                      0.082     1.649 r  u_graph/u_compute/u_fc/u_controller/fc_parameter_ready_INST_0_i_4/O
                         net (fo=2, routed)           0.119     1.768    u_graph/u_compute/u_fc/u_controller/result_ack_bad2__24
    SLICE_X38Y58         LUT6 (Prop_H6LUT_SLICEM_I2_O)
                                                      0.154     1.922 r  u_graph/u_compute/u_fc/u_controller/fc_parameter_ready_INST_0_i_1/O
                         net (fo=11, routed)          0.117     2.039    u_graph/u_compute/u_fc/u_controller/fc_result_complete_error_0
    SLICE_X40Y58         LUT6 (Prop_G6LUT_SLICEM_I0_O)
                                                      0.082     2.121 f  u_graph/u_compute/u_fc/u_controller/ingress_tile_index_q[15]_i_19/O
                         net (fo=5, routed)           0.128     2.249    u_graph/u_compute/u_shared/u_output_slice/u_partial_sum_bank/bus_shared_cfg_valid
    SLICE_X40Y57         LUT5 (Prop_A6LUT_SLICEM_I2_O)
                                                      0.226     2.475 r  u_graph/u_compute/u_shared/u_output_slice/u_partial_sum_bank/ingress_tile_index_q[15]_i_10/O
                         net (fo=1, routed)           0.104     2.579    u_graph/u_compute/u_shared/u_output_slice/u_partial_sum_bank/ingress_tile_index_q[15]_i_10_n_0
    SLICE_X40Y55         LUT6 (Prop_E6LUT_SLICEM_I3_O)
                                                      0.083     2.662 r  u_graph/u_compute/u_shared/u_output_slice/u_partial_sum_bank/ingress_tile_index_q[15]_i_3/O
                         net (fo=7, routed)           0.190     2.852    u_graph/u_compute/u_shared/u_output_slice/u_partial_sum_bank/p_19_in
    SLICE_X39Y51         LUT6 (Prop_D6LUT_SLICEL_I3_O)
                                                      0.081     2.933 f  u_graph/u_compute/u_shared/u_output_slice/u_partial_sum_bank/active_weight_context_tag_q[15]_i_6/O
                         net (fo=2, routed)           0.169     3.102    u_graph/u_compute/u_rs/u_datapath/u_dma_fed_datapath/u_datapath/u_core/u_weight_bank/chunk_frame_active_reg_1
    SLICE_X37Y51         LUT6 (Prop_G6LUT_SLICEM_I5_O)
                                                      0.137     3.239 r  u_graph/u_compute/u_rs/u_datapath/u_dma_fed_datapath/u_datapath/u_core/u_weight_bank/active_weight_context_tag_q[15]_i_1/O
                         net (fo=109, routed)         0.407     3.645    u_graph/u_compute/u_shared/u_output_slice/u_partial_sum_bank/rs_shared_chunk_valid
    SLICE_X41Y54         LUT6 (Prop_G6LUT_SLICEM_I1_O)
                                                      0.152     3.797 r  u_graph/u_compute/u_shared/u_output_slice/u_partial_sum_bank/resident_n_lane_mask[2]_i_4/O
                         net (fo=9, routed)           0.381     4.179    u_graph/u_compute/u_shared/u_output_slice/u_partial_sum_bank/bank_descriptor_valid
    SLICE_X44Y55         LUT6 (Prop_G6LUT_SLICEL_I0_O)
                                                      0.137     4.316 r  u_graph/u_compute/u_shared/u_output_slice/u_partial_sum_bank/words_accepted[12]_i_1/O
                         net (fo=13, routed)          0.402     4.718    u_graph/u_compute/u_shared/u_output_slice/u_partial_sum_bank/words_accepted[12]_i_1_n_0
    SLICE_X45Y53         FDRE                                         r  u_graph/u_compute/u_shared/u_output_slice/u_partial_sum_bank/words_accepted_reg[11]/R
  -------------------------------------------------------------------    -------------------

                         (clock clk rise edge)        5.000     5.000 r  
                                                      0.000     5.000 r  clk (IN)
                         net (fo=9269, unset)         0.031     5.031    u_graph/u_compute/u_shared/u_output_slice/u_partial_sum_bank/clk
    SLICE_X45Y53         FDRE                                         r  u_graph/u_compute/u_shared/u_output_slice/u_partial_sum_bank/words_accepted_reg[11]/C
                         clock pessimism              0.000     5.031    
                         clock uncertainty           -0.035     4.996    
    SLICE_X45Y53         FDRE (Setup_HFF2_SLICEM_C_R)
                                                     -0.119     4.877    u_graph/u_compute/u_shared/u_output_slice/u_partial_sum_bank/words_accepted_reg[11]
  -------------------------------------------------------------------
                         required time                          4.877    
                         arrival time                          -4.718    
  -------------------------------------------------------------------
                         slack                                  0.159    

Slack (MET) :             0.161ns  (required time - arrival time)
  Source:                 fc_result_complete_n_base[3]
                            (input port clocked by clk  {rise@0.000ns fall@2.500ns period=5.000ns})
  Destination:            u_graph/u_compute/u_shared/u_output_slice/u_partial_sum_bank/mem_reg_26/ADDRBWRADDR[5]
                            (rising edge-triggered cell RAMB36E2 clocked by clk  {rise@0.000ns fall@2.500ns period=5.000ns})
  Path Group:             clk
  Path Type:              Setup (Max at Slow Process Corner)
  Requirement:            5.000ns  (clk rise@5.000ns - clk rise@0.000ns)
  Data Path Delay:        3.339ns  (logic 1.100ns (32.941%)  route 2.239ns (67.059%))
  Logic Levels:           11  (LUT3=1 LUT4=1 LUT5=3 LUT6=6)
  Input Delay:            1.000ns
  Clock Path Skew:        0.048ns (DCD - SCD + CPR)
    Destination Clock Delay (DCD):    0.048ns = ( 5.048 - 5.000 ) 
    Source Clock Delay      (SCD):    0.000ns
    Clock Pessimism Removal (CPR):    0.000ns
  Clock Uncertainty:      0.035ns  ((TSJ^2 + TIJ^2)^1/2 + DJ) / 2 + PE
    Total System Jitter     (TSJ):    0.071ns
    Total Input Jitter      (TIJ):    0.000ns
    Discrete Jitter          (DJ):    0.000ns
    Phase Error              (PE):    0.000ns

    Location             Delay type                Incr(ns)  Path(ns)    Netlist Resource(s)
  -------------------------------------------------------------------    -------------------
                         (clock clk rise edge)        0.000     0.000 r  
                         input delay                  1.000     1.000    
                                                      0.000     1.000 r  fc_result_complete_n_base[3] (IN)
                         net (fo=0)                   0.000     1.000    u_graph/u_compute/u_fc/u_controller/fc_result_complete_n_base[3]
    SLICE_X38Y56         LUT6 (Prop_C6LUT_SLICEM_I0_O)
                                                      0.220     1.220 r  u_graph/u_compute/u_fc/u_controller/fc_parameter_ready_INST_0_i_15/O
                         net (fo=1, routed)           0.073     1.293    u_graph/u_compute/u_fc/u_controller/fc_parameter_ready_INST_0_i_15_n_0
    SLICE_X38Y56         LUT6 (Prop_F6LUT_SLICEM_I0_O)
                                                      0.224     1.517 r  u_graph/u_compute/u_fc/u_controller/fc_parameter_ready_INST_0_i_13/O
                         net (fo=1, routed)           0.050     1.567    u_graph/u_compute/u_fc/u_controller/fc_parameter_ready_INST_0_i_13_n_0
    SLICE_X38Y56         LUT6 (Prop_G6LUT_SLICEM_I4_O)
                                                      0.082     1.649 r  u_graph/u_compute/u_fc/u_controller/fc_parameter_ready_INST_0_i_4/O
                         net (fo=2, routed)           0.119     1.768    u_graph/u_compute/u_fc/u_controller/result_ack_bad2__24
    SLICE_X38Y58         LUT6 (Prop_H6LUT_SLICEM_I2_O)
                                                      0.154     1.922 r  u_graph/u_compute/u_fc/u_controller/fc_parameter_ready_INST_0_i_1/O
                         net (fo=11, routed)          0.113     2.035    u_graph/u_compute/u_fc/u_controller/fc_result_complete_error_0
    SLICE_X38Y60         LUT6 (Prop_B6LUT_SLICEM_I0_O)
                                                      0.057     2.092 f  u_graph/u_compute/u_fc/u_controller/cfg_n_base_q[12]_i_1/O
                         net (fo=24, routed)          0.063     2.155    u_graph/u_compute/u_shared/u_output_slice/u_partial_sum_bank/cfg_valid0
    SLICE_X38Y60         LUT5 (Prop_E6LUT_SLICEM_I4_O)
                                                      0.057     2.212 f  u_graph/u_compute/u_shared/u_output_slice/u_partial_sum_bank/valid_q[0]_i_2/O
                         net (fo=4, routed)           0.215     2.426    u_graph/u_compute/u_shared/u_output_slice/u_partial_sum_bank/cfg_fire
    SLICE_X41Y62         LUT3 (Prop_E6LUT_SLICEM_I1_O)
                                                      0.057     2.483 f  u_graph/u_compute/u_shared/u_output_slice/u_partial_sum_bank/egress_word_q[250]_i_2/O
                         net (fo=15, routed)          0.061     2.544    u_graph/u_compute/u_shared/u_output_slice/u_router/cfg_fire_0
    SLICE_X41Y62         LUT5 (Prop_C6LUT_SLICEM_I0_O)
                                                      0.056     2.600 r  u_graph/u_compute/u_shared/u_output_slice/u_router/valid_q[4]_i_1/O
                         net (fo=18, routed)          0.110     2.710    u_graph/u_compute/u_shared/u_output_slice/u_partial_sum_bank/advance
    SLICE_X42Y62         LUT5 (Prop_C6LUT_SLICEL_I2_O)
                                                      0.056     2.766 r  u_graph/u_compute/u_shared/u_output_slice/u_partial_sum_bank/emit_reads_issued_q[10]_i_2/O
                         net (fo=7, routed)           0.344     3.110    u_graph/u_compute/u_shared/u_output_slice/u_partial_sum_bank/emit_read_stage_ready__1
    SLICE_X46Y62         LUT6 (Prop_C6LUT_SLICEL_I0_O)
                                                      0.081     3.191 r  u_graph/u_compute/u_shared/u_output_slice/u_partial_sum_bank/mem_reg_0_i_41/O
                         net (fo=12, routed)          0.221     3.412    u_graph/u_compute/u_shared/u_output_slice/u_partial_sum_bank/mem_reg_0_i_41_n_0
    SLICE_X48Y62         LUT4 (Prop_C6LUT_SLICEL_I1_O)
                                                      0.056     3.468 r  u_graph/u_compute/u_shared/u_output_slice/u_partial_sum_bank/mem_reg_0_i_24/O
                         net (fo=28, routed)          0.871     4.339    u_graph/u_compute/u_shared/u_output_slice/u_partial_sum_bank/mem_read_addr[2]
    RAMB36_X2Y8          RAMB36E2                                     r  u_graph/u_compute/u_shared/u_output_slice/u_partial_sum_bank/mem_reg_26/ADDRBWRADDR[5]
  -------------------------------------------------------------------    -------------------

                         (clock clk rise edge)        5.000     5.000 r  
                                                      0.000     5.000 r  clk (IN)
                         net (fo=9269, unset)         0.048     5.048    u_graph/u_compute/u_shared/u_output_slice/u_partial_sum_bank/clk
    RAMB36_X2Y8          RAMB36E2                                     r  u_graph/u_compute/u_shared/u_output_slice/u_partial_sum_bank/mem_reg_26/CLKBWRCLK
                         clock pessimism              0.000     5.048    
                         clock uncertainty           -0.035     5.013    
    RAMB36_X2Y8          RAMB36E2 (Setup_RAMB36E2_RAMB36_CLKBWRCLK_ADDRBWRADDR[5])
                                                     -0.512     4.501    u_graph/u_compute/u_shared/u_output_slice/u_partial_sum_bank/mem_reg_26
  -------------------------------------------------------------------
                         required time                          4.501    
                         arrival time                          -4.339    
  -------------------------------------------------------------------
                         slack                                  0.161    

Slack (MET) :             0.174ns  (required time - arrival time)
  Source:                 fc_result_complete_n_base[3]
                            (input port clocked by clk  {rise@0.000ns fall@2.500ns period=5.000ns})
  Destination:            u_graph/u_compute/u_shared/u_output_slice/u_partial_sum_bank/words_accepted_reg[4]/R
                            (rising edge-triggered cell FDRE clocked by clk  {rise@0.000ns fall@2.500ns period=5.000ns})
  Path Group:             clk
  Path Type:              Setup (Max at Slow Process Corner)
  Requirement:            5.000ns  (clk rise@5.000ns - clk rise@0.000ns)
  Data Path Delay:        3.701ns  (logic 1.578ns (42.637%)  route 2.123ns (57.363%))
  Logic Levels:           11  (LUT5=1 LUT6=10)
  Input Delay:            1.000ns
  Clock Path Skew:        0.029ns (DCD - SCD + CPR)
    Destination Clock Delay (DCD):    0.029ns = ( 5.029 - 5.000 ) 
    Source Clock Delay      (SCD):    0.000ns
    Clock Pessimism Removal (CPR):    0.000ns
  Clock Uncertainty:      0.035ns  ((TSJ^2 + TIJ^2)^1/2 + DJ) / 2 + PE
    Total System Jitter     (TSJ):    0.071ns
    Total Input Jitter      (TIJ):    0.000ns
    Discrete Jitter          (DJ):    0.000ns
    Phase Error              (PE):    0.000ns

    Location             Delay type                Incr(ns)  Path(ns)    Netlist Resource(s)
  -------------------------------------------------------------------    -------------------
                         (clock clk rise edge)        0.000     0.000 r  
                         input delay                  1.000     1.000    
                                                      0.000     1.000 r  fc_result_complete_n_base[3] (IN)
                         net (fo=0)                   0.000     1.000    u_graph/u_compute/u_fc/u_controller/fc_result_complete_n_base[3]
    SLICE_X38Y56         LUT6 (Prop_C6LUT_SLICEM_I0_O)
                                                      0.220     1.220 r  u_graph/u_compute/u_fc/u_controller/fc_parameter_ready_INST_0_i_15/O
                         net (fo=1, routed)           0.073     1.293    u_graph/u_compute/u_fc/u_controller/fc_parameter_ready_INST_0_i_15_n_0
    SLICE_X38Y56         LUT6 (Prop_F6LUT_SLICEM_I0_O)
                                                      0.224     1.517 r  u_graph/u_compute/u_fc/u_controller/fc_parameter_ready_INST_0_i_13/O
                         net (fo=1, routed)           0.050     1.567    u_graph/u_compute/u_fc/u_controller/fc_parameter_ready_INST_0_i_13_n_0
    SLICE_X38Y56         LUT6 (Prop_G6LUT_SLICEM_I4_O)
                                                      0.082     1.649 r  u_graph/u_compute/u_fc/u_controller/fc_parameter_ready_INST_0_i_4/O
                         net (fo=2, routed)           0.119     1.768    u_graph/u_compute/u_fc/u_controller/result_ack_bad2__24
    SLICE_X38Y58         LUT6 (Prop_H6LUT_SLICEM_I2_O)
                                                      0.154     1.922 r  u_graph/u_compute/u_fc/u_controller/fc_parameter_ready_INST_0_i_1/O
                         net (fo=11, routed)          0.117     2.039    u_graph/u_compute/u_fc/u_controller/fc_result_complete_error_0
    SLICE_X40Y58         LUT6 (Prop_G6LUT_SLICEM_I0_O)
                                                      0.082     2.121 f  u_graph/u_compute/u_fc/u_controller/ingress_tile_index_q[15]_i_19/O
                         net (fo=5, routed)           0.128     2.249    u_graph/u_compute/u_shared/u_output_slice/u_partial_sum_bank/bus_shared_cfg_valid
    SLICE_X40Y57         LUT5 (Prop_A6LUT_SLICEM_I2_O)
                                                      0.226     2.475 r  u_graph/u_compute/u_shared/u_output_slice/u_partial_sum_bank/ingress_tile_index_q[15]_i_10/O
                         net (fo=1, routed)           0.104     2.579    u_graph/u_compute/u_shared/u_output_slice/u_partial_sum_bank/ingress_tile_index_q[15]_i_10_n_0
    SLICE_X40Y55         LUT6 (Prop_E6LUT_SLICEM_I3_O)
                                                      0.083     2.662 r  u_graph/u_compute/u_shared/u_output_slice/u_partial_sum_bank/ingress_tile_index_q[15]_i_3/O
                         net (fo=7, routed)           0.190     2.852    u_graph/u_compute/u_shared/u_output_slice/u_partial_sum_bank/p_19_in
    SLICE_X39Y51         LUT6 (Prop_D6LUT_SLICEL_I3_O)
                                                      0.081     2.933 f  u_graph/u_compute/u_shared/u_output_slice/u_partial_sum_bank/active_weight_context_tag_q[15]_i_6/O
                         net (fo=2, routed)           0.169     3.102    u_graph/u_compute/u_rs/u_datapath/u_dma_fed_datapath/u_datapath/u_core/u_weight_bank/chunk_frame_active_reg_1
    SLICE_X37Y51         LUT6 (Prop_G6LUT_SLICEM_I5_O)
                                                      0.137     3.239 r  u_graph/u_compute/u_rs/u_datapath/u_dma_fed_datapath/u_datapath/u_core/u_weight_bank/active_weight_context_tag_q[15]_i_1/O
                         net (fo=109, routed)         0.407     3.645    u_graph/u_compute/u_shared/u_output_slice/u_partial_sum_bank/rs_shared_chunk_valid
    SLICE_X41Y54         LUT6 (Prop_G6LUT_SLICEM_I1_O)
                                                      0.152     3.797 r  u_graph/u_compute/u_shared/u_output_slice/u_partial_sum_bank/resident_n_lane_mask[2]_i_4/O
                         net (fo=9, routed)           0.381     4.179    u_graph/u_compute/u_shared/u_output_slice/u_partial_sum_bank/bank_descriptor_valid
    SLICE_X44Y55         LUT6 (Prop_G6LUT_SLICEL_I0_O)
                                                      0.137     4.316 r  u_graph/u_compute/u_shared/u_output_slice/u_partial_sum_bank/words_accepted[12]_i_1/O
                         net (fo=13, routed)          0.385     4.701    u_graph/u_compute/u_shared/u_output_slice/u_partial_sum_bank/words_accepted[12]_i_1_n_0
    SLICE_X46Y54         FDRE                                         r  u_graph/u_compute/u_shared/u_output_slice/u_partial_sum_bank/words_accepted_reg[4]/R
  -------------------------------------------------------------------    -------------------

                         (clock clk rise edge)        5.000     5.000 r  
                                                      0.000     5.000 r  clk (IN)
                         net (fo=9269, unset)         0.029     5.029    u_graph/u_compute/u_shared/u_output_slice/u_partial_sum_bank/clk
    SLICE_X46Y54         FDRE                                         r  u_graph/u_compute/u_shared/u_output_slice/u_partial_sum_bank/words_accepted_reg[4]/C
                         clock pessimism              0.000     5.029    
                         clock uncertainty           -0.035     4.994    
    SLICE_X46Y54         FDRE (Setup_EFF_SLICEL_C_R)
                                                     -0.119     4.875    u_graph/u_compute/u_shared/u_output_slice/u_partial_sum_bank/words_accepted_reg[4]
  -------------------------------------------------------------------
                         required time                          4.875    
                         arrival time                          -4.701    
  -------------------------------------------------------------------
                         slack                                  0.174    

Slack (MET) :             0.174ns  (required time - arrival time)
  Source:                 fc_result_complete_n_base[3]
                            (input port clocked by clk  {rise@0.000ns fall@2.500ns period=5.000ns})
  Destination:            u_graph/u_compute/u_shared/u_output_slice/u_partial_sum_bank/words_accepted_reg[6]/R
                            (rising edge-triggered cell FDRE clocked by clk  {rise@0.000ns fall@2.500ns period=5.000ns})
  Path Group:             clk
  Path Type:              Setup (Max at Slow Process Corner)
  Requirement:            5.000ns  (clk rise@5.000ns - clk rise@0.000ns)
  Data Path Delay:        3.701ns  (logic 1.578ns (42.637%)  route 2.123ns (57.363%))
  Logic Levels:           11  (LUT5=1 LUT6=10)
  Input Delay:            1.000ns
  Clock Path Skew:        0.029ns (DCD - SCD + CPR)
    Destination Clock Delay (DCD):    0.029ns = ( 5.029 - 5.000 ) 
    Source Clock Delay      (SCD):    0.000ns
    Clock Pessimism Removal (CPR):    0.000ns
  Clock Uncertainty:      0.035ns  ((TSJ^2 + TIJ^2)^1/2 + DJ) / 2 + PE
    Total System Jitter     (TSJ):    0.071ns
    Total Input Jitter      (TIJ):    0.000ns
    Discrete Jitter          (DJ):    0.000ns
    Phase Error              (PE):    0.000ns

    Location             Delay type                Incr(ns)  Path(ns)    Netlist Resource(s)
  -------------------------------------------------------------------    -------------------
                         (clock clk rise edge)        0.000     0.000 r  
                         input delay                  1.000     1.000    
                                                      0.000     1.000 r  fc_result_complete_n_base[3] (IN)
                         net (fo=0)                   0.000     1.000    u_graph/u_compute/u_fc/u_controller/fc_result_complete_n_base[3]
    SLICE_X38Y56         LUT6 (Prop_C6LUT_SLICEM_I0_O)
                                                      0.220     1.220 r  u_graph/u_compute/u_fc/u_controller/fc_parameter_ready_INST_0_i_15/O
                         net (fo=1, routed)           0.073     1.293    u_graph/u_compute/u_fc/u_controller/fc_parameter_ready_INST_0_i_15_n_0
    SLICE_X38Y56         LUT6 (Prop_F6LUT_SLICEM_I0_O)
                                                      0.224     1.517 r  u_graph/u_compute/u_fc/u_controller/fc_parameter_ready_INST_0_i_13/O
                         net (fo=1, routed)           0.050     1.567    u_graph/u_compute/u_fc/u_controller/fc_parameter_ready_INST_0_i_13_n_0
    SLICE_X38Y56         LUT6 (Prop_G6LUT_SLICEM_I4_O)
                                                      0.082     1.649 r  u_graph/u_compute/u_fc/u_controller/fc_parameter_ready_INST_0_i_4/O
                         net (fo=2, routed)           0.119     1.768    u_graph/u_compute/u_fc/u_controller/result_ack_bad2__24
    SLICE_X38Y58         LUT6 (Prop_H6LUT_SLICEM_I2_O)
                                                      0.154     1.922 r  u_graph/u_compute/u_fc/u_controller/fc_parameter_ready_INST_0_i_1/O
                         net (fo=11, routed)          0.117     2.039    u_graph/u_compute/u_fc/u_controller/fc_result_complete_error_0
    SLICE_X40Y58         LUT6 (Prop_G6LUT_SLICEM_I0_O)
                                                      0.082     2.121 f  u_graph/u_compute/u_fc/u_controller/ingress_tile_index_q[15]_i_19/O
                         net (fo=5, routed)           0.128     2.249    u_graph/u_compute/u_shared/u_output_slice/u_partial_sum_bank/bus_shared_cfg_valid
    SLICE_X40Y57         LUT5 (Prop_A6LUT_SLICEM_I2_O)
                                                      0.226     2.475 r  u_graph/u_compute/u_shared/u_output_slice/u_partial_sum_bank/ingress_tile_index_q[15]_i_10/O
                         net (fo=1, routed)           0.104     2.579    u_graph/u_compute/u_shared/u_output_slice/u_partial_sum_bank/ingress_tile_index_q[15]_i_10_n_0
    SLICE_X40Y55         LUT6 (Prop_E6LUT_SLICEM_I3_O)
                                                      0.083     2.662 r  u_graph/u_compute/u_shared/u_output_slice/u_partial_sum_bank/ingress_tile_index_q[15]_i_3/O
                         net (fo=7, routed)           0.190     2.852    u_graph/u_compute/u_shared/u_output_slice/u_partial_sum_bank/p_19_in
    SLICE_X39Y51         LUT6 (Prop_D6LUT_SLICEL_I3_O)
                                                      0.081     2.933 f  u_graph/u_compute/u_shared/u_output_slice/u_partial_sum_bank/active_weight_context_tag_q[15]_i_6/O
                         net (fo=2, routed)           0.169     3.102    u_graph/u_compute/u_rs/u_datapath/u_dma_fed_datapath/u_datapath/u_core/u_weight_bank/chunk_frame_active_reg_1
    SLICE_X37Y51         LUT6 (Prop_G6LUT_SLICEM_I5_O)
                                                      0.137     3.239 r  u_graph/u_compute/u_rs/u_datapath/u_dma_fed_datapath/u_datapath/u_core/u_weight_bank/active_weight_context_tag_q[15]_i_1/O
                         net (fo=109, routed)         0.407     3.645    u_graph/u_compute/u_shared/u_output_slice/u_partial_sum_bank/rs_shared_chunk_valid
    SLICE_X41Y54         LUT6 (Prop_G6LUT_SLICEM_I1_O)
                                                      0.152     3.797 r  u_graph/u_compute/u_shared/u_output_slice/u_partial_sum_bank/resident_n_lane_mask[2]_i_4/O
                         net (fo=9, routed)           0.381     4.179    u_graph/u_compute/u_shared/u_output_slice/u_partial_sum_bank/bank_descriptor_valid
    SLICE_X44Y55         LUT6 (Prop_G6LUT_SLICEL_I0_O)
                                                      0.137     4.316 r  u_graph/u_compute/u_shared/u_output_slice/u_partial_sum_bank/words_accepted[12]_i_1/O
                         net (fo=13, routed)          0.385     4.701    u_graph/u_compute/u_shared/u_output_slice/u_partial_sum_bank/words_accepted[12]_i_1_n_0
    SLICE_X46Y54         FDRE                                         r  u_graph/u_compute/u_shared/u_output_slice/u_partial_sum_bank/words_accepted_reg[6]/R
  -------------------------------------------------------------------    -------------------

                         (clock clk rise edge)        5.000     5.000 r  
                                                      0.000     5.000 r  clk (IN)
                         net (fo=9269, unset)         0.029     5.029    u_graph/u_compute/u_shared/u_output_slice/u_partial_sum_bank/clk
    SLICE_X46Y54         FDRE                                         r  u_graph/u_compute/u_shared/u_output_slice/u_partial_sum_bank/words_accepted_reg[6]/C
                         clock pessimism              0.000     5.029    
                         clock uncertainty           -0.035     4.994    
    SLICE_X46Y54         FDRE (Setup_HFF2_SLICEL_C_R)
                                                     -0.119     4.875    u_graph/u_compute/u_shared/u_output_slice/u_partial_sum_bank/words_accepted_reg[6]
  -------------------------------------------------------------------
                         required time                          4.875    
                         arrival time                          -4.701    
  -------------------------------------------------------------------
                         slack                                  0.174    

Slack (MET) :             0.174ns  (required time - arrival time)
  Source:                 fc_result_complete_n_base[3]
                            (input port clocked by clk  {rise@0.000ns fall@2.500ns period=5.000ns})
  Destination:            u_graph/u_compute/u_shared/u_output_slice/u_partial_sum_bank/words_accepted_reg[7]/R
                            (rising edge-triggered cell FDRE clocked by clk  {rise@0.000ns fall@2.500ns period=5.000ns})
  Path Group:             clk
  Path Type:              Setup (Max at Slow Process Corner)
  Requirement:            5.000ns  (clk rise@5.000ns - clk rise@0.000ns)
  Data Path Delay:        3.701ns  (logic 1.578ns (42.637%)  route 2.123ns (57.363%))
  Logic Levels:           11  (LUT5=1 LUT6=10)
  Input Delay:            1.000ns
  Clock Path Skew:        0.029ns (DCD - SCD + CPR)
    Destination Clock Delay (DCD):    0.029ns = ( 5.029 - 5.000 ) 
    Source Clock Delay      (SCD):    0.000ns
    Clock Pessimism Removal (CPR):    0.000ns
  Clock Uncertainty:      0.035ns  ((TSJ^2 + TIJ^2)^1/2 + DJ) / 2 + PE
    Total System Jitter     (TSJ):    0.071ns
    Total Input Jitter      (TIJ):    0.000ns
    Discrete Jitter          (DJ):    0.000ns
    Phase Error              (PE):    0.000ns

    Location             Delay type                Incr(ns)  Path(ns)    Netlist Resource(s)
  -------------------------------------------------------------------    -------------------
                         (clock clk rise edge)        0.000     0.000 r  
                         input delay                  1.000     1.000    
                                                      0.000     1.000 r  fc_result_complete_n_base[3] (IN)
                         net (fo=0)                   0.000     1.000    u_graph/u_compute/u_fc/u_controller/fc_result_complete_n_base[3]
    SLICE_X38Y56         LUT6 (Prop_C6LUT_SLICEM_I0_O)
                                                      0.220     1.220 r  u_graph/u_compute/u_fc/u_controller/fc_parameter_ready_INST_0_i_15/O
                         net (fo=1, routed)           0.073     1.293    u_graph/u_compute/u_fc/u_controller/fc_parameter_ready_INST_0_i_15_n_0
    SLICE_X38Y56         LUT6 (Prop_F6LUT_SLICEM_I0_O)
                                                      0.224     1.517 r  u_graph/u_compute/u_fc/u_controller/fc_parameter_ready_INST_0_i_13/O
                         net (fo=1, routed)           0.050     1.567    u_graph/u_compute/u_fc/u_controller/fc_parameter_ready_INST_0_i_13_n_0
    SLICE_X38Y56         LUT6 (Prop_G6LUT_SLICEM_I4_O)
                                                      0.082     1.649 r  u_graph/u_compute/u_fc/u_controller/fc_parameter_ready_INST_0_i_4/O
                         net (fo=2, routed)           0.119     1.768    u_graph/u_compute/u_fc/u_controller/result_ack_bad2__24
    SLICE_X38Y58         LUT6 (Prop_H6LUT_SLICEM_I2_O)
                                                      0.154     1.922 r  u_graph/u_compute/u_fc/u_controller/fc_parameter_ready_INST_0_i_1/O
                         net (fo=11, routed)          0.117     2.039    u_graph/u_compute/u_fc/u_controller/fc_result_complete_error_0
    SLICE_X40Y58         LUT6 (Prop_G6LUT_SLICEM_I0_O)
                                                      0.082     2.121 f  u_graph/u_compute/u_fc/u_controller/ingress_tile_index_q[15]_i_19/O
                         net (fo=5, routed)           0.128     2.249    u_graph/u_compute/u_shared/u_output_slice/u_partial_sum_bank/bus_shared_cfg_valid
    SLICE_X40Y57         LUT5 (Prop_A6LUT_SLICEM_I2_O)
                                                      0.226     2.475 r  u_graph/u_compute/u_shared/u_output_slice/u_partial_sum_bank/ingress_tile_index_q[15]_i_10/O
                         net (fo=1, routed)           0.104     2.579    u_graph/u_compute/u_shared/u_output_slice/u_partial_sum_bank/ingress_tile_index_q[15]_i_10_n_0
    SLICE_X40Y55         LUT6 (Prop_E6LUT_SLICEM_I3_O)
                                                      0.083     2.662 r  u_graph/u_compute/u_shared/u_output_slice/u_partial_sum_bank/ingress_tile_index_q[15]_i_3/O
                         net (fo=7, routed)           0.190     2.852    u_graph/u_compute/u_shared/u_output_slice/u_partial_sum_bank/p_19_in
    SLICE_X39Y51         LUT6 (Prop_D6LUT_SLICEL_I3_O)
                                                      0.081     2.933 f  u_graph/u_compute/u_shared/u_output_slice/u_partial_sum_bank/active_weight_context_tag_q[15]_i_6/O
                         net (fo=2, routed)           0.169     3.102    u_graph/u_compute/u_rs/u_datapath/u_dma_fed_datapath/u_datapath/u_core/u_weight_bank/chunk_frame_active_reg_1
    SLICE_X37Y51         LUT6 (Prop_G6LUT_SLICEM_I5_O)
                                                      0.137     3.239 r  u_graph/u_compute/u_rs/u_datapath/u_dma_fed_datapath/u_datapath/u_core/u_weight_bank/active_weight_context_tag_q[15]_i_1/O
                         net (fo=109, routed)         0.407     3.645    u_graph/u_compute/u_shared/u_output_slice/u_partial_sum_bank/rs_shared_chunk_valid
    SLICE_X41Y54         LUT6 (Prop_G6LUT_SLICEM_I1_O)
                                                      0.152     3.797 r  u_graph/u_compute/u_shared/u_output_slice/u_partial_sum_bank/resident_n_lane_mask[2]_i_4/O
                         net (fo=9, routed)           0.381     4.179    u_graph/u_compute/u_shared/u_output_slice/u_partial_sum_bank/bank_descriptor_valid
    SLICE_X44Y55         LUT6 (Prop_G6LUT_SLICEL_I0_O)
                                                      0.137     4.316 r  u_graph/u_compute/u_shared/u_output_slice/u_partial_sum_bank/words_accepted[12]_i_1/O
                         net (fo=13, routed)          0.385     4.701    u_graph/u_compute/u_shared/u_output_slice/u_partial_sum_bank/words_accepted[12]_i_1_n_0
    SLICE_X46Y54         FDRE                                         r  u_graph/u_compute/u_shared/u_output_slice/u_partial_sum_bank/words_accepted_reg[7]/R
  -------------------------------------------------------------------    -------------------

                         (clock clk rise edge)        5.000     5.000 r  
                                                      0.000     5.000 r  clk (IN)
                         net (fo=9269, unset)         0.029     5.029    u_graph/u_compute/u_shared/u_output_slice/u_partial_sum_bank/clk
    SLICE_X46Y54         FDRE                                         r  u_graph/u_compute/u_shared/u_output_slice/u_partial_sum_bank/words_accepted_reg[7]/C
                         clock pessimism              0.000     5.029    
                         clock uncertainty           -0.035     4.994    
    SLICE_X46Y54         FDRE (Setup_EFF2_SLICEL_C_R)
                                                     -0.119     4.875    u_graph/u_compute/u_shared/u_output_slice/u_partial_sum_bank/words_accepted_reg[7]
  -------------------------------------------------------------------
                         required time                          4.875    
                         arrival time                          -4.701    
  -------------------------------------------------------------------
                         slack                                  0.174    

Slack (MET) :             0.175ns  (required time - arrival time)
  Source:                 fc_result_complete_n_base[3]
                            (input port clocked by clk  {rise@0.000ns fall@2.500ns period=5.000ns})
  Destination:            u_graph/u_compute/u_shared/u_output_slice/u_partial_sum_bank/words_accepted_reg[0]/R
                            (rising edge-triggered cell FDRE clocked by clk  {rise@0.000ns fall@2.500ns period=5.000ns})
  Path Group:             clk
  Path Type:              Setup (Max at Slow Process Corner)
  Requirement:            5.000ns  (clk rise@5.000ns - clk rise@0.000ns)
  Data Path Delay:        3.701ns  (logic 1.578ns (42.637%)  route 2.123ns (57.363%))
  Logic Levels:           11  (LUT5=1 LUT6=10)
  Input Delay:            1.000ns
  Clock Path Skew:        0.029ns (DCD - SCD + CPR)
    Destination Clock Delay (DCD):    0.029ns = ( 5.029 - 5.000 ) 
    Source Clock Delay      (SCD):    0.000ns
    Clock Pessimism Removal (CPR):    0.000ns
  Clock Uncertainty:      0.035ns  ((TSJ^2 + TIJ^2)^1/2 + DJ) / 2 + PE
    Total System Jitter     (TSJ):    0.071ns
    Total Input Jitter      (TIJ):    0.000ns
    Discrete Jitter          (DJ):    0.000ns
    Phase Error              (PE):    0.000ns

    Location             Delay type                Incr(ns)  Path(ns)    Netlist Resource(s)
  -------------------------------------------------------------------    -------------------
                         (clock clk rise edge)        0.000     0.000 r  
                         input delay                  1.000     1.000    
                                                      0.000     1.000 r  fc_result_complete_n_base[3] (IN)
                         net (fo=0)                   0.000     1.000    u_graph/u_compute/u_fc/u_controller/fc_result_complete_n_base[3]
    SLICE_X38Y56         LUT6 (Prop_C6LUT_SLICEM_I0_O)
                                                      0.220     1.220 r  u_graph/u_compute/u_fc/u_controller/fc_parameter_ready_INST_0_i_15/O
                         net (fo=1, routed)           0.073     1.293    u_graph/u_compute/u_fc/u_controller/fc_parameter_ready_INST_0_i_15_n_0
    SLICE_X38Y56         LUT6 (Prop_F6LUT_SLICEM_I0_O)
                                                      0.224     1.517 r  u_graph/u_compute/u_fc/u_controller/fc_parameter_ready_INST_0_i_13/O
                         net (fo=1, routed)           0.050     1.567    u_graph/u_compute/u_fc/u_controller/fc_parameter_ready_INST_0_i_13_n_0
    SLICE_X38Y56         LUT6 (Prop_G6LUT_SLICEM_I4_O)
                                                      0.082     1.649 r  u_graph/u_compute/u_fc/u_controller/fc_parameter_ready_INST_0_i_4/O
                         net (fo=2, routed)           0.119     1.768    u_graph/u_compute/u_fc/u_controller/result_ack_bad2__24
    SLICE_X38Y58         LUT6 (Prop_H6LUT_SLICEM_I2_O)
                                                      0.154     1.922 r  u_graph/u_compute/u_fc/u_controller/fc_parameter_ready_INST_0_i_1/O
                         net (fo=11, routed)          0.117     2.039    u_graph/u_compute/u_fc/u_controller/fc_result_complete_error_0
    SLICE_X40Y58         LUT6 (Prop_G6LUT_SLICEM_I0_O)
                                                      0.082     2.121 f  u_graph/u_compute/u_fc/u_controller/ingress_tile_index_q[15]_i_19/O
                         net (fo=5, routed)           0.128     2.249    u_graph/u_compute/u_shared/u_output_slice/u_partial_sum_bank/bus_shared_cfg_valid
    SLICE_X40Y57         LUT5 (Prop_A6LUT_SLICEM_I2_O)
                                                      0.226     2.475 r  u_graph/u_compute/u_shared/u_output_slice/u_partial_sum_bank/ingress_tile_index_q[15]_i_10/O
                         net (fo=1, routed)           0.104     2.579    u_graph/u_compute/u_shared/u_output_slice/u_partial_sum_bank/ingress_tile_index_q[15]_i_10_n_0
    SLICE_X40Y55         LUT6 (Prop_E6LUT_SLICEM_I3_O)
                                                      0.083     2.662 r  u_graph/u_compute/u_shared/u_output_slice/u_partial_sum_bank/ingress_tile_index_q[15]_i_3/O
                         net (fo=7, routed)           0.190     2.852    u_graph/u_compute/u_shared/u_output_slice/u_partial_sum_bank/p_19_in
    SLICE_X39Y51         LUT6 (Prop_D6LUT_SLICEL_I3_O)
                                                      0.081     2.933 f  u_graph/u_compute/u_shared/u_output_slice/u_partial_sum_bank/active_weight_context_tag_q[15]_i_6/O
                         net (fo=2, routed)           0.169     3.102    u_graph/u_compute/u_rs/u_datapath/u_dma_fed_datapath/u_datapath/u_core/u_weight_bank/chunk_frame_active_reg_1
    SLICE_X37Y51         LUT6 (Prop_G6LUT_SLICEM_I5_O)
                                                      0.137     3.239 r  u_graph/u_compute/u_rs/u_datapath/u_dma_fed_datapath/u_datapath/u_core/u_weight_bank/active_weight_context_tag_q[15]_i_1/O
                         net (fo=109, routed)         0.407     3.645    u_graph/u_compute/u_shared/u_output_slice/u_partial_sum_bank/rs_shared_chunk_valid
    SLICE_X41Y54         LUT6 (Prop_G6LUT_SLICEM_I1_O)
                                                      0.152     3.797 r  u_graph/u_compute/u_shared/u_output_slice/u_partial_sum_bank/resident_n_lane_mask[2]_i_4/O
                         net (fo=9, routed)           0.381     4.179    u_graph/u_compute/u_shared/u_output_slice/u_partial_sum_bank/bank_descriptor_valid
    SLICE_X44Y55         LUT6 (Prop_G6LUT_SLICEL_I0_O)
                                                      0.137     4.316 r  u_graph/u_compute/u_shared/u_output_slice/u_partial_sum_bank/words_accepted[12]_i_1/O
                         net (fo=13, routed)          0.385     4.701    u_graph/u_compute/u_shared/u_output_slice/u_partial_sum_bank/words_accepted[12]_i_1_n_0
    SLICE_X46Y54         FDRE                                         r  u_graph/u_compute/u_shared/u_output_slice/u_partial_sum_bank/words_accepted_reg[0]/R
  -------------------------------------------------------------------    -------------------

                         (clock clk rise edge)        5.000     5.000 r  
                                                      0.000     5.000 r  clk (IN)
                         net (fo=9269, unset)         0.029     5.029    u_graph/u_compute/u_shared/u_output_slice/u_partial_sum_bank/clk
    SLICE_X46Y54         FDRE                                         r  u_graph/u_compute/u_shared/u_output_slice/u_partial_sum_bank/words_accepted_reg[0]/C
                         clock pessimism              0.000     5.029    
                         clock uncertainty           -0.035     4.994    
    SLICE_X46Y54         FDRE (Setup_CFF_SLICEL_C_R)
                                                     -0.118     4.876    u_graph/u_compute/u_shared/u_output_slice/u_partial_sum_bank/words_accepted_reg[0]
  -------------------------------------------------------------------
                         required time                          4.876    
                         arrival time                          -4.701    
  -------------------------------------------------------------------
                         slack                                  0.175    

Slack (MET) :             0.175ns  (required time - arrival time)
  Source:                 fc_result_complete_n_base[3]
                            (input port clocked by clk  {rise@0.000ns fall@2.500ns period=5.000ns})
  Destination:            u_graph/u_compute/u_shared/u_output_slice/u_partial_sum_bank/words_accepted_reg[1]/R
                            (rising edge-triggered cell FDRE clocked by clk  {rise@0.000ns fall@2.500ns period=5.000ns})
  Path Group:             clk
  Path Type:              Setup (Max at Slow Process Corner)
  Requirement:            5.000ns  (clk rise@5.000ns - clk rise@0.000ns)
  Data Path Delay:        3.701ns  (logic 1.578ns (42.637%)  route 2.123ns (57.363%))
  Logic Levels:           11  (LUT5=1 LUT6=10)
  Input Delay:            1.000ns
  Clock Path Skew:        0.029ns (DCD - SCD + CPR)
    Destination Clock Delay (DCD):    0.029ns = ( 5.029 - 5.000 ) 
    Source Clock Delay      (SCD):    0.000ns
    Clock Pessimism Removal (CPR):    0.000ns
  Clock Uncertainty:      0.035ns  ((TSJ^2 + TIJ^2)^1/2 + DJ) / 2 + PE
    Total System Jitter     (TSJ):    0.071ns
    Total Input Jitter      (TIJ):    0.000ns
    Discrete Jitter          (DJ):    0.000ns
    Phase Error              (PE):    0.000ns

    Location             Delay type                Incr(ns)  Path(ns)    Netlist Resource(s)
  -------------------------------------------------------------------    -------------------
                         (clock clk rise edge)        0.000     0.000 r  
                         input delay                  1.000     1.000    
                                                      0.000     1.000 r  fc_result_complete_n_base[3] (IN)
                         net (fo=0)                   0.000     1.000    u_graph/u_compute/u_fc/u_controller/fc_result_complete_n_base[3]
    SLICE_X38Y56         LUT6 (Prop_C6LUT_SLICEM_I0_O)
                                                      0.220     1.220 r  u_graph/u_compute/u_fc/u_controller/fc_parameter_ready_INST_0_i_15/O
                         net (fo=1, routed)           0.073     1.293    u_graph/u_compute/u_fc/u_controller/fc_parameter_ready_INST_0_i_15_n_0
    SLICE_X38Y56         LUT6 (Prop_F6LUT_SLICEM_I0_O)
                                                      0.224     1.517 r  u_graph/u_compute/u_fc/u_controller/fc_parameter_ready_INST_0_i_13/O
                         net (fo=1, routed)           0.050     1.567    u_graph/u_compute/u_fc/u_controller/fc_parameter_ready_INST_0_i_13_n_0
    SLICE_X38Y56         LUT6 (Prop_G6LUT_SLICEM_I4_O)
                                                      0.082     1.649 r  u_graph/u_compute/u_fc/u_controller/fc_parameter_ready_INST_0_i_4/O
                         net (fo=2, routed)           0.119     1.768    u_graph/u_compute/u_fc/u_controller/result_ack_bad2__24
    SLICE_X38Y58         LUT6 (Prop_H6LUT_SLICEM_I2_O)
                                                      0.154     1.922 r  u_graph/u_compute/u_fc/u_controller/fc_parameter_ready_INST_0_i_1/O
                         net (fo=11, routed)          0.117     2.039    u_graph/u_compute/u_fc/u_controller/fc_result_complete_error_0
    SLICE_X40Y58         LUT6 (Prop_G6LUT_SLICEM_I0_O)
                                                      0.082     2.121 f  u_graph/u_compute/u_fc/u_controller/ingress_tile_index_q[15]_i_19/O
                         net (fo=5, routed)           0.128     2.249    u_graph/u_compute/u_shared/u_output_slice/u_partial_sum_bank/bus_shared_cfg_valid
    SLICE_X40Y57         LUT5 (Prop_A6LUT_SLICEM_I2_O)
                                                      0.226     2.475 r  u_graph/u_compute/u_shared/u_output_slice/u_partial_sum_bank/ingress_tile_index_q[15]_i_10/O
                         net (fo=1, routed)           0.104     2.579    u_graph/u_compute/u_shared/u_output_slice/u_partial_sum_bank/ingress_tile_index_q[15]_i_10_n_0
    SLICE_X40Y55         LUT6 (Prop_E6LUT_SLICEM_I3_O)
                                                      0.083     2.662 r  u_graph/u_compute/u_shared/u_output_slice/u_partial_sum_bank/ingress_tile_index_q[15]_i_3/O
                         net (fo=7, routed)           0.190     2.852    u_graph/u_compute/u_shared/u_output_slice/u_partial_sum_bank/p_19_in
    SLICE_X39Y51         LUT6 (Prop_D6LUT_SLICEL_I3_O)
                                                      0.081     2.933 f  u_graph/u_compute/u_shared/u_output_slice/u_partial_sum_bank/active_weight_context_tag_q[15]_i_6/O
                         net (fo=2, routed)           0.169     3.102    u_graph/u_compute/u_rs/u_datapath/u_dma_fed_datapath/u_datapath/u_core/u_weight_bank/chunk_frame_active_reg_1
    SLICE_X37Y51         LUT6 (Prop_G6LUT_SLICEM_I5_O)
                                                      0.137     3.239 r  u_graph/u_compute/u_rs/u_datapath/u_dma_fed_datapath/u_datapath/u_core/u_weight_bank/active_weight_context_tag_q[15]_i_1/O
                         net (fo=109, routed)         0.407     3.645    u_graph/u_compute/u_shared/u_output_slice/u_partial_sum_bank/rs_shared_chunk_valid
    SLICE_X41Y54         LUT6 (Prop_G6LUT_SLICEM_I1_O)
                                                      0.152     3.797 r  u_graph/u_compute/u_shared/u_output_slice/u_partial_sum_bank/resident_n_lane_mask[2]_i_4/O
                         net (fo=9, routed)           0.381     4.179    u_graph/u_compute/u_shared/u_output_slice/u_partial_sum_bank/bank_descriptor_valid
    SLICE_X44Y55         LUT6 (Prop_G6LUT_SLICEL_I0_O)
                                                      0.137     4.316 r  u_graph/u_compute/u_shared/u_output_slice/u_partial_sum_bank/words_accepted[12]_i_1/O
                         net (fo=13, routed)          0.385     4.701    u_graph/u_compute/u_shared/u_output_slice/u_partial_sum_bank/words_accepted[12]_i_1_n_0
    SLICE_X46Y54         FDRE                                         r  u_graph/u_compute/u_shared/u_output_slice/u_partial_sum_bank/words_accepted_reg[1]/R
  -------------------------------------------------------------------    -------------------

                         (clock clk rise edge)        5.000     5.000 r  
                                                      0.000     5.000 r  clk (IN)
                         net (fo=9269, unset)         0.029     5.029    u_graph/u_compute/u_shared/u_output_slice/u_partial_sum_bank/clk
    SLICE_X46Y54         FDRE                                         r  u_graph/u_compute/u_shared/u_output_slice/u_partial_sum_bank/words_accepted_reg[1]/C
                         clock pessimism              0.000     5.029    
                         clock uncertainty           -0.035     4.994    
    SLICE_X46Y54         FDRE (Setup_CFF2_SLICEL_C_R)
                                                     -0.118     4.876    u_graph/u_compute/u_shared/u_output_slice/u_partial_sum_bank/words_accepted_reg[1]
  -------------------------------------------------------------------
                         required time                          4.876    
                         arrival time                          -4.701    
  -------------------------------------------------------------------
                         slack                                  0.175    

Slack (MET) :             0.175ns  (required time - arrival time)
  Source:                 fc_result_complete_n_base[3]
                            (input port clocked by clk  {rise@0.000ns fall@2.500ns period=5.000ns})
  Destination:            u_graph/u_compute/u_shared/u_output_slice/u_partial_sum_bank/words_accepted_reg[2]/R
                            (rising edge-triggered cell FDRE clocked by clk  {rise@0.000ns fall@2.500ns period=5.000ns})
  Path Group:             clk
  Path Type:              Setup (Max at Slow Process Corner)
  Requirement:            5.000ns  (clk rise@5.000ns - clk rise@0.000ns)
  Data Path Delay:        3.701ns  (logic 1.578ns (42.637%)  route 2.123ns (57.363%))
  Logic Levels:           11  (LUT5=1 LUT6=10)
  Input Delay:            1.000ns
  Clock Path Skew:        0.029ns (DCD - SCD + CPR)
    Destination Clock Delay (DCD):    0.029ns = ( 5.029 - 5.000 ) 
    Source Clock Delay      (SCD):    0.000ns
    Clock Pessimism Removal (CPR):    0.000ns
  Clock Uncertainty:      0.035ns  ((TSJ^2 + TIJ^2)^1/2 + DJ) / 2 + PE
    Total System Jitter     (TSJ):    0.071ns
    Total Input Jitter      (TIJ):    0.000ns
    Discrete Jitter          (DJ):    0.000ns
    Phase Error              (PE):    0.000ns

    Location             Delay type                Incr(ns)  Path(ns)    Netlist Resource(s)
  -------------------------------------------------------------------    -------------------
                         (clock clk rise edge)        0.000     0.000 r  
                         input delay                  1.000     1.000    
                                                      0.000     1.000 r  fc_result_complete_n_base[3] (IN)
                         net (fo=0)                   0.000     1.000    u_graph/u_compute/u_fc/u_controller/fc_result_complete_n_base[3]
    SLICE_X38Y56         LUT6 (Prop_C6LUT_SLICEM_I0_O)
                                                      0.220     1.220 r  u_graph/u_compute/u_fc/u_controller/fc_parameter_ready_INST_0_i_15/O
                         net (fo=1, routed)           0.073     1.293    u_graph/u_compute/u_fc/u_controller/fc_parameter_ready_INST_0_i_15_n_0
    SLICE_X38Y56         LUT6 (Prop_F6LUT_SLICEM_I0_O)
                                                      0.224     1.517 r  u_graph/u_compute/u_fc/u_controller/fc_parameter_ready_INST_0_i_13/O
                         net (fo=1, routed)           0.050     1.567    u_graph/u_compute/u_fc/u_controller/fc_parameter_ready_INST_0_i_13_n_0
    SLICE_X38Y56         LUT6 (Prop_G6LUT_SLICEM_I4_O)
                                                      0.082     1.649 r  u_graph/u_compute/u_fc/u_controller/fc_parameter_ready_INST_0_i_4/O
                         net (fo=2, routed)           0.119     1.768    u_graph/u_compute/u_fc/u_controller/result_ack_bad2__24
    SLICE_X38Y58         LUT6 (Prop_H6LUT_SLICEM_I2_O)
                                                      0.154     1.922 r  u_graph/u_compute/u_fc/u_controller/fc_parameter_ready_INST_0_i_1/O
                         net (fo=11, routed)          0.117     2.039    u_graph/u_compute/u_fc/u_controller/fc_result_complete_error_0
    SLICE_X40Y58         LUT6 (Prop_G6LUT_SLICEM_I0_O)
                                                      0.082     2.121 f  u_graph/u_compute/u_fc/u_controller/ingress_tile_index_q[15]_i_19/O
                         net (fo=5, routed)           0.128     2.249    u_graph/u_compute/u_shared/u_output_slice/u_partial_sum_bank/bus_shared_cfg_valid
    SLICE_X40Y57         LUT5 (Prop_A6LUT_SLICEM_I2_O)
                                                      0.226     2.475 r  u_graph/u_compute/u_shared/u_output_slice/u_partial_sum_bank/ingress_tile_index_q[15]_i_10/O
                         net (fo=1, routed)           0.104     2.579    u_graph/u_compute/u_shared/u_output_slice/u_partial_sum_bank/ingress_tile_index_q[15]_i_10_n_0
    SLICE_X40Y55         LUT6 (Prop_E6LUT_SLICEM_I3_O)
                                                      0.083     2.662 r  u_graph/u_compute/u_shared/u_output_slice/u_partial_sum_bank/ingress_tile_index_q[15]_i_3/O
                         net (fo=7, routed)           0.190     2.852    u_graph/u_compute/u_shared/u_output_slice/u_partial_sum_bank/p_19_in
    SLICE_X39Y51         LUT6 (Prop_D6LUT_SLICEL_I3_O)
                                                      0.081     2.933 f  u_graph/u_compute/u_shared/u_output_slice/u_partial_sum_bank/active_weight_context_tag_q[15]_i_6/O
                         net (fo=2, routed)           0.169     3.102    u_graph/u_compute/u_rs/u_datapath/u_dma_fed_datapath/u_datapath/u_core/u_weight_bank/chunk_frame_active_reg_1
    SLICE_X37Y51         LUT6 (Prop_G6LUT_SLICEM_I5_O)
                                                      0.137     3.239 r  u_graph/u_compute/u_rs/u_datapath/u_dma_fed_datapath/u_datapath/u_core/u_weight_bank/active_weight_context_tag_q[15]_i_1/O
                         net (fo=109, routed)         0.407     3.645    u_graph/u_compute/u_shared/u_output_slice/u_partial_sum_bank/rs_shared_chunk_valid
    SLICE_X41Y54         LUT6 (Prop_G6LUT_SLICEM_I1_O)
                                                      0.152     3.797 r  u_graph/u_compute/u_shared/u_output_slice/u_partial_sum_bank/resident_n_lane_mask[2]_i_4/O
                         net (fo=9, routed)           0.381     4.179    u_graph/u_compute/u_shared/u_output_slice/u_partial_sum_bank/bank_descriptor_valid
    SLICE_X44Y55         LUT6 (Prop_G6LUT_SLICEL_I0_O)
                                                      0.137     4.316 r  u_graph/u_compute/u_shared/u_output_slice/u_partial_sum_bank/words_accepted[12]_i_1/O
                         net (fo=13, routed)          0.385     4.701    u_graph/u_compute/u_shared/u_output_slice/u_partial_sum_bank/words_accepted[12]_i_1_n_0
    SLICE_X46Y54         FDRE                                         r  u_graph/u_compute/u_shared/u_output_slice/u_partial_sum_bank/words_accepted_reg[2]/R
  -------------------------------------------------------------------    -------------------

                         (clock clk rise edge)        5.000     5.000 r  
                                                      0.000     5.000 r  clk (IN)
                         net (fo=9269, unset)         0.029     5.029    u_graph/u_compute/u_shared/u_output_slice/u_partial_sum_bank/clk
    SLICE_X46Y54         FDRE                                         r  u_graph/u_compute/u_shared/u_output_slice/u_partial_sum_bank/words_accepted_reg[2]/C
                         clock pessimism              0.000     5.029    
                         clock uncertainty           -0.035     4.994    
    SLICE_X46Y54         FDRE (Setup_BFF_SLICEL_C_R)
                                                     -0.118     4.876    u_graph/u_compute/u_shared/u_output_slice/u_partial_sum_bank/words_accepted_reg[2]
  -------------------------------------------------------------------
                         required time                          4.876    
                         arrival time                          -4.701    
  -------------------------------------------------------------------
                         slack                                  0.175    

Slack (MET) :             0.175ns  (required time - arrival time)
  Source:                 fc_result_complete_n_base[3]
                            (input port clocked by clk  {rise@0.000ns fall@2.500ns period=5.000ns})
  Destination:            u_graph/u_compute/u_shared/u_output_slice/u_partial_sum_bank/words_accepted_reg[3]/R
                            (rising edge-triggered cell FDRE clocked by clk  {rise@0.000ns fall@2.500ns period=5.000ns})
  Path Group:             clk
  Path Type:              Setup (Max at Slow Process Corner)
  Requirement:            5.000ns  (clk rise@5.000ns - clk rise@0.000ns)
  Data Path Delay:        3.701ns  (logic 1.578ns (42.637%)  route 2.123ns (57.363%))
  Logic Levels:           11  (LUT5=1 LUT6=10)
  Input Delay:            1.000ns
  Clock Path Skew:        0.029ns (DCD - SCD + CPR)
    Destination Clock Delay (DCD):    0.029ns = ( 5.029 - 5.000 ) 
    Source Clock Delay      (SCD):    0.000ns
    Clock Pessimism Removal (CPR):    0.000ns
  Clock Uncertainty:      0.035ns  ((TSJ^2 + TIJ^2)^1/2 + DJ) / 2 + PE
    Total System Jitter     (TSJ):    0.071ns
    Total Input Jitter      (TIJ):    0.000ns
    Discrete Jitter          (DJ):    0.000ns
    Phase Error              (PE):    0.000ns

    Location             Delay type                Incr(ns)  Path(ns)    Netlist Resource(s)
  -------------------------------------------------------------------    -------------------
                         (clock clk rise edge)        0.000     0.000 r  
                         input delay                  1.000     1.000    
                                                      0.000     1.000 r  fc_result_complete_n_base[3] (IN)
                         net (fo=0)                   0.000     1.000    u_graph/u_compute/u_fc/u_controller/fc_result_complete_n_base[3]
    SLICE_X38Y56         LUT6 (Prop_C6LUT_SLICEM_I0_O)
                                                      0.220     1.220 r  u_graph/u_compute/u_fc/u_controller/fc_parameter_ready_INST_0_i_15/O
                         net (fo=1, routed)           0.073     1.293    u_graph/u_compute/u_fc/u_controller/fc_parameter_ready_INST_0_i_15_n_0
    SLICE_X38Y56         LUT6 (Prop_F6LUT_SLICEM_I0_O)
                                                      0.224     1.517 r  u_graph/u_compute/u_fc/u_controller/fc_parameter_ready_INST_0_i_13/O
                         net (fo=1, routed)           0.050     1.567    u_graph/u_compute/u_fc/u_controller/fc_parameter_ready_INST_0_i_13_n_0
    SLICE_X38Y56         LUT6 (Prop_G6LUT_SLICEM_I4_O)
                                                      0.082     1.649 r  u_graph/u_compute/u_fc/u_controller/fc_parameter_ready_INST_0_i_4/O
                         net (fo=2, routed)           0.119     1.768    u_graph/u_compute/u_fc/u_controller/result_ack_bad2__24
    SLICE_X38Y58         LUT6 (Prop_H6LUT_SLICEM_I2_O)
                                                      0.154     1.922 r  u_graph/u_compute/u_fc/u_controller/fc_parameter_ready_INST_0_i_1/O
                         net (fo=11, routed)          0.117     2.039    u_graph/u_compute/u_fc/u_controller/fc_result_complete_error_0
    SLICE_X40Y58         LUT6 (Prop_G6LUT_SLICEM_I0_O)
                                                      0.082     2.121 f  u_graph/u_compute/u_fc/u_controller/ingress_tile_index_q[15]_i_19/O
                         net (fo=5, routed)           0.128     2.249    u_graph/u_compute/u_shared/u_output_slice/u_partial_sum_bank/bus_shared_cfg_valid
    SLICE_X40Y57         LUT5 (Prop_A6LUT_SLICEM_I2_O)
                                                      0.226     2.475 r  u_graph/u_compute/u_shared/u_output_slice/u_partial_sum_bank/ingress_tile_index_q[15]_i_10/O
                         net (fo=1, routed)           0.104     2.579    u_graph/u_compute/u_shared/u_output_slice/u_partial_sum_bank/ingress_tile_index_q[15]_i_10_n_0
    SLICE_X40Y55         LUT6 (Prop_E6LUT_SLICEM_I3_O)
                                                      0.083     2.662 r  u_graph/u_compute/u_shared/u_output_slice/u_partial_sum_bank/ingress_tile_index_q[15]_i_3/O
                         net (fo=7, routed)           0.190     2.852    u_graph/u_compute/u_shared/u_output_slice/u_partial_sum_bank/p_19_in
    SLICE_X39Y51         LUT6 (Prop_D6LUT_SLICEL_I3_O)
                                                      0.081     2.933 f  u_graph/u_compute/u_shared/u_output_slice/u_partial_sum_bank/active_weight_context_tag_q[15]_i_6/O
                         net (fo=2, routed)           0.169     3.102    u_graph/u_compute/u_rs/u_datapath/u_dma_fed_datapath/u_datapath/u_core/u_weight_bank/chunk_frame_active_reg_1
    SLICE_X37Y51         LUT6 (Prop_G6LUT_SLICEM_I5_O)
                                                      0.137     3.239 r  u_graph/u_compute/u_rs/u_datapath/u_dma_fed_datapath/u_datapath/u_core/u_weight_bank/active_weight_context_tag_q[15]_i_1/O
                         net (fo=109, routed)         0.407     3.645    u_graph/u_compute/u_shared/u_output_slice/u_partial_sum_bank/rs_shared_chunk_valid
    SLICE_X41Y54         LUT6 (Prop_G6LUT_SLICEM_I1_O)
                                                      0.152     3.797 r  u_graph/u_compute/u_shared/u_output_slice/u_partial_sum_bank/resident_n_lane_mask[2]_i_4/O
                         net (fo=9, routed)           0.381     4.179    u_graph/u_compute/u_shared/u_output_slice/u_partial_sum_bank/bank_descriptor_valid
    SLICE_X44Y55         LUT6 (Prop_G6LUT_SLICEL_I0_O)
                                                      0.137     4.316 r  u_graph/u_compute/u_shared/u_output_slice/u_partial_sum_bank/words_accepted[12]_i_1/O
                         net (fo=13, routed)          0.385     4.701    u_graph/u_compute/u_shared/u_output_slice/u_partial_sum_bank/words_accepted[12]_i_1_n_0
    SLICE_X46Y54         FDRE                                         r  u_graph/u_compute/u_shared/u_output_slice/u_partial_sum_bank/words_accepted_reg[3]/R
  -------------------------------------------------------------------    -------------------

                         (clock clk rise edge)        5.000     5.000 r  
                                                      0.000     5.000 r  clk (IN)
                         net (fo=9269, unset)         0.029     5.029    u_graph/u_compute/u_shared/u_output_slice/u_partial_sum_bank/clk
    SLICE_X46Y54         FDRE                                         r  u_graph/u_compute/u_shared/u_output_slice/u_partial_sum_bank/words_accepted_reg[3]/C
                         clock pessimism              0.000     5.029    
                         clock uncertainty           -0.035     4.994    
    SLICE_X46Y54         FDRE (Setup_BFF2_SLICEL_C_R)
                                                     -0.118     4.876    u_graph/u_compute/u_shared/u_output_slice/u_partial_sum_bank/words_accepted_reg[3]
  -------------------------------------------------------------------
                         required time                          4.876    
                         arrival time                          -4.701    
  -------------------------------------------------------------------
                         slack                                  0.175    

Slack (MET) :             0.175ns  (required time - arrival time)
  Source:                 fc_result_complete_n_base[3]
                            (input port clocked by clk  {rise@0.000ns fall@2.500ns period=5.000ns})
  Destination:            u_graph/u_compute/u_shared/u_output_slice/u_partial_sum_bank/words_accepted_reg[5]/R
                            (rising edge-triggered cell FDRE clocked by clk  {rise@0.000ns fall@2.500ns period=5.000ns})
  Path Group:             clk
  Path Type:              Setup (Max at Slow Process Corner)
  Requirement:            5.000ns  (clk rise@5.000ns - clk rise@0.000ns)
  Data Path Delay:        3.701ns  (logic 1.578ns (42.637%)  route 2.123ns (57.363%))
  Logic Levels:           11  (LUT5=1 LUT6=10)
  Input Delay:            1.000ns
  Clock Path Skew:        0.029ns (DCD - SCD + CPR)
    Destination Clock Delay (DCD):    0.029ns = ( 5.029 - 5.000 ) 
    Source Clock Delay      (SCD):    0.000ns
    Clock Pessimism Removal (CPR):    0.000ns
  Clock Uncertainty:      0.035ns  ((TSJ^2 + TIJ^2)^1/2 + DJ) / 2 + PE
    Total System Jitter     (TSJ):    0.071ns
    Total Input Jitter      (TIJ):    0.000ns
    Discrete Jitter          (DJ):    0.000ns
    Phase Error              (PE):    0.000ns

    Location             Delay type                Incr(ns)  Path(ns)    Netlist Resource(s)
  -------------------------------------------------------------------    -------------------
                         (clock clk rise edge)        0.000     0.000 r  
                         input delay                  1.000     1.000    
                                                      0.000     1.000 r  fc_result_complete_n_base[3] (IN)
                         net (fo=0)                   0.000     1.000    u_graph/u_compute/u_fc/u_controller/fc_result_complete_n_base[3]
    SLICE_X38Y56         LUT6 (Prop_C6LUT_SLICEM_I0_O)
                                                      0.220     1.220 r  u_graph/u_compute/u_fc/u_controller/fc_parameter_ready_INST_0_i_15/O
                         net (fo=1, routed)           0.073     1.293    u_graph/u_compute/u_fc/u_controller/fc_parameter_ready_INST_0_i_15_n_0
    SLICE_X38Y56         LUT6 (Prop_F6LUT_SLICEM_I0_O)
                                                      0.224     1.517 r  u_graph/u_compute/u_fc/u_controller/fc_parameter_ready_INST_0_i_13/O
                         net (fo=1, routed)           0.050     1.567    u_graph/u_compute/u_fc/u_controller/fc_parameter_ready_INST_0_i_13_n_0
    SLICE_X38Y56         LUT6 (Prop_G6LUT_SLICEM_I4_O)
                                                      0.082     1.649 r  u_graph/u_compute/u_fc/u_controller/fc_parameter_ready_INST_0_i_4/O
                         net (fo=2, routed)           0.119     1.768    u_graph/u_compute/u_fc/u_controller/result_ack_bad2__24
    SLICE_X38Y58         LUT6 (Prop_H6LUT_SLICEM_I2_O)
                                                      0.154     1.922 r  u_graph/u_compute/u_fc/u_controller/fc_parameter_ready_INST_0_i_1/O
                         net (fo=11, routed)          0.117     2.039    u_graph/u_compute/u_fc/u_controller/fc_result_complete_error_0
    SLICE_X40Y58         LUT6 (Prop_G6LUT_SLICEM_I0_O)
                                                      0.082     2.121 f  u_graph/u_compute/u_fc/u_controller/ingress_tile_index_q[15]_i_19/O
                         net (fo=5, routed)           0.128     2.249    u_graph/u_compute/u_shared/u_output_slice/u_partial_sum_bank/bus_shared_cfg_valid
    SLICE_X40Y57         LUT5 (Prop_A6LUT_SLICEM_I2_O)
                                                      0.226     2.475 r  u_graph/u_compute/u_shared/u_output_slice/u_partial_sum_bank/ingress_tile_index_q[15]_i_10/O
                         net (fo=1, routed)           0.104     2.579    u_graph/u_compute/u_shared/u_output_slice/u_partial_sum_bank/ingress_tile_index_q[15]_i_10_n_0
    SLICE_X40Y55         LUT6 (Prop_E6LUT_SLICEM_I3_O)
                                                      0.083     2.662 r  u_graph/u_compute/u_shared/u_output_slice/u_partial_sum_bank/ingress_tile_index_q[15]_i_3/O
                         net (fo=7, routed)           0.190     2.852    u_graph/u_compute/u_shared/u_output_slice/u_partial_sum_bank/p_19_in
    SLICE_X39Y51         LUT6 (Prop_D6LUT_SLICEL_I3_O)
                                                      0.081     2.933 f  u_graph/u_compute/u_shared/u_output_slice/u_partial_sum_bank/active_weight_context_tag_q[15]_i_6/O
                         net (fo=2, routed)           0.169     3.102    u_graph/u_compute/u_rs/u_datapath/u_dma_fed_datapath/u_datapath/u_core/u_weight_bank/chunk_frame_active_reg_1
    SLICE_X37Y51         LUT6 (Prop_G6LUT_SLICEM_I5_O)
                                                      0.137     3.239 r  u_graph/u_compute/u_rs/u_datapath/u_dma_fed_datapath/u_datapath/u_core/u_weight_bank/active_weight_context_tag_q[15]_i_1/O
                         net (fo=109, routed)         0.407     3.645    u_graph/u_compute/u_shared/u_output_slice/u_partial_sum_bank/rs_shared_chunk_valid
    SLICE_X41Y54         LUT6 (Prop_G6LUT_SLICEM_I1_O)
                                                      0.152     3.797 r  u_graph/u_compute/u_shared/u_output_slice/u_partial_sum_bank/resident_n_lane_mask[2]_i_4/O
                         net (fo=9, routed)           0.381     4.179    u_graph/u_compute/u_shared/u_output_slice/u_partial_sum_bank/bank_descriptor_valid
    SLICE_X44Y55         LUT6 (Prop_G6LUT_SLICEL_I0_O)
                                                      0.137     4.316 r  u_graph/u_compute/u_shared/u_output_slice/u_partial_sum_bank/words_accepted[12]_i_1/O
                         net (fo=13, routed)          0.385     4.701    u_graph/u_compute/u_shared/u_output_slice/u_partial_sum_bank/words_accepted[12]_i_1_n_0
    SLICE_X46Y54         FDRE                                         r  u_graph/u_compute/u_shared/u_output_slice/u_partial_sum_bank/words_accepted_reg[5]/R
  -------------------------------------------------------------------    -------------------

                         (clock clk rise edge)        5.000     5.000 r  
                                                      0.000     5.000 r  clk (IN)
                         net (fo=9269, unset)         0.029     5.029    u_graph/u_compute/u_shared/u_output_slice/u_partial_sum_bank/clk
    SLICE_X46Y54         FDRE                                         r  u_graph/u_compute/u_shared/u_output_slice/u_partial_sum_bank/words_accepted_reg[5]/C
                         clock pessimism              0.000     5.029    
                         clock uncertainty           -0.035     4.994    
    SLICE_X46Y54         FDRE (Setup_AFF_SLICEL_C_R)
                                                     -0.118     4.876    u_graph/u_compute/u_shared/u_output_slice/u_partial_sum_bank/words_accepted_reg[5]
  -------------------------------------------------------------------
                         required time                          4.876    
                         arrival time                          -4.701    
  -------------------------------------------------------------------
                         slack                                  0.175    

Slack (MET) :             0.182ns  (required time - arrival time)
  Source:                 fc_result_complete_n_base[3]
                            (input port clocked by clk  {rise@0.000ns fall@2.500ns period=5.000ns})
  Destination:            u_graph/u_compute/u_shared/u_output_slice/u_partial_sum_bank/mem_reg_10/ADDRBWRADDR[3]
                            (rising edge-triggered cell RAMB36E2 clocked by clk  {rise@0.000ns fall@2.500ns period=5.000ns})
  Path Group:             clk
  Path Type:              Setup (Max at Slow Process Corner)
  Requirement:            5.000ns  (clk rise@5.000ns - clk rise@0.000ns)
  Data Path Delay:        3.295ns  (logic 1.101ns (33.410%)  route 2.194ns (66.590%))
  Logic Levels:           11  (LUT3=1 LUT4=1 LUT5=3 LUT6=6)
  Input Delay:            1.000ns
  Clock Path Skew:        0.048ns (DCD - SCD + CPR)
    Destination Clock Delay (DCD):    0.048ns = ( 5.048 - 5.000 ) 
    Source Clock Delay      (SCD):    0.000ns
    Clock Pessimism Removal (CPR):    0.000ns
  Clock Uncertainty:      0.035ns  ((TSJ^2 + TIJ^2)^1/2 + DJ) / 2 + PE
    Total System Jitter     (TSJ):    0.071ns
    Total Input Jitter      (TIJ):    0.000ns
    Discrete Jitter          (DJ):    0.000ns
    Phase Error              (PE):    0.000ns

    Location             Delay type                Incr(ns)  Path(ns)    Netlist Resource(s)
  -------------------------------------------------------------------    -------------------
                         (clock clk rise edge)        0.000     0.000 r  
                         input delay                  1.000     1.000    
                                                      0.000     1.000 r  fc_result_complete_n_base[3] (IN)
                         net (fo=0)                   0.000     1.000    u_graph/u_compute/u_fc/u_controller/fc_result_complete_n_base[3]
    SLICE_X38Y56         LUT6 (Prop_C6LUT_SLICEM_I0_O)
                                                      0.220     1.220 r  u_graph/u_compute/u_fc/u_controller/fc_parameter_ready_INST_0_i_15/O
                         net (fo=1, routed)           0.073     1.293    u_graph/u_compute/u_fc/u_controller/fc_parameter_ready_INST_0_i_15_n_0
    SLICE_X38Y56         LUT6 (Prop_F6LUT_SLICEM_I0_O)
                                                      0.224     1.517 r  u_graph/u_compute/u_fc/u_controller/fc_parameter_ready_INST_0_i_13/O
                         net (fo=1, routed)           0.050     1.567    u_graph/u_compute/u_fc/u_controller/fc_parameter_ready_INST_0_i_13_n_0
    SLICE_X38Y56         LUT6 (Prop_G6LUT_SLICEM_I4_O)
                                                      0.082     1.649 r  u_graph/u_compute/u_fc/u_controller/fc_parameter_ready_INST_0_i_4/O
                         net (fo=2, routed)           0.119     1.768    u_graph/u_compute/u_fc/u_controller/result_ack_bad2__24
    SLICE_X38Y58         LUT6 (Prop_H6LUT_SLICEM_I2_O)
                                                      0.154     1.922 r  u_graph/u_compute/u_fc/u_controller/fc_parameter_ready_INST_0_i_1/O
                         net (fo=11, routed)          0.113     2.035    u_graph/u_compute/u_fc/u_controller/fc_result_complete_error_0
    SLICE_X38Y60         LUT6 (Prop_B6LUT_SLICEM_I0_O)
                                                      0.057     2.092 f  u_graph/u_compute/u_fc/u_controller/cfg_n_base_q[12]_i_1/O
                         net (fo=24, routed)          0.063     2.155    u_graph/u_compute/u_shared/u_output_slice/u_partial_sum_bank/cfg_valid0
    SLICE_X38Y60         LUT5 (Prop_E6LUT_SLICEM_I4_O)
                                                      0.057     2.212 f  u_graph/u_compute/u_shared/u_output_slice/u_partial_sum_bank/valid_q[0]_i_2/O
                         net (fo=4, routed)           0.215     2.426    u_graph/u_compute/u_shared/u_output_slice/u_partial_sum_bank/cfg_fire
    SLICE_X41Y62         LUT3 (Prop_E6LUT_SLICEM_I1_O)
                                                      0.057     2.483 f  u_graph/u_compute/u_shared/u_output_slice/u_partial_sum_bank/egress_word_q[250]_i_2/O
                         net (fo=15, routed)          0.061     2.544    u_graph/u_compute/u_shared/u_output_slice/u_router/cfg_fire_0
    SLICE_X41Y62         LUT5 (Prop_C6LUT_SLICEM_I0_O)
                                                      0.056     2.600 r  u_graph/u_compute/u_shared/u_output_slice/u_router/valid_q[4]_i_1/O
                         net (fo=18, routed)          0.110     2.710    u_graph/u_compute/u_shared/u_output_slice/u_partial_sum_bank/advance
    SLICE_X42Y62         LUT5 (Prop_C6LUT_SLICEL_I2_O)
                                                      0.056     2.766 r  u_graph/u_compute/u_shared/u_output_slice/u_partial_sum_bank/emit_reads_issued_q[10]_i_2/O
                         net (fo=7, routed)           0.344     3.110    u_graph/u_compute/u_shared/u_output_slice/u_partial_sum_bank/emit_read_stage_ready__1
    SLICE_X46Y62         LUT6 (Prop_C6LUT_SLICEL_I0_O)
                                                      0.081     3.191 r  u_graph/u_compute/u_shared/u_output_slice/u_partial_sum_bank/mem_reg_0_i_41/O
                         net (fo=12, routed)          0.081     3.272    u_graph/u_compute/u_shared/u_output_slice/u_partial_sum_bank/mem_reg_0_i_41_n_0
    SLICE_X46Y62         LUT4 (Prop_D6LUT_SLICEL_I1_O)
                                                      0.057     3.329 r  u_graph/u_compute/u_shared/u_output_slice/u_partial_sum_bank/mem_reg_0_i_26/O
                         net (fo=28, routed)          0.966     4.295    u_graph/u_compute/u_shared/u_output_slice/u_partial_sum_bank/mem_read_addr[0]
    RAMB36_X2Y7          RAMB36E2                                     r  u_graph/u_compute/u_shared/u_output_slice/u_partial_sum_bank/mem_reg_10/ADDRBWRADDR[3]
  -------------------------------------------------------------------    -------------------

                         (clock clk rise edge)        5.000     5.000 r  
                                                      0.000     5.000 r  clk (IN)
                         net (fo=9269, unset)         0.048     5.048    u_graph/u_compute/u_shared/u_output_slice/u_partial_sum_bank/clk
    RAMB36_X2Y7          RAMB36E2                                     r  u_graph/u_compute/u_shared/u_output_slice/u_partial_sum_bank/mem_reg_10/CLKBWRCLK
                         clock pessimism              0.000     5.048    
                         clock uncertainty           -0.035     5.013    
    RAMB36_X2Y7          RAMB36E2 (Setup_RAMB36E2_RAMB36_CLKBWRCLK_ADDRBWRADDR[3])
                                                     -0.535     4.478    u_graph/u_compute/u_shared/u_output_slice/u_partial_sum_bank/mem_reg_10
  -------------------------------------------------------------------
                         required time                          4.478    
                         arrival time                          -4.295    
  -------------------------------------------------------------------
                         slack                                  0.182    

Slack (MET) :             0.184ns  (required time - arrival time)
  Source:                 u_graph/u_compute/u_shared/u_output_slice/u_partial_sum_bank/mem_reg_23/CLKBWRCLK
                            (rising edge-triggered cell RAMB36E2 clocked by clk  {rise@0.000ns fall@2.500ns period=5.000ns})
  Destination:            u_graph/u_compute/u_shared/u_output_slice/u_partial_sum_bank/mem_reg_23/DINADIN[7]
                            (rising edge-triggered cell RAMB36E2 clocked by clk  {rise@0.000ns fall@2.500ns period=5.000ns})
  Path Group:             clk
  Path Type:              Setup (Max at Slow Process Corner)
  Requirement:            5.000ns  (clk rise@5.000ns - clk rise@0.000ns)
  Data Path Delay:        4.322ns  (logic 2.036ns (47.106%)  route 2.286ns (52.894%))
  Logic Levels:           4  (CARRY8=2 LUT2=1 LUT5=1)
  Clock Path Skew:        -0.059ns (DCD - SCD + CPR)
    Destination Clock Delay (DCD):    0.047ns = ( 5.047 - 5.000 ) 
    Source Clock Delay      (SCD):    0.106ns
    Clock Pessimism Removal (CPR):    0.000ns
  Clock Uncertainty:      0.035ns  ((TSJ^2 + TIJ^2)^1/2 + DJ) / 2 + PE
    Total System Jitter     (TSJ):    0.071ns
    Total Input Jitter      (TIJ):    0.000ns
    Discrete Jitter          (DJ):    0.000ns
    Phase Error              (PE):    0.000ns

    Location             Delay type                Incr(ns)  Path(ns)    Netlist Resource(s)
  -------------------------------------------------------------------    -------------------
                         (clock clk rise edge)        0.000     0.000 r  
                                                      0.000     0.000 r  clk (IN)
                         net (fo=9269, unset)         0.106     0.106    u_graph/u_compute/u_shared/u_output_slice/u_partial_sum_bank/clk
    RAMB36_X1Y20         RAMB36E2                                     r  u_graph/u_compute/u_shared/u_output_slice/u_partial_sum_bank/mem_reg_23/CLKBWRCLK
  -------------------------------------------------------------------    -------------------
    RAMB36_X1Y20         RAMB36E2 (Prop_RAMB36E2_RAMB36_CLKBWRCLK_DOUTBDOUT[0])
                                                      1.397     1.503 r  u_graph/u_compute/u_shared/u_output_slice/u_partial_sum_bank/mem_reg_23/DOUTBDOUT[0]
                         net (fo=3, routed)           0.733     2.236    u_graph/u_compute/u_shared/u_output_slice/u_partial_sum_bank/mem_reg_23_n_131
    SLICE_X48Y57         LUT2 (Prop_H6LUT_SLICEL_I0_O)
                                                      0.083     2.319 r  u_graph/u_compute/u_shared/u_output_slice/u_partial_sum_bank/i__carry__0_i_1__4/O
                         net (fo=1, routed)           0.015     2.334    u_graph/u_compute/u_shared/u_output_slice/u_partial_sum_bank/i__carry__0_i_1__4_n_0
    SLICE_X48Y57         CARRY8 (Prop_CARRY8_SLICEL_S[7]_CO[7])
                                                      0.172     2.506 r  u_graph/u_compute/u_shared/u_output_slice/u_partial_sum_bank/p_0_out_inferred__5/i__carry__0/CO[7]
                         net (fo=1, routed)           0.030     2.536    u_graph/u_compute/u_shared/u_output_slice/u_partial_sum_bank/p_0_out_inferred__5/i__carry__0_n_0
    SLICE_X48Y58         CARRY8 (Prop_CARRY8_SLICEL_CI_O[6])
                                                      0.157     2.693 r  u_graph/u_compute/u_shared/u_output_slice/u_partial_sum_bank/p_0_out_inferred__5/i__carry__1/O[6]
                         net (fo=1, routed)           0.571     3.264    u_graph/u_compute/u_shared/u_output_slice/u_partial_sum_bank/p_8_in9_in[22]
    SLICE_X51Y58         LUT5 (Prop_H6LUT_SLICEL_I4_O)
                                                      0.227     3.491 r  u_graph/u_compute/u_shared/u_output_slice/u_partial_sum_bank/mem_reg_23_i_1/O
                         net (fo=1, routed)           0.937     4.428    u_graph/u_compute/u_shared/u_output_slice/u_partial_sum_bank/mem_write_data[214]
    RAMB36_X1Y20         RAMB36E2                                     r  u_graph/u_compute/u_shared/u_output_slice/u_partial_sum_bank/mem_reg_23/DINADIN[7]
  -------------------------------------------------------------------    -------------------

                         (clock clk rise edge)        5.000     5.000 r  
                                                      0.000     5.000 r  clk (IN)
                         net (fo=9269, unset)         0.047     5.047    u_graph/u_compute/u_shared/u_output_slice/u_partial_sum_bank/clk
    RAMB36_X1Y20         RAMB36E2                                     r  u_graph/u_compute/u_shared/u_output_slice/u_partial_sum_bank/mem_reg_23/CLKARDCLK
                         clock pessimism              0.000     5.047    
                         clock uncertainty           -0.035     5.012    
    RAMB36_X1Y20         RAMB36E2 (Setup_RAMB36E2_RAMB36_CLKARDCLK_DINADIN[7])
                                                     -0.400     4.612    u_graph/u_compute/u_shared/u_output_slice/u_partial_sum_bank/mem_reg_23
  -------------------------------------------------------------------
                         required time                          4.612    
                         arrival time                          -4.428    
  -------------------------------------------------------------------
                         slack                                  0.184    

Slack (MET) :             0.185ns  (required time - arrival time)
  Source:                 fc_result_complete_n_base[3]
                            (input port clocked by clk  {rise@0.000ns fall@2.500ns period=5.000ns})
  Destination:            u_graph/u_compute/u_shared/u_output_slice/u_partial_sum_bank/mem_reg_10/ADDRBWRADDR[9]
                            (rising edge-triggered cell RAMB36E2 clocked by clk  {rise@0.000ns fall@2.500ns period=5.000ns})
  Path Group:             clk
  Path Type:              Setup (Max at Slow Process Corner)
  Requirement:            5.000ns  (clk rise@5.000ns - clk rise@0.000ns)
  Data Path Delay:        3.367ns  (logic 1.182ns (35.110%)  route 2.185ns (64.890%))
  Logic Levels:           11  (LUT3=1 LUT4=1 LUT5=3 LUT6=6)
  Input Delay:            1.000ns
  Clock Path Skew:        0.048ns (DCD - SCD + CPR)
    Destination Clock Delay (DCD):    0.048ns = ( 5.048 - 5.000 ) 
    Source Clock Delay      (SCD):    0.000ns
    Clock Pessimism Removal (CPR):    0.000ns
  Clock Uncertainty:      0.035ns  ((TSJ^2 + TIJ^2)^1/2 + DJ) / 2 + PE
    Total System Jitter     (TSJ):    0.071ns
    Total Input Jitter      (TIJ):    0.000ns
    Discrete Jitter          (DJ):    0.000ns
    Phase Error              (PE):    0.000ns

    Location             Delay type                Incr(ns)  Path(ns)    Netlist Resource(s)
  -------------------------------------------------------------------    -------------------
                         (clock clk rise edge)        0.000     0.000 r  
                         input delay                  1.000     1.000    
                                                      0.000     1.000 r  fc_result_complete_n_base[3] (IN)
                         net (fo=0)                   0.000     1.000    u_graph/u_compute/u_fc/u_controller/fc_result_complete_n_base[3]
    SLICE_X38Y56         LUT6 (Prop_C6LUT_SLICEM_I0_O)
                                                      0.220     1.220 r  u_graph/u_compute/u_fc/u_controller/fc_parameter_ready_INST_0_i_15/O
                         net (fo=1, routed)           0.073     1.293    u_graph/u_compute/u_fc/u_controller/fc_parameter_ready_INST_0_i_15_n_0
    SLICE_X38Y56         LUT6 (Prop_F6LUT_SLICEM_I0_O)
                                                      0.224     1.517 r  u_graph/u_compute/u_fc/u_controller/fc_parameter_ready_INST_0_i_13/O
                         net (fo=1, routed)           0.050     1.567    u_graph/u_compute/u_fc/u_controller/fc_parameter_ready_INST_0_i_13_n_0
    SLICE_X38Y56         LUT6 (Prop_G6LUT_SLICEM_I4_O)
                                                      0.082     1.649 r  u_graph/u_compute/u_fc/u_controller/fc_parameter_ready_INST_0_i_4/O
                         net (fo=2, routed)           0.119     1.768    u_graph/u_compute/u_fc/u_controller/result_ack_bad2__24
    SLICE_X38Y58         LUT6 (Prop_H6LUT_SLICEM_I2_O)
                                                      0.154     1.922 r  u_graph/u_compute/u_fc/u_controller/fc_parameter_ready_INST_0_i_1/O
                         net (fo=11, routed)          0.113     2.035    u_graph/u_compute/u_fc/u_controller/fc_result_complete_error_0
    SLICE_X38Y60         LUT6 (Prop_B6LUT_SLICEM_I0_O)
                                                      0.057     2.092 f  u_graph/u_compute/u_fc/u_controller/cfg_n_base_q[12]_i_1/O
                         net (fo=24, routed)          0.063     2.155    u_graph/u_compute/u_shared/u_output_slice/u_partial_sum_bank/cfg_valid0
    SLICE_X38Y60         LUT5 (Prop_E6LUT_SLICEM_I4_O)
                                                      0.057     2.212 f  u_graph/u_compute/u_shared/u_output_slice/u_partial_sum_bank/valid_q[0]_i_2/O
                         net (fo=4, routed)           0.215     2.426    u_graph/u_compute/u_shared/u_output_slice/u_partial_sum_bank/cfg_fire
    SLICE_X41Y62         LUT3 (Prop_E6LUT_SLICEM_I1_O)
                                                      0.057     2.483 f  u_graph/u_compute/u_shared/u_output_slice/u_partial_sum_bank/egress_word_q[250]_i_2/O
                         net (fo=15, routed)          0.061     2.544    u_graph/u_compute/u_shared/u_output_slice/u_router/cfg_fire_0
    SLICE_X41Y62         LUT5 (Prop_C6LUT_SLICEM_I0_O)
                                                      0.056     2.600 r  u_graph/u_compute/u_shared/u_output_slice/u_router/valid_q[4]_i_1/O
                         net (fo=18, routed)          0.110     2.710    u_graph/u_compute/u_shared/u_output_slice/u_partial_sum_bank/advance
    SLICE_X42Y62         LUT5 (Prop_C6LUT_SLICEL_I2_O)
                                                      0.056     2.766 r  u_graph/u_compute/u_shared/u_output_slice/u_partial_sum_bank/emit_reads_issued_q[10]_i_2/O
                         net (fo=7, routed)           0.344     3.110    u_graph/u_compute/u_shared/u_output_slice/u_partial_sum_bank/emit_read_stage_ready__1
    SLICE_X46Y62         LUT6 (Prop_C6LUT_SLICEL_I0_O)
                                                      0.081     3.191 r  u_graph/u_compute/u_shared/u_output_slice/u_partial_sum_bank/mem_reg_0_i_41/O
                         net (fo=12, routed)          0.082     3.273    u_graph/u_compute/u_shared/u_output_slice/u_partial_sum_bank/mem_reg_0_i_41_n_0
    SLICE_X46Y62         LUT4 (Prop_B6LUT_SLICEL_I1_O)
                                                      0.138     3.411 r  u_graph/u_compute/u_shared/u_output_slice/u_partial_sum_bank/mem_reg_0_i_20/O
                         net (fo=28, routed)          0.956     4.367    u_graph/u_compute/u_shared/u_output_slice/u_partial_sum_bank/mem_read_addr[6]
    RAMB36_X2Y7          RAMB36E2                                     r  u_graph/u_compute/u_shared/u_output_slice/u_partial_sum_bank/mem_reg_10/ADDRBWRADDR[9]
  -------------------------------------------------------------------    -------------------

                         (clock clk rise edge)        5.000     5.000 r  
                                                      0.000     5.000 r  clk (IN)
                         net (fo=9269, unset)         0.048     5.048    u_graph/u_compute/u_shared/u_output_slice/u_partial_sum_bank/clk
    RAMB36_X2Y7          RAMB36E2                                     r  u_graph/u_compute/u_shared/u_output_slice/u_partial_sum_bank/mem_reg_10/CLKBWRCLK
                         clock pessimism              0.000     5.048    
                         clock uncertainty           -0.035     5.013    
    RAMB36_X2Y7          RAMB36E2 (Setup_RAMB36E2_RAMB36_CLKBWRCLK_ADDRBWRADDR[9])
                                                     -0.461     4.552    u_graph/u_compute/u_shared/u_output_slice/u_partial_sum_bank/mem_reg_10
  -------------------------------------------------------------------
                         required time                          4.552    
                         arrival time                          -4.367    
  -------------------------------------------------------------------
                         slack                                  0.185    





Min Delay Paths
--------------------------------------------------------------------------------------
Slack (MET) :             0.046ns  (arrival time - required time)
  Source:                 u_graph/u_compute/u_shared/u_sa/g_pe_row[0].g_pe_col[0].u_pe/product_reg_reg/DSP_PREADD_DATA_INST/CLK
                            (rising edge-triggered cell DSP_PREADD_DATA clocked by clk  {rise@0.000ns fall@2.500ns period=5.000ns})
  Destination:            u_graph/u_compute/u_shared/u_sa/g_pe_row[0].g_pe_col[0].u_pe/product_reg_reg/DSP_PREADD_DATA_INST/AD[0]
                            (rising edge-triggered cell DSP_PREADD_DATA clocked by clk  {rise@0.000ns fall@2.500ns period=5.000ns})
  Path Group:             clk
  Path Type:              Hold (Min at Fast Process Corner)
  Requirement:            0.000ns  (clk rise@0.000ns - clk rise@0.000ns)
  Data Path Delay:        0.114ns  (logic 0.114ns (100.000%)  route 0.000ns (0.000%))
  Logic Levels:           1  (DSP_PREADD=1)
  Clock Path Skew:        0.008ns (DCD - SCD - CPR)
    Destination Clock Delay (DCD):    0.042ns
    Source Clock Delay      (SCD):    0.034ns
    Clock Pessimism Removal (CPR):    -0.000ns

    Location             Delay type                Incr(ns)  Path(ns)    Netlist Resource(s)
  -------------------------------------------------------------------    -------------------
                         (clock clk rise edge)        0.000     0.000 r  
                                                      0.000     0.000 r  clk (IN)
                         net (fo=9269, unset)         0.034     0.034    u_graph/u_compute/u_shared/u_sa/g_pe_row[0].g_pe_col[0].u_pe/product_reg_reg/CLK
    DSP48E2_X10Y10       DSP_PREADD_DATA                              r  u_graph/u_compute/u_shared/u_sa/g_pe_row[0].g_pe_col[0].u_pe/product_reg_reg/DSP_PREADD_DATA_INST/CLK
  -------------------------------------------------------------------    -------------------
    DSP48E2_X10Y10       DSP_PREADD_DATA (Prop_DSP_PREADD_DATA_DSP48E2_CLK_D_DATA[0])
                                                      0.081     0.115 r  u_graph/u_compute/u_shared/u_sa/g_pe_row[0].g_pe_col[0].u_pe/product_reg_reg/DSP_PREADD_DATA_INST/D_DATA[0]
                         net (fo=1, routed)           0.000     0.115    u_graph/u_compute/u_shared/u_sa/g_pe_row[0].g_pe_col[0].u_pe/product_reg_reg/DSP_PREADD_DATA.D_DATA<0>
    DSP48E2_X10Y10       DSP_PREADD (Prop_DSP_PREADD_DSP48E2_D_DATA[0]_AD[0])
                                                      0.033     0.148 r  u_graph/u_compute/u_shared/u_sa/g_pe_row[0].g_pe_col[0].u_pe/product_reg_reg/DSP_PREADD_INST/AD[0]
                         net (fo=1, routed)           0.000     0.148    u_graph/u_compute/u_shared/u_sa/g_pe_row[0].g_pe_col[0].u_pe/product_reg_reg/DSP_PREADD.AD<0>
    DSP48E2_X10Y10       DSP_PREADD_DATA                              r  u_graph/u_compute/u_shared/u_sa/g_pe_row[0].g_pe_col[0].u_pe/product_reg_reg/DSP_PREADD_DATA_INST/AD[0]
  -------------------------------------------------------------------    -------------------

                         (clock clk rise edge)        0.000     0.000 r  
                                                      0.000     0.000 r  clk (IN)
                         net (fo=9269, unset)         0.042     0.042    u_graph/u_compute/u_shared/u_sa/g_pe_row[0].g_pe_col[0].u_pe/product_reg_reg/CLK
    DSP48E2_X10Y10       DSP_PREADD_DATA                              r  u_graph/u_compute/u_shared/u_sa/g_pe_row[0].g_pe_col[0].u_pe/product_reg_reg/DSP_PREADD_DATA_INST/CLK
                         clock pessimism              0.000     0.042    
    DSP48E2_X10Y10       DSP_PREADD_DATA (Hold_DSP_PREADD_DATA_DSP48E2_CLK_AD[0])
                                                      0.060     0.102    u_graph/u_compute/u_shared/u_sa/g_pe_row[0].g_pe_col[0].u_pe/product_reg_reg/DSP_PREADD_DATA_INST
  -------------------------------------------------------------------
                         required time                         -0.102    
                         arrival time                           0.148    
  -------------------------------------------------------------------
                         slack                                  0.046    

Slack (MET) :             0.046ns  (arrival time - required time)
  Source:                 u_graph/u_compute/u_shared/u_sa/g_pe_row[0].g_pe_col[0].u_pe/product_reg_reg/DSP_PREADD_DATA_INST/CLK
                            (rising edge-triggered cell DSP_PREADD_DATA clocked by clk  {rise@0.000ns fall@2.500ns period=5.000ns})
  Destination:            u_graph/u_compute/u_shared/u_sa/g_pe_row[0].g_pe_col[0].u_pe/product_reg_reg/DSP_PREADD_DATA_INST/AD[10]
                            (rising edge-triggered cell DSP_PREADD_DATA clocked by clk  {rise@0.000ns fall@2.500ns period=5.000ns})
  Path Group:             clk
  Path Type:              Hold (Min at Fast Process Corner)
  Requirement:            0.000ns  (clk rise@0.000ns - clk rise@0.000ns)
  Data Path Delay:        0.114ns  (logic 0.114ns (100.000%)  route 0.000ns (0.000%))
  Logic Levels:           1  (DSP_PREADD=1)
  Clock Path Skew:        0.008ns (DCD - SCD - CPR)
    Destination Clock Delay (DCD):    0.042ns
    Source Clock Delay      (SCD):    0.034ns
    Clock Pessimism Removal (CPR):    -0.000ns

    Location             Delay type                Incr(ns)  Path(ns)    Netlist Resource(s)
  -------------------------------------------------------------------    -------------------
                         (clock clk rise edge)        0.000     0.000 r  
                                                      0.000     0.000 r  clk (IN)
                         net (fo=9269, unset)         0.034     0.034    u_graph/u_compute/u_shared/u_sa/g_pe_row[0].g_pe_col[0].u_pe/product_reg_reg/CLK
    DSP48E2_X10Y10       DSP_PREADD_DATA                              r  u_graph/u_compute/u_shared/u_sa/g_pe_row[0].g_pe_col[0].u_pe/product_reg_reg/DSP_PREADD_DATA_INST/CLK
  -------------------------------------------------------------------    -------------------
    DSP48E2_X10Y10       DSP_PREADD_DATA (Prop_DSP_PREADD_DATA_DSP48E2_CLK_D_DATA[10])
                                                      0.081     0.115 r  u_graph/u_compute/u_shared/u_sa/g_pe_row[0].g_pe_col[0].u_pe/product_reg_reg/DSP_PREADD_DATA_INST/D_DATA[10]
                         net (fo=1, routed)           0.000     0.115    u_graph/u_compute/u_shared/u_sa/g_pe_row[0].g_pe_col[0].u_pe/product_reg_reg/DSP_PREADD_DATA.D_DATA<10>
    DSP48E2_X10Y10       DSP_PREADD (Prop_DSP_PREADD_DSP48E2_D_DATA[10]_AD[10])
                                                      0.033     0.148 r  u_graph/u_compute/u_shared/u_sa/g_pe_row[0].g_pe_col[0].u_pe/product_reg_reg/DSP_PREADD_INST/AD[10]
                         net (fo=1, routed)           0.000     0.148    u_graph/u_compute/u_shared/u_sa/g_pe_row[0].g_pe_col[0].u_pe/product_reg_reg/DSP_PREADD.AD<10>
    DSP48E2_X10Y10       DSP_PREADD_DATA                              r  u_graph/u_compute/u_shared/u_sa/g_pe_row[0].g_pe_col[0].u_pe/product_reg_reg/DSP_PREADD_DATA_INST/AD[10]
  -------------------------------------------------------------------    -------------------

                         (clock clk rise edge)        0.000     0.000 r  
                                                      0.000     0.000 r  clk (IN)
                         net (fo=9269, unset)         0.042     0.042    u_graph/u_compute/u_shared/u_sa/g_pe_row[0].g_pe_col[0].u_pe/product_reg_reg/CLK
    DSP48E2_X10Y10       DSP_PREADD_DATA                              r  u_graph/u_compute/u_shared/u_sa/g_pe_row[0].g_pe_col[0].u_pe/product_reg_reg/DSP_PREADD_DATA_INST/CLK
                         clock pessimism              0.000     0.042    
    DSP48E2_X10Y10       DSP_PREADD_DATA (Hold_DSP_PREADD_DATA_DSP48E2_CLK_AD[10])
                                                      0.060     0.102    u_graph/u_compute/u_shared/u_sa/g_pe_row[0].g_pe_col[0].u_pe/product_reg_reg/DSP_PREADD_DATA_INST
  -------------------------------------------------------------------
                         required time                         -0.102    
                         arrival time                           0.148    
  -------------------------------------------------------------------
                         slack                                  0.046    

Slack (MET) :             0.046ns  (arrival time - required time)
  Source:                 u_graph/u_compute/u_shared/u_sa/g_pe_row[0].g_pe_col[0].u_pe/product_reg_reg/DSP_PREADD_DATA_INST/CLK
                            (rising edge-triggered cell DSP_PREADD_DATA clocked by clk  {rise@0.000ns fall@2.500ns period=5.000ns})
  Destination:            u_graph/u_compute/u_shared/u_sa/g_pe_row[0].g_pe_col[0].u_pe/product_reg_reg/DSP_PREADD_DATA_INST/AD[11]
                            (rising edge-triggered cell DSP_PREADD_DATA clocked by clk  {rise@0.000ns fall@2.500ns period=5.000ns})
  Path Group:             clk
  Path Type:              Hold (Min at Fast Process Corner)
  Requirement:            0.000ns  (clk rise@0.000ns - clk rise@0.000ns)
  Data Path Delay:        0.114ns  (logic 0.114ns (100.000%)  route 0.000ns (0.000%))
  Logic Levels:           1  (DSP_PREADD=1)
  Clock Path Skew:        0.008ns (DCD - SCD - CPR)
    Destination Clock Delay (DCD):    0.042ns
    Source Clock Delay      (SCD):    0.034ns
    Clock Pessimism Removal (CPR):    -0.000ns

    Location             Delay type                Incr(ns)  Path(ns)    Netlist Resource(s)
  -------------------------------------------------------------------    -------------------
                         (clock clk rise edge)        0.000     0.000 r  
                                                      0.000     0.000 r  clk (IN)
                         net (fo=9269, unset)         0.034     0.034    u_graph/u_compute/u_shared/u_sa/g_pe_row[0].g_pe_col[0].u_pe/product_reg_reg/CLK
    DSP48E2_X10Y10       DSP_PREADD_DATA                              r  u_graph/u_compute/u_shared/u_sa/g_pe_row[0].g_pe_col[0].u_pe/product_reg_reg/DSP_PREADD_DATA_INST/CLK
  -------------------------------------------------------------------    -------------------
    DSP48E2_X10Y10       DSP_PREADD_DATA (Prop_DSP_PREADD_DATA_DSP48E2_CLK_D_DATA[11])
                                                      0.081     0.115 r  u_graph/u_compute/u_shared/u_sa/g_pe_row[0].g_pe_col[0].u_pe/product_reg_reg/DSP_PREADD_DATA_INST/D_DATA[11]
                         net (fo=1, routed)           0.000     0.115    u_graph/u_compute/u_shared/u_sa/g_pe_row[0].g_pe_col[0].u_pe/product_reg_reg/DSP_PREADD_DATA.D_DATA<11>
    DSP48E2_X10Y10       DSP_PREADD (Prop_DSP_PREADD_DSP48E2_D_DATA[11]_AD[11])
                                                      0.033     0.148 r  u_graph/u_compute/u_shared/u_sa/g_pe_row[0].g_pe_col[0].u_pe/product_reg_reg/DSP_PREADD_INST/AD[11]
                         net (fo=1, routed)           0.000     0.148    u_graph/u_compute/u_shared/u_sa/g_pe_row[0].g_pe_col[0].u_pe/product_reg_reg/DSP_PREADD.AD<11>
    DSP48E2_X10Y10       DSP_PREADD_DATA                              r  u_graph/u_compute/u_shared/u_sa/g_pe_row[0].g_pe_col[0].u_pe/product_reg_reg/DSP_PREADD_DATA_INST/AD[11]
  -------------------------------------------------------------------    -------------------

                         (clock clk rise edge)        0.000     0.000 r  
                                                      0.000     0.000 r  clk (IN)
                         net (fo=9269, unset)         0.042     0.042    u_graph/u_compute/u_shared/u_sa/g_pe_row[0].g_pe_col[0].u_pe/product_reg_reg/CLK
    DSP48E2_X10Y10       DSP_PREADD_DATA                              r  u_graph/u_compute/u_shared/u_sa/g_pe_row[0].g_pe_col[0].u_pe/product_reg_reg/DSP_PREADD_DATA_INST/CLK
                         clock pessimism              0.000     0.042    
    DSP48E2_X10Y10       DSP_PREADD_DATA (Hold_DSP_PREADD_DATA_DSP48E2_CLK_AD[11])
                                                      0.060     0.102    u_graph/u_compute/u_shared/u_sa/g_pe_row[0].g_pe_col[0].u_pe/product_reg_reg/DSP_PREADD_DATA_INST
  -------------------------------------------------------------------
                         required time                         -0.102    
                         arrival time                           0.148    
  -------------------------------------------------------------------
                         slack                                  0.046    

Slack (MET) :             0.046ns  (arrival time - required time)
  Source:                 u_graph/u_compute/u_shared/u_sa/g_pe_row[0].g_pe_col[0].u_pe/product_reg_reg/DSP_PREADD_DATA_INST/CLK
                            (rising edge-triggered cell DSP_PREADD_DATA clocked by clk  {rise@0.000ns fall@2.500ns period=5.000ns})
  Destination:            u_graph/u_compute/u_shared/u_sa/g_pe_row[0].g_pe_col[0].u_pe/product_reg_reg/DSP_PREADD_DATA_INST/AD[12]
                            (rising edge-triggered cell DSP_PREADD_DATA clocked by clk  {rise@0.000ns fall@2.500ns period=5.000ns})
  Path Group:             clk
  Path Type:              Hold (Min at Fast Process Corner)
  Requirement:            0.000ns  (clk rise@0.000ns - clk rise@0.000ns)
  Data Path Delay:        0.114ns  (logic 0.114ns (100.000%)  route 0.000ns (0.000%))
  Logic Levels:           1  (DSP_PREADD=1)
  Clock Path Skew:        0.008ns (DCD - SCD - CPR)
    Destination Clock Delay (DCD):    0.042ns
    Source Clock Delay      (SCD):    0.034ns
    Clock Pessimism Removal (CPR):    -0.000ns

    Location             Delay type                Incr(ns)  Path(ns)    Netlist Resource(s)
  -------------------------------------------------------------------    -------------------
                         (clock clk rise edge)        0.000     0.000 r  
                                                      0.000     0.000 r  clk (IN)
                         net (fo=9269, unset)         0.034     0.034    u_graph/u_compute/u_shared/u_sa/g_pe_row[0].g_pe_col[0].u_pe/product_reg_reg/CLK
    DSP48E2_X10Y10       DSP_PREADD_DATA                              r  u_graph/u_compute/u_shared/u_sa/g_pe_row[0].g_pe_col[0].u_pe/product_reg_reg/DSP_PREADD_DATA_INST/CLK
  -------------------------------------------------------------------    -------------------
    DSP48E2_X10Y10       DSP_PREADD_DATA (Prop_DSP_PREADD_DATA_DSP48E2_CLK_D_DATA[12])
                                                      0.081     0.115 r  u_graph/u_compute/u_shared/u_sa/g_pe_row[0].g_pe_col[0].u_pe/product_reg_reg/DSP_PREADD_DATA_INST/D_DATA[12]
                         net (fo=1, routed)           0.000     0.115    u_graph/u_compute/u_shared/u_sa/g_pe_row[0].g_pe_col[0].u_pe/product_reg_reg/DSP_PREADD_DATA.D_DATA<12>
    DSP48E2_X10Y10       DSP_PREADD (Prop_DSP_PREADD_DSP48E2_D_DATA[12]_AD[12])
                                                      0.033     0.148 r  u_graph/u_compute/u_shared/u_sa/g_pe_row[0].g_pe_col[0].u_pe/product_reg_reg/DSP_PREADD_INST/AD[12]
                         net (fo=1, routed)           0.000     0.148    u_graph/u_compute/u_shared/u_sa/g_pe_row[0].g_pe_col[0].u_pe/product_reg_reg/DSP_PREADD.AD<12>
    DSP48E2_X10Y10       DSP_PREADD_DATA                              r  u_graph/u_compute/u_shared/u_sa/g_pe_row[0].g_pe_col[0].u_pe/product_reg_reg/DSP_PREADD_DATA_INST/AD[12]
  -------------------------------------------------------------------    -------------------

                         (clock clk rise edge)        0.000     0.000 r  
                                                      0.000     0.000 r  clk (IN)
                         net (fo=9269, unset)         0.042     0.042    u_graph/u_compute/u_shared/u_sa/g_pe_row[0].g_pe_col[0].u_pe/product_reg_reg/CLK
    DSP48E2_X10Y10       DSP_PREADD_DATA                              r  u_graph/u_compute/u_shared/u_sa/g_pe_row[0].g_pe_col[0].u_pe/product_reg_reg/DSP_PREADD_DATA_INST/CLK
                         clock pessimism              0.000     0.042    
    DSP48E2_X10Y10       DSP_PREADD_DATA (Hold_DSP_PREADD_DATA_DSP48E2_CLK_AD[12])
                                                      0.060     0.102    u_graph/u_compute/u_shared/u_sa/g_pe_row[0].g_pe_col[0].u_pe/product_reg_reg/DSP_PREADD_DATA_INST
  -------------------------------------------------------------------
                         required time                         -0.102    
                         arrival time                           0.148    
  -------------------------------------------------------------------
                         slack                                  0.046    

Slack (MET) :             0.046ns  (arrival time - required time)
  Source:                 u_graph/u_compute/u_shared/u_sa/g_pe_row[0].g_pe_col[0].u_pe/product_reg_reg/DSP_PREADD_DATA_INST/CLK
                            (rising edge-triggered cell DSP_PREADD_DATA clocked by clk  {rise@0.000ns fall@2.500ns period=5.000ns})
  Destination:            u_graph/u_compute/u_shared/u_sa/g_pe_row[0].g_pe_col[0].u_pe/product_reg_reg/DSP_PREADD_DATA_INST/AD[13]
                            (rising edge-triggered cell DSP_PREADD_DATA clocked by clk  {rise@0.000ns fall@2.500ns period=5.000ns})
  Path Group:             clk
  Path Type:              Hold (Min at Fast Process Corner)
  Requirement:            0.000ns  (clk rise@0.000ns - clk rise@0.000ns)
  Data Path Delay:        0.114ns  (logic 0.114ns (100.000%)  route 0.000ns (0.000%))
  Logic Levels:           1  (DSP_PREADD=1)
  Clock Path Skew:        0.008ns (DCD - SCD - CPR)
    Destination Clock Delay (DCD):    0.042ns
    Source Clock Delay      (SCD):    0.034ns
    Clock Pessimism Removal (CPR):    -0.000ns

    Location             Delay type                Incr(ns)  Path(ns)    Netlist Resource(s)
  -------------------------------------------------------------------    -------------------
                         (clock clk rise edge)        0.000     0.000 r  
                                                      0.000     0.000 r  clk (IN)
                         net (fo=9269, unset)         0.034     0.034    u_graph/u_compute/u_shared/u_sa/g_pe_row[0].g_pe_col[0].u_pe/product_reg_reg/CLK
    DSP48E2_X10Y10       DSP_PREADD_DATA                              r  u_graph/u_compute/u_shared/u_sa/g_pe_row[0].g_pe_col[0].u_pe/product_reg_reg/DSP_PREADD_DATA_INST/CLK
  -------------------------------------------------------------------    -------------------
    DSP48E2_X10Y10       DSP_PREADD_DATA (Prop_DSP_PREADD_DATA_DSP48E2_CLK_D_DATA[13])
                                                      0.081     0.115 r  u_graph/u_compute/u_shared/u_sa/g_pe_row[0].g_pe_col[0].u_pe/product_reg_reg/DSP_PREADD_DATA_INST/D_DATA[13]
                         net (fo=1, routed)           0.000     0.115    u_graph/u_compute/u_shared/u_sa/g_pe_row[0].g_pe_col[0].u_pe/product_reg_reg/DSP_PREADD_DATA.D_DATA<13>
    DSP48E2_X10Y10       DSP_PREADD (Prop_DSP_PREADD_DSP48E2_D_DATA[13]_AD[13])
                                                      0.033     0.148 r  u_graph/u_compute/u_shared/u_sa/g_pe_row[0].g_pe_col[0].u_pe/product_reg_reg/DSP_PREADD_INST/AD[13]
                         net (fo=1, routed)           0.000     0.148    u_graph/u_compute/u_shared/u_sa/g_pe_row[0].g_pe_col[0].u_pe/product_reg_reg/DSP_PREADD.AD<13>
    DSP48E2_X10Y10       DSP_PREADD_DATA                              r  u_graph/u_compute/u_shared/u_sa/g_pe_row[0].g_pe_col[0].u_pe/product_reg_reg/DSP_PREADD_DATA_INST/AD[13]
  -------------------------------------------------------------------    -------------------

                         (clock clk rise edge)        0.000     0.000 r  
                                                      0.000     0.000 r  clk (IN)
                         net (fo=9269, unset)         0.042     0.042    u_graph/u_compute/u_shared/u_sa/g_pe_row[0].g_pe_col[0].u_pe/product_reg_reg/CLK
    DSP48E2_X10Y10       DSP_PREADD_DATA                              r  u_graph/u_compute/u_shared/u_sa/g_pe_row[0].g_pe_col[0].u_pe/product_reg_reg/DSP_PREADD_DATA_INST/CLK
                         clock pessimism              0.000     0.042    
    DSP48E2_X10Y10       DSP_PREADD_DATA (Hold_DSP_PREADD_DATA_DSP48E2_CLK_AD[13])
                                                      0.060     0.102    u_graph/u_compute/u_shared/u_sa/g_pe_row[0].g_pe_col[0].u_pe/product_reg_reg/DSP_PREADD_DATA_INST
  -------------------------------------------------------------------
                         required time                         -0.102    
                         arrival time                           0.148    
  -------------------------------------------------------------------
                         slack                                  0.046    

Slack (MET) :             0.046ns  (arrival time - required time)
  Source:                 u_graph/u_compute/u_shared/u_sa/g_pe_row[0].g_pe_col[0].u_pe/product_reg_reg/DSP_PREADD_DATA_INST/CLK
                            (rising edge-triggered cell DSP_PREADD_DATA clocked by clk  {rise@0.000ns fall@2.500ns period=5.000ns})
  Destination:            u_graph/u_compute/u_shared/u_sa/g_pe_row[0].g_pe_col[0].u_pe/product_reg_reg/DSP_PREADD_DATA_INST/AD[14]
                            (rising edge-triggered cell DSP_PREADD_DATA clocked by clk  {rise@0.000ns fall@2.500ns period=5.000ns})
  Path Group:             clk
  Path Type:              Hold (Min at Fast Process Corner)
  Requirement:            0.000ns  (clk rise@0.000ns - clk rise@0.000ns)
  Data Path Delay:        0.114ns  (logic 0.114ns (100.000%)  route 0.000ns (0.000%))
  Logic Levels:           1  (DSP_PREADD=1)
  Clock Path Skew:        0.008ns (DCD - SCD - CPR)
    Destination Clock Delay (DCD):    0.042ns
    Source Clock Delay      (SCD):    0.034ns
    Clock Pessimism Removal (CPR):    -0.000ns

    Location             Delay type                Incr(ns)  Path(ns)    Netlist Resource(s)
  -------------------------------------------------------------------    -------------------
                         (clock clk rise edge)        0.000     0.000 r  
                                                      0.000     0.000 r  clk (IN)
                         net (fo=9269, unset)         0.034     0.034    u_graph/u_compute/u_shared/u_sa/g_pe_row[0].g_pe_col[0].u_pe/product_reg_reg/CLK
    DSP48E2_X10Y10       DSP_PREADD_DATA                              r  u_graph/u_compute/u_shared/u_sa/g_pe_row[0].g_pe_col[0].u_pe/product_reg_reg/DSP_PREADD_DATA_INST/CLK
  -------------------------------------------------------------------    -------------------
    DSP48E2_X10Y10       DSP_PREADD_DATA (Prop_DSP_PREADD_DATA_DSP48E2_CLK_D_DATA[14])
                                                      0.081     0.115 r  u_graph/u_compute/u_shared/u_sa/g_pe_row[0].g_pe_col[0].u_pe/product_reg_reg/DSP_PREADD_DATA_INST/D_DATA[14]
                         net (fo=1, routed)           0.000     0.115    u_graph/u_compute/u_shared/u_sa/g_pe_row[0].g_pe_col[0].u_pe/product_reg_reg/DSP_PREADD_DATA.D_DATA<14>
    DSP48E2_X10Y10       DSP_PREADD (Prop_DSP_PREADD_DSP48E2_D_DATA[14]_AD[14])
                                                      0.033     0.148 r  u_graph/u_compute/u_shared/u_sa/g_pe_row[0].g_pe_col[0].u_pe/product_reg_reg/DSP_PREADD_INST/AD[14]
                         net (fo=1, routed)           0.000     0.148    u_graph/u_compute/u_shared/u_sa/g_pe_row[0].g_pe_col[0].u_pe/product_reg_reg/DSP_PREADD.AD<14>
    DSP48E2_X10Y10       DSP_PREADD_DATA                              r  u_graph/u_compute/u_shared/u_sa/g_pe_row[0].g_pe_col[0].u_pe/product_reg_reg/DSP_PREADD_DATA_INST/AD[14]
  -------------------------------------------------------------------    -------------------

                         (clock clk rise edge)        0.000     0.000 r  
                                                      0.000     0.000 r  clk (IN)
                         net (fo=9269, unset)         0.042     0.042    u_graph/u_compute/u_shared/u_sa/g_pe_row[0].g_pe_col[0].u_pe/product_reg_reg/CLK
    DSP48E2_X10Y10       DSP_PREADD_DATA                              r  u_graph/u_compute/u_shared/u_sa/g_pe_row[0].g_pe_col[0].u_pe/product_reg_reg/DSP_PREADD_DATA_INST/CLK
                         clock pessimism              0.000     0.042    
    DSP48E2_X10Y10       DSP_PREADD_DATA (Hold_DSP_PREADD_DATA_DSP48E2_CLK_AD[14])
                                                      0.060     0.102    u_graph/u_compute/u_shared/u_sa/g_pe_row[0].g_pe_col[0].u_pe/product_reg_reg/DSP_PREADD_DATA_INST
  -------------------------------------------------------------------
                         required time                         -0.102    
                         arrival time                           0.148    
  -------------------------------------------------------------------
                         slack                                  0.046    

Slack (MET) :             0.046ns  (arrival time - required time)
  Source:                 u_graph/u_compute/u_shared/u_sa/g_pe_row[0].g_pe_col[0].u_pe/product_reg_reg/DSP_PREADD_DATA_INST/CLK
                            (rising edge-triggered cell DSP_PREADD_DATA clocked by clk  {rise@0.000ns fall@2.500ns period=5.000ns})
  Destination:            u_graph/u_compute/u_shared/u_sa/g_pe_row[0].g_pe_col[0].u_pe/product_reg_reg/DSP_PREADD_DATA_INST/AD[15]
                            (rising edge-triggered cell DSP_PREADD_DATA clocked by clk  {rise@0.000ns fall@2.500ns period=5.000ns})
  Path Group:             clk
  Path Type:              Hold (Min at Fast Process Corner)
  Requirement:            0.000ns  (clk rise@0.000ns - clk rise@0.000ns)
  Data Path Delay:        0.114ns  (logic 0.114ns (100.000%)  route 0.000ns (0.000%))
  Logic Levels:           1  (DSP_PREADD=1)
  Clock Path Skew:        0.008ns (DCD - SCD - CPR)
    Destination Clock Delay (DCD):    0.042ns
    Source Clock Delay      (SCD):    0.034ns
    Clock Pessimism Removal (CPR):    -0.000ns

    Location             Delay type                Incr(ns)  Path(ns)    Netlist Resource(s)
  -------------------------------------------------------------------    -------------------
                         (clock clk rise edge)        0.000     0.000 r  
                                                      0.000     0.000 r  clk (IN)
                         net (fo=9269, unset)         0.034     0.034    u_graph/u_compute/u_shared/u_sa/g_pe_row[0].g_pe_col[0].u_pe/product_reg_reg/CLK
    DSP48E2_X10Y10       DSP_PREADD_DATA                              r  u_graph/u_compute/u_shared/u_sa/g_pe_row[0].g_pe_col[0].u_pe/product_reg_reg/DSP_PREADD_DATA_INST/CLK
  -------------------------------------------------------------------    -------------------
    DSP48E2_X10Y10       DSP_PREADD_DATA (Prop_DSP_PREADD_DATA_DSP48E2_CLK_D_DATA[15])
                                                      0.081     0.115 r  u_graph/u_compute/u_shared/u_sa/g_pe_row[0].g_pe_col[0].u_pe/product_reg_reg/DSP_PREADD_DATA_INST/D_DATA[15]
                         net (fo=1, routed)           0.000     0.115    u_graph/u_compute/u_shared/u_sa/g_pe_row[0].g_pe_col[0].u_pe/product_reg_reg/DSP_PREADD_DATA.D_DATA<15>
    DSP48E2_X10Y10       DSP_PREADD (Prop_DSP_PREADD_DSP48E2_D_DATA[15]_AD[15])
                                                      0.033     0.148 r  u_graph/u_compute/u_shared/u_sa/g_pe_row[0].g_pe_col[0].u_pe/product_reg_reg/DSP_PREADD_INST/AD[15]
                         net (fo=1, routed)           0.000     0.148    u_graph/u_compute/u_shared/u_sa/g_pe_row[0].g_pe_col[0].u_pe/product_reg_reg/DSP_PREADD.AD<15>
    DSP48E2_X10Y10       DSP_PREADD_DATA                              r  u_graph/u_compute/u_shared/u_sa/g_pe_row[0].g_pe_col[0].u_pe/product_reg_reg/DSP_PREADD_DATA_INST/AD[15]
  -------------------------------------------------------------------    -------------------

                         (clock clk rise edge)        0.000     0.000 r  
                                                      0.000     0.000 r  clk (IN)
                         net (fo=9269, unset)         0.042     0.042    u_graph/u_compute/u_shared/u_sa/g_pe_row[0].g_pe_col[0].u_pe/product_reg_reg/CLK
    DSP48E2_X10Y10       DSP_PREADD_DATA                              r  u_graph/u_compute/u_shared/u_sa/g_pe_row[0].g_pe_col[0].u_pe/product_reg_reg/DSP_PREADD_DATA_INST/CLK
                         clock pessimism              0.000     0.042    
    DSP48E2_X10Y10       DSP_PREADD_DATA (Hold_DSP_PREADD_DATA_DSP48E2_CLK_AD[15])
                                                      0.060     0.102    u_graph/u_compute/u_shared/u_sa/g_pe_row[0].g_pe_col[0].u_pe/product_reg_reg/DSP_PREADD_DATA_INST
  -------------------------------------------------------------------
                         required time                         -0.102    
                         arrival time                           0.148    
  -------------------------------------------------------------------
                         slack                                  0.046    

Slack (MET) :             0.046ns  (arrival time - required time)
  Source:                 u_graph/u_compute/u_shared/u_sa/g_pe_row[0].g_pe_col[0].u_pe/product_reg_reg/DSP_PREADD_DATA_INST/CLK
                            (rising edge-triggered cell DSP_PREADD_DATA clocked by clk  {rise@0.000ns fall@2.500ns period=5.000ns})
  Destination:            u_graph/u_compute/u_shared/u_sa/g_pe_row[0].g_pe_col[0].u_pe/product_reg_reg/DSP_PREADD_DATA_INST/AD[16]
                            (rising edge-triggered cell DSP_PREADD_DATA clocked by clk  {rise@0.000ns fall@2.500ns period=5.000ns})
  Path Group:             clk
  Path Type:              Hold (Min at Fast Process Corner)
  Requirement:            0.000ns  (clk rise@0.000ns - clk rise@0.000ns)
  Data Path Delay:        0.114ns  (logic 0.114ns (100.000%)  route 0.000ns (0.000%))
  Logic Levels:           1  (DSP_PREADD=1)
  Clock Path Skew:        0.008ns (DCD - SCD - CPR)
    Destination Clock Delay (DCD):    0.042ns
    Source Clock Delay      (SCD):    0.034ns
    Clock Pessimism Removal (CPR):    -0.000ns

    Location             Delay type                Incr(ns)  Path(ns)    Netlist Resource(s)
  -------------------------------------------------------------------    -------------------
                         (clock clk rise edge)        0.000     0.000 r  
                                                      0.000     0.000 r  clk (IN)
                         net (fo=9269, unset)         0.034     0.034    u_graph/u_compute/u_shared/u_sa/g_pe_row[0].g_pe_col[0].u_pe/product_reg_reg/CLK
    DSP48E2_X10Y10       DSP_PREADD_DATA                              r  u_graph/u_compute/u_shared/u_sa/g_pe_row[0].g_pe_col[0].u_pe/product_reg_reg/DSP_PREADD_DATA_INST/CLK
  -------------------------------------------------------------------    -------------------
    DSP48E2_X10Y10       DSP_PREADD_DATA (Prop_DSP_PREADD_DATA_DSP48E2_CLK_D_DATA[16])
                                                      0.081     0.115 r  u_graph/u_compute/u_shared/u_sa/g_pe_row[0].g_pe_col[0].u_pe/product_reg_reg/DSP_PREADD_DATA_INST/D_DATA[16]
                         net (fo=1, routed)           0.000     0.115    u_graph/u_compute/u_shared/u_sa/g_pe_row[0].g_pe_col[0].u_pe/product_reg_reg/DSP_PREADD_DATA.D_DATA<16>
    DSP48E2_X10Y10       DSP_PREADD (Prop_DSP_PREADD_DSP48E2_D_DATA[16]_AD[16])
                                                      0.033     0.148 r  u_graph/u_compute/u_shared/u_sa/g_pe_row[0].g_pe_col[0].u_pe/product_reg_reg/DSP_PREADD_INST/AD[16]
                         net (fo=1, routed)           0.000     0.148    u_graph/u_compute/u_shared/u_sa/g_pe_row[0].g_pe_col[0].u_pe/product_reg_reg/DSP_PREADD.AD<16>
    DSP48E2_X10Y10       DSP_PREADD_DATA                              r  u_graph/u_compute/u_shared/u_sa/g_pe_row[0].g_pe_col[0].u_pe/product_reg_reg/DSP_PREADD_DATA_INST/AD[16]
  -------------------------------------------------------------------    -------------------

                         (clock clk rise edge)        0.000     0.000 r  
                                                      0.000     0.000 r  clk (IN)
                         net (fo=9269, unset)         0.042     0.042    u_graph/u_compute/u_shared/u_sa/g_pe_row[0].g_pe_col[0].u_pe/product_reg_reg/CLK
    DSP48E2_X10Y10       DSP_PREADD_DATA                              r  u_graph/u_compute/u_shared/u_sa/g_pe_row[0].g_pe_col[0].u_pe/product_reg_reg/DSP_PREADD_DATA_INST/CLK
                         clock pessimism              0.000     0.042    
    DSP48E2_X10Y10       DSP_PREADD_DATA (Hold_DSP_PREADD_DATA_DSP48E2_CLK_AD[16])
                                                      0.060     0.102    u_graph/u_compute/u_shared/u_sa/g_pe_row[0].g_pe_col[0].u_pe/product_reg_reg/DSP_PREADD_DATA_INST
  -------------------------------------------------------------------
                         required time                         -0.102    
                         arrival time                           0.148    
  -------------------------------------------------------------------
                         slack                                  0.046    

Slack (MET) :             0.046ns  (arrival time - required time)
  Source:                 u_graph/u_compute/u_shared/u_sa/g_pe_row[0].g_pe_col[0].u_pe/product_reg_reg/DSP_PREADD_DATA_INST/CLK
                            (rising edge-triggered cell DSP_PREADD_DATA clocked by clk  {rise@0.000ns fall@2.500ns period=5.000ns})
  Destination:            u_graph/u_compute/u_shared/u_sa/g_pe_row[0].g_pe_col[0].u_pe/product_reg_reg/DSP_PREADD_DATA_INST/AD[17]
                            (rising edge-triggered cell DSP_PREADD_DATA clocked by clk  {rise@0.000ns fall@2.500ns period=5.000ns})
  Path Group:             clk
  Path Type:              Hold (Min at Fast Process Corner)
  Requirement:            0.000ns  (clk rise@0.000ns - clk rise@0.000ns)
  Data Path Delay:        0.114ns  (logic 0.114ns (100.000%)  route 0.000ns (0.000%))
  Logic Levels:           1  (DSP_PREADD=1)
  Clock Path Skew:        0.008ns (DCD - SCD - CPR)
    Destination Clock Delay (DCD):    0.042ns
    Source Clock Delay      (SCD):    0.034ns
    Clock Pessimism Removal (CPR):    -0.000ns

    Location             Delay type                Incr(ns)  Path(ns)    Netlist Resource(s)
  -------------------------------------------------------------------    -------------------
                         (clock clk rise edge)        0.000     0.000 r  
                                                      0.000     0.000 r  clk (IN)
                         net (fo=9269, unset)         0.034     0.034    u_graph/u_compute/u_shared/u_sa/g_pe_row[0].g_pe_col[0].u_pe/product_reg_reg/CLK
    DSP48E2_X10Y10       DSP_PREADD_DATA                              r  u_graph/u_compute/u_shared/u_sa/g_pe_row[0].g_pe_col[0].u_pe/product_reg_reg/DSP_PREADD_DATA_INST/CLK
  -------------------------------------------------------------------    -------------------
    DSP48E2_X10Y10       DSP_PREADD_DATA (Prop_DSP_PREADD_DATA_DSP48E2_CLK_D_DATA[17])
                                                      0.081     0.115 r  u_graph/u_compute/u_shared/u_sa/g_pe_row[0].g_pe_col[0].u_pe/product_reg_reg/DSP_PREADD_DATA_INST/D_DATA[17]
                         net (fo=1, routed)           0.000     0.115    u_graph/u_compute/u_shared/u_sa/g_pe_row[0].g_pe_col[0].u_pe/product_reg_reg/DSP_PREADD_DATA.D_DATA<17>
    DSP48E2_X10Y10       DSP_PREADD (Prop_DSP_PREADD_DSP48E2_D_DATA[17]_AD[17])
                                                      0.033     0.148 r  u_graph/u_compute/u_shared/u_sa/g_pe_row[0].g_pe_col[0].u_pe/product_reg_reg/DSP_PREADD_INST/AD[17]
                         net (fo=1, routed)           0.000     0.148    u_graph/u_compute/u_shared/u_sa/g_pe_row[0].g_pe_col[0].u_pe/product_reg_reg/DSP_PREADD.AD<17>
    DSP48E2_X10Y10       DSP_PREADD_DATA                              r  u_graph/u_compute/u_shared/u_sa/g_pe_row[0].g_pe_col[0].u_pe/product_reg_reg/DSP_PREADD_DATA_INST/AD[17]
  -------------------------------------------------------------------    -------------------

                         (clock clk rise edge)        0.000     0.000 r  
                                                      0.000     0.000 r  clk (IN)
                         net (fo=9269, unset)         0.042     0.042    u_graph/u_compute/u_shared/u_sa/g_pe_row[0].g_pe_col[0].u_pe/product_reg_reg/CLK
    DSP48E2_X10Y10       DSP_PREADD_DATA                              r  u_graph/u_compute/u_shared/u_sa/g_pe_row[0].g_pe_col[0].u_pe/product_reg_reg/DSP_PREADD_DATA_INST/CLK
                         clock pessimism              0.000     0.042    
    DSP48E2_X10Y10       DSP_PREADD_DATA (Hold_DSP_PREADD_DATA_DSP48E2_CLK_AD[17])
                                                      0.060     0.102    u_graph/u_compute/u_shared/u_sa/g_pe_row[0].g_pe_col[0].u_pe/product_reg_reg/DSP_PREADD_DATA_INST
  -------------------------------------------------------------------
                         required time                         -0.102    
                         arrival time                           0.148    
  -------------------------------------------------------------------
                         slack                                  0.046    

Slack (MET) :             0.046ns  (arrival time - required time)
  Source:                 u_graph/u_compute/u_shared/u_sa/g_pe_row[0].g_pe_col[0].u_pe/product_reg_reg/DSP_PREADD_DATA_INST/CLK
                            (rising edge-triggered cell DSP_PREADD_DATA clocked by clk  {rise@0.000ns fall@2.500ns period=5.000ns})
  Destination:            u_graph/u_compute/u_shared/u_sa/g_pe_row[0].g_pe_col[0].u_pe/product_reg_reg/DSP_PREADD_DATA_INST/AD[18]
                            (rising edge-triggered cell DSP_PREADD_DATA clocked by clk  {rise@0.000ns fall@2.500ns period=5.000ns})
  Path Group:             clk
  Path Type:              Hold (Min at Fast Process Corner)
  Requirement:            0.000ns  (clk rise@0.000ns - clk rise@0.000ns)
  Data Path Delay:        0.114ns  (logic 0.114ns (100.000%)  route 0.000ns (0.000%))
  Logic Levels:           1  (DSP_PREADD=1)
  Clock Path Skew:        0.008ns (DCD - SCD - CPR)
    Destination Clock Delay (DCD):    0.042ns
    Source Clock Delay      (SCD):    0.034ns
    Clock Pessimism Removal (CPR):    -0.000ns

    Location             Delay type                Incr(ns)  Path(ns)    Netlist Resource(s)
  -------------------------------------------------------------------    -------------------
                         (clock clk rise edge)        0.000     0.000 r  
                                                      0.000     0.000 r  clk (IN)
                         net (fo=9269, unset)         0.034     0.034    u_graph/u_compute/u_shared/u_sa/g_pe_row[0].g_pe_col[0].u_pe/product_reg_reg/CLK
    DSP48E2_X10Y10       DSP_PREADD_DATA                              r  u_graph/u_compute/u_shared/u_sa/g_pe_row[0].g_pe_col[0].u_pe/product_reg_reg/DSP_PREADD_DATA_INST/CLK
  -------------------------------------------------------------------    -------------------
    DSP48E2_X10Y10       DSP_PREADD_DATA (Prop_DSP_PREADD_DATA_DSP48E2_CLK_D_DATA[18])
                                                      0.081     0.115 r  u_graph/u_compute/u_shared/u_sa/g_pe_row[0].g_pe_col[0].u_pe/product_reg_reg/DSP_PREADD_DATA_INST/D_DATA[18]
                         net (fo=1, routed)           0.000     0.115    u_graph/u_compute/u_shared/u_sa/g_pe_row[0].g_pe_col[0].u_pe/product_reg_reg/DSP_PREADD_DATA.D_DATA<18>
    DSP48E2_X10Y10       DSP_PREADD (Prop_DSP_PREADD_DSP48E2_D_DATA[18]_AD[18])
                                                      0.033     0.148 r  u_graph/u_compute/u_shared/u_sa/g_pe_row[0].g_pe_col[0].u_pe/product_reg_reg/DSP_PREADD_INST/AD[18]
                         net (fo=1, routed)           0.000     0.148    u_graph/u_compute/u_shared/u_sa/g_pe_row[0].g_pe_col[0].u_pe/product_reg_reg/DSP_PREADD.AD<18>
    DSP48E2_X10Y10       DSP_PREADD_DATA                              r  u_graph/u_compute/u_shared/u_sa/g_pe_row[0].g_pe_col[0].u_pe/product_reg_reg/DSP_PREADD_DATA_INST/AD[18]
  -------------------------------------------------------------------    -------------------

                         (clock clk rise edge)        0.000     0.000 r  
                                                      0.000     0.000 r  clk (IN)
                         net (fo=9269, unset)         0.042     0.042    u_graph/u_compute/u_shared/u_sa/g_pe_row[0].g_pe_col[0].u_pe/product_reg_reg/CLK
    DSP48E2_X10Y10       DSP_PREADD_DATA                              r  u_graph/u_compute/u_shared/u_sa/g_pe_row[0].g_pe_col[0].u_pe/product_reg_reg/DSP_PREADD_DATA_INST/CLK
                         clock pessimism              0.000     0.042    
    DSP48E2_X10Y10       DSP_PREADD_DATA (Hold_DSP_PREADD_DATA_DSP48E2_CLK_AD[18])
                                                      0.060     0.102    u_graph/u_compute/u_shared/u_sa/g_pe_row[0].g_pe_col[0].u_pe/product_reg_reg/DSP_PREADD_DATA_INST
  -------------------------------------------------------------------
                         required time                         -0.102    
                         arrival time                           0.148    
  -------------------------------------------------------------------
                         slack                                  0.046    

Slack (MET) :             0.046ns  (arrival time - required time)
  Source:                 u_graph/u_compute/u_shared/u_sa/g_pe_row[0].g_pe_col[0].u_pe/product_reg_reg/DSP_PREADD_DATA_INST/CLK
                            (rising edge-triggered cell DSP_PREADD_DATA clocked by clk  {rise@0.000ns fall@2.500ns period=5.000ns})
  Destination:            u_graph/u_compute/u_shared/u_sa/g_pe_row[0].g_pe_col[0].u_pe/product_reg_reg/DSP_PREADD_DATA_INST/AD[19]
                            (rising edge-triggered cell DSP_PREADD_DATA clocked by clk  {rise@0.000ns fall@2.500ns period=5.000ns})
  Path Group:             clk
  Path Type:              Hold (Min at Fast Process Corner)
  Requirement:            0.000ns  (clk rise@0.000ns - clk rise@0.000ns)
  Data Path Delay:        0.114ns  (logic 0.114ns (100.000%)  route 0.000ns (0.000%))
  Logic Levels:           1  (DSP_PREADD=1)
  Clock Path Skew:        0.008ns (DCD - SCD - CPR)
    Destination Clock Delay (DCD):    0.042ns
    Source Clock Delay      (SCD):    0.034ns
    Clock Pessimism Removal (CPR):    -0.000ns

    Location             Delay type                Incr(ns)  Path(ns)    Netlist Resource(s)
  -------------------------------------------------------------------    -------------------
                         (clock clk rise edge)        0.000     0.000 r  
                                                      0.000     0.000 r  clk (IN)
                         net (fo=9269, unset)         0.034     0.034    u_graph/u_compute/u_shared/u_sa/g_pe_row[0].g_pe_col[0].u_pe/product_reg_reg/CLK
    DSP48E2_X10Y10       DSP_PREADD_DATA                              r  u_graph/u_compute/u_shared/u_sa/g_pe_row[0].g_pe_col[0].u_pe/product_reg_reg/DSP_PREADD_DATA_INST/CLK
  -------------------------------------------------------------------    -------------------
    DSP48E2_X10Y10       DSP_PREADD_DATA (Prop_DSP_PREADD_DATA_DSP48E2_CLK_D_DATA[19])
                                                      0.081     0.115 r  u_graph/u_compute/u_shared/u_sa/g_pe_row[0].g_pe_col[0].u_pe/product_reg_reg/DSP_PREADD_DATA_INST/D_DATA[19]
                         net (fo=1, routed)           0.000     0.115    u_graph/u_compute/u_shared/u_sa/g_pe_row[0].g_pe_col[0].u_pe/product_reg_reg/DSP_PREADD_DATA.D_DATA<19>
    DSP48E2_X10Y10       DSP_PREADD (Prop_DSP_PREADD_DSP48E2_D_DATA[19]_AD[19])
                                                      0.033     0.148 r  u_graph/u_compute/u_shared/u_sa/g_pe_row[0].g_pe_col[0].u_pe/product_reg_reg/DSP_PREADD_INST/AD[19]
                         net (fo=1, routed)           0.000     0.148    u_graph/u_compute/u_shared/u_sa/g_pe_row[0].g_pe_col[0].u_pe/product_reg_reg/DSP_PREADD.AD<19>
    DSP48E2_X10Y10       DSP_PREADD_DATA                              r  u_graph/u_compute/u_shared/u_sa/g_pe_row[0].g_pe_col[0].u_pe/product_reg_reg/DSP_PREADD_DATA_INST/AD[19]
  -------------------------------------------------------------------    -------------------

                         (clock clk rise edge)        0.000     0.000 r  
                                                      0.000     0.000 r  clk (IN)
                         net (fo=9269, unset)         0.042     0.042    u_graph/u_compute/u_shared/u_sa/g_pe_row[0].g_pe_col[0].u_pe/product_reg_reg/CLK
    DSP48E2_X10Y10       DSP_PREADD_DATA                              r  u_graph/u_compute/u_shared/u_sa/g_pe_row[0].g_pe_col[0].u_pe/product_reg_reg/DSP_PREADD_DATA_INST/CLK
                         clock pessimism              0.000     0.042    
    DSP48E2_X10Y10       DSP_PREADD_DATA (Hold_DSP_PREADD_DATA_DSP48E2_CLK_AD[19])
                                                      0.060     0.102    u_graph/u_compute/u_shared/u_sa/g_pe_row[0].g_pe_col[0].u_pe/product_reg_reg/DSP_PREADD_DATA_INST
  -------------------------------------------------------------------
                         required time                         -0.102    
                         arrival time                           0.148    
  -------------------------------------------------------------------
                         slack                                  0.046    

Slack (MET) :             0.046ns  (arrival time - required time)
  Source:                 u_graph/u_compute/u_shared/u_sa/g_pe_row[0].g_pe_col[0].u_pe/product_reg_reg/DSP_PREADD_DATA_INST/CLK
                            (rising edge-triggered cell DSP_PREADD_DATA clocked by clk  {rise@0.000ns fall@2.500ns period=5.000ns})
  Destination:            u_graph/u_compute/u_shared/u_sa/g_pe_row[0].g_pe_col[0].u_pe/product_reg_reg/DSP_PREADD_DATA_INST/AD[1]
                            (rising edge-triggered cell DSP_PREADD_DATA clocked by clk  {rise@0.000ns fall@2.500ns period=5.000ns})
  Path Group:             clk
  Path Type:              Hold (Min at Fast Process Corner)
  Requirement:            0.000ns  (clk rise@0.000ns - clk rise@0.000ns)
  Data Path Delay:        0.114ns  (logic 0.114ns (100.000%)  route 0.000ns (0.000%))
  Logic Levels:           1  (DSP_PREADD=1)
  Clock Path Skew:        0.008ns (DCD - SCD - CPR)
    Destination Clock Delay (DCD):    0.042ns
    Source Clock Delay      (SCD):    0.034ns
    Clock Pessimism Removal (CPR):    -0.000ns

    Location             Delay type                Incr(ns)  Path(ns)    Netlist Resource(s)
  -------------------------------------------------------------------    -------------------
                         (clock clk rise edge)        0.000     0.000 r  
                                                      0.000     0.000 r  clk (IN)
                         net (fo=9269, unset)         0.034     0.034    u_graph/u_compute/u_shared/u_sa/g_pe_row[0].g_pe_col[0].u_pe/product_reg_reg/CLK
    DSP48E2_X10Y10       DSP_PREADD_DATA                              r  u_graph/u_compute/u_shared/u_sa/g_pe_row[0].g_pe_col[0].u_pe/product_reg_reg/DSP_PREADD_DATA_INST/CLK
  -------------------------------------------------------------------    -------------------
    DSP48E2_X10Y10       DSP_PREADD_DATA (Prop_DSP_PREADD_DATA_DSP48E2_CLK_D_DATA[1])
                                                      0.081     0.115 r  u_graph/u_compute/u_shared/u_sa/g_pe_row[0].g_pe_col[0].u_pe/product_reg_reg/DSP_PREADD_DATA_INST/D_DATA[1]
                         net (fo=1, routed)           0.000     0.115    u_graph/u_compute/u_shared/u_sa/g_pe_row[0].g_pe_col[0].u_pe/product_reg_reg/DSP_PREADD_DATA.D_DATA<1>
    DSP48E2_X10Y10       DSP_PREADD (Prop_DSP_PREADD_DSP48E2_D_DATA[1]_AD[1])
                                                      0.033     0.148 r  u_graph/u_compute/u_shared/u_sa/g_pe_row[0].g_pe_col[0].u_pe/product_reg_reg/DSP_PREADD_INST/AD[1]
                         net (fo=1, routed)           0.000     0.148    u_graph/u_compute/u_shared/u_sa/g_pe_row[0].g_pe_col[0].u_pe/product_reg_reg/DSP_PREADD.AD<1>
    DSP48E2_X10Y10       DSP_PREADD_DATA                              r  u_graph/u_compute/u_shared/u_sa/g_pe_row[0].g_pe_col[0].u_pe/product_reg_reg/DSP_PREADD_DATA_INST/AD[1]
  -------------------------------------------------------------------    -------------------

                         (clock clk rise edge)        0.000     0.000 r  
                                                      0.000     0.000 r  clk (IN)
                         net (fo=9269, unset)         0.042     0.042    u_graph/u_compute/u_shared/u_sa/g_pe_row[0].g_pe_col[0].u_pe/product_reg_reg/CLK
    DSP48E2_X10Y10       DSP_PREADD_DATA                              r  u_graph/u_compute/u_shared/u_sa/g_pe_row[0].g_pe_col[0].u_pe/product_reg_reg/DSP_PREADD_DATA_INST/CLK
                         clock pessimism              0.000     0.042    
    DSP48E2_X10Y10       DSP_PREADD_DATA (Hold_DSP_PREADD_DATA_DSP48E2_CLK_AD[1])
                                                      0.060     0.102    u_graph/u_compute/u_shared/u_sa/g_pe_row[0].g_pe_col[0].u_pe/product_reg_reg/DSP_PREADD_DATA_INST
  -------------------------------------------------------------------
                         required time                         -0.102    
                         arrival time                           0.148    
  -------------------------------------------------------------------
                         slack                                  0.046    

Slack (MET) :             0.046ns  (arrival time - required time)
  Source:                 u_graph/u_compute/u_shared/u_sa/g_pe_row[0].g_pe_col[0].u_pe/product_reg_reg/DSP_PREADD_DATA_INST/CLK
                            (rising edge-triggered cell DSP_PREADD_DATA clocked by clk  {rise@0.000ns fall@2.500ns period=5.000ns})
  Destination:            u_graph/u_compute/u_shared/u_sa/g_pe_row[0].g_pe_col[0].u_pe/product_reg_reg/DSP_PREADD_DATA_INST/AD[20]
                            (rising edge-triggered cell DSP_PREADD_DATA clocked by clk  {rise@0.000ns fall@2.500ns period=5.000ns})
  Path Group:             clk
  Path Type:              Hold (Min at Fast Process Corner)
  Requirement:            0.000ns  (clk rise@0.000ns - clk rise@0.000ns)
  Data Path Delay:        0.114ns  (logic 0.114ns (100.000%)  route 0.000ns (0.000%))
  Logic Levels:           1  (DSP_PREADD=1)
  Clock Path Skew:        0.008ns (DCD - SCD - CPR)
    Destination Clock Delay (DCD):    0.042ns
    Source Clock Delay      (SCD):    0.034ns
    Clock Pessimism Removal (CPR):    -0.000ns

    Location             Delay type                Incr(ns)  Path(ns)    Netlist Resource(s)
  -------------------------------------------------------------------    -------------------
                         (clock clk rise edge)        0.000     0.000 r  
                                                      0.000     0.000 r  clk (IN)
                         net (fo=9269, unset)         0.034     0.034    u_graph/u_compute/u_shared/u_sa/g_pe_row[0].g_pe_col[0].u_pe/product_reg_reg/CLK
    DSP48E2_X10Y10       DSP_PREADD_DATA                              r  u_graph/u_compute/u_shared/u_sa/g_pe_row[0].g_pe_col[0].u_pe/product_reg_reg/DSP_PREADD_DATA_INST/CLK
  -------------------------------------------------------------------    -------------------
    DSP48E2_X10Y10       DSP_PREADD_DATA (Prop_DSP_PREADD_DATA_DSP48E2_CLK_D_DATA[20])
                                                      0.081     0.115 r  u_graph/u_compute/u_shared/u_sa/g_pe_row[0].g_pe_col[0].u_pe/product_reg_reg/DSP_PREADD_DATA_INST/D_DATA[20]
                         net (fo=1, routed)           0.000     0.115    u_graph/u_compute/u_shared/u_sa/g_pe_row[0].g_pe_col[0].u_pe/product_reg_reg/DSP_PREADD_DATA.D_DATA<20>
    DSP48E2_X10Y10       DSP_PREADD (Prop_DSP_PREADD_DSP48E2_D_DATA[20]_AD[20])
                                                      0.033     0.148 r  u_graph/u_compute/u_shared/u_sa/g_pe_row[0].g_pe_col[0].u_pe/product_reg_reg/DSP_PREADD_INST/AD[20]
                         net (fo=1, routed)           0.000     0.148    u_graph/u_compute/u_shared/u_sa/g_pe_row[0].g_pe_col[0].u_pe/product_reg_reg/DSP_PREADD.AD<20>
    DSP48E2_X10Y10       DSP_PREADD_DATA                              r  u_graph/u_compute/u_shared/u_sa/g_pe_row[0].g_pe_col[0].u_pe/product_reg_reg/DSP_PREADD_DATA_INST/AD[20]
  -------------------------------------------------------------------    -------------------

                         (clock clk rise edge)        0.000     0.000 r  
                                                      0.000     0.000 r  clk (IN)
                         net (fo=9269, unset)         0.042     0.042    u_graph/u_compute/u_shared/u_sa/g_pe_row[0].g_pe_col[0].u_pe/product_reg_reg/CLK
    DSP48E2_X10Y10       DSP_PREADD_DATA                              r  u_graph/u_compute/u_shared/u_sa/g_pe_row[0].g_pe_col[0].u_pe/product_reg_reg/DSP_PREADD_DATA_INST/CLK
                         clock pessimism              0.000     0.042    
    DSP48E2_X10Y10       DSP_PREADD_DATA (Hold_DSP_PREADD_DATA_DSP48E2_CLK_AD[20])
                                                      0.060     0.102    u_graph/u_compute/u_shared/u_sa/g_pe_row[0].g_pe_col[0].u_pe/product_reg_reg/DSP_PREADD_DATA_INST
  -------------------------------------------------------------------
                         required time                         -0.102    
                         arrival time                           0.148    
  -------------------------------------------------------------------
                         slack                                  0.046    

Slack (MET) :             0.046ns  (arrival time - required time)
  Source:                 u_graph/u_compute/u_shared/u_sa/g_pe_row[0].g_pe_col[0].u_pe/product_reg_reg/DSP_PREADD_DATA_INST/CLK
                            (rising edge-triggered cell DSP_PREADD_DATA clocked by clk  {rise@0.000ns fall@2.500ns period=5.000ns})
  Destination:            u_graph/u_compute/u_shared/u_sa/g_pe_row[0].g_pe_col[0].u_pe/product_reg_reg/DSP_PREADD_DATA_INST/AD[21]
                            (rising edge-triggered cell DSP_PREADD_DATA clocked by clk  {rise@0.000ns fall@2.500ns period=5.000ns})
  Path Group:             clk
  Path Type:              Hold (Min at Fast Process Corner)
  Requirement:            0.000ns  (clk rise@0.000ns - clk rise@0.000ns)
  Data Path Delay:        0.114ns  (logic 0.114ns (100.000%)  route 0.000ns (0.000%))
  Logic Levels:           1  (DSP_PREADD=1)
  Clock Path Skew:        0.008ns (DCD - SCD - CPR)
    Destination Clock Delay (DCD):    0.042ns
    Source Clock Delay      (SCD):    0.034ns
    Clock Pessimism Removal (CPR):    -0.000ns

    Location             Delay type                Incr(ns)  Path(ns)    Netlist Resource(s)
  -------------------------------------------------------------------    -------------------
                         (clock clk rise edge)        0.000     0.000 r  
                                                      0.000     0.000 r  clk (IN)
                         net (fo=9269, unset)         0.034     0.034    u_graph/u_compute/u_shared/u_sa/g_pe_row[0].g_pe_col[0].u_pe/product_reg_reg/CLK
    DSP48E2_X10Y10       DSP_PREADD_DATA                              r  u_graph/u_compute/u_shared/u_sa/g_pe_row[0].g_pe_col[0].u_pe/product_reg_reg/DSP_PREADD_DATA_INST/CLK
  -------------------------------------------------------------------    -------------------
    DSP48E2_X10Y10       DSP_PREADD_DATA (Prop_DSP_PREADD_DATA_DSP48E2_CLK_D_DATA[21])
                                                      0.081     0.115 r  u_graph/u_compute/u_shared/u_sa/g_pe_row[0].g_pe_col[0].u_pe/product_reg_reg/DSP_PREADD_DATA_INST/D_DATA[21]
                         net (fo=1, routed)           0.000     0.115    u_graph/u_compute/u_shared/u_sa/g_pe_row[0].g_pe_col[0].u_pe/product_reg_reg/DSP_PREADD_DATA.D_DATA<21>
    DSP48E2_X10Y10       DSP_PREADD (Prop_DSP_PREADD_DSP48E2_D_DATA[21]_AD[21])
                                                      0.033     0.148 r  u_graph/u_compute/u_shared/u_sa/g_pe_row[0].g_pe_col[0].u_pe/product_reg_reg/DSP_PREADD_INST/AD[21]
                         net (fo=1, routed)           0.000     0.148    u_graph/u_compute/u_shared/u_sa/g_pe_row[0].g_pe_col[0].u_pe/product_reg_reg/DSP_PREADD.AD<21>
    DSP48E2_X10Y10       DSP_PREADD_DATA                              r  u_graph/u_compute/u_shared/u_sa/g_pe_row[0].g_pe_col[0].u_pe/product_reg_reg/DSP_PREADD_DATA_INST/AD[21]
  -------------------------------------------------------------------    -------------------

                         (clock clk rise edge)        0.000     0.000 r  
                                                      0.000     0.000 r  clk (IN)
                         net (fo=9269, unset)         0.042     0.042    u_graph/u_compute/u_shared/u_sa/g_pe_row[0].g_pe_col[0].u_pe/product_reg_reg/CLK
    DSP48E2_X10Y10       DSP_PREADD_DATA                              r  u_graph/u_compute/u_shared/u_sa/g_pe_row[0].g_pe_col[0].u_pe/product_reg_reg/DSP_PREADD_DATA_INST/CLK
                         clock pessimism              0.000     0.042    
    DSP48E2_X10Y10       DSP_PREADD_DATA (Hold_DSP_PREADD_DATA_DSP48E2_CLK_AD[21])
                                                      0.060     0.102    u_graph/u_compute/u_shared/u_sa/g_pe_row[0].g_pe_col[0].u_pe/product_reg_reg/DSP_PREADD_DATA_INST
  -------------------------------------------------------------------
                         required time                         -0.102    
                         arrival time                           0.148    
  -------------------------------------------------------------------
                         slack                                  0.046    

Slack (MET) :             0.046ns  (arrival time - required time)
  Source:                 u_graph/u_compute/u_shared/u_sa/g_pe_row[0].g_pe_col[0].u_pe/product_reg_reg/DSP_PREADD_DATA_INST/CLK
                            (rising edge-triggered cell DSP_PREADD_DATA clocked by clk  {rise@0.000ns fall@2.500ns period=5.000ns})
  Destination:            u_graph/u_compute/u_shared/u_sa/g_pe_row[0].g_pe_col[0].u_pe/product_reg_reg/DSP_PREADD_DATA_INST/AD[22]
                            (rising edge-triggered cell DSP_PREADD_DATA clocked by clk  {rise@0.000ns fall@2.500ns period=5.000ns})
  Path Group:             clk
  Path Type:              Hold (Min at Fast Process Corner)
  Requirement:            0.000ns  (clk rise@0.000ns - clk rise@0.000ns)
  Data Path Delay:        0.114ns  (logic 0.114ns (100.000%)  route 0.000ns (0.000%))
  Logic Levels:           1  (DSP_PREADD=1)
  Clock Path Skew:        0.008ns (DCD - SCD - CPR)
    Destination Clock Delay (DCD):    0.042ns
    Source Clock Delay      (SCD):    0.034ns
    Clock Pessimism Removal (CPR):    -0.000ns

    Location             Delay type                Incr(ns)  Path(ns)    Netlist Resource(s)
  -------------------------------------------------------------------    -------------------
                         (clock clk rise edge)        0.000     0.000 r  
                                                      0.000     0.000 r  clk (IN)
                         net (fo=9269, unset)         0.034     0.034    u_graph/u_compute/u_shared/u_sa/g_pe_row[0].g_pe_col[0].u_pe/product_reg_reg/CLK
    DSP48E2_X10Y10       DSP_PREADD_DATA                              r  u_graph/u_compute/u_shared/u_sa/g_pe_row[0].g_pe_col[0].u_pe/product_reg_reg/DSP_PREADD_DATA_INST/CLK
  -------------------------------------------------------------------    -------------------
    DSP48E2_X10Y10       DSP_PREADD_DATA (Prop_DSP_PREADD_DATA_DSP48E2_CLK_D_DATA[22])
                                                      0.081     0.115 r  u_graph/u_compute/u_shared/u_sa/g_pe_row[0].g_pe_col[0].u_pe/product_reg_reg/DSP_PREADD_DATA_INST/D_DATA[22]
                         net (fo=1, routed)           0.000     0.115    u_graph/u_compute/u_shared/u_sa/g_pe_row[0].g_pe_col[0].u_pe/product_reg_reg/DSP_PREADD_DATA.D_DATA<22>
    DSP48E2_X10Y10       DSP_PREADD (Prop_DSP_PREADD_DSP48E2_D_DATA[22]_AD[22])
                                                      0.033     0.148 r  u_graph/u_compute/u_shared/u_sa/g_pe_row[0].g_pe_col[0].u_pe/product_reg_reg/DSP_PREADD_INST/AD[22]
                         net (fo=1, routed)           0.000     0.148    u_graph/u_compute/u_shared/u_sa/g_pe_row[0].g_pe_col[0].u_pe/product_reg_reg/DSP_PREADD.AD<22>
    DSP48E2_X10Y10       DSP_PREADD_DATA                              r  u_graph/u_compute/u_shared/u_sa/g_pe_row[0].g_pe_col[0].u_pe/product_reg_reg/DSP_PREADD_DATA_INST/AD[22]
  -------------------------------------------------------------------    -------------------

                         (clock clk rise edge)        0.000     0.000 r  
                                                      0.000     0.000 r  clk (IN)
                         net (fo=9269, unset)         0.042     0.042    u_graph/u_compute/u_shared/u_sa/g_pe_row[0].g_pe_col[0].u_pe/product_reg_reg/CLK
    DSP48E2_X10Y10       DSP_PREADD_DATA                              r  u_graph/u_compute/u_shared/u_sa/g_pe_row[0].g_pe_col[0].u_pe/product_reg_reg/DSP_PREADD_DATA_INST/CLK
                         clock pessimism              0.000     0.042    
    DSP48E2_X10Y10       DSP_PREADD_DATA (Hold_DSP_PREADD_DATA_DSP48E2_CLK_AD[22])
                                                      0.060     0.102    u_graph/u_compute/u_shared/u_sa/g_pe_row[0].g_pe_col[0].u_pe/product_reg_reg/DSP_PREADD_DATA_INST
  -------------------------------------------------------------------
                         required time                         -0.102    
                         arrival time                           0.148    
  -------------------------------------------------------------------
                         slack                                  0.046    

Slack (MET) :             0.046ns  (arrival time - required time)
  Source:                 u_graph/u_compute/u_shared/u_sa/g_pe_row[0].g_pe_col[0].u_pe/product_reg_reg/DSP_PREADD_DATA_INST/CLK
                            (rising edge-triggered cell DSP_PREADD_DATA clocked by clk  {rise@0.000ns fall@2.500ns period=5.000ns})
  Destination:            u_graph/u_compute/u_shared/u_sa/g_pe_row[0].g_pe_col[0].u_pe/product_reg_reg/DSP_PREADD_DATA_INST/AD[23]
                            (rising edge-triggered cell DSP_PREADD_DATA clocked by clk  {rise@0.000ns fall@2.500ns period=5.000ns})
  Path Group:             clk
  Path Type:              Hold (Min at Fast Process Corner)
  Requirement:            0.000ns  (clk rise@0.000ns - clk rise@0.000ns)
  Data Path Delay:        0.114ns  (logic 0.114ns (100.000%)  route 0.000ns (0.000%))
  Logic Levels:           1  (DSP_PREADD=1)
  Clock Path Skew:        0.008ns (DCD - SCD - CPR)
    Destination Clock Delay (DCD):    0.042ns
    Source Clock Delay      (SCD):    0.034ns
    Clock Pessimism Removal (CPR):    -0.000ns

    Location             Delay type                Incr(ns)  Path(ns)    Netlist Resource(s)
  -------------------------------------------------------------------    -------------------
                         (clock clk rise edge)        0.000     0.000 r  
                                                      0.000     0.000 r  clk (IN)
                         net (fo=9269, unset)         0.034     0.034    u_graph/u_compute/u_shared/u_sa/g_pe_row[0].g_pe_col[0].u_pe/product_reg_reg/CLK
    DSP48E2_X10Y10       DSP_PREADD_DATA                              r  u_graph/u_compute/u_shared/u_sa/g_pe_row[0].g_pe_col[0].u_pe/product_reg_reg/DSP_PREADD_DATA_INST/CLK
  -------------------------------------------------------------------    -------------------
    DSP48E2_X10Y10       DSP_PREADD_DATA (Prop_DSP_PREADD_DATA_DSP48E2_CLK_D_DATA[23])
                                                      0.081     0.115 r  u_graph/u_compute/u_shared/u_sa/g_pe_row[0].g_pe_col[0].u_pe/product_reg_reg/DSP_PREADD_DATA_INST/D_DATA[23]
                         net (fo=1, routed)           0.000     0.115    u_graph/u_compute/u_shared/u_sa/g_pe_row[0].g_pe_col[0].u_pe/product_reg_reg/DSP_PREADD_DATA.D_DATA<23>
    DSP48E2_X10Y10       DSP_PREADD (Prop_DSP_PREADD_DSP48E2_D_DATA[23]_AD[23])
                                                      0.033     0.148 r  u_graph/u_compute/u_shared/u_sa/g_pe_row[0].g_pe_col[0].u_pe/product_reg_reg/DSP_PREADD_INST/AD[23]
                         net (fo=1, routed)           0.000     0.148    u_graph/u_compute/u_shared/u_sa/g_pe_row[0].g_pe_col[0].u_pe/product_reg_reg/DSP_PREADD.AD<23>
    DSP48E2_X10Y10       DSP_PREADD_DATA                              r  u_graph/u_compute/u_shared/u_sa/g_pe_row[0].g_pe_col[0].u_pe/product_reg_reg/DSP_PREADD_DATA_INST/AD[23]
  -------------------------------------------------------------------    -------------------

                         (clock clk rise edge)        0.000     0.000 r  
                                                      0.000     0.000 r  clk (IN)
                         net (fo=9269, unset)         0.042     0.042    u_graph/u_compute/u_shared/u_sa/g_pe_row[0].g_pe_col[0].u_pe/product_reg_reg/CLK
    DSP48E2_X10Y10       DSP_PREADD_DATA                              r  u_graph/u_compute/u_shared/u_sa/g_pe_row[0].g_pe_col[0].u_pe/product_reg_reg/DSP_PREADD_DATA_INST/CLK
                         clock pessimism              0.000     0.042    
    DSP48E2_X10Y10       DSP_PREADD_DATA (Hold_DSP_PREADD_DATA_DSP48E2_CLK_AD[23])
                                                      0.060     0.102    u_graph/u_compute/u_shared/u_sa/g_pe_row[0].g_pe_col[0].u_pe/product_reg_reg/DSP_PREADD_DATA_INST
  -------------------------------------------------------------------
                         required time                         -0.102    
                         arrival time                           0.148    
  -------------------------------------------------------------------
                         slack                                  0.046    

Slack (MET) :             0.046ns  (arrival time - required time)
  Source:                 u_graph/u_compute/u_shared/u_sa/g_pe_row[0].g_pe_col[0].u_pe/product_reg_reg/DSP_PREADD_DATA_INST/CLK
                            (rising edge-triggered cell DSP_PREADD_DATA clocked by clk  {rise@0.000ns fall@2.500ns period=5.000ns})
  Destination:            u_graph/u_compute/u_shared/u_sa/g_pe_row[0].g_pe_col[0].u_pe/product_reg_reg/DSP_PREADD_DATA_INST/AD[24]
                            (rising edge-triggered cell DSP_PREADD_DATA clocked by clk  {rise@0.000ns fall@2.500ns period=5.000ns})
  Path Group:             clk
  Path Type:              Hold (Min at Fast Process Corner)
  Requirement:            0.000ns  (clk rise@0.000ns - clk rise@0.000ns)
  Data Path Delay:        0.114ns  (logic 0.114ns (100.000%)  route 0.000ns (0.000%))
  Logic Levels:           1  (DSP_PREADD=1)
  Clock Path Skew:        0.008ns (DCD - SCD - CPR)
    Destination Clock Delay (DCD):    0.042ns
    Source Clock Delay      (SCD):    0.034ns
    Clock Pessimism Removal (CPR):    -0.000ns

    Location             Delay type                Incr(ns)  Path(ns)    Netlist Resource(s)
  -------------------------------------------------------------------    -------------------
                         (clock clk rise edge)        0.000     0.000 r  
                                                      0.000     0.000 r  clk (IN)
                         net (fo=9269, unset)         0.034     0.034    u_graph/u_compute/u_shared/u_sa/g_pe_row[0].g_pe_col[0].u_pe/product_reg_reg/CLK
    DSP48E2_X10Y10       DSP_PREADD_DATA                              r  u_graph/u_compute/u_shared/u_sa/g_pe_row[0].g_pe_col[0].u_pe/product_reg_reg/DSP_PREADD_DATA_INST/CLK
  -------------------------------------------------------------------    -------------------
    DSP48E2_X10Y10       DSP_PREADD_DATA (Prop_DSP_PREADD_DATA_DSP48E2_CLK_D_DATA[24])
                                                      0.081     0.115 r  u_graph/u_compute/u_shared/u_sa/g_pe_row[0].g_pe_col[0].u_pe/product_reg_reg/DSP_PREADD_DATA_INST/D_DATA[24]
                         net (fo=1, routed)           0.000     0.115    u_graph/u_compute/u_shared/u_sa/g_pe_row[0].g_pe_col[0].u_pe/product_reg_reg/DSP_PREADD_DATA.D_DATA<24>
    DSP48E2_X10Y10       DSP_PREADD (Prop_DSP_PREADD_DSP48E2_D_DATA[24]_AD[24])
                                                      0.033     0.148 r  u_graph/u_compute/u_shared/u_sa/g_pe_row[0].g_pe_col[0].u_pe/product_reg_reg/DSP_PREADD_INST/AD[24]
                         net (fo=1, routed)           0.000     0.148    u_graph/u_compute/u_shared/u_sa/g_pe_row[0].g_pe_col[0].u_pe/product_reg_reg/DSP_PREADD.AD<24>
    DSP48E2_X10Y10       DSP_PREADD_DATA                              r  u_graph/u_compute/u_shared/u_sa/g_pe_row[0].g_pe_col[0].u_pe/product_reg_reg/DSP_PREADD_DATA_INST/AD[24]
  -------------------------------------------------------------------    -------------------

                         (clock clk rise edge)        0.000     0.000 r  
                                                      0.000     0.000 r  clk (IN)
                         net (fo=9269, unset)         0.042     0.042    u_graph/u_compute/u_shared/u_sa/g_pe_row[0].g_pe_col[0].u_pe/product_reg_reg/CLK
    DSP48E2_X10Y10       DSP_PREADD_DATA                              r  u_graph/u_compute/u_shared/u_sa/g_pe_row[0].g_pe_col[0].u_pe/product_reg_reg/DSP_PREADD_DATA_INST/CLK
                         clock pessimism              0.000     0.042    
    DSP48E2_X10Y10       DSP_PREADD_DATA (Hold_DSP_PREADD_DATA_DSP48E2_CLK_AD[24])
                                                      0.060     0.102    u_graph/u_compute/u_shared/u_sa/g_pe_row[0].g_pe_col[0].u_pe/product_reg_reg/DSP_PREADD_DATA_INST
  -------------------------------------------------------------------
                         required time                         -0.102    
                         arrival time                           0.148    
  -------------------------------------------------------------------
                         slack                                  0.046    

Slack (MET) :             0.046ns  (arrival time - required time)
  Source:                 u_graph/u_compute/u_shared/u_sa/g_pe_row[0].g_pe_col[0].u_pe/product_reg_reg/DSP_PREADD_DATA_INST/CLK
                            (rising edge-triggered cell DSP_PREADD_DATA clocked by clk  {rise@0.000ns fall@2.500ns period=5.000ns})
  Destination:            u_graph/u_compute/u_shared/u_sa/g_pe_row[0].g_pe_col[0].u_pe/product_reg_reg/DSP_PREADD_DATA_INST/AD[25]
                            (rising edge-triggered cell DSP_PREADD_DATA clocked by clk  {rise@0.000ns fall@2.500ns period=5.000ns})
  Path Group:             clk
  Path Type:              Hold (Min at Fast Process Corner)
  Requirement:            0.000ns  (clk rise@0.000ns - clk rise@0.000ns)
  Data Path Delay:        0.114ns  (logic 0.114ns (100.000%)  route 0.000ns (0.000%))
  Logic Levels:           1  (DSP_PREADD=1)
  Clock Path Skew:        0.008ns (DCD - SCD - CPR)
    Destination Clock Delay (DCD):    0.042ns
    Source Clock Delay      (SCD):    0.034ns
    Clock Pessimism Removal (CPR):    -0.000ns

    Location             Delay type                Incr(ns)  Path(ns)    Netlist Resource(s)
  -------------------------------------------------------------------    -------------------
                         (clock clk rise edge)        0.000     0.000 r  
                                                      0.000     0.000 r  clk (IN)
                         net (fo=9269, unset)         0.034     0.034    u_graph/u_compute/u_shared/u_sa/g_pe_row[0].g_pe_col[0].u_pe/product_reg_reg/CLK
    DSP48E2_X10Y10       DSP_PREADD_DATA                              r  u_graph/u_compute/u_shared/u_sa/g_pe_row[0].g_pe_col[0].u_pe/product_reg_reg/DSP_PREADD_DATA_INST/CLK
  -------------------------------------------------------------------    -------------------
    DSP48E2_X10Y10       DSP_PREADD_DATA (Prop_DSP_PREADD_DATA_DSP48E2_CLK_D_DATA[25])
                                                      0.081     0.115 r  u_graph/u_compute/u_shared/u_sa/g_pe_row[0].g_pe_col[0].u_pe/product_reg_reg/DSP_PREADD_DATA_INST/D_DATA[25]
                         net (fo=1, routed)           0.000     0.115    u_graph/u_compute/u_shared/u_sa/g_pe_row[0].g_pe_col[0].u_pe/product_reg_reg/DSP_PREADD_DATA.D_DATA<25>
    DSP48E2_X10Y10       DSP_PREADD (Prop_DSP_PREADD_DSP48E2_D_DATA[25]_AD[25])
                                                      0.033     0.148 r  u_graph/u_compute/u_shared/u_sa/g_pe_row[0].g_pe_col[0].u_pe/product_reg_reg/DSP_PREADD_INST/AD[25]
                         net (fo=1, routed)           0.000     0.148    u_graph/u_compute/u_shared/u_sa/g_pe_row[0].g_pe_col[0].u_pe/product_reg_reg/DSP_PREADD.AD<25>
    DSP48E2_X10Y10       DSP_PREADD_DATA                              r  u_graph/u_compute/u_shared/u_sa/g_pe_row[0].g_pe_col[0].u_pe/product_reg_reg/DSP_PREADD_DATA_INST/AD[25]
  -------------------------------------------------------------------    -------------------

                         (clock clk rise edge)        0.000     0.000 r  
                                                      0.000     0.000 r  clk (IN)
                         net (fo=9269, unset)         0.042     0.042    u_graph/u_compute/u_shared/u_sa/g_pe_row[0].g_pe_col[0].u_pe/product_reg_reg/CLK
    DSP48E2_X10Y10       DSP_PREADD_DATA                              r  u_graph/u_compute/u_shared/u_sa/g_pe_row[0].g_pe_col[0].u_pe/product_reg_reg/DSP_PREADD_DATA_INST/CLK
                         clock pessimism              0.000     0.042    
    DSP48E2_X10Y10       DSP_PREADD_DATA (Hold_DSP_PREADD_DATA_DSP48E2_CLK_AD[25])
                                                      0.060     0.102    u_graph/u_compute/u_shared/u_sa/g_pe_row[0].g_pe_col[0].u_pe/product_reg_reg/DSP_PREADD_DATA_INST
  -------------------------------------------------------------------
                         required time                         -0.102    
                         arrival time                           0.148    
  -------------------------------------------------------------------
                         slack                                  0.046    

Slack (MET) :             0.046ns  (arrival time - required time)
  Source:                 u_graph/u_compute/u_shared/u_sa/g_pe_row[0].g_pe_col[0].u_pe/product_reg_reg/DSP_PREADD_DATA_INST/CLK
                            (rising edge-triggered cell DSP_PREADD_DATA clocked by clk  {rise@0.000ns fall@2.500ns period=5.000ns})
  Destination:            u_graph/u_compute/u_shared/u_sa/g_pe_row[0].g_pe_col[0].u_pe/product_reg_reg/DSP_PREADD_DATA_INST/AD[26]
                            (rising edge-triggered cell DSP_PREADD_DATA clocked by clk  {rise@0.000ns fall@2.500ns period=5.000ns})
  Path Group:             clk
  Path Type:              Hold (Min at Fast Process Corner)
  Requirement:            0.000ns  (clk rise@0.000ns - clk rise@0.000ns)
  Data Path Delay:        0.114ns  (logic 0.114ns (100.000%)  route 0.000ns (0.000%))
  Logic Levels:           1  (DSP_PREADD=1)
  Clock Path Skew:        0.008ns (DCD - SCD - CPR)
    Destination Clock Delay (DCD):    0.042ns
    Source Clock Delay      (SCD):    0.034ns
    Clock Pessimism Removal (CPR):    -0.000ns

    Location             Delay type                Incr(ns)  Path(ns)    Netlist Resource(s)
  -------------------------------------------------------------------    -------------------
                         (clock clk rise edge)        0.000     0.000 r  
                                                      0.000     0.000 r  clk (IN)
                         net (fo=9269, unset)         0.034     0.034    u_graph/u_compute/u_shared/u_sa/g_pe_row[0].g_pe_col[0].u_pe/product_reg_reg/CLK
    DSP48E2_X10Y10       DSP_PREADD_DATA                              r  u_graph/u_compute/u_shared/u_sa/g_pe_row[0].g_pe_col[0].u_pe/product_reg_reg/DSP_PREADD_DATA_INST/CLK
  -------------------------------------------------------------------    -------------------
    DSP48E2_X10Y10       DSP_PREADD_DATA (Prop_DSP_PREADD_DATA_DSP48E2_CLK_D_DATA[26])
                                                      0.081     0.115 r  u_graph/u_compute/u_shared/u_sa/g_pe_row[0].g_pe_col[0].u_pe/product_reg_reg/DSP_PREADD_DATA_INST/D_DATA[26]
                         net (fo=1, routed)           0.000     0.115    u_graph/u_compute/u_shared/u_sa/g_pe_row[0].g_pe_col[0].u_pe/product_reg_reg/DSP_PREADD_DATA.D_DATA<26>
    DSP48E2_X10Y10       DSP_PREADD (Prop_DSP_PREADD_DSP48E2_D_DATA[26]_AD[26])
                                                      0.033     0.148 r  u_graph/u_compute/u_shared/u_sa/g_pe_row[0].g_pe_col[0].u_pe/product_reg_reg/DSP_PREADD_INST/AD[26]
                         net (fo=1, routed)           0.000     0.148    u_graph/u_compute/u_shared/u_sa/g_pe_row[0].g_pe_col[0].u_pe/product_reg_reg/DSP_PREADD.AD<26>
    DSP48E2_X10Y10       DSP_PREADD_DATA                              r  u_graph/u_compute/u_shared/u_sa/g_pe_row[0].g_pe_col[0].u_pe/product_reg_reg/DSP_PREADD_DATA_INST/AD[26]
  -------------------------------------------------------------------    -------------------

                         (clock clk rise edge)        0.000     0.000 r  
                                                      0.000     0.000 r  clk (IN)
                         net (fo=9269, unset)         0.042     0.042    u_graph/u_compute/u_shared/u_sa/g_pe_row[0].g_pe_col[0].u_pe/product_reg_reg/CLK
    DSP48E2_X10Y10       DSP_PREADD_DATA                              r  u_graph/u_compute/u_shared/u_sa/g_pe_row[0].g_pe_col[0].u_pe/product_reg_reg/DSP_PREADD_DATA_INST/CLK
                         clock pessimism              0.000     0.042    
    DSP48E2_X10Y10       DSP_PREADD_DATA (Hold_DSP_PREADD_DATA_DSP48E2_CLK_AD[26])
                                                      0.060     0.102    u_graph/u_compute/u_shared/u_sa/g_pe_row[0].g_pe_col[0].u_pe/product_reg_reg/DSP_PREADD_DATA_INST
  -------------------------------------------------------------------
                         required time                         -0.102    
                         arrival time                           0.148    
  -------------------------------------------------------------------
                         slack                                  0.046    

Slack (MET) :             0.046ns  (arrival time - required time)
  Source:                 u_graph/u_compute/u_shared/u_sa/g_pe_row[0].g_pe_col[0].u_pe/product_reg_reg/DSP_PREADD_DATA_INST/CLK
                            (rising edge-triggered cell DSP_PREADD_DATA clocked by clk  {rise@0.000ns fall@2.500ns period=5.000ns})
  Destination:            u_graph/u_compute/u_shared/u_sa/g_pe_row[0].g_pe_col[0].u_pe/product_reg_reg/DSP_PREADD_DATA_INST/AD[2]
                            (rising edge-triggered cell DSP_PREADD_DATA clocked by clk  {rise@0.000ns fall@2.500ns period=5.000ns})
  Path Group:             clk
  Path Type:              Hold (Min at Fast Process Corner)
  Requirement:            0.000ns  (clk rise@0.000ns - clk rise@0.000ns)
  Data Path Delay:        0.114ns  (logic 0.114ns (100.000%)  route 0.000ns (0.000%))
  Logic Levels:           1  (DSP_PREADD=1)
  Clock Path Skew:        0.008ns (DCD - SCD - CPR)
    Destination Clock Delay (DCD):    0.042ns
    Source Clock Delay      (SCD):    0.034ns
    Clock Pessimism Removal (CPR):    -0.000ns

    Location             Delay type                Incr(ns)  Path(ns)    Netlist Resource(s)
  -------------------------------------------------------------------    -------------------
                         (clock clk rise edge)        0.000     0.000 r  
                                                      0.000     0.000 r  clk (IN)
                         net (fo=9269, unset)         0.034     0.034    u_graph/u_compute/u_shared/u_sa/g_pe_row[0].g_pe_col[0].u_pe/product_reg_reg/CLK
    DSP48E2_X10Y10       DSP_PREADD_DATA                              r  u_graph/u_compute/u_shared/u_sa/g_pe_row[0].g_pe_col[0].u_pe/product_reg_reg/DSP_PREADD_DATA_INST/CLK
  -------------------------------------------------------------------    -------------------
    DSP48E2_X10Y10       DSP_PREADD_DATA (Prop_DSP_PREADD_DATA_DSP48E2_CLK_D_DATA[2])
                                                      0.081     0.115 r  u_graph/u_compute/u_shared/u_sa/g_pe_row[0].g_pe_col[0].u_pe/product_reg_reg/DSP_PREADD_DATA_INST/D_DATA[2]
                         net (fo=1, routed)           0.000     0.115    u_graph/u_compute/u_shared/u_sa/g_pe_row[0].g_pe_col[0].u_pe/product_reg_reg/DSP_PREADD_DATA.D_DATA<2>
    DSP48E2_X10Y10       DSP_PREADD (Prop_DSP_PREADD_DSP48E2_D_DATA[2]_AD[2])
                                                      0.033     0.148 r  u_graph/u_compute/u_shared/u_sa/g_pe_row[0].g_pe_col[0].u_pe/product_reg_reg/DSP_PREADD_INST/AD[2]
                         net (fo=1, routed)           0.000     0.148    u_graph/u_compute/u_shared/u_sa/g_pe_row[0].g_pe_col[0].u_pe/product_reg_reg/DSP_PREADD.AD<2>
    DSP48E2_X10Y10       DSP_PREADD_DATA                              r  u_graph/u_compute/u_shared/u_sa/g_pe_row[0].g_pe_col[0].u_pe/product_reg_reg/DSP_PREADD_DATA_INST/AD[2]
  -------------------------------------------------------------------    -------------------

                         (clock clk rise edge)        0.000     0.000 r  
                                                      0.000     0.000 r  clk (IN)
                         net (fo=9269, unset)         0.042     0.042    u_graph/u_compute/u_shared/u_sa/g_pe_row[0].g_pe_col[0].u_pe/product_reg_reg/CLK
    DSP48E2_X10Y10       DSP_PREADD_DATA                              r  u_graph/u_compute/u_shared/u_sa/g_pe_row[0].g_pe_col[0].u_pe/product_reg_reg/DSP_PREADD_DATA_INST/CLK
                         clock pessimism              0.000     0.042    
    DSP48E2_X10Y10       DSP_PREADD_DATA (Hold_DSP_PREADD_DATA_DSP48E2_CLK_AD[2])
                                                      0.060     0.102    u_graph/u_compute/u_shared/u_sa/g_pe_row[0].g_pe_col[0].u_pe/product_reg_reg/DSP_PREADD_DATA_INST
  -------------------------------------------------------------------
                         required time                         -0.102    
                         arrival time                           0.148    
  -------------------------------------------------------------------
                         slack                                  0.046    





Pulse Width Checks
--------------------------------------------------------------------------------------
Clock Name:         clk
Waveform(ns):       { 0.000 2.500 }
Period(ns):         5.000
Sources:            { clk }

Check Type        Corner  Lib Pin             Reference Pin  Required(ns)  Actual(ns)  Slack(ns)  Location      Pin
Min Period        n/a     RAMB36E2/CLKARDCLK  n/a            1.960         5.000       3.040      RAMB36_X0Y23  u_data_service/u_conv_results/u_pool/line_mem_reg/CLKARDCLK
Min Period        n/a     RAMB36E2/CLKBWRCLK  n/a            1.960         5.000       3.040      RAMB36_X0Y23  u_data_service/u_conv_results/u_pool/line_mem_reg/CLKBWRCLK
Min Period        n/a     RAMB36E2/CLKARDCLK  n/a            1.960         5.000       3.040      RAMB36_X1Y21  u_data_service/u_pool5_cache/row_mem_reg_0/CLKARDCLK
Min Period        n/a     RAMB36E2/CLKBWRCLK  n/a            1.960         5.000       3.040      RAMB36_X1Y21  u_data_service/u_pool5_cache/row_mem_reg_0/CLKBWRCLK
Min Period        n/a     RAMB36E2/CLKARDCLK  n/a            1.960         5.000       3.040      RAMB36_X1Y22  u_data_service/u_pool5_cache/row_mem_reg_1/CLKARDCLK
Min Period        n/a     RAMB36E2/CLKBWRCLK  n/a            1.960         5.000       3.040      RAMB36_X1Y22  u_data_service/u_pool5_cache/row_mem_reg_1/CLKBWRCLK
Min Period        n/a     RAMB36E2/CLKARDCLK  n/a            1.960         5.000       3.040      RAMB36_X1Y3   u_graph/u_compute/u_fc/u_core/u_core/u_activation_bank/mem_reg/CLKARDCLK
Min Period        n/a     RAMB36E2/CLKBWRCLK  n/a            1.960         5.000       3.040      RAMB36_X1Y3   u_graph/u_compute/u_fc/u_core/u_core/u_activation_bank/mem_reg/CLKBWRCLK
Min Period        n/a     RAMB36E2/CLKARDCLK  n/a            1.960         5.000       3.040      RAMB36_X1Y1   u_graph/u_compute/u_fc/u_core/u_core/u_core/u_weight_bank/mem_reg_bram_0/CLKARDCLK
Min Period        n/a     RAMB36E2/CLKARDCLK  n/a            1.960         5.000       3.040      RAMB36_X2Y4   u_graph/u_compute/u_fc/u_core/u_core/u_core/u_weight_bank/mem_reg_bram_1/CLKARDCLK
Min Period        n/a     RAMB36E2/CLKARDCLK  n/a            1.960         5.000       3.040      RAMB36_X0Y2   u_graph/u_compute/u_rs/u_datapath/u_dma_fed_datapath/u_datapath/u_activation/segment0/bank0/mem_reg/CLKARDCLK
Min Period        n/a     RAMB36E2/CLKBWRCLK  n/a            1.960         5.000       3.040      RAMB36_X0Y2   u_graph/u_compute/u_rs/u_datapath/u_dma_fed_datapath/u_datapath/u_activation/segment0/bank0/mem_reg/CLKBWRCLK
Min Period        n/a     RAMB36E2/CLKARDCLK  n/a            1.960         5.000       3.040      RAMB36_X0Y4   u_graph/u_compute/u_rs/u_datapath/u_dma_fed_datapath/u_datapath/u_activation/segment0/bank1/mem_reg/CLKARDCLK
Min Period        n/a     RAMB36E2/CLKBWRCLK  n/a            1.960         5.000       3.040      RAMB36_X0Y4   u_graph/u_compute/u_rs/u_datapath/u_dma_fed_datapath/u_datapath/u_activation/segment0/bank1/mem_reg/CLKBWRCLK
Min Period        n/a     RAMB36E2/CLKARDCLK  n/a            1.960         5.000       3.040      RAMB36_X0Y5   u_graph/u_compute/u_rs/u_datapath/u_dma_fed_datapath/u_datapath/u_activation/segment1/bank0/mem_reg/CLKARDCLK
Min Period        n/a     RAMB36E2/CLKBWRCLK  n/a            1.960         5.000       3.040      RAMB36_X0Y5   u_graph/u_compute/u_rs/u_datapath/u_dma_fed_datapath/u_datapath/u_activation/segment1/bank0/mem_reg/CLKBWRCLK
Min Period        n/a     RAMB36E2/CLKARDCLK  n/a            1.960         5.000       3.040      RAMB36_X0Y7   u_graph/u_compute/u_rs/u_datapath/u_dma_fed_datapath/u_datapath/u_activation/segment1/bank1/mem_reg/CLKARDCLK
Min Period        n/a     RAMB36E2/CLKBWRCLK  n/a            1.960         5.000       3.040      RAMB36_X0Y7   u_graph/u_compute/u_rs/u_datapath/u_dma_fed_datapath/u_datapath/u_activation/segment1/bank1/mem_reg/CLKBWRCLK
Min Period        n/a     RAMB36E2/CLKARDCLK  n/a            1.960         5.000       3.040      RAMB36_X0Y8   u_graph/u_compute/u_rs/u_datapath/u_dma_fed_datapath/u_datapath/u_core/u_feeder/g_ring_bank[0].mem_reg/CLKARDCLK
Min Period        n/a     RAMB36E2/CLKBWRCLK  n/a            1.960         5.000       3.040      RAMB36_X0Y8   u_graph/u_compute/u_rs/u_datapath/u_dma_fed_datapath/u_datapath/u_core/u_feeder/g_ring_bank[0].mem_reg/CLKBWRCLK
Low Pulse Width   Slow    SRL16E/CLK          n/a            0.762         2.500       1.738      SLICE_X45Y13  u_graph/u_compute/u_shared/u_sa/g_col_skew[4].g_delayed.weight_pipe_reg[1][0]_srl2___u_graph_u_compute_u_shared_u_sa_g_col_skew_r_0/CLK
Low Pulse Width   Fast    SRL16E/CLK          n/a            0.762         2.500       1.738      SLICE_X45Y13  u_graph/u_compute/u_shared/u_sa/g_col_skew[4].g_delayed.weight_pipe_reg[1][0]_srl2___u_graph_u_compute_u_shared_u_sa_g_col_skew_r_0/CLK
Low Pulse Width   Slow    SRL16E/CLK          n/a            0.762         2.500       1.738      SLICE_X45Y10  u_graph/u_compute/u_shared/u_sa/g_col_skew[4].g_delayed.weight_pipe_reg[1][1]_srl2___u_graph_u_compute_u_shared_u_sa_g_col_skew_r_0/CLK
Low Pulse Width   Fast    SRL16E/CLK          n/a            0.762         2.500       1.738      SLICE_X45Y10  u_graph/u_compute/u_shared/u_sa/g_col_skew[4].g_delayed.weight_pipe_reg[1][1]_srl2___u_graph_u_compute_u_shared_u_sa_g_col_skew_r_0/CLK
Low Pulse Width   Slow    SRL16E/CLK          n/a            0.762         2.500       1.738      SLICE_X45Y10  u_graph/u_compute/u_shared/u_sa/g_col_skew[4].g_delayed.weight_pipe_reg[1][2]_srl2___u_graph_u_compute_u_shared_u_sa_g_col_skew_r_0/CLK
Low Pulse Width   Fast    SRL16E/CLK          n/a            0.762         2.500       1.738      SLICE_X45Y10  u_graph/u_compute/u_shared/u_sa/g_col_skew[4].g_delayed.weight_pipe_reg[1][2]_srl2___u_graph_u_compute_u_shared_u_sa_g_col_skew_r_0/CLK
Low Pulse Width   Slow    SRL16E/CLK          n/a            0.762         2.500       1.738      SLICE_X45Y15  u_graph/u_compute/u_shared/u_sa/g_col_skew[4].g_delayed.weight_pipe_reg[1][3]_srl2___u_graph_u_compute_u_shared_u_sa_g_col_skew_r_0/CLK
Low Pulse Width   Fast    SRL16E/CLK          n/a            0.762         2.500       1.738      SLICE_X45Y15  u_graph/u_compute/u_shared/u_sa/g_col_skew[4].g_delayed.weight_pipe_reg[1][3]_srl2___u_graph_u_compute_u_shared_u_sa_g_col_skew_r_0/CLK
Low Pulse Width   Slow    SRL16E/CLK          n/a            0.762         2.500       1.738      SLICE_X45Y10  u_graph/u_compute/u_shared/u_sa/g_col_skew[4].g_delayed.weight_pipe_reg[1][4]_srl2___u_graph_u_compute_u_shared_u_sa_g_col_skew_r_0/CLK
Low Pulse Width   Fast    SRL16E/CLK          n/a            0.762         2.500       1.738      SLICE_X45Y10  u_graph/u_compute/u_shared/u_sa/g_col_skew[4].g_delayed.weight_pipe_reg[1][4]_srl2___u_graph_u_compute_u_shared_u_sa_g_col_skew_r_0/CLK
Low Pulse Width   Slow    SRL16E/CLK          n/a            0.762         2.500       1.738      SLICE_X45Y10  u_graph/u_compute/u_shared/u_sa/g_col_skew[4].g_delayed.weight_pipe_reg[1][5]_srl2___u_graph_u_compute_u_shared_u_sa_g_col_skew_r_0/CLK
Low Pulse Width   Fast    SRL16E/CLK          n/a            0.762         2.500       1.738      SLICE_X45Y10  u_graph/u_compute/u_shared/u_sa/g_col_skew[4].g_delayed.weight_pipe_reg[1][5]_srl2___u_graph_u_compute_u_shared_u_sa_g_col_skew_r_0/CLK
Low Pulse Width   Slow    SRL16E/CLK          n/a            0.762         2.500       1.738      SLICE_X45Y10  u_graph/u_compute/u_shared/u_sa/g_col_skew[4].g_delayed.weight_pipe_reg[1][6]_srl2___u_graph_u_compute_u_shared_u_sa_g_col_skew_r_0/CLK
Low Pulse Width   Fast    SRL16E/CLK          n/a            0.762         2.500       1.738      SLICE_X45Y10  u_graph/u_compute/u_shared/u_sa/g_col_skew[4].g_delayed.weight_pipe_reg[1][6]_srl2___u_graph_u_compute_u_shared_u_sa_g_col_skew_r_0/CLK
Low Pulse Width   Slow    SRL16E/CLK          n/a            0.762         2.500       1.738      SLICE_X45Y22  u_graph/u_compute/u_shared/u_sa/g_col_skew[4].g_delayed.weight_pipe_reg[1][7]_srl2___u_graph_u_compute_u_shared_u_sa_g_col_skew_r_0/CLK
Low Pulse Width   Fast    SRL16E/CLK          n/a            0.762         2.500       1.738      SLICE_X45Y22  u_graph/u_compute/u_shared/u_sa/g_col_skew[4].g_delayed.weight_pipe_reg[1][7]_srl2___u_graph_u_compute_u_shared_u_sa_g_col_skew_r_0/CLK
Low Pulse Width   Slow    SRL16E/CLK          n/a            0.762         2.500       1.738      SLICE_X45Y15  u_graph/u_compute/u_shared/u_sa/g_col_skew[5].g_delayed.weight_pipe_reg[2][0]_srl3___u_graph_u_compute_u_shared_u_sa_g_col_skew_r_1/CLK
Low Pulse Width   Fast    SRL16E/CLK          n/a            0.762         2.500       1.738      SLICE_X45Y15  u_graph/u_compute/u_shared/u_sa/g_col_skew[5].g_delayed.weight_pipe_reg[2][0]_srl3___u_graph_u_compute_u_shared_u_sa_g_col_skew_r_1/CLK
Low Pulse Width   Slow    SRL16E/CLK          n/a            0.762         2.500       1.738      SLICE_X45Y19  u_graph/u_compute/u_shared/u_sa/g_col_skew[5].g_delayed.weight_pipe_reg[2][1]_srl3___u_graph_u_compute_u_shared_u_sa_g_col_skew_r_1/CLK
Low Pulse Width   Fast    SRL16E/CLK          n/a            0.762         2.500       1.738      SLICE_X45Y19  u_graph/u_compute/u_shared/u_sa/g_col_skew[5].g_delayed.weight_pipe_reg[2][1]_srl3___u_graph_u_compute_u_shared_u_sa_g_col_skew_r_1/CLK
High Pulse Width  Slow    SRL16E/CLK          n/a            0.762         2.500       1.738      SLICE_X45Y13  u_graph/u_compute/u_shared/u_sa/g_col_skew[4].g_delayed.weight_pipe_reg[1][0]_srl2___u_graph_u_compute_u_shared_u_sa_g_col_skew_r_0/CLK
High Pulse Width  Fast    SRL16E/CLK          n/a            0.762         2.500       1.738      SLICE_X45Y13  u_graph/u_compute/u_shared/u_sa/g_col_skew[4].g_delayed.weight_pipe_reg[1][0]_srl2___u_graph_u_compute_u_shared_u_sa_g_col_skew_r_0/CLK
High Pulse Width  Slow    SRL16E/CLK          n/a            0.762         2.500       1.738      SLICE_X45Y10  u_graph/u_compute/u_shared/u_sa/g_col_skew[4].g_delayed.weight_pipe_reg[1][1]_srl2___u_graph_u_compute_u_shared_u_sa_g_col_skew_r_0/CLK
High Pulse Width  Fast    SRL16E/CLK          n/a            0.762         2.500       1.738      SLICE_X45Y10  u_graph/u_compute/u_shared/u_sa/g_col_skew[4].g_delayed.weight_pipe_reg[1][1]_srl2___u_graph_u_compute_u_shared_u_sa_g_col_skew_r_0/CLK
High Pulse Width  Slow    SRL16E/CLK          n/a            0.762         2.500       1.738      SLICE_X45Y10  u_graph/u_compute/u_shared/u_sa/g_col_skew[4].g_delayed.weight_pipe_reg[1][2]_srl2___u_graph_u_compute_u_shared_u_sa_g_col_skew_r_0/CLK
High Pulse Width  Fast    SRL16E/CLK          n/a            0.762         2.500       1.738      SLICE_X45Y10  u_graph/u_compute/u_shared/u_sa/g_col_skew[4].g_delayed.weight_pipe_reg[1][2]_srl2___u_graph_u_compute_u_shared_u_sa_g_col_skew_r_0/CLK
High Pulse Width  Slow    SRL16E/CLK          n/a            0.762         2.500       1.738      SLICE_X45Y15  u_graph/u_compute/u_shared/u_sa/g_col_skew[4].g_delayed.weight_pipe_reg[1][3]_srl2___u_graph_u_compute_u_shared_u_sa_g_col_skew_r_0/CLK
High Pulse Width  Fast    SRL16E/CLK          n/a            0.762         2.500       1.738      SLICE_X45Y15  u_graph/u_compute/u_shared/u_sa/g_col_skew[4].g_delayed.weight_pipe_reg[1][3]_srl2___u_graph_u_compute_u_shared_u_sa_g_col_skew_r_0/CLK
High Pulse Width  Slow    SRL16E/CLK          n/a            0.762         2.500       1.738      SLICE_X45Y10  u_graph/u_compute/u_shared/u_sa/g_col_skew[4].g_delayed.weight_pipe_reg[1][4]_srl2___u_graph_u_compute_u_shared_u_sa_g_col_skew_r_0/CLK
High Pulse Width  Fast    SRL16E/CLK          n/a            0.762         2.500       1.738      SLICE_X45Y10  u_graph/u_compute/u_shared/u_sa/g_col_skew[4].g_delayed.weight_pipe_reg[1][4]_srl2___u_graph_u_compute_u_shared_u_sa_g_col_skew_r_0/CLK
High Pulse Width  Slow    SRL16E/CLK          n/a            0.762         2.500       1.738      SLICE_X45Y10  u_graph/u_compute/u_shared/u_sa/g_col_skew[4].g_delayed.weight_pipe_reg[1][5]_srl2___u_graph_u_compute_u_shared_u_sa_g_col_skew_r_0/CLK
High Pulse Width  Fast    SRL16E/CLK          n/a            0.762         2.500       1.738      SLICE_X45Y10  u_graph/u_compute/u_shared/u_sa/g_col_skew[4].g_delayed.weight_pipe_reg[1][5]_srl2___u_graph_u_compute_u_shared_u_sa_g_col_skew_r_0/CLK
High Pulse Width  Slow    SRL16E/CLK          n/a            0.762         2.500       1.738      SLICE_X45Y10  u_graph/u_compute/u_shared/u_sa/g_col_skew[4].g_delayed.weight_pipe_reg[1][6]_srl2___u_graph_u_compute_u_shared_u_sa_g_col_skew_r_0/CLK
High Pulse Width  Fast    SRL16E/CLK          n/a            0.762         2.500       1.738      SLICE_X45Y10  u_graph/u_compute/u_shared/u_sa/g_col_skew[4].g_delayed.weight_pipe_reg[1][6]_srl2___u_graph_u_compute_u_shared_u_sa_g_col_skew_r_0/CLK
High Pulse Width  Slow    SRL16E/CLK          n/a            0.762         2.500       1.738      SLICE_X45Y22  u_graph/u_compute/u_shared/u_sa/g_col_skew[4].g_delayed.weight_pipe_reg[1][7]_srl2___u_graph_u_compute_u_shared_u_sa_g_col_skew_r_0/CLK
High Pulse Width  Fast    SRL16E/CLK          n/a            0.762         2.500       1.738      SLICE_X45Y22  u_graph/u_compute/u_shared/u_sa/g_col_skew[4].g_delayed.weight_pipe_reg[1][7]_srl2___u_graph_u_compute_u_shared_u_sa_g_col_skew_r_0/CLK
High Pulse Width  Slow    SRL16E/CLK          n/a            0.762         2.500       1.738      SLICE_X45Y15  u_graph/u_compute/u_shared/u_sa/g_col_skew[5].g_delayed.weight_pipe_reg[2][0]_srl3___u_graph_u_compute_u_shared_u_sa_g_col_skew_r_1/CLK
High Pulse Width  Fast    SRL16E/CLK          n/a            0.762         2.500       1.738      SLICE_X45Y15  u_graph/u_compute/u_shared/u_sa/g_col_skew[5].g_delayed.weight_pipe_reg[2][0]_srl3___u_graph_u_compute_u_shared_u_sa_g_col_skew_r_1/CLK
High Pulse Width  Slow    SRL16E/CLK          n/a            0.762         2.500       1.738      SLICE_X45Y19  u_graph/u_compute/u_shared/u_sa/g_col_skew[5].g_delayed.weight_pipe_reg[2][1]_srl3___u_graph_u_compute_u_shared_u_sa_g_col_skew_r_1/CLK
High Pulse Width  Fast    SRL16E/CLK          n/a            0.762         2.500       1.738      SLICE_X45Y19  u_graph/u_compute/u_shared/u_sa/g_col_skew[5].g_delayed.weight_pipe_reg[2][1]_srl3___u_graph_u_compute_u_shared_u_sa_g_col_skew_r_1/CLK



