Copyright 1986-2022 Xilinx, Inc. All Rights Reserved. Copyright 2022-2024 Advanced Micro Devices, Inc. All Rights Reserved.
-----------------------------------------------------------------------------------------------------------------------------------------------------------------------------------------------------------------------------------------
| Tool Version      : Vivado v.2024.1 (lin64) Build 5076996 Wed May 22 18:36:09 MDT 2024
| Date              : Sun Sep  6 19:38:59 2026
| Host              : yundodo running 64-bit unknown
| Command           : report_timing_summary -delay_type min_max -check_timing_verbose -max_paths 20 -file /home/dodo/Documents/Codex/2026-08-31/kv260-alexnet-rtl/alexnet/reports/parameter_record_loader/200mhz/impl_timing_summary.rpt
| Design            : alexnet_parameter_record_loader
| Device            : xck26-sfvc784
| Speed File        : -2LV  PRODUCTION 1.30 05-15-2022
| Design State      : Routed
| Temperature Grade : C
-----------------------------------------------------------------------------------------------------------------------------------------------------------------------------------------------------------------------------------------

Timing Summary Report

------------------------------------------------------------------------------------------------
| Timer Settings
| --------------
------------------------------------------------------------------------------------------------

  Enable Multi Corner Analysis               :  Yes
  Enable Pessimism Removal                   :  Yes
  Pessimism Removal Resolution               :  Nearest Common Node
  Enable Input Delay Default Clock           :  No
  Enable Preset / Clear Arcs                 :  No
  Disable Flight Delays                      :  No
  Ignore I/O Paths                           :  No
  Timing Early Launch at Borrowing Latches   :  No
  Borrow Time for Max Delay Exceptions       :  Yes
  Merge Timing Exceptions                    :  Yes
  Inter-SLR Compensation                     :  Conservative

  Corner  Analyze    Analyze    
  Name    Max Paths  Min Paths  
  ------  ---------  ---------  
  Slow    Yes        Yes        
  Fast    Yes        Yes        


------------------------------------------------------------------------------------------------
| Report Methodology
| ------------------
------------------------------------------------------------------------------------------------

No report available as report_methodology has not been run prior. Run report_methodology on the current design for the summary of methodology violations.



check_timing report

Table of Contents
-----------------
1. checking no_clock (0)
2. checking constant_clock (0)
3. checking pulse_width_clock (0)
4. checking unconstrained_internal_endpoints (0)
5. checking no_input_delay (0)
6. checking no_output_delay (0)
7. checking multiple_clock (0)
8. checking generated_clocks (0)
9. checking loops (0)
10. checking partial_input_delay (0)
11. checking partial_output_delay (0)
12. checking latch_loops (0)

1. checking no_clock (0)
------------------------
 There are 0 register/latch pins with no clock.


2. checking constant_clock (0)
------------------------------
 There are 0 register/latch pins with constant_clock.


3. checking pulse_width_clock (0)
---------------------------------
 There are 0 register/latch pins which need pulse_width check


4. checking unconstrained_internal_endpoints (0)
------------------------------------------------
 There are 0 pins that are not constrained for maximum delay.

 There are 0 pins that are not constrained for maximum delay due to constant clock.


5. checking no_input_delay (0)
------------------------------
 There are 0 input ports with no input delay specified.

 There are 0 input ports with no input delay but user has a false path constraint.


6. checking no_output_delay (0)
-------------------------------
 There are 0 ports with no output delay specified.

 There are 0 ports with no output delay but user has a false path constraint

 There are 0 ports with no output delay but with a timing clock defined on it or propagating through it


7. checking multiple_clock (0)
------------------------------
 There are 0 register/latch pins with multiple clocks.


8. checking generated_clocks (0)
--------------------------------
 There are 0 generated clocks that are not connected to a clock source.


9. checking loops (0)
---------------------
 There are 0 combinational loops in the design.


10. checking partial_input_delay (0)
------------------------------------
 There are 0 input ports with partial input delay specified.


11. checking partial_output_delay (0)
-------------------------------------
 There are 0 ports with partial output delay specified.


12. checking latch_loops (0)
----------------------------
 There are 0 combinational latch loops in the design through latch input



------------------------------------------------------------------------------------------------
| Design Timing Summary
| ---------------------
------------------------------------------------------------------------------------------------

    WNS(ns)      TNS(ns)  TNS Failing Endpoints  TNS Total Endpoints      WHS(ns)      THS(ns)  THS Failing Endpoints  THS Total Endpoints     WPWS(ns)     TPWS(ns)  TPWS Failing Endpoints  TPWS Total Endpoints  
    -------      -------  ---------------------  -------------------      -------      -------  ---------------------  -------------------     --------     --------  ----------------------  --------------------  
      1.942        0.000                      0                 2347        0.109        0.000                      0                 2347        2.225        0.000                       0                   588  


All user specified timing constraints are met.


------------------------------------------------------------------------------------------------
| Clock Summary
| -------------
------------------------------------------------------------------------------------------------

Clock  Waveform(ns)         Period(ns)      Frequency(MHz)
-----  ------------         ----------      --------------
clk    {0.000 2.500}        5.000           200.000         


------------------------------------------------------------------------------------------------
| Intra Clock Table
| -----------------
------------------------------------------------------------------------------------------------

Clock             WNS(ns)      TNS(ns)  TNS Failing Endpoints  TNS Total Endpoints      WHS(ns)      THS(ns)  THS Failing Endpoints  THS Total Endpoints     WPWS(ns)     TPWS(ns)  TPWS Failing Endpoints  TPWS Total Endpoints  
-----             -------      -------  ---------------------  -------------------      -------      -------  ---------------------  -------------------     --------     --------  ----------------------  --------------------  
clk                 1.942        0.000                      0                 2347        0.109        0.000                      0                 2347        2.225        0.000                       0                   588  


------------------------------------------------------------------------------------------------
| Inter Clock Table
| -----------------
------------------------------------------------------------------------------------------------

From Clock    To Clock          WNS(ns)      TNS(ns)  TNS Failing Endpoints  TNS Total Endpoints      WHS(ns)      THS(ns)  THS Failing Endpoints  THS Total Endpoints  
----------    --------          -------      -------  ---------------------  -------------------      -------      -------  ---------------------  -------------------  


------------------------------------------------------------------------------------------------
| Other Path Groups Table
| -----------------------
------------------------------------------------------------------------------------------------

Path Group    From Clock    To Clock          WNS(ns)      TNS(ns)  TNS Failing Endpoints  TNS Total Endpoints      WHS(ns)      THS(ns)  THS Failing Endpoints  THS Total Endpoints  
----------    ----------    --------          -------      -------  ---------------------  -------------------      -------      -------  ---------------------  -------------------  


------------------------------------------------------------------------------------------------
| Timing Details
| --------------
------------------------------------------------------------------------------------------------


---------------------------------------------------------------------------------------------------
From Clock:  clk
  To Clock:  clk

Setup :            0  Failing Endpoints,  Worst Slack        1.942ns,  Total Violation        0.000ns
Hold  :            0  Failing Endpoints,  Worst Slack        0.109ns,  Total Violation        0.000ns
PW    :            0  Failing Endpoints,  Worst Slack        2.225ns,  Total Violation        0.000ns
---------------------------------------------------------------------------------------------------


Max Delay Paths
--------------------------------------------------------------------------------------
Slack (MET) :             1.942ns  (required time - arrival time)
  Source:                 s_axis_tdata[74]
                            (input port clocked by clk  {rise@0.000ns fall@2.500ns period=5.000ns})
  Destination:            rejected_tiles_reg[28]/CE
                            (rising edge-triggered cell FDRE clocked by clk  {rise@0.000ns fall@2.500ns period=5.000ns})
  Path Group:             clk
  Path Type:              Setup (Max at Slow Process Corner)
  Requirement:            5.000ns  (clk rise@5.000ns - clk rise@0.000ns)
  Data Path Delay:        1.972ns  (logic 0.680ns (34.475%)  route 1.292ns (65.525%))
  Logic Levels:           5  (LUT4=2 LUT5=2 LUT6=1)
  Input Delay:            1.000ns
  Clock Path Skew:        0.031ns (DCD - SCD + CPR)
    Destination Clock Delay (DCD):    0.031ns = ( 5.031 - 5.000 ) 
    Source Clock Delay      (SCD):    0.000ns
    Clock Pessimism Removal (CPR):    0.000ns
  Clock Uncertainty:      0.035ns  ((TSJ^2 + TIJ^2)^1/2 + DJ) / 2 + PE
    Total System Jitter     (TSJ):    0.071ns
    Total Input Jitter      (TIJ):    0.000ns
    Discrete Jitter          (DJ):    0.000ns
    Phase Error              (PE):    0.000ns

    Location             Delay type                Incr(ns)  Path(ns)    Netlist Resource(s)
  -------------------------------------------------------------------    -------------------
                         (clock clk rise edge)        0.000     0.000 r  
                         input delay                  1.000     1.000    
                                                      0.000     1.000 r  s_axis_tdata[74] (IN)
                         net (fo=0)                   0.000     1.000    s_axis_tdata[74]
    SLICE_X19Y116        LUT5 (Prop_D6LUT_SLICEL_I0_O)
                                                      0.185     1.185 r  record_error_q_i_20/O
                         net (fo=1, routed)           0.142     1.327    record_error_q_i_20_n_0
    SLICE_X19Y116        LUT4 (Prop_A6LUT_SLICEL_I1_O)
                                                      0.152     1.479 r  record_error_q_i_6/O
                         net (fo=1, routed)           0.212     1.691    record_error_q_i_6_n_0
    SLICE_X20Y120        LUT6 (Prop_H6LUT_SLICEM_I3_O)
                                                      0.228     1.919 f  record_error_q_i_2/O
                         net (fo=2, routed)           0.227     2.146    record_error_q_i_2_n_0
    SLICE_X19Y115        LUT5 (Prop_H6LUT_SLICEL_I4_O)
                                                      0.058     2.204 r  response_valid_q_i_2/O
                         net (fo=3, routed)           0.167     2.371    response_valid_q_i_2_n_0
    SLICE_X18Y116        LUT4 (Prop_G6LUT_SLICEM_I0_O)
                                                      0.057     2.428 r  rejected_tiles[31]_i_1/O
                         net (fo=32, routed)          0.544     2.972    rejected_tiles[31]_i_1_n_0
    SLICE_X18Y125        FDRE                                         r  rejected_tiles_reg[28]/CE
  -------------------------------------------------------------------    -------------------

                         (clock clk rise edge)        5.000     5.000 r  
                                                      0.000     5.000 r  clk (IN)
                         net (fo=587, unset)          0.031     5.031    clk
    SLICE_X18Y125        FDRE                                         r  rejected_tiles_reg[28]/C
                         clock pessimism              0.000     5.031    
                         clock uncertainty           -0.035     4.996    
    SLICE_X18Y125        FDRE (Setup_EFF_SLICEM_C_CE)
                                                     -0.081     4.915    rejected_tiles_reg[28]
  -------------------------------------------------------------------
                         required time                          4.915    
                         arrival time                          -2.972    
  -------------------------------------------------------------------
                         slack                                  1.942    

Slack (MET) :             1.942ns  (required time - arrival time)
  Source:                 s_axis_tdata[74]
                            (input port clocked by clk  {rise@0.000ns fall@2.500ns period=5.000ns})
  Destination:            rejected_tiles_reg[29]/CE
                            (rising edge-triggered cell FDRE clocked by clk  {rise@0.000ns fall@2.500ns period=5.000ns})
  Path Group:             clk
  Path Type:              Setup (Max at Slow Process Corner)
  Requirement:            5.000ns  (clk rise@5.000ns - clk rise@0.000ns)
  Data Path Delay:        1.972ns  (logic 0.680ns (34.475%)  route 1.292ns (65.525%))
  Logic Levels:           5  (LUT4=2 LUT5=2 LUT6=1)
  Input Delay:            1.000ns
  Clock Path Skew:        0.031ns (DCD - SCD + CPR)
    Destination Clock Delay (DCD):    0.031ns = ( 5.031 - 5.000 ) 
    Source Clock Delay      (SCD):    0.000ns
    Clock Pessimism Removal (CPR):    0.000ns
  Clock Uncertainty:      0.035ns  ((TSJ^2 + TIJ^2)^1/2 + DJ) / 2 + PE
    Total System Jitter     (TSJ):    0.071ns
    Total Input Jitter      (TIJ):    0.000ns
    Discrete Jitter          (DJ):    0.000ns
    Phase Error              (PE):    0.000ns

    Location             Delay type                Incr(ns)  Path(ns)    Netlist Resource(s)
  -------------------------------------------------------------------    -------------------
                         (clock clk rise edge)        0.000     0.000 r  
                         input delay                  1.000     1.000    
                                                      0.000     1.000 r  s_axis_tdata[74] (IN)
                         net (fo=0)                   0.000     1.000    s_axis_tdata[74]
    SLICE_X19Y116        LUT5 (Prop_D6LUT_SLICEL_I0_O)
                                                      0.185     1.185 r  record_error_q_i_20/O
                         net (fo=1, routed)           0.142     1.327    record_error_q_i_20_n_0
    SLICE_X19Y116        LUT4 (Prop_A6LUT_SLICEL_I1_O)
                                                      0.152     1.479 r  record_error_q_i_6/O
                         net (fo=1, routed)           0.212     1.691    record_error_q_i_6_n_0
    SLICE_X20Y120        LUT6 (Prop_H6LUT_SLICEM_I3_O)
                                                      0.228     1.919 f  record_error_q_i_2/O
                         net (fo=2, routed)           0.227     2.146    record_error_q_i_2_n_0
    SLICE_X19Y115        LUT5 (Prop_H6LUT_SLICEL_I4_O)
                                                      0.058     2.204 r  response_valid_q_i_2/O
                         net (fo=3, routed)           0.167     2.371    response_valid_q_i_2_n_0
    SLICE_X18Y116        LUT4 (Prop_G6LUT_SLICEM_I0_O)
                                                      0.057     2.428 r  rejected_tiles[31]_i_1/O
                         net (fo=32, routed)          0.544     2.972    rejected_tiles[31]_i_1_n_0
    SLICE_X18Y125        FDRE                                         r  rejected_tiles_reg[29]/CE
  -------------------------------------------------------------------    -------------------

                         (clock clk rise edge)        5.000     5.000 r  
                                                      0.000     5.000 r  clk (IN)
                         net (fo=587, unset)          0.031     5.031    clk
    SLICE_X18Y125        FDRE                                         r  rejected_tiles_reg[29]/C
                         clock pessimism              0.000     5.031    
                         clock uncertainty           -0.035     4.996    
    SLICE_X18Y125        FDRE (Setup_FFF_SLICEM_C_CE)
                                                     -0.081     4.915    rejected_tiles_reg[29]
  -------------------------------------------------------------------
                         required time                          4.915    
                         arrival time                          -2.972    
  -------------------------------------------------------------------
                         slack                                  1.942    

Slack (MET) :             1.942ns  (required time - arrival time)
  Source:                 s_axis_tdata[74]
                            (input port clocked by clk  {rise@0.000ns fall@2.500ns period=5.000ns})
  Destination:            rejected_tiles_reg[30]/CE
                            (rising edge-triggered cell FDRE clocked by clk  {rise@0.000ns fall@2.500ns period=5.000ns})
  Path Group:             clk
  Path Type:              Setup (Max at Slow Process Corner)
  Requirement:            5.000ns  (clk rise@5.000ns - clk rise@0.000ns)
  Data Path Delay:        1.972ns  (logic 0.680ns (34.475%)  route 1.292ns (65.525%))
  Logic Levels:           5  (LUT4=2 LUT5=2 LUT6=1)
  Input Delay:            1.000ns
  Clock Path Skew:        0.031ns (DCD - SCD + CPR)
    Destination Clock Delay (DCD):    0.031ns = ( 5.031 - 5.000 ) 
    Source Clock Delay      (SCD):    0.000ns
    Clock Pessimism Removal (CPR):    0.000ns
  Clock Uncertainty:      0.035ns  ((TSJ^2 + TIJ^2)^1/2 + DJ) / 2 + PE
    Total System Jitter     (TSJ):    0.071ns
    Total Input Jitter      (TIJ):    0.000ns
    Discrete Jitter          (DJ):    0.000ns
    Phase Error              (PE):    0.000ns

    Location             Delay type                Incr(ns)  Path(ns)    Netlist Resource(s)
  -------------------------------------------------------------------    -------------------
                         (clock clk rise edge)        0.000     0.000 r  
                         input delay                  1.000     1.000    
                                                      0.000     1.000 r  s_axis_tdata[74] (IN)
                         net (fo=0)                   0.000     1.000    s_axis_tdata[74]
    SLICE_X19Y116        LUT5 (Prop_D6LUT_SLICEL_I0_O)
                                                      0.185     1.185 r  record_error_q_i_20/O
                         net (fo=1, routed)           0.142     1.327    record_error_q_i_20_n_0
    SLICE_X19Y116        LUT4 (Prop_A6LUT_SLICEL_I1_O)
                                                      0.152     1.479 r  record_error_q_i_6/O
                         net (fo=1, routed)           0.212     1.691    record_error_q_i_6_n_0
    SLICE_X20Y120        LUT6 (Prop_H6LUT_SLICEM_I3_O)
                                                      0.228     1.919 f  record_error_q_i_2/O
                         net (fo=2, routed)           0.227     2.146    record_error_q_i_2_n_0
    SLICE_X19Y115        LUT5 (Prop_H6LUT_SLICEL_I4_O)
                                                      0.058     2.204 r  response_valid_q_i_2/O
                         net (fo=3, routed)           0.167     2.371    response_valid_q_i_2_n_0
    SLICE_X18Y116        LUT4 (Prop_G6LUT_SLICEM_I0_O)
                                                      0.057     2.428 r  rejected_tiles[31]_i_1/O
                         net (fo=32, routed)          0.544     2.972    rejected_tiles[31]_i_1_n_0
    SLICE_X18Y125        FDRE                                         r  rejected_tiles_reg[30]/CE
  -------------------------------------------------------------------    -------------------

                         (clock clk rise edge)        5.000     5.000 r  
                                                      0.000     5.000 r  clk (IN)
                         net (fo=587, unset)          0.031     5.031    clk
    SLICE_X18Y125        FDRE                                         r  rejected_tiles_reg[30]/C
                         clock pessimism              0.000     5.031    
                         clock uncertainty           -0.035     4.996    
    SLICE_X18Y125        FDRE (Setup_GFF_SLICEM_C_CE)
                                                     -0.081     4.915    rejected_tiles_reg[30]
  -------------------------------------------------------------------
                         required time                          4.915    
                         arrival time                          -2.972    
  -------------------------------------------------------------------
                         slack                                  1.942    

Slack (MET) :             1.942ns  (required time - arrival time)
  Source:                 s_axis_tdata[74]
                            (input port clocked by clk  {rise@0.000ns fall@2.500ns period=5.000ns})
  Destination:            rejected_tiles_reg[31]/CE
                            (rising edge-triggered cell FDRE clocked by clk  {rise@0.000ns fall@2.500ns period=5.000ns})
  Path Group:             clk
  Path Type:              Setup (Max at Slow Process Corner)
  Requirement:            5.000ns  (clk rise@5.000ns - clk rise@0.000ns)
  Data Path Delay:        1.972ns  (logic 0.680ns (34.475%)  route 1.292ns (65.525%))
  Logic Levels:           5  (LUT4=2 LUT5=2 LUT6=1)
  Input Delay:            1.000ns
  Clock Path Skew:        0.031ns (DCD - SCD + CPR)
    Destination Clock Delay (DCD):    0.031ns = ( 5.031 - 5.000 ) 
    Source Clock Delay      (SCD):    0.000ns
    Clock Pessimism Removal (CPR):    0.000ns
  Clock Uncertainty:      0.035ns  ((TSJ^2 + TIJ^2)^1/2 + DJ) / 2 + PE
    Total System Jitter     (TSJ):    0.071ns
    Total Input Jitter      (TIJ):    0.000ns
    Discrete Jitter          (DJ):    0.000ns
    Phase Error              (PE):    0.000ns

    Location             Delay type                Incr(ns)  Path(ns)    Netlist Resource(s)
  -------------------------------------------------------------------    -------------------
                         (clock clk rise edge)        0.000     0.000 r  
                         input delay                  1.000     1.000    
                                                      0.000     1.000 r  s_axis_tdata[74] (IN)
                         net (fo=0)                   0.000     1.000    s_axis_tdata[74]
    SLICE_X19Y116        LUT5 (Prop_D6LUT_SLICEL_I0_O)
                                                      0.185     1.185 r  record_error_q_i_20/O
                         net (fo=1, routed)           0.142     1.327    record_error_q_i_20_n_0
    SLICE_X19Y116        LUT4 (Prop_A6LUT_SLICEL_I1_O)
                                                      0.152     1.479 r  record_error_q_i_6/O
                         net (fo=1, routed)           0.212     1.691    record_error_q_i_6_n_0
    SLICE_X20Y120        LUT6 (Prop_H6LUT_SLICEM_I3_O)
                                                      0.228     1.919 f  record_error_q_i_2/O
                         net (fo=2, routed)           0.227     2.146    record_error_q_i_2_n_0
    SLICE_X19Y115        LUT5 (Prop_H6LUT_SLICEL_I4_O)
                                                      0.058     2.204 r  response_valid_q_i_2/O
                         net (fo=3, routed)           0.167     2.371    response_valid_q_i_2_n_0
    SLICE_X18Y116        LUT4 (Prop_G6LUT_SLICEM_I0_O)
                                                      0.057     2.428 r  rejected_tiles[31]_i_1/O
                         net (fo=32, routed)          0.544     2.972    rejected_tiles[31]_i_1_n_0
    SLICE_X18Y125        FDRE                                         r  rejected_tiles_reg[31]/CE
  -------------------------------------------------------------------    -------------------

                         (clock clk rise edge)        5.000     5.000 r  
                                                      0.000     5.000 r  clk (IN)
                         net (fo=587, unset)          0.031     5.031    clk
    SLICE_X18Y125        FDRE                                         r  rejected_tiles_reg[31]/C
                         clock pessimism              0.000     5.031    
                         clock uncertainty           -0.035     4.996    
    SLICE_X18Y125        FDRE (Setup_HFF_SLICEM_C_CE)
                                                     -0.081     4.915    rejected_tiles_reg[31]
  -------------------------------------------------------------------
                         required time                          4.915    
                         arrival time                          -2.972    
  -------------------------------------------------------------------
                         slack                                  1.942    

Slack (MET) :             1.945ns  (required time - arrival time)
  Source:                 s_axis_tdata[74]
                            (input port clocked by clk  {rise@0.000ns fall@2.500ns period=5.000ns})
  Destination:            rejected_tiles_reg[24]/CE
                            (rising edge-triggered cell FDRE clocked by clk  {rise@0.000ns fall@2.500ns period=5.000ns})
  Path Group:             clk
  Path Type:              Setup (Max at Slow Process Corner)
  Requirement:            5.000ns  (clk rise@5.000ns - clk rise@0.000ns)
  Data Path Delay:        1.969ns  (logic 0.680ns (34.527%)  route 1.289ns (65.473%))
  Logic Levels:           5  (LUT4=2 LUT5=2 LUT6=1)
  Input Delay:            1.000ns
  Clock Path Skew:        0.030ns (DCD - SCD + CPR)
    Destination Clock Delay (DCD):    0.030ns = ( 5.030 - 5.000 ) 
    Source Clock Delay      (SCD):    0.000ns
    Clock Pessimism Removal (CPR):    0.000ns
  Clock Uncertainty:      0.035ns  ((TSJ^2 + TIJ^2)^1/2 + DJ) / 2 + PE
    Total System Jitter     (TSJ):    0.071ns
    Total Input Jitter      (TIJ):    0.000ns
    Discrete Jitter          (DJ):    0.000ns
    Phase Error              (PE):    0.000ns

    Location             Delay type                Incr(ns)  Path(ns)    Netlist Resource(s)
  -------------------------------------------------------------------    -------------------
                         (clock clk rise edge)        0.000     0.000 r  
                         input delay                  1.000     1.000    
                                                      0.000     1.000 r  s_axis_tdata[74] (IN)
                         net (fo=0)                   0.000     1.000    s_axis_tdata[74]
    SLICE_X19Y116        LUT5 (Prop_D6LUT_SLICEL_I0_O)
                                                      0.185     1.185 r  record_error_q_i_20/O
                         net (fo=1, routed)           0.142     1.327    record_error_q_i_20_n_0
    SLICE_X19Y116        LUT4 (Prop_A6LUT_SLICEL_I1_O)
                                                      0.152     1.479 r  record_error_q_i_6/O
                         net (fo=1, routed)           0.212     1.691    record_error_q_i_6_n_0
    SLICE_X20Y120        LUT6 (Prop_H6LUT_SLICEM_I3_O)
                                                      0.228     1.919 f  record_error_q_i_2/O
                         net (fo=2, routed)           0.227     2.146    record_error_q_i_2_n_0
    SLICE_X19Y115        LUT5 (Prop_H6LUT_SLICEL_I4_O)
                                                      0.058     2.204 r  response_valid_q_i_2/O
                         net (fo=3, routed)           0.167     2.371    response_valid_q_i_2_n_0
    SLICE_X18Y116        LUT4 (Prop_G6LUT_SLICEM_I0_O)
                                                      0.057     2.428 r  rejected_tiles[31]_i_1/O
                         net (fo=32, routed)          0.541     2.969    rejected_tiles[31]_i_1_n_0
    SLICE_X18Y125        FDRE                                         r  rejected_tiles_reg[24]/CE
  -------------------------------------------------------------------    -------------------

                         (clock clk rise edge)        5.000     5.000 r  
                                                      0.000     5.000 r  clk (IN)
                         net (fo=587, unset)          0.030     5.030    clk
    SLICE_X18Y125        FDRE                                         r  rejected_tiles_reg[24]/C
                         clock pessimism              0.000     5.030    
                         clock uncertainty           -0.035     4.995    
    SLICE_X18Y125        FDRE (Setup_AFF_SLICEM_C_CE)
                                                     -0.080     4.915    rejected_tiles_reg[24]
  -------------------------------------------------------------------
                         required time                          4.915    
                         arrival time                          -2.969    
  -------------------------------------------------------------------
                         slack                                  1.945    

Slack (MET) :             1.945ns  (required time - arrival time)
  Source:                 s_axis_tdata[74]
                            (input port clocked by clk  {rise@0.000ns fall@2.500ns period=5.000ns})
  Destination:            rejected_tiles_reg[25]/CE
                            (rising edge-triggered cell FDRE clocked by clk  {rise@0.000ns fall@2.500ns period=5.000ns})
  Path Group:             clk
  Path Type:              Setup (Max at Slow Process Corner)
  Requirement:            5.000ns  (clk rise@5.000ns - clk rise@0.000ns)
  Data Path Delay:        1.969ns  (logic 0.680ns (34.527%)  route 1.289ns (65.473%))
  Logic Levels:           5  (LUT4=2 LUT5=2 LUT6=1)
  Input Delay:            1.000ns
  Clock Path Skew:        0.030ns (DCD - SCD + CPR)
    Destination Clock Delay (DCD):    0.030ns = ( 5.030 - 5.000 ) 
    Source Clock Delay      (SCD):    0.000ns
    Clock Pessimism Removal (CPR):    0.000ns
  Clock Uncertainty:      0.035ns  ((TSJ^2 + TIJ^2)^1/2 + DJ) / 2 + PE
    Total System Jitter     (TSJ):    0.071ns
    Total Input Jitter      (TIJ):    0.000ns
    Discrete Jitter          (DJ):    0.000ns
    Phase Error              (PE):    0.000ns

    Location             Delay type                Incr(ns)  Path(ns)    Netlist Resource(s)
  -------------------------------------------------------------------    -------------------
                         (clock clk rise edge)        0.000     0.000 r  
                         input delay                  1.000     1.000    
                                                      0.000     1.000 r  s_axis_tdata[74] (IN)
                         net (fo=0)                   0.000     1.000    s_axis_tdata[74]
    SLICE_X19Y116        LUT5 (Prop_D6LUT_SLICEL_I0_O)
                                                      0.185     1.185 r  record_error_q_i_20/O
                         net (fo=1, routed)           0.142     1.327    record_error_q_i_20_n_0
    SLICE_X19Y116        LUT4 (Prop_A6LUT_SLICEL_I1_O)
                                                      0.152     1.479 r  record_error_q_i_6/O
                         net (fo=1, routed)           0.212     1.691    record_error_q_i_6_n_0
    SLICE_X20Y120        LUT6 (Prop_H6LUT_SLICEM_I3_O)
                                                      0.228     1.919 f  record_error_q_i_2/O
                         net (fo=2, routed)           0.227     2.146    record_error_q_i_2_n_0
    SLICE_X19Y115        LUT5 (Prop_H6LUT_SLICEL_I4_O)
                                                      0.058     2.204 r  response_valid_q_i_2/O
                         net (fo=3, routed)           0.167     2.371    response_valid_q_i_2_n_0
    SLICE_X18Y116        LUT4 (Prop_G6LUT_SLICEM_I0_O)
                                                      0.057     2.428 r  rejected_tiles[31]_i_1/O
                         net (fo=32, routed)          0.541     2.969    rejected_tiles[31]_i_1_n_0
    SLICE_X18Y125        FDRE                                         r  rejected_tiles_reg[25]/CE
  -------------------------------------------------------------------    -------------------

                         (clock clk rise edge)        5.000     5.000 r  
                                                      0.000     5.000 r  clk (IN)
                         net (fo=587, unset)          0.030     5.030    clk
    SLICE_X18Y125        FDRE                                         r  rejected_tiles_reg[25]/C
                         clock pessimism              0.000     5.030    
                         clock uncertainty           -0.035     4.995    
    SLICE_X18Y125        FDRE (Setup_BFF_SLICEM_C_CE)
                                                     -0.080     4.915    rejected_tiles_reg[25]
  -------------------------------------------------------------------
                         required time                          4.915    
                         arrival time                          -2.969    
  -------------------------------------------------------------------
                         slack                                  1.945    

Slack (MET) :             1.945ns  (required time - arrival time)
  Source:                 s_axis_tdata[74]
                            (input port clocked by clk  {rise@0.000ns fall@2.500ns period=5.000ns})
  Destination:            rejected_tiles_reg[26]/CE
                            (rising edge-triggered cell FDRE clocked by clk  {rise@0.000ns fall@2.500ns period=5.000ns})
  Path Group:             clk
  Path Type:              Setup (Max at Slow Process Corner)
  Requirement:            5.000ns  (clk rise@5.000ns - clk rise@0.000ns)
  Data Path Delay:        1.969ns  (logic 0.680ns (34.527%)  route 1.289ns (65.473%))
  Logic Levels:           5  (LUT4=2 LUT5=2 LUT6=1)
  Input Delay:            1.000ns
  Clock Path Skew:        0.030ns (DCD - SCD + CPR)
    Destination Clock Delay (DCD):    0.030ns = ( 5.030 - 5.000 ) 
    Source Clock Delay      (SCD):    0.000ns
    Clock Pessimism Removal (CPR):    0.000ns
  Clock Uncertainty:      0.035ns  ((TSJ^2 + TIJ^2)^1/2 + DJ) / 2 + PE
    Total System Jitter     (TSJ):    0.071ns
    Total Input Jitter      (TIJ):    0.000ns
    Discrete Jitter          (DJ):    0.000ns
    Phase Error              (PE):    0.000ns

    Location             Delay type                Incr(ns)  Path(ns)    Netlist Resource(s)
  -------------------------------------------------------------------    -------------------
                         (clock clk rise edge)        0.000     0.000 r  
                         input delay                  1.000     1.000    
                                                      0.000     1.000 r  s_axis_tdata[74] (IN)
                         net (fo=0)                   0.000     1.000    s_axis_tdata[74]
    SLICE_X19Y116        LUT5 (Prop_D6LUT_SLICEL_I0_O)
                                                      0.185     1.185 r  record_error_q_i_20/O
                         net (fo=1, routed)           0.142     1.327    record_error_q_i_20_n_0
    SLICE_X19Y116        LUT4 (Prop_A6LUT_SLICEL_I1_O)
                                                      0.152     1.479 r  record_error_q_i_6/O
                         net (fo=1, routed)           0.212     1.691    record_error_q_i_6_n_0
    SLICE_X20Y120        LUT6 (Prop_H6LUT_SLICEM_I3_O)
                                                      0.228     1.919 f  record_error_q_i_2/O
                         net (fo=2, routed)           0.227     2.146    record_error_q_i_2_n_0
    SLICE_X19Y115        LUT5 (Prop_H6LUT_SLICEL_I4_O)
                                                      0.058     2.204 r  response_valid_q_i_2/O
                         net (fo=3, routed)           0.167     2.371    response_valid_q_i_2_n_0
    SLICE_X18Y116        LUT4 (Prop_G6LUT_SLICEM_I0_O)
                                                      0.057     2.428 r  rejected_tiles[31]_i_1/O
                         net (fo=32, routed)          0.541     2.969    rejected_tiles[31]_i_1_n_0
    SLICE_X18Y125        FDRE                                         r  rejected_tiles_reg[26]/CE
  -------------------------------------------------------------------    -------------------

                         (clock clk rise edge)        5.000     5.000 r  
                                                      0.000     5.000 r  clk (IN)
                         net (fo=587, unset)          0.030     5.030    clk
    SLICE_X18Y125        FDRE                                         r  rejected_tiles_reg[26]/C
                         clock pessimism              0.000     5.030    
                         clock uncertainty           -0.035     4.995    
    SLICE_X18Y125        FDRE (Setup_CFF_SLICEM_C_CE)
                                                     -0.080     4.915    rejected_tiles_reg[26]
  -------------------------------------------------------------------
                         required time                          4.915    
                         arrival time                          -2.969    
  -------------------------------------------------------------------
                         slack                                  1.945    

Slack (MET) :             1.945ns  (required time - arrival time)
  Source:                 s_axis_tdata[74]
                            (input port clocked by clk  {rise@0.000ns fall@2.500ns period=5.000ns})
  Destination:            rejected_tiles_reg[27]/CE
                            (rising edge-triggered cell FDRE clocked by clk  {rise@0.000ns fall@2.500ns period=5.000ns})
  Path Group:             clk
  Path Type:              Setup (Max at Slow Process Corner)
  Requirement:            5.000ns  (clk rise@5.000ns - clk rise@0.000ns)
  Data Path Delay:        1.969ns  (logic 0.680ns (34.527%)  route 1.289ns (65.473%))
  Logic Levels:           5  (LUT4=2 LUT5=2 LUT6=1)
  Input Delay:            1.000ns
  Clock Path Skew:        0.030ns (DCD - SCD + CPR)
    Destination Clock Delay (DCD):    0.030ns = ( 5.030 - 5.000 ) 
    Source Clock Delay      (SCD):    0.000ns
    Clock Pessimism Removal (CPR):    0.000ns
  Clock Uncertainty:      0.035ns  ((TSJ^2 + TIJ^2)^1/2 + DJ) / 2 + PE
    Total System Jitter     (TSJ):    0.071ns
    Total Input Jitter      (TIJ):    0.000ns
    Discrete Jitter          (DJ):    0.000ns
    Phase Error              (PE):    0.000ns

    Location             Delay type                Incr(ns)  Path(ns)    Netlist Resource(s)
  -------------------------------------------------------------------    -------------------
                         (clock clk rise edge)        0.000     0.000 r  
                         input delay                  1.000     1.000    
                                                      0.000     1.000 r  s_axis_tdata[74] (IN)
                         net (fo=0)                   0.000     1.000    s_axis_tdata[74]
    SLICE_X19Y116        LUT5 (Prop_D6LUT_SLICEL_I0_O)
                                                      0.185     1.185 r  record_error_q_i_20/O
                         net (fo=1, routed)           0.142     1.327    record_error_q_i_20_n_0
    SLICE_X19Y116        LUT4 (Prop_A6LUT_SLICEL_I1_O)
                                                      0.152     1.479 r  record_error_q_i_6/O
                         net (fo=1, routed)           0.212     1.691    record_error_q_i_6_n_0
    SLICE_X20Y120        LUT6 (Prop_H6LUT_SLICEM_I3_O)
                                                      0.228     1.919 f  record_error_q_i_2/O
                         net (fo=2, routed)           0.227     2.146    record_error_q_i_2_n_0
    SLICE_X19Y115        LUT5 (Prop_H6LUT_SLICEL_I4_O)
                                                      0.058     2.204 r  response_valid_q_i_2/O
                         net (fo=3, routed)           0.167     2.371    response_valid_q_i_2_n_0
    SLICE_X18Y116        LUT4 (Prop_G6LUT_SLICEM_I0_O)
                                                      0.057     2.428 r  rejected_tiles[31]_i_1/O
                         net (fo=32, routed)          0.541     2.969    rejected_tiles[31]_i_1_n_0
    SLICE_X18Y125        FDRE                                         r  rejected_tiles_reg[27]/CE
  -------------------------------------------------------------------    -------------------

                         (clock clk rise edge)        5.000     5.000 r  
                                                      0.000     5.000 r  clk (IN)
                         net (fo=587, unset)          0.030     5.030    clk
    SLICE_X18Y125        FDRE                                         r  rejected_tiles_reg[27]/C
                         clock pessimism              0.000     5.030    
                         clock uncertainty           -0.035     4.995    
    SLICE_X18Y125        FDRE (Setup_DFF_SLICEM_C_CE)
                                                     -0.080     4.915    rejected_tiles_reg[27]
  -------------------------------------------------------------------
                         required time                          4.915    
                         arrival time                          -2.969    
  -------------------------------------------------------------------
                         slack                                  1.945    

Slack (MET) :             1.995ns  (required time - arrival time)
  Source:                 s_axis_tdata[74]
                            (input port clocked by clk  {rise@0.000ns fall@2.500ns period=5.000ns})
  Destination:            rejected_tiles_reg[12]/CE
                            (rising edge-triggered cell FDRE clocked by clk  {rise@0.000ns fall@2.500ns period=5.000ns})
  Path Group:             clk
  Path Type:              Setup (Max at Slow Process Corner)
  Requirement:            5.000ns  (clk rise@5.000ns - clk rise@0.000ns)
  Data Path Delay:        1.920ns  (logic 0.680ns (35.416%)  route 1.240ns (64.584%))
  Logic Levels:           5  (LUT4=2 LUT5=2 LUT6=1)
  Input Delay:            1.000ns
  Clock Path Skew:        0.031ns (DCD - SCD + CPR)
    Destination Clock Delay (DCD):    0.031ns = ( 5.031 - 5.000 ) 
    Source Clock Delay      (SCD):    0.000ns
    Clock Pessimism Removal (CPR):    0.000ns
  Clock Uncertainty:      0.035ns  ((TSJ^2 + TIJ^2)^1/2 + DJ) / 2 + PE
    Total System Jitter     (TSJ):    0.071ns
    Total Input Jitter      (TIJ):    0.000ns
    Discrete Jitter          (DJ):    0.000ns
    Phase Error              (PE):    0.000ns

    Location             Delay type                Incr(ns)  Path(ns)    Netlist Resource(s)
  -------------------------------------------------------------------    -------------------
                         (clock clk rise edge)        0.000     0.000 r  
                         input delay                  1.000     1.000    
                                                      0.000     1.000 r  s_axis_tdata[74] (IN)
                         net (fo=0)                   0.000     1.000    s_axis_tdata[74]
    SLICE_X19Y116        LUT5 (Prop_D6LUT_SLICEL_I0_O)
                                                      0.185     1.185 r  record_error_q_i_20/O
                         net (fo=1, routed)           0.142     1.327    record_error_q_i_20_n_0
    SLICE_X19Y116        LUT4 (Prop_A6LUT_SLICEL_I1_O)
                                                      0.152     1.479 r  record_error_q_i_6/O
                         net (fo=1, routed)           0.212     1.691    record_error_q_i_6_n_0
    SLICE_X20Y120        LUT6 (Prop_H6LUT_SLICEM_I3_O)
                                                      0.228     1.919 f  record_error_q_i_2/O
                         net (fo=2, routed)           0.227     2.146    record_error_q_i_2_n_0
    SLICE_X19Y115        LUT5 (Prop_H6LUT_SLICEL_I4_O)
                                                      0.058     2.204 r  response_valid_q_i_2/O
                         net (fo=3, routed)           0.167     2.371    response_valid_q_i_2_n_0
    SLICE_X18Y116        LUT4 (Prop_G6LUT_SLICEM_I0_O)
                                                      0.057     2.428 r  rejected_tiles[31]_i_1/O
                         net (fo=32, routed)          0.492     2.920    rejected_tiles[31]_i_1_n_0
    SLICE_X18Y123        FDRE                                         r  rejected_tiles_reg[12]/CE
  -------------------------------------------------------------------    -------------------

                         (clock clk rise edge)        5.000     5.000 r  
                                                      0.000     5.000 r  clk (IN)
                         net (fo=587, unset)          0.031     5.031    clk
    SLICE_X18Y123        FDRE                                         r  rejected_tiles_reg[12]/C
                         clock pessimism              0.000     5.031    
                         clock uncertainty           -0.035     4.996    
    SLICE_X18Y123        FDRE (Setup_EFF_SLICEM_C_CE)
                                                     -0.081     4.915    rejected_tiles_reg[12]
  -------------------------------------------------------------------
                         required time                          4.915    
                         arrival time                          -2.920    
  -------------------------------------------------------------------
                         slack                                  1.995    

Slack (MET) :             1.995ns  (required time - arrival time)
  Source:                 s_axis_tdata[74]
                            (input port clocked by clk  {rise@0.000ns fall@2.500ns period=5.000ns})
  Destination:            rejected_tiles_reg[13]/CE
                            (rising edge-triggered cell FDRE clocked by clk  {rise@0.000ns fall@2.500ns period=5.000ns})
  Path Group:             clk
  Path Type:              Setup (Max at Slow Process Corner)
  Requirement:            5.000ns  (clk rise@5.000ns - clk rise@0.000ns)
  Data Path Delay:        1.920ns  (logic 0.680ns (35.416%)  route 1.240ns (64.584%))
  Logic Levels:           5  (LUT4=2 LUT5=2 LUT6=1)
  Input Delay:            1.000ns
  Clock Path Skew:        0.031ns (DCD - SCD + CPR)
    Destination Clock Delay (DCD):    0.031ns = ( 5.031 - 5.000 ) 
    Source Clock Delay      (SCD):    0.000ns
    Clock Pessimism Removal (CPR):    0.000ns
  Clock Uncertainty:      0.035ns  ((TSJ^2 + TIJ^2)^1/2 + DJ) / 2 + PE
    Total System Jitter     (TSJ):    0.071ns
    Total Input Jitter      (TIJ):    0.000ns
    Discrete Jitter          (DJ):    0.000ns
    Phase Error              (PE):    0.000ns

    Location             Delay type                Incr(ns)  Path(ns)    Netlist Resource(s)
  -------------------------------------------------------------------    -------------------
                         (clock clk rise edge)        0.000     0.000 r  
                         input delay                  1.000     1.000    
                                                      0.000     1.000 r  s_axis_tdata[74] (IN)
                         net (fo=0)                   0.000     1.000    s_axis_tdata[74]
    SLICE_X19Y116        LUT5 (Prop_D6LUT_SLICEL_I0_O)
                                                      0.185     1.185 r  record_error_q_i_20/O
                         net (fo=1, routed)           0.142     1.327    record_error_q_i_20_n_0
    SLICE_X19Y116        LUT4 (Prop_A6LUT_SLICEL_I1_O)
                                                      0.152     1.479 r  record_error_q_i_6/O
                         net (fo=1, routed)           0.212     1.691    record_error_q_i_6_n_0
    SLICE_X20Y120        LUT6 (Prop_H6LUT_SLICEM_I3_O)
                                                      0.228     1.919 f  record_error_q_i_2/O
                         net (fo=2, routed)           0.227     2.146    record_error_q_i_2_n_0
    SLICE_X19Y115        LUT5 (Prop_H6LUT_SLICEL_I4_O)
                                                      0.058     2.204 r  response_valid_q_i_2/O
                         net (fo=3, routed)           0.167     2.371    response_valid_q_i_2_n_0
    SLICE_X18Y116        LUT4 (Prop_G6LUT_SLICEM_I0_O)
                                                      0.057     2.428 r  rejected_tiles[31]_i_1/O
                         net (fo=32, routed)          0.492     2.920    rejected_tiles[31]_i_1_n_0
    SLICE_X18Y123        FDRE                                         r  rejected_tiles_reg[13]/CE
  -------------------------------------------------------------------    -------------------

                         (clock clk rise edge)        5.000     5.000 r  
                                                      0.000     5.000 r  clk (IN)
                         net (fo=587, unset)          0.031     5.031    clk
    SLICE_X18Y123        FDRE                                         r  rejected_tiles_reg[13]/C
                         clock pessimism              0.000     5.031    
                         clock uncertainty           -0.035     4.996    
    SLICE_X18Y123        FDRE (Setup_FFF_SLICEM_C_CE)
                                                     -0.081     4.915    rejected_tiles_reg[13]
  -------------------------------------------------------------------
                         required time                          4.915    
                         arrival time                          -2.920    
  -------------------------------------------------------------------
                         slack                                  1.995    

Slack (MET) :             1.995ns  (required time - arrival time)
  Source:                 s_axis_tdata[74]
                            (input port clocked by clk  {rise@0.000ns fall@2.500ns period=5.000ns})
  Destination:            rejected_tiles_reg[14]/CE
                            (rising edge-triggered cell FDRE clocked by clk  {rise@0.000ns fall@2.500ns period=5.000ns})
  Path Group:             clk
  Path Type:              Setup (Max at Slow Process Corner)
  Requirement:            5.000ns  (clk rise@5.000ns - clk rise@0.000ns)
  Data Path Delay:        1.920ns  (logic 0.680ns (35.416%)  route 1.240ns (64.584%))
  Logic Levels:           5  (LUT4=2 LUT5=2 LUT6=1)
  Input Delay:            1.000ns
  Clock Path Skew:        0.031ns (DCD - SCD + CPR)
    Destination Clock Delay (DCD):    0.031ns = ( 5.031 - 5.000 ) 
    Source Clock Delay      (SCD):    0.000ns
    Clock Pessimism Removal (CPR):    0.000ns
  Clock Uncertainty:      0.035ns  ((TSJ^2 + TIJ^2)^1/2 + DJ) / 2 + PE
    Total System Jitter     (TSJ):    0.071ns
    Total Input Jitter      (TIJ):    0.000ns
    Discrete Jitter          (DJ):    0.000ns
    Phase Error              (PE):    0.000ns

    Location             Delay type                Incr(ns)  Path(ns)    Netlist Resource(s)
  -------------------------------------------------------------------    -------------------
                         (clock clk rise edge)        0.000     0.000 r  
                         input delay                  1.000     1.000    
                                                      0.000     1.000 r  s_axis_tdata[74] (IN)
                         net (fo=0)                   0.000     1.000    s_axis_tdata[74]
    SLICE_X19Y116        LUT5 (Prop_D6LUT_SLICEL_I0_O)
                                                      0.185     1.185 r  record_error_q_i_20/O
                         net (fo=1, routed)           0.142     1.327    record_error_q_i_20_n_0
    SLICE_X19Y116        LUT4 (Prop_A6LUT_SLICEL_I1_O)
                                                      0.152     1.479 r  record_error_q_i_6/O
                         net (fo=1, routed)           0.212     1.691    record_error_q_i_6_n_0
    SLICE_X20Y120        LUT6 (Prop_H6LUT_SLICEM_I3_O)
                                                      0.228     1.919 f  record_error_q_i_2/O
                         net (fo=2, routed)           0.227     2.146    record_error_q_i_2_n_0
    SLICE_X19Y115        LUT5 (Prop_H6LUT_SLICEL_I4_O)
                                                      0.058     2.204 r  response_valid_q_i_2/O
                         net (fo=3, routed)           0.167     2.371    response_valid_q_i_2_n_0
    SLICE_X18Y116        LUT4 (Prop_G6LUT_SLICEM_I0_O)
                                                      0.057     2.428 r  rejected_tiles[31]_i_1/O
                         net (fo=32, routed)          0.492     2.920    rejected_tiles[31]_i_1_n_0
    SLICE_X18Y123        FDRE                                         r  rejected_tiles_reg[14]/CE
  -------------------------------------------------------------------    -------------------

                         (clock clk rise edge)        5.000     5.000 r  
                                                      0.000     5.000 r  clk (IN)
                         net (fo=587, unset)          0.031     5.031    clk
    SLICE_X18Y123        FDRE                                         r  rejected_tiles_reg[14]/C
                         clock pessimism              0.000     5.031    
                         clock uncertainty           -0.035     4.996    
    SLICE_X18Y123        FDRE (Setup_GFF_SLICEM_C_CE)
                                                     -0.081     4.915    rejected_tiles_reg[14]
  -------------------------------------------------------------------
                         required time                          4.915    
                         arrival time                          -2.920    
  -------------------------------------------------------------------
                         slack                                  1.995    

Slack (MET) :             1.995ns  (required time - arrival time)
  Source:                 s_axis_tdata[74]
                            (input port clocked by clk  {rise@0.000ns fall@2.500ns period=5.000ns})
  Destination:            rejected_tiles_reg[15]/CE
                            (rising edge-triggered cell FDRE clocked by clk  {rise@0.000ns fall@2.500ns period=5.000ns})
  Path Group:             clk
  Path Type:              Setup (Max at Slow Process Corner)
  Requirement:            5.000ns  (clk rise@5.000ns - clk rise@0.000ns)
  Data Path Delay:        1.920ns  (logic 0.680ns (35.416%)  route 1.240ns (64.584%))
  Logic Levels:           5  (LUT4=2 LUT5=2 LUT6=1)
  Input Delay:            1.000ns
  Clock Path Skew:        0.031ns (DCD - SCD + CPR)
    Destination Clock Delay (DCD):    0.031ns = ( 5.031 - 5.000 ) 
    Source Clock Delay      (SCD):    0.000ns
    Clock Pessimism Removal (CPR):    0.000ns
  Clock Uncertainty:      0.035ns  ((TSJ^2 + TIJ^2)^1/2 + DJ) / 2 + PE
    Total System Jitter     (TSJ):    0.071ns
    Total Input Jitter      (TIJ):    0.000ns
    Discrete Jitter          (DJ):    0.000ns
    Phase Error              (PE):    0.000ns

    Location             Delay type                Incr(ns)  Path(ns)    Netlist Resource(s)
  -------------------------------------------------------------------    -------------------
                         (clock clk rise edge)        0.000     0.000 r  
                         input delay                  1.000     1.000    
                                                      0.000     1.000 r  s_axis_tdata[74] (IN)
                         net (fo=0)                   0.000     1.000    s_axis_tdata[74]
    SLICE_X19Y116        LUT5 (Prop_D6LUT_SLICEL_I0_O)
                                                      0.185     1.185 r  record_error_q_i_20/O
                         net (fo=1, routed)           0.142     1.327    record_error_q_i_20_n_0
    SLICE_X19Y116        LUT4 (Prop_A6LUT_SLICEL_I1_O)
                                                      0.152     1.479 r  record_error_q_i_6/O
                         net (fo=1, routed)           0.212     1.691    record_error_q_i_6_n_0
    SLICE_X20Y120        LUT6 (Prop_H6LUT_SLICEM_I3_O)
                                                      0.228     1.919 f  record_error_q_i_2/O
                         net (fo=2, routed)           0.227     2.146    record_error_q_i_2_n_0
    SLICE_X19Y115        LUT5 (Prop_H6LUT_SLICEL_I4_O)
                                                      0.058     2.204 r  response_valid_q_i_2/O
                         net (fo=3, routed)           0.167     2.371    response_valid_q_i_2_n_0
    SLICE_X18Y116        LUT4 (Prop_G6LUT_SLICEM_I0_O)
                                                      0.057     2.428 r  rejected_tiles[31]_i_1/O
                         net (fo=32, routed)          0.492     2.920    rejected_tiles[31]_i_1_n_0
    SLICE_X18Y123        FDRE                                         r  rejected_tiles_reg[15]/CE
  -------------------------------------------------------------------    -------------------

                         (clock clk rise edge)        5.000     5.000 r  
                                                      0.000     5.000 r  clk (IN)
                         net (fo=587, unset)          0.031     5.031    clk
    SLICE_X18Y123        FDRE                                         r  rejected_tiles_reg[15]/C
                         clock pessimism              0.000     5.031    
                         clock uncertainty           -0.035     4.996    
    SLICE_X18Y123        FDRE (Setup_HFF_SLICEM_C_CE)
                                                     -0.081     4.915    rejected_tiles_reg[15]
  -------------------------------------------------------------------
                         required time                          4.915    
                         arrival time                          -2.920    
  -------------------------------------------------------------------
                         slack                                  1.995    

Slack (MET) :             1.998ns  (required time - arrival time)
  Source:                 s_axis_tdata[74]
                            (input port clocked by clk  {rise@0.000ns fall@2.500ns period=5.000ns})
  Destination:            rejected_tiles_reg[10]/CE
                            (rising edge-triggered cell FDRE clocked by clk  {rise@0.000ns fall@2.500ns period=5.000ns})
  Path Group:             clk
  Path Type:              Setup (Max at Slow Process Corner)
  Requirement:            5.000ns  (clk rise@5.000ns - clk rise@0.000ns)
  Data Path Delay:        1.917ns  (logic 0.680ns (35.471%)  route 1.237ns (64.529%))
  Logic Levels:           5  (LUT4=2 LUT5=2 LUT6=1)
  Input Delay:            1.000ns
  Clock Path Skew:        0.030ns (DCD - SCD + CPR)
    Destination Clock Delay (DCD):    0.030ns = ( 5.030 - 5.000 ) 
    Source Clock Delay      (SCD):    0.000ns
    Clock Pessimism Removal (CPR):    0.000ns
  Clock Uncertainty:      0.035ns  ((TSJ^2 + TIJ^2)^1/2 + DJ) / 2 + PE
    Total System Jitter     (TSJ):    0.071ns
    Total Input Jitter      (TIJ):    0.000ns
    Discrete Jitter          (DJ):    0.000ns
    Phase Error              (PE):    0.000ns

    Location             Delay type                Incr(ns)  Path(ns)    Netlist Resource(s)
  -------------------------------------------------------------------    -------------------
                         (clock clk rise edge)        0.000     0.000 r  
                         input delay                  1.000     1.000    
                                                      0.000     1.000 r  s_axis_tdata[74] (IN)
                         net (fo=0)                   0.000     1.000    s_axis_tdata[74]
    SLICE_X19Y116        LUT5 (Prop_D6LUT_SLICEL_I0_O)
                                                      0.185     1.185 r  record_error_q_i_20/O
                         net (fo=1, routed)           0.142     1.327    record_error_q_i_20_n_0
    SLICE_X19Y116        LUT4 (Prop_A6LUT_SLICEL_I1_O)
                                                      0.152     1.479 r  record_error_q_i_6/O
                         net (fo=1, routed)           0.212     1.691    record_error_q_i_6_n_0
    SLICE_X20Y120        LUT6 (Prop_H6LUT_SLICEM_I3_O)
                                                      0.228     1.919 f  record_error_q_i_2/O
                         net (fo=2, routed)           0.227     2.146    record_error_q_i_2_n_0
    SLICE_X19Y115        LUT5 (Prop_H6LUT_SLICEL_I4_O)
                                                      0.058     2.204 r  response_valid_q_i_2/O
                         net (fo=3, routed)           0.167     2.371    response_valid_q_i_2_n_0
    SLICE_X18Y116        LUT4 (Prop_G6LUT_SLICEM_I0_O)
                                                      0.057     2.428 r  rejected_tiles[31]_i_1/O
                         net (fo=32, routed)          0.489     2.917    rejected_tiles[31]_i_1_n_0
    SLICE_X18Y123        FDRE                                         r  rejected_tiles_reg[10]/CE
  -------------------------------------------------------------------    -------------------

                         (clock clk rise edge)        5.000     5.000 r  
                                                      0.000     5.000 r  clk (IN)
                         net (fo=587, unset)          0.030     5.030    clk
    SLICE_X18Y123        FDRE                                         r  rejected_tiles_reg[10]/C
                         clock pessimism              0.000     5.030    
                         clock uncertainty           -0.035     4.995    
    SLICE_X18Y123        FDRE (Setup_CFF_SLICEM_C_CE)
                                                     -0.080     4.915    rejected_tiles_reg[10]
  -------------------------------------------------------------------
                         required time                          4.915    
                         arrival time                          -2.917    
  -------------------------------------------------------------------
                         slack                                  1.998    

Slack (MET) :             1.998ns  (required time - arrival time)
  Source:                 s_axis_tdata[74]
                            (input port clocked by clk  {rise@0.000ns fall@2.500ns period=5.000ns})
  Destination:            rejected_tiles_reg[11]/CE
                            (rising edge-triggered cell FDRE clocked by clk  {rise@0.000ns fall@2.500ns period=5.000ns})
  Path Group:             clk
  Path Type:              Setup (Max at Slow Process Corner)
  Requirement:            5.000ns  (clk rise@5.000ns - clk rise@0.000ns)
  Data Path Delay:        1.917ns  (logic 0.680ns (35.471%)  route 1.237ns (64.529%))
  Logic Levels:           5  (LUT4=2 LUT5=2 LUT6=1)
  Input Delay:            1.000ns
  Clock Path Skew:        0.030ns (DCD - SCD + CPR)
    Destination Clock Delay (DCD):    0.030ns = ( 5.030 - 5.000 ) 
    Source Clock Delay      (SCD):    0.000ns
    Clock Pessimism Removal (CPR):    0.000ns
  Clock Uncertainty:      0.035ns  ((TSJ^2 + TIJ^2)^1/2 + DJ) / 2 + PE
    Total System Jitter     (TSJ):    0.071ns
    Total Input Jitter      (TIJ):    0.000ns
    Discrete Jitter          (DJ):    0.000ns
    Phase Error              (PE):    0.000ns

    Location             Delay type                Incr(ns)  Path(ns)    Netlist Resource(s)
  -------------------------------------------------------------------    -------------------
                         (clock clk rise edge)        0.000     0.000 r  
                         input delay                  1.000     1.000    
                                                      0.000     1.000 r  s_axis_tdata[74] (IN)
                         net (fo=0)                   0.000     1.000    s_axis_tdata[74]
    SLICE_X19Y116        LUT5 (Prop_D6LUT_SLICEL_I0_O)
                                                      0.185     1.185 r  record_error_q_i_20/O
                         net (fo=1, routed)           0.142     1.327    record_error_q_i_20_n_0
    SLICE_X19Y116        LUT4 (Prop_A6LUT_SLICEL_I1_O)
                                                      0.152     1.479 r  record_error_q_i_6/O
                         net (fo=1, routed)           0.212     1.691    record_error_q_i_6_n_0
    SLICE_X20Y120        LUT6 (Prop_H6LUT_SLICEM_I3_O)
                                                      0.228     1.919 f  record_error_q_i_2/O
                         net (fo=2, routed)           0.227     2.146    record_error_q_i_2_n_0
    SLICE_X19Y115        LUT5 (Prop_H6LUT_SLICEL_I4_O)
                                                      0.058     2.204 r  response_valid_q_i_2/O
                         net (fo=3, routed)           0.167     2.371    response_valid_q_i_2_n_0
    SLICE_X18Y116        LUT4 (Prop_G6LUT_SLICEM_I0_O)
                                                      0.057     2.428 r  rejected_tiles[31]_i_1/O
                         net (fo=32, routed)          0.489     2.917    rejected_tiles[31]_i_1_n_0
    SLICE_X18Y123        FDRE                                         r  rejected_tiles_reg[11]/CE
  -------------------------------------------------------------------    -------------------

                         (clock clk rise edge)        5.000     5.000 r  
                                                      0.000     5.000 r  clk (IN)
                         net (fo=587, unset)          0.030     5.030    clk
    SLICE_X18Y123        FDRE                                         r  rejected_tiles_reg[11]/C
                         clock pessimism              0.000     5.030    
                         clock uncertainty           -0.035     4.995    
    SLICE_X18Y123        FDRE (Setup_DFF_SLICEM_C_CE)
                                                     -0.080     4.915    rejected_tiles_reg[11]
  -------------------------------------------------------------------
                         required time                          4.915    
                         arrival time                          -2.917    
  -------------------------------------------------------------------
                         slack                                  1.998    

Slack (MET) :             1.998ns  (required time - arrival time)
  Source:                 s_axis_tdata[74]
                            (input port clocked by clk  {rise@0.000ns fall@2.500ns period=5.000ns})
  Destination:            rejected_tiles_reg[8]/CE
                            (rising edge-triggered cell FDRE clocked by clk  {rise@0.000ns fall@2.500ns period=5.000ns})
  Path Group:             clk
  Path Type:              Setup (Max at Slow Process Corner)
  Requirement:            5.000ns  (clk rise@5.000ns - clk rise@0.000ns)
  Data Path Delay:        1.917ns  (logic 0.680ns (35.471%)  route 1.237ns (64.529%))
  Logic Levels:           5  (LUT4=2 LUT5=2 LUT6=1)
  Input Delay:            1.000ns
  Clock Path Skew:        0.030ns (DCD - SCD + CPR)
    Destination Clock Delay (DCD):    0.030ns = ( 5.030 - 5.000 ) 
    Source Clock Delay      (SCD):    0.000ns
    Clock Pessimism Removal (CPR):    0.000ns
  Clock Uncertainty:      0.035ns  ((TSJ^2 + TIJ^2)^1/2 + DJ) / 2 + PE
    Total System Jitter     (TSJ):    0.071ns
    Total Input Jitter      (TIJ):    0.000ns
    Discrete Jitter          (DJ):    0.000ns
    Phase Error              (PE):    0.000ns

    Location             Delay type                Incr(ns)  Path(ns)    Netlist Resource(s)
  -------------------------------------------------------------------    -------------------
                         (clock clk rise edge)        0.000     0.000 r  
                         input delay                  1.000     1.000    
                                                      0.000     1.000 r  s_axis_tdata[74] (IN)
                         net (fo=0)                   0.000     1.000    s_axis_tdata[74]
    SLICE_X19Y116        LUT5 (Prop_D6LUT_SLICEL_I0_O)
                                                      0.185     1.185 r  record_error_q_i_20/O
                         net (fo=1, routed)           0.142     1.327    record_error_q_i_20_n_0
    SLICE_X19Y116        LUT4 (Prop_A6LUT_SLICEL_I1_O)
                                                      0.152     1.479 r  record_error_q_i_6/O
                         net (fo=1, routed)           0.212     1.691    record_error_q_i_6_n_0
    SLICE_X20Y120        LUT6 (Prop_H6LUT_SLICEM_I3_O)
                                                      0.228     1.919 f  record_error_q_i_2/O
                         net (fo=2, routed)           0.227     2.146    record_error_q_i_2_n_0
    SLICE_X19Y115        LUT5 (Prop_H6LUT_SLICEL_I4_O)
                                                      0.058     2.204 r  response_valid_q_i_2/O
                         net (fo=3, routed)           0.167     2.371    response_valid_q_i_2_n_0
    SLICE_X18Y116        LUT4 (Prop_G6LUT_SLICEM_I0_O)
                                                      0.057     2.428 r  rejected_tiles[31]_i_1/O
                         net (fo=32, routed)          0.489     2.917    rejected_tiles[31]_i_1_n_0
    SLICE_X18Y123        FDRE                                         r  rejected_tiles_reg[8]/CE
  -------------------------------------------------------------------    -------------------

                         (clock clk rise edge)        5.000     5.000 r  
                                                      0.000     5.000 r  clk (IN)
                         net (fo=587, unset)          0.030     5.030    clk
    SLICE_X18Y123        FDRE                                         r  rejected_tiles_reg[8]/C
                         clock pessimism              0.000     5.030    
                         clock uncertainty           -0.035     4.995    
    SLICE_X18Y123        FDRE (Setup_AFF_SLICEM_C_CE)
                                                     -0.080     4.915    rejected_tiles_reg[8]
  -------------------------------------------------------------------
                         required time                          4.915    
                         arrival time                          -2.917    
  -------------------------------------------------------------------
                         slack                                  1.998    

Slack (MET) :             1.998ns  (required time - arrival time)
  Source:                 s_axis_tdata[74]
                            (input port clocked by clk  {rise@0.000ns fall@2.500ns period=5.000ns})
  Destination:            rejected_tiles_reg[9]/CE
                            (rising edge-triggered cell FDRE clocked by clk  {rise@0.000ns fall@2.500ns period=5.000ns})
  Path Group:             clk
  Path Type:              Setup (Max at Slow Process Corner)
  Requirement:            5.000ns  (clk rise@5.000ns - clk rise@0.000ns)
  Data Path Delay:        1.917ns  (logic 0.680ns (35.471%)  route 1.237ns (64.529%))
  Logic Levels:           5  (LUT4=2 LUT5=2 LUT6=1)
  Input Delay:            1.000ns
  Clock Path Skew:        0.030ns (DCD - SCD + CPR)
    Destination Clock Delay (DCD):    0.030ns = ( 5.030 - 5.000 ) 
    Source Clock Delay      (SCD):    0.000ns
    Clock Pessimism Removal (CPR):    0.000ns
  Clock Uncertainty:      0.035ns  ((TSJ^2 + TIJ^2)^1/2 + DJ) / 2 + PE
    Total System Jitter     (TSJ):    0.071ns
    Total Input Jitter      (TIJ):    0.000ns
    Discrete Jitter          (DJ):    0.000ns
    Phase Error              (PE):    0.000ns

    Location             Delay type                Incr(ns)  Path(ns)    Netlist Resource(s)
  -------------------------------------------------------------------    -------------------
                         (clock clk rise edge)        0.000     0.000 r  
                         input delay                  1.000     1.000    
                                                      0.000     1.000 r  s_axis_tdata[74] (IN)
                         net (fo=0)                   0.000     1.000    s_axis_tdata[74]
    SLICE_X19Y116        LUT5 (Prop_D6LUT_SLICEL_I0_O)
                                                      0.185     1.185 r  record_error_q_i_20/O
                         net (fo=1, routed)           0.142     1.327    record_error_q_i_20_n_0
    SLICE_X19Y116        LUT4 (Prop_A6LUT_SLICEL_I1_O)
                                                      0.152     1.479 r  record_error_q_i_6/O
                         net (fo=1, routed)           0.212     1.691    record_error_q_i_6_n_0
    SLICE_X20Y120        LUT6 (Prop_H6LUT_SLICEM_I3_O)
                                                      0.228     1.919 f  record_error_q_i_2/O
                         net (fo=2, routed)           0.227     2.146    record_error_q_i_2_n_0
    SLICE_X19Y115        LUT5 (Prop_H6LUT_SLICEL_I4_O)
                                                      0.058     2.204 r  response_valid_q_i_2/O
                         net (fo=3, routed)           0.167     2.371    response_valid_q_i_2_n_0
    SLICE_X18Y116        LUT4 (Prop_G6LUT_SLICEM_I0_O)
                                                      0.057     2.428 r  rejected_tiles[31]_i_1/O
                         net (fo=32, routed)          0.489     2.917    rejected_tiles[31]_i_1_n_0
    SLICE_X18Y123        FDRE                                         r  rejected_tiles_reg[9]/CE
  -------------------------------------------------------------------    -------------------

                         (clock clk rise edge)        5.000     5.000 r  
                                                      0.000     5.000 r  clk (IN)
                         net (fo=587, unset)          0.030     5.030    clk
    SLICE_X18Y123        FDRE                                         r  rejected_tiles_reg[9]/C
                         clock pessimism              0.000     5.030    
                         clock uncertainty           -0.035     4.995    
    SLICE_X18Y123        FDRE (Setup_BFF_SLICEM_C_CE)
                                                     -0.080     4.915    rejected_tiles_reg[9]
  -------------------------------------------------------------------
                         required time                          4.915    
                         arrival time                          -2.917    
  -------------------------------------------------------------------
                         slack                                  1.998    

Slack (MET) :             2.007ns  (required time - arrival time)
  Source:                 s_axis_tdata[74]
                            (input port clocked by clk  {rise@0.000ns fall@2.500ns period=5.000ns})
  Destination:            rejected_tiles_reg[20]/CE
                            (rising edge-triggered cell FDRE clocked by clk  {rise@0.000ns fall@2.500ns period=5.000ns})
  Path Group:             clk
  Path Type:              Setup (Max at Slow Process Corner)
  Requirement:            5.000ns  (clk rise@5.000ns - clk rise@0.000ns)
  Data Path Delay:        1.907ns  (logic 0.680ns (35.650%)  route 1.227ns (64.350%))
  Logic Levels:           5  (LUT4=2 LUT5=2 LUT6=1)
  Input Delay:            1.000ns
  Clock Path Skew:        0.031ns (DCD - SCD + CPR)
    Destination Clock Delay (DCD):    0.031ns = ( 5.031 - 5.000 ) 
    Source Clock Delay      (SCD):    0.000ns
    Clock Pessimism Removal (CPR):    0.000ns
  Clock Uncertainty:      0.035ns  ((TSJ^2 + TIJ^2)^1/2 + DJ) / 2 + PE
    Total System Jitter     (TSJ):    0.071ns
    Total Input Jitter      (TIJ):    0.000ns
    Discrete Jitter          (DJ):    0.000ns
    Phase Error              (PE):    0.000ns

    Location             Delay type                Incr(ns)  Path(ns)    Netlist Resource(s)
  -------------------------------------------------------------------    -------------------
                         (clock clk rise edge)        0.000     0.000 r  
                         input delay                  1.000     1.000    
                                                      0.000     1.000 r  s_axis_tdata[74] (IN)
                         net (fo=0)                   0.000     1.000    s_axis_tdata[74]
    SLICE_X19Y116        LUT5 (Prop_D6LUT_SLICEL_I0_O)
                                                      0.185     1.185 r  record_error_q_i_20/O
                         net (fo=1, routed)           0.142     1.327    record_error_q_i_20_n_0
    SLICE_X19Y116        LUT4 (Prop_A6LUT_SLICEL_I1_O)
                                                      0.152     1.479 r  record_error_q_i_6/O
                         net (fo=1, routed)           0.212     1.691    record_error_q_i_6_n_0
    SLICE_X20Y120        LUT6 (Prop_H6LUT_SLICEM_I3_O)
                                                      0.228     1.919 f  record_error_q_i_2/O
                         net (fo=2, routed)           0.227     2.146    record_error_q_i_2_n_0
    SLICE_X19Y115        LUT5 (Prop_H6LUT_SLICEL_I4_O)
                                                      0.058     2.204 r  response_valid_q_i_2/O
                         net (fo=3, routed)           0.167     2.371    response_valid_q_i_2_n_0
    SLICE_X18Y116        LUT4 (Prop_G6LUT_SLICEM_I0_O)
                                                      0.057     2.428 r  rejected_tiles[31]_i_1/O
                         net (fo=32, routed)          0.479     2.907    rejected_tiles[31]_i_1_n_0
    SLICE_X18Y124        FDRE                                         r  rejected_tiles_reg[20]/CE
  -------------------------------------------------------------------    -------------------

                         (clock clk rise edge)        5.000     5.000 r  
                                                      0.000     5.000 r  clk (IN)
                         net (fo=587, unset)          0.031     5.031    clk
    SLICE_X18Y124        FDRE                                         r  rejected_tiles_reg[20]/C
                         clock pessimism              0.000     5.031    
                         clock uncertainty           -0.035     4.996    
    SLICE_X18Y124        FDRE (Setup_EFF_SLICEM_C_CE)
                                                     -0.081     4.915    rejected_tiles_reg[20]
  -------------------------------------------------------------------
                         required time                          4.915    
                         arrival time                          -2.907    
  -------------------------------------------------------------------
                         slack                                  2.007    

Slack (MET) :             2.007ns  (required time - arrival time)
  Source:                 s_axis_tdata[74]
                            (input port clocked by clk  {rise@0.000ns fall@2.500ns period=5.000ns})
  Destination:            rejected_tiles_reg[21]/CE
                            (rising edge-triggered cell FDRE clocked by clk  {rise@0.000ns fall@2.500ns period=5.000ns})
  Path Group:             clk
  Path Type:              Setup (Max at Slow Process Corner)
  Requirement:            5.000ns  (clk rise@5.000ns - clk rise@0.000ns)
  Data Path Delay:        1.907ns  (logic 0.680ns (35.650%)  route 1.227ns (64.350%))
  Logic Levels:           5  (LUT4=2 LUT5=2 LUT6=1)
  Input Delay:            1.000ns
  Clock Path Skew:        0.031ns (DCD - SCD + CPR)
    Destination Clock Delay (DCD):    0.031ns = ( 5.031 - 5.000 ) 
    Source Clock Delay      (SCD):    0.000ns
    Clock Pessimism Removal (CPR):    0.000ns
  Clock Uncertainty:      0.035ns  ((TSJ^2 + TIJ^2)^1/2 + DJ) / 2 + PE
    Total System Jitter     (TSJ):    0.071ns
    Total Input Jitter      (TIJ):    0.000ns
    Discrete Jitter          (DJ):    0.000ns
    Phase Error              (PE):    0.000ns

    Location             Delay type                Incr(ns)  Path(ns)    Netlist Resource(s)
  -------------------------------------------------------------------    -------------------
                         (clock clk rise edge)        0.000     0.000 r  
                         input delay                  1.000     1.000    
                                                      0.000     1.000 r  s_axis_tdata[74] (IN)
                         net (fo=0)                   0.000     1.000    s_axis_tdata[74]
    SLICE_X19Y116        LUT5 (Prop_D6LUT_SLICEL_I0_O)
                                                      0.185     1.185 r  record_error_q_i_20/O
                         net (fo=1, routed)           0.142     1.327    record_error_q_i_20_n_0
    SLICE_X19Y116        LUT4 (Prop_A6LUT_SLICEL_I1_O)
                                                      0.152     1.479 r  record_error_q_i_6/O
                         net (fo=1, routed)           0.212     1.691    record_error_q_i_6_n_0
    SLICE_X20Y120        LUT6 (Prop_H6LUT_SLICEM_I3_O)
                                                      0.228     1.919 f  record_error_q_i_2/O
                         net (fo=2, routed)           0.227     2.146    record_error_q_i_2_n_0
    SLICE_X19Y115        LUT5 (Prop_H6LUT_SLICEL_I4_O)
                                                      0.058     2.204 r  response_valid_q_i_2/O
                         net (fo=3, routed)           0.167     2.371    response_valid_q_i_2_n_0
    SLICE_X18Y116        LUT4 (Prop_G6LUT_SLICEM_I0_O)
                                                      0.057     2.428 r  rejected_tiles[31]_i_1/O
                         net (fo=32, routed)          0.479     2.907    rejected_tiles[31]_i_1_n_0
    SLICE_X18Y124        FDRE                                         r  rejected_tiles_reg[21]/CE
  -------------------------------------------------------------------    -------------------

                         (clock clk rise edge)        5.000     5.000 r  
                                                      0.000     5.000 r  clk (IN)
                         net (fo=587, unset)          0.031     5.031    clk
    SLICE_X18Y124        FDRE                                         r  rejected_tiles_reg[21]/C
                         clock pessimism              0.000     5.031    
                         clock uncertainty           -0.035     4.996    
    SLICE_X18Y124        FDRE (Setup_FFF_SLICEM_C_CE)
                                                     -0.081     4.915    rejected_tiles_reg[21]
  -------------------------------------------------------------------
                         required time                          4.915    
                         arrival time                          -2.907    
  -------------------------------------------------------------------
                         slack                                  2.007    

Slack (MET) :             2.007ns  (required time - arrival time)
  Source:                 s_axis_tdata[74]
                            (input port clocked by clk  {rise@0.000ns fall@2.500ns period=5.000ns})
  Destination:            rejected_tiles_reg[22]/CE
                            (rising edge-triggered cell FDRE clocked by clk  {rise@0.000ns fall@2.500ns period=5.000ns})
  Path Group:             clk
  Path Type:              Setup (Max at Slow Process Corner)
  Requirement:            5.000ns  (clk rise@5.000ns - clk rise@0.000ns)
  Data Path Delay:        1.907ns  (logic 0.680ns (35.650%)  route 1.227ns (64.350%))
  Logic Levels:           5  (LUT4=2 LUT5=2 LUT6=1)
  Input Delay:            1.000ns
  Clock Path Skew:        0.031ns (DCD - SCD + CPR)
    Destination Clock Delay (DCD):    0.031ns = ( 5.031 - 5.000 ) 
    Source Clock Delay      (SCD):    0.000ns
    Clock Pessimism Removal (CPR):    0.000ns
  Clock Uncertainty:      0.035ns  ((TSJ^2 + TIJ^2)^1/2 + DJ) / 2 + PE
    Total System Jitter     (TSJ):    0.071ns
    Total Input Jitter      (TIJ):    0.000ns
    Discrete Jitter          (DJ):    0.000ns
    Phase Error              (PE):    0.000ns

    Location             Delay type                Incr(ns)  Path(ns)    Netlist Resource(s)
  -------------------------------------------------------------------    -------------------
                         (clock clk rise edge)        0.000     0.000 r  
                         input delay                  1.000     1.000    
                                                      0.000     1.000 r  s_axis_tdata[74] (IN)
                         net (fo=0)                   0.000     1.000    s_axis_tdata[74]
    SLICE_X19Y116        LUT5 (Prop_D6LUT_SLICEL_I0_O)
                                                      0.185     1.185 r  record_error_q_i_20/O
                         net (fo=1, routed)           0.142     1.327    record_error_q_i_20_n_0
    SLICE_X19Y116        LUT4 (Prop_A6LUT_SLICEL_I1_O)
                                                      0.152     1.479 r  record_error_q_i_6/O
                         net (fo=1, routed)           0.212     1.691    record_error_q_i_6_n_0
    SLICE_X20Y120        LUT6 (Prop_H6LUT_SLICEM_I3_O)
                                                      0.228     1.919 f  record_error_q_i_2/O
                         net (fo=2, routed)           0.227     2.146    record_error_q_i_2_n_0
    SLICE_X19Y115        LUT5 (Prop_H6LUT_SLICEL_I4_O)
                                                      0.058     2.204 r  response_valid_q_i_2/O
                         net (fo=3, routed)           0.167     2.371    response_valid_q_i_2_n_0
    SLICE_X18Y116        LUT4 (Prop_G6LUT_SLICEM_I0_O)
                                                      0.057     2.428 r  rejected_tiles[31]_i_1/O
                         net (fo=32, routed)          0.479     2.907    rejected_tiles[31]_i_1_n_0
    SLICE_X18Y124        FDRE                                         r  rejected_tiles_reg[22]/CE
  -------------------------------------------------------------------    -------------------

                         (clock clk rise edge)        5.000     5.000 r  
                                                      0.000     5.000 r  clk (IN)
                         net (fo=587, unset)          0.031     5.031    clk
    SLICE_X18Y124        FDRE                                         r  rejected_tiles_reg[22]/C
                         clock pessimism              0.000     5.031    
                         clock uncertainty           -0.035     4.996    
    SLICE_X18Y124        FDRE (Setup_GFF_SLICEM_C_CE)
                                                     -0.081     4.915    rejected_tiles_reg[22]
  -------------------------------------------------------------------
                         required time                          4.915    
                         arrival time                          -2.907    
  -------------------------------------------------------------------
                         slack                                  2.007    

Slack (MET) :             2.007ns  (required time - arrival time)
  Source:                 s_axis_tdata[74]
                            (input port clocked by clk  {rise@0.000ns fall@2.500ns period=5.000ns})
  Destination:            rejected_tiles_reg[23]/CE
                            (rising edge-triggered cell FDRE clocked by clk  {rise@0.000ns fall@2.500ns period=5.000ns})
  Path Group:             clk
  Path Type:              Setup (Max at Slow Process Corner)
  Requirement:            5.000ns  (clk rise@5.000ns - clk rise@0.000ns)
  Data Path Delay:        1.907ns  (logic 0.680ns (35.650%)  route 1.227ns (64.350%))
  Logic Levels:           5  (LUT4=2 LUT5=2 LUT6=1)
  Input Delay:            1.000ns
  Clock Path Skew:        0.031ns (DCD - SCD + CPR)
    Destination Clock Delay (DCD):    0.031ns = ( 5.031 - 5.000 ) 
    Source Clock Delay      (SCD):    0.000ns
    Clock Pessimism Removal (CPR):    0.000ns
  Clock Uncertainty:      0.035ns  ((TSJ^2 + TIJ^2)^1/2 + DJ) / 2 + PE
    Total System Jitter     (TSJ):    0.071ns
    Total Input Jitter      (TIJ):    0.000ns
    Discrete Jitter          (DJ):    0.000ns
    Phase Error              (PE):    0.000ns

    Location             Delay type                Incr(ns)  Path(ns)    Netlist Resource(s)
  -------------------------------------------------------------------    -------------------
                         (clock clk rise edge)        0.000     0.000 r  
                         input delay                  1.000     1.000    
                                                      0.000     1.000 r  s_axis_tdata[74] (IN)
                         net (fo=0)                   0.000     1.000    s_axis_tdata[74]
    SLICE_X19Y116        LUT5 (Prop_D6LUT_SLICEL_I0_O)
                                                      0.185     1.185 r  record_error_q_i_20/O
                         net (fo=1, routed)           0.142     1.327    record_error_q_i_20_n_0
    SLICE_X19Y116        LUT4 (Prop_A6LUT_SLICEL_I1_O)
                                                      0.152     1.479 r  record_error_q_i_6/O
                         net (fo=1, routed)           0.212     1.691    record_error_q_i_6_n_0
    SLICE_X20Y120        LUT6 (Prop_H6LUT_SLICEM_I3_O)
                                                      0.228     1.919 f  record_error_q_i_2/O
                         net (fo=2, routed)           0.227     2.146    record_error_q_i_2_n_0
    SLICE_X19Y115        LUT5 (Prop_H6LUT_SLICEL_I4_O)
                                                      0.058     2.204 r  response_valid_q_i_2/O
                         net (fo=3, routed)           0.167     2.371    response_valid_q_i_2_n_0
    SLICE_X18Y116        LUT4 (Prop_G6LUT_SLICEM_I0_O)
                                                      0.057     2.428 r  rejected_tiles[31]_i_1/O
                         net (fo=32, routed)          0.479     2.907    rejected_tiles[31]_i_1_n_0
    SLICE_X18Y124        FDRE                                         r  rejected_tiles_reg[23]/CE
  -------------------------------------------------------------------    -------------------

                         (clock clk rise edge)        5.000     5.000 r  
                                                      0.000     5.000 r  clk (IN)
                         net (fo=587, unset)          0.031     5.031    clk
    SLICE_X18Y124        FDRE                                         r  rejected_tiles_reg[23]/C
                         clock pessimism              0.000     5.031    
                         clock uncertainty           -0.035     4.996    
    SLICE_X18Y124        FDRE (Setup_HFF_SLICEM_C_CE)
                                                     -0.081     4.915    rejected_tiles_reg[23]
  -------------------------------------------------------------------
                         required time                          4.915    
                         arrival time                          -2.907    
  -------------------------------------------------------------------
                         slack                                  2.007    





Min Delay Paths
--------------------------------------------------------------------------------------
Slack (MET) :             0.109ns  (arrival time - required time)
  Source:                 lane_q_reg[2]/C
                            (rising edge-triggered cell FDRE clocked by clk  {rise@0.000ns fall@2.500ns period=5.000ns})
  Destination:            lane_q_reg[2]/D
                            (rising edge-triggered cell FDRE clocked by clk  {rise@0.000ns fall@2.500ns period=5.000ns})
  Path Group:             clk
  Path Type:              Hold (Min at Fast Process Corner)
  Requirement:            0.000ns  (clk rise@0.000ns - clk rise@0.000ns)
  Data Path Delay:        0.158ns  (logic 0.105ns (66.558%)  route 0.053ns (33.442%))
  Logic Levels:           1  (LUT6=1)
  Clock Path Skew:        0.005ns (DCD - SCD - CPR)
    Destination Clock Delay (DCD):    0.019ns
    Source Clock Delay      (SCD):    0.014ns
    Clock Pessimism Removal (CPR):    -0.000ns

    Location             Delay type                Incr(ns)  Path(ns)    Netlist Resource(s)
  -------------------------------------------------------------------    -------------------
                         (clock clk rise edge)        0.000     0.000 r  
                                                      0.000     0.000 r  clk (IN)
                         net (fo=587, unset)          0.014     0.014    clk
    SLICE_X19Y117        FDRE                                         r  lane_q_reg[2]/C
  -------------------------------------------------------------------    -------------------
    SLICE_X19Y117        FDRE (Prop_CFF_SLICEL_C_Q)
                                                      0.084     0.098 r  lane_q_reg[2]/Q
                         net (fo=13, routed)          0.034     0.132    active_lane[2]
    SLICE_X19Y117        LUT6 (Prop_C6LUT_SLICEL_I0_O)
                                                      0.021     0.153 r  lane_q[2]_i_2/O
                         net (fo=1, routed)           0.019     0.172    lane_q[2]_i_2_n_0
    SLICE_X19Y117        FDRE                                         r  lane_q_reg[2]/D
  -------------------------------------------------------------------    -------------------

                         (clock clk rise edge)        0.000     0.000 r  
                                                      0.000     0.000 r  clk (IN)
                         net (fo=587, unset)          0.019     0.019    clk
    SLICE_X19Y117        FDRE                                         r  lane_q_reg[2]/C
                         clock pessimism              0.000     0.019    
    SLICE_X19Y117        FDRE (Hold_CFF_SLICEL_C_D)
                                                      0.044     0.063    lane_q_reg[2]
  -------------------------------------------------------------------
                         required time                         -0.063    
                         arrival time                           0.172    
  -------------------------------------------------------------------
                         slack                                  0.109    

Slack (MET) :             0.119ns  (arrival time - required time)
  Source:                 accepted_tiles_reg[17]/C
                            (rising edge-triggered cell FDRE clocked by clk  {rise@0.000ns fall@2.500ns period=5.000ns})
  Destination:            accepted_tiles_reg[17]/D
                            (rising edge-triggered cell FDRE clocked by clk  {rise@0.000ns fall@2.500ns period=5.000ns})
  Path Group:             clk
  Path Type:              Hold (Min at Fast Process Corner)
  Requirement:            0.000ns  (clk rise@0.000ns - clk rise@0.000ns)
  Data Path Delay:        0.170ns  (logic 0.102ns (60.000%)  route 0.068ns (40.000%))
  Logic Levels:           1  (CARRY8=1)
  Clock Path Skew:        0.007ns (DCD - SCD - CPR)
    Destination Clock Delay (DCD):    0.021ns
    Source Clock Delay      (SCD):    0.014ns
    Clock Pessimism Removal (CPR):    -0.000ns

    Location             Delay type                Incr(ns)  Path(ns)    Netlist Resource(s)
  -------------------------------------------------------------------    -------------------
                         (clock clk rise edge)        0.000     0.000 r  
                                                      0.000     0.000 r  clk (IN)
                         net (fo=587, unset)          0.014     0.014    clk
    SLICE_X17Y124        FDRE                                         r  accepted_tiles_reg[17]/C
  -------------------------------------------------------------------    -------------------
    SLICE_X17Y124        FDRE (Prop_BFF_SLICEM_C_Q)
                                                      0.082     0.096 r  accepted_tiles_reg[17]/Q
                         net (fo=1, routed)           0.060     0.156    accepted_tiles[17]
    SLICE_X17Y124        CARRY8 (Prop_CARRY8_SLICEM_S[1]_O[1])
                                                      0.020     0.176 r  accepted_tiles_reg[23]_i_1/O[1]
                         net (fo=1, routed)           0.008     0.184    accepted_tiles_reg[23]_i_1_n_14
    SLICE_X17Y124        FDRE                                         r  accepted_tiles_reg[17]/D
  -------------------------------------------------------------------    -------------------

                         (clock clk rise edge)        0.000     0.000 r  
                                                      0.000     0.000 r  clk (IN)
                         net (fo=587, unset)          0.021     0.021    clk
    SLICE_X17Y124        FDRE                                         r  accepted_tiles_reg[17]/C
                         clock pessimism              0.000     0.021    
    SLICE_X17Y124        FDRE (Hold_BFF_SLICEM_C_D)
                                                      0.044     0.065    accepted_tiles_reg[17]
  -------------------------------------------------------------------
                         required time                         -0.065    
                         arrival time                           0.184    
  -------------------------------------------------------------------
                         slack                                  0.119    

Slack (MET) :             0.119ns  (arrival time - required time)
  Source:                 accepted_tiles_reg[1]/C
                            (rising edge-triggered cell FDRE clocked by clk  {rise@0.000ns fall@2.500ns period=5.000ns})
  Destination:            accepted_tiles_reg[1]/D
                            (rising edge-triggered cell FDRE clocked by clk  {rise@0.000ns fall@2.500ns period=5.000ns})
  Path Group:             clk
  Path Type:              Hold (Min at Fast Process Corner)
  Requirement:            0.000ns  (clk rise@0.000ns - clk rise@0.000ns)
  Data Path Delay:        0.170ns  (logic 0.102ns (60.000%)  route 0.068ns (40.000%))
  Logic Levels:           1  (CARRY8=1)
  Clock Path Skew:        0.007ns (DCD - SCD - CPR)
    Destination Clock Delay (DCD):    0.021ns
    Source Clock Delay      (SCD):    0.014ns
    Clock Pessimism Removal (CPR):    -0.000ns

    Location             Delay type                Incr(ns)  Path(ns)    Netlist Resource(s)
  -------------------------------------------------------------------    -------------------
                         (clock clk rise edge)        0.000     0.000 r  
                                                      0.000     0.000 r  clk (IN)
                         net (fo=587, unset)          0.014     0.014    clk
    SLICE_X17Y122        FDRE                                         r  accepted_tiles_reg[1]/C
  -------------------------------------------------------------------    -------------------
    SLICE_X17Y122        FDRE (Prop_BFF_SLICEM_C_Q)
                                                      0.082     0.096 r  accepted_tiles_reg[1]/Q
                         net (fo=1, routed)           0.060     0.156    accepted_tiles[1]
    SLICE_X17Y122        CARRY8 (Prop_CARRY8_SLICEM_S[1]_O[1])
                                                      0.020     0.176 r  accepted_tiles_reg[7]_i_1/O[1]
                         net (fo=1, routed)           0.008     0.184    accepted_tiles_reg[7]_i_1_n_14
    SLICE_X17Y122        FDRE                                         r  accepted_tiles_reg[1]/D
  -------------------------------------------------------------------    -------------------

                         (clock clk rise edge)        0.000     0.000 r  
                                                      0.000     0.000 r  clk (IN)
                         net (fo=587, unset)          0.021     0.021    clk
    SLICE_X17Y122        FDRE                                         r  accepted_tiles_reg[1]/C
                         clock pessimism              0.000     0.021    
    SLICE_X17Y122        FDRE (Hold_BFF_SLICEM_C_D)
                                                      0.044     0.065    accepted_tiles_reg[1]
  -------------------------------------------------------------------
                         required time                         -0.065    
                         arrival time                           0.184    
  -------------------------------------------------------------------
                         slack                                  0.119    

Slack (MET) :             0.119ns  (arrival time - required time)
  Source:                 accepted_tiles_reg[25]/C
                            (rising edge-triggered cell FDRE clocked by clk  {rise@0.000ns fall@2.500ns period=5.000ns})
  Destination:            accepted_tiles_reg[25]/D
                            (rising edge-triggered cell FDRE clocked by clk  {rise@0.000ns fall@2.500ns period=5.000ns})
  Path Group:             clk
  Path Type:              Hold (Min at Fast Process Corner)
  Requirement:            0.000ns  (clk rise@0.000ns - clk rise@0.000ns)
  Data Path Delay:        0.170ns  (logic 0.102ns (60.000%)  route 0.068ns (40.000%))
  Logic Levels:           1  (CARRY8=1)
  Clock Path Skew:        0.007ns (DCD - SCD - CPR)
    Destination Clock Delay (DCD):    0.021ns
    Source Clock Delay      (SCD):    0.014ns
    Clock Pessimism Removal (CPR):    -0.000ns

    Location             Delay type                Incr(ns)  Path(ns)    Netlist Resource(s)
  -------------------------------------------------------------------    -------------------
                         (clock clk rise edge)        0.000     0.000 r  
                                                      0.000     0.000 r  clk (IN)
                         net (fo=587, unset)          0.014     0.014    clk
    SLICE_X17Y125        FDRE                                         r  accepted_tiles_reg[25]/C
  -------------------------------------------------------------------    -------------------
    SLICE_X17Y125        FDRE (Prop_BFF_SLICEM_C_Q)
                                                      0.082     0.096 r  accepted_tiles_reg[25]/Q
                         net (fo=1, routed)           0.060     0.156    accepted_tiles[25]
    SLICE_X17Y125        CARRY8 (Prop_CARRY8_SLICEM_S[1]_O[1])
                                                      0.020     0.176 r  accepted_tiles_reg[31]_i_1/O[1]
                         net (fo=1, routed)           0.008     0.184    accepted_tiles_reg[31]_i_1_n_14
    SLICE_X17Y125        FDRE                                         r  accepted_tiles_reg[25]/D
  -------------------------------------------------------------------    -------------------

                         (clock clk rise edge)        0.000     0.000 r  
                                                      0.000     0.000 r  clk (IN)
                         net (fo=587, unset)          0.021     0.021    clk
    SLICE_X17Y125        FDRE                                         r  accepted_tiles_reg[25]/C
                         clock pessimism              0.000     0.021    
    SLICE_X17Y125        FDRE (Hold_BFF_SLICEM_C_D)
                                                      0.044     0.065    accepted_tiles_reg[25]
  -------------------------------------------------------------------
                         required time                         -0.065    
                         arrival time                           0.184    
  -------------------------------------------------------------------
                         slack                                  0.119    

Slack (MET) :             0.119ns  (arrival time - required time)
  Source:                 accepted_tiles_reg[9]/C
                            (rising edge-triggered cell FDRE clocked by clk  {rise@0.000ns fall@2.500ns period=5.000ns})
  Destination:            accepted_tiles_reg[9]/D
                            (rising edge-triggered cell FDRE clocked by clk  {rise@0.000ns fall@2.500ns period=5.000ns})
  Path Group:             clk
  Path Type:              Hold (Min at Fast Process Corner)
  Requirement:            0.000ns  (clk rise@0.000ns - clk rise@0.000ns)
  Data Path Delay:        0.170ns  (logic 0.102ns (60.000%)  route 0.068ns (40.000%))
  Logic Levels:           1  (CARRY8=1)
  Clock Path Skew:        0.007ns (DCD - SCD - CPR)
    Destination Clock Delay (DCD):    0.021ns
    Source Clock Delay      (SCD):    0.014ns
    Clock Pessimism Removal (CPR):    -0.000ns

    Location             Delay type                Incr(ns)  Path(ns)    Netlist Resource(s)
  -------------------------------------------------------------------    -------------------
                         (clock clk rise edge)        0.000     0.000 r  
                                                      0.000     0.000 r  clk (IN)
                         net (fo=587, unset)          0.014     0.014    clk
    SLICE_X17Y123        FDRE                                         r  accepted_tiles_reg[9]/C
  -------------------------------------------------------------------    -------------------
    SLICE_X17Y123        FDRE (Prop_BFF_SLICEM_C_Q)
                                                      0.082     0.096 r  accepted_tiles_reg[9]/Q
                         net (fo=1, routed)           0.060     0.156    accepted_tiles[9]
    SLICE_X17Y123        CARRY8 (Prop_CARRY8_SLICEM_S[1]_O[1])
                                                      0.020     0.176 r  accepted_tiles_reg[15]_i_1/O[1]
                         net (fo=1, routed)           0.008     0.184    accepted_tiles_reg[15]_i_1_n_14
    SLICE_X17Y123        FDRE                                         r  accepted_tiles_reg[9]/D
  -------------------------------------------------------------------    -------------------

                         (clock clk rise edge)        0.000     0.000 r  
                                                      0.000     0.000 r  clk (IN)
                         net (fo=587, unset)          0.021     0.021    clk
    SLICE_X17Y123        FDRE                                         r  accepted_tiles_reg[9]/C
                         clock pessimism              0.000     0.021    
    SLICE_X17Y123        FDRE (Hold_BFF_SLICEM_C_D)
                                                      0.044     0.065    accepted_tiles_reg[9]
  -------------------------------------------------------------------
                         required time                         -0.065    
                         arrival time                           0.184    
  -------------------------------------------------------------------
                         slack                                  0.119    

Slack (MET) :             0.119ns  (arrival time - required time)
  Source:                 completed_tiles_reg[17]/C
                            (rising edge-triggered cell FDRE clocked by clk  {rise@0.000ns fall@2.500ns period=5.000ns})
  Destination:            completed_tiles_reg[17]/D
                            (rising edge-triggered cell FDRE clocked by clk  {rise@0.000ns fall@2.500ns period=5.000ns})
  Path Group:             clk
  Path Type:              Hold (Min at Fast Process Corner)
  Requirement:            0.000ns  (clk rise@0.000ns - clk rise@0.000ns)
  Data Path Delay:        0.170ns  (logic 0.102ns (60.000%)  route 0.068ns (40.000%))
  Logic Levels:           1  (CARRY8=1)
  Clock Path Skew:        0.007ns (DCD - SCD - CPR)
    Destination Clock Delay (DCD):    0.021ns
    Source Clock Delay      (SCD):    0.014ns
    Clock Pessimism Removal (CPR):    -0.000ns

    Location             Delay type                Incr(ns)  Path(ns)    Netlist Resource(s)
  -------------------------------------------------------------------    -------------------
                         (clock clk rise edge)        0.000     0.000 r  
                                                      0.000     0.000 r  clk (IN)
                         net (fo=587, unset)          0.014     0.014    clk
    SLICE_X18Y120        FDRE                                         r  completed_tiles_reg[17]/C
  -------------------------------------------------------------------    -------------------
    SLICE_X18Y120        FDRE (Prop_BFF_SLICEM_C_Q)
                                                      0.082     0.096 r  completed_tiles_reg[17]/Q
                         net (fo=1, routed)           0.060     0.156    completed_tiles[17]
    SLICE_X18Y120        CARRY8 (Prop_CARRY8_SLICEM_S[1]_O[1])
                                                      0.020     0.176 r  completed_tiles_reg[23]_i_1/O[1]
                         net (fo=1, routed)           0.008     0.184    completed_tiles_reg[23]_i_1_n_14
    SLICE_X18Y120        FDRE                                         r  completed_tiles_reg[17]/D
  -------------------------------------------------------------------    -------------------

                         (clock clk rise edge)        0.000     0.000 r  
                                                      0.000     0.000 r  clk (IN)
                         net (fo=587, unset)          0.021     0.021    clk
    SLICE_X18Y120        FDRE                                         r  completed_tiles_reg[17]/C
                         clock pessimism              0.000     0.021    
    SLICE_X18Y120        FDRE (Hold_BFF_SLICEM_C_D)
                                                      0.044     0.065    completed_tiles_reg[17]
  -------------------------------------------------------------------
                         required time                         -0.065    
                         arrival time                           0.184    
  -------------------------------------------------------------------
                         slack                                  0.119    

Slack (MET) :             0.119ns  (arrival time - required time)
  Source:                 completed_tiles_reg[1]/C
                            (rising edge-triggered cell FDRE clocked by clk  {rise@0.000ns fall@2.500ns period=5.000ns})
  Destination:            completed_tiles_reg[1]/D
                            (rising edge-triggered cell FDRE clocked by clk  {rise@0.000ns fall@2.500ns period=5.000ns})
  Path Group:             clk
  Path Type:              Hold (Min at Fast Process Corner)
  Requirement:            0.000ns  (clk rise@0.000ns - clk rise@0.000ns)
  Data Path Delay:        0.170ns  (logic 0.102ns (60.000%)  route 0.068ns (40.000%))
  Logic Levels:           1  (CARRY8=1)
  Clock Path Skew:        0.007ns (DCD - SCD - CPR)
    Destination Clock Delay (DCD):    0.021ns
    Source Clock Delay      (SCD):    0.014ns
    Clock Pessimism Removal (CPR):    -0.000ns

    Location             Delay type                Incr(ns)  Path(ns)    Netlist Resource(s)
  -------------------------------------------------------------------    -------------------
                         (clock clk rise edge)        0.000     0.000 r  
                                                      0.000     0.000 r  clk (IN)
                         net (fo=587, unset)          0.014     0.014    clk
    SLICE_X18Y118        FDRE                                         r  completed_tiles_reg[1]/C
  -------------------------------------------------------------------    -------------------
    SLICE_X18Y118        FDRE (Prop_BFF_SLICEM_C_Q)
                                                      0.082     0.096 r  completed_tiles_reg[1]/Q
                         net (fo=1, routed)           0.060     0.156    completed_tiles[1]
    SLICE_X18Y118        CARRY8 (Prop_CARRY8_SLICEM_S[1]_O[1])
                                                      0.020     0.176 r  completed_tiles_reg[7]_i_1/O[1]
                         net (fo=1, routed)           0.008     0.184    completed_tiles_reg[7]_i_1_n_14
    SLICE_X18Y118        FDRE                                         r  completed_tiles_reg[1]/D
  -------------------------------------------------------------------    -------------------

                         (clock clk rise edge)        0.000     0.000 r  
                                                      0.000     0.000 r  clk (IN)
                         net (fo=587, unset)          0.021     0.021    clk
    SLICE_X18Y118        FDRE                                         r  completed_tiles_reg[1]/C
                         clock pessimism              0.000     0.021    
    SLICE_X18Y118        FDRE (Hold_BFF_SLICEM_C_D)
                                                      0.044     0.065    completed_tiles_reg[1]
  -------------------------------------------------------------------
                         required time                         -0.065    
                         arrival time                           0.184    
  -------------------------------------------------------------------
                         slack                                  0.119    

Slack (MET) :             0.119ns  (arrival time - required time)
  Source:                 completed_tiles_reg[25]/C
                            (rising edge-triggered cell FDRE clocked by clk  {rise@0.000ns fall@2.500ns period=5.000ns})
  Destination:            completed_tiles_reg[25]/D
                            (rising edge-triggered cell FDRE clocked by clk  {rise@0.000ns fall@2.500ns period=5.000ns})
  Path Group:             clk
  Path Type:              Hold (Min at Fast Process Corner)
  Requirement:            0.000ns  (clk rise@0.000ns - clk rise@0.000ns)
  Data Path Delay:        0.170ns  (logic 0.102ns (60.000%)  route 0.068ns (40.000%))
  Logic Levels:           1  (CARRY8=1)
  Clock Path Skew:        0.007ns (DCD - SCD - CPR)
    Destination Clock Delay (DCD):    0.021ns
    Source Clock Delay      (SCD):    0.014ns
    Clock Pessimism Removal (CPR):    -0.000ns

    Location             Delay type                Incr(ns)  Path(ns)    Netlist Resource(s)
  -------------------------------------------------------------------    -------------------
                         (clock clk rise edge)        0.000     0.000 r  
                                                      0.000     0.000 r  clk (IN)
                         net (fo=587, unset)          0.014     0.014    clk
    SLICE_X18Y121        FDRE                                         r  completed_tiles_reg[25]/C
  -------------------------------------------------------------------    -------------------
    SLICE_X18Y121        FDRE (Prop_BFF_SLICEM_C_Q)
                                                      0.082     0.096 r  completed_tiles_reg[25]/Q
                         net (fo=1, routed)           0.060     0.156    completed_tiles[25]
    SLICE_X18Y121        CARRY8 (Prop_CARRY8_SLICEM_S[1]_O[1])
                                                      0.020     0.176 r  completed_tiles_reg[31]_i_2/O[1]
                         net (fo=1, routed)           0.008     0.184    completed_tiles_reg[31]_i_2_n_14
    SLICE_X18Y121        FDRE                                         r  completed_tiles_reg[25]/D
  -------------------------------------------------------------------    -------------------

                         (clock clk rise edge)        0.000     0.000 r  
                                                      0.000     0.000 r  clk (IN)
                         net (fo=587, unset)          0.021     0.021    clk
    SLICE_X18Y121        FDRE                                         r  completed_tiles_reg[25]/C
                         clock pessimism              0.000     0.021    
    SLICE_X18Y121        FDRE (Hold_BFF_SLICEM_C_D)
                                                      0.044     0.065    completed_tiles_reg[25]
  -------------------------------------------------------------------
                         required time                         -0.065    
                         arrival time                           0.184    
  -------------------------------------------------------------------
                         slack                                  0.119    

Slack (MET) :             0.119ns  (arrival time - required time)
  Source:                 completed_tiles_reg[9]/C
                            (rising edge-triggered cell FDRE clocked by clk  {rise@0.000ns fall@2.500ns period=5.000ns})
  Destination:            completed_tiles_reg[9]/D
                            (rising edge-triggered cell FDRE clocked by clk  {rise@0.000ns fall@2.500ns period=5.000ns})
  Path Group:             clk
  Path Type:              Hold (Min at Fast Process Corner)
  Requirement:            0.000ns  (clk rise@0.000ns - clk rise@0.000ns)
  Data Path Delay:        0.170ns  (logic 0.102ns (60.000%)  route 0.068ns (40.000%))
  Logic Levels:           1  (CARRY8=1)
  Clock Path Skew:        0.007ns (DCD - SCD - CPR)
    Destination Clock Delay (DCD):    0.021ns
    Source Clock Delay      (SCD):    0.014ns
    Clock Pessimism Removal (CPR):    -0.000ns

    Location             Delay type                Incr(ns)  Path(ns)    Netlist Resource(s)
  -------------------------------------------------------------------    -------------------
                         (clock clk rise edge)        0.000     0.000 r  
                                                      0.000     0.000 r  clk (IN)
                         net (fo=587, unset)          0.014     0.014    clk
    SLICE_X18Y119        FDRE                                         r  completed_tiles_reg[9]/C
  -------------------------------------------------------------------    -------------------
    SLICE_X18Y119        FDRE (Prop_BFF_SLICEM_C_Q)
                                                      0.082     0.096 r  completed_tiles_reg[9]/Q
                         net (fo=1, routed)           0.060     0.156    completed_tiles[9]
    SLICE_X18Y119        CARRY8 (Prop_CARRY8_SLICEM_S[1]_O[1])
                                                      0.020     0.176 r  completed_tiles_reg[15]_i_1/O[1]
                         net (fo=1, routed)           0.008     0.184    completed_tiles_reg[15]_i_1_n_14
    SLICE_X18Y119        FDRE                                         r  completed_tiles_reg[9]/D
  -------------------------------------------------------------------    -------------------

                         (clock clk rise edge)        0.000     0.000 r  
                                                      0.000     0.000 r  clk (IN)
                         net (fo=587, unset)          0.021     0.021    clk
    SLICE_X18Y119        FDRE                                         r  completed_tiles_reg[9]/C
                         clock pessimism              0.000     0.021    
    SLICE_X18Y119        FDRE (Hold_BFF_SLICEM_C_D)
                                                      0.044     0.065    completed_tiles_reg[9]
  -------------------------------------------------------------------
                         required time                         -0.065    
                         arrival time                           0.184    
  -------------------------------------------------------------------
                         slack                                  0.119    

Slack (MET) :             0.119ns  (arrival time - required time)
  Source:                 rejected_tiles_reg[17]/C
                            (rising edge-triggered cell FDRE clocked by clk  {rise@0.000ns fall@2.500ns period=5.000ns})
  Destination:            rejected_tiles_reg[17]/D
                            (rising edge-triggered cell FDRE clocked by clk  {rise@0.000ns fall@2.500ns period=5.000ns})
  Path Group:             clk
  Path Type:              Hold (Min at Fast Process Corner)
  Requirement:            0.000ns  (clk rise@0.000ns - clk rise@0.000ns)
  Data Path Delay:        0.170ns  (logic 0.102ns (60.000%)  route 0.068ns (40.000%))
  Logic Levels:           1  (CARRY8=1)
  Clock Path Skew:        0.007ns (DCD - SCD - CPR)
    Destination Clock Delay (DCD):    0.021ns
    Source Clock Delay      (SCD):    0.014ns
    Clock Pessimism Removal (CPR):    -0.000ns

    Location             Delay type                Incr(ns)  Path(ns)    Netlist Resource(s)
  -------------------------------------------------------------------    -------------------
                         (clock clk rise edge)        0.000     0.000 r  
                                                      0.000     0.000 r  clk (IN)
                         net (fo=587, unset)          0.014     0.014    clk
    SLICE_X18Y124        FDRE                                         r  rejected_tiles_reg[17]/C
  -------------------------------------------------------------------    -------------------
    SLICE_X18Y124        FDRE (Prop_BFF_SLICEM_C_Q)
                                                      0.082     0.096 r  rejected_tiles_reg[17]/Q
                         net (fo=1, routed)           0.060     0.156    rejected_tiles[17]
    SLICE_X18Y124        CARRY8 (Prop_CARRY8_SLICEM_S[1]_O[1])
                                                      0.020     0.176 r  rejected_tiles_reg[23]_i_1/O[1]
                         net (fo=1, routed)           0.008     0.184    rejected_tiles_reg[23]_i_1_n_14
    SLICE_X18Y124        FDRE                                         r  rejected_tiles_reg[17]/D
  -------------------------------------------------------------------    -------------------

                         (clock clk rise edge)        0.000     0.000 r  
                                                      0.000     0.000 r  clk (IN)
                         net (fo=587, unset)          0.021     0.021    clk
    SLICE_X18Y124        FDRE                                         r  rejected_tiles_reg[17]/C
                         clock pessimism              0.000     0.021    
    SLICE_X18Y124        FDRE (Hold_BFF_SLICEM_C_D)
                                                      0.044     0.065    rejected_tiles_reg[17]
  -------------------------------------------------------------------
                         required time                         -0.065    
                         arrival time                           0.184    
  -------------------------------------------------------------------
                         slack                                  0.119    

Slack (MET) :             0.119ns  (arrival time - required time)
  Source:                 rejected_tiles_reg[1]/C
                            (rising edge-triggered cell FDRE clocked by clk  {rise@0.000ns fall@2.500ns period=5.000ns})
  Destination:            rejected_tiles_reg[1]/D
                            (rising edge-triggered cell FDRE clocked by clk  {rise@0.000ns fall@2.500ns period=5.000ns})
  Path Group:             clk
  Path Type:              Hold (Min at Fast Process Corner)
  Requirement:            0.000ns  (clk rise@0.000ns - clk rise@0.000ns)
  Data Path Delay:        0.170ns  (logic 0.102ns (60.000%)  route 0.068ns (40.000%))
  Logic Levels:           1  (CARRY8=1)
  Clock Path Skew:        0.007ns (DCD - SCD - CPR)
    Destination Clock Delay (DCD):    0.021ns
    Source Clock Delay      (SCD):    0.014ns
    Clock Pessimism Removal (CPR):    -0.000ns

    Location             Delay type                Incr(ns)  Path(ns)    Netlist Resource(s)
  -------------------------------------------------------------------    -------------------
                         (clock clk rise edge)        0.000     0.000 r  
                                                      0.000     0.000 r  clk (IN)
                         net (fo=587, unset)          0.014     0.014    clk
    SLICE_X18Y122        FDRE                                         r  rejected_tiles_reg[1]/C
  -------------------------------------------------------------------    -------------------
    SLICE_X18Y122        FDRE (Prop_BFF_SLICEM_C_Q)
                                                      0.082     0.096 r  rejected_tiles_reg[1]/Q
                         net (fo=1, routed)           0.060     0.156    rejected_tiles[1]
    SLICE_X18Y122        CARRY8 (Prop_CARRY8_SLICEM_S[1]_O[1])
                                                      0.020     0.176 r  rejected_tiles_reg[7]_i_1/O[1]
                         net (fo=1, routed)           0.008     0.184    rejected_tiles_reg[7]_i_1_n_14
    SLICE_X18Y122        FDRE                                         r  rejected_tiles_reg[1]/D
  -------------------------------------------------------------------    -------------------

                         (clock clk rise edge)        0.000     0.000 r  
                                                      0.000     0.000 r  clk (IN)
                         net (fo=587, unset)          0.021     0.021    clk
    SLICE_X18Y122        FDRE                                         r  rejected_tiles_reg[1]/C
                         clock pessimism              0.000     0.021    
    SLICE_X18Y122        FDRE (Hold_BFF_SLICEM_C_D)
                                                      0.044     0.065    rejected_tiles_reg[1]
  -------------------------------------------------------------------
                         required time                         -0.065    
                         arrival time                           0.184    
  -------------------------------------------------------------------
                         slack                                  0.119    

Slack (MET) :             0.119ns  (arrival time - required time)
  Source:                 rejected_tiles_reg[25]/C
                            (rising edge-triggered cell FDRE clocked by clk  {rise@0.000ns fall@2.500ns period=5.000ns})
  Destination:            rejected_tiles_reg[25]/D
                            (rising edge-triggered cell FDRE clocked by clk  {rise@0.000ns fall@2.500ns period=5.000ns})
  Path Group:             clk
  Path Type:              Hold (Min at Fast Process Corner)
  Requirement:            0.000ns  (clk rise@0.000ns - clk rise@0.000ns)
  Data Path Delay:        0.170ns  (logic 0.102ns (60.000%)  route 0.068ns (40.000%))
  Logic Levels:           1  (CARRY8=1)
  Clock Path Skew:        0.007ns (DCD - SCD - CPR)
    Destination Clock Delay (DCD):    0.021ns
    Source Clock Delay      (SCD):    0.014ns
    Clock Pessimism Removal (CPR):    -0.000ns

    Location             Delay type                Incr(ns)  Path(ns)    Netlist Resource(s)
  -------------------------------------------------------------------    -------------------
                         (clock clk rise edge)        0.000     0.000 r  
                                                      0.000     0.000 r  clk (IN)
                         net (fo=587, unset)          0.014     0.014    clk
    SLICE_X18Y125        FDRE                                         r  rejected_tiles_reg[25]/C
  -------------------------------------------------------------------    -------------------
    SLICE_X18Y125        FDRE (Prop_BFF_SLICEM_C_Q)
                                                      0.082     0.096 r  rejected_tiles_reg[25]/Q
                         net (fo=1, routed)           0.060     0.156    rejected_tiles[25]
    SLICE_X18Y125        CARRY8 (Prop_CARRY8_SLICEM_S[1]_O[1])
                                                      0.020     0.176 r  rejected_tiles_reg[31]_i_2/O[1]
                         net (fo=1, routed)           0.008     0.184    rejected_tiles_reg[31]_i_2_n_14
    SLICE_X18Y125        FDRE                                         r  rejected_tiles_reg[25]/D
  -------------------------------------------------------------------    -------------------

                         (clock clk rise edge)        0.000     0.000 r  
                                                      0.000     0.000 r  clk (IN)
                         net (fo=587, unset)          0.021     0.021    clk
    SLICE_X18Y125        FDRE                                         r  rejected_tiles_reg[25]/C
                         clock pessimism              0.000     0.021    
    SLICE_X18Y125        FDRE (Hold_BFF_SLICEM_C_D)
                                                      0.044     0.065    rejected_tiles_reg[25]
  -------------------------------------------------------------------
                         required time                         -0.065    
                         arrival time                           0.184    
  -------------------------------------------------------------------
                         slack                                  0.119    

Slack (MET) :             0.119ns  (arrival time - required time)
  Source:                 rejected_tiles_reg[9]/C
                            (rising edge-triggered cell FDRE clocked by clk  {rise@0.000ns fall@2.500ns period=5.000ns})
  Destination:            rejected_tiles_reg[9]/D
                            (rising edge-triggered cell FDRE clocked by clk  {rise@0.000ns fall@2.500ns period=5.000ns})
  Path Group:             clk
  Path Type:              Hold (Min at Fast Process Corner)
  Requirement:            0.000ns  (clk rise@0.000ns - clk rise@0.000ns)
  Data Path Delay:        0.170ns  (logic 0.102ns (60.000%)  route 0.068ns (40.000%))
  Logic Levels:           1  (CARRY8=1)
  Clock Path Skew:        0.007ns (DCD - SCD - CPR)
    Destination Clock Delay (DCD):    0.021ns
    Source Clock Delay      (SCD):    0.014ns
    Clock Pessimism Removal (CPR):    -0.000ns

    Location             Delay type                Incr(ns)  Path(ns)    Netlist Resource(s)
  -------------------------------------------------------------------    -------------------
                         (clock clk rise edge)        0.000     0.000 r  
                                                      0.000     0.000 r  clk (IN)
                         net (fo=587, unset)          0.014     0.014    clk
    SLICE_X18Y123        FDRE                                         r  rejected_tiles_reg[9]/C
  -------------------------------------------------------------------    -------------------
    SLICE_X18Y123        FDRE (Prop_BFF_SLICEM_C_Q)
                                                      0.082     0.096 r  rejected_tiles_reg[9]/Q
                         net (fo=1, routed)           0.060     0.156    rejected_tiles[9]
    SLICE_X18Y123        CARRY8 (Prop_CARRY8_SLICEM_S[1]_O[1])
                                                      0.020     0.176 r  rejected_tiles_reg[15]_i_1/O[1]
                         net (fo=1, routed)           0.008     0.184    rejected_tiles_reg[15]_i_1_n_14
    SLICE_X18Y123        FDRE                                         r  rejected_tiles_reg[9]/D
  -------------------------------------------------------------------    -------------------

                         (clock clk rise edge)        0.000     0.000 r  
                                                      0.000     0.000 r  clk (IN)
                         net (fo=587, unset)          0.021     0.021    clk
    SLICE_X18Y123        FDRE                                         r  rejected_tiles_reg[9]/C
                         clock pessimism              0.000     0.021    
    SLICE_X18Y123        FDRE (Hold_BFF_SLICEM_C_D)
                                                      0.044     0.065    rejected_tiles_reg[9]
  -------------------------------------------------------------------
                         required time                         -0.065    
                         arrival time                           0.184    
  -------------------------------------------------------------------
                         slack                                  0.119    

Slack (MET) :             0.123ns  (arrival time - required time)
  Source:                 accepted_tiles_reg[15]/C
                            (rising edge-triggered cell FDRE clocked by clk  {rise@0.000ns fall@2.500ns period=5.000ns})
  Destination:            accepted_tiles_reg[15]/D
                            (rising edge-triggered cell FDRE clocked by clk  {rise@0.000ns fall@2.500ns period=5.000ns})
  Path Group:             clk
  Path Type:              Hold (Min at Fast Process Corner)
  Requirement:            0.000ns  (clk rise@0.000ns - clk rise@0.000ns)
  Data Path Delay:        0.174ns  (logic 0.104ns (59.770%)  route 0.070ns (40.230%))
  Logic Levels:           1  (CARRY8=1)
  Clock Path Skew:        0.007ns (DCD - SCD - CPR)
    Destination Clock Delay (DCD):    0.021ns
    Source Clock Delay      (SCD):    0.014ns
    Clock Pessimism Removal (CPR):    -0.000ns

    Location             Delay type                Incr(ns)  Path(ns)    Netlist Resource(s)
  -------------------------------------------------------------------    -------------------
                         (clock clk rise edge)        0.000     0.000 r  
                                                      0.000     0.000 r  clk (IN)
                         net (fo=587, unset)          0.014     0.014    clk
    SLICE_X17Y123        FDRE                                         r  accepted_tiles_reg[15]/C
  -------------------------------------------------------------------    -------------------
    SLICE_X17Y123        FDRE (Prop_HFF_SLICEM_C_Q)
                                                      0.083     0.097 r  accepted_tiles_reg[15]/Q
                         net (fo=1, routed)           0.062     0.159    accepted_tiles[15]
    SLICE_X17Y123        CARRY8 (Prop_CARRY8_SLICEM_S[7]_O[7])
                                                      0.021     0.180 r  accepted_tiles_reg[15]_i_1/O[7]
                         net (fo=1, routed)           0.008     0.188    accepted_tiles_reg[15]_i_1_n_8
    SLICE_X17Y123        FDRE                                         r  accepted_tiles_reg[15]/D
  -------------------------------------------------------------------    -------------------

                         (clock clk rise edge)        0.000     0.000 r  
                                                      0.000     0.000 r  clk (IN)
                         net (fo=587, unset)          0.021     0.021    clk
    SLICE_X17Y123        FDRE                                         r  accepted_tiles_reg[15]/C
                         clock pessimism              0.000     0.021    
    SLICE_X17Y123        FDRE (Hold_HFF_SLICEM_C_D)
                                                      0.044     0.065    accepted_tiles_reg[15]
  -------------------------------------------------------------------
                         required time                         -0.065    
                         arrival time                           0.188    
  -------------------------------------------------------------------
                         slack                                  0.123    

Slack (MET) :             0.123ns  (arrival time - required time)
  Source:                 accepted_tiles_reg[23]/C
                            (rising edge-triggered cell FDRE clocked by clk  {rise@0.000ns fall@2.500ns period=5.000ns})
  Destination:            accepted_tiles_reg[23]/D
                            (rising edge-triggered cell FDRE clocked by clk  {rise@0.000ns fall@2.500ns period=5.000ns})
  Path Group:             clk
  Path Type:              Hold (Min at Fast Process Corner)
  Requirement:            0.000ns  (clk rise@0.000ns - clk rise@0.000ns)
  Data Path Delay:        0.174ns  (logic 0.104ns (59.770%)  route 0.070ns (40.230%))
  Logic Levels:           1  (CARRY8=1)
  Clock Path Skew:        0.007ns (DCD - SCD - CPR)
    Destination Clock Delay (DCD):    0.021ns
    Source Clock Delay      (SCD):    0.014ns
    Clock Pessimism Removal (CPR):    -0.000ns

    Location             Delay type                Incr(ns)  Path(ns)    Netlist Resource(s)
  -------------------------------------------------------------------    -------------------
                         (clock clk rise edge)        0.000     0.000 r  
                                                      0.000     0.000 r  clk (IN)
                         net (fo=587, unset)          0.014     0.014    clk
    SLICE_X17Y124        FDRE                                         r  accepted_tiles_reg[23]/C
  -------------------------------------------------------------------    -------------------
    SLICE_X17Y124        FDRE (Prop_HFF_SLICEM_C_Q)
                                                      0.083     0.097 r  accepted_tiles_reg[23]/Q
                         net (fo=1, routed)           0.062     0.159    accepted_tiles[23]
    SLICE_X17Y124        CARRY8 (Prop_CARRY8_SLICEM_S[7]_O[7])
                                                      0.021     0.180 r  accepted_tiles_reg[23]_i_1/O[7]
                         net (fo=1, routed)           0.008     0.188    accepted_tiles_reg[23]_i_1_n_8
    SLICE_X17Y124        FDRE                                         r  accepted_tiles_reg[23]/D
  -------------------------------------------------------------------    -------------------

                         (clock clk rise edge)        0.000     0.000 r  
                                                      0.000     0.000 r  clk (IN)
                         net (fo=587, unset)          0.021     0.021    clk
    SLICE_X17Y124        FDRE                                         r  accepted_tiles_reg[23]/C
                         clock pessimism              0.000     0.021    
    SLICE_X17Y124        FDRE (Hold_HFF_SLICEM_C_D)
                                                      0.044     0.065    accepted_tiles_reg[23]
  -------------------------------------------------------------------
                         required time                         -0.065    
                         arrival time                           0.188    
  -------------------------------------------------------------------
                         slack                                  0.123    

Slack (MET) :             0.123ns  (arrival time - required time)
  Source:                 accepted_tiles_reg[31]/C
                            (rising edge-triggered cell FDRE clocked by clk  {rise@0.000ns fall@2.500ns period=5.000ns})
  Destination:            accepted_tiles_reg[31]/D
                            (rising edge-triggered cell FDRE clocked by clk  {rise@0.000ns fall@2.500ns period=5.000ns})
  Path Group:             clk
  Path Type:              Hold (Min at Fast Process Corner)
  Requirement:            0.000ns  (clk rise@0.000ns - clk rise@0.000ns)
  Data Path Delay:        0.174ns  (logic 0.104ns (59.770%)  route 0.070ns (40.230%))
  Logic Levels:           1  (CARRY8=1)
  Clock Path Skew:        0.007ns (DCD - SCD - CPR)
    Destination Clock Delay (DCD):    0.021ns
    Source Clock Delay      (SCD):    0.014ns
    Clock Pessimism Removal (CPR):    -0.000ns

    Location             Delay type                Incr(ns)  Path(ns)    Netlist Resource(s)
  -------------------------------------------------------------------    -------------------
                         (clock clk rise edge)        0.000     0.000 r  
                                                      0.000     0.000 r  clk (IN)
                         net (fo=587, unset)          0.014     0.014    clk
    SLICE_X17Y125        FDRE                                         r  accepted_tiles_reg[31]/C
  -------------------------------------------------------------------    -------------------
    SLICE_X17Y125        FDRE (Prop_HFF_SLICEM_C_Q)
                                                      0.083     0.097 r  accepted_tiles_reg[31]/Q
                         net (fo=1, routed)           0.062     0.159    accepted_tiles[31]
    SLICE_X17Y125        CARRY8 (Prop_CARRY8_SLICEM_S[7]_O[7])
                                                      0.021     0.180 r  accepted_tiles_reg[31]_i_1/O[7]
                         net (fo=1, routed)           0.008     0.188    accepted_tiles_reg[31]_i_1_n_8
    SLICE_X17Y125        FDRE                                         r  accepted_tiles_reg[31]/D
  -------------------------------------------------------------------    -------------------

                         (clock clk rise edge)        0.000     0.000 r  
                                                      0.000     0.000 r  clk (IN)
                         net (fo=587, unset)          0.021     0.021    clk
    SLICE_X17Y125        FDRE                                         r  accepted_tiles_reg[31]/C
                         clock pessimism              0.000     0.021    
    SLICE_X17Y125        FDRE (Hold_HFF_SLICEM_C_D)
                                                      0.044     0.065    accepted_tiles_reg[31]
  -------------------------------------------------------------------
                         required time                         -0.065    
                         arrival time                           0.188    
  -------------------------------------------------------------------
                         slack                                  0.123    

Slack (MET) :             0.123ns  (arrival time - required time)
  Source:                 accepted_tiles_reg[7]/C
                            (rising edge-triggered cell FDRE clocked by clk  {rise@0.000ns fall@2.500ns period=5.000ns})
  Destination:            accepted_tiles_reg[7]/D
                            (rising edge-triggered cell FDRE clocked by clk  {rise@0.000ns fall@2.500ns period=5.000ns})
  Path Group:             clk
  Path Type:              Hold (Min at Fast Process Corner)
  Requirement:            0.000ns  (clk rise@0.000ns - clk rise@0.000ns)
  Data Path Delay:        0.174ns  (logic 0.104ns (59.770%)  route 0.070ns (40.230%))
  Logic Levels:           1  (CARRY8=1)
  Clock Path Skew:        0.007ns (DCD - SCD - CPR)
    Destination Clock Delay (DCD):    0.021ns
    Source Clock Delay      (SCD):    0.014ns
    Clock Pessimism Removal (CPR):    -0.000ns

    Location             Delay type                Incr(ns)  Path(ns)    Netlist Resource(s)
  -------------------------------------------------------------------    -------------------
                         (clock clk rise edge)        0.000     0.000 r  
                                                      0.000     0.000 r  clk (IN)
                         net (fo=587, unset)          0.014     0.014    clk
    SLICE_X17Y122        FDRE                                         r  accepted_tiles_reg[7]/C
  -------------------------------------------------------------------    -------------------
    SLICE_X17Y122        FDRE (Prop_HFF_SLICEM_C_Q)
                                                      0.083     0.097 r  accepted_tiles_reg[7]/Q
                         net (fo=1, routed)           0.062     0.159    accepted_tiles[7]
    SLICE_X17Y122        CARRY8 (Prop_CARRY8_SLICEM_S[7]_O[7])
                                                      0.021     0.180 r  accepted_tiles_reg[7]_i_1/O[7]
                         net (fo=1, routed)           0.008     0.188    accepted_tiles_reg[7]_i_1_n_8
    SLICE_X17Y122        FDRE                                         r  accepted_tiles_reg[7]/D
  -------------------------------------------------------------------    -------------------

                         (clock clk rise edge)        0.000     0.000 r  
                                                      0.000     0.000 r  clk (IN)
                         net (fo=587, unset)          0.021     0.021    clk
    SLICE_X17Y122        FDRE                                         r  accepted_tiles_reg[7]/C
                         clock pessimism              0.000     0.021    
    SLICE_X17Y122        FDRE (Hold_HFF_SLICEM_C_D)
                                                      0.044     0.065    accepted_tiles_reg[7]
  -------------------------------------------------------------------
                         required time                         -0.065    
                         arrival time                           0.188    
  -------------------------------------------------------------------
                         slack                                  0.123    

Slack (MET) :             0.123ns  (arrival time - required time)
  Source:                 completed_tiles_reg[15]/C
                            (rising edge-triggered cell FDRE clocked by clk  {rise@0.000ns fall@2.500ns period=5.000ns})
  Destination:            completed_tiles_reg[15]/D
                            (rising edge-triggered cell FDRE clocked by clk  {rise@0.000ns fall@2.500ns period=5.000ns})
  Path Group:             clk
  Path Type:              Hold (Min at Fast Process Corner)
  Requirement:            0.000ns  (clk rise@0.000ns - clk rise@0.000ns)
  Data Path Delay:        0.174ns  (logic 0.104ns (59.770%)  route 0.070ns (40.230%))
  Logic Levels:           1  (CARRY8=1)
  Clock Path Skew:        0.007ns (DCD - SCD - CPR)
    Destination Clock Delay (DCD):    0.021ns
    Source Clock Delay      (SCD):    0.014ns
    Clock Pessimism Removal (CPR):    -0.000ns

    Location             Delay type                Incr(ns)  Path(ns)    Netlist Resource(s)
  -------------------------------------------------------------------    -------------------
                         (clock clk rise edge)        0.000     0.000 r  
                                                      0.000     0.000 r  clk (IN)
                         net (fo=587, unset)          0.014     0.014    clk
    SLICE_X18Y119        FDRE                                         r  completed_tiles_reg[15]/C
  -------------------------------------------------------------------    -------------------
    SLICE_X18Y119        FDRE (Prop_HFF_SLICEM_C_Q)
                                                      0.083     0.097 r  completed_tiles_reg[15]/Q
                         net (fo=1, routed)           0.062     0.159    completed_tiles[15]
    SLICE_X18Y119        CARRY8 (Prop_CARRY8_SLICEM_S[7]_O[7])
                                                      0.021     0.180 r  completed_tiles_reg[15]_i_1/O[7]
                         net (fo=1, routed)           0.008     0.188    completed_tiles_reg[15]_i_1_n_8
    SLICE_X18Y119        FDRE                                         r  completed_tiles_reg[15]/D
  -------------------------------------------------------------------    -------------------

                         (clock clk rise edge)        0.000     0.000 r  
                                                      0.000     0.000 r  clk (IN)
                         net (fo=587, unset)          0.021     0.021    clk
    SLICE_X18Y119        FDRE                                         r  completed_tiles_reg[15]/C
                         clock pessimism              0.000     0.021    
    SLICE_X18Y119        FDRE (Hold_HFF_SLICEM_C_D)
                                                      0.044     0.065    completed_tiles_reg[15]
  -------------------------------------------------------------------
                         required time                         -0.065    
                         arrival time                           0.188    
  -------------------------------------------------------------------
                         slack                                  0.123    

Slack (MET) :             0.123ns  (arrival time - required time)
  Source:                 completed_tiles_reg[23]/C
                            (rising edge-triggered cell FDRE clocked by clk  {rise@0.000ns fall@2.500ns period=5.000ns})
  Destination:            completed_tiles_reg[23]/D
                            (rising edge-triggered cell FDRE clocked by clk  {rise@0.000ns fall@2.500ns period=5.000ns})
  Path Group:             clk
  Path Type:              Hold (Min at Fast Process Corner)
  Requirement:            0.000ns  (clk rise@0.000ns - clk rise@0.000ns)
  Data Path Delay:        0.174ns  (logic 0.104ns (59.770%)  route 0.070ns (40.230%))
  Logic Levels:           1  (CARRY8=1)
  Clock Path Skew:        0.007ns (DCD - SCD - CPR)
    Destination Clock Delay (DCD):    0.021ns
    Source Clock Delay      (SCD):    0.014ns
    Clock Pessimism Removal (CPR):    -0.000ns

    Location             Delay type                Incr(ns)  Path(ns)    Netlist Resource(s)
  -------------------------------------------------------------------    -------------------
                         (clock clk rise edge)        0.000     0.000 r  
                                                      0.000     0.000 r  clk (IN)
                         net (fo=587, unset)          0.014     0.014    clk
    SLICE_X18Y120        FDRE                                         r  completed_tiles_reg[23]/C
  -------------------------------------------------------------------    -------------------
    SLICE_X18Y120        FDRE (Prop_HFF_SLICEM_C_Q)
                                                      0.083     0.097 r  completed_tiles_reg[23]/Q
                         net (fo=1, routed)           0.062     0.159    completed_tiles[23]
    SLICE_X18Y120        CARRY8 (Prop_CARRY8_SLICEM_S[7]_O[7])
                                                      0.021     0.180 r  completed_tiles_reg[23]_i_1/O[7]
                         net (fo=1, routed)           0.008     0.188    completed_tiles_reg[23]_i_1_n_8
    SLICE_X18Y120        FDRE                                         r  completed_tiles_reg[23]/D
  -------------------------------------------------------------------    -------------------

                         (clock clk rise edge)        0.000     0.000 r  
                                                      0.000     0.000 r  clk (IN)
                         net (fo=587, unset)          0.021     0.021    clk
    SLICE_X18Y120        FDRE                                         r  completed_tiles_reg[23]/C
                         clock pessimism              0.000     0.021    
    SLICE_X18Y120        FDRE (Hold_HFF_SLICEM_C_D)
                                                      0.044     0.065    completed_tiles_reg[23]
  -------------------------------------------------------------------
                         required time                         -0.065    
                         arrival time                           0.188    
  -------------------------------------------------------------------
                         slack                                  0.123    

Slack (MET) :             0.123ns  (arrival time - required time)
  Source:                 completed_tiles_reg[31]/C
                            (rising edge-triggered cell FDRE clocked by clk  {rise@0.000ns fall@2.500ns period=5.000ns})
  Destination:            completed_tiles_reg[31]/D
                            (rising edge-triggered cell FDRE clocked by clk  {rise@0.000ns fall@2.500ns period=5.000ns})
  Path Group:             clk
  Path Type:              Hold (Min at Fast Process Corner)
  Requirement:            0.000ns  (clk rise@0.000ns - clk rise@0.000ns)
  Data Path Delay:        0.174ns  (logic 0.104ns (59.770%)  route 0.070ns (40.230%))
  Logic Levels:           1  (CARRY8=1)
  Clock Path Skew:        0.007ns (DCD - SCD - CPR)
    Destination Clock Delay (DCD):    0.021ns
    Source Clock Delay      (SCD):    0.014ns
    Clock Pessimism Removal (CPR):    -0.000ns

    Location             Delay type                Incr(ns)  Path(ns)    Netlist Resource(s)
  -------------------------------------------------------------------    -------------------
                         (clock clk rise edge)        0.000     0.000 r  
                                                      0.000     0.000 r  clk (IN)
                         net (fo=587, unset)          0.014     0.014    clk
    SLICE_X18Y121        FDRE                                         r  completed_tiles_reg[31]/C
  -------------------------------------------------------------------    -------------------
    SLICE_X18Y121        FDRE (Prop_HFF_SLICEM_C_Q)
                                                      0.083     0.097 r  completed_tiles_reg[31]/Q
                         net (fo=1, routed)           0.062     0.159    completed_tiles[31]
    SLICE_X18Y121        CARRY8 (Prop_CARRY8_SLICEM_S[7]_O[7])
                                                      0.021     0.180 r  completed_tiles_reg[31]_i_2/O[7]
                         net (fo=1, routed)           0.008     0.188    completed_tiles_reg[31]_i_2_n_8
    SLICE_X18Y121        FDRE                                         r  completed_tiles_reg[31]/D
  -------------------------------------------------------------------    -------------------

                         (clock clk rise edge)        0.000     0.000 r  
                                                      0.000     0.000 r  clk (IN)
                         net (fo=587, unset)          0.021     0.021    clk
    SLICE_X18Y121        FDRE                                         r  completed_tiles_reg[31]/C
                         clock pessimism              0.000     0.021    
    SLICE_X18Y121        FDRE (Hold_HFF_SLICEM_C_D)
                                                      0.044     0.065    completed_tiles_reg[31]
  -------------------------------------------------------------------
                         required time                         -0.065    
                         arrival time                           0.188    
  -------------------------------------------------------------------
                         slack                                  0.123    





Pulse Width Checks
--------------------------------------------------------------------------------------
Clock Name:         clk
Waveform(ns):       { 0.000 2.500 }
Period(ns):         5.000
Sources:            { clk }

Check Type        Corner  Lib Pin  Reference Pin  Required(ns)  Actual(ns)  Slack(ns)  Location       Pin
Min Period        n/a     FDRE/C   n/a            0.550         5.000       4.450      SLICE_X17Y122  accepted_tiles_reg[0]/C
Min Period        n/a     FDRE/C   n/a            0.550         5.000       4.450      SLICE_X17Y123  accepted_tiles_reg[10]/C
Min Period        n/a     FDRE/C   n/a            0.550         5.000       4.450      SLICE_X17Y123  accepted_tiles_reg[11]/C
Min Period        n/a     FDRE/C   n/a            0.550         5.000       4.450      SLICE_X17Y123  accepted_tiles_reg[12]/C
Min Period        n/a     FDRE/C   n/a            0.550         5.000       4.450      SLICE_X17Y123  accepted_tiles_reg[13]/C
Min Period        n/a     FDRE/C   n/a            0.550         5.000       4.450      SLICE_X17Y123  accepted_tiles_reg[14]/C
Min Period        n/a     FDRE/C   n/a            0.550         5.000       4.450      SLICE_X17Y123  accepted_tiles_reg[15]/C
Min Period        n/a     FDRE/C   n/a            0.550         5.000       4.450      SLICE_X17Y124  accepted_tiles_reg[16]/C
Min Period        n/a     FDRE/C   n/a            0.550         5.000       4.450      SLICE_X17Y124  accepted_tiles_reg[17]/C
Min Period        n/a     FDRE/C   n/a            0.550         5.000       4.450      SLICE_X17Y124  accepted_tiles_reg[18]/C
Min Period        n/a     FDRE/C   n/a            0.550         5.000       4.450      SLICE_X17Y124  accepted_tiles_reg[19]/C
Min Period        n/a     FDRE/C   n/a            0.550         5.000       4.450      SLICE_X17Y122  accepted_tiles_reg[1]/C
Min Period        n/a     FDRE/C   n/a            0.550         5.000       4.450      SLICE_X17Y124  accepted_tiles_reg[20]/C
Min Period        n/a     FDRE/C   n/a            0.550         5.000       4.450      SLICE_X17Y124  accepted_tiles_reg[21]/C
Min Period        n/a     FDRE/C   n/a            0.550         5.000       4.450      SLICE_X17Y124  accepted_tiles_reg[22]/C
Min Period        n/a     FDRE/C   n/a            0.550         5.000       4.450      SLICE_X17Y124  accepted_tiles_reg[23]/C
Min Period        n/a     FDRE/C   n/a            0.550         5.000       4.450      SLICE_X17Y125  accepted_tiles_reg[24]/C
Min Period        n/a     FDRE/C   n/a            0.550         5.000       4.450      SLICE_X17Y125  accepted_tiles_reg[25]/C
Min Period        n/a     FDRE/C   n/a            0.550         5.000       4.450      SLICE_X17Y125  accepted_tiles_reg[26]/C
Min Period        n/a     FDRE/C   n/a            0.550         5.000       4.450      SLICE_X17Y125  accepted_tiles_reg[27]/C
Low Pulse Width   Slow    FDRE/C   n/a            0.275         2.500       2.225      SLICE_X17Y122  accepted_tiles_reg[0]/C
Low Pulse Width   Fast    FDRE/C   n/a            0.275         2.500       2.225      SLICE_X17Y122  accepted_tiles_reg[0]/C
Low Pulse Width   Slow    FDRE/C   n/a            0.275         2.500       2.225      SLICE_X17Y123  accepted_tiles_reg[10]/C
Low Pulse Width   Fast    FDRE/C   n/a            0.275         2.500       2.225      SLICE_X17Y123  accepted_tiles_reg[10]/C
Low Pulse Width   Slow    FDRE/C   n/a            0.275         2.500       2.225      SLICE_X17Y123  accepted_tiles_reg[11]/C
Low Pulse Width   Fast    FDRE/C   n/a            0.275         2.500       2.225      SLICE_X17Y123  accepted_tiles_reg[11]/C
Low Pulse Width   Slow    FDRE/C   n/a            0.275         2.500       2.225      SLICE_X17Y123  accepted_tiles_reg[12]/C
Low Pulse Width   Fast    FDRE/C   n/a            0.275         2.500       2.225      SLICE_X17Y123  accepted_tiles_reg[12]/C
Low Pulse Width   Slow    FDRE/C   n/a            0.275         2.500       2.225      SLICE_X17Y123  accepted_tiles_reg[13]/C
Low Pulse Width   Fast    FDRE/C   n/a            0.275         2.500       2.225      SLICE_X17Y123  accepted_tiles_reg[13]/C
Low Pulse Width   Slow    FDRE/C   n/a            0.275         2.500       2.225      SLICE_X17Y123  accepted_tiles_reg[14]/C
Low Pulse Width   Fast    FDRE/C   n/a            0.275         2.500       2.225      SLICE_X17Y123  accepted_tiles_reg[14]/C
Low Pulse Width   Slow    FDRE/C   n/a            0.275         2.500       2.225      SLICE_X17Y123  accepted_tiles_reg[15]/C
Low Pulse Width   Fast    FDRE/C   n/a            0.275         2.500       2.225      SLICE_X17Y123  accepted_tiles_reg[15]/C
Low Pulse Width   Slow    FDRE/C   n/a            0.275         2.500       2.225      SLICE_X17Y124  accepted_tiles_reg[16]/C
Low Pulse Width   Fast    FDRE/C   n/a            0.275         2.500       2.225      SLICE_X17Y124  accepted_tiles_reg[16]/C
Low Pulse Width   Slow    FDRE/C   n/a            0.275         2.500       2.225      SLICE_X17Y124  accepted_tiles_reg[17]/C
Low Pulse Width   Fast    FDRE/C   n/a            0.275         2.500       2.225      SLICE_X17Y124  accepted_tiles_reg[17]/C
Low Pulse Width   Slow    FDRE/C   n/a            0.275         2.500       2.225      SLICE_X17Y124  accepted_tiles_reg[18]/C
Low Pulse Width   Fast    FDRE/C   n/a            0.275         2.500       2.225      SLICE_X17Y124  accepted_tiles_reg[18]/C
High Pulse Width  Slow    FDRE/C   n/a            0.275         2.500       2.225      SLICE_X17Y122  accepted_tiles_reg[0]/C
High Pulse Width  Fast    FDRE/C   n/a            0.275         2.500       2.225      SLICE_X17Y122  accepted_tiles_reg[0]/C
High Pulse Width  Slow    FDRE/C   n/a            0.275         2.500       2.225      SLICE_X17Y123  accepted_tiles_reg[10]/C
High Pulse Width  Fast    FDRE/C   n/a            0.275         2.500       2.225      SLICE_X17Y123  accepted_tiles_reg[10]/C
High Pulse Width  Slow    FDRE/C   n/a            0.275         2.500       2.225      SLICE_X17Y123  accepted_tiles_reg[11]/C
High Pulse Width  Fast    FDRE/C   n/a            0.275         2.500       2.225      SLICE_X17Y123  accepted_tiles_reg[11]/C
High Pulse Width  Slow    FDRE/C   n/a            0.275         2.500       2.225      SLICE_X17Y123  accepted_tiles_reg[12]/C
High Pulse Width  Fast    FDRE/C   n/a            0.275         2.500       2.225      SLICE_X17Y123  accepted_tiles_reg[12]/C
High Pulse Width  Slow    FDRE/C   n/a            0.275         2.500       2.225      SLICE_X17Y123  accepted_tiles_reg[13]/C
High Pulse Width  Fast    FDRE/C   n/a            0.275         2.500       2.225      SLICE_X17Y123  accepted_tiles_reg[13]/C
High Pulse Width  Slow    FDRE/C   n/a            0.275         2.500       2.225      SLICE_X17Y123  accepted_tiles_reg[14]/C
High Pulse Width  Fast    FDRE/C   n/a            0.275         2.500       2.225      SLICE_X17Y123  accepted_tiles_reg[14]/C
High Pulse Width  Slow    FDRE/C   n/a            0.275         2.500       2.225      SLICE_X17Y123  accepted_tiles_reg[15]/C
High Pulse Width  Fast    FDRE/C   n/a            0.275         2.500       2.225      SLICE_X17Y123  accepted_tiles_reg[15]/C
High Pulse Width  Slow    FDRE/C   n/a            0.275         2.500       2.225      SLICE_X17Y124  accepted_tiles_reg[16]/C
High Pulse Width  Fast    FDRE/C   n/a            0.275         2.500       2.225      SLICE_X17Y124  accepted_tiles_reg[16]/C
High Pulse Width  Slow    FDRE/C   n/a            0.275         2.500       2.225      SLICE_X17Y124  accepted_tiles_reg[17]/C
High Pulse Width  Fast    FDRE/C   n/a            0.275         2.500       2.225      SLICE_X17Y124  accepted_tiles_reg[17]/C
High Pulse Width  Slow    FDRE/C   n/a            0.275         2.500       2.225      SLICE_X17Y124  accepted_tiles_reg[18]/C
High Pulse Width  Fast    FDRE/C   n/a            0.275         2.500       2.225      SLICE_X17Y124  accepted_tiles_reg[18]/C



