Copyright 1986-2022 Xilinx, Inc. All Rights Reserved. Copyright 2022-2024 Advanced Micro Devices, Inc. All Rights Reserved.
-----------------------------------------------------------------------------------------------------------------------------------------------------------------------------------------------------------
| Tool Version      : Vivado v.2024.1 (lin64) Build 5076996 Wed May 22 18:36:09 MDT 2024
| Date              : Wed Sep  9 15:09:54 2026
| Host              : yundodo running 64-bit unknown
| Command           : report_timing -delay_type max -max_paths 20 -sort_by group -file /home/dodo/Documents/Codex/2026-08-31/kv260-alexnet-rtl/alexnet/reports/m4n8_accelerator_top/200mhz/worst_setup.rpt
| Design            : alexnet_m4n8_accelerator_top
| Device            : xck26-sfvc784
| Speed File        : -2LV  PRODUCTION 1.30 05-15-2022
| Design State      : Routed
| Temperature Grade : C
-----------------------------------------------------------------------------------------------------------------------------------------------------------------------------------------------------------

Timing Report

Slack (MET) :             0.064ns  (required time - arrival time)
  Source:                 u_graph_dma/u_graph_data/u_graph/u_compute/u_fc/u_controller/n_base_q_reg[7]/C
                            (rising edge-triggered cell FDRE clocked by aclk  {rise@0.000ns fall@2.500ns period=5.000ns})
  Destination:            u_graph_dma/u_graph_data/u_graph/u_compute/u_shared/u_output_slice/u_partial_sum_bank/mem_reg_bram_0/ENBWREN
                            (rising edge-triggered cell RAMB36E2 clocked by aclk  {rise@0.000ns fall@2.500ns period=5.000ns})
  Path Group:             aclk
  Path Type:              Setup (Max at Slow Process Corner)
  Requirement:            5.000ns  (aclk rise@5.000ns - aclk rise@0.000ns)
  Data Path Delay:        4.444ns  (logic 1.498ns (33.706%)  route 2.946ns (66.294%))
  Logic Levels:           14  (CARRY8=2 LUT2=1 LUT4=2 LUT5=4 LUT6=5)
  Clock Path Skew:        0.006ns (DCD - SCD + CPR)
    Destination Clock Delay (DCD):    0.048ns = ( 5.048 - 5.000 ) 
    Source Clock Delay      (SCD):    0.042ns
    Clock Pessimism Removal (CPR):    0.000ns
  Clock Uncertainty:      0.035ns  ((TSJ^2 + TIJ^2)^1/2 + DJ) / 2 + PE
    Total System Jitter     (TSJ):    0.071ns
    Total Input Jitter      (TIJ):    0.000ns
    Discrete Jitter          (DJ):    0.000ns
    Phase Error              (PE):    0.000ns

    Location             Delay type                Incr(ns)  Path(ns)    Netlist Resource(s)
  -------------------------------------------------------------------    -------------------
                         (clock aclk rise edge)       0.000     0.000 r  
                                                      0.000     0.000 r  aclk (IN)
                         net (fo=15333, unset)        0.042     0.042    u_graph_dma/u_graph_data/u_graph/u_compute/u_fc/u_controller/aclk
    SLICE_X33Y115        FDRE                                         r  u_graph_dma/u_graph_data/u_graph/u_compute/u_fc/u_controller/n_base_q_reg[7]/C
  -------------------------------------------------------------------    -------------------
    SLICE_X33Y115        FDRE (Prop_HFF_SLICEL_C_Q)
                                                      0.113     0.155 r  u_graph_dma/u_graph_data/u_graph/u_compute/u_fc/u_controller/n_base_q_reg[7]/Q
                         net (fo=10, routed)          0.130     0.285    u_graph_dma/u_graph_data/u_graph/u_compute/u_fc/u_controller/n_base_q_reg[12]_0[4]
    SLICE_X33Y116        LUT2 (Prop_E6LUT_SLICEL_I1_O)
                                                      0.138     0.423 r  u_graph_dma/u_graph_data/u_graph/u_compute/u_fc/u_controller/request_q[context_tag][0]_i_5/O
                         net (fo=1, routed)           0.011     0.434    u_graph_dma/u_graph_data/u_graph/u_compute/u_fc/u_controller/request_q[context_tag][0]_i_5_n_0
    SLICE_X33Y116        CARRY8 (Prop_CARRY8_SLICEL_S[4]_CO[7])
                                                      0.232     0.666 r  u_graph_dma/u_graph_data/u_graph/u_compute/u_fc/u_controller/request_q_reg[context_tag][0]_i_1/CO[7]
                         net (fo=1, routed)           0.030     0.696    u_graph_dma/u_graph_data/u_graph/u_compute/u_fc/u_controller/request_q_reg[context_tag][0]_i_1_n_0
    SLICE_X33Y117        CARRY8 (Prop_CARRY8_SLICEL_CI_O[1])
                                                      0.114     0.810 r  u_graph_dma/u_graph_data/u_graph/u_compute/u_fc/u_controller/request_q_reg[context_tag][8]_i_1/O[1]
                         net (fo=3, routed)           0.167     0.977    u_graph_dma/u_descriptor_bridge/fc_result_request_tag[9]
    SLICE_X33Y118        LUT6 (Prop_C6LUT_SLICEL_I1_O)
                                                      0.221     1.198 f  u_graph_dma/u_descriptor_bridge/cfg_n_base_q[12]_i_10/O
                         net (fo=2, routed)           0.235     1.433    u_graph_dma/u_graph_data/u_graph/u_compute/u_fc/u_controller/lopt_2
    SLICE_X36Y118        LUT6 (Prop_B6LUT_SLICEL_I1_O)
                                                      0.058     1.491 f  u_graph_dma/u_graph_data/u_graph/u_compute/u_fc/u_controller/i_2_LOPT_REMAP/O
                         net (fo=1, routed)           0.051     1.542    u_graph_dma/u_graph_data/u_graph/u_compute/u_fc/u_controller/i_2/O_n
    SLICE_X36Y118        LUT6 (Prop_E6LUT_SLICEL_I2_O)
                                                      0.057     1.599 f  u_graph_dma/u_graph_data/u_graph/u_compute/u_fc/u_controller/i_0_LOPT_REMAP/O
                         net (fo=14, routed)          0.281     1.880    u_graph_dma/u_graph_data/u_graph/u_compute/u_fc/u_controller/transfer_complete_error_reg
    SLICE_X40Y119        LUT5 (Prop_C6LUT_SLICEM_I2_O)
                                                      0.080     1.960 r  u_graph_dma/u_graph_data/u_graph/u_compute/u_fc/u_controller/cfg_n_base_q[12]_i_1/O
                         net (fo=16, routed)          0.063     2.023    u_graph_dma/u_graph_data/u_graph/u_compute/u_shared/u_output_slice/u_requant/cfg_valid0
    SLICE_X40Y119        LUT6 (Prop_D6LUT_SLICEM_I1_O)
                                                      0.056     2.079 r  u_graph_dma/u_graph_data/u_graph/u_compute/u_shared/u_output_slice/u_requant/resident_n_lane_mask[5]_i_7/O
                         net (fo=4, routed)           0.259     2.338    u_graph_dma/u_graph_data/u_graph/u_compute/u_shared/u_output_slice/u_requant/cfg_fire
    SLICE_X40Y109        LUT5 (Prop_E6LUT_SLICEM_I4_O)
                                                      0.057     2.395 r  u_graph_dma/u_graph_data/u_graph/u_compute/u_shared/u_output_slice/u_requant/resident_n_lane_mask[5]_i_4/O
                         net (fo=16, routed)          0.130     2.525    u_graph_dma/u_graph_data/u_graph/u_compute/u_shared/u_output_slice/u_router/cfg_fire_0
    SLICE_X40Y107        LUT5 (Prop_C6LUT_SLICEM_I3_O)
                                                      0.056     2.581 f  u_graph_dma/u_graph_data/u_graph/u_compute/u_shared/u_output_slice/u_router/valid_q[4]_i_1/O
                         net (fo=28, routed)          0.060     2.640    u_graph_dma/u_graph_data/u_graph/u_compute/u_shared/u_output_slice/u_requant/advance
    SLICE_X40Y107        LUT5 (Prop_A6LUT_SLICEM_I2_O)
                                                      0.138     2.778 f  u_graph_dma/u_graph_data/u_graph/u_compute/u_shared/u_output_slice/u_requant/mem_reg_bram_1_i_8__1/O
                         net (fo=5, routed)           0.176     2.954    u_graph_dma/u_graph_data/u_graph/u_compute/u_shared/u_output_slice/u_partial_sum_bank/emit_read_stage_ready
    SLICE_X40Y103        LUT6 (Prop_A6LUT_SLICEM_I0_O)
                                                      0.058     3.012 f  u_graph_dma/u_graph_data/u_graph/u_compute/u_shared/u_output_slice/u_partial_sum_bank/mem_reg_bram_0_i_64/O
                         net (fo=15, routed)          0.141     3.154    u_graph_dma/u_graph_data/u_graph/u_compute/u_shared/u_output_slice/u_partial_sum_bank/mem_reg_bram_0_i_64_n_0
    SLICE_X40Y101        LUT4 (Prop_H6LUT_SLICEM_I3_O)
                                                      0.060     3.214 f  u_graph_dma/u_graph_data/u_graph/u_compute/u_shared/u_output_slice/u_partial_sum_bank/mem_reg_bram_28_i_5/O
                         net (fo=5, routed)           0.111     3.325    u_graph_dma/u_graph_data/u_graph/u_compute/u_shared/u_output_slice/u_partial_sum_bank/mem_read_addr[10]
    SLICE_X40Y100        LUT4 (Prop_H6LUT_SLICEM_I1_O)
                                                      0.060     3.385 r  u_graph_dma/u_graph_data/u_graph/u_compute/u_shared/u_output_slice/u_partial_sum_bank/mem_reg_bram_0_i_2__1/O
                         net (fo=7, routed)           1.101     4.486    u_graph_dma/u_graph_data/u_graph/u_compute/u_shared/u_output_slice/u_partial_sum_bank/mem_reg_bram_0_i_2__1_n_0
    RAMB36_X0Y11         RAMB36E2                                     r  u_graph_dma/u_graph_data/u_graph/u_compute/u_shared/u_output_slice/u_partial_sum_bank/mem_reg_bram_0/ENBWREN
  -------------------------------------------------------------------    -------------------

                         (clock aclk rise edge)       5.000     5.000 r  
                                                      0.000     5.000 r  aclk (IN)
                         net (fo=15333, unset)        0.048     5.048    u_graph_dma/u_graph_data/u_graph/u_compute/u_shared/u_output_slice/u_partial_sum_bank/aclk
    RAMB36_X0Y11         RAMB36E2                                     r  u_graph_dma/u_graph_data/u_graph/u_compute/u_shared/u_output_slice/u_partial_sum_bank/mem_reg_bram_0/CLKBWRCLK
                         clock pessimism              0.000     5.048    
                         clock uncertainty           -0.035     5.013    
    RAMB36_X0Y11         RAMB36E2 (Setup_RAMB36E2_RAMB36_CLKBWRCLK_ENBWREN)
                                                     -0.462     4.551    u_graph_dma/u_graph_data/u_graph/u_compute/u_shared/u_output_slice/u_partial_sum_bank/mem_reg_bram_0
  -------------------------------------------------------------------
                         required time                          4.551    
                         arrival time                          -4.486    
  -------------------------------------------------------------------
                         slack                                  0.064    

Slack (MET) :             0.081ns  (required time - arrival time)
  Source:                 u_graph_dma/u_graph_data/u_graph/u_compute/u_fc/u_controller/n_base_q_reg[7]/C
                            (rising edge-triggered cell FDRE clocked by aclk  {rise@0.000ns fall@2.500ns period=5.000ns})
  Destination:            u_graph_dma/u_graph_data/u_graph/u_compute/u_rs/u_datapath/u_dma_fed_datapath/u_datapath/u_core/u_feeder/pixel_q_reg[5][18]/R
                            (rising edge-triggered cell FDRE clocked by aclk  {rise@0.000ns fall@2.500ns period=5.000ns})
  Path Group:             aclk
  Path Type:              Setup (Max at Slow Process Corner)
  Requirement:            5.000ns  (aclk rise@5.000ns - aclk rise@0.000ns)
  Data Path Delay:        4.752ns  (logic 1.522ns (32.030%)  route 3.230ns (67.970%))
  Logic Levels:           15  (CARRY8=2 LUT2=2 LUT4=1 LUT5=2 LUT6=8)
  Clock Path Skew:        -0.013ns (DCD - SCD + CPR)
    Destination Clock Delay (DCD):    0.029ns = ( 5.029 - 5.000 ) 
    Source Clock Delay      (SCD):    0.042ns
    Clock Pessimism Removal (CPR):    0.000ns
  Clock Uncertainty:      0.035ns  ((TSJ^2 + TIJ^2)^1/2 + DJ) / 2 + PE
    Total System Jitter     (TSJ):    0.071ns
    Total Input Jitter      (TIJ):    0.000ns
    Discrete Jitter          (DJ):    0.000ns
    Phase Error              (PE):    0.000ns

    Location             Delay type                Incr(ns)  Path(ns)    Netlist Resource(s)
  -------------------------------------------------------------------    -------------------
                         (clock aclk rise edge)       0.000     0.000 r  
                                                      0.000     0.000 r  aclk (IN)
                         net (fo=15333, unset)        0.042     0.042    u_graph_dma/u_graph_data/u_graph/u_compute/u_fc/u_controller/aclk
    SLICE_X33Y115        FDRE                                         r  u_graph_dma/u_graph_data/u_graph/u_compute/u_fc/u_controller/n_base_q_reg[7]/C
  -------------------------------------------------------------------    -------------------
    SLICE_X33Y115        FDRE (Prop_HFF_SLICEL_C_Q)
                                                      0.113     0.155 r  u_graph_dma/u_graph_data/u_graph/u_compute/u_fc/u_controller/n_base_q_reg[7]/Q
                         net (fo=10, routed)          0.130     0.285    u_graph_dma/u_graph_data/u_graph/u_compute/u_fc/u_controller/n_base_q_reg[12]_0[4]
    SLICE_X33Y116        LUT2 (Prop_E6LUT_SLICEL_I1_O)
                                                      0.138     0.423 r  u_graph_dma/u_graph_data/u_graph/u_compute/u_fc/u_controller/request_q[context_tag][0]_i_5/O
                         net (fo=1, routed)           0.011     0.434    u_graph_dma/u_graph_data/u_graph/u_compute/u_fc/u_controller/request_q[context_tag][0]_i_5_n_0
    SLICE_X33Y116        CARRY8 (Prop_CARRY8_SLICEL_S[4]_CO[7])
                                                      0.232     0.666 r  u_graph_dma/u_graph_data/u_graph/u_compute/u_fc/u_controller/request_q_reg[context_tag][0]_i_1/CO[7]
                         net (fo=1, routed)           0.030     0.696    u_graph_dma/u_graph_data/u_graph/u_compute/u_fc/u_controller/request_q_reg[context_tag][0]_i_1_n_0
    SLICE_X33Y117        CARRY8 (Prop_CARRY8_SLICEL_CI_O[1])
                                                      0.114     0.810 r  u_graph_dma/u_graph_data/u_graph/u_compute/u_fc/u_controller/request_q_reg[context_tag][8]_i_1/O[1]
                         net (fo=3, routed)           0.167     0.977    u_graph_dma/u_descriptor_bridge/fc_result_request_tag[9]
    SLICE_X33Y118        LUT6 (Prop_C6LUT_SLICEL_I1_O)
                                                      0.221     1.198 r  u_graph_dma/u_descriptor_bridge/cfg_n_base_q[12]_i_10/O
                         net (fo=2, routed)           0.235     1.433    u_graph_dma/u_graph_data/u_graph/u_compute/u_fc/u_controller/lopt_2
    SLICE_X36Y118        LUT6 (Prop_B6LUT_SLICEL_I1_O)
                                                      0.058     1.491 r  u_graph_dma/u_graph_data/u_graph/u_compute/u_fc/u_controller/i_2_LOPT_REMAP/O
                         net (fo=1, routed)           0.051     1.542    u_graph_dma/u_graph_data/u_graph/u_compute/u_fc/u_controller/i_2/O_n
    SLICE_X36Y118        LUT6 (Prop_E6LUT_SLICEL_I2_O)
                                                      0.057     1.599 r  u_graph_dma/u_graph_data/u_graph/u_compute/u_fc/u_controller/i_0_LOPT_REMAP/O
                         net (fo=14, routed)          0.281     1.880    u_graph_dma/u_graph_data/u_graph/u_compute/u_fc/u_controller/transfer_complete_error_reg
    SLICE_X40Y119        LUT5 (Prop_C6LUT_SLICEM_I2_O)
                                                      0.080     1.960 f  u_graph_dma/u_graph_data/u_graph/u_compute/u_fc/u_controller/cfg_n_base_q[12]_i_1/O
                         net (fo=16, routed)          0.063     2.023    u_graph_dma/u_graph_data/u_graph/u_compute/u_shared/u_output_slice/u_requant/cfg_valid0
    SLICE_X40Y119        LUT6 (Prop_D6LUT_SLICEM_I1_O)
                                                      0.056     2.079 f  u_graph_dma/u_graph_data/u_graph/u_compute/u_shared/u_output_slice/u_requant/resident_n_lane_mask[5]_i_7/O
                         net (fo=4, routed)           0.054     2.133    u_graph_dma/u_graph_data/u_graph/u_compute/u_shared/u_output_slice/u_partial_sum_bank/cfg_fire
    SLICE_X40Y119        LUT6 (Prop_B6LUT_SLICEM_I1_O)
                                                      0.082     2.215 r  u_graph_dma/u_graph_data/u_graph/u_compute/u_shared/u_output_slice/u_partial_sum_bank/resident_n_lane_mask[5]_i_8/O
                         net (fo=5, routed)           0.289     2.503    u_graph_dma/u_graph_data/u_graph/u_compute/u_shared/u_output_slice/u_partial_sum_bank/bank_state_reg[0]_1
    SLICE_X42Y120        LUT6 (Prop_H6LUT_SLICEL_I1_O)
                                                      0.083     2.586 r  u_graph_dma/u_graph_data/u_graph/u_compute/u_shared/u_output_slice/u_partial_sum_bank/active_weight_context_tag_q[15]_i_6/O
                         net (fo=2, routed)           0.177     2.763    u_graph_dma/u_graph_data/u_graph/u_compute/u_rs/u_datapath/u_dma_fed_datapath/u_datapath/u_core/u_weight_bank/rs_shared_chunk_ready
    SLICE_X42Y125        LUT6 (Prop_E6LUT_SLICEL_I4_O)
                                                      0.057     2.820 r  u_graph_dma/u_graph_data/u_graph/u_compute/u_rs/u_datapath/u_dma_fed_datapath/u_datapath/u_core/u_weight_bank/active_weight_context_tag_q[15]_i_1_replica/O
                         net (fo=1, routed)           0.176     2.996    u_graph_dma/u_graph_data/u_graph/u_compute/u_rs/u_datapath/u_dma_fed_datapath/u_datapath/u_core/u_feeder/E[0]_repN_alias
    SLICE_X42Y131        LUT4 (Prop_B6LUT_SLICEL_I0_O)
                                                      0.058     3.054 r  u_graph_dma/u_graph_data/u_graph/u_compute/u_rs/u_datapath/u_dma_fed_datapath/u_datapath/u_core/u_feeder/output_w_q[7]_i_1/O
                         net (fo=67, routed)          0.357     3.411    u_graph_dma/u_graph_data/u_graph/u_compute/u_rs/u_datapath/u_dma_fed_datapath/u_datapath/u_core/u_feeder/frame_fire
    SLICE_X43Y148        LUT2 (Prop_A6LUT_SLICEM_I0_O)
                                                      0.058     3.469 r  u_graph_dma/u_graph_data/u_graph/u_compute/u_rs/u_datapath/u_dma_fed_datapath/u_datapath/u_core/u_feeder/group_count_q[3]_i_1/O
                         net (fo=11, routed)          0.558     4.027    u_graph_dma/u_graph_data/u_graph/u_compute/u_rs/u_datapath/u_dma_fed_datapath/u_datapath/u_core/u_feeder/state_q_reg[1]_0
    SLICE_X47Y171        LUT6 (Prop_G6LUT_SLICEL_I1_O)
                                                      0.057     4.084 r  u_graph_dma/u_graph_data/u_graph/u_compute/u_rs/u_datapath/u_dma_fed_datapath/u_datapath/u_core/u_feeder/pixel_q[0][63]_i_2/O
                         net (fo=519, routed)         0.223     4.307    u_graph_dma/u_graph_data/u_graph/u_compute/u_rs/u_datapath/u_dma_fed_datapath/u_datapath/u_core/u_feeder/pixel_q
    SLICE_X47Y170        LUT5 (Prop_A6LUT_SLICEL_I4_O)
                                                      0.058     4.365 r  u_graph_dma/u_graph_data/u_graph/u_compute/u_rs/u_datapath/u_dma_fed_datapath/u_datapath/u_core/u_feeder/pixel_q[5][63]_i_1/O
                         net (fo=64, routed)          0.428     4.794    u_graph_dma/u_graph_data/u_graph/u_compute/u_rs/u_datapath/u_dma_fed_datapath/u_datapath/u_core/u_feeder/pixel_q[5][63]_i_1_n_0
    SLICE_X48Y166        FDRE                                         r  u_graph_dma/u_graph_data/u_graph/u_compute/u_rs/u_datapath/u_dma_fed_datapath/u_datapath/u_core/u_feeder/pixel_q_reg[5][18]/R
  -------------------------------------------------------------------    -------------------

                         (clock aclk rise edge)       5.000     5.000 r  
                                                      0.000     5.000 r  aclk (IN)
                         net (fo=15333, unset)        0.029     5.029    u_graph_dma/u_graph_data/u_graph/u_compute/u_rs/u_datapath/u_dma_fed_datapath/u_datapath/u_core/u_feeder/aclk
    SLICE_X48Y166        FDRE                                         r  u_graph_dma/u_graph_data/u_graph/u_compute/u_rs/u_datapath/u_dma_fed_datapath/u_datapath/u_core/u_feeder/pixel_q_reg[5][18]/C
                         clock pessimism              0.000     5.029    
                         clock uncertainty           -0.035     4.994    
    SLICE_X48Y166        FDRE (Setup_GFF_SLICEL_C_R)
                                                     -0.119     4.875    u_graph_dma/u_graph_data/u_graph/u_compute/u_rs/u_datapath/u_dma_fed_datapath/u_datapath/u_core/u_feeder/pixel_q_reg[5][18]
  -------------------------------------------------------------------
                         required time                          4.875    
                         arrival time                          -4.794    
  -------------------------------------------------------------------
                         slack                                  0.081    

Slack (MET) :             0.081ns  (required time - arrival time)
  Source:                 u_graph_dma/u_graph_data/u_graph/u_compute/u_fc/u_controller/n_base_q_reg[7]/C
                            (rising edge-triggered cell FDRE clocked by aclk  {rise@0.000ns fall@2.500ns period=5.000ns})
  Destination:            u_graph_dma/u_graph_data/u_graph/u_compute/u_rs/u_datapath/u_dma_fed_datapath/u_datapath/u_core/u_feeder/pixel_q_reg[5][20]/R
                            (rising edge-triggered cell FDRE clocked by aclk  {rise@0.000ns fall@2.500ns period=5.000ns})
  Path Group:             aclk
  Path Type:              Setup (Max at Slow Process Corner)
  Requirement:            5.000ns  (aclk rise@5.000ns - aclk rise@0.000ns)
  Data Path Delay:        4.752ns  (logic 1.522ns (32.030%)  route 3.230ns (67.970%))
  Logic Levels:           15  (CARRY8=2 LUT2=2 LUT4=1 LUT5=2 LUT6=8)
  Clock Path Skew:        -0.013ns (DCD - SCD + CPR)
    Destination Clock Delay (DCD):    0.029ns = ( 5.029 - 5.000 ) 
    Source Clock Delay      (SCD):    0.042ns
    Clock Pessimism Removal (CPR):    0.000ns
  Clock Uncertainty:      0.035ns  ((TSJ^2 + TIJ^2)^1/2 + DJ) / 2 + PE
    Total System Jitter     (TSJ):    0.071ns
    Total Input Jitter      (TIJ):    0.000ns
    Discrete Jitter          (DJ):    0.000ns
    Phase Error              (PE):    0.000ns

    Location             Delay type                Incr(ns)  Path(ns)    Netlist Resource(s)
  -------------------------------------------------------------------    -------------------
                         (clock aclk rise edge)       0.000     0.000 r  
                                                      0.000     0.000 r  aclk (IN)
                         net (fo=15333, unset)        0.042     0.042    u_graph_dma/u_graph_data/u_graph/u_compute/u_fc/u_controller/aclk
    SLICE_X33Y115        FDRE                                         r  u_graph_dma/u_graph_data/u_graph/u_compute/u_fc/u_controller/n_base_q_reg[7]/C
  -------------------------------------------------------------------    -------------------
    SLICE_X33Y115        FDRE (Prop_HFF_SLICEL_C_Q)
                                                      0.113     0.155 r  u_graph_dma/u_graph_data/u_graph/u_compute/u_fc/u_controller/n_base_q_reg[7]/Q
                         net (fo=10, routed)          0.130     0.285    u_graph_dma/u_graph_data/u_graph/u_compute/u_fc/u_controller/n_base_q_reg[12]_0[4]
    SLICE_X33Y116        LUT2 (Prop_E6LUT_SLICEL_I1_O)
                                                      0.138     0.423 r  u_graph_dma/u_graph_data/u_graph/u_compute/u_fc/u_controller/request_q[context_tag][0]_i_5/O
                         net (fo=1, routed)           0.011     0.434    u_graph_dma/u_graph_data/u_graph/u_compute/u_fc/u_controller/request_q[context_tag][0]_i_5_n_0
    SLICE_X33Y116        CARRY8 (Prop_CARRY8_SLICEL_S[4]_CO[7])
                                                      0.232     0.666 r  u_graph_dma/u_graph_data/u_graph/u_compute/u_fc/u_controller/request_q_reg[context_tag][0]_i_1/CO[7]
                         net (fo=1, routed)           0.030     0.696    u_graph_dma/u_graph_data/u_graph/u_compute/u_fc/u_controller/request_q_reg[context_tag][0]_i_1_n_0
    SLICE_X33Y117        CARRY8 (Prop_CARRY8_SLICEL_CI_O[1])
                                                      0.114     0.810 r  u_graph_dma/u_graph_data/u_graph/u_compute/u_fc/u_controller/request_q_reg[context_tag][8]_i_1/O[1]
                         net (fo=3, routed)           0.167     0.977    u_graph_dma/u_descriptor_bridge/fc_result_request_tag[9]
    SLICE_X33Y118        LUT6 (Prop_C6LUT_SLICEL_I1_O)
                                                      0.221     1.198 r  u_graph_dma/u_descriptor_bridge/cfg_n_base_q[12]_i_10/O
                         net (fo=2, routed)           0.235     1.433    u_graph_dma/u_graph_data/u_graph/u_compute/u_fc/u_controller/lopt_2
    SLICE_X36Y118        LUT6 (Prop_B6LUT_SLICEL_I1_O)
                                                      0.058     1.491 r  u_graph_dma/u_graph_data/u_graph/u_compute/u_fc/u_controller/i_2_LOPT_REMAP/O
                         net (fo=1, routed)           0.051     1.542    u_graph_dma/u_graph_data/u_graph/u_compute/u_fc/u_controller/i_2/O_n
    SLICE_X36Y118        LUT6 (Prop_E6LUT_SLICEL_I2_O)
                                                      0.057     1.599 r  u_graph_dma/u_graph_data/u_graph/u_compute/u_fc/u_controller/i_0_LOPT_REMAP/O
                         net (fo=14, routed)          0.281     1.880    u_graph_dma/u_graph_data/u_graph/u_compute/u_fc/u_controller/transfer_complete_error_reg
    SLICE_X40Y119        LUT5 (Prop_C6LUT_SLICEM_I2_O)
                                                      0.080     1.960 f  u_graph_dma/u_graph_data/u_graph/u_compute/u_fc/u_controller/cfg_n_base_q[12]_i_1/O
                         net (fo=16, routed)          0.063     2.023    u_graph_dma/u_graph_data/u_graph/u_compute/u_shared/u_output_slice/u_requant/cfg_valid0
    SLICE_X40Y119        LUT6 (Prop_D6LUT_SLICEM_I1_O)
                                                      0.056     2.079 f  u_graph_dma/u_graph_data/u_graph/u_compute/u_shared/u_output_slice/u_requant/resident_n_lane_mask[5]_i_7/O
                         net (fo=4, routed)           0.054     2.133    u_graph_dma/u_graph_data/u_graph/u_compute/u_shared/u_output_slice/u_partial_sum_bank/cfg_fire
    SLICE_X40Y119        LUT6 (Prop_B6LUT_SLICEM_I1_O)
                                                      0.082     2.215 r  u_graph_dma/u_graph_data/u_graph/u_compute/u_shared/u_output_slice/u_partial_sum_bank/resident_n_lane_mask[5]_i_8/O
                         net (fo=5, routed)           0.289     2.503    u_graph_dma/u_graph_data/u_graph/u_compute/u_shared/u_output_slice/u_partial_sum_bank/bank_state_reg[0]_1
    SLICE_X42Y120        LUT6 (Prop_H6LUT_SLICEL_I1_O)
                                                      0.083     2.586 r  u_graph_dma/u_graph_data/u_graph/u_compute/u_shared/u_output_slice/u_partial_sum_bank/active_weight_context_tag_q[15]_i_6/O
                         net (fo=2, routed)           0.177     2.763    u_graph_dma/u_graph_data/u_graph/u_compute/u_rs/u_datapath/u_dma_fed_datapath/u_datapath/u_core/u_weight_bank/rs_shared_chunk_ready
    SLICE_X42Y125        LUT6 (Prop_E6LUT_SLICEL_I4_O)
                                                      0.057     2.820 r  u_graph_dma/u_graph_data/u_graph/u_compute/u_rs/u_datapath/u_dma_fed_datapath/u_datapath/u_core/u_weight_bank/active_weight_context_tag_q[15]_i_1_replica/O
                         net (fo=1, routed)           0.176     2.996    u_graph_dma/u_graph_data/u_graph/u_compute/u_rs/u_datapath/u_dma_fed_datapath/u_datapath/u_core/u_feeder/E[0]_repN_alias
    SLICE_X42Y131        LUT4 (Prop_B6LUT_SLICEL_I0_O)
                                                      0.058     3.054 r  u_graph_dma/u_graph_data/u_graph/u_compute/u_rs/u_datapath/u_dma_fed_datapath/u_datapath/u_core/u_feeder/output_w_q[7]_i_1/O
                         net (fo=67, routed)          0.357     3.411    u_graph_dma/u_graph_data/u_graph/u_compute/u_rs/u_datapath/u_dma_fed_datapath/u_datapath/u_core/u_feeder/frame_fire
    SLICE_X43Y148        LUT2 (Prop_A6LUT_SLICEM_I0_O)
                                                      0.058     3.469 r  u_graph_dma/u_graph_data/u_graph/u_compute/u_rs/u_datapath/u_dma_fed_datapath/u_datapath/u_core/u_feeder/group_count_q[3]_i_1/O
                         net (fo=11, routed)          0.558     4.027    u_graph_dma/u_graph_data/u_graph/u_compute/u_rs/u_datapath/u_dma_fed_datapath/u_datapath/u_core/u_feeder/state_q_reg[1]_0
    SLICE_X47Y171        LUT6 (Prop_G6LUT_SLICEL_I1_O)
                                                      0.057     4.084 r  u_graph_dma/u_graph_data/u_graph/u_compute/u_rs/u_datapath/u_dma_fed_datapath/u_datapath/u_core/u_feeder/pixel_q[0][63]_i_2/O
                         net (fo=519, routed)         0.223     4.307    u_graph_dma/u_graph_data/u_graph/u_compute/u_rs/u_datapath/u_dma_fed_datapath/u_datapath/u_core/u_feeder/pixel_q
    SLICE_X47Y170        LUT5 (Prop_A6LUT_SLICEL_I4_O)
                                                      0.058     4.365 r  u_graph_dma/u_graph_data/u_graph/u_compute/u_rs/u_datapath/u_dma_fed_datapath/u_datapath/u_core/u_feeder/pixel_q[5][63]_i_1/O
                         net (fo=64, routed)          0.428     4.794    u_graph_dma/u_graph_data/u_graph/u_compute/u_rs/u_datapath/u_dma_fed_datapath/u_datapath/u_core/u_feeder/pixel_q[5][63]_i_1_n_0
    SLICE_X48Y166        FDRE                                         r  u_graph_dma/u_graph_data/u_graph/u_compute/u_rs/u_datapath/u_dma_fed_datapath/u_datapath/u_core/u_feeder/pixel_q_reg[5][20]/R
  -------------------------------------------------------------------    -------------------

                         (clock aclk rise edge)       5.000     5.000 r  
                                                      0.000     5.000 r  aclk (IN)
                         net (fo=15333, unset)        0.029     5.029    u_graph_dma/u_graph_data/u_graph/u_compute/u_rs/u_datapath/u_dma_fed_datapath/u_datapath/u_core/u_feeder/aclk
    SLICE_X48Y166        FDRE                                         r  u_graph_dma/u_graph_data/u_graph/u_compute/u_rs/u_datapath/u_dma_fed_datapath/u_datapath/u_core/u_feeder/pixel_q_reg[5][20]/C
                         clock pessimism              0.000     5.029    
                         clock uncertainty           -0.035     4.994    
    SLICE_X48Y166        FDRE (Setup_HFF_SLICEL_C_R)
                                                     -0.119     4.875    u_graph_dma/u_graph_data/u_graph/u_compute/u_rs/u_datapath/u_dma_fed_datapath/u_datapath/u_core/u_feeder/pixel_q_reg[5][20]
  -------------------------------------------------------------------
                         required time                          4.875    
                         arrival time                          -4.794    
  -------------------------------------------------------------------
                         slack                                  0.081    

Slack (MET) :             0.081ns  (required time - arrival time)
  Source:                 u_graph_dma/u_graph_data/u_graph/u_compute/u_fc/u_controller/n_base_q_reg[7]/C
                            (rising edge-triggered cell FDRE clocked by aclk  {rise@0.000ns fall@2.500ns period=5.000ns})
  Destination:            u_graph_dma/u_graph_data/u_graph/u_compute/u_rs/u_datapath/u_dma_fed_datapath/u_datapath/u_core/u_feeder/pixel_q_reg[5][24]/R
                            (rising edge-triggered cell FDRE clocked by aclk  {rise@0.000ns fall@2.500ns period=5.000ns})
  Path Group:             aclk
  Path Type:              Setup (Max at Slow Process Corner)
  Requirement:            5.000ns  (aclk rise@5.000ns - aclk rise@0.000ns)
  Data Path Delay:        4.752ns  (logic 1.522ns (32.030%)  route 3.230ns (67.970%))
  Logic Levels:           15  (CARRY8=2 LUT2=2 LUT4=1 LUT5=2 LUT6=8)
  Clock Path Skew:        -0.013ns (DCD - SCD + CPR)
    Destination Clock Delay (DCD):    0.029ns = ( 5.029 - 5.000 ) 
    Source Clock Delay      (SCD):    0.042ns
    Clock Pessimism Removal (CPR):    0.000ns
  Clock Uncertainty:      0.035ns  ((TSJ^2 + TIJ^2)^1/2 + DJ) / 2 + PE
    Total System Jitter     (TSJ):    0.071ns
    Total Input Jitter      (TIJ):    0.000ns
    Discrete Jitter          (DJ):    0.000ns
    Phase Error              (PE):    0.000ns

    Location             Delay type                Incr(ns)  Path(ns)    Netlist Resource(s)
  -------------------------------------------------------------------    -------------------
                         (clock aclk rise edge)       0.000     0.000 r  
                                                      0.000     0.000 r  aclk (IN)
                         net (fo=15333, unset)        0.042     0.042    u_graph_dma/u_graph_data/u_graph/u_compute/u_fc/u_controller/aclk
    SLICE_X33Y115        FDRE                                         r  u_graph_dma/u_graph_data/u_graph/u_compute/u_fc/u_controller/n_base_q_reg[7]/C
  -------------------------------------------------------------------    -------------------
    SLICE_X33Y115        FDRE (Prop_HFF_SLICEL_C_Q)
                                                      0.113     0.155 r  u_graph_dma/u_graph_data/u_graph/u_compute/u_fc/u_controller/n_base_q_reg[7]/Q
                         net (fo=10, routed)          0.130     0.285    u_graph_dma/u_graph_data/u_graph/u_compute/u_fc/u_controller/n_base_q_reg[12]_0[4]
    SLICE_X33Y116        LUT2 (Prop_E6LUT_SLICEL_I1_O)
                                                      0.138     0.423 r  u_graph_dma/u_graph_data/u_graph/u_compute/u_fc/u_controller/request_q[context_tag][0]_i_5/O
                         net (fo=1, routed)           0.011     0.434    u_graph_dma/u_graph_data/u_graph/u_compute/u_fc/u_controller/request_q[context_tag][0]_i_5_n_0
    SLICE_X33Y116        CARRY8 (Prop_CARRY8_SLICEL_S[4]_CO[7])
                                                      0.232     0.666 r  u_graph_dma/u_graph_data/u_graph/u_compute/u_fc/u_controller/request_q_reg[context_tag][0]_i_1/CO[7]
                         net (fo=1, routed)           0.030     0.696    u_graph_dma/u_graph_data/u_graph/u_compute/u_fc/u_controller/request_q_reg[context_tag][0]_i_1_n_0
    SLICE_X33Y117        CARRY8 (Prop_CARRY8_SLICEL_CI_O[1])
                                                      0.114     0.810 r  u_graph_dma/u_graph_data/u_graph/u_compute/u_fc/u_controller/request_q_reg[context_tag][8]_i_1/O[1]
                         net (fo=3, routed)           0.167     0.977    u_graph_dma/u_descriptor_bridge/fc_result_request_tag[9]
    SLICE_X33Y118        LUT6 (Prop_C6LUT_SLICEL_I1_O)
                                                      0.221     1.198 r  u_graph_dma/u_descriptor_bridge/cfg_n_base_q[12]_i_10/O
                         net (fo=2, routed)           0.235     1.433    u_graph_dma/u_graph_data/u_graph/u_compute/u_fc/u_controller/lopt_2
    SLICE_X36Y118        LUT6 (Prop_B6LUT_SLICEL_I1_O)
                                                      0.058     1.491 r  u_graph_dma/u_graph_data/u_graph/u_compute/u_fc/u_controller/i_2_LOPT_REMAP/O
                         net (fo=1, routed)           0.051     1.542    u_graph_dma/u_graph_data/u_graph/u_compute/u_fc/u_controller/i_2/O_n
    SLICE_X36Y118        LUT6 (Prop_E6LUT_SLICEL_I2_O)
                                                      0.057     1.599 r  u_graph_dma/u_graph_data/u_graph/u_compute/u_fc/u_controller/i_0_LOPT_REMAP/O
                         net (fo=14, routed)          0.281     1.880    u_graph_dma/u_graph_data/u_graph/u_compute/u_fc/u_controller/transfer_complete_error_reg
    SLICE_X40Y119        LUT5 (Prop_C6LUT_SLICEM_I2_O)
                                                      0.080     1.960 f  u_graph_dma/u_graph_data/u_graph/u_compute/u_fc/u_controller/cfg_n_base_q[12]_i_1/O
                         net (fo=16, routed)          0.063     2.023    u_graph_dma/u_graph_data/u_graph/u_compute/u_shared/u_output_slice/u_requant/cfg_valid0
    SLICE_X40Y119        LUT6 (Prop_D6LUT_SLICEM_I1_O)
                                                      0.056     2.079 f  u_graph_dma/u_graph_data/u_graph/u_compute/u_shared/u_output_slice/u_requant/resident_n_lane_mask[5]_i_7/O
                         net (fo=4, routed)           0.054     2.133    u_graph_dma/u_graph_data/u_graph/u_compute/u_shared/u_output_slice/u_partial_sum_bank/cfg_fire
    SLICE_X40Y119        LUT6 (Prop_B6LUT_SLICEM_I1_O)
                                                      0.082     2.215 r  u_graph_dma/u_graph_data/u_graph/u_compute/u_shared/u_output_slice/u_partial_sum_bank/resident_n_lane_mask[5]_i_8/O
                         net (fo=5, routed)           0.289     2.503    u_graph_dma/u_graph_data/u_graph/u_compute/u_shared/u_output_slice/u_partial_sum_bank/bank_state_reg[0]_1
    SLICE_X42Y120        LUT6 (Prop_H6LUT_SLICEL_I1_O)
                                                      0.083     2.586 r  u_graph_dma/u_graph_data/u_graph/u_compute/u_shared/u_output_slice/u_partial_sum_bank/active_weight_context_tag_q[15]_i_6/O
                         net (fo=2, routed)           0.177     2.763    u_graph_dma/u_graph_data/u_graph/u_compute/u_rs/u_datapath/u_dma_fed_datapath/u_datapath/u_core/u_weight_bank/rs_shared_chunk_ready
    SLICE_X42Y125        LUT6 (Prop_E6LUT_SLICEL_I4_O)
                                                      0.057     2.820 r  u_graph_dma/u_graph_data/u_graph/u_compute/u_rs/u_datapath/u_dma_fed_datapath/u_datapath/u_core/u_weight_bank/active_weight_context_tag_q[15]_i_1_replica/O
                         net (fo=1, routed)           0.176     2.996    u_graph_dma/u_graph_data/u_graph/u_compute/u_rs/u_datapath/u_dma_fed_datapath/u_datapath/u_core/u_feeder/E[0]_repN_alias
    SLICE_X42Y131        LUT4 (Prop_B6LUT_SLICEL_I0_O)
                                                      0.058     3.054 r  u_graph_dma/u_graph_data/u_graph/u_compute/u_rs/u_datapath/u_dma_fed_datapath/u_datapath/u_core/u_feeder/output_w_q[7]_i_1/O
                         net (fo=67, routed)          0.357     3.411    u_graph_dma/u_graph_data/u_graph/u_compute/u_rs/u_datapath/u_dma_fed_datapath/u_datapath/u_core/u_feeder/frame_fire
    SLICE_X43Y148        LUT2 (Prop_A6LUT_SLICEM_I0_O)
                                                      0.058     3.469 r  u_graph_dma/u_graph_data/u_graph/u_compute/u_rs/u_datapath/u_dma_fed_datapath/u_datapath/u_core/u_feeder/group_count_q[3]_i_1/O
                         net (fo=11, routed)          0.558     4.027    u_graph_dma/u_graph_data/u_graph/u_compute/u_rs/u_datapath/u_dma_fed_datapath/u_datapath/u_core/u_feeder/state_q_reg[1]_0
    SLICE_X47Y171        LUT6 (Prop_G6LUT_SLICEL_I1_O)
                                                      0.057     4.084 r  u_graph_dma/u_graph_data/u_graph/u_compute/u_rs/u_datapath/u_dma_fed_datapath/u_datapath/u_core/u_feeder/pixel_q[0][63]_i_2/O
                         net (fo=519, routed)         0.223     4.307    u_graph_dma/u_graph_data/u_graph/u_compute/u_rs/u_datapath/u_dma_fed_datapath/u_datapath/u_core/u_feeder/pixel_q
    SLICE_X47Y170        LUT5 (Prop_A6LUT_SLICEL_I4_O)
                                                      0.058     4.365 r  u_graph_dma/u_graph_data/u_graph/u_compute/u_rs/u_datapath/u_dma_fed_datapath/u_datapath/u_core/u_feeder/pixel_q[5][63]_i_1/O
                         net (fo=64, routed)          0.428     4.794    u_graph_dma/u_graph_data/u_graph/u_compute/u_rs/u_datapath/u_dma_fed_datapath/u_datapath/u_core/u_feeder/pixel_q[5][63]_i_1_n_0
    SLICE_X48Y166        FDRE                                         r  u_graph_dma/u_graph_data/u_graph/u_compute/u_rs/u_datapath/u_dma_fed_datapath/u_datapath/u_core/u_feeder/pixel_q_reg[5][24]/R
  -------------------------------------------------------------------    -------------------

                         (clock aclk rise edge)       5.000     5.000 r  
                                                      0.000     5.000 r  aclk (IN)
                         net (fo=15333, unset)        0.029     5.029    u_graph_dma/u_graph_data/u_graph/u_compute/u_rs/u_datapath/u_dma_fed_datapath/u_datapath/u_core/u_feeder/aclk
    SLICE_X48Y166        FDRE                                         r  u_graph_dma/u_graph_data/u_graph/u_compute/u_rs/u_datapath/u_dma_fed_datapath/u_datapath/u_core/u_feeder/pixel_q_reg[5][24]/C
                         clock pessimism              0.000     5.029    
                         clock uncertainty           -0.035     4.994    
    SLICE_X48Y166        FDRE (Setup_EFF_SLICEL_C_R)
                                                     -0.119     4.875    u_graph_dma/u_graph_data/u_graph/u_compute/u_rs/u_datapath/u_dma_fed_datapath/u_datapath/u_core/u_feeder/pixel_q_reg[5][24]
  -------------------------------------------------------------------
                         required time                          4.875    
                         arrival time                          -4.794    
  -------------------------------------------------------------------
                         slack                                  0.081    

Slack (MET) :             0.081ns  (required time - arrival time)
  Source:                 u_graph_dma/u_graph_data/u_graph/u_compute/u_fc/u_controller/n_base_q_reg[7]/C
                            (rising edge-triggered cell FDRE clocked by aclk  {rise@0.000ns fall@2.500ns period=5.000ns})
  Destination:            u_graph_dma/u_graph_data/u_graph/u_compute/u_rs/u_datapath/u_dma_fed_datapath/u_datapath/u_core/u_feeder/pixel_q_reg[5][57]/R
                            (rising edge-triggered cell FDRE clocked by aclk  {rise@0.000ns fall@2.500ns period=5.000ns})
  Path Group:             aclk
  Path Type:              Setup (Max at Slow Process Corner)
  Requirement:            5.000ns  (aclk rise@5.000ns - aclk rise@0.000ns)
  Data Path Delay:        4.752ns  (logic 1.522ns (32.030%)  route 3.230ns (67.970%))
  Logic Levels:           15  (CARRY8=2 LUT2=2 LUT4=1 LUT5=2 LUT6=8)
  Clock Path Skew:        -0.013ns (DCD - SCD + CPR)
    Destination Clock Delay (DCD):    0.029ns = ( 5.029 - 5.000 ) 
    Source Clock Delay      (SCD):    0.042ns
    Clock Pessimism Removal (CPR):    0.000ns
  Clock Uncertainty:      0.035ns  ((TSJ^2 + TIJ^2)^1/2 + DJ) / 2 + PE
    Total System Jitter     (TSJ):    0.071ns
    Total Input Jitter      (TIJ):    0.000ns
    Discrete Jitter          (DJ):    0.000ns
    Phase Error              (PE):    0.000ns

    Location             Delay type                Incr(ns)  Path(ns)    Netlist Resource(s)
  -------------------------------------------------------------------    -------------------
                         (clock aclk rise edge)       0.000     0.000 r  
                                                      0.000     0.000 r  aclk (IN)
                         net (fo=15333, unset)        0.042     0.042    u_graph_dma/u_graph_data/u_graph/u_compute/u_fc/u_controller/aclk
    SLICE_X33Y115        FDRE                                         r  u_graph_dma/u_graph_data/u_graph/u_compute/u_fc/u_controller/n_base_q_reg[7]/C
  -------------------------------------------------------------------    -------------------
    SLICE_X33Y115        FDRE (Prop_HFF_SLICEL_C_Q)
                                                      0.113     0.155 r  u_graph_dma/u_graph_data/u_graph/u_compute/u_fc/u_controller/n_base_q_reg[7]/Q
                         net (fo=10, routed)          0.130     0.285    u_graph_dma/u_graph_data/u_graph/u_compute/u_fc/u_controller/n_base_q_reg[12]_0[4]
    SLICE_X33Y116        LUT2 (Prop_E6LUT_SLICEL_I1_O)
                                                      0.138     0.423 r  u_graph_dma/u_graph_data/u_graph/u_compute/u_fc/u_controller/request_q[context_tag][0]_i_5/O
                         net (fo=1, routed)           0.011     0.434    u_graph_dma/u_graph_data/u_graph/u_compute/u_fc/u_controller/request_q[context_tag][0]_i_5_n_0
    SLICE_X33Y116        CARRY8 (Prop_CARRY8_SLICEL_S[4]_CO[7])
                                                      0.232     0.666 r  u_graph_dma/u_graph_data/u_graph/u_compute/u_fc/u_controller/request_q_reg[context_tag][0]_i_1/CO[7]
                         net (fo=1, routed)           0.030     0.696    u_graph_dma/u_graph_data/u_graph/u_compute/u_fc/u_controller/request_q_reg[context_tag][0]_i_1_n_0
    SLICE_X33Y117        CARRY8 (Prop_CARRY8_SLICEL_CI_O[1])
                                                      0.114     0.810 r  u_graph_dma/u_graph_data/u_graph/u_compute/u_fc/u_controller/request_q_reg[context_tag][8]_i_1/O[1]
                         net (fo=3, routed)           0.167     0.977    u_graph_dma/u_descriptor_bridge/fc_result_request_tag[9]
    SLICE_X33Y118        LUT6 (Prop_C6LUT_SLICEL_I1_O)
                                                      0.221     1.198 r  u_graph_dma/u_descriptor_bridge/cfg_n_base_q[12]_i_10/O
                         net (fo=2, routed)           0.235     1.433    u_graph_dma/u_graph_data/u_graph/u_compute/u_fc/u_controller/lopt_2
    SLICE_X36Y118        LUT6 (Prop_B6LUT_SLICEL_I1_O)
                                                      0.058     1.491 r  u_graph_dma/u_graph_data/u_graph/u_compute/u_fc/u_controller/i_2_LOPT_REMAP/O
                         net (fo=1, routed)           0.051     1.542    u_graph_dma/u_graph_data/u_graph/u_compute/u_fc/u_controller/i_2/O_n
    SLICE_X36Y118        LUT6 (Prop_E6LUT_SLICEL_I2_O)
                                                      0.057     1.599 r  u_graph_dma/u_graph_data/u_graph/u_compute/u_fc/u_controller/i_0_LOPT_REMAP/O
                         net (fo=14, routed)          0.281     1.880    u_graph_dma/u_graph_data/u_graph/u_compute/u_fc/u_controller/transfer_complete_error_reg
    SLICE_X40Y119        LUT5 (Prop_C6LUT_SLICEM_I2_O)
                                                      0.080     1.960 f  u_graph_dma/u_graph_data/u_graph/u_compute/u_fc/u_controller/cfg_n_base_q[12]_i_1/O
                         net (fo=16, routed)          0.063     2.023    u_graph_dma/u_graph_data/u_graph/u_compute/u_shared/u_output_slice/u_requant/cfg_valid0
    SLICE_X40Y119        LUT6 (Prop_D6LUT_SLICEM_I1_O)
                                                      0.056     2.079 f  u_graph_dma/u_graph_data/u_graph/u_compute/u_shared/u_output_slice/u_requant/resident_n_lane_mask[5]_i_7/O
                         net (fo=4, routed)           0.054     2.133    u_graph_dma/u_graph_data/u_graph/u_compute/u_shared/u_output_slice/u_partial_sum_bank/cfg_fire
    SLICE_X40Y119        LUT6 (Prop_B6LUT_SLICEM_I1_O)
                                                      0.082     2.215 r  u_graph_dma/u_graph_data/u_graph/u_compute/u_shared/u_output_slice/u_partial_sum_bank/resident_n_lane_mask[5]_i_8/O
                         net (fo=5, routed)           0.289     2.503    u_graph_dma/u_graph_data/u_graph/u_compute/u_shared/u_output_slice/u_partial_sum_bank/bank_state_reg[0]_1
    SLICE_X42Y120        LUT6 (Prop_H6LUT_SLICEL_I1_O)
                                                      0.083     2.586 r  u_graph_dma/u_graph_data/u_graph/u_compute/u_shared/u_output_slice/u_partial_sum_bank/active_weight_context_tag_q[15]_i_6/O
                         net (fo=2, routed)           0.177     2.763    u_graph_dma/u_graph_data/u_graph/u_compute/u_rs/u_datapath/u_dma_fed_datapath/u_datapath/u_core/u_weight_bank/rs_shared_chunk_ready
    SLICE_X42Y125        LUT6 (Prop_E6LUT_SLICEL_I4_O)
                                                      0.057     2.820 r  u_graph_dma/u_graph_data/u_graph/u_compute/u_rs/u_datapath/u_dma_fed_datapath/u_datapath/u_core/u_weight_bank/active_weight_context_tag_q[15]_i_1_replica/O
                         net (fo=1, routed)           0.176     2.996    u_graph_dma/u_graph_data/u_graph/u_compute/u_rs/u_datapath/u_dma_fed_datapath/u_datapath/u_core/u_feeder/E[0]_repN_alias
    SLICE_X42Y131        LUT4 (Prop_B6LUT_SLICEL_I0_O)
                                                      0.058     3.054 r  u_graph_dma/u_graph_data/u_graph/u_compute/u_rs/u_datapath/u_dma_fed_datapath/u_datapath/u_core/u_feeder/output_w_q[7]_i_1/O
                         net (fo=67, routed)          0.357     3.411    u_graph_dma/u_graph_data/u_graph/u_compute/u_rs/u_datapath/u_dma_fed_datapath/u_datapath/u_core/u_feeder/frame_fire
    SLICE_X43Y148        LUT2 (Prop_A6LUT_SLICEM_I0_O)
                                                      0.058     3.469 r  u_graph_dma/u_graph_data/u_graph/u_compute/u_rs/u_datapath/u_dma_fed_datapath/u_datapath/u_core/u_feeder/group_count_q[3]_i_1/O
                         net (fo=11, routed)          0.558     4.027    u_graph_dma/u_graph_data/u_graph/u_compute/u_rs/u_datapath/u_dma_fed_datapath/u_datapath/u_core/u_feeder/state_q_reg[1]_0
    SLICE_X47Y171        LUT6 (Prop_G6LUT_SLICEL_I1_O)
                                                      0.057     4.084 r  u_graph_dma/u_graph_data/u_graph/u_compute/u_rs/u_datapath/u_dma_fed_datapath/u_datapath/u_core/u_feeder/pixel_q[0][63]_i_2/O
                         net (fo=519, routed)         0.223     4.307    u_graph_dma/u_graph_data/u_graph/u_compute/u_rs/u_datapath/u_dma_fed_datapath/u_datapath/u_core/u_feeder/pixel_q
    SLICE_X47Y170        LUT5 (Prop_A6LUT_SLICEL_I4_O)
                                                      0.058     4.365 r  u_graph_dma/u_graph_data/u_graph/u_compute/u_rs/u_datapath/u_dma_fed_datapath/u_datapath/u_core/u_feeder/pixel_q[5][63]_i_1/O
                         net (fo=64, routed)          0.428     4.794    u_graph_dma/u_graph_data/u_graph/u_compute/u_rs/u_datapath/u_dma_fed_datapath/u_datapath/u_core/u_feeder/pixel_q[5][63]_i_1_n_0
    SLICE_X48Y166        FDRE                                         r  u_graph_dma/u_graph_data/u_graph/u_compute/u_rs/u_datapath/u_dma_fed_datapath/u_datapath/u_core/u_feeder/pixel_q_reg[5][57]/R
  -------------------------------------------------------------------    -------------------

                         (clock aclk rise edge)       5.000     5.000 r  
                                                      0.000     5.000 r  aclk (IN)
                         net (fo=15333, unset)        0.029     5.029    u_graph_dma/u_graph_data/u_graph/u_compute/u_rs/u_datapath/u_dma_fed_datapath/u_datapath/u_core/u_feeder/aclk
    SLICE_X48Y166        FDRE                                         r  u_graph_dma/u_graph_data/u_graph/u_compute/u_rs/u_datapath/u_dma_fed_datapath/u_datapath/u_core/u_feeder/pixel_q_reg[5][57]/C
                         clock pessimism              0.000     5.029    
                         clock uncertainty           -0.035     4.994    
    SLICE_X48Y166        FDRE (Setup_FFF_SLICEL_C_R)
                                                     -0.119     4.875    u_graph_dma/u_graph_data/u_graph/u_compute/u_rs/u_datapath/u_dma_fed_datapath/u_datapath/u_core/u_feeder/pixel_q_reg[5][57]
  -------------------------------------------------------------------
                         required time                          4.875    
                         arrival time                          -4.794    
  -------------------------------------------------------------------
                         slack                                  0.081    

Slack (MET) :             0.081ns  (required time - arrival time)
  Source:                 u_graph_dma/u_graph_data/u_graph/u_compute/u_fc/u_controller/n_base_q_reg[7]/C
                            (rising edge-triggered cell FDRE clocked by aclk  {rise@0.000ns fall@2.500ns period=5.000ns})
  Destination:            u_graph_dma/u_graph_data/u_graph/u_compute/u_rs/u_datapath/u_dma_fed_datapath/u_datapath/u_core/u_feeder/pixel_q_reg[5][5]/R
                            (rising edge-triggered cell FDRE clocked by aclk  {rise@0.000ns fall@2.500ns period=5.000ns})
  Path Group:             aclk
  Path Type:              Setup (Max at Slow Process Corner)
  Requirement:            5.000ns  (aclk rise@5.000ns - aclk rise@0.000ns)
  Data Path Delay:        4.752ns  (logic 1.522ns (32.030%)  route 3.230ns (67.970%))
  Logic Levels:           15  (CARRY8=2 LUT2=2 LUT4=1 LUT5=2 LUT6=8)
  Clock Path Skew:        -0.013ns (DCD - SCD + CPR)
    Destination Clock Delay (DCD):    0.029ns = ( 5.029 - 5.000 ) 
    Source Clock Delay      (SCD):    0.042ns
    Clock Pessimism Removal (CPR):    0.000ns
  Clock Uncertainty:      0.035ns  ((TSJ^2 + TIJ^2)^1/2 + DJ) / 2 + PE
    Total System Jitter     (TSJ):    0.071ns
    Total Input Jitter      (TIJ):    0.000ns
    Discrete Jitter          (DJ):    0.000ns
    Phase Error              (PE):    0.000ns

    Location             Delay type                Incr(ns)  Path(ns)    Netlist Resource(s)
  -------------------------------------------------------------------    -------------------
                         (clock aclk rise edge)       0.000     0.000 r  
                                                      0.000     0.000 r  aclk (IN)
                         net (fo=15333, unset)        0.042     0.042    u_graph_dma/u_graph_data/u_graph/u_compute/u_fc/u_controller/aclk
    SLICE_X33Y115        FDRE                                         r  u_graph_dma/u_graph_data/u_graph/u_compute/u_fc/u_controller/n_base_q_reg[7]/C
  -------------------------------------------------------------------    -------------------
    SLICE_X33Y115        FDRE (Prop_HFF_SLICEL_C_Q)
                                                      0.113     0.155 r  u_graph_dma/u_graph_data/u_graph/u_compute/u_fc/u_controller/n_base_q_reg[7]/Q
                         net (fo=10, routed)          0.130     0.285    u_graph_dma/u_graph_data/u_graph/u_compute/u_fc/u_controller/n_base_q_reg[12]_0[4]
    SLICE_X33Y116        LUT2 (Prop_E6LUT_SLICEL_I1_O)
                                                      0.138     0.423 r  u_graph_dma/u_graph_data/u_graph/u_compute/u_fc/u_controller/request_q[context_tag][0]_i_5/O
                         net (fo=1, routed)           0.011     0.434    u_graph_dma/u_graph_data/u_graph/u_compute/u_fc/u_controller/request_q[context_tag][0]_i_5_n_0
    SLICE_X33Y116        CARRY8 (Prop_CARRY8_SLICEL_S[4]_CO[7])
                                                      0.232     0.666 r  u_graph_dma/u_graph_data/u_graph/u_compute/u_fc/u_controller/request_q_reg[context_tag][0]_i_1/CO[7]
                         net (fo=1, routed)           0.030     0.696    u_graph_dma/u_graph_data/u_graph/u_compute/u_fc/u_controller/request_q_reg[context_tag][0]_i_1_n_0
    SLICE_X33Y117        CARRY8 (Prop_CARRY8_SLICEL_CI_O[1])
                                                      0.114     0.810 r  u_graph_dma/u_graph_data/u_graph/u_compute/u_fc/u_controller/request_q_reg[context_tag][8]_i_1/O[1]
                         net (fo=3, routed)           0.167     0.977    u_graph_dma/u_descriptor_bridge/fc_result_request_tag[9]
    SLICE_X33Y118        LUT6 (Prop_C6LUT_SLICEL_I1_O)
                                                      0.221     1.198 r  u_graph_dma/u_descriptor_bridge/cfg_n_base_q[12]_i_10/O
                         net (fo=2, routed)           0.235     1.433    u_graph_dma/u_graph_data/u_graph/u_compute/u_fc/u_controller/lopt_2
    SLICE_X36Y118        LUT6 (Prop_B6LUT_SLICEL_I1_O)
                                                      0.058     1.491 r  u_graph_dma/u_graph_data/u_graph/u_compute/u_fc/u_controller/i_2_LOPT_REMAP/O
                         net (fo=1, routed)           0.051     1.542    u_graph_dma/u_graph_data/u_graph/u_compute/u_fc/u_controller/i_2/O_n
    SLICE_X36Y118        LUT6 (Prop_E6LUT_SLICEL_I2_O)
                                                      0.057     1.599 r  u_graph_dma/u_graph_data/u_graph/u_compute/u_fc/u_controller/i_0_LOPT_REMAP/O
                         net (fo=14, routed)          0.281     1.880    u_graph_dma/u_graph_data/u_graph/u_compute/u_fc/u_controller/transfer_complete_error_reg
    SLICE_X40Y119        LUT5 (Prop_C6LUT_SLICEM_I2_O)
                                                      0.080     1.960 f  u_graph_dma/u_graph_data/u_graph/u_compute/u_fc/u_controller/cfg_n_base_q[12]_i_1/O
                         net (fo=16, routed)          0.063     2.023    u_graph_dma/u_graph_data/u_graph/u_compute/u_shared/u_output_slice/u_requant/cfg_valid0
    SLICE_X40Y119        LUT6 (Prop_D6LUT_SLICEM_I1_O)
                                                      0.056     2.079 f  u_graph_dma/u_graph_data/u_graph/u_compute/u_shared/u_output_slice/u_requant/resident_n_lane_mask[5]_i_7/O
                         net (fo=4, routed)           0.054     2.133    u_graph_dma/u_graph_data/u_graph/u_compute/u_shared/u_output_slice/u_partial_sum_bank/cfg_fire
    SLICE_X40Y119        LUT6 (Prop_B6LUT_SLICEM_I1_O)
                                                      0.082     2.215 r  u_graph_dma/u_graph_data/u_graph/u_compute/u_shared/u_output_slice/u_partial_sum_bank/resident_n_lane_mask[5]_i_8/O
                         net (fo=5, routed)           0.289     2.503    u_graph_dma/u_graph_data/u_graph/u_compute/u_shared/u_output_slice/u_partial_sum_bank/bank_state_reg[0]_1
    SLICE_X42Y120        LUT6 (Prop_H6LUT_SLICEL_I1_O)
                                                      0.083     2.586 r  u_graph_dma/u_graph_data/u_graph/u_compute/u_shared/u_output_slice/u_partial_sum_bank/active_weight_context_tag_q[15]_i_6/O
                         net (fo=2, routed)           0.177     2.763    u_graph_dma/u_graph_data/u_graph/u_compute/u_rs/u_datapath/u_dma_fed_datapath/u_datapath/u_core/u_weight_bank/rs_shared_chunk_ready
    SLICE_X42Y125        LUT6 (Prop_E6LUT_SLICEL_I4_O)
                                                      0.057     2.820 r  u_graph_dma/u_graph_data/u_graph/u_compute/u_rs/u_datapath/u_dma_fed_datapath/u_datapath/u_core/u_weight_bank/active_weight_context_tag_q[15]_i_1_replica/O
                         net (fo=1, routed)           0.176     2.996    u_graph_dma/u_graph_data/u_graph/u_compute/u_rs/u_datapath/u_dma_fed_datapath/u_datapath/u_core/u_feeder/E[0]_repN_alias
    SLICE_X42Y131        LUT4 (Prop_B6LUT_SLICEL_I0_O)
                                                      0.058     3.054 r  u_graph_dma/u_graph_data/u_graph/u_compute/u_rs/u_datapath/u_dma_fed_datapath/u_datapath/u_core/u_feeder/output_w_q[7]_i_1/O
                         net (fo=67, routed)          0.357     3.411    u_graph_dma/u_graph_data/u_graph/u_compute/u_rs/u_datapath/u_dma_fed_datapath/u_datapath/u_core/u_feeder/frame_fire
    SLICE_X43Y148        LUT2 (Prop_A6LUT_SLICEM_I0_O)
                                                      0.058     3.469 r  u_graph_dma/u_graph_data/u_graph/u_compute/u_rs/u_datapath/u_dma_fed_datapath/u_datapath/u_core/u_feeder/group_count_q[3]_i_1/O
                         net (fo=11, routed)          0.558     4.027    u_graph_dma/u_graph_data/u_graph/u_compute/u_rs/u_datapath/u_dma_fed_datapath/u_datapath/u_core/u_feeder/state_q_reg[1]_0
    SLICE_X47Y171        LUT6 (Prop_G6LUT_SLICEL_I1_O)
                                                      0.057     4.084 r  u_graph_dma/u_graph_data/u_graph/u_compute/u_rs/u_datapath/u_dma_fed_datapath/u_datapath/u_core/u_feeder/pixel_q[0][63]_i_2/O
                         net (fo=519, routed)         0.223     4.307    u_graph_dma/u_graph_data/u_graph/u_compute/u_rs/u_datapath/u_dma_fed_datapath/u_datapath/u_core/u_feeder/pixel_q
    SLICE_X47Y170        LUT5 (Prop_A6LUT_SLICEL_I4_O)
                                                      0.058     4.365 r  u_graph_dma/u_graph_data/u_graph/u_compute/u_rs/u_datapath/u_dma_fed_datapath/u_datapath/u_core/u_feeder/pixel_q[5][63]_i_1/O
                         net (fo=64, routed)          0.428     4.794    u_graph_dma/u_graph_data/u_graph/u_compute/u_rs/u_datapath/u_dma_fed_datapath/u_datapath/u_core/u_feeder/pixel_q[5][63]_i_1_n_0
    SLICE_X48Y166        FDRE                                         r  u_graph_dma/u_graph_data/u_graph/u_compute/u_rs/u_datapath/u_dma_fed_datapath/u_datapath/u_core/u_feeder/pixel_q_reg[5][5]/R
  -------------------------------------------------------------------    -------------------

                         (clock aclk rise edge)       5.000     5.000 r  
                                                      0.000     5.000 r  aclk (IN)
                         net (fo=15333, unset)        0.029     5.029    u_graph_dma/u_graph_data/u_graph/u_compute/u_rs/u_datapath/u_dma_fed_datapath/u_datapath/u_core/u_feeder/aclk
    SLICE_X48Y166        FDRE                                         r  u_graph_dma/u_graph_data/u_graph/u_compute/u_rs/u_datapath/u_dma_fed_datapath/u_datapath/u_core/u_feeder/pixel_q_reg[5][5]/C
                         clock pessimism              0.000     5.029    
                         clock uncertainty           -0.035     4.994    
    SLICE_X48Y166        FDRE (Setup_GFF2_SLICEL_C_R)
                                                     -0.119     4.875    u_graph_dma/u_graph_data/u_graph/u_compute/u_rs/u_datapath/u_dma_fed_datapath/u_datapath/u_core/u_feeder/pixel_q_reg[5][5]
  -------------------------------------------------------------------
                         required time                          4.875    
                         arrival time                          -4.794    
  -------------------------------------------------------------------
                         slack                                  0.081    

Slack (MET) :             0.081ns  (required time - arrival time)
  Source:                 u_graph_dma/u_graph_data/u_graph/u_compute/u_fc/u_controller/n_base_q_reg[7]/C
                            (rising edge-triggered cell FDRE clocked by aclk  {rise@0.000ns fall@2.500ns period=5.000ns})
  Destination:            u_graph_dma/u_graph_data/u_graph/u_compute/u_rs/u_datapath/u_dma_fed_datapath/u_datapath/u_core/u_feeder/pixel_q_reg[5][60]/R
                            (rising edge-triggered cell FDRE clocked by aclk  {rise@0.000ns fall@2.500ns period=5.000ns})
  Path Group:             aclk
  Path Type:              Setup (Max at Slow Process Corner)
  Requirement:            5.000ns  (aclk rise@5.000ns - aclk rise@0.000ns)
  Data Path Delay:        4.752ns  (logic 1.522ns (32.030%)  route 3.230ns (67.970%))
  Logic Levels:           15  (CARRY8=2 LUT2=2 LUT4=1 LUT5=2 LUT6=8)
  Clock Path Skew:        -0.013ns (DCD - SCD + CPR)
    Destination Clock Delay (DCD):    0.029ns = ( 5.029 - 5.000 ) 
    Source Clock Delay      (SCD):    0.042ns
    Clock Pessimism Removal (CPR):    0.000ns
  Clock Uncertainty:      0.035ns  ((TSJ^2 + TIJ^2)^1/2 + DJ) / 2 + PE
    Total System Jitter     (TSJ):    0.071ns
    Total Input Jitter      (TIJ):    0.000ns
    Discrete Jitter          (DJ):    0.000ns
    Phase Error              (PE):    0.000ns

    Location             Delay type                Incr(ns)  Path(ns)    Netlist Resource(s)
  -------------------------------------------------------------------    -------------------
                         (clock aclk rise edge)       0.000     0.000 r  
                                                      0.000     0.000 r  aclk (IN)
                         net (fo=15333, unset)        0.042     0.042    u_graph_dma/u_graph_data/u_graph/u_compute/u_fc/u_controller/aclk
    SLICE_X33Y115        FDRE                                         r  u_graph_dma/u_graph_data/u_graph/u_compute/u_fc/u_controller/n_base_q_reg[7]/C
  -------------------------------------------------------------------    -------------------
    SLICE_X33Y115        FDRE (Prop_HFF_SLICEL_C_Q)
                                                      0.113     0.155 r  u_graph_dma/u_graph_data/u_graph/u_compute/u_fc/u_controller/n_base_q_reg[7]/Q
                         net (fo=10, routed)          0.130     0.285    u_graph_dma/u_graph_data/u_graph/u_compute/u_fc/u_controller/n_base_q_reg[12]_0[4]
    SLICE_X33Y116        LUT2 (Prop_E6LUT_SLICEL_I1_O)
                                                      0.138     0.423 r  u_graph_dma/u_graph_data/u_graph/u_compute/u_fc/u_controller/request_q[context_tag][0]_i_5/O
                         net (fo=1, routed)           0.011     0.434    u_graph_dma/u_graph_data/u_graph/u_compute/u_fc/u_controller/request_q[context_tag][0]_i_5_n_0
    SLICE_X33Y116        CARRY8 (Prop_CARRY8_SLICEL_S[4]_CO[7])
                                                      0.232     0.666 r  u_graph_dma/u_graph_data/u_graph/u_compute/u_fc/u_controller/request_q_reg[context_tag][0]_i_1/CO[7]
                         net (fo=1, routed)           0.030     0.696    u_graph_dma/u_graph_data/u_graph/u_compute/u_fc/u_controller/request_q_reg[context_tag][0]_i_1_n_0
    SLICE_X33Y117        CARRY8 (Prop_CARRY8_SLICEL_CI_O[1])
                                                      0.114     0.810 r  u_graph_dma/u_graph_data/u_graph/u_compute/u_fc/u_controller/request_q_reg[context_tag][8]_i_1/O[1]
                         net (fo=3, routed)           0.167     0.977    u_graph_dma/u_descriptor_bridge/fc_result_request_tag[9]
    SLICE_X33Y118        LUT6 (Prop_C6LUT_SLICEL_I1_O)
                                                      0.221     1.198 r  u_graph_dma/u_descriptor_bridge/cfg_n_base_q[12]_i_10/O
                         net (fo=2, routed)           0.235     1.433    u_graph_dma/u_graph_data/u_graph/u_compute/u_fc/u_controller/lopt_2
    SLICE_X36Y118        LUT6 (Prop_B6LUT_SLICEL_I1_O)
                                                      0.058     1.491 r  u_graph_dma/u_graph_data/u_graph/u_compute/u_fc/u_controller/i_2_LOPT_REMAP/O
                         net (fo=1, routed)           0.051     1.542    u_graph_dma/u_graph_data/u_graph/u_compute/u_fc/u_controller/i_2/O_n
    SLICE_X36Y118        LUT6 (Prop_E6LUT_SLICEL_I2_O)
                                                      0.057     1.599 r  u_graph_dma/u_graph_data/u_graph/u_compute/u_fc/u_controller/i_0_LOPT_REMAP/O
                         net (fo=14, routed)          0.281     1.880    u_graph_dma/u_graph_data/u_graph/u_compute/u_fc/u_controller/transfer_complete_error_reg
    SLICE_X40Y119        LUT5 (Prop_C6LUT_SLICEM_I2_O)
                                                      0.080     1.960 f  u_graph_dma/u_graph_data/u_graph/u_compute/u_fc/u_controller/cfg_n_base_q[12]_i_1/O
                         net (fo=16, routed)          0.063     2.023    u_graph_dma/u_graph_data/u_graph/u_compute/u_shared/u_output_slice/u_requant/cfg_valid0
    SLICE_X40Y119        LUT6 (Prop_D6LUT_SLICEM_I1_O)
                                                      0.056     2.079 f  u_graph_dma/u_graph_data/u_graph/u_compute/u_shared/u_output_slice/u_requant/resident_n_lane_mask[5]_i_7/O
                         net (fo=4, routed)           0.054     2.133    u_graph_dma/u_graph_data/u_graph/u_compute/u_shared/u_output_slice/u_partial_sum_bank/cfg_fire
    SLICE_X40Y119        LUT6 (Prop_B6LUT_SLICEM_I1_O)
                                                      0.082     2.215 r  u_graph_dma/u_graph_data/u_graph/u_compute/u_shared/u_output_slice/u_partial_sum_bank/resident_n_lane_mask[5]_i_8/O
                         net (fo=5, routed)           0.289     2.503    u_graph_dma/u_graph_data/u_graph/u_compute/u_shared/u_output_slice/u_partial_sum_bank/bank_state_reg[0]_1
    SLICE_X42Y120        LUT6 (Prop_H6LUT_SLICEL_I1_O)
                                                      0.083     2.586 r  u_graph_dma/u_graph_data/u_graph/u_compute/u_shared/u_output_slice/u_partial_sum_bank/active_weight_context_tag_q[15]_i_6/O
                         net (fo=2, routed)           0.177     2.763    u_graph_dma/u_graph_data/u_graph/u_compute/u_rs/u_datapath/u_dma_fed_datapath/u_datapath/u_core/u_weight_bank/rs_shared_chunk_ready
    SLICE_X42Y125        LUT6 (Prop_E6LUT_SLICEL_I4_O)
                                                      0.057     2.820 r  u_graph_dma/u_graph_data/u_graph/u_compute/u_rs/u_datapath/u_dma_fed_datapath/u_datapath/u_core/u_weight_bank/active_weight_context_tag_q[15]_i_1_replica/O
                         net (fo=1, routed)           0.176     2.996    u_graph_dma/u_graph_data/u_graph/u_compute/u_rs/u_datapath/u_dma_fed_datapath/u_datapath/u_core/u_feeder/E[0]_repN_alias
    SLICE_X42Y131        LUT4 (Prop_B6LUT_SLICEL_I0_O)
                                                      0.058     3.054 r  u_graph_dma/u_graph_data/u_graph/u_compute/u_rs/u_datapath/u_dma_fed_datapath/u_datapath/u_core/u_feeder/output_w_q[7]_i_1/O
                         net (fo=67, routed)          0.357     3.411    u_graph_dma/u_graph_data/u_graph/u_compute/u_rs/u_datapath/u_dma_fed_datapath/u_datapath/u_core/u_feeder/frame_fire
    SLICE_X43Y148        LUT2 (Prop_A6LUT_SLICEM_I0_O)
                                                      0.058     3.469 r  u_graph_dma/u_graph_data/u_graph/u_compute/u_rs/u_datapath/u_dma_fed_datapath/u_datapath/u_core/u_feeder/group_count_q[3]_i_1/O
                         net (fo=11, routed)          0.558     4.027    u_graph_dma/u_graph_data/u_graph/u_compute/u_rs/u_datapath/u_dma_fed_datapath/u_datapath/u_core/u_feeder/state_q_reg[1]_0
    SLICE_X47Y171        LUT6 (Prop_G6LUT_SLICEL_I1_O)
                                                      0.057     4.084 r  u_graph_dma/u_graph_data/u_graph/u_compute/u_rs/u_datapath/u_dma_fed_datapath/u_datapath/u_core/u_feeder/pixel_q[0][63]_i_2/O
                         net (fo=519, routed)         0.223     4.307    u_graph_dma/u_graph_data/u_graph/u_compute/u_rs/u_datapath/u_dma_fed_datapath/u_datapath/u_core/u_feeder/pixel_q
    SLICE_X47Y170        LUT5 (Prop_A6LUT_SLICEL_I4_O)
                                                      0.058     4.365 r  u_graph_dma/u_graph_data/u_graph/u_compute/u_rs/u_datapath/u_dma_fed_datapath/u_datapath/u_core/u_feeder/pixel_q[5][63]_i_1/O
                         net (fo=64, routed)          0.428     4.794    u_graph_dma/u_graph_data/u_graph/u_compute/u_rs/u_datapath/u_dma_fed_datapath/u_datapath/u_core/u_feeder/pixel_q[5][63]_i_1_n_0
    SLICE_X48Y166        FDRE                                         r  u_graph_dma/u_graph_data/u_graph/u_compute/u_rs/u_datapath/u_dma_fed_datapath/u_datapath/u_core/u_feeder/pixel_q_reg[5][60]/R
  -------------------------------------------------------------------    -------------------

                         (clock aclk rise edge)       5.000     5.000 r  
                                                      0.000     5.000 r  aclk (IN)
                         net (fo=15333, unset)        0.029     5.029    u_graph_dma/u_graph_data/u_graph/u_compute/u_rs/u_datapath/u_dma_fed_datapath/u_datapath/u_core/u_feeder/aclk
    SLICE_X48Y166        FDRE                                         r  u_graph_dma/u_graph_data/u_graph/u_compute/u_rs/u_datapath/u_dma_fed_datapath/u_datapath/u_core/u_feeder/pixel_q_reg[5][60]/C
                         clock pessimism              0.000     5.029    
                         clock uncertainty           -0.035     4.994    
    SLICE_X48Y166        FDRE (Setup_EFF2_SLICEL_C_R)
                                                     -0.119     4.875    u_graph_dma/u_graph_data/u_graph/u_compute/u_rs/u_datapath/u_dma_fed_datapath/u_datapath/u_core/u_feeder/pixel_q_reg[5][60]
  -------------------------------------------------------------------
                         required time                          4.875    
                         arrival time                          -4.794    
  -------------------------------------------------------------------
                         slack                                  0.081    

Slack (MET) :             0.081ns  (required time - arrival time)
  Source:                 u_graph_dma/u_graph_data/u_graph/u_compute/u_fc/u_controller/n_base_q_reg[7]/C
                            (rising edge-triggered cell FDRE clocked by aclk  {rise@0.000ns fall@2.500ns period=5.000ns})
  Destination:            u_graph_dma/u_graph_data/u_graph/u_compute/u_rs/u_datapath/u_dma_fed_datapath/u_datapath/u_core/u_feeder/pixel_q_reg[5][6]/R
                            (rising edge-triggered cell FDRE clocked by aclk  {rise@0.000ns fall@2.500ns period=5.000ns})
  Path Group:             aclk
  Path Type:              Setup (Max at Slow Process Corner)
  Requirement:            5.000ns  (aclk rise@5.000ns - aclk rise@0.000ns)
  Data Path Delay:        4.752ns  (logic 1.522ns (32.030%)  route 3.230ns (67.970%))
  Logic Levels:           15  (CARRY8=2 LUT2=2 LUT4=1 LUT5=2 LUT6=8)
  Clock Path Skew:        -0.013ns (DCD - SCD + CPR)
    Destination Clock Delay (DCD):    0.029ns = ( 5.029 - 5.000 ) 
    Source Clock Delay      (SCD):    0.042ns
    Clock Pessimism Removal (CPR):    0.000ns
  Clock Uncertainty:      0.035ns  ((TSJ^2 + TIJ^2)^1/2 + DJ) / 2 + PE
    Total System Jitter     (TSJ):    0.071ns
    Total Input Jitter      (TIJ):    0.000ns
    Discrete Jitter          (DJ):    0.000ns
    Phase Error              (PE):    0.000ns

    Location             Delay type                Incr(ns)  Path(ns)    Netlist Resource(s)
  -------------------------------------------------------------------    -------------------
                         (clock aclk rise edge)       0.000     0.000 r  
                                                      0.000     0.000 r  aclk (IN)
                         net (fo=15333, unset)        0.042     0.042    u_graph_dma/u_graph_data/u_graph/u_compute/u_fc/u_controller/aclk
    SLICE_X33Y115        FDRE                                         r  u_graph_dma/u_graph_data/u_graph/u_compute/u_fc/u_controller/n_base_q_reg[7]/C
  -------------------------------------------------------------------    -------------------
    SLICE_X33Y115        FDRE (Prop_HFF_SLICEL_C_Q)
                                                      0.113     0.155 r  u_graph_dma/u_graph_data/u_graph/u_compute/u_fc/u_controller/n_base_q_reg[7]/Q
                         net (fo=10, routed)          0.130     0.285    u_graph_dma/u_graph_data/u_graph/u_compute/u_fc/u_controller/n_base_q_reg[12]_0[4]
    SLICE_X33Y116        LUT2 (Prop_E6LUT_SLICEL_I1_O)
                                                      0.138     0.423 r  u_graph_dma/u_graph_data/u_graph/u_compute/u_fc/u_controller/request_q[context_tag][0]_i_5/O
                         net (fo=1, routed)           0.011     0.434    u_graph_dma/u_graph_data/u_graph/u_compute/u_fc/u_controller/request_q[context_tag][0]_i_5_n_0
    SLICE_X33Y116        CARRY8 (Prop_CARRY8_SLICEL_S[4]_CO[7])
                                                      0.232     0.666 r  u_graph_dma/u_graph_data/u_graph/u_compute/u_fc/u_controller/request_q_reg[context_tag][0]_i_1/CO[7]
                         net (fo=1, routed)           0.030     0.696    u_graph_dma/u_graph_data/u_graph/u_compute/u_fc/u_controller/request_q_reg[context_tag][0]_i_1_n_0
    SLICE_X33Y117        CARRY8 (Prop_CARRY8_SLICEL_CI_O[1])
                                                      0.114     0.810 r  u_graph_dma/u_graph_data/u_graph/u_compute/u_fc/u_controller/request_q_reg[context_tag][8]_i_1/O[1]
                         net (fo=3, routed)           0.167     0.977    u_graph_dma/u_descriptor_bridge/fc_result_request_tag[9]
    SLICE_X33Y118        LUT6 (Prop_C6LUT_SLICEL_I1_O)
                                                      0.221     1.198 r  u_graph_dma/u_descriptor_bridge/cfg_n_base_q[12]_i_10/O
                         net (fo=2, routed)           0.235     1.433    u_graph_dma/u_graph_data/u_graph/u_compute/u_fc/u_controller/lopt_2
    SLICE_X36Y118        LUT6 (Prop_B6LUT_SLICEL_I1_O)
                                                      0.058     1.491 r  u_graph_dma/u_graph_data/u_graph/u_compute/u_fc/u_controller/i_2_LOPT_REMAP/O
                         net (fo=1, routed)           0.051     1.542    u_graph_dma/u_graph_data/u_graph/u_compute/u_fc/u_controller/i_2/O_n
    SLICE_X36Y118        LUT6 (Prop_E6LUT_SLICEL_I2_O)
                                                      0.057     1.599 r  u_graph_dma/u_graph_data/u_graph/u_compute/u_fc/u_controller/i_0_LOPT_REMAP/O
                         net (fo=14, routed)          0.281     1.880    u_graph_dma/u_graph_data/u_graph/u_compute/u_fc/u_controller/transfer_complete_error_reg
    SLICE_X40Y119        LUT5 (Prop_C6LUT_SLICEM_I2_O)
                                                      0.080     1.960 f  u_graph_dma/u_graph_data/u_graph/u_compute/u_fc/u_controller/cfg_n_base_q[12]_i_1/O
                         net (fo=16, routed)          0.063     2.023    u_graph_dma/u_graph_data/u_graph/u_compute/u_shared/u_output_slice/u_requant/cfg_valid0
    SLICE_X40Y119        LUT6 (Prop_D6LUT_SLICEM_I1_O)
                                                      0.056     2.079 f  u_graph_dma/u_graph_data/u_graph/u_compute/u_shared/u_output_slice/u_requant/resident_n_lane_mask[5]_i_7/O
                         net (fo=4, routed)           0.054     2.133    u_graph_dma/u_graph_data/u_graph/u_compute/u_shared/u_output_slice/u_partial_sum_bank/cfg_fire
    SLICE_X40Y119        LUT6 (Prop_B6LUT_SLICEM_I1_O)
                                                      0.082     2.215 r  u_graph_dma/u_graph_data/u_graph/u_compute/u_shared/u_output_slice/u_partial_sum_bank/resident_n_lane_mask[5]_i_8/O
                         net (fo=5, routed)           0.289     2.503    u_graph_dma/u_graph_data/u_graph/u_compute/u_shared/u_output_slice/u_partial_sum_bank/bank_state_reg[0]_1
    SLICE_X42Y120        LUT6 (Prop_H6LUT_SLICEL_I1_O)
                                                      0.083     2.586 r  u_graph_dma/u_graph_data/u_graph/u_compute/u_shared/u_output_slice/u_partial_sum_bank/active_weight_context_tag_q[15]_i_6/O
                         net (fo=2, routed)           0.177     2.763    u_graph_dma/u_graph_data/u_graph/u_compute/u_rs/u_datapath/u_dma_fed_datapath/u_datapath/u_core/u_weight_bank/rs_shared_chunk_ready
    SLICE_X42Y125        LUT6 (Prop_E6LUT_SLICEL_I4_O)
                                                      0.057     2.820 r  u_graph_dma/u_graph_data/u_graph/u_compute/u_rs/u_datapath/u_dma_fed_datapath/u_datapath/u_core/u_weight_bank/active_weight_context_tag_q[15]_i_1_replica/O
                         net (fo=1, routed)           0.176     2.996    u_graph_dma/u_graph_data/u_graph/u_compute/u_rs/u_datapath/u_dma_fed_datapath/u_datapath/u_core/u_feeder/E[0]_repN_alias
    SLICE_X42Y131        LUT4 (Prop_B6LUT_SLICEL_I0_O)
                                                      0.058     3.054 r  u_graph_dma/u_graph_data/u_graph/u_compute/u_rs/u_datapath/u_dma_fed_datapath/u_datapath/u_core/u_feeder/output_w_q[7]_i_1/O
                         net (fo=67, routed)          0.357     3.411    u_graph_dma/u_graph_data/u_graph/u_compute/u_rs/u_datapath/u_dma_fed_datapath/u_datapath/u_core/u_feeder/frame_fire
    SLICE_X43Y148        LUT2 (Prop_A6LUT_SLICEM_I0_O)
                                                      0.058     3.469 r  u_graph_dma/u_graph_data/u_graph/u_compute/u_rs/u_datapath/u_dma_fed_datapath/u_datapath/u_core/u_feeder/group_count_q[3]_i_1/O
                         net (fo=11, routed)          0.558     4.027    u_graph_dma/u_graph_data/u_graph/u_compute/u_rs/u_datapath/u_dma_fed_datapath/u_datapath/u_core/u_feeder/state_q_reg[1]_0
    SLICE_X47Y171        LUT6 (Prop_G6LUT_SLICEL_I1_O)
                                                      0.057     4.084 r  u_graph_dma/u_graph_data/u_graph/u_compute/u_rs/u_datapath/u_dma_fed_datapath/u_datapath/u_core/u_feeder/pixel_q[0][63]_i_2/O
                         net (fo=519, routed)         0.223     4.307    u_graph_dma/u_graph_data/u_graph/u_compute/u_rs/u_datapath/u_dma_fed_datapath/u_datapath/u_core/u_feeder/pixel_q
    SLICE_X47Y170        LUT5 (Prop_A6LUT_SLICEL_I4_O)
                                                      0.058     4.365 r  u_graph_dma/u_graph_data/u_graph/u_compute/u_rs/u_datapath/u_dma_fed_datapath/u_datapath/u_core/u_feeder/pixel_q[5][63]_i_1/O
                         net (fo=64, routed)          0.428     4.794    u_graph_dma/u_graph_data/u_graph/u_compute/u_rs/u_datapath/u_dma_fed_datapath/u_datapath/u_core/u_feeder/pixel_q[5][63]_i_1_n_0
    SLICE_X48Y166        FDRE                                         r  u_graph_dma/u_graph_data/u_graph/u_compute/u_rs/u_datapath/u_dma_fed_datapath/u_datapath/u_core/u_feeder/pixel_q_reg[5][6]/R
  -------------------------------------------------------------------    -------------------

                         (clock aclk rise edge)       5.000     5.000 r  
                                                      0.000     5.000 r  aclk (IN)
                         net (fo=15333, unset)        0.029     5.029    u_graph_dma/u_graph_data/u_graph/u_compute/u_rs/u_datapath/u_dma_fed_datapath/u_datapath/u_core/u_feeder/aclk
    SLICE_X48Y166        FDRE                                         r  u_graph_dma/u_graph_data/u_graph/u_compute/u_rs/u_datapath/u_dma_fed_datapath/u_datapath/u_core/u_feeder/pixel_q_reg[5][6]/C
                         clock pessimism              0.000     5.029    
                         clock uncertainty           -0.035     4.994    
    SLICE_X48Y166        FDRE (Setup_HFF2_SLICEL_C_R)
                                                     -0.119     4.875    u_graph_dma/u_graph_data/u_graph/u_compute/u_rs/u_datapath/u_dma_fed_datapath/u_datapath/u_core/u_feeder/pixel_q_reg[5][6]
  -------------------------------------------------------------------
                         required time                          4.875    
                         arrival time                          -4.794    
  -------------------------------------------------------------------
                         slack                                  0.081    

Slack (MET) :             0.081ns  (required time - arrival time)
  Source:                 u_graph_dma/u_graph_data/u_graph/u_compute/u_fc/u_controller/n_base_q_reg[7]/C
                            (rising edge-triggered cell FDRE clocked by aclk  {rise@0.000ns fall@2.500ns period=5.000ns})
  Destination:            u_graph_dma/u_graph_data/u_graph/u_compute/u_rs/u_datapath/u_dma_fed_datapath/u_datapath/u_core/u_feeder/pixel_q_reg[5][9]/R
                            (rising edge-triggered cell FDRE clocked by aclk  {rise@0.000ns fall@2.500ns period=5.000ns})
  Path Group:             aclk
  Path Type:              Setup (Max at Slow Process Corner)
  Requirement:            5.000ns  (aclk rise@5.000ns - aclk rise@0.000ns)
  Data Path Delay:        4.752ns  (logic 1.522ns (32.030%)  route 3.230ns (67.970%))
  Logic Levels:           15  (CARRY8=2 LUT2=2 LUT4=1 LUT5=2 LUT6=8)
  Clock Path Skew:        -0.013ns (DCD - SCD + CPR)
    Destination Clock Delay (DCD):    0.029ns = ( 5.029 - 5.000 ) 
    Source Clock Delay      (SCD):    0.042ns
    Clock Pessimism Removal (CPR):    0.000ns
  Clock Uncertainty:      0.035ns  ((TSJ^2 + TIJ^2)^1/2 + DJ) / 2 + PE
    Total System Jitter     (TSJ):    0.071ns
    Total Input Jitter      (TIJ):    0.000ns
    Discrete Jitter          (DJ):    0.000ns
    Phase Error              (PE):    0.000ns

    Location             Delay type                Incr(ns)  Path(ns)    Netlist Resource(s)
  -------------------------------------------------------------------    -------------------
                         (clock aclk rise edge)       0.000     0.000 r  
                                                      0.000     0.000 r  aclk (IN)
                         net (fo=15333, unset)        0.042     0.042    u_graph_dma/u_graph_data/u_graph/u_compute/u_fc/u_controller/aclk
    SLICE_X33Y115        FDRE                                         r  u_graph_dma/u_graph_data/u_graph/u_compute/u_fc/u_controller/n_base_q_reg[7]/C
  -------------------------------------------------------------------    -------------------
    SLICE_X33Y115        FDRE (Prop_HFF_SLICEL_C_Q)
                                                      0.113     0.155 r  u_graph_dma/u_graph_data/u_graph/u_compute/u_fc/u_controller/n_base_q_reg[7]/Q
                         net (fo=10, routed)          0.130     0.285    u_graph_dma/u_graph_data/u_graph/u_compute/u_fc/u_controller/n_base_q_reg[12]_0[4]
    SLICE_X33Y116        LUT2 (Prop_E6LUT_SLICEL_I1_O)
                                                      0.138     0.423 r  u_graph_dma/u_graph_data/u_graph/u_compute/u_fc/u_controller/request_q[context_tag][0]_i_5/O
                         net (fo=1, routed)           0.011     0.434    u_graph_dma/u_graph_data/u_graph/u_compute/u_fc/u_controller/request_q[context_tag][0]_i_5_n_0
    SLICE_X33Y116        CARRY8 (Prop_CARRY8_SLICEL_S[4]_CO[7])
                                                      0.232     0.666 r  u_graph_dma/u_graph_data/u_graph/u_compute/u_fc/u_controller/request_q_reg[context_tag][0]_i_1/CO[7]
                         net (fo=1, routed)           0.030     0.696    u_graph_dma/u_graph_data/u_graph/u_compute/u_fc/u_controller/request_q_reg[context_tag][0]_i_1_n_0
    SLICE_X33Y117        CARRY8 (Prop_CARRY8_SLICEL_CI_O[1])
                                                      0.114     0.810 r  u_graph_dma/u_graph_data/u_graph/u_compute/u_fc/u_controller/request_q_reg[context_tag][8]_i_1/O[1]
                         net (fo=3, routed)           0.167     0.977    u_graph_dma/u_descriptor_bridge/fc_result_request_tag[9]
    SLICE_X33Y118        LUT6 (Prop_C6LUT_SLICEL_I1_O)
                                                      0.221     1.198 r  u_graph_dma/u_descriptor_bridge/cfg_n_base_q[12]_i_10/O
                         net (fo=2, routed)           0.235     1.433    u_graph_dma/u_graph_data/u_graph/u_compute/u_fc/u_controller/lopt_2
    SLICE_X36Y118        LUT6 (Prop_B6LUT_SLICEL_I1_O)
                                                      0.058     1.491 r  u_graph_dma/u_graph_data/u_graph/u_compute/u_fc/u_controller/i_2_LOPT_REMAP/O
                         net (fo=1, routed)           0.051     1.542    u_graph_dma/u_graph_data/u_graph/u_compute/u_fc/u_controller/i_2/O_n
    SLICE_X36Y118        LUT6 (Prop_E6LUT_SLICEL_I2_O)
                                                      0.057     1.599 r  u_graph_dma/u_graph_data/u_graph/u_compute/u_fc/u_controller/i_0_LOPT_REMAP/O
                         net (fo=14, routed)          0.281     1.880    u_graph_dma/u_graph_data/u_graph/u_compute/u_fc/u_controller/transfer_complete_error_reg
    SLICE_X40Y119        LUT5 (Prop_C6LUT_SLICEM_I2_O)
                                                      0.080     1.960 f  u_graph_dma/u_graph_data/u_graph/u_compute/u_fc/u_controller/cfg_n_base_q[12]_i_1/O
                         net (fo=16, routed)          0.063     2.023    u_graph_dma/u_graph_data/u_graph/u_compute/u_shared/u_output_slice/u_requant/cfg_valid0
    SLICE_X40Y119        LUT6 (Prop_D6LUT_SLICEM_I1_O)
                                                      0.056     2.079 f  u_graph_dma/u_graph_data/u_graph/u_compute/u_shared/u_output_slice/u_requant/resident_n_lane_mask[5]_i_7/O
                         net (fo=4, routed)           0.054     2.133    u_graph_dma/u_graph_data/u_graph/u_compute/u_shared/u_output_slice/u_partial_sum_bank/cfg_fire
    SLICE_X40Y119        LUT6 (Prop_B6LUT_SLICEM_I1_O)
                                                      0.082     2.215 r  u_graph_dma/u_graph_data/u_graph/u_compute/u_shared/u_output_slice/u_partial_sum_bank/resident_n_lane_mask[5]_i_8/O
                         net (fo=5, routed)           0.289     2.503    u_graph_dma/u_graph_data/u_graph/u_compute/u_shared/u_output_slice/u_partial_sum_bank/bank_state_reg[0]_1
    SLICE_X42Y120        LUT6 (Prop_H6LUT_SLICEL_I1_O)
                                                      0.083     2.586 r  u_graph_dma/u_graph_data/u_graph/u_compute/u_shared/u_output_slice/u_partial_sum_bank/active_weight_context_tag_q[15]_i_6/O
                         net (fo=2, routed)           0.177     2.763    u_graph_dma/u_graph_data/u_graph/u_compute/u_rs/u_datapath/u_dma_fed_datapath/u_datapath/u_core/u_weight_bank/rs_shared_chunk_ready
    SLICE_X42Y125        LUT6 (Prop_E6LUT_SLICEL_I4_O)
                                                      0.057     2.820 r  u_graph_dma/u_graph_data/u_graph/u_compute/u_rs/u_datapath/u_dma_fed_datapath/u_datapath/u_core/u_weight_bank/active_weight_context_tag_q[15]_i_1_replica/O
                         net (fo=1, routed)           0.176     2.996    u_graph_dma/u_graph_data/u_graph/u_compute/u_rs/u_datapath/u_dma_fed_datapath/u_datapath/u_core/u_feeder/E[0]_repN_alias
    SLICE_X42Y131        LUT4 (Prop_B6LUT_SLICEL_I0_O)
                                                      0.058     3.054 r  u_graph_dma/u_graph_data/u_graph/u_compute/u_rs/u_datapath/u_dma_fed_datapath/u_datapath/u_core/u_feeder/output_w_q[7]_i_1/O
                         net (fo=67, routed)          0.357     3.411    u_graph_dma/u_graph_data/u_graph/u_compute/u_rs/u_datapath/u_dma_fed_datapath/u_datapath/u_core/u_feeder/frame_fire
    SLICE_X43Y148        LUT2 (Prop_A6LUT_SLICEM_I0_O)
                                                      0.058     3.469 r  u_graph_dma/u_graph_data/u_graph/u_compute/u_rs/u_datapath/u_dma_fed_datapath/u_datapath/u_core/u_feeder/group_count_q[3]_i_1/O
                         net (fo=11, routed)          0.558     4.027    u_graph_dma/u_graph_data/u_graph/u_compute/u_rs/u_datapath/u_dma_fed_datapath/u_datapath/u_core/u_feeder/state_q_reg[1]_0
    SLICE_X47Y171        LUT6 (Prop_G6LUT_SLICEL_I1_O)
                                                      0.057     4.084 r  u_graph_dma/u_graph_data/u_graph/u_compute/u_rs/u_datapath/u_dma_fed_datapath/u_datapath/u_core/u_feeder/pixel_q[0][63]_i_2/O
                         net (fo=519, routed)         0.223     4.307    u_graph_dma/u_graph_data/u_graph/u_compute/u_rs/u_datapath/u_dma_fed_datapath/u_datapath/u_core/u_feeder/pixel_q
    SLICE_X47Y170        LUT5 (Prop_A6LUT_SLICEL_I4_O)
                                                      0.058     4.365 r  u_graph_dma/u_graph_data/u_graph/u_compute/u_rs/u_datapath/u_dma_fed_datapath/u_datapath/u_core/u_feeder/pixel_q[5][63]_i_1/O
                         net (fo=64, routed)          0.428     4.794    u_graph_dma/u_graph_data/u_graph/u_compute/u_rs/u_datapath/u_dma_fed_datapath/u_datapath/u_core/u_feeder/pixel_q[5][63]_i_1_n_0
    SLICE_X48Y166        FDRE                                         r  u_graph_dma/u_graph_data/u_graph/u_compute/u_rs/u_datapath/u_dma_fed_datapath/u_datapath/u_core/u_feeder/pixel_q_reg[5][9]/R
  -------------------------------------------------------------------    -------------------

                         (clock aclk rise edge)       5.000     5.000 r  
                                                      0.000     5.000 r  aclk (IN)
                         net (fo=15333, unset)        0.029     5.029    u_graph_dma/u_graph_data/u_graph/u_compute/u_rs/u_datapath/u_dma_fed_datapath/u_datapath/u_core/u_feeder/aclk
    SLICE_X48Y166        FDRE                                         r  u_graph_dma/u_graph_data/u_graph/u_compute/u_rs/u_datapath/u_dma_fed_datapath/u_datapath/u_core/u_feeder/pixel_q_reg[5][9]/C
                         clock pessimism              0.000     5.029    
                         clock uncertainty           -0.035     4.994    
    SLICE_X48Y166        FDRE (Setup_FFF2_SLICEL_C_R)
                                                     -0.119     4.875    u_graph_dma/u_graph_data/u_graph/u_compute/u_rs/u_datapath/u_dma_fed_datapath/u_datapath/u_core/u_feeder/pixel_q_reg[5][9]
  -------------------------------------------------------------------
                         required time                          4.875    
                         arrival time                          -4.794    
  -------------------------------------------------------------------
                         slack                                  0.081    

Slack (MET) :             0.082ns  (required time - arrival time)
  Source:                 u_graph_dma/u_graph_data/u_graph/u_compute/u_fc/u_controller/n_base_q_reg[7]/C
                            (rising edge-triggered cell FDRE clocked by aclk  {rise@0.000ns fall@2.500ns period=5.000ns})
  Destination:            u_graph_dma/u_graph_data/u_graph/u_compute/u_rs/u_datapath/u_dma_fed_datapath/u_datapath/u_core/u_feeder/pixel_q_reg[5][15]/R
                            (rising edge-triggered cell FDRE clocked by aclk  {rise@0.000ns fall@2.500ns period=5.000ns})
  Path Group:             aclk
  Path Type:              Setup (Max at Slow Process Corner)
  Requirement:            5.000ns  (aclk rise@5.000ns - aclk rise@0.000ns)
  Data Path Delay:        4.752ns  (logic 1.522ns (32.030%)  route 3.230ns (67.970%))
  Logic Levels:           15  (CARRY8=2 LUT2=2 LUT4=1 LUT5=2 LUT6=8)
  Clock Path Skew:        -0.013ns (DCD - SCD + CPR)
    Destination Clock Delay (DCD):    0.029ns = ( 5.029 - 5.000 ) 
    Source Clock Delay      (SCD):    0.042ns
    Clock Pessimism Removal (CPR):    0.000ns
  Clock Uncertainty:      0.035ns  ((TSJ^2 + TIJ^2)^1/2 + DJ) / 2 + PE
    Total System Jitter     (TSJ):    0.071ns
    Total Input Jitter      (TIJ):    0.000ns
    Discrete Jitter          (DJ):    0.000ns
    Phase Error              (PE):    0.000ns

    Location             Delay type                Incr(ns)  Path(ns)    Netlist Resource(s)
  -------------------------------------------------------------------    -------------------
                         (clock aclk rise edge)       0.000     0.000 r  
                                                      0.000     0.000 r  aclk (IN)
                         net (fo=15333, unset)        0.042     0.042    u_graph_dma/u_graph_data/u_graph/u_compute/u_fc/u_controller/aclk
    SLICE_X33Y115        FDRE                                         r  u_graph_dma/u_graph_data/u_graph/u_compute/u_fc/u_controller/n_base_q_reg[7]/C
  -------------------------------------------------------------------    -------------------
    SLICE_X33Y115        FDRE (Prop_HFF_SLICEL_C_Q)
                                                      0.113     0.155 r  u_graph_dma/u_graph_data/u_graph/u_compute/u_fc/u_controller/n_base_q_reg[7]/Q
                         net (fo=10, routed)          0.130     0.285    u_graph_dma/u_graph_data/u_graph/u_compute/u_fc/u_controller/n_base_q_reg[12]_0[4]
    SLICE_X33Y116        LUT2 (Prop_E6LUT_SLICEL_I1_O)
                                                      0.138     0.423 r  u_graph_dma/u_graph_data/u_graph/u_compute/u_fc/u_controller/request_q[context_tag][0]_i_5/O
                         net (fo=1, routed)           0.011     0.434    u_graph_dma/u_graph_data/u_graph/u_compute/u_fc/u_controller/request_q[context_tag][0]_i_5_n_0
    SLICE_X33Y116        CARRY8 (Prop_CARRY8_SLICEL_S[4]_CO[7])
                                                      0.232     0.666 r  u_graph_dma/u_graph_data/u_graph/u_compute/u_fc/u_controller/request_q_reg[context_tag][0]_i_1/CO[7]
                         net (fo=1, routed)           0.030     0.696    u_graph_dma/u_graph_data/u_graph/u_compute/u_fc/u_controller/request_q_reg[context_tag][0]_i_1_n_0
    SLICE_X33Y117        CARRY8 (Prop_CARRY8_SLICEL_CI_O[1])
                                                      0.114     0.810 r  u_graph_dma/u_graph_data/u_graph/u_compute/u_fc/u_controller/request_q_reg[context_tag][8]_i_1/O[1]
                         net (fo=3, routed)           0.167     0.977    u_graph_dma/u_descriptor_bridge/fc_result_request_tag[9]
    SLICE_X33Y118        LUT6 (Prop_C6LUT_SLICEL_I1_O)
                                                      0.221     1.198 r  u_graph_dma/u_descriptor_bridge/cfg_n_base_q[12]_i_10/O
                         net (fo=2, routed)           0.235     1.433    u_graph_dma/u_graph_data/u_graph/u_compute/u_fc/u_controller/lopt_2
    SLICE_X36Y118        LUT6 (Prop_B6LUT_SLICEL_I1_O)
                                                      0.058     1.491 r  u_graph_dma/u_graph_data/u_graph/u_compute/u_fc/u_controller/i_2_LOPT_REMAP/O
                         net (fo=1, routed)           0.051     1.542    u_graph_dma/u_graph_data/u_graph/u_compute/u_fc/u_controller/i_2/O_n
    SLICE_X36Y118        LUT6 (Prop_E6LUT_SLICEL_I2_O)
                                                      0.057     1.599 r  u_graph_dma/u_graph_data/u_graph/u_compute/u_fc/u_controller/i_0_LOPT_REMAP/O
                         net (fo=14, routed)          0.281     1.880    u_graph_dma/u_graph_data/u_graph/u_compute/u_fc/u_controller/transfer_complete_error_reg
    SLICE_X40Y119        LUT5 (Prop_C6LUT_SLICEM_I2_O)
                                                      0.080     1.960 f  u_graph_dma/u_graph_data/u_graph/u_compute/u_fc/u_controller/cfg_n_base_q[12]_i_1/O
                         net (fo=16, routed)          0.063     2.023    u_graph_dma/u_graph_data/u_graph/u_compute/u_shared/u_output_slice/u_requant/cfg_valid0
    SLICE_X40Y119        LUT6 (Prop_D6LUT_SLICEM_I1_O)
                                                      0.056     2.079 f  u_graph_dma/u_graph_data/u_graph/u_compute/u_shared/u_output_slice/u_requant/resident_n_lane_mask[5]_i_7/O
                         net (fo=4, routed)           0.054     2.133    u_graph_dma/u_graph_data/u_graph/u_compute/u_shared/u_output_slice/u_partial_sum_bank/cfg_fire
    SLICE_X40Y119        LUT6 (Prop_B6LUT_SLICEM_I1_O)
                                                      0.082     2.215 r  u_graph_dma/u_graph_data/u_graph/u_compute/u_shared/u_output_slice/u_partial_sum_bank/resident_n_lane_mask[5]_i_8/O
                         net (fo=5, routed)           0.289     2.503    u_graph_dma/u_graph_data/u_graph/u_compute/u_shared/u_output_slice/u_partial_sum_bank/bank_state_reg[0]_1
    SLICE_X42Y120        LUT6 (Prop_H6LUT_SLICEL_I1_O)
                                                      0.083     2.586 r  u_graph_dma/u_graph_data/u_graph/u_compute/u_shared/u_output_slice/u_partial_sum_bank/active_weight_context_tag_q[15]_i_6/O
                         net (fo=2, routed)           0.177     2.763    u_graph_dma/u_graph_data/u_graph/u_compute/u_rs/u_datapath/u_dma_fed_datapath/u_datapath/u_core/u_weight_bank/rs_shared_chunk_ready
    SLICE_X42Y125        LUT6 (Prop_E6LUT_SLICEL_I4_O)
                                                      0.057     2.820 r  u_graph_dma/u_graph_data/u_graph/u_compute/u_rs/u_datapath/u_dma_fed_datapath/u_datapath/u_core/u_weight_bank/active_weight_context_tag_q[15]_i_1_replica/O
                         net (fo=1, routed)           0.176     2.996    u_graph_dma/u_graph_data/u_graph/u_compute/u_rs/u_datapath/u_dma_fed_datapath/u_datapath/u_core/u_feeder/E[0]_repN_alias
    SLICE_X42Y131        LUT4 (Prop_B6LUT_SLICEL_I0_O)
                                                      0.058     3.054 r  u_graph_dma/u_graph_data/u_graph/u_compute/u_rs/u_datapath/u_dma_fed_datapath/u_datapath/u_core/u_feeder/output_w_q[7]_i_1/O
                         net (fo=67, routed)          0.357     3.411    u_graph_dma/u_graph_data/u_graph/u_compute/u_rs/u_datapath/u_dma_fed_datapath/u_datapath/u_core/u_feeder/frame_fire
    SLICE_X43Y148        LUT2 (Prop_A6LUT_SLICEM_I0_O)
                                                      0.058     3.469 r  u_graph_dma/u_graph_data/u_graph/u_compute/u_rs/u_datapath/u_dma_fed_datapath/u_datapath/u_core/u_feeder/group_count_q[3]_i_1/O
                         net (fo=11, routed)          0.558     4.027    u_graph_dma/u_graph_data/u_graph/u_compute/u_rs/u_datapath/u_dma_fed_datapath/u_datapath/u_core/u_feeder/state_q_reg[1]_0
    SLICE_X47Y171        LUT6 (Prop_G6LUT_SLICEL_I1_O)
                                                      0.057     4.084 r  u_graph_dma/u_graph_data/u_graph/u_compute/u_rs/u_datapath/u_dma_fed_datapath/u_datapath/u_core/u_feeder/pixel_q[0][63]_i_2/O
                         net (fo=519, routed)         0.223     4.307    u_graph_dma/u_graph_data/u_graph/u_compute/u_rs/u_datapath/u_dma_fed_datapath/u_datapath/u_core/u_feeder/pixel_q
    SLICE_X47Y170        LUT5 (Prop_A6LUT_SLICEL_I4_O)
                                                      0.058     4.365 r  u_graph_dma/u_graph_data/u_graph/u_compute/u_rs/u_datapath/u_dma_fed_datapath/u_datapath/u_core/u_feeder/pixel_q[5][63]_i_1/O
                         net (fo=64, routed)          0.428     4.794    u_graph_dma/u_graph_data/u_graph/u_compute/u_rs/u_datapath/u_dma_fed_datapath/u_datapath/u_core/u_feeder/pixel_q[5][63]_i_1_n_0
    SLICE_X48Y166        FDRE                                         r  u_graph_dma/u_graph_data/u_graph/u_compute/u_rs/u_datapath/u_dma_fed_datapath/u_datapath/u_core/u_feeder/pixel_q_reg[5][15]/R
  -------------------------------------------------------------------    -------------------

                         (clock aclk rise edge)       5.000     5.000 r  
                                                      0.000     5.000 r  aclk (IN)
                         net (fo=15333, unset)        0.029     5.029    u_graph_dma/u_graph_data/u_graph/u_compute/u_rs/u_datapath/u_dma_fed_datapath/u_datapath/u_core/u_feeder/aclk
    SLICE_X48Y166        FDRE                                         r  u_graph_dma/u_graph_data/u_graph/u_compute/u_rs/u_datapath/u_dma_fed_datapath/u_datapath/u_core/u_feeder/pixel_q_reg[5][15]/C
                         clock pessimism              0.000     5.029    
                         clock uncertainty           -0.035     4.994    
    SLICE_X48Y166        FDRE (Setup_DFF_SLICEL_C_R)
                                                     -0.118     4.876    u_graph_dma/u_graph_data/u_graph/u_compute/u_rs/u_datapath/u_dma_fed_datapath/u_datapath/u_core/u_feeder/pixel_q_reg[5][15]
  -------------------------------------------------------------------
                         required time                          4.876    
                         arrival time                          -4.794    
  -------------------------------------------------------------------
                         slack                                  0.082    

Slack (MET) :             0.082ns  (required time - arrival time)
  Source:                 u_graph_dma/u_graph_data/u_graph/u_compute/u_fc/u_controller/n_base_q_reg[7]/C
                            (rising edge-triggered cell FDRE clocked by aclk  {rise@0.000ns fall@2.500ns period=5.000ns})
  Destination:            u_graph_dma/u_graph_data/u_graph/u_compute/u_rs/u_datapath/u_dma_fed_datapath/u_datapath/u_core/u_feeder/pixel_q_reg[5][16]/R
                            (rising edge-triggered cell FDRE clocked by aclk  {rise@0.000ns fall@2.500ns period=5.000ns})
  Path Group:             aclk
  Path Type:              Setup (Max at Slow Process Corner)
  Requirement:            5.000ns  (aclk rise@5.000ns - aclk rise@0.000ns)
  Data Path Delay:        4.752ns  (logic 1.522ns (32.030%)  route 3.230ns (67.970%))
  Logic Levels:           15  (CARRY8=2 LUT2=2 LUT4=1 LUT5=2 LUT6=8)
  Clock Path Skew:        -0.013ns (DCD - SCD + CPR)
    Destination Clock Delay (DCD):    0.029ns = ( 5.029 - 5.000 ) 
    Source Clock Delay      (SCD):    0.042ns
    Clock Pessimism Removal (CPR):    0.000ns
  Clock Uncertainty:      0.035ns  ((TSJ^2 + TIJ^2)^1/2 + DJ) / 2 + PE
    Total System Jitter     (TSJ):    0.071ns
    Total Input Jitter      (TIJ):    0.000ns
    Discrete Jitter          (DJ):    0.000ns
    Phase Error              (PE):    0.000ns

    Location             Delay type                Incr(ns)  Path(ns)    Netlist Resource(s)
  -------------------------------------------------------------------    -------------------
                         (clock aclk rise edge)       0.000     0.000 r  
                                                      0.000     0.000 r  aclk (IN)
                         net (fo=15333, unset)        0.042     0.042    u_graph_dma/u_graph_data/u_graph/u_compute/u_fc/u_controller/aclk
    SLICE_X33Y115        FDRE                                         r  u_graph_dma/u_graph_data/u_graph/u_compute/u_fc/u_controller/n_base_q_reg[7]/C
  -------------------------------------------------------------------    -------------------
    SLICE_X33Y115        FDRE (Prop_HFF_SLICEL_C_Q)
                                                      0.113     0.155 r  u_graph_dma/u_graph_data/u_graph/u_compute/u_fc/u_controller/n_base_q_reg[7]/Q
                         net (fo=10, routed)          0.130     0.285    u_graph_dma/u_graph_data/u_graph/u_compute/u_fc/u_controller/n_base_q_reg[12]_0[4]
    SLICE_X33Y116        LUT2 (Prop_E6LUT_SLICEL_I1_O)
                                                      0.138     0.423 r  u_graph_dma/u_graph_data/u_graph/u_compute/u_fc/u_controller/request_q[context_tag][0]_i_5/O
                         net (fo=1, routed)           0.011     0.434    u_graph_dma/u_graph_data/u_graph/u_compute/u_fc/u_controller/request_q[context_tag][0]_i_5_n_0
    SLICE_X33Y116        CARRY8 (Prop_CARRY8_SLICEL_S[4]_CO[7])
                                                      0.232     0.666 r  u_graph_dma/u_graph_data/u_graph/u_compute/u_fc/u_controller/request_q_reg[context_tag][0]_i_1/CO[7]
                         net (fo=1, routed)           0.030     0.696    u_graph_dma/u_graph_data/u_graph/u_compute/u_fc/u_controller/request_q_reg[context_tag][0]_i_1_n_0
    SLICE_X33Y117        CARRY8 (Prop_CARRY8_SLICEL_CI_O[1])
                                                      0.114     0.810 r  u_graph_dma/u_graph_data/u_graph/u_compute/u_fc/u_controller/request_q_reg[context_tag][8]_i_1/O[1]
                         net (fo=3, routed)           0.167     0.977    u_graph_dma/u_descriptor_bridge/fc_result_request_tag[9]
    SLICE_X33Y118        LUT6 (Prop_C6LUT_SLICEL_I1_O)
                                                      0.221     1.198 r  u_graph_dma/u_descriptor_bridge/cfg_n_base_q[12]_i_10/O
                         net (fo=2, routed)           0.235     1.433    u_graph_dma/u_graph_data/u_graph/u_compute/u_fc/u_controller/lopt_2
    SLICE_X36Y118        LUT6 (Prop_B6LUT_SLICEL_I1_O)
                                                      0.058     1.491 r  u_graph_dma/u_graph_data/u_graph/u_compute/u_fc/u_controller/i_2_LOPT_REMAP/O
                         net (fo=1, routed)           0.051     1.542    u_graph_dma/u_graph_data/u_graph/u_compute/u_fc/u_controller/i_2/O_n
    SLICE_X36Y118        LUT6 (Prop_E6LUT_SLICEL_I2_O)
                                                      0.057     1.599 r  u_graph_dma/u_graph_data/u_graph/u_compute/u_fc/u_controller/i_0_LOPT_REMAP/O
                         net (fo=14, routed)          0.281     1.880    u_graph_dma/u_graph_data/u_graph/u_compute/u_fc/u_controller/transfer_complete_error_reg
    SLICE_X40Y119        LUT5 (Prop_C6LUT_SLICEM_I2_O)
                                                      0.080     1.960 f  u_graph_dma/u_graph_data/u_graph/u_compute/u_fc/u_controller/cfg_n_base_q[12]_i_1/O
                         net (fo=16, routed)          0.063     2.023    u_graph_dma/u_graph_data/u_graph/u_compute/u_shared/u_output_slice/u_requant/cfg_valid0
    SLICE_X40Y119        LUT6 (Prop_D6LUT_SLICEM_I1_O)
                                                      0.056     2.079 f  u_graph_dma/u_graph_data/u_graph/u_compute/u_shared/u_output_slice/u_requant/resident_n_lane_mask[5]_i_7/O
                         net (fo=4, routed)           0.054     2.133    u_graph_dma/u_graph_data/u_graph/u_compute/u_shared/u_output_slice/u_partial_sum_bank/cfg_fire
    SLICE_X40Y119        LUT6 (Prop_B6LUT_SLICEM_I1_O)
                                                      0.082     2.215 r  u_graph_dma/u_graph_data/u_graph/u_compute/u_shared/u_output_slice/u_partial_sum_bank/resident_n_lane_mask[5]_i_8/O
                         net (fo=5, routed)           0.289     2.503    u_graph_dma/u_graph_data/u_graph/u_compute/u_shared/u_output_slice/u_partial_sum_bank/bank_state_reg[0]_1
    SLICE_X42Y120        LUT6 (Prop_H6LUT_SLICEL_I1_O)
                                                      0.083     2.586 r  u_graph_dma/u_graph_data/u_graph/u_compute/u_shared/u_output_slice/u_partial_sum_bank/active_weight_context_tag_q[15]_i_6/O
                         net (fo=2, routed)           0.177     2.763    u_graph_dma/u_graph_data/u_graph/u_compute/u_rs/u_datapath/u_dma_fed_datapath/u_datapath/u_core/u_weight_bank/rs_shared_chunk_ready
    SLICE_X42Y125        LUT6 (Prop_E6LUT_SLICEL_I4_O)
                                                      0.057     2.820 r  u_graph_dma/u_graph_data/u_graph/u_compute/u_rs/u_datapath/u_dma_fed_datapath/u_datapath/u_core/u_weight_bank/active_weight_context_tag_q[15]_i_1_replica/O
                         net (fo=1, routed)           0.176     2.996    u_graph_dma/u_graph_data/u_graph/u_compute/u_rs/u_datapath/u_dma_fed_datapath/u_datapath/u_core/u_feeder/E[0]_repN_alias
    SLICE_X42Y131        LUT4 (Prop_B6LUT_SLICEL_I0_O)
                                                      0.058     3.054 r  u_graph_dma/u_graph_data/u_graph/u_compute/u_rs/u_datapath/u_dma_fed_datapath/u_datapath/u_core/u_feeder/output_w_q[7]_i_1/O
                         net (fo=67, routed)          0.357     3.411    u_graph_dma/u_graph_data/u_graph/u_compute/u_rs/u_datapath/u_dma_fed_datapath/u_datapath/u_core/u_feeder/frame_fire
    SLICE_X43Y148        LUT2 (Prop_A6LUT_SLICEM_I0_O)
                                                      0.058     3.469 r  u_graph_dma/u_graph_data/u_graph/u_compute/u_rs/u_datapath/u_dma_fed_datapath/u_datapath/u_core/u_feeder/group_count_q[3]_i_1/O
                         net (fo=11, routed)          0.558     4.027    u_graph_dma/u_graph_data/u_graph/u_compute/u_rs/u_datapath/u_dma_fed_datapath/u_datapath/u_core/u_feeder/state_q_reg[1]_0
    SLICE_X47Y171        LUT6 (Prop_G6LUT_SLICEL_I1_O)
                                                      0.057     4.084 r  u_graph_dma/u_graph_data/u_graph/u_compute/u_rs/u_datapath/u_dma_fed_datapath/u_datapath/u_core/u_feeder/pixel_q[0][63]_i_2/O
                         net (fo=519, routed)         0.223     4.307    u_graph_dma/u_graph_data/u_graph/u_compute/u_rs/u_datapath/u_dma_fed_datapath/u_datapath/u_core/u_feeder/pixel_q
    SLICE_X47Y170        LUT5 (Prop_A6LUT_SLICEL_I4_O)
                                                      0.058     4.365 r  u_graph_dma/u_graph_data/u_graph/u_compute/u_rs/u_datapath/u_dma_fed_datapath/u_datapath/u_core/u_feeder/pixel_q[5][63]_i_1/O
                         net (fo=64, routed)          0.428     4.794    u_graph_dma/u_graph_data/u_graph/u_compute/u_rs/u_datapath/u_dma_fed_datapath/u_datapath/u_core/u_feeder/pixel_q[5][63]_i_1_n_0
    SLICE_X48Y166        FDRE                                         r  u_graph_dma/u_graph_data/u_graph/u_compute/u_rs/u_datapath/u_dma_fed_datapath/u_datapath/u_core/u_feeder/pixel_q_reg[5][16]/R
  -------------------------------------------------------------------    -------------------

                         (clock aclk rise edge)       5.000     5.000 r  
                                                      0.000     5.000 r  aclk (IN)
                         net (fo=15333, unset)        0.029     5.029    u_graph_dma/u_graph_data/u_graph/u_compute/u_rs/u_datapath/u_dma_fed_datapath/u_datapath/u_core/u_feeder/aclk
    SLICE_X48Y166        FDRE                                         r  u_graph_dma/u_graph_data/u_graph/u_compute/u_rs/u_datapath/u_dma_fed_datapath/u_datapath/u_core/u_feeder/pixel_q_reg[5][16]/C
                         clock pessimism              0.000     5.029    
                         clock uncertainty           -0.035     4.994    
    SLICE_X48Y166        FDRE (Setup_CFF_SLICEL_C_R)
                                                     -0.118     4.876    u_graph_dma/u_graph_data/u_graph/u_compute/u_rs/u_datapath/u_dma_fed_datapath/u_datapath/u_core/u_feeder/pixel_q_reg[5][16]
  -------------------------------------------------------------------
                         required time                          4.876    
                         arrival time                          -4.794    
  -------------------------------------------------------------------
                         slack                                  0.082    

Slack (MET) :             0.082ns  (required time - arrival time)
  Source:                 u_graph_dma/u_graph_data/u_graph/u_compute/u_fc/u_controller/n_base_q_reg[7]/C
                            (rising edge-triggered cell FDRE clocked by aclk  {rise@0.000ns fall@2.500ns period=5.000ns})
  Destination:            u_graph_dma/u_graph_data/u_graph/u_compute/u_rs/u_datapath/u_dma_fed_datapath/u_datapath/u_core/u_feeder/pixel_q_reg[5][19]/R
                            (rising edge-triggered cell FDRE clocked by aclk  {rise@0.000ns fall@2.500ns period=5.000ns})
  Path Group:             aclk
  Path Type:              Setup (Max at Slow Process Corner)
  Requirement:            5.000ns  (aclk rise@5.000ns - aclk rise@0.000ns)
  Data Path Delay:        4.752ns  (logic 1.522ns (32.030%)  route 3.230ns (67.970%))
  Logic Levels:           15  (CARRY8=2 LUT2=2 LUT4=1 LUT5=2 LUT6=8)
  Clock Path Skew:        -0.013ns (DCD - SCD + CPR)
    Destination Clock Delay (DCD):    0.029ns = ( 5.029 - 5.000 ) 
    Source Clock Delay      (SCD):    0.042ns
    Clock Pessimism Removal (CPR):    0.000ns
  Clock Uncertainty:      0.035ns  ((TSJ^2 + TIJ^2)^1/2 + DJ) / 2 + PE
    Total System Jitter     (TSJ):    0.071ns
    Total Input Jitter      (TIJ):    0.000ns
    Discrete Jitter          (DJ):    0.000ns
    Phase Error              (PE):    0.000ns

    Location             Delay type                Incr(ns)  Path(ns)    Netlist Resource(s)
  -------------------------------------------------------------------    -------------------
                         (clock aclk rise edge)       0.000     0.000 r  
                                                      0.000     0.000 r  aclk (IN)
                         net (fo=15333, unset)        0.042     0.042    u_graph_dma/u_graph_data/u_graph/u_compute/u_fc/u_controller/aclk
    SLICE_X33Y115        FDRE                                         r  u_graph_dma/u_graph_data/u_graph/u_compute/u_fc/u_controller/n_base_q_reg[7]/C
  -------------------------------------------------------------------    -------------------
    SLICE_X33Y115        FDRE (Prop_HFF_SLICEL_C_Q)
                                                      0.113     0.155 r  u_graph_dma/u_graph_data/u_graph/u_compute/u_fc/u_controller/n_base_q_reg[7]/Q
                         net (fo=10, routed)          0.130     0.285    u_graph_dma/u_graph_data/u_graph/u_compute/u_fc/u_controller/n_base_q_reg[12]_0[4]
    SLICE_X33Y116        LUT2 (Prop_E6LUT_SLICEL_I1_O)
                                                      0.138     0.423 r  u_graph_dma/u_graph_data/u_graph/u_compute/u_fc/u_controller/request_q[context_tag][0]_i_5/O
                         net (fo=1, routed)           0.011     0.434    u_graph_dma/u_graph_data/u_graph/u_compute/u_fc/u_controller/request_q[context_tag][0]_i_5_n_0
    SLICE_X33Y116        CARRY8 (Prop_CARRY8_SLICEL_S[4]_CO[7])
                                                      0.232     0.666 r  u_graph_dma/u_graph_data/u_graph/u_compute/u_fc/u_controller/request_q_reg[context_tag][0]_i_1/CO[7]
                         net (fo=1, routed)           0.030     0.696    u_graph_dma/u_graph_data/u_graph/u_compute/u_fc/u_controller/request_q_reg[context_tag][0]_i_1_n_0
    SLICE_X33Y117        CARRY8 (Prop_CARRY8_SLICEL_CI_O[1])
                                                      0.114     0.810 r  u_graph_dma/u_graph_data/u_graph/u_compute/u_fc/u_controller/request_q_reg[context_tag][8]_i_1/O[1]
                         net (fo=3, routed)           0.167     0.977    u_graph_dma/u_descriptor_bridge/fc_result_request_tag[9]
    SLICE_X33Y118        LUT6 (Prop_C6LUT_SLICEL_I1_O)
                                                      0.221     1.198 r  u_graph_dma/u_descriptor_bridge/cfg_n_base_q[12]_i_10/O
                         net (fo=2, routed)           0.235     1.433    u_graph_dma/u_graph_data/u_graph/u_compute/u_fc/u_controller/lopt_2
    SLICE_X36Y118        LUT6 (Prop_B6LUT_SLICEL_I1_O)
                                                      0.058     1.491 r  u_graph_dma/u_graph_data/u_graph/u_compute/u_fc/u_controller/i_2_LOPT_REMAP/O
                         net (fo=1, routed)           0.051     1.542    u_graph_dma/u_graph_data/u_graph/u_compute/u_fc/u_controller/i_2/O_n
    SLICE_X36Y118        LUT6 (Prop_E6LUT_SLICEL_I2_O)
                                                      0.057     1.599 r  u_graph_dma/u_graph_data/u_graph/u_compute/u_fc/u_controller/i_0_LOPT_REMAP/O
                         net (fo=14, routed)          0.281     1.880    u_graph_dma/u_graph_data/u_graph/u_compute/u_fc/u_controller/transfer_complete_error_reg
    SLICE_X40Y119        LUT5 (Prop_C6LUT_SLICEM_I2_O)
                                                      0.080     1.960 f  u_graph_dma/u_graph_data/u_graph/u_compute/u_fc/u_controller/cfg_n_base_q[12]_i_1/O
                         net (fo=16, routed)          0.063     2.023    u_graph_dma/u_graph_data/u_graph/u_compute/u_shared/u_output_slice/u_requant/cfg_valid0
    SLICE_X40Y119        LUT6 (Prop_D6LUT_SLICEM_I1_O)
                                                      0.056     2.079 f  u_graph_dma/u_graph_data/u_graph/u_compute/u_shared/u_output_slice/u_requant/resident_n_lane_mask[5]_i_7/O
                         net (fo=4, routed)           0.054     2.133    u_graph_dma/u_graph_data/u_graph/u_compute/u_shared/u_output_slice/u_partial_sum_bank/cfg_fire
    SLICE_X40Y119        LUT6 (Prop_B6LUT_SLICEM_I1_O)
                                                      0.082     2.215 r  u_graph_dma/u_graph_data/u_graph/u_compute/u_shared/u_output_slice/u_partial_sum_bank/resident_n_lane_mask[5]_i_8/O
                         net (fo=5, routed)           0.289     2.503    u_graph_dma/u_graph_data/u_graph/u_compute/u_shared/u_output_slice/u_partial_sum_bank/bank_state_reg[0]_1
    SLICE_X42Y120        LUT6 (Prop_H6LUT_SLICEL_I1_O)
                                                      0.083     2.586 r  u_graph_dma/u_graph_data/u_graph/u_compute/u_shared/u_output_slice/u_partial_sum_bank/active_weight_context_tag_q[15]_i_6/O
                         net (fo=2, routed)           0.177     2.763    u_graph_dma/u_graph_data/u_graph/u_compute/u_rs/u_datapath/u_dma_fed_datapath/u_datapath/u_core/u_weight_bank/rs_shared_chunk_ready
    SLICE_X42Y125        LUT6 (Prop_E6LUT_SLICEL_I4_O)
                                                      0.057     2.820 r  u_graph_dma/u_graph_data/u_graph/u_compute/u_rs/u_datapath/u_dma_fed_datapath/u_datapath/u_core/u_weight_bank/active_weight_context_tag_q[15]_i_1_replica/O
                         net (fo=1, routed)           0.176     2.996    u_graph_dma/u_graph_data/u_graph/u_compute/u_rs/u_datapath/u_dma_fed_datapath/u_datapath/u_core/u_feeder/E[0]_repN_alias
    SLICE_X42Y131        LUT4 (Prop_B6LUT_SLICEL_I0_O)
                                                      0.058     3.054 r  u_graph_dma/u_graph_data/u_graph/u_compute/u_rs/u_datapath/u_dma_fed_datapath/u_datapath/u_core/u_feeder/output_w_q[7]_i_1/O
                         net (fo=67, routed)          0.357     3.411    u_graph_dma/u_graph_data/u_graph/u_compute/u_rs/u_datapath/u_dma_fed_datapath/u_datapath/u_core/u_feeder/frame_fire
    SLICE_X43Y148        LUT2 (Prop_A6LUT_SLICEM_I0_O)
                                                      0.058     3.469 r  u_graph_dma/u_graph_data/u_graph/u_compute/u_rs/u_datapath/u_dma_fed_datapath/u_datapath/u_core/u_feeder/group_count_q[3]_i_1/O
                         net (fo=11, routed)          0.558     4.027    u_graph_dma/u_graph_data/u_graph/u_compute/u_rs/u_datapath/u_dma_fed_datapath/u_datapath/u_core/u_feeder/state_q_reg[1]_0
    SLICE_X47Y171        LUT6 (Prop_G6LUT_SLICEL_I1_O)
                                                      0.057     4.084 r  u_graph_dma/u_graph_data/u_graph/u_compute/u_rs/u_datapath/u_dma_fed_datapath/u_datapath/u_core/u_feeder/pixel_q[0][63]_i_2/O
                         net (fo=519, routed)         0.223     4.307    u_graph_dma/u_graph_data/u_graph/u_compute/u_rs/u_datapath/u_dma_fed_datapath/u_datapath/u_core/u_feeder/pixel_q
    SLICE_X47Y170        LUT5 (Prop_A6LUT_SLICEL_I4_O)
                                                      0.058     4.365 r  u_graph_dma/u_graph_data/u_graph/u_compute/u_rs/u_datapath/u_dma_fed_datapath/u_datapath/u_core/u_feeder/pixel_q[5][63]_i_1/O
                         net (fo=64, routed)          0.428     4.794    u_graph_dma/u_graph_data/u_graph/u_compute/u_rs/u_datapath/u_dma_fed_datapath/u_datapath/u_core/u_feeder/pixel_q[5][63]_i_1_n_0
    SLICE_X48Y166        FDRE                                         r  u_graph_dma/u_graph_data/u_graph/u_compute/u_rs/u_datapath/u_dma_fed_datapath/u_datapath/u_core/u_feeder/pixel_q_reg[5][19]/R
  -------------------------------------------------------------------    -------------------

                         (clock aclk rise edge)       5.000     5.000 r  
                                                      0.000     5.000 r  aclk (IN)
                         net (fo=15333, unset)        0.029     5.029    u_graph_dma/u_graph_data/u_graph/u_compute/u_rs/u_datapath/u_dma_fed_datapath/u_datapath/u_core/u_feeder/aclk
    SLICE_X48Y166        FDRE                                         r  u_graph_dma/u_graph_data/u_graph/u_compute/u_rs/u_datapath/u_dma_fed_datapath/u_datapath/u_core/u_feeder/pixel_q_reg[5][19]/C
                         clock pessimism              0.000     5.029    
                         clock uncertainty           -0.035     4.994    
    SLICE_X48Y166        FDRE (Setup_DFF2_SLICEL_C_R)
                                                     -0.118     4.876    u_graph_dma/u_graph_data/u_graph/u_compute/u_rs/u_datapath/u_dma_fed_datapath/u_datapath/u_core/u_feeder/pixel_q_reg[5][19]
  -------------------------------------------------------------------
                         required time                          4.876    
                         arrival time                          -4.794    
  -------------------------------------------------------------------
                         slack                                  0.082    

Slack (MET) :             0.082ns  (required time - arrival time)
  Source:                 u_graph_dma/u_graph_data/u_graph/u_compute/u_fc/u_controller/n_base_q_reg[7]/C
                            (rising edge-triggered cell FDRE clocked by aclk  {rise@0.000ns fall@2.500ns period=5.000ns})
  Destination:            u_graph_dma/u_graph_data/u_graph/u_compute/u_rs/u_datapath/u_dma_fed_datapath/u_datapath/u_core/u_feeder/pixel_q_reg[5][23]/R
                            (rising edge-triggered cell FDRE clocked by aclk  {rise@0.000ns fall@2.500ns period=5.000ns})
  Path Group:             aclk
  Path Type:              Setup (Max at Slow Process Corner)
  Requirement:            5.000ns  (aclk rise@5.000ns - aclk rise@0.000ns)
  Data Path Delay:        4.752ns  (logic 1.522ns (32.030%)  route 3.230ns (67.970%))
  Logic Levels:           15  (CARRY8=2 LUT2=2 LUT4=1 LUT5=2 LUT6=8)
  Clock Path Skew:        -0.013ns (DCD - SCD + CPR)
    Destination Clock Delay (DCD):    0.029ns = ( 5.029 - 5.000 ) 
    Source Clock Delay      (SCD):    0.042ns
    Clock Pessimism Removal (CPR):    0.000ns
  Clock Uncertainty:      0.035ns  ((TSJ^2 + TIJ^2)^1/2 + DJ) / 2 + PE
    Total System Jitter     (TSJ):    0.071ns
    Total Input Jitter      (TIJ):    0.000ns
    Discrete Jitter          (DJ):    0.000ns
    Phase Error              (PE):    0.000ns

    Location             Delay type                Incr(ns)  Path(ns)    Netlist Resource(s)
  -------------------------------------------------------------------    -------------------
                         (clock aclk rise edge)       0.000     0.000 r  
                                                      0.000     0.000 r  aclk (IN)
                         net (fo=15333, unset)        0.042     0.042    u_graph_dma/u_graph_data/u_graph/u_compute/u_fc/u_controller/aclk
    SLICE_X33Y115        FDRE                                         r  u_graph_dma/u_graph_data/u_graph/u_compute/u_fc/u_controller/n_base_q_reg[7]/C
  -------------------------------------------------------------------    -------------------
    SLICE_X33Y115        FDRE (Prop_HFF_SLICEL_C_Q)
                                                      0.113     0.155 r  u_graph_dma/u_graph_data/u_graph/u_compute/u_fc/u_controller/n_base_q_reg[7]/Q
                         net (fo=10, routed)          0.130     0.285    u_graph_dma/u_graph_data/u_graph/u_compute/u_fc/u_controller/n_base_q_reg[12]_0[4]
    SLICE_X33Y116        LUT2 (Prop_E6LUT_SLICEL_I1_O)
                                                      0.138     0.423 r  u_graph_dma/u_graph_data/u_graph/u_compute/u_fc/u_controller/request_q[context_tag][0]_i_5/O
                         net (fo=1, routed)           0.011     0.434    u_graph_dma/u_graph_data/u_graph/u_compute/u_fc/u_controller/request_q[context_tag][0]_i_5_n_0
    SLICE_X33Y116        CARRY8 (Prop_CARRY8_SLICEL_S[4]_CO[7])
                                                      0.232     0.666 r  u_graph_dma/u_graph_data/u_graph/u_compute/u_fc/u_controller/request_q_reg[context_tag][0]_i_1/CO[7]
                         net (fo=1, routed)           0.030     0.696    u_graph_dma/u_graph_data/u_graph/u_compute/u_fc/u_controller/request_q_reg[context_tag][0]_i_1_n_0
    SLICE_X33Y117        CARRY8 (Prop_CARRY8_SLICEL_CI_O[1])
                                                      0.114     0.810 r  u_graph_dma/u_graph_data/u_graph/u_compute/u_fc/u_controller/request_q_reg[context_tag][8]_i_1/O[1]
                         net (fo=3, routed)           0.167     0.977    u_graph_dma/u_descriptor_bridge/fc_result_request_tag[9]
    SLICE_X33Y118        LUT6 (Prop_C6LUT_SLICEL_I1_O)
                                                      0.221     1.198 r  u_graph_dma/u_descriptor_bridge/cfg_n_base_q[12]_i_10/O
                         net (fo=2, routed)           0.235     1.433    u_graph_dma/u_graph_data/u_graph/u_compute/u_fc/u_controller/lopt_2
    SLICE_X36Y118        LUT6 (Prop_B6LUT_SLICEL_I1_O)
                                                      0.058     1.491 r  u_graph_dma/u_graph_data/u_graph/u_compute/u_fc/u_controller/i_2_LOPT_REMAP/O
                         net (fo=1, routed)           0.051     1.542    u_graph_dma/u_graph_data/u_graph/u_compute/u_fc/u_controller/i_2/O_n
    SLICE_X36Y118        LUT6 (Prop_E6LUT_SLICEL_I2_O)
                                                      0.057     1.599 r  u_graph_dma/u_graph_data/u_graph/u_compute/u_fc/u_controller/i_0_LOPT_REMAP/O
                         net (fo=14, routed)          0.281     1.880    u_graph_dma/u_graph_data/u_graph/u_compute/u_fc/u_controller/transfer_complete_error_reg
    SLICE_X40Y119        LUT5 (Prop_C6LUT_SLICEM_I2_O)
                                                      0.080     1.960 f  u_graph_dma/u_graph_data/u_graph/u_compute/u_fc/u_controller/cfg_n_base_q[12]_i_1/O
                         net (fo=16, routed)          0.063     2.023    u_graph_dma/u_graph_data/u_graph/u_compute/u_shared/u_output_slice/u_requant/cfg_valid0
    SLICE_X40Y119        LUT6 (Prop_D6LUT_SLICEM_I1_O)
                                                      0.056     2.079 f  u_graph_dma/u_graph_data/u_graph/u_compute/u_shared/u_output_slice/u_requant/resident_n_lane_mask[5]_i_7/O
                         net (fo=4, routed)           0.054     2.133    u_graph_dma/u_graph_data/u_graph/u_compute/u_shared/u_output_slice/u_partial_sum_bank/cfg_fire
    SLICE_X40Y119        LUT6 (Prop_B6LUT_SLICEM_I1_O)
                                                      0.082     2.215 r  u_graph_dma/u_graph_data/u_graph/u_compute/u_shared/u_output_slice/u_partial_sum_bank/resident_n_lane_mask[5]_i_8/O
                         net (fo=5, routed)           0.289     2.503    u_graph_dma/u_graph_data/u_graph/u_compute/u_shared/u_output_slice/u_partial_sum_bank/bank_state_reg[0]_1
    SLICE_X42Y120        LUT6 (Prop_H6LUT_SLICEL_I1_O)
                                                      0.083     2.586 r  u_graph_dma/u_graph_data/u_graph/u_compute/u_shared/u_output_slice/u_partial_sum_bank/active_weight_context_tag_q[15]_i_6/O
                         net (fo=2, routed)           0.177     2.763    u_graph_dma/u_graph_data/u_graph/u_compute/u_rs/u_datapath/u_dma_fed_datapath/u_datapath/u_core/u_weight_bank/rs_shared_chunk_ready
    SLICE_X42Y125        LUT6 (Prop_E6LUT_SLICEL_I4_O)
                                                      0.057     2.820 r  u_graph_dma/u_graph_data/u_graph/u_compute/u_rs/u_datapath/u_dma_fed_datapath/u_datapath/u_core/u_weight_bank/active_weight_context_tag_q[15]_i_1_replica/O
                         net (fo=1, routed)           0.176     2.996    u_graph_dma/u_graph_data/u_graph/u_compute/u_rs/u_datapath/u_dma_fed_datapath/u_datapath/u_core/u_feeder/E[0]_repN_alias
    SLICE_X42Y131        LUT4 (Prop_B6LUT_SLICEL_I0_O)
                                                      0.058     3.054 r  u_graph_dma/u_graph_data/u_graph/u_compute/u_rs/u_datapath/u_dma_fed_datapath/u_datapath/u_core/u_feeder/output_w_q[7]_i_1/O
                         net (fo=67, routed)          0.357     3.411    u_graph_dma/u_graph_data/u_graph/u_compute/u_rs/u_datapath/u_dma_fed_datapath/u_datapath/u_core/u_feeder/frame_fire
    SLICE_X43Y148        LUT2 (Prop_A6LUT_SLICEM_I0_O)
                                                      0.058     3.469 r  u_graph_dma/u_graph_data/u_graph/u_compute/u_rs/u_datapath/u_dma_fed_datapath/u_datapath/u_core/u_feeder/group_count_q[3]_i_1/O
                         net (fo=11, routed)          0.558     4.027    u_graph_dma/u_graph_data/u_graph/u_compute/u_rs/u_datapath/u_dma_fed_datapath/u_datapath/u_core/u_feeder/state_q_reg[1]_0
    SLICE_X47Y171        LUT6 (Prop_G6LUT_SLICEL_I1_O)
                                                      0.057     4.084 r  u_graph_dma/u_graph_data/u_graph/u_compute/u_rs/u_datapath/u_dma_fed_datapath/u_datapath/u_core/u_feeder/pixel_q[0][63]_i_2/O
                         net (fo=519, routed)         0.223     4.307    u_graph_dma/u_graph_data/u_graph/u_compute/u_rs/u_datapath/u_dma_fed_datapath/u_datapath/u_core/u_feeder/pixel_q
    SLICE_X47Y170        LUT5 (Prop_A6LUT_SLICEL_I4_O)
                                                      0.058     4.365 r  u_graph_dma/u_graph_data/u_graph/u_compute/u_rs/u_datapath/u_dma_fed_datapath/u_datapath/u_core/u_feeder/pixel_q[5][63]_i_1/O
                         net (fo=64, routed)          0.428     4.794    u_graph_dma/u_graph_data/u_graph/u_compute/u_rs/u_datapath/u_dma_fed_datapath/u_datapath/u_core/u_feeder/pixel_q[5][63]_i_1_n_0
    SLICE_X48Y166        FDRE                                         r  u_graph_dma/u_graph_data/u_graph/u_compute/u_rs/u_datapath/u_dma_fed_datapath/u_datapath/u_core/u_feeder/pixel_q_reg[5][23]/R
  -------------------------------------------------------------------    -------------------

                         (clock aclk rise edge)       5.000     5.000 r  
                                                      0.000     5.000 r  aclk (IN)
                         net (fo=15333, unset)        0.029     5.029    u_graph_dma/u_graph_data/u_graph/u_compute/u_rs/u_datapath/u_dma_fed_datapath/u_datapath/u_core/u_feeder/aclk
    SLICE_X48Y166        FDRE                                         r  u_graph_dma/u_graph_data/u_graph/u_compute/u_rs/u_datapath/u_dma_fed_datapath/u_datapath/u_core/u_feeder/pixel_q_reg[5][23]/C
                         clock pessimism              0.000     5.029    
                         clock uncertainty           -0.035     4.994    
    SLICE_X48Y166        FDRE (Setup_AFF_SLICEL_C_R)
                                                     -0.118     4.876    u_graph_dma/u_graph_data/u_graph/u_compute/u_rs/u_datapath/u_dma_fed_datapath/u_datapath/u_core/u_feeder/pixel_q_reg[5][23]
  -------------------------------------------------------------------
                         required time                          4.876    
                         arrival time                          -4.794    
  -------------------------------------------------------------------
                         slack                                  0.082    

Slack (MET) :             0.082ns  (required time - arrival time)
  Source:                 u_graph_dma/u_graph_data/u_graph/u_compute/u_fc/u_controller/n_base_q_reg[7]/C
                            (rising edge-triggered cell FDRE clocked by aclk  {rise@0.000ns fall@2.500ns period=5.000ns})
  Destination:            u_graph_dma/u_graph_data/u_graph/u_compute/u_rs/u_datapath/u_dma_fed_datapath/u_datapath/u_core/u_feeder/pixel_q_reg[5][49]/R
                            (rising edge-triggered cell FDRE clocked by aclk  {rise@0.000ns fall@2.500ns period=5.000ns})
  Path Group:             aclk
  Path Type:              Setup (Max at Slow Process Corner)
  Requirement:            5.000ns  (aclk rise@5.000ns - aclk rise@0.000ns)
  Data Path Delay:        4.752ns  (logic 1.522ns (32.030%)  route 3.230ns (67.970%))
  Logic Levels:           15  (CARRY8=2 LUT2=2 LUT4=1 LUT5=2 LUT6=8)
  Clock Path Skew:        -0.013ns (DCD - SCD + CPR)
    Destination Clock Delay (DCD):    0.029ns = ( 5.029 - 5.000 ) 
    Source Clock Delay      (SCD):    0.042ns
    Clock Pessimism Removal (CPR):    0.000ns
  Clock Uncertainty:      0.035ns  ((TSJ^2 + TIJ^2)^1/2 + DJ) / 2 + PE
    Total System Jitter     (TSJ):    0.071ns
    Total Input Jitter      (TIJ):    0.000ns
    Discrete Jitter          (DJ):    0.000ns
    Phase Error              (PE):    0.000ns

    Location             Delay type                Incr(ns)  Path(ns)    Netlist Resource(s)
  -------------------------------------------------------------------    -------------------
                         (clock aclk rise edge)       0.000     0.000 r  
                                                      0.000     0.000 r  aclk (IN)
                         net (fo=15333, unset)        0.042     0.042    u_graph_dma/u_graph_data/u_graph/u_compute/u_fc/u_controller/aclk
    SLICE_X33Y115        FDRE                                         r  u_graph_dma/u_graph_data/u_graph/u_compute/u_fc/u_controller/n_base_q_reg[7]/C
  -------------------------------------------------------------------    -------------------
    SLICE_X33Y115        FDRE (Prop_HFF_SLICEL_C_Q)
                                                      0.113     0.155 r  u_graph_dma/u_graph_data/u_graph/u_compute/u_fc/u_controller/n_base_q_reg[7]/Q
                         net (fo=10, routed)          0.130     0.285    u_graph_dma/u_graph_data/u_graph/u_compute/u_fc/u_controller/n_base_q_reg[12]_0[4]
    SLICE_X33Y116        LUT2 (Prop_E6LUT_SLICEL_I1_O)
                                                      0.138     0.423 r  u_graph_dma/u_graph_data/u_graph/u_compute/u_fc/u_controller/request_q[context_tag][0]_i_5/O
                         net (fo=1, routed)           0.011     0.434    u_graph_dma/u_graph_data/u_graph/u_compute/u_fc/u_controller/request_q[context_tag][0]_i_5_n_0
    SLICE_X33Y116        CARRY8 (Prop_CARRY8_SLICEL_S[4]_CO[7])
                                                      0.232     0.666 r  u_graph_dma/u_graph_data/u_graph/u_compute/u_fc/u_controller/request_q_reg[context_tag][0]_i_1/CO[7]
                         net (fo=1, routed)           0.030     0.696    u_graph_dma/u_graph_data/u_graph/u_compute/u_fc/u_controller/request_q_reg[context_tag][0]_i_1_n_0
    SLICE_X33Y117        CARRY8 (Prop_CARRY8_SLICEL_CI_O[1])
                                                      0.114     0.810 r  u_graph_dma/u_graph_data/u_graph/u_compute/u_fc/u_controller/request_q_reg[context_tag][8]_i_1/O[1]
                         net (fo=3, routed)           0.167     0.977    u_graph_dma/u_descriptor_bridge/fc_result_request_tag[9]
    SLICE_X33Y118        LUT6 (Prop_C6LUT_SLICEL_I1_O)
                                                      0.221     1.198 r  u_graph_dma/u_descriptor_bridge/cfg_n_base_q[12]_i_10/O
                         net (fo=2, routed)           0.235     1.433    u_graph_dma/u_graph_data/u_graph/u_compute/u_fc/u_controller/lopt_2
    SLICE_X36Y118        LUT6 (Prop_B6LUT_SLICEL_I1_O)
                                                      0.058     1.491 r  u_graph_dma/u_graph_data/u_graph/u_compute/u_fc/u_controller/i_2_LOPT_REMAP/O
                         net (fo=1, routed)           0.051     1.542    u_graph_dma/u_graph_data/u_graph/u_compute/u_fc/u_controller/i_2/O_n
    SLICE_X36Y118        LUT6 (Prop_E6LUT_SLICEL_I2_O)
                                                      0.057     1.599 r  u_graph_dma/u_graph_data/u_graph/u_compute/u_fc/u_controller/i_0_LOPT_REMAP/O
                         net (fo=14, routed)          0.281     1.880    u_graph_dma/u_graph_data/u_graph/u_compute/u_fc/u_controller/transfer_complete_error_reg
    SLICE_X40Y119        LUT5 (Prop_C6LUT_SLICEM_I2_O)
                                                      0.080     1.960 f  u_graph_dma/u_graph_data/u_graph/u_compute/u_fc/u_controller/cfg_n_base_q[12]_i_1/O
                         net (fo=16, routed)          0.063     2.023    u_graph_dma/u_graph_data/u_graph/u_compute/u_shared/u_output_slice/u_requant/cfg_valid0
    SLICE_X40Y119        LUT6 (Prop_D6LUT_SLICEM_I1_O)
                                                      0.056     2.079 f  u_graph_dma/u_graph_data/u_graph/u_compute/u_shared/u_output_slice/u_requant/resident_n_lane_mask[5]_i_7/O
                         net (fo=4, routed)           0.054     2.133    u_graph_dma/u_graph_data/u_graph/u_compute/u_shared/u_output_slice/u_partial_sum_bank/cfg_fire
    SLICE_X40Y119        LUT6 (Prop_B6LUT_SLICEM_I1_O)
                                                      0.082     2.215 r  u_graph_dma/u_graph_data/u_graph/u_compute/u_shared/u_output_slice/u_partial_sum_bank/resident_n_lane_mask[5]_i_8/O
                         net (fo=5, routed)           0.289     2.503    u_graph_dma/u_graph_data/u_graph/u_compute/u_shared/u_output_slice/u_partial_sum_bank/bank_state_reg[0]_1
    SLICE_X42Y120        LUT6 (Prop_H6LUT_SLICEL_I1_O)
                                                      0.083     2.586 r  u_graph_dma/u_graph_data/u_graph/u_compute/u_shared/u_output_slice/u_partial_sum_bank/active_weight_context_tag_q[15]_i_6/O
                         net (fo=2, routed)           0.177     2.763    u_graph_dma/u_graph_data/u_graph/u_compute/u_rs/u_datapath/u_dma_fed_datapath/u_datapath/u_core/u_weight_bank/rs_shared_chunk_ready
    SLICE_X42Y125        LUT6 (Prop_E6LUT_SLICEL_I4_O)
                                                      0.057     2.820 r  u_graph_dma/u_graph_data/u_graph/u_compute/u_rs/u_datapath/u_dma_fed_datapath/u_datapath/u_core/u_weight_bank/active_weight_context_tag_q[15]_i_1_replica/O
                         net (fo=1, routed)           0.176     2.996    u_graph_dma/u_graph_data/u_graph/u_compute/u_rs/u_datapath/u_dma_fed_datapath/u_datapath/u_core/u_feeder/E[0]_repN_alias
    SLICE_X42Y131        LUT4 (Prop_B6LUT_SLICEL_I0_O)
                                                      0.058     3.054 r  u_graph_dma/u_graph_data/u_graph/u_compute/u_rs/u_datapath/u_dma_fed_datapath/u_datapath/u_core/u_feeder/output_w_q[7]_i_1/O
                         net (fo=67, routed)          0.357     3.411    u_graph_dma/u_graph_data/u_graph/u_compute/u_rs/u_datapath/u_dma_fed_datapath/u_datapath/u_core/u_feeder/frame_fire
    SLICE_X43Y148        LUT2 (Prop_A6LUT_SLICEM_I0_O)
                                                      0.058     3.469 r  u_graph_dma/u_graph_data/u_graph/u_compute/u_rs/u_datapath/u_dma_fed_datapath/u_datapath/u_core/u_feeder/group_count_q[3]_i_1/O
                         net (fo=11, routed)          0.558     4.027    u_graph_dma/u_graph_data/u_graph/u_compute/u_rs/u_datapath/u_dma_fed_datapath/u_datapath/u_core/u_feeder/state_q_reg[1]_0
    SLICE_X47Y171        LUT6 (Prop_G6LUT_SLICEL_I1_O)
                                                      0.057     4.084 r  u_graph_dma/u_graph_data/u_graph/u_compute/u_rs/u_datapath/u_dma_fed_datapath/u_datapath/u_core/u_feeder/pixel_q[0][63]_i_2/O
                         net (fo=519, routed)         0.223     4.307    u_graph_dma/u_graph_data/u_graph/u_compute/u_rs/u_datapath/u_dma_fed_datapath/u_datapath/u_core/u_feeder/pixel_q
    SLICE_X47Y170        LUT5 (Prop_A6LUT_SLICEL_I4_O)
                                                      0.058     4.365 r  u_graph_dma/u_graph_data/u_graph/u_compute/u_rs/u_datapath/u_dma_fed_datapath/u_datapath/u_core/u_feeder/pixel_q[5][63]_i_1/O
                         net (fo=64, routed)          0.428     4.794    u_graph_dma/u_graph_data/u_graph/u_compute/u_rs/u_datapath/u_dma_fed_datapath/u_datapath/u_core/u_feeder/pixel_q[5][63]_i_1_n_0
    SLICE_X48Y166        FDRE                                         r  u_graph_dma/u_graph_data/u_graph/u_compute/u_rs/u_datapath/u_dma_fed_datapath/u_datapath/u_core/u_feeder/pixel_q_reg[5][49]/R
  -------------------------------------------------------------------    -------------------

                         (clock aclk rise edge)       5.000     5.000 r  
                                                      0.000     5.000 r  aclk (IN)
                         net (fo=15333, unset)        0.029     5.029    u_graph_dma/u_graph_data/u_graph/u_compute/u_rs/u_datapath/u_dma_fed_datapath/u_datapath/u_core/u_feeder/aclk
    SLICE_X48Y166        FDRE                                         r  u_graph_dma/u_graph_data/u_graph/u_compute/u_rs/u_datapath/u_dma_fed_datapath/u_datapath/u_core/u_feeder/pixel_q_reg[5][49]/C
                         clock pessimism              0.000     5.029    
                         clock uncertainty           -0.035     4.994    
    SLICE_X48Y166        FDRE (Setup_AFF2_SLICEL_C_R)
                                                     -0.118     4.876    u_graph_dma/u_graph_data/u_graph/u_compute/u_rs/u_datapath/u_dma_fed_datapath/u_datapath/u_core/u_feeder/pixel_q_reg[5][49]
  -------------------------------------------------------------------
                         required time                          4.876    
                         arrival time                          -4.794    
  -------------------------------------------------------------------
                         slack                                  0.082    

Slack (MET) :             0.082ns  (required time - arrival time)
  Source:                 u_graph_dma/u_graph_data/u_graph/u_compute/u_fc/u_controller/n_base_q_reg[7]/C
                            (rising edge-triggered cell FDRE clocked by aclk  {rise@0.000ns fall@2.500ns period=5.000ns})
  Destination:            u_graph_dma/u_graph_data/u_graph/u_compute/u_rs/u_datapath/u_dma_fed_datapath/u_datapath/u_core/u_feeder/pixel_q_reg[5][51]/R
                            (rising edge-triggered cell FDRE clocked by aclk  {rise@0.000ns fall@2.500ns period=5.000ns})
  Path Group:             aclk
  Path Type:              Setup (Max at Slow Process Corner)
  Requirement:            5.000ns  (aclk rise@5.000ns - aclk rise@0.000ns)
  Data Path Delay:        4.752ns  (logic 1.522ns (32.030%)  route 3.230ns (67.970%))
  Logic Levels:           15  (CARRY8=2 LUT2=2 LUT4=1 LUT5=2 LUT6=8)
  Clock Path Skew:        -0.013ns (DCD - SCD + CPR)
    Destination Clock Delay (DCD):    0.029ns = ( 5.029 - 5.000 ) 
    Source Clock Delay      (SCD):    0.042ns
    Clock Pessimism Removal (CPR):    0.000ns
  Clock Uncertainty:      0.035ns  ((TSJ^2 + TIJ^2)^1/2 + DJ) / 2 + PE
    Total System Jitter     (TSJ):    0.071ns
    Total Input Jitter      (TIJ):    0.000ns
    Discrete Jitter          (DJ):    0.000ns
    Phase Error              (PE):    0.000ns

    Location             Delay type                Incr(ns)  Path(ns)    Netlist Resource(s)
  -------------------------------------------------------------------    -------------------
                         (clock aclk rise edge)       0.000     0.000 r  
                                                      0.000     0.000 r  aclk (IN)
                         net (fo=15333, unset)        0.042     0.042    u_graph_dma/u_graph_data/u_graph/u_compute/u_fc/u_controller/aclk
    SLICE_X33Y115        FDRE                                         r  u_graph_dma/u_graph_data/u_graph/u_compute/u_fc/u_controller/n_base_q_reg[7]/C
  -------------------------------------------------------------------    -------------------
    SLICE_X33Y115        FDRE (Prop_HFF_SLICEL_C_Q)
                                                      0.113     0.155 r  u_graph_dma/u_graph_data/u_graph/u_compute/u_fc/u_controller/n_base_q_reg[7]/Q
                         net (fo=10, routed)          0.130     0.285    u_graph_dma/u_graph_data/u_graph/u_compute/u_fc/u_controller/n_base_q_reg[12]_0[4]
    SLICE_X33Y116        LUT2 (Prop_E6LUT_SLICEL_I1_O)
                                                      0.138     0.423 r  u_graph_dma/u_graph_data/u_graph/u_compute/u_fc/u_controller/request_q[context_tag][0]_i_5/O
                         net (fo=1, routed)           0.011     0.434    u_graph_dma/u_graph_data/u_graph/u_compute/u_fc/u_controller/request_q[context_tag][0]_i_5_n_0
    SLICE_X33Y116        CARRY8 (Prop_CARRY8_SLICEL_S[4]_CO[7])
                                                      0.232     0.666 r  u_graph_dma/u_graph_data/u_graph/u_compute/u_fc/u_controller/request_q_reg[context_tag][0]_i_1/CO[7]
                         net (fo=1, routed)           0.030     0.696    u_graph_dma/u_graph_data/u_graph/u_compute/u_fc/u_controller/request_q_reg[context_tag][0]_i_1_n_0
    SLICE_X33Y117        CARRY8 (Prop_CARRY8_SLICEL_CI_O[1])
                                                      0.114     0.810 r  u_graph_dma/u_graph_data/u_graph/u_compute/u_fc/u_controller/request_q_reg[context_tag][8]_i_1/O[1]
                         net (fo=3, routed)           0.167     0.977    u_graph_dma/u_descriptor_bridge/fc_result_request_tag[9]
    SLICE_X33Y118        LUT6 (Prop_C6LUT_SLICEL_I1_O)
                                                      0.221     1.198 r  u_graph_dma/u_descriptor_bridge/cfg_n_base_q[12]_i_10/O
                         net (fo=2, routed)           0.235     1.433    u_graph_dma/u_graph_data/u_graph/u_compute/u_fc/u_controller/lopt_2
    SLICE_X36Y118        LUT6 (Prop_B6LUT_SLICEL_I1_O)
                                                      0.058     1.491 r  u_graph_dma/u_graph_data/u_graph/u_compute/u_fc/u_controller/i_2_LOPT_REMAP/O
                         net (fo=1, routed)           0.051     1.542    u_graph_dma/u_graph_data/u_graph/u_compute/u_fc/u_controller/i_2/O_n
    SLICE_X36Y118        LUT6 (Prop_E6LUT_SLICEL_I2_O)
                                                      0.057     1.599 r  u_graph_dma/u_graph_data/u_graph/u_compute/u_fc/u_controller/i_0_LOPT_REMAP/O
                         net (fo=14, routed)          0.281     1.880    u_graph_dma/u_graph_data/u_graph/u_compute/u_fc/u_controller/transfer_complete_error_reg
    SLICE_X40Y119        LUT5 (Prop_C6LUT_SLICEM_I2_O)
                                                      0.080     1.960 f  u_graph_dma/u_graph_data/u_graph/u_compute/u_fc/u_controller/cfg_n_base_q[12]_i_1/O
                         net (fo=16, routed)          0.063     2.023    u_graph_dma/u_graph_data/u_graph/u_compute/u_shared/u_output_slice/u_requant/cfg_valid0
    SLICE_X40Y119        LUT6 (Prop_D6LUT_SLICEM_I1_O)
                                                      0.056     2.079 f  u_graph_dma/u_graph_data/u_graph/u_compute/u_shared/u_output_slice/u_requant/resident_n_lane_mask[5]_i_7/O
                         net (fo=4, routed)           0.054     2.133    u_graph_dma/u_graph_data/u_graph/u_compute/u_shared/u_output_slice/u_partial_sum_bank/cfg_fire
    SLICE_X40Y119        LUT6 (Prop_B6LUT_SLICEM_I1_O)
                                                      0.082     2.215 r  u_graph_dma/u_graph_data/u_graph/u_compute/u_shared/u_output_slice/u_partial_sum_bank/resident_n_lane_mask[5]_i_8/O
                         net (fo=5, routed)           0.289     2.503    u_graph_dma/u_graph_data/u_graph/u_compute/u_shared/u_output_slice/u_partial_sum_bank/bank_state_reg[0]_1
    SLICE_X42Y120        LUT6 (Prop_H6LUT_SLICEL_I1_O)
                                                      0.083     2.586 r  u_graph_dma/u_graph_data/u_graph/u_compute/u_shared/u_output_slice/u_partial_sum_bank/active_weight_context_tag_q[15]_i_6/O
                         net (fo=2, routed)           0.177     2.763    u_graph_dma/u_graph_data/u_graph/u_compute/u_rs/u_datapath/u_dma_fed_datapath/u_datapath/u_core/u_weight_bank/rs_shared_chunk_ready
    SLICE_X42Y125        LUT6 (Prop_E6LUT_SLICEL_I4_O)
                                                      0.057     2.820 r  u_graph_dma/u_graph_data/u_graph/u_compute/u_rs/u_datapath/u_dma_fed_datapath/u_datapath/u_core/u_weight_bank/active_weight_context_tag_q[15]_i_1_replica/O
                         net (fo=1, routed)           0.176     2.996    u_graph_dma/u_graph_data/u_graph/u_compute/u_rs/u_datapath/u_dma_fed_datapath/u_datapath/u_core/u_feeder/E[0]_repN_alias
    SLICE_X42Y131        LUT4 (Prop_B6LUT_SLICEL_I0_O)
                                                      0.058     3.054 r  u_graph_dma/u_graph_data/u_graph/u_compute/u_rs/u_datapath/u_dma_fed_datapath/u_datapath/u_core/u_feeder/output_w_q[7]_i_1/O
                         net (fo=67, routed)          0.357     3.411    u_graph_dma/u_graph_data/u_graph/u_compute/u_rs/u_datapath/u_dma_fed_datapath/u_datapath/u_core/u_feeder/frame_fire
    SLICE_X43Y148        LUT2 (Prop_A6LUT_SLICEM_I0_O)
                                                      0.058     3.469 r  u_graph_dma/u_graph_data/u_graph/u_compute/u_rs/u_datapath/u_dma_fed_datapath/u_datapath/u_core/u_feeder/group_count_q[3]_i_1/O
                         net (fo=11, routed)          0.558     4.027    u_graph_dma/u_graph_data/u_graph/u_compute/u_rs/u_datapath/u_dma_fed_datapath/u_datapath/u_core/u_feeder/state_q_reg[1]_0
    SLICE_X47Y171        LUT6 (Prop_G6LUT_SLICEL_I1_O)
                                                      0.057     4.084 r  u_graph_dma/u_graph_data/u_graph/u_compute/u_rs/u_datapath/u_dma_fed_datapath/u_datapath/u_core/u_feeder/pixel_q[0][63]_i_2/O
                         net (fo=519, routed)         0.223     4.307    u_graph_dma/u_graph_data/u_graph/u_compute/u_rs/u_datapath/u_dma_fed_datapath/u_datapath/u_core/u_feeder/pixel_q
    SLICE_X47Y170        LUT5 (Prop_A6LUT_SLICEL_I4_O)
                                                      0.058     4.365 r  u_graph_dma/u_graph_data/u_graph/u_compute/u_rs/u_datapath/u_dma_fed_datapath/u_datapath/u_core/u_feeder/pixel_q[5][63]_i_1/O
                         net (fo=64, routed)          0.428     4.794    u_graph_dma/u_graph_data/u_graph/u_compute/u_rs/u_datapath/u_dma_fed_datapath/u_datapath/u_core/u_feeder/pixel_q[5][63]_i_1_n_0
    SLICE_X48Y166        FDRE                                         r  u_graph_dma/u_graph_data/u_graph/u_compute/u_rs/u_datapath/u_dma_fed_datapath/u_datapath/u_core/u_feeder/pixel_q_reg[5][51]/R
  -------------------------------------------------------------------    -------------------

                         (clock aclk rise edge)       5.000     5.000 r  
                                                      0.000     5.000 r  aclk (IN)
                         net (fo=15333, unset)        0.029     5.029    u_graph_dma/u_graph_data/u_graph/u_compute/u_rs/u_datapath/u_dma_fed_datapath/u_datapath/u_core/u_feeder/aclk
    SLICE_X48Y166        FDRE                                         r  u_graph_dma/u_graph_data/u_graph/u_compute/u_rs/u_datapath/u_dma_fed_datapath/u_datapath/u_core/u_feeder/pixel_q_reg[5][51]/C
                         clock pessimism              0.000     5.029    
                         clock uncertainty           -0.035     4.994    
    SLICE_X48Y166        FDRE (Setup_BFF2_SLICEL_C_R)
                                                     -0.118     4.876    u_graph_dma/u_graph_data/u_graph/u_compute/u_rs/u_datapath/u_dma_fed_datapath/u_datapath/u_core/u_feeder/pixel_q_reg[5][51]
  -------------------------------------------------------------------
                         required time                          4.876    
                         arrival time                          -4.794    
  -------------------------------------------------------------------
                         slack                                  0.082    

Slack (MET) :             0.082ns  (required time - arrival time)
  Source:                 u_graph_dma/u_graph_data/u_graph/u_compute/u_fc/u_controller/n_base_q_reg[7]/C
                            (rising edge-triggered cell FDRE clocked by aclk  {rise@0.000ns fall@2.500ns period=5.000ns})
  Destination:            u_graph_dma/u_graph_data/u_graph/u_compute/u_rs/u_datapath/u_dma_fed_datapath/u_datapath/u_core/u_feeder/pixel_q_reg[5][52]/R
                            (rising edge-triggered cell FDRE clocked by aclk  {rise@0.000ns fall@2.500ns period=5.000ns})
  Path Group:             aclk
  Path Type:              Setup (Max at Slow Process Corner)
  Requirement:            5.000ns  (aclk rise@5.000ns - aclk rise@0.000ns)
  Data Path Delay:        4.752ns  (logic 1.522ns (32.030%)  route 3.230ns (67.970%))
  Logic Levels:           15  (CARRY8=2 LUT2=2 LUT4=1 LUT5=2 LUT6=8)
  Clock Path Skew:        -0.013ns (DCD - SCD + CPR)
    Destination Clock Delay (DCD):    0.029ns = ( 5.029 - 5.000 ) 
    Source Clock Delay      (SCD):    0.042ns
    Clock Pessimism Removal (CPR):    0.000ns
  Clock Uncertainty:      0.035ns  ((TSJ^2 + TIJ^2)^1/2 + DJ) / 2 + PE
    Total System Jitter     (TSJ):    0.071ns
    Total Input Jitter      (TIJ):    0.000ns
    Discrete Jitter          (DJ):    0.000ns
    Phase Error              (PE):    0.000ns

    Location             Delay type                Incr(ns)  Path(ns)    Netlist Resource(s)
  -------------------------------------------------------------------    -------------------
                         (clock aclk rise edge)       0.000     0.000 r  
                                                      0.000     0.000 r  aclk (IN)
                         net (fo=15333, unset)        0.042     0.042    u_graph_dma/u_graph_data/u_graph/u_compute/u_fc/u_controller/aclk
    SLICE_X33Y115        FDRE                                         r  u_graph_dma/u_graph_data/u_graph/u_compute/u_fc/u_controller/n_base_q_reg[7]/C
  -------------------------------------------------------------------    -------------------
    SLICE_X33Y115        FDRE (Prop_HFF_SLICEL_C_Q)
                                                      0.113     0.155 r  u_graph_dma/u_graph_data/u_graph/u_compute/u_fc/u_controller/n_base_q_reg[7]/Q
                         net (fo=10, routed)          0.130     0.285    u_graph_dma/u_graph_data/u_graph/u_compute/u_fc/u_controller/n_base_q_reg[12]_0[4]
    SLICE_X33Y116        LUT2 (Prop_E6LUT_SLICEL_I1_O)
                                                      0.138     0.423 r  u_graph_dma/u_graph_data/u_graph/u_compute/u_fc/u_controller/request_q[context_tag][0]_i_5/O
                         net (fo=1, routed)           0.011     0.434    u_graph_dma/u_graph_data/u_graph/u_compute/u_fc/u_controller/request_q[context_tag][0]_i_5_n_0
    SLICE_X33Y116        CARRY8 (Prop_CARRY8_SLICEL_S[4]_CO[7])
                                                      0.232     0.666 r  u_graph_dma/u_graph_data/u_graph/u_compute/u_fc/u_controller/request_q_reg[context_tag][0]_i_1/CO[7]
                         net (fo=1, routed)           0.030     0.696    u_graph_dma/u_graph_data/u_graph/u_compute/u_fc/u_controller/request_q_reg[context_tag][0]_i_1_n_0
    SLICE_X33Y117        CARRY8 (Prop_CARRY8_SLICEL_CI_O[1])
                                                      0.114     0.810 r  u_graph_dma/u_graph_data/u_graph/u_compute/u_fc/u_controller/request_q_reg[context_tag][8]_i_1/O[1]
                         net (fo=3, routed)           0.167     0.977    u_graph_dma/u_descriptor_bridge/fc_result_request_tag[9]
    SLICE_X33Y118        LUT6 (Prop_C6LUT_SLICEL_I1_O)
                                                      0.221     1.198 r  u_graph_dma/u_descriptor_bridge/cfg_n_base_q[12]_i_10/O
                         net (fo=2, routed)           0.235     1.433    u_graph_dma/u_graph_data/u_graph/u_compute/u_fc/u_controller/lopt_2
    SLICE_X36Y118        LUT6 (Prop_B6LUT_SLICEL_I1_O)
                                                      0.058     1.491 r  u_graph_dma/u_graph_data/u_graph/u_compute/u_fc/u_controller/i_2_LOPT_REMAP/O
                         net (fo=1, routed)           0.051     1.542    u_graph_dma/u_graph_data/u_graph/u_compute/u_fc/u_controller/i_2/O_n
    SLICE_X36Y118        LUT6 (Prop_E6LUT_SLICEL_I2_O)
                                                      0.057     1.599 r  u_graph_dma/u_graph_data/u_graph/u_compute/u_fc/u_controller/i_0_LOPT_REMAP/O
                         net (fo=14, routed)          0.281     1.880    u_graph_dma/u_graph_data/u_graph/u_compute/u_fc/u_controller/transfer_complete_error_reg
    SLICE_X40Y119        LUT5 (Prop_C6LUT_SLICEM_I2_O)
                                                      0.080     1.960 f  u_graph_dma/u_graph_data/u_graph/u_compute/u_fc/u_controller/cfg_n_base_q[12]_i_1/O
                         net (fo=16, routed)          0.063     2.023    u_graph_dma/u_graph_data/u_graph/u_compute/u_shared/u_output_slice/u_requant/cfg_valid0
    SLICE_X40Y119        LUT6 (Prop_D6LUT_SLICEM_I1_O)
                                                      0.056     2.079 f  u_graph_dma/u_graph_data/u_graph/u_compute/u_shared/u_output_slice/u_requant/resident_n_lane_mask[5]_i_7/O
                         net (fo=4, routed)           0.054     2.133    u_graph_dma/u_graph_data/u_graph/u_compute/u_shared/u_output_slice/u_partial_sum_bank/cfg_fire
    SLICE_X40Y119        LUT6 (Prop_B6LUT_SLICEM_I1_O)
                                                      0.082     2.215 r  u_graph_dma/u_graph_data/u_graph/u_compute/u_shared/u_output_slice/u_partial_sum_bank/resident_n_lane_mask[5]_i_8/O
                         net (fo=5, routed)           0.289     2.503    u_graph_dma/u_graph_data/u_graph/u_compute/u_shared/u_output_slice/u_partial_sum_bank/bank_state_reg[0]_1
    SLICE_X42Y120        LUT6 (Prop_H6LUT_SLICEL_I1_O)
                                                      0.083     2.586 r  u_graph_dma/u_graph_data/u_graph/u_compute/u_shared/u_output_slice/u_partial_sum_bank/active_weight_context_tag_q[15]_i_6/O
                         net (fo=2, routed)           0.177     2.763    u_graph_dma/u_graph_data/u_graph/u_compute/u_rs/u_datapath/u_dma_fed_datapath/u_datapath/u_core/u_weight_bank/rs_shared_chunk_ready
    SLICE_X42Y125        LUT6 (Prop_E6LUT_SLICEL_I4_O)
                                                      0.057     2.820 r  u_graph_dma/u_graph_data/u_graph/u_compute/u_rs/u_datapath/u_dma_fed_datapath/u_datapath/u_core/u_weight_bank/active_weight_context_tag_q[15]_i_1_replica/O
                         net (fo=1, routed)           0.176     2.996    u_graph_dma/u_graph_data/u_graph/u_compute/u_rs/u_datapath/u_dma_fed_datapath/u_datapath/u_core/u_feeder/E[0]_repN_alias
    SLICE_X42Y131        LUT4 (Prop_B6LUT_SLICEL_I0_O)
                                                      0.058     3.054 r  u_graph_dma/u_graph_data/u_graph/u_compute/u_rs/u_datapath/u_dma_fed_datapath/u_datapath/u_core/u_feeder/output_w_q[7]_i_1/O
                         net (fo=67, routed)          0.357     3.411    u_graph_dma/u_graph_data/u_graph/u_compute/u_rs/u_datapath/u_dma_fed_datapath/u_datapath/u_core/u_feeder/frame_fire
    SLICE_X43Y148        LUT2 (Prop_A6LUT_SLICEM_I0_O)
                                                      0.058     3.469 r  u_graph_dma/u_graph_data/u_graph/u_compute/u_rs/u_datapath/u_dma_fed_datapath/u_datapath/u_core/u_feeder/group_count_q[3]_i_1/O
                         net (fo=11, routed)          0.558     4.027    u_graph_dma/u_graph_data/u_graph/u_compute/u_rs/u_datapath/u_dma_fed_datapath/u_datapath/u_core/u_feeder/state_q_reg[1]_0
    SLICE_X47Y171        LUT6 (Prop_G6LUT_SLICEL_I1_O)
                                                      0.057     4.084 r  u_graph_dma/u_graph_data/u_graph/u_compute/u_rs/u_datapath/u_dma_fed_datapath/u_datapath/u_core/u_feeder/pixel_q[0][63]_i_2/O
                         net (fo=519, routed)         0.223     4.307    u_graph_dma/u_graph_data/u_graph/u_compute/u_rs/u_datapath/u_dma_fed_datapath/u_datapath/u_core/u_feeder/pixel_q
    SLICE_X47Y170        LUT5 (Prop_A6LUT_SLICEL_I4_O)
                                                      0.058     4.365 r  u_graph_dma/u_graph_data/u_graph/u_compute/u_rs/u_datapath/u_dma_fed_datapath/u_datapath/u_core/u_feeder/pixel_q[5][63]_i_1/O
                         net (fo=64, routed)          0.428     4.794    u_graph_dma/u_graph_data/u_graph/u_compute/u_rs/u_datapath/u_dma_fed_datapath/u_datapath/u_core/u_feeder/pixel_q[5][63]_i_1_n_0
    SLICE_X48Y166        FDRE                                         r  u_graph_dma/u_graph_data/u_graph/u_compute/u_rs/u_datapath/u_dma_fed_datapath/u_datapath/u_core/u_feeder/pixel_q_reg[5][52]/R
  -------------------------------------------------------------------    -------------------

                         (clock aclk rise edge)       5.000     5.000 r  
                                                      0.000     5.000 r  aclk (IN)
                         net (fo=15333, unset)        0.029     5.029    u_graph_dma/u_graph_data/u_graph/u_compute/u_rs/u_datapath/u_dma_fed_datapath/u_datapath/u_core/u_feeder/aclk
    SLICE_X48Y166        FDRE                                         r  u_graph_dma/u_graph_data/u_graph/u_compute/u_rs/u_datapath/u_dma_fed_datapath/u_datapath/u_core/u_feeder/pixel_q_reg[5][52]/C
                         clock pessimism              0.000     5.029    
                         clock uncertainty           -0.035     4.994    
    SLICE_X48Y166        FDRE (Setup_BFF_SLICEL_C_R)
                                                     -0.118     4.876    u_graph_dma/u_graph_data/u_graph/u_compute/u_rs/u_datapath/u_dma_fed_datapath/u_datapath/u_core/u_feeder/pixel_q_reg[5][52]
  -------------------------------------------------------------------
                         required time                          4.876    
                         arrival time                          -4.794    
  -------------------------------------------------------------------
                         slack                                  0.082    

Slack (MET) :             0.082ns  (required time - arrival time)
  Source:                 u_graph_dma/u_graph_data/u_graph/u_compute/u_fc/u_controller/n_base_q_reg[7]/C
                            (rising edge-triggered cell FDRE clocked by aclk  {rise@0.000ns fall@2.500ns period=5.000ns})
  Destination:            u_graph_dma/u_graph_data/u_graph/u_compute/u_rs/u_datapath/u_dma_fed_datapath/u_datapath/u_core/u_feeder/pixel_q_reg[5][59]/R
                            (rising edge-triggered cell FDRE clocked by aclk  {rise@0.000ns fall@2.500ns period=5.000ns})
  Path Group:             aclk
  Path Type:              Setup (Max at Slow Process Corner)
  Requirement:            5.000ns  (aclk rise@5.000ns - aclk rise@0.000ns)
  Data Path Delay:        4.752ns  (logic 1.522ns (32.030%)  route 3.230ns (67.970%))
  Logic Levels:           15  (CARRY8=2 LUT2=2 LUT4=1 LUT5=2 LUT6=8)
  Clock Path Skew:        -0.013ns (DCD - SCD + CPR)
    Destination Clock Delay (DCD):    0.029ns = ( 5.029 - 5.000 ) 
    Source Clock Delay      (SCD):    0.042ns
    Clock Pessimism Removal (CPR):    0.000ns
  Clock Uncertainty:      0.035ns  ((TSJ^2 + TIJ^2)^1/2 + DJ) / 2 + PE
    Total System Jitter     (TSJ):    0.071ns
    Total Input Jitter      (TIJ):    0.000ns
    Discrete Jitter          (DJ):    0.000ns
    Phase Error              (PE):    0.000ns

    Location             Delay type                Incr(ns)  Path(ns)    Netlist Resource(s)
  -------------------------------------------------------------------    -------------------
                         (clock aclk rise edge)       0.000     0.000 r  
                                                      0.000     0.000 r  aclk (IN)
                         net (fo=15333, unset)        0.042     0.042    u_graph_dma/u_graph_data/u_graph/u_compute/u_fc/u_controller/aclk
    SLICE_X33Y115        FDRE                                         r  u_graph_dma/u_graph_data/u_graph/u_compute/u_fc/u_controller/n_base_q_reg[7]/C
  -------------------------------------------------------------------    -------------------
    SLICE_X33Y115        FDRE (Prop_HFF_SLICEL_C_Q)
                                                      0.113     0.155 r  u_graph_dma/u_graph_data/u_graph/u_compute/u_fc/u_controller/n_base_q_reg[7]/Q
                         net (fo=10, routed)          0.130     0.285    u_graph_dma/u_graph_data/u_graph/u_compute/u_fc/u_controller/n_base_q_reg[12]_0[4]
    SLICE_X33Y116        LUT2 (Prop_E6LUT_SLICEL_I1_O)
                                                      0.138     0.423 r  u_graph_dma/u_graph_data/u_graph/u_compute/u_fc/u_controller/request_q[context_tag][0]_i_5/O
                         net (fo=1, routed)           0.011     0.434    u_graph_dma/u_graph_data/u_graph/u_compute/u_fc/u_controller/request_q[context_tag][0]_i_5_n_0
    SLICE_X33Y116        CARRY8 (Prop_CARRY8_SLICEL_S[4]_CO[7])
                                                      0.232     0.666 r  u_graph_dma/u_graph_data/u_graph/u_compute/u_fc/u_controller/request_q_reg[context_tag][0]_i_1/CO[7]
                         net (fo=1, routed)           0.030     0.696    u_graph_dma/u_graph_data/u_graph/u_compute/u_fc/u_controller/request_q_reg[context_tag][0]_i_1_n_0
    SLICE_X33Y117        CARRY8 (Prop_CARRY8_SLICEL_CI_O[1])
                                                      0.114     0.810 r  u_graph_dma/u_graph_data/u_graph/u_compute/u_fc/u_controller/request_q_reg[context_tag][8]_i_1/O[1]
                         net (fo=3, routed)           0.167     0.977    u_graph_dma/u_descriptor_bridge/fc_result_request_tag[9]
    SLICE_X33Y118        LUT6 (Prop_C6LUT_SLICEL_I1_O)
                                                      0.221     1.198 r  u_graph_dma/u_descriptor_bridge/cfg_n_base_q[12]_i_10/O
                         net (fo=2, routed)           0.235     1.433    u_graph_dma/u_graph_data/u_graph/u_compute/u_fc/u_controller/lopt_2
    SLICE_X36Y118        LUT6 (Prop_B6LUT_SLICEL_I1_O)
                                                      0.058     1.491 r  u_graph_dma/u_graph_data/u_graph/u_compute/u_fc/u_controller/i_2_LOPT_REMAP/O
                         net (fo=1, routed)           0.051     1.542    u_graph_dma/u_graph_data/u_graph/u_compute/u_fc/u_controller/i_2/O_n
    SLICE_X36Y118        LUT6 (Prop_E6LUT_SLICEL_I2_O)
                                                      0.057     1.599 r  u_graph_dma/u_graph_data/u_graph/u_compute/u_fc/u_controller/i_0_LOPT_REMAP/O
                         net (fo=14, routed)          0.281     1.880    u_graph_dma/u_graph_data/u_graph/u_compute/u_fc/u_controller/transfer_complete_error_reg
    SLICE_X40Y119        LUT5 (Prop_C6LUT_SLICEM_I2_O)
                                                      0.080     1.960 f  u_graph_dma/u_graph_data/u_graph/u_compute/u_fc/u_controller/cfg_n_base_q[12]_i_1/O
                         net (fo=16, routed)          0.063     2.023    u_graph_dma/u_graph_data/u_graph/u_compute/u_shared/u_output_slice/u_requant/cfg_valid0
    SLICE_X40Y119        LUT6 (Prop_D6LUT_SLICEM_I1_O)
                                                      0.056     2.079 f  u_graph_dma/u_graph_data/u_graph/u_compute/u_shared/u_output_slice/u_requant/resident_n_lane_mask[5]_i_7/O
                         net (fo=4, routed)           0.054     2.133    u_graph_dma/u_graph_data/u_graph/u_compute/u_shared/u_output_slice/u_partial_sum_bank/cfg_fire
    SLICE_X40Y119        LUT6 (Prop_B6LUT_SLICEM_I1_O)
                                                      0.082     2.215 r  u_graph_dma/u_graph_data/u_graph/u_compute/u_shared/u_output_slice/u_partial_sum_bank/resident_n_lane_mask[5]_i_8/O
                         net (fo=5, routed)           0.289     2.503    u_graph_dma/u_graph_data/u_graph/u_compute/u_shared/u_output_slice/u_partial_sum_bank/bank_state_reg[0]_1
    SLICE_X42Y120        LUT6 (Prop_H6LUT_SLICEL_I1_O)
                                                      0.083     2.586 r  u_graph_dma/u_graph_data/u_graph/u_compute/u_shared/u_output_slice/u_partial_sum_bank/active_weight_context_tag_q[15]_i_6/O
                         net (fo=2, routed)           0.177     2.763    u_graph_dma/u_graph_data/u_graph/u_compute/u_rs/u_datapath/u_dma_fed_datapath/u_datapath/u_core/u_weight_bank/rs_shared_chunk_ready
    SLICE_X42Y125        LUT6 (Prop_E6LUT_SLICEL_I4_O)
                                                      0.057     2.820 r  u_graph_dma/u_graph_data/u_graph/u_compute/u_rs/u_datapath/u_dma_fed_datapath/u_datapath/u_core/u_weight_bank/active_weight_context_tag_q[15]_i_1_replica/O
                         net (fo=1, routed)           0.176     2.996    u_graph_dma/u_graph_data/u_graph/u_compute/u_rs/u_datapath/u_dma_fed_datapath/u_datapath/u_core/u_feeder/E[0]_repN_alias
    SLICE_X42Y131        LUT4 (Prop_B6LUT_SLICEL_I0_O)
                                                      0.058     3.054 r  u_graph_dma/u_graph_data/u_graph/u_compute/u_rs/u_datapath/u_dma_fed_datapath/u_datapath/u_core/u_feeder/output_w_q[7]_i_1/O
                         net (fo=67, routed)          0.357     3.411    u_graph_dma/u_graph_data/u_graph/u_compute/u_rs/u_datapath/u_dma_fed_datapath/u_datapath/u_core/u_feeder/frame_fire
    SLICE_X43Y148        LUT2 (Prop_A6LUT_SLICEM_I0_O)
                                                      0.058     3.469 r  u_graph_dma/u_graph_data/u_graph/u_compute/u_rs/u_datapath/u_dma_fed_datapath/u_datapath/u_core/u_feeder/group_count_q[3]_i_1/O
                         net (fo=11, routed)          0.558     4.027    u_graph_dma/u_graph_data/u_graph/u_compute/u_rs/u_datapath/u_dma_fed_datapath/u_datapath/u_core/u_feeder/state_q_reg[1]_0
    SLICE_X47Y171        LUT6 (Prop_G6LUT_SLICEL_I1_O)
                                                      0.057     4.084 r  u_graph_dma/u_graph_data/u_graph/u_compute/u_rs/u_datapath/u_dma_fed_datapath/u_datapath/u_core/u_feeder/pixel_q[0][63]_i_2/O
                         net (fo=519, routed)         0.223     4.307    u_graph_dma/u_graph_data/u_graph/u_compute/u_rs/u_datapath/u_dma_fed_datapath/u_datapath/u_core/u_feeder/pixel_q
    SLICE_X47Y170        LUT5 (Prop_A6LUT_SLICEL_I4_O)
                                                      0.058     4.365 r  u_graph_dma/u_graph_data/u_graph/u_compute/u_rs/u_datapath/u_dma_fed_datapath/u_datapath/u_core/u_feeder/pixel_q[5][63]_i_1/O
                         net (fo=64, routed)          0.428     4.794    u_graph_dma/u_graph_data/u_graph/u_compute/u_rs/u_datapath/u_dma_fed_datapath/u_datapath/u_core/u_feeder/pixel_q[5][63]_i_1_n_0
    SLICE_X48Y166        FDRE                                         r  u_graph_dma/u_graph_data/u_graph/u_compute/u_rs/u_datapath/u_dma_fed_datapath/u_datapath/u_core/u_feeder/pixel_q_reg[5][59]/R
  -------------------------------------------------------------------    -------------------

                         (clock aclk rise edge)       5.000     5.000 r  
                                                      0.000     5.000 r  aclk (IN)
                         net (fo=15333, unset)        0.029     5.029    u_graph_dma/u_graph_data/u_graph/u_compute/u_rs/u_datapath/u_dma_fed_datapath/u_datapath/u_core/u_feeder/aclk
    SLICE_X48Y166        FDRE                                         r  u_graph_dma/u_graph_data/u_graph/u_compute/u_rs/u_datapath/u_dma_fed_datapath/u_datapath/u_core/u_feeder/pixel_q_reg[5][59]/C
                         clock pessimism              0.000     5.029    
                         clock uncertainty           -0.035     4.994    
    SLICE_X48Y166        FDRE (Setup_CFF2_SLICEL_C_R)
                                                     -0.118     4.876    u_graph_dma/u_graph_data/u_graph/u_compute/u_rs/u_datapath/u_dma_fed_datapath/u_datapath/u_core/u_feeder/pixel_q_reg[5][59]
  -------------------------------------------------------------------
                         required time                          4.876    
                         arrival time                          -4.794    
  -------------------------------------------------------------------
                         slack                                  0.082    

Slack (MET) :             0.100ns  (required time - arrival time)
  Source:                 u_graph_dma/u_graph_data/u_graph/u_compute/u_fc/u_controller/n_base_q_reg[7]/C
                            (rising edge-triggered cell FDRE clocked by aclk  {rise@0.000ns fall@2.500ns period=5.000ns})
  Destination:            u_graph_dma/u_graph_data/u_graph/u_compute/u_shared/u_output_slice/u_partial_sum_bank/mem_reg_bram_2/ENBWREN
                            (rising edge-triggered cell RAMB36E2 clocked by aclk  {rise@0.000ns fall@2.500ns period=5.000ns})
  Path Group:             aclk
  Path Type:              Setup (Max at Slow Process Corner)
  Requirement:            5.000ns  (aclk rise@5.000ns - aclk rise@0.000ns)
  Data Path Delay:        4.408ns  (logic 1.515ns (34.368%)  route 2.893ns (65.632%))
  Logic Levels:           14  (CARRY8=2 LUT2=1 LUT4=2 LUT5=4 LUT6=5)
  Clock Path Skew:        0.006ns (DCD - SCD + CPR)
    Destination Clock Delay (DCD):    0.048ns = ( 5.048 - 5.000 ) 
    Source Clock Delay      (SCD):    0.042ns
    Clock Pessimism Removal (CPR):    0.000ns
  Clock Uncertainty:      0.035ns  ((TSJ^2 + TIJ^2)^1/2 + DJ) / 2 + PE
    Total System Jitter     (TSJ):    0.071ns
    Total Input Jitter      (TIJ):    0.000ns
    Discrete Jitter          (DJ):    0.000ns
    Phase Error              (PE):    0.000ns

    Location             Delay type                Incr(ns)  Path(ns)    Netlist Resource(s)
  -------------------------------------------------------------------    -------------------
                         (clock aclk rise edge)       0.000     0.000 r  
                                                      0.000     0.000 r  aclk (IN)
                         net (fo=15333, unset)        0.042     0.042    u_graph_dma/u_graph_data/u_graph/u_compute/u_fc/u_controller/aclk
    SLICE_X33Y115        FDRE                                         r  u_graph_dma/u_graph_data/u_graph/u_compute/u_fc/u_controller/n_base_q_reg[7]/C
  -------------------------------------------------------------------    -------------------
    SLICE_X33Y115        FDRE (Prop_HFF_SLICEL_C_Q)
                                                      0.113     0.155 r  u_graph_dma/u_graph_data/u_graph/u_compute/u_fc/u_controller/n_base_q_reg[7]/Q
                         net (fo=10, routed)          0.130     0.285    u_graph_dma/u_graph_data/u_graph/u_compute/u_fc/u_controller/n_base_q_reg[12]_0[4]
    SLICE_X33Y116        LUT2 (Prop_E6LUT_SLICEL_I1_O)
                                                      0.138     0.423 r  u_graph_dma/u_graph_data/u_graph/u_compute/u_fc/u_controller/request_q[context_tag][0]_i_5/O
                         net (fo=1, routed)           0.011     0.434    u_graph_dma/u_graph_data/u_graph/u_compute/u_fc/u_controller/request_q[context_tag][0]_i_5_n_0
    SLICE_X33Y116        CARRY8 (Prop_CARRY8_SLICEL_S[4]_CO[7])
                                                      0.232     0.666 r  u_graph_dma/u_graph_data/u_graph/u_compute/u_fc/u_controller/request_q_reg[context_tag][0]_i_1/CO[7]
                         net (fo=1, routed)           0.030     0.696    u_graph_dma/u_graph_data/u_graph/u_compute/u_fc/u_controller/request_q_reg[context_tag][0]_i_1_n_0
    SLICE_X33Y117        CARRY8 (Prop_CARRY8_SLICEL_CI_O[1])
                                                      0.114     0.810 r  u_graph_dma/u_graph_data/u_graph/u_compute/u_fc/u_controller/request_q_reg[context_tag][8]_i_1/O[1]
                         net (fo=3, routed)           0.167     0.977    u_graph_dma/u_descriptor_bridge/fc_result_request_tag[9]
    SLICE_X33Y118        LUT6 (Prop_C6LUT_SLICEL_I1_O)
                                                      0.221     1.198 r  u_graph_dma/u_descriptor_bridge/cfg_n_base_q[12]_i_10/O
                         net (fo=2, routed)           0.235     1.433    u_graph_dma/u_graph_data/u_graph/u_compute/u_fc/u_controller/lopt_2
    SLICE_X36Y118        LUT6 (Prop_B6LUT_SLICEL_I1_O)
                                                      0.058     1.491 r  u_graph_dma/u_graph_data/u_graph/u_compute/u_fc/u_controller/i_2_LOPT_REMAP/O
                         net (fo=1, routed)           0.051     1.542    u_graph_dma/u_graph_data/u_graph/u_compute/u_fc/u_controller/i_2/O_n
    SLICE_X36Y118        LUT6 (Prop_E6LUT_SLICEL_I2_O)
                                                      0.057     1.599 r  u_graph_dma/u_graph_data/u_graph/u_compute/u_fc/u_controller/i_0_LOPT_REMAP/O
                         net (fo=14, routed)          0.281     1.880    u_graph_dma/u_graph_data/u_graph/u_compute/u_fc/u_controller/transfer_complete_error_reg
    SLICE_X40Y119        LUT5 (Prop_C6LUT_SLICEM_I2_O)
                                                      0.080     1.960 f  u_graph_dma/u_graph_data/u_graph/u_compute/u_fc/u_controller/cfg_n_base_q[12]_i_1/O
                         net (fo=16, routed)          0.063     2.023    u_graph_dma/u_graph_data/u_graph/u_compute/u_shared/u_output_slice/u_requant/cfg_valid0
    SLICE_X40Y119        LUT6 (Prop_D6LUT_SLICEM_I1_O)
                                                      0.056     2.079 f  u_graph_dma/u_graph_data/u_graph/u_compute/u_shared/u_output_slice/u_requant/resident_n_lane_mask[5]_i_7/O
                         net (fo=4, routed)           0.259     2.338    u_graph_dma/u_graph_data/u_graph/u_compute/u_shared/u_output_slice/u_requant/cfg_fire
    SLICE_X40Y109        LUT5 (Prop_E6LUT_SLICEM_I4_O)
                                                      0.057     2.395 f  u_graph_dma/u_graph_data/u_graph/u_compute/u_shared/u_output_slice/u_requant/resident_n_lane_mask[5]_i_4/O
                         net (fo=16, routed)          0.130     2.525    u_graph_dma/u_graph_data/u_graph/u_compute/u_shared/u_output_slice/u_router/cfg_fire_0
    SLICE_X40Y107        LUT5 (Prop_C6LUT_SLICEM_I3_O)
                                                      0.056     2.581 r  u_graph_dma/u_graph_data/u_graph/u_compute/u_shared/u_output_slice/u_router/valid_q[4]_i_1/O
                         net (fo=28, routed)          0.060     2.640    u_graph_dma/u_graph_data/u_graph/u_compute/u_shared/u_output_slice/u_requant/advance
    SLICE_X40Y107        LUT5 (Prop_A6LUT_SLICEM_I2_O)
                                                      0.138     2.778 r  u_graph_dma/u_graph_data/u_graph/u_compute/u_shared/u_output_slice/u_requant/mem_reg_bram_1_i_8__1/O
                         net (fo=5, routed)           0.176     2.954    u_graph_dma/u_graph_data/u_graph/u_compute/u_shared/u_output_slice/u_partial_sum_bank/emit_read_stage_ready
    SLICE_X40Y103        LUT6 (Prop_A6LUT_SLICEM_I0_O)
                                                      0.058     3.012 r  u_graph_dma/u_graph_data/u_graph/u_compute/u_shared/u_output_slice/u_partial_sum_bank/mem_reg_bram_0_i_64/O
                         net (fo=15, routed)          0.140     3.153    u_graph_dma/u_graph_data/u_graph/u_compute/u_shared/u_output_slice/u_partial_sum_bank/mem_reg_bram_0_i_64_n_0
    SLICE_X40Y100        LUT4 (Prop_G6LUT_SLICEM_I3_O)
                                                      0.057     3.210 r  u_graph_dma/u_graph_data/u_graph/u_compute/u_shared/u_output_slice/u_partial_sum_bank/mem_reg_bram_28_i_4/O
                         net (fo=5, routed)           0.151     3.361    u_graph_dma/u_graph_data/u_graph/u_compute/u_shared/u_output_slice/u_partial_sum_bank/mem_read_addr[11]
    SLICE_X40Y100        LUT4 (Prop_D6LUT_SLICEM_I1_O)
                                                      0.080     3.441 r  u_graph_dma/u_graph_data/u_graph/u_compute/u_shared/u_output_slice/u_partial_sum_bank/mem_reg_bram_2_i_3/O
                         net (fo=7, routed)           1.009     4.450    u_graph_dma/u_graph_data/u_graph/u_compute/u_shared/u_output_slice/u_partial_sum_bank/mem_reg_bram_2_i_3_n_0
    RAMB36_X0Y13         RAMB36E2                                     r  u_graph_dma/u_graph_data/u_graph/u_compute/u_shared/u_output_slice/u_partial_sum_bank/mem_reg_bram_2/ENBWREN
  -------------------------------------------------------------------    -------------------

                         (clock aclk rise edge)       5.000     5.000 r  
                                                      0.000     5.000 r  aclk (IN)
                         net (fo=15333, unset)        0.048     5.048    u_graph_dma/u_graph_data/u_graph/u_compute/u_shared/u_output_slice/u_partial_sum_bank/aclk
    RAMB36_X0Y13         RAMB36E2                                     r  u_graph_dma/u_graph_data/u_graph/u_compute/u_shared/u_output_slice/u_partial_sum_bank/mem_reg_bram_2/CLKBWRCLK
                         clock pessimism              0.000     5.048    
                         clock uncertainty           -0.035     5.013    
    RAMB36_X0Y13         RAMB36E2 (Setup_RAMB36E2_RAMB36_CLKBWRCLK_ENBWREN)
                                                     -0.462     4.551    u_graph_dma/u_graph_data/u_graph/u_compute/u_shared/u_output_slice/u_partial_sum_bank/mem_reg_bram_2
  -------------------------------------------------------------------
                         required time                          4.551    
                         arrival time                          -4.450    
  -------------------------------------------------------------------
                         slack                                  0.100    

Slack (MET) :             0.101ns  (required time - arrival time)
  Source:                 u_graph_dma/u_graph_data/u_graph/u_compute/u_fc/u_controller/n_base_q_reg[7]/C
                            (rising edge-triggered cell FDRE clocked by aclk  {rise@0.000ns fall@2.500ns period=5.000ns})
  Destination:            u_graph_dma/u_graph_data/u_graph/u_compute/u_shared/u_output_slice/u_partial_sum_bank/mem_reg_bram_18/ENBWREN
                            (rising edge-triggered cell RAMB36E2 clocked by aclk  {rise@0.000ns fall@2.500ns period=5.000ns})
  Path Group:             aclk
  Path Type:              Setup (Max at Slow Process Corner)
  Requirement:            5.000ns  (aclk rise@5.000ns - aclk rise@0.000ns)
  Data Path Delay:        4.408ns  (logic 1.515ns (34.370%)  route 2.893ns (65.630%))
  Logic Levels:           14  (CARRY8=2 LUT2=1 LUT4=2 LUT5=4 LUT6=5)
  Clock Path Skew:        0.006ns (DCD - SCD + CPR)
    Destination Clock Delay (DCD):    0.048ns = ( 5.048 - 5.000 ) 
    Source Clock Delay      (SCD):    0.042ns
    Clock Pessimism Removal (CPR):    0.000ns
  Clock Uncertainty:      0.035ns  ((TSJ^2 + TIJ^2)^1/2 + DJ) / 2 + PE
    Total System Jitter     (TSJ):    0.071ns
    Total Input Jitter      (TIJ):    0.000ns
    Discrete Jitter          (DJ):    0.000ns
    Phase Error              (PE):    0.000ns

    Location             Delay type                Incr(ns)  Path(ns)    Netlist Resource(s)
  -------------------------------------------------------------------    -------------------
                         (clock aclk rise edge)       0.000     0.000 r  
                                                      0.000     0.000 r  aclk (IN)
                         net (fo=15333, unset)        0.042     0.042    u_graph_dma/u_graph_data/u_graph/u_compute/u_fc/u_controller/aclk
    SLICE_X33Y115        FDRE                                         r  u_graph_dma/u_graph_data/u_graph/u_compute/u_fc/u_controller/n_base_q_reg[7]/C
  -------------------------------------------------------------------    -------------------
    SLICE_X33Y115        FDRE (Prop_HFF_SLICEL_C_Q)
                                                      0.113     0.155 r  u_graph_dma/u_graph_data/u_graph/u_compute/u_fc/u_controller/n_base_q_reg[7]/Q
                         net (fo=10, routed)          0.130     0.285    u_graph_dma/u_graph_data/u_graph/u_compute/u_fc/u_controller/n_base_q_reg[12]_0[4]
    SLICE_X33Y116        LUT2 (Prop_E6LUT_SLICEL_I1_O)
                                                      0.138     0.423 r  u_graph_dma/u_graph_data/u_graph/u_compute/u_fc/u_controller/request_q[context_tag][0]_i_5/O
                         net (fo=1, routed)           0.011     0.434    u_graph_dma/u_graph_data/u_graph/u_compute/u_fc/u_controller/request_q[context_tag][0]_i_5_n_0
    SLICE_X33Y116        CARRY8 (Prop_CARRY8_SLICEL_S[4]_CO[7])
                                                      0.232     0.666 r  u_graph_dma/u_graph_data/u_graph/u_compute/u_fc/u_controller/request_q_reg[context_tag][0]_i_1/CO[7]
                         net (fo=1, routed)           0.030     0.696    u_graph_dma/u_graph_data/u_graph/u_compute/u_fc/u_controller/request_q_reg[context_tag][0]_i_1_n_0
    SLICE_X33Y117        CARRY8 (Prop_CARRY8_SLICEL_CI_O[1])
                                                      0.114     0.810 r  u_graph_dma/u_graph_data/u_graph/u_compute/u_fc/u_controller/request_q_reg[context_tag][8]_i_1/O[1]
                         net (fo=3, routed)           0.167     0.977    u_graph_dma/u_descriptor_bridge/fc_result_request_tag[9]
    SLICE_X33Y118        LUT6 (Prop_C6LUT_SLICEL_I1_O)
                                                      0.221     1.198 r  u_graph_dma/u_descriptor_bridge/cfg_n_base_q[12]_i_10/O
                         net (fo=2, routed)           0.235     1.433    u_graph_dma/u_graph_data/u_graph/u_compute/u_fc/u_controller/lopt_2
    SLICE_X36Y118        LUT6 (Prop_B6LUT_SLICEL_I1_O)
                                                      0.058     1.491 r  u_graph_dma/u_graph_data/u_graph/u_compute/u_fc/u_controller/i_2_LOPT_REMAP/O
                         net (fo=1, routed)           0.051     1.542    u_graph_dma/u_graph_data/u_graph/u_compute/u_fc/u_controller/i_2/O_n
    SLICE_X36Y118        LUT6 (Prop_E6LUT_SLICEL_I2_O)
                                                      0.057     1.599 r  u_graph_dma/u_graph_data/u_graph/u_compute/u_fc/u_controller/i_0_LOPT_REMAP/O
                         net (fo=14, routed)          0.281     1.880    u_graph_dma/u_graph_data/u_graph/u_compute/u_fc/u_controller/transfer_complete_error_reg
    SLICE_X40Y119        LUT5 (Prop_C6LUT_SLICEM_I2_O)
                                                      0.080     1.960 f  u_graph_dma/u_graph_data/u_graph/u_compute/u_fc/u_controller/cfg_n_base_q[12]_i_1/O
                         net (fo=16, routed)          0.063     2.023    u_graph_dma/u_graph_data/u_graph/u_compute/u_shared/u_output_slice/u_requant/cfg_valid0
    SLICE_X40Y119        LUT6 (Prop_D6LUT_SLICEM_I1_O)
                                                      0.056     2.079 f  u_graph_dma/u_graph_data/u_graph/u_compute/u_shared/u_output_slice/u_requant/resident_n_lane_mask[5]_i_7/O
                         net (fo=4, routed)           0.259     2.338    u_graph_dma/u_graph_data/u_graph/u_compute/u_shared/u_output_slice/u_requant/cfg_fire
    SLICE_X40Y109        LUT5 (Prop_E6LUT_SLICEM_I4_O)
                                                      0.057     2.395 f  u_graph_dma/u_graph_data/u_graph/u_compute/u_shared/u_output_slice/u_requant/resident_n_lane_mask[5]_i_4/O
                         net (fo=16, routed)          0.130     2.525    u_graph_dma/u_graph_data/u_graph/u_compute/u_shared/u_output_slice/u_router/cfg_fire_0
    SLICE_X40Y107        LUT5 (Prop_C6LUT_SLICEM_I3_O)
                                                      0.056     2.581 r  u_graph_dma/u_graph_data/u_graph/u_compute/u_shared/u_output_slice/u_router/valid_q[4]_i_1/O
                         net (fo=28, routed)          0.060     2.640    u_graph_dma/u_graph_data/u_graph/u_compute/u_shared/u_output_slice/u_requant/advance
    SLICE_X40Y107        LUT5 (Prop_A6LUT_SLICEM_I2_O)
                                                      0.138     2.778 r  u_graph_dma/u_graph_data/u_graph/u_compute/u_shared/u_output_slice/u_requant/mem_reg_bram_1_i_8__1/O
                         net (fo=5, routed)           0.176     2.954    u_graph_dma/u_graph_data/u_graph/u_compute/u_shared/u_output_slice/u_partial_sum_bank/emit_read_stage_ready
    SLICE_X40Y103        LUT6 (Prop_A6LUT_SLICEM_I0_O)
                                                      0.058     3.012 r  u_graph_dma/u_graph_data/u_graph/u_compute/u_shared/u_output_slice/u_partial_sum_bank/mem_reg_bram_0_i_64/O
                         net (fo=15, routed)          0.140     3.153    u_graph_dma/u_graph_data/u_graph/u_compute/u_shared/u_output_slice/u_partial_sum_bank/mem_reg_bram_0_i_64_n_0
    SLICE_X40Y100        LUT4 (Prop_G6LUT_SLICEM_I3_O)
                                                      0.057     3.210 r  u_graph_dma/u_graph_data/u_graph/u_compute/u_shared/u_output_slice/u_partial_sum_bank/mem_reg_bram_28_i_4/O
                         net (fo=5, routed)           0.151     3.361    u_graph_dma/u_graph_data/u_graph/u_compute/u_shared/u_output_slice/u_partial_sum_bank/mem_read_addr[11]
    SLICE_X40Y100        LUT4 (Prop_D6LUT_SLICEM_I1_O)
                                                      0.080     3.441 r  u_graph_dma/u_graph_data/u_graph/u_compute/u_shared/u_output_slice/u_partial_sum_bank/mem_reg_bram_2_i_3/O
                         net (fo=7, routed)           1.009     4.450    u_graph_dma/u_graph_data/u_graph/u_compute/u_shared/u_output_slice/u_partial_sum_bank/mem_reg_bram_2_i_3_n_0
    RAMB36_X1Y25         RAMB36E2                                     r  u_graph_dma/u_graph_data/u_graph/u_compute/u_shared/u_output_slice/u_partial_sum_bank/mem_reg_bram_18/ENBWREN
  -------------------------------------------------------------------    -------------------

                         (clock aclk rise edge)       5.000     5.000 r  
                                                      0.000     5.000 r  aclk (IN)
                         net (fo=15333, unset)        0.048     5.048    u_graph_dma/u_graph_data/u_graph/u_compute/u_shared/u_output_slice/u_partial_sum_bank/aclk
    RAMB36_X1Y25         RAMB36E2                                     r  u_graph_dma/u_graph_data/u_graph/u_compute/u_shared/u_output_slice/u_partial_sum_bank/mem_reg_bram_18/CLKBWRCLK
                         clock pessimism              0.000     5.048    
                         clock uncertainty           -0.035     5.013    
    RAMB36_X1Y25         RAMB36E2 (Setup_RAMB36E2_RAMB36_CLKBWRCLK_ENBWREN)
                                                     -0.462     4.551    u_graph_dma/u_graph_data/u_graph/u_compute/u_shared/u_output_slice/u_partial_sum_bank/mem_reg_bram_18
  -------------------------------------------------------------------
                         required time                          4.551    
                         arrival time                          -4.450    
  -------------------------------------------------------------------
                         slack                                  0.101    

Slack (MET) :             0.103ns  (required time - arrival time)
  Source:                 u_graph_dma/u_graph_data/u_graph/u_compute/u_fc/u_controller/n_base_q_reg[7]/C
                            (rising edge-triggered cell FDRE clocked by aclk  {rise@0.000ns fall@2.500ns period=5.000ns})
  Destination:            u_graph_dma/u_graph_data/u_graph/u_compute/u_shared/u_output_slice/u_partial_sum_bank/mem_reg_bram_15/ENBWREN
                            (rising edge-triggered cell RAMB36E2 clocked by aclk  {rise@0.000ns fall@2.500ns period=5.000ns})
  Path Group:             aclk
  Path Type:              Setup (Max at Slow Process Corner)
  Requirement:            5.000ns  (aclk rise@5.000ns - aclk rise@0.000ns)
  Data Path Delay:        4.406ns  (logic 1.576ns (35.773%)  route 2.830ns (64.227%))
  Logic Levels:           14  (CARRY8=2 LUT2=1 LUT4=2 LUT5=4 LUT6=5)
  Clock Path Skew:        0.006ns (DCD - SCD + CPR)
    Destination Clock Delay (DCD):    0.048ns = ( 5.048 - 5.000 ) 
    Source Clock Delay      (SCD):    0.042ns
    Clock Pessimism Removal (CPR):    0.000ns
  Clock Uncertainty:      0.035ns  ((TSJ^2 + TIJ^2)^1/2 + DJ) / 2 + PE
    Total System Jitter     (TSJ):    0.071ns
    Total Input Jitter      (TIJ):    0.000ns
    Discrete Jitter          (DJ):    0.000ns
    Phase Error              (PE):    0.000ns

    Location             Delay type                Incr(ns)  Path(ns)    Netlist Resource(s)
  -------------------------------------------------------------------    -------------------
                         (clock aclk rise edge)       0.000     0.000 r  
                                                      0.000     0.000 r  aclk (IN)
                         net (fo=15333, unset)        0.042     0.042    u_graph_dma/u_graph_data/u_graph/u_compute/u_fc/u_controller/aclk
    SLICE_X33Y115        FDRE                                         r  u_graph_dma/u_graph_data/u_graph/u_compute/u_fc/u_controller/n_base_q_reg[7]/C
  -------------------------------------------------------------------    -------------------
    SLICE_X33Y115        FDRE (Prop_HFF_SLICEL_C_Q)
                                                      0.113     0.155 r  u_graph_dma/u_graph_data/u_graph/u_compute/u_fc/u_controller/n_base_q_reg[7]/Q
                         net (fo=10, routed)          0.130     0.285    u_graph_dma/u_graph_data/u_graph/u_compute/u_fc/u_controller/n_base_q_reg[12]_0[4]
    SLICE_X33Y116        LUT2 (Prop_E6LUT_SLICEL_I1_O)
                                                      0.138     0.423 r  u_graph_dma/u_graph_data/u_graph/u_compute/u_fc/u_controller/request_q[context_tag][0]_i_5/O
                         net (fo=1, routed)           0.011     0.434    u_graph_dma/u_graph_data/u_graph/u_compute/u_fc/u_controller/request_q[context_tag][0]_i_5_n_0
    SLICE_X33Y116        CARRY8 (Prop_CARRY8_SLICEL_S[4]_CO[7])
                                                      0.232     0.666 r  u_graph_dma/u_graph_data/u_graph/u_compute/u_fc/u_controller/request_q_reg[context_tag][0]_i_1/CO[7]
                         net (fo=1, routed)           0.030     0.696    u_graph_dma/u_graph_data/u_graph/u_compute/u_fc/u_controller/request_q_reg[context_tag][0]_i_1_n_0
    SLICE_X33Y117        CARRY8 (Prop_CARRY8_SLICEL_CI_O[1])
                                                      0.114     0.810 r  u_graph_dma/u_graph_data/u_graph/u_compute/u_fc/u_controller/request_q_reg[context_tag][8]_i_1/O[1]
                         net (fo=3, routed)           0.167     0.977    u_graph_dma/u_descriptor_bridge/fc_result_request_tag[9]
    SLICE_X33Y118        LUT6 (Prop_C6LUT_SLICEL_I1_O)
                                                      0.221     1.198 r  u_graph_dma/u_descriptor_bridge/cfg_n_base_q[12]_i_10/O
                         net (fo=2, routed)           0.235     1.433    u_graph_dma/u_graph_data/u_graph/u_compute/u_fc/u_controller/lopt_2
    SLICE_X36Y118        LUT6 (Prop_B6LUT_SLICEL_I1_O)
                                                      0.058     1.491 r  u_graph_dma/u_graph_data/u_graph/u_compute/u_fc/u_controller/i_2_LOPT_REMAP/O
                         net (fo=1, routed)           0.051     1.542    u_graph_dma/u_graph_data/u_graph/u_compute/u_fc/u_controller/i_2/O_n
    SLICE_X36Y118        LUT6 (Prop_E6LUT_SLICEL_I2_O)
                                                      0.057     1.599 r  u_graph_dma/u_graph_data/u_graph/u_compute/u_fc/u_controller/i_0_LOPT_REMAP/O
                         net (fo=14, routed)          0.281     1.880    u_graph_dma/u_graph_data/u_graph/u_compute/u_fc/u_controller/transfer_complete_error_reg
    SLICE_X40Y119        LUT5 (Prop_C6LUT_SLICEM_I2_O)
                                                      0.080     1.960 f  u_graph_dma/u_graph_data/u_graph/u_compute/u_fc/u_controller/cfg_n_base_q[12]_i_1/O
                         net (fo=16, routed)          0.063     2.023    u_graph_dma/u_graph_data/u_graph/u_compute/u_shared/u_output_slice/u_requant/cfg_valid0
    SLICE_X40Y119        LUT6 (Prop_D6LUT_SLICEM_I1_O)
                                                      0.056     2.079 f  u_graph_dma/u_graph_data/u_graph/u_compute/u_shared/u_output_slice/u_requant/resident_n_lane_mask[5]_i_7/O
                         net (fo=4, routed)           0.259     2.338    u_graph_dma/u_graph_data/u_graph/u_compute/u_shared/u_output_slice/u_requant/cfg_fire
    SLICE_X40Y109        LUT5 (Prop_E6LUT_SLICEM_I4_O)
                                                      0.057     2.395 f  u_graph_dma/u_graph_data/u_graph/u_compute/u_shared/u_output_slice/u_requant/resident_n_lane_mask[5]_i_4/O
                         net (fo=16, routed)          0.130     2.525    u_graph_dma/u_graph_data/u_graph/u_compute/u_shared/u_output_slice/u_router/cfg_fire_0
    SLICE_X40Y107        LUT5 (Prop_C6LUT_SLICEM_I3_O)
                                                      0.056     2.581 r  u_graph_dma/u_graph_data/u_graph/u_compute/u_shared/u_output_slice/u_router/valid_q[4]_i_1/O
                         net (fo=28, routed)          0.060     2.640    u_graph_dma/u_graph_data/u_graph/u_compute/u_shared/u_output_slice/u_requant/advance
    SLICE_X40Y107        LUT5 (Prop_A6LUT_SLICEM_I2_O)
                                                      0.138     2.778 r  u_graph_dma/u_graph_data/u_graph/u_compute/u_shared/u_output_slice/u_requant/mem_reg_bram_1_i_8__1/O
                         net (fo=5, routed)           0.176     2.954    u_graph_dma/u_graph_data/u_graph/u_compute/u_shared/u_output_slice/u_partial_sum_bank/emit_read_stage_ready
    SLICE_X40Y103        LUT6 (Prop_A6LUT_SLICEM_I0_O)
                                                      0.058     3.012 r  u_graph_dma/u_graph_data/u_graph/u_compute/u_shared/u_output_slice/u_partial_sum_bank/mem_reg_bram_0_i_64/O
                         net (fo=15, routed)          0.141     3.154    u_graph_dma/u_graph_data/u_graph/u_compute/u_shared/u_output_slice/u_partial_sum_bank/mem_reg_bram_0_i_64_n_0
    SLICE_X40Y101        LUT4 (Prop_H6LUT_SLICEM_I3_O)
                                                      0.060     3.214 r  u_graph_dma/u_graph_data/u_graph/u_compute/u_shared/u_output_slice/u_partial_sum_bank/mem_reg_bram_28_i_5/O
                         net (fo=5, routed)           0.064     3.277    u_graph_dma/u_graph_data/u_graph/u_compute/u_shared/u_output_slice/u_partial_sum_bank/mem_read_addr[10]
    SLICE_X40Y101        LUT4 (Prop_E6LUT_SLICEM_I1_O)
                                                      0.138     3.415 r  u_graph_dma/u_graph_data/u_graph/u_compute/u_shared/u_output_slice/u_partial_sum_bank/mem_reg_bram_3_i_3/O
                         net (fo=7, routed)           1.032     4.448    u_graph_dma/u_graph_data/u_graph/u_compute/u_shared/u_output_slice/u_partial_sum_bank/mem_reg_bram_3_i_3_n_0
    RAMB36_X2Y22         RAMB36E2                                     r  u_graph_dma/u_graph_data/u_graph/u_compute/u_shared/u_output_slice/u_partial_sum_bank/mem_reg_bram_15/ENBWREN
  -------------------------------------------------------------------    -------------------

                         (clock aclk rise edge)       5.000     5.000 r  
                                                      0.000     5.000 r  aclk (IN)
                         net (fo=15333, unset)        0.048     5.048    u_graph_dma/u_graph_data/u_graph/u_compute/u_shared/u_output_slice/u_partial_sum_bank/aclk
    RAMB36_X2Y22         RAMB36E2                                     r  u_graph_dma/u_graph_data/u_graph/u_compute/u_shared/u_output_slice/u_partial_sum_bank/mem_reg_bram_15/CLKBWRCLK
                         clock pessimism              0.000     5.048    
                         clock uncertainty           -0.035     5.013    
    RAMB36_X2Y22         RAMB36E2 (Setup_RAMB36E2_RAMB36_CLKBWRCLK_ENBWREN)
                                                     -0.462     4.551    u_graph_dma/u_graph_data/u_graph/u_compute/u_shared/u_output_slice/u_partial_sum_bank/mem_reg_bram_15
  -------------------------------------------------------------------
                         required time                          4.551    
                         arrival time                          -4.448    
  -------------------------------------------------------------------
                         slack                                  0.103    




