Copyright 1986-2022 Xilinx, Inc. All Rights Reserved. Copyright 2022-2025 Advanced Micro Devices, Inc. All Rights Reserved.
-------------------------------------------------------------------------------------------------------------------------------------------------------------------------------------------------------------------------------
| Tool Version : Vivado v.2025.2 (lin64) Build 6299465 Fri Nov 14 12:34:56 MST 2025
| Date         : Tue Sep 15 09:11:07 2026
| Host         : jian-ThinkBook-16-G9-AHP running 64-bit Ubuntu 24.04.4 LTS
| Command      : report_utilization -hierarchical -file /home/jian/Documents/Codex/2026-09-09/https-github-com-do-hyun-y/work/lenet5-kv260-final/alexnet/stages/02_kv260_m8n126_probe/build/reports/post_synth_utilization.rpt
| Design       : system_wrapper
| Device       : xck26-sfvc784-2LV-c
| Speed File   : -2LV
| Design State : Synthesized
-------------------------------------------------------------------------------------------------------------------------------------------------------------------------------------------------------------------------------

Utilization Design Information

Table of Contents
-----------------
1. Utilization by Hierarchy

1. Utilization by Hierarchy
---------------------------

+-------------------------------------------------------------------+------------------------------------------------------------------------+------------+------------+---------+------+-------+--------+--------+------+------------+
|                              Instance                             |                                 Module                                 | Total LUTs | Logic LUTs | LUTRAMs | SRLs |  FFs  | RAMB36 | RAMB18 | URAM | DSP Blocks |
+-------------------------------------------------------------------+------------------------------------------------------------------------+------------+------------+---------+------+-------+--------+--------+------+------------+
| system_wrapper                                                    |                                                                  (top) |      73617 |      72507 |      28 | 1082 | 76453 |    118 |      3 |   32 |        576 |
|   system_i                                                        |                                                                 system |      73617 |      72507 |      28 | 1082 | 76453 |    118 |      3 |   32 |        576 |
|     zynq_ultra_ps_e_0                                             |                                             system_zynq_ultra_ps_e_0_0 |        264 |        264 |       0 |    0 |     0 |      0 |      0 |    0 |          0 |
|       inst                                                        |      system_zynq_ultra_ps_e_0_0_zynq_ultra_ps_e_v3_5_8_zynq_ultra_ps_e |        264 |        264 |       0 |    0 |     0 |      0 |      0 |    0 |          0 |
|     alexnet_m4n8_0                                                |                                                system_alexnet_m4n8_0_0 |      66989 |      66203 |       0 |  786 | 69809 |    112 |      0 |   32 |        576 |
|       inst                                                        |              system_alexnet_m4n8_0_0_alexnet_m8n126_resource_probe_top |      66989 |      66203 |       0 |  786 | 69809 |    112 |      0 |   32 |        576 |
|         u_control_regs                                            |                          system_alexnet_m4n8_0_0_alexnet_axi_lite_regs |        462 |        462 |       0 |    0 |   713 |      0 |      0 |    0 |          0 |
|         u_compute_island                                          |                  system_alexnet_m4n8_0_0_alexnet_m8n128_compute_island |      66527 |      65741 |       0 |  786 | 69080 |    112 |      0 |   32 |        576 |
|           (u_compute_island)                                      |                  system_alexnet_m4n8_0_0_alexnet_m8n128_compute_island |        345 |        345 |       0 |    0 |   411 |      0 |      0 |    0 |          0 |
|           u_dynamic_sa                                            |                      system_alexnet_m4n8_0_0_alexnet_sa_m8n128_dynamic |      52718 |      51932 |       0 |  786 | 62913 |      0 |      0 |    0 |        512 |
|             (u_dynamic_sa)                                        |                      system_alexnet_m4n8_0_0_alexnet_sa_m8n128_dynamic |        408 |        408 |       0 |    0 |    57 |      0 |      0 |    0 |          0 |
|             g_bank[0].u_sa                                        |                                system_alexnet_m4n8_0_0_alexnet_sa_m4n8 |       5282 |       5186 |       0 |   96 |  7560 |      0 |      0 |    0 |         64 |
|               (g_bank[0].u_sa)                                    |                                system_alexnet_m4n8_0_0_alexnet_sa_m4n8 |         96 |          0 |       0 |   96 |   584 |      0 |      0 |    0 |          0 |
|               g_pe_row[0].g_pe_col[0].u_pe                        |                          system_alexnet_m4n8_0_0_alexnet_packed_pe_476 |         83 |         83 |       0 |    0 |   109 |      0 |      0 |    0 |          1 |
|               g_pe_row[0].g_pe_col[10].u_pe                       |                          system_alexnet_m4n8_0_0_alexnet_packed_pe_477 |         81 |         81 |       0 |    0 |   109 |      0 |      0 |    0 |          1 |
|               g_pe_row[0].g_pe_col[11].u_pe                       |                          system_alexnet_m4n8_0_0_alexnet_packed_pe_478 |         81 |         81 |       0 |    0 |   109 |      0 |      0 |    0 |          1 |
|               g_pe_row[0].g_pe_col[12].u_pe                       |                          system_alexnet_m4n8_0_0_alexnet_packed_pe_479 |         81 |         81 |       0 |    0 |   109 |      0 |      0 |    0 |          1 |
|               g_pe_row[0].g_pe_col[13].u_pe                       |                          system_alexnet_m4n8_0_0_alexnet_packed_pe_480 |         81 |         81 |       0 |    0 |   109 |      0 |      0 |    0 |          1 |
|               g_pe_row[0].g_pe_col[14].u_pe                       |                          system_alexnet_m4n8_0_0_alexnet_packed_pe_481 |         81 |         81 |       0 |    0 |   109 |      0 |      0 |    0 |          1 |
|               g_pe_row[0].g_pe_col[15].u_pe                       |                          system_alexnet_m4n8_0_0_alexnet_packed_pe_482 |         81 |         81 |       0 |    0 |   109 |      0 |      0 |    0 |          1 |
|               g_pe_row[0].g_pe_col[1].u_pe                        |                          system_alexnet_m4n8_0_0_alexnet_packed_pe_483 |         81 |         81 |       0 |    0 |   109 |      0 |      0 |    0 |          1 |
|               g_pe_row[0].g_pe_col[2].u_pe                        |                          system_alexnet_m4n8_0_0_alexnet_packed_pe_484 |         81 |         81 |       0 |    0 |   109 |      0 |      0 |    0 |          1 |
|               g_pe_row[0].g_pe_col[3].u_pe                        |                          system_alexnet_m4n8_0_0_alexnet_packed_pe_485 |         81 |         81 |       0 |    0 |   109 |      0 |      0 |    0 |          1 |
|               g_pe_row[0].g_pe_col[4].u_pe                        |                          system_alexnet_m4n8_0_0_alexnet_packed_pe_486 |         81 |         81 |       0 |    0 |   109 |      0 |      0 |    0 |          1 |
|               g_pe_row[0].g_pe_col[5].u_pe                        |                          system_alexnet_m4n8_0_0_alexnet_packed_pe_487 |         81 |         81 |       0 |    0 |   109 |      0 |      0 |    0 |          1 |
|               g_pe_row[0].g_pe_col[6].u_pe                        |                          system_alexnet_m4n8_0_0_alexnet_packed_pe_488 |         81 |         81 |       0 |    0 |   109 |      0 |      0 |    0 |          1 |
|               g_pe_row[0].g_pe_col[7].u_pe                        |                          system_alexnet_m4n8_0_0_alexnet_packed_pe_489 |         81 |         81 |       0 |    0 |   109 |      0 |      0 |    0 |          1 |
|               g_pe_row[0].g_pe_col[8].u_pe                        |                          system_alexnet_m4n8_0_0_alexnet_packed_pe_490 |         81 |         81 |       0 |    0 |   109 |      0 |      0 |    0 |          1 |
|               g_pe_row[0].g_pe_col[9].u_pe                        |                          system_alexnet_m4n8_0_0_alexnet_packed_pe_491 |         81 |         81 |       0 |    0 |   109 |      0 |      0 |    0 |          1 |
|               g_pe_row[1].g_pe_col[0].u_pe                        |                          system_alexnet_m4n8_0_0_alexnet_packed_pe_492 |         81 |         81 |       0 |    0 |   109 |      0 |      0 |    0 |          1 |
|               g_pe_row[1].g_pe_col[10].u_pe                       |                          system_alexnet_m4n8_0_0_alexnet_packed_pe_493 |         81 |         81 |       0 |    0 |   109 |      0 |      0 |    0 |          1 |
|               g_pe_row[1].g_pe_col[11].u_pe                       |                          system_alexnet_m4n8_0_0_alexnet_packed_pe_494 |         81 |         81 |       0 |    0 |   109 |      0 |      0 |    0 |          1 |
|               g_pe_row[1].g_pe_col[12].u_pe                       |                          system_alexnet_m4n8_0_0_alexnet_packed_pe_495 |         81 |         81 |       0 |    0 |   109 |      0 |      0 |    0 |          1 |
|               g_pe_row[1].g_pe_col[13].u_pe                       |                          system_alexnet_m4n8_0_0_alexnet_packed_pe_496 |         81 |         81 |       0 |    0 |   109 |      0 |      0 |    0 |          1 |
|               g_pe_row[1].g_pe_col[14].u_pe                       |                          system_alexnet_m4n8_0_0_alexnet_packed_pe_497 |         81 |         81 |       0 |    0 |   109 |      0 |      0 |    0 |          1 |
|               g_pe_row[1].g_pe_col[15].u_pe                       |                          system_alexnet_m4n8_0_0_alexnet_packed_pe_498 |         81 |         81 |       0 |    0 |   109 |      0 |      0 |    0 |          1 |
|               g_pe_row[1].g_pe_col[1].u_pe                        |                          system_alexnet_m4n8_0_0_alexnet_packed_pe_499 |         81 |         81 |       0 |    0 |   109 |      0 |      0 |    0 |          1 |
|               g_pe_row[1].g_pe_col[2].u_pe                        |                          system_alexnet_m4n8_0_0_alexnet_packed_pe_500 |         81 |         81 |       0 |    0 |   109 |      0 |      0 |    0 |          1 |
|               g_pe_row[1].g_pe_col[3].u_pe                        |                          system_alexnet_m4n8_0_0_alexnet_packed_pe_501 |         81 |         81 |       0 |    0 |   109 |      0 |      0 |    0 |          1 |
|               g_pe_row[1].g_pe_col[4].u_pe                        |                          system_alexnet_m4n8_0_0_alexnet_packed_pe_502 |         81 |         81 |       0 |    0 |   109 |      0 |      0 |    0 |          1 |
|               g_pe_row[1].g_pe_col[5].u_pe                        |                          system_alexnet_m4n8_0_0_alexnet_packed_pe_503 |         81 |         81 |       0 |    0 |   109 |      0 |      0 |    0 |          1 |
|               g_pe_row[1].g_pe_col[6].u_pe                        |                          system_alexnet_m4n8_0_0_alexnet_packed_pe_504 |         81 |         81 |       0 |    0 |   109 |      0 |      0 |    0 |          1 |
|               g_pe_row[1].g_pe_col[7].u_pe                        |                          system_alexnet_m4n8_0_0_alexnet_packed_pe_505 |         81 |         81 |       0 |    0 |   109 |      0 |      0 |    0 |          1 |
|               g_pe_row[1].g_pe_col[8].u_pe                        |                          system_alexnet_m4n8_0_0_alexnet_packed_pe_506 |         81 |         81 |       0 |    0 |   109 |      0 |      0 |    0 |          1 |
|               g_pe_row[1].g_pe_col[9].u_pe                        |                          system_alexnet_m4n8_0_0_alexnet_packed_pe_507 |         81 |         81 |       0 |    0 |   109 |      0 |      0 |    0 |          1 |
|               g_pe_row[2].g_pe_col[0].u_pe                        |                          system_alexnet_m4n8_0_0_alexnet_packed_pe_508 |         81 |         81 |       0 |    0 |   109 |      0 |      0 |    0 |          1 |
|               g_pe_row[2].g_pe_col[10].u_pe                       |                          system_alexnet_m4n8_0_0_alexnet_packed_pe_509 |         81 |         81 |       0 |    0 |   109 |      0 |      0 |    0 |          1 |
|               g_pe_row[2].g_pe_col[11].u_pe                       |                          system_alexnet_m4n8_0_0_alexnet_packed_pe_510 |         81 |         81 |       0 |    0 |   109 |      0 |      0 |    0 |          1 |
|               g_pe_row[2].g_pe_col[12].u_pe                       |                          system_alexnet_m4n8_0_0_alexnet_packed_pe_511 |         81 |         81 |       0 |    0 |   109 |      0 |      0 |    0 |          1 |
|               g_pe_row[2].g_pe_col[13].u_pe                       |                          system_alexnet_m4n8_0_0_alexnet_packed_pe_512 |         81 |         81 |       0 |    0 |   109 |      0 |      0 |    0 |          1 |
|               g_pe_row[2].g_pe_col[14].u_pe                       |                          system_alexnet_m4n8_0_0_alexnet_packed_pe_513 |         81 |         81 |       0 |    0 |   109 |      0 |      0 |    0 |          1 |
|               g_pe_row[2].g_pe_col[15].u_pe                       |                          system_alexnet_m4n8_0_0_alexnet_packed_pe_514 |         81 |         81 |       0 |    0 |   109 |      0 |      0 |    0 |          1 |
|               g_pe_row[2].g_pe_col[1].u_pe                        |                          system_alexnet_m4n8_0_0_alexnet_packed_pe_515 |         81 |         81 |       0 |    0 |   109 |      0 |      0 |    0 |          1 |
|               g_pe_row[2].g_pe_col[2].u_pe                        |                          system_alexnet_m4n8_0_0_alexnet_packed_pe_516 |         81 |         81 |       0 |    0 |   109 |      0 |      0 |    0 |          1 |
|               g_pe_row[2].g_pe_col[3].u_pe                        |                          system_alexnet_m4n8_0_0_alexnet_packed_pe_517 |         81 |         81 |       0 |    0 |   109 |      0 |      0 |    0 |          1 |
|               g_pe_row[2].g_pe_col[4].u_pe                        |                          system_alexnet_m4n8_0_0_alexnet_packed_pe_518 |         81 |         81 |       0 |    0 |   109 |      0 |      0 |    0 |          1 |
|               g_pe_row[2].g_pe_col[5].u_pe                        |                          system_alexnet_m4n8_0_0_alexnet_packed_pe_519 |         81 |         81 |       0 |    0 |   109 |      0 |      0 |    0 |          1 |
|               g_pe_row[2].g_pe_col[6].u_pe                        |                          system_alexnet_m4n8_0_0_alexnet_packed_pe_520 |         81 |         81 |       0 |    0 |   109 |      0 |      0 |    0 |          1 |
|               g_pe_row[2].g_pe_col[7].u_pe                        |                          system_alexnet_m4n8_0_0_alexnet_packed_pe_521 |         81 |         81 |       0 |    0 |   109 |      0 |      0 |    0 |          1 |
|               g_pe_row[2].g_pe_col[8].u_pe                        |                          system_alexnet_m4n8_0_0_alexnet_packed_pe_522 |         81 |         81 |       0 |    0 |   109 |      0 |      0 |    0 |          1 |
|               g_pe_row[2].g_pe_col[9].u_pe                        |                          system_alexnet_m4n8_0_0_alexnet_packed_pe_523 |         81 |         81 |       0 |    0 |   109 |      0 |      0 |    0 |          1 |
|               g_pe_row[3].g_pe_col[0].u_pe                        |                          system_alexnet_m4n8_0_0_alexnet_packed_pe_524 |         81 |         81 |       0 |    0 |   109 |      0 |      0 |    0 |          1 |
|               g_pe_row[3].g_pe_col[10].u_pe                       |                          system_alexnet_m4n8_0_0_alexnet_packed_pe_525 |         81 |         81 |       0 |    0 |   109 |      0 |      0 |    0 |          1 |
|               g_pe_row[3].g_pe_col[11].u_pe                       |                          system_alexnet_m4n8_0_0_alexnet_packed_pe_526 |         81 |         81 |       0 |    0 |   109 |      0 |      0 |    0 |          1 |
|               g_pe_row[3].g_pe_col[12].u_pe                       |                          system_alexnet_m4n8_0_0_alexnet_packed_pe_527 |         81 |         81 |       0 |    0 |   109 |      0 |      0 |    0 |          1 |
|               g_pe_row[3].g_pe_col[13].u_pe                       |                          system_alexnet_m4n8_0_0_alexnet_packed_pe_528 |         81 |         81 |       0 |    0 |   109 |      0 |      0 |    0 |          1 |
|               g_pe_row[3].g_pe_col[14].u_pe                       |                          system_alexnet_m4n8_0_0_alexnet_packed_pe_529 |         81 |         81 |       0 |    0 |   109 |      0 |      0 |    0 |          1 |
|               g_pe_row[3].g_pe_col[15].u_pe                       |                          system_alexnet_m4n8_0_0_alexnet_packed_pe_530 |         81 |         81 |       0 |    0 |   109 |      0 |      0 |    0 |          1 |
|               g_pe_row[3].g_pe_col[1].u_pe                        |                          system_alexnet_m4n8_0_0_alexnet_packed_pe_531 |         81 |         81 |       0 |    0 |   109 |      0 |      0 |    0 |          1 |
|               g_pe_row[3].g_pe_col[2].u_pe                        |                          system_alexnet_m4n8_0_0_alexnet_packed_pe_532 |         81 |         81 |       0 |    0 |   109 |      0 |      0 |    0 |          1 |
|               g_pe_row[3].g_pe_col[3].u_pe                        |                          system_alexnet_m4n8_0_0_alexnet_packed_pe_533 |         81 |         81 |       0 |    0 |   109 |      0 |      0 |    0 |          1 |
|               g_pe_row[3].g_pe_col[4].u_pe                        |                          system_alexnet_m4n8_0_0_alexnet_packed_pe_534 |         81 |         81 |       0 |    0 |   109 |      0 |      0 |    0 |          1 |
|               g_pe_row[3].g_pe_col[5].u_pe                        |                          system_alexnet_m4n8_0_0_alexnet_packed_pe_535 |         81 |         81 |       0 |    0 |   109 |      0 |      0 |    0 |          1 |
|               g_pe_row[3].g_pe_col[6].u_pe                        |                          system_alexnet_m4n8_0_0_alexnet_packed_pe_536 |         81 |         81 |       0 |    0 |   109 |      0 |      0 |    0 |          1 |
|               g_pe_row[3].g_pe_col[7].u_pe                        |                          system_alexnet_m4n8_0_0_alexnet_packed_pe_537 |         81 |         81 |       0 |    0 |   109 |      0 |      0 |    0 |          1 |
|               g_pe_row[3].g_pe_col[8].u_pe                        |                          system_alexnet_m4n8_0_0_alexnet_packed_pe_538 |         81 |         81 |       0 |    0 |   109 |      0 |      0 |    0 |          1 |
|               g_pe_row[3].g_pe_col[9].u_pe                        |                          system_alexnet_m4n8_0_0_alexnet_packed_pe_539 |         81 |         81 |       0 |    0 |   109 |      0 |      0 |    0 |          1 |
|             g_bank[1].u_sa                                        |                             system_alexnet_m4n8_0_0_alexnet_sa_m4n8_22 |       5280 |       5184 |       0 |   96 |  7560 |      0 |      0 |    0 |         64 |
|               (g_bank[1].u_sa)                                    |                             system_alexnet_m4n8_0_0_alexnet_sa_m4n8_22 |         96 |          0 |       0 |   96 |   584 |      0 |      0 |    0 |          0 |
|               g_pe_row[0].g_pe_col[0].u_pe                        |                          system_alexnet_m4n8_0_0_alexnet_packed_pe_412 |         81 |         81 |       0 |    0 |   109 |      0 |      0 |    0 |          1 |
|               g_pe_row[0].g_pe_col[10].u_pe                       |                          system_alexnet_m4n8_0_0_alexnet_packed_pe_413 |         81 |         81 |       0 |    0 |   109 |      0 |      0 |    0 |          1 |
|               g_pe_row[0].g_pe_col[11].u_pe                       |                          system_alexnet_m4n8_0_0_alexnet_packed_pe_414 |         81 |         81 |       0 |    0 |   109 |      0 |      0 |    0 |          1 |
|               g_pe_row[0].g_pe_col[12].u_pe                       |                          system_alexnet_m4n8_0_0_alexnet_packed_pe_415 |         81 |         81 |       0 |    0 |   109 |      0 |      0 |    0 |          1 |
|               g_pe_row[0].g_pe_col[13].u_pe                       |                          system_alexnet_m4n8_0_0_alexnet_packed_pe_416 |         81 |         81 |       0 |    0 |   109 |      0 |      0 |    0 |          1 |
|               g_pe_row[0].g_pe_col[14].u_pe                       |                          system_alexnet_m4n8_0_0_alexnet_packed_pe_417 |         81 |         81 |       0 |    0 |   109 |      0 |      0 |    0 |          1 |
|               g_pe_row[0].g_pe_col[15].u_pe                       |                          system_alexnet_m4n8_0_0_alexnet_packed_pe_418 |         81 |         81 |       0 |    0 |   109 |      0 |      0 |    0 |          1 |
|               g_pe_row[0].g_pe_col[1].u_pe                        |                          system_alexnet_m4n8_0_0_alexnet_packed_pe_419 |         81 |         81 |       0 |    0 |   109 |      0 |      0 |    0 |          1 |
|               g_pe_row[0].g_pe_col[2].u_pe                        |                          system_alexnet_m4n8_0_0_alexnet_packed_pe_420 |         81 |         81 |       0 |    0 |   109 |      0 |      0 |    0 |          1 |
|               g_pe_row[0].g_pe_col[3].u_pe                        |                          system_alexnet_m4n8_0_0_alexnet_packed_pe_421 |         81 |         81 |       0 |    0 |   109 |      0 |      0 |    0 |          1 |
|               g_pe_row[0].g_pe_col[4].u_pe                        |                          system_alexnet_m4n8_0_0_alexnet_packed_pe_422 |         81 |         81 |       0 |    0 |   109 |      0 |      0 |    0 |          1 |
|               g_pe_row[0].g_pe_col[5].u_pe                        |                          system_alexnet_m4n8_0_0_alexnet_packed_pe_423 |         81 |         81 |       0 |    0 |   109 |      0 |      0 |    0 |          1 |
|               g_pe_row[0].g_pe_col[6].u_pe                        |                          system_alexnet_m4n8_0_0_alexnet_packed_pe_424 |         81 |         81 |       0 |    0 |   109 |      0 |      0 |    0 |          1 |
|               g_pe_row[0].g_pe_col[7].u_pe                        |                          system_alexnet_m4n8_0_0_alexnet_packed_pe_425 |         81 |         81 |       0 |    0 |   109 |      0 |      0 |    0 |          1 |
|               g_pe_row[0].g_pe_col[8].u_pe                        |                          system_alexnet_m4n8_0_0_alexnet_packed_pe_426 |         81 |         81 |       0 |    0 |   109 |      0 |      0 |    0 |          1 |
|               g_pe_row[0].g_pe_col[9].u_pe                        |                          system_alexnet_m4n8_0_0_alexnet_packed_pe_427 |         81 |         81 |       0 |    0 |   109 |      0 |      0 |    0 |          1 |
|               g_pe_row[1].g_pe_col[0].u_pe                        |                          system_alexnet_m4n8_0_0_alexnet_packed_pe_428 |         81 |         81 |       0 |    0 |   109 |      0 |      0 |    0 |          1 |
|               g_pe_row[1].g_pe_col[10].u_pe                       |                          system_alexnet_m4n8_0_0_alexnet_packed_pe_429 |         81 |         81 |       0 |    0 |   109 |      0 |      0 |    0 |          1 |
|               g_pe_row[1].g_pe_col[11].u_pe                       |                          system_alexnet_m4n8_0_0_alexnet_packed_pe_430 |         81 |         81 |       0 |    0 |   109 |      0 |      0 |    0 |          1 |
|               g_pe_row[1].g_pe_col[12].u_pe                       |                          system_alexnet_m4n8_0_0_alexnet_packed_pe_431 |         81 |         81 |       0 |    0 |   109 |      0 |      0 |    0 |          1 |
|               g_pe_row[1].g_pe_col[13].u_pe                       |                          system_alexnet_m4n8_0_0_alexnet_packed_pe_432 |         81 |         81 |       0 |    0 |   109 |      0 |      0 |    0 |          1 |
|               g_pe_row[1].g_pe_col[14].u_pe                       |                          system_alexnet_m4n8_0_0_alexnet_packed_pe_433 |         81 |         81 |       0 |    0 |   109 |      0 |      0 |    0 |          1 |
|               g_pe_row[1].g_pe_col[15].u_pe                       |                          system_alexnet_m4n8_0_0_alexnet_packed_pe_434 |         81 |         81 |       0 |    0 |   109 |      0 |      0 |    0 |          1 |
|               g_pe_row[1].g_pe_col[1].u_pe                        |                          system_alexnet_m4n8_0_0_alexnet_packed_pe_435 |         81 |         81 |       0 |    0 |   109 |      0 |      0 |    0 |          1 |
|               g_pe_row[1].g_pe_col[2].u_pe                        |                          system_alexnet_m4n8_0_0_alexnet_packed_pe_436 |         81 |         81 |       0 |    0 |   109 |      0 |      0 |    0 |          1 |
|               g_pe_row[1].g_pe_col[3].u_pe                        |                          system_alexnet_m4n8_0_0_alexnet_packed_pe_437 |         81 |         81 |       0 |    0 |   109 |      0 |      0 |    0 |          1 |
|               g_pe_row[1].g_pe_col[4].u_pe                        |                          system_alexnet_m4n8_0_0_alexnet_packed_pe_438 |         81 |         81 |       0 |    0 |   109 |      0 |      0 |    0 |          1 |
|               g_pe_row[1].g_pe_col[5].u_pe                        |                          system_alexnet_m4n8_0_0_alexnet_packed_pe_439 |         81 |         81 |       0 |    0 |   109 |      0 |      0 |    0 |          1 |
|               g_pe_row[1].g_pe_col[6].u_pe                        |                          system_alexnet_m4n8_0_0_alexnet_packed_pe_440 |         81 |         81 |       0 |    0 |   109 |      0 |      0 |    0 |          1 |
|               g_pe_row[1].g_pe_col[7].u_pe                        |                          system_alexnet_m4n8_0_0_alexnet_packed_pe_441 |         81 |         81 |       0 |    0 |   109 |      0 |      0 |    0 |          1 |
|               g_pe_row[1].g_pe_col[8].u_pe                        |                          system_alexnet_m4n8_0_0_alexnet_packed_pe_442 |         81 |         81 |       0 |    0 |   109 |      0 |      0 |    0 |          1 |
|               g_pe_row[1].g_pe_col[9].u_pe                        |                          system_alexnet_m4n8_0_0_alexnet_packed_pe_443 |         81 |         81 |       0 |    0 |   109 |      0 |      0 |    0 |          1 |
|               g_pe_row[2].g_pe_col[0].u_pe                        |                          system_alexnet_m4n8_0_0_alexnet_packed_pe_444 |         81 |         81 |       0 |    0 |   109 |      0 |      0 |    0 |          1 |
|               g_pe_row[2].g_pe_col[10].u_pe                       |                          system_alexnet_m4n8_0_0_alexnet_packed_pe_445 |         81 |         81 |       0 |    0 |   109 |      0 |      0 |    0 |          1 |
|               g_pe_row[2].g_pe_col[11].u_pe                       |                          system_alexnet_m4n8_0_0_alexnet_packed_pe_446 |         81 |         81 |       0 |    0 |   109 |      0 |      0 |    0 |          1 |
|               g_pe_row[2].g_pe_col[12].u_pe                       |                          system_alexnet_m4n8_0_0_alexnet_packed_pe_447 |         81 |         81 |       0 |    0 |   109 |      0 |      0 |    0 |          1 |
|               g_pe_row[2].g_pe_col[13].u_pe                       |                          system_alexnet_m4n8_0_0_alexnet_packed_pe_448 |         81 |         81 |       0 |    0 |   109 |      0 |      0 |    0 |          1 |
|               g_pe_row[2].g_pe_col[14].u_pe                       |                          system_alexnet_m4n8_0_0_alexnet_packed_pe_449 |         81 |         81 |       0 |    0 |   109 |      0 |      0 |    0 |          1 |
|               g_pe_row[2].g_pe_col[15].u_pe                       |                          system_alexnet_m4n8_0_0_alexnet_packed_pe_450 |         81 |         81 |       0 |    0 |   109 |      0 |      0 |    0 |          1 |
|               g_pe_row[2].g_pe_col[1].u_pe                        |                          system_alexnet_m4n8_0_0_alexnet_packed_pe_451 |         81 |         81 |       0 |    0 |   109 |      0 |      0 |    0 |          1 |
|               g_pe_row[2].g_pe_col[2].u_pe                        |                          system_alexnet_m4n8_0_0_alexnet_packed_pe_452 |         81 |         81 |       0 |    0 |   109 |      0 |      0 |    0 |          1 |
|               g_pe_row[2].g_pe_col[3].u_pe                        |                          system_alexnet_m4n8_0_0_alexnet_packed_pe_453 |         81 |         81 |       0 |    0 |   109 |      0 |      0 |    0 |          1 |
|               g_pe_row[2].g_pe_col[4].u_pe                        |                          system_alexnet_m4n8_0_0_alexnet_packed_pe_454 |         81 |         81 |       0 |    0 |   109 |      0 |      0 |    0 |          1 |
|               g_pe_row[2].g_pe_col[5].u_pe                        |                          system_alexnet_m4n8_0_0_alexnet_packed_pe_455 |         81 |         81 |       0 |    0 |   109 |      0 |      0 |    0 |          1 |
|               g_pe_row[2].g_pe_col[6].u_pe                        |                          system_alexnet_m4n8_0_0_alexnet_packed_pe_456 |         81 |         81 |       0 |    0 |   109 |      0 |      0 |    0 |          1 |
|               g_pe_row[2].g_pe_col[7].u_pe                        |                          system_alexnet_m4n8_0_0_alexnet_packed_pe_457 |         81 |         81 |       0 |    0 |   109 |      0 |      0 |    0 |          1 |
|               g_pe_row[2].g_pe_col[8].u_pe                        |                          system_alexnet_m4n8_0_0_alexnet_packed_pe_458 |         81 |         81 |       0 |    0 |   109 |      0 |      0 |    0 |          1 |
|               g_pe_row[2].g_pe_col[9].u_pe                        |                          system_alexnet_m4n8_0_0_alexnet_packed_pe_459 |         81 |         81 |       0 |    0 |   109 |      0 |      0 |    0 |          1 |
|               g_pe_row[3].g_pe_col[0].u_pe                        |                          system_alexnet_m4n8_0_0_alexnet_packed_pe_460 |         81 |         81 |       0 |    0 |   109 |      0 |      0 |    0 |          1 |
|               g_pe_row[3].g_pe_col[10].u_pe                       |                          system_alexnet_m4n8_0_0_alexnet_packed_pe_461 |         81 |         81 |       0 |    0 |   109 |      0 |      0 |    0 |          1 |
|               g_pe_row[3].g_pe_col[11].u_pe                       |                          system_alexnet_m4n8_0_0_alexnet_packed_pe_462 |         81 |         81 |       0 |    0 |   109 |      0 |      0 |    0 |          1 |
|               g_pe_row[3].g_pe_col[12].u_pe                       |                          system_alexnet_m4n8_0_0_alexnet_packed_pe_463 |         81 |         81 |       0 |    0 |   109 |      0 |      0 |    0 |          1 |
|               g_pe_row[3].g_pe_col[13].u_pe                       |                          system_alexnet_m4n8_0_0_alexnet_packed_pe_464 |         81 |         81 |       0 |    0 |   109 |      0 |      0 |    0 |          1 |
|               g_pe_row[3].g_pe_col[14].u_pe                       |                          system_alexnet_m4n8_0_0_alexnet_packed_pe_465 |         81 |         81 |       0 |    0 |   109 |      0 |      0 |    0 |          1 |
|               g_pe_row[3].g_pe_col[15].u_pe                       |                          system_alexnet_m4n8_0_0_alexnet_packed_pe_466 |         81 |         81 |       0 |    0 |   109 |      0 |      0 |    0 |          1 |
|               g_pe_row[3].g_pe_col[1].u_pe                        |                          system_alexnet_m4n8_0_0_alexnet_packed_pe_467 |         81 |         81 |       0 |    0 |   109 |      0 |      0 |    0 |          1 |
|               g_pe_row[3].g_pe_col[2].u_pe                        |                          system_alexnet_m4n8_0_0_alexnet_packed_pe_468 |         81 |         81 |       0 |    0 |   109 |      0 |      0 |    0 |          1 |
|               g_pe_row[3].g_pe_col[3].u_pe                        |                          system_alexnet_m4n8_0_0_alexnet_packed_pe_469 |         81 |         81 |       0 |    0 |   109 |      0 |      0 |    0 |          1 |
|               g_pe_row[3].g_pe_col[4].u_pe                        |                          system_alexnet_m4n8_0_0_alexnet_packed_pe_470 |         81 |         81 |       0 |    0 |   109 |      0 |      0 |    0 |          1 |
|               g_pe_row[3].g_pe_col[5].u_pe                        |                          system_alexnet_m4n8_0_0_alexnet_packed_pe_471 |         81 |         81 |       0 |    0 |   109 |      0 |      0 |    0 |          1 |
|               g_pe_row[3].g_pe_col[6].u_pe                        |                          system_alexnet_m4n8_0_0_alexnet_packed_pe_472 |         81 |         81 |       0 |    0 |   109 |      0 |      0 |    0 |          1 |
|               g_pe_row[3].g_pe_col[7].u_pe                        |                          system_alexnet_m4n8_0_0_alexnet_packed_pe_473 |         81 |         81 |       0 |    0 |   109 |      0 |      0 |    0 |          1 |
|               g_pe_row[3].g_pe_col[8].u_pe                        |                          system_alexnet_m4n8_0_0_alexnet_packed_pe_474 |         81 |         81 |       0 |    0 |   109 |      0 |      0 |    0 |          1 |
|               g_pe_row[3].g_pe_col[9].u_pe                        |                          system_alexnet_m4n8_0_0_alexnet_packed_pe_475 |         81 |         81 |       0 |    0 |   109 |      0 |      0 |    0 |          1 |
|             g_bank[2].u_sa                                        |                             system_alexnet_m4n8_0_0_alexnet_sa_m4n8_23 |       5280 |       5184 |       0 |   96 |  7560 |      0 |      0 |    0 |         64 |
|               (g_bank[2].u_sa)                                    |                             system_alexnet_m4n8_0_0_alexnet_sa_m4n8_23 |         96 |          0 |       0 |   96 |   584 |      0 |      0 |    0 |          0 |
|               g_pe_row[0].g_pe_col[0].u_pe                        |                          system_alexnet_m4n8_0_0_alexnet_packed_pe_348 |         81 |         81 |       0 |    0 |   109 |      0 |      0 |    0 |          1 |
|               g_pe_row[0].g_pe_col[10].u_pe                       |                          system_alexnet_m4n8_0_0_alexnet_packed_pe_349 |         81 |         81 |       0 |    0 |   109 |      0 |      0 |    0 |          1 |
|               g_pe_row[0].g_pe_col[11].u_pe                       |                          system_alexnet_m4n8_0_0_alexnet_packed_pe_350 |         81 |         81 |       0 |    0 |   109 |      0 |      0 |    0 |          1 |
|               g_pe_row[0].g_pe_col[12].u_pe                       |                          system_alexnet_m4n8_0_0_alexnet_packed_pe_351 |         81 |         81 |       0 |    0 |   109 |      0 |      0 |    0 |          1 |
|               g_pe_row[0].g_pe_col[13].u_pe                       |                          system_alexnet_m4n8_0_0_alexnet_packed_pe_352 |         81 |         81 |       0 |    0 |   109 |      0 |      0 |    0 |          1 |
|               g_pe_row[0].g_pe_col[14].u_pe                       |                          system_alexnet_m4n8_0_0_alexnet_packed_pe_353 |         81 |         81 |       0 |    0 |   109 |      0 |      0 |    0 |          1 |
|               g_pe_row[0].g_pe_col[15].u_pe                       |                          system_alexnet_m4n8_0_0_alexnet_packed_pe_354 |         81 |         81 |       0 |    0 |   109 |      0 |      0 |    0 |          1 |
|               g_pe_row[0].g_pe_col[1].u_pe                        |                          system_alexnet_m4n8_0_0_alexnet_packed_pe_355 |         81 |         81 |       0 |    0 |   109 |      0 |      0 |    0 |          1 |
|               g_pe_row[0].g_pe_col[2].u_pe                        |                          system_alexnet_m4n8_0_0_alexnet_packed_pe_356 |         81 |         81 |       0 |    0 |   109 |      0 |      0 |    0 |          1 |
|               g_pe_row[0].g_pe_col[3].u_pe                        |                          system_alexnet_m4n8_0_0_alexnet_packed_pe_357 |         81 |         81 |       0 |    0 |   109 |      0 |      0 |    0 |          1 |
|               g_pe_row[0].g_pe_col[4].u_pe                        |                          system_alexnet_m4n8_0_0_alexnet_packed_pe_358 |         81 |         81 |       0 |    0 |   109 |      0 |      0 |    0 |          1 |
|               g_pe_row[0].g_pe_col[5].u_pe                        |                          system_alexnet_m4n8_0_0_alexnet_packed_pe_359 |         81 |         81 |       0 |    0 |   109 |      0 |      0 |    0 |          1 |
|               g_pe_row[0].g_pe_col[6].u_pe                        |                          system_alexnet_m4n8_0_0_alexnet_packed_pe_360 |         81 |         81 |       0 |    0 |   109 |      0 |      0 |    0 |          1 |
|               g_pe_row[0].g_pe_col[7].u_pe                        |                          system_alexnet_m4n8_0_0_alexnet_packed_pe_361 |         81 |         81 |       0 |    0 |   109 |      0 |      0 |    0 |          1 |
|               g_pe_row[0].g_pe_col[8].u_pe                        |                          system_alexnet_m4n8_0_0_alexnet_packed_pe_362 |         81 |         81 |       0 |    0 |   109 |      0 |      0 |    0 |          1 |
|               g_pe_row[0].g_pe_col[9].u_pe                        |                          system_alexnet_m4n8_0_0_alexnet_packed_pe_363 |         81 |         81 |       0 |    0 |   109 |      0 |      0 |    0 |          1 |
|               g_pe_row[1].g_pe_col[0].u_pe                        |                          system_alexnet_m4n8_0_0_alexnet_packed_pe_364 |         81 |         81 |       0 |    0 |   109 |      0 |      0 |    0 |          1 |
|               g_pe_row[1].g_pe_col[10].u_pe                       |                          system_alexnet_m4n8_0_0_alexnet_packed_pe_365 |         81 |         81 |       0 |    0 |   109 |      0 |      0 |    0 |          1 |
|               g_pe_row[1].g_pe_col[11].u_pe                       |                          system_alexnet_m4n8_0_0_alexnet_packed_pe_366 |         81 |         81 |       0 |    0 |   109 |      0 |      0 |    0 |          1 |
|               g_pe_row[1].g_pe_col[12].u_pe                       |                          system_alexnet_m4n8_0_0_alexnet_packed_pe_367 |         81 |         81 |       0 |    0 |   109 |      0 |      0 |    0 |          1 |
|               g_pe_row[1].g_pe_col[13].u_pe                       |                          system_alexnet_m4n8_0_0_alexnet_packed_pe_368 |         81 |         81 |       0 |    0 |   109 |      0 |      0 |    0 |          1 |
|               g_pe_row[1].g_pe_col[14].u_pe                       |                          system_alexnet_m4n8_0_0_alexnet_packed_pe_369 |         81 |         81 |       0 |    0 |   109 |      0 |      0 |    0 |          1 |
|               g_pe_row[1].g_pe_col[15].u_pe                       |                          system_alexnet_m4n8_0_0_alexnet_packed_pe_370 |         81 |         81 |       0 |    0 |   109 |      0 |      0 |    0 |          1 |
|               g_pe_row[1].g_pe_col[1].u_pe                        |                          system_alexnet_m4n8_0_0_alexnet_packed_pe_371 |         81 |         81 |       0 |    0 |   109 |      0 |      0 |    0 |          1 |
|               g_pe_row[1].g_pe_col[2].u_pe                        |                          system_alexnet_m4n8_0_0_alexnet_packed_pe_372 |         81 |         81 |       0 |    0 |   109 |      0 |      0 |    0 |          1 |
|               g_pe_row[1].g_pe_col[3].u_pe                        |                          system_alexnet_m4n8_0_0_alexnet_packed_pe_373 |         81 |         81 |       0 |    0 |   109 |      0 |      0 |    0 |          1 |
|               g_pe_row[1].g_pe_col[4].u_pe                        |                          system_alexnet_m4n8_0_0_alexnet_packed_pe_374 |         81 |         81 |       0 |    0 |   109 |      0 |      0 |    0 |          1 |
|               g_pe_row[1].g_pe_col[5].u_pe                        |                          system_alexnet_m4n8_0_0_alexnet_packed_pe_375 |         81 |         81 |       0 |    0 |   109 |      0 |      0 |    0 |          1 |
|               g_pe_row[1].g_pe_col[6].u_pe                        |                          system_alexnet_m4n8_0_0_alexnet_packed_pe_376 |         81 |         81 |       0 |    0 |   109 |      0 |      0 |    0 |          1 |
|               g_pe_row[1].g_pe_col[7].u_pe                        |                          system_alexnet_m4n8_0_0_alexnet_packed_pe_377 |         81 |         81 |       0 |    0 |   109 |      0 |      0 |    0 |          1 |
|               g_pe_row[1].g_pe_col[8].u_pe                        |                          system_alexnet_m4n8_0_0_alexnet_packed_pe_378 |         81 |         81 |       0 |    0 |   109 |      0 |      0 |    0 |          1 |
|               g_pe_row[1].g_pe_col[9].u_pe                        |                          system_alexnet_m4n8_0_0_alexnet_packed_pe_379 |         81 |         81 |       0 |    0 |   109 |      0 |      0 |    0 |          1 |
|               g_pe_row[2].g_pe_col[0].u_pe                        |                          system_alexnet_m4n8_0_0_alexnet_packed_pe_380 |         81 |         81 |       0 |    0 |   109 |      0 |      0 |    0 |          1 |
|               g_pe_row[2].g_pe_col[10].u_pe                       |                          system_alexnet_m4n8_0_0_alexnet_packed_pe_381 |         81 |         81 |       0 |    0 |   109 |      0 |      0 |    0 |          1 |
|               g_pe_row[2].g_pe_col[11].u_pe                       |                          system_alexnet_m4n8_0_0_alexnet_packed_pe_382 |         81 |         81 |       0 |    0 |   109 |      0 |      0 |    0 |          1 |
|               g_pe_row[2].g_pe_col[12].u_pe                       |                          system_alexnet_m4n8_0_0_alexnet_packed_pe_383 |         81 |         81 |       0 |    0 |   109 |      0 |      0 |    0 |          1 |
|               g_pe_row[2].g_pe_col[13].u_pe                       |                          system_alexnet_m4n8_0_0_alexnet_packed_pe_384 |         81 |         81 |       0 |    0 |   109 |      0 |      0 |    0 |          1 |
|               g_pe_row[2].g_pe_col[14].u_pe                       |                          system_alexnet_m4n8_0_0_alexnet_packed_pe_385 |         81 |         81 |       0 |    0 |   109 |      0 |      0 |    0 |          1 |
|               g_pe_row[2].g_pe_col[15].u_pe                       |                          system_alexnet_m4n8_0_0_alexnet_packed_pe_386 |         81 |         81 |       0 |    0 |   109 |      0 |      0 |    0 |          1 |
|               g_pe_row[2].g_pe_col[1].u_pe                        |                          system_alexnet_m4n8_0_0_alexnet_packed_pe_387 |         81 |         81 |       0 |    0 |   109 |      0 |      0 |    0 |          1 |
|               g_pe_row[2].g_pe_col[2].u_pe                        |                          system_alexnet_m4n8_0_0_alexnet_packed_pe_388 |         81 |         81 |       0 |    0 |   109 |      0 |      0 |    0 |          1 |
|               g_pe_row[2].g_pe_col[3].u_pe                        |                          system_alexnet_m4n8_0_0_alexnet_packed_pe_389 |         81 |         81 |       0 |    0 |   109 |      0 |      0 |    0 |          1 |
|               g_pe_row[2].g_pe_col[4].u_pe                        |                          system_alexnet_m4n8_0_0_alexnet_packed_pe_390 |         81 |         81 |       0 |    0 |   109 |      0 |      0 |    0 |          1 |
|               g_pe_row[2].g_pe_col[5].u_pe                        |                          system_alexnet_m4n8_0_0_alexnet_packed_pe_391 |         81 |         81 |       0 |    0 |   109 |      0 |      0 |    0 |          1 |
|               g_pe_row[2].g_pe_col[6].u_pe                        |                          system_alexnet_m4n8_0_0_alexnet_packed_pe_392 |         81 |         81 |       0 |    0 |   109 |      0 |      0 |    0 |          1 |
|               g_pe_row[2].g_pe_col[7].u_pe                        |                          system_alexnet_m4n8_0_0_alexnet_packed_pe_393 |         81 |         81 |       0 |    0 |   109 |      0 |      0 |    0 |          1 |
|               g_pe_row[2].g_pe_col[8].u_pe                        |                          system_alexnet_m4n8_0_0_alexnet_packed_pe_394 |         81 |         81 |       0 |    0 |   109 |      0 |      0 |    0 |          1 |
|               g_pe_row[2].g_pe_col[9].u_pe                        |                          system_alexnet_m4n8_0_0_alexnet_packed_pe_395 |         81 |         81 |       0 |    0 |   109 |      0 |      0 |    0 |          1 |
|               g_pe_row[3].g_pe_col[0].u_pe                        |                          system_alexnet_m4n8_0_0_alexnet_packed_pe_396 |         81 |         81 |       0 |    0 |   109 |      0 |      0 |    0 |          1 |
|               g_pe_row[3].g_pe_col[10].u_pe                       |                          system_alexnet_m4n8_0_0_alexnet_packed_pe_397 |         81 |         81 |       0 |    0 |   109 |      0 |      0 |    0 |          1 |
|               g_pe_row[3].g_pe_col[11].u_pe                       |                          system_alexnet_m4n8_0_0_alexnet_packed_pe_398 |         81 |         81 |       0 |    0 |   109 |      0 |      0 |    0 |          1 |
|               g_pe_row[3].g_pe_col[12].u_pe                       |                          system_alexnet_m4n8_0_0_alexnet_packed_pe_399 |         81 |         81 |       0 |    0 |   109 |      0 |      0 |    0 |          1 |
|               g_pe_row[3].g_pe_col[13].u_pe                       |                          system_alexnet_m4n8_0_0_alexnet_packed_pe_400 |         81 |         81 |       0 |    0 |   109 |      0 |      0 |    0 |          1 |
|               g_pe_row[3].g_pe_col[14].u_pe                       |                          system_alexnet_m4n8_0_0_alexnet_packed_pe_401 |         81 |         81 |       0 |    0 |   109 |      0 |      0 |    0 |          1 |
|               g_pe_row[3].g_pe_col[15].u_pe                       |                          system_alexnet_m4n8_0_0_alexnet_packed_pe_402 |         81 |         81 |       0 |    0 |   109 |      0 |      0 |    0 |          1 |
|               g_pe_row[3].g_pe_col[1].u_pe                        |                          system_alexnet_m4n8_0_0_alexnet_packed_pe_403 |         81 |         81 |       0 |    0 |   109 |      0 |      0 |    0 |          1 |
|               g_pe_row[3].g_pe_col[2].u_pe                        |                          system_alexnet_m4n8_0_0_alexnet_packed_pe_404 |         81 |         81 |       0 |    0 |   109 |      0 |      0 |    0 |          1 |
|               g_pe_row[3].g_pe_col[3].u_pe                        |                          system_alexnet_m4n8_0_0_alexnet_packed_pe_405 |         81 |         81 |       0 |    0 |   109 |      0 |      0 |    0 |          1 |
|               g_pe_row[3].g_pe_col[4].u_pe                        |                          system_alexnet_m4n8_0_0_alexnet_packed_pe_406 |         81 |         81 |       0 |    0 |   109 |      0 |      0 |    0 |          1 |
|               g_pe_row[3].g_pe_col[5].u_pe                        |                          system_alexnet_m4n8_0_0_alexnet_packed_pe_407 |         81 |         81 |       0 |    0 |   109 |      0 |      0 |    0 |          1 |
|               g_pe_row[3].g_pe_col[6].u_pe                        |                          system_alexnet_m4n8_0_0_alexnet_packed_pe_408 |         81 |         81 |       0 |    0 |   109 |      0 |      0 |    0 |          1 |
|               g_pe_row[3].g_pe_col[7].u_pe                        |                          system_alexnet_m4n8_0_0_alexnet_packed_pe_409 |         81 |         81 |       0 |    0 |   109 |      0 |      0 |    0 |          1 |
|               g_pe_row[3].g_pe_col[8].u_pe                        |                          system_alexnet_m4n8_0_0_alexnet_packed_pe_410 |         81 |         81 |       0 |    0 |   109 |      0 |      0 |    0 |          1 |
|               g_pe_row[3].g_pe_col[9].u_pe                        |                          system_alexnet_m4n8_0_0_alexnet_packed_pe_411 |         81 |         81 |       0 |    0 |   109 |      0 |      0 |    0 |          1 |
|             g_bank[3].u_sa                                        |                             system_alexnet_m4n8_0_0_alexnet_sa_m4n8_24 |       9460 |       9355 |       0 |  105 |  8748 |      0 |      0 |    0 |         64 |
|               (g_bank[3].u_sa)                                    |                             system_alexnet_m4n8_0_0_alexnet_sa_m4n8_24 |        105 |          0 |       0 |  105 |  1756 |      0 |      0 |    0 |          0 |
|               g_pe_row[0].g_pe_col[0].u_pe                        |                          system_alexnet_m4n8_0_0_alexnet_packed_pe_284 |        147 |        147 |       0 |    0 |   109 |      0 |      0 |    0 |          1 |
|               g_pe_row[0].g_pe_col[10].u_pe                       |                          system_alexnet_m4n8_0_0_alexnet_packed_pe_285 |        148 |        148 |       0 |    0 |   109 |      0 |      0 |    0 |          1 |
|               g_pe_row[0].g_pe_col[11].u_pe                       |                          system_alexnet_m4n8_0_0_alexnet_packed_pe_286 |        147 |        147 |       0 |    0 |   109 |      0 |      0 |    0 |          1 |
|               g_pe_row[0].g_pe_col[12].u_pe                       |                          system_alexnet_m4n8_0_0_alexnet_packed_pe_287 |        147 |        147 |       0 |    0 |   109 |      0 |      0 |    0 |          1 |
|               g_pe_row[0].g_pe_col[13].u_pe                       |                          system_alexnet_m4n8_0_0_alexnet_packed_pe_288 |        147 |        147 |       0 |    0 |   109 |      0 |      0 |    0 |          1 |
|               g_pe_row[0].g_pe_col[14].u_pe                       |                          system_alexnet_m4n8_0_0_alexnet_packed_pe_289 |        148 |        148 |       0 |    0 |   109 |      0 |      0 |    0 |          1 |
|               g_pe_row[0].g_pe_col[15].u_pe                       |                          system_alexnet_m4n8_0_0_alexnet_packed_pe_290 |        147 |        147 |       0 |    0 |   109 |      0 |      0 |    0 |          1 |
|               g_pe_row[0].g_pe_col[1].u_pe                        |                          system_alexnet_m4n8_0_0_alexnet_packed_pe_291 |        148 |        148 |       0 |    0 |   109 |      0 |      0 |    0 |          1 |
|               g_pe_row[0].g_pe_col[2].u_pe                        |                          system_alexnet_m4n8_0_0_alexnet_packed_pe_292 |        147 |        147 |       0 |    0 |   109 |      0 |      0 |    0 |          1 |
|               g_pe_row[0].g_pe_col[3].u_pe                        |                          system_alexnet_m4n8_0_0_alexnet_packed_pe_293 |        147 |        147 |       0 |    0 |   109 |      0 |      0 |    0 |          1 |
|               g_pe_row[0].g_pe_col[4].u_pe                        |                          system_alexnet_m4n8_0_0_alexnet_packed_pe_294 |        147 |        147 |       0 |    0 |   109 |      0 |      0 |    0 |          1 |
|               g_pe_row[0].g_pe_col[5].u_pe                        |                          system_alexnet_m4n8_0_0_alexnet_packed_pe_295 |        148 |        148 |       0 |    0 |   109 |      0 |      0 |    0 |          1 |
|               g_pe_row[0].g_pe_col[6].u_pe                        |                          system_alexnet_m4n8_0_0_alexnet_packed_pe_296 |        147 |        147 |       0 |    0 |   109 |      0 |      0 |    0 |          1 |
|               g_pe_row[0].g_pe_col[7].u_pe                        |                          system_alexnet_m4n8_0_0_alexnet_packed_pe_297 |        147 |        147 |       0 |    0 |   109 |      0 |      0 |    0 |          1 |
|               g_pe_row[0].g_pe_col[8].u_pe                        |                          system_alexnet_m4n8_0_0_alexnet_packed_pe_298 |        147 |        147 |       0 |    0 |   109 |      0 |      0 |    0 |          1 |
|               g_pe_row[0].g_pe_col[9].u_pe                        |                          system_alexnet_m4n8_0_0_alexnet_packed_pe_299 |        147 |        147 |       0 |    0 |   109 |      0 |      0 |    0 |          1 |
|               g_pe_row[1].g_pe_col[0].u_pe                        |                          system_alexnet_m4n8_0_0_alexnet_packed_pe_300 |        147 |        147 |       0 |    0 |   109 |      0 |      0 |    0 |          1 |
|               g_pe_row[1].g_pe_col[10].u_pe                       |                          system_alexnet_m4n8_0_0_alexnet_packed_pe_301 |        148 |        148 |       0 |    0 |   109 |      0 |      0 |    0 |          1 |
|               g_pe_row[1].g_pe_col[11].u_pe                       |                          system_alexnet_m4n8_0_0_alexnet_packed_pe_302 |        143 |        143 |       0 |    0 |   109 |      0 |      0 |    0 |          1 |
|               g_pe_row[1].g_pe_col[12].u_pe                       |                          system_alexnet_m4n8_0_0_alexnet_packed_pe_303 |        143 |        143 |       0 |    0 |   109 |      0 |      0 |    0 |          1 |
|               g_pe_row[1].g_pe_col[13].u_pe                       |                          system_alexnet_m4n8_0_0_alexnet_packed_pe_304 |        143 |        143 |       0 |    0 |   109 |      0 |      0 |    0 |          1 |
|               g_pe_row[1].g_pe_col[14].u_pe                       |                          system_alexnet_m4n8_0_0_alexnet_packed_pe_305 |        144 |        144 |       0 |    0 |   109 |      0 |      0 |    0 |          1 |
|               g_pe_row[1].g_pe_col[15].u_pe                       |                          system_alexnet_m4n8_0_0_alexnet_packed_pe_306 |        143 |        143 |       0 |    0 |   109 |      0 |      0 |    0 |          1 |
|               g_pe_row[1].g_pe_col[1].u_pe                        |                          system_alexnet_m4n8_0_0_alexnet_packed_pe_307 |        152 |        152 |       0 |    0 |   109 |      0 |      0 |    0 |          1 |
|               g_pe_row[1].g_pe_col[2].u_pe                        |                          system_alexnet_m4n8_0_0_alexnet_packed_pe_308 |        147 |        147 |       0 |    0 |   109 |      0 |      0 |    0 |          1 |
|               g_pe_row[1].g_pe_col[3].u_pe                        |                          system_alexnet_m4n8_0_0_alexnet_packed_pe_309 |        147 |        147 |       0 |    0 |   109 |      0 |      0 |    0 |          1 |
|               g_pe_row[1].g_pe_col[4].u_pe                        |                          system_alexnet_m4n8_0_0_alexnet_packed_pe_310 |        147 |        147 |       0 |    0 |   109 |      0 |      0 |    0 |          1 |
|               g_pe_row[1].g_pe_col[5].u_pe                        |                          system_alexnet_m4n8_0_0_alexnet_packed_pe_311 |        148 |        148 |       0 |    0 |   109 |      0 |      0 |    0 |          1 |
|               g_pe_row[1].g_pe_col[6].u_pe                        |                          system_alexnet_m4n8_0_0_alexnet_packed_pe_312 |        147 |        147 |       0 |    0 |   109 |      0 |      0 |    0 |          1 |
|               g_pe_row[1].g_pe_col[7].u_pe                        |                          system_alexnet_m4n8_0_0_alexnet_packed_pe_313 |        147 |        147 |       0 |    0 |   109 |      0 |      0 |    0 |          1 |
|               g_pe_row[1].g_pe_col[8].u_pe                        |                          system_alexnet_m4n8_0_0_alexnet_packed_pe_314 |        147 |        147 |       0 |    0 |   109 |      0 |      0 |    0 |          1 |
|               g_pe_row[1].g_pe_col[9].u_pe                        |                          system_alexnet_m4n8_0_0_alexnet_packed_pe_315 |        147 |        147 |       0 |    0 |   109 |      0 |      0 |    0 |          1 |
|               g_pe_row[2].g_pe_col[0].u_pe                        |                          system_alexnet_m4n8_0_0_alexnet_packed_pe_316 |        147 |        147 |       0 |    0 |   109 |      0 |      0 |    0 |          1 |
|               g_pe_row[2].g_pe_col[10].u_pe                       |                          system_alexnet_m4n8_0_0_alexnet_packed_pe_317 |        149 |        149 |       0 |    0 |   109 |      0 |      0 |    0 |          1 |
|               g_pe_row[2].g_pe_col[11].u_pe                       |                          system_alexnet_m4n8_0_0_alexnet_packed_pe_318 |        142 |        142 |       0 |    0 |   109 |      0 |      0 |    0 |          1 |
|               g_pe_row[2].g_pe_col[12].u_pe                       |                          system_alexnet_m4n8_0_0_alexnet_packed_pe_319 |        143 |        143 |       0 |    0 |   109 |      0 |      0 |    0 |          1 |
|               g_pe_row[2].g_pe_col[13].u_pe                       |                          system_alexnet_m4n8_0_0_alexnet_packed_pe_320 |        142 |        142 |       0 |    0 |   109 |      0 |      0 |    0 |          1 |
|               g_pe_row[2].g_pe_col[14].u_pe                       |                          system_alexnet_m4n8_0_0_alexnet_packed_pe_321 |        143 |        143 |       0 |    0 |   109 |      0 |      0 |    0 |          1 |
|               g_pe_row[2].g_pe_col[15].u_pe                       |                          system_alexnet_m4n8_0_0_alexnet_packed_pe_322 |        142 |        142 |       0 |    0 |   109 |      0 |      0 |    0 |          1 |
|               g_pe_row[2].g_pe_col[1].u_pe                        |                          system_alexnet_m4n8_0_0_alexnet_packed_pe_323 |        147 |        147 |       0 |    0 |   109 |      0 |      0 |    0 |          1 |
|               g_pe_row[2].g_pe_col[2].u_pe                        |                          system_alexnet_m4n8_0_0_alexnet_packed_pe_324 |        147 |        147 |       0 |    0 |   109 |      0 |      0 |    0 |          1 |
|               g_pe_row[2].g_pe_col[3].u_pe                        |                          system_alexnet_m4n8_0_0_alexnet_packed_pe_325 |        147 |        147 |       0 |    0 |   109 |      0 |      0 |    0 |          1 |
|               g_pe_row[2].g_pe_col[4].u_pe                        |                          system_alexnet_m4n8_0_0_alexnet_packed_pe_326 |        147 |        147 |       0 |    0 |   109 |      0 |      0 |    0 |          1 |
|               g_pe_row[2].g_pe_col[5].u_pe                        |                          system_alexnet_m4n8_0_0_alexnet_packed_pe_327 |        147 |        147 |       0 |    0 |   109 |      0 |      0 |    0 |          1 |
|               g_pe_row[2].g_pe_col[6].u_pe                        |                          system_alexnet_m4n8_0_0_alexnet_packed_pe_328 |        147 |        147 |       0 |    0 |   109 |      0 |      0 |    0 |          1 |
|               g_pe_row[2].g_pe_col[7].u_pe                        |                          system_alexnet_m4n8_0_0_alexnet_packed_pe_329 |        147 |        147 |       0 |    0 |   109 |      0 |      0 |    0 |          1 |
|               g_pe_row[2].g_pe_col[8].u_pe                        |                          system_alexnet_m4n8_0_0_alexnet_packed_pe_330 |        148 |        148 |       0 |    0 |   109 |      0 |      0 |    0 |          1 |
|               g_pe_row[2].g_pe_col[9].u_pe                        |                          system_alexnet_m4n8_0_0_alexnet_packed_pe_331 |        147 |        147 |       0 |    0 |   109 |      0 |      0 |    0 |          1 |
|               g_pe_row[3].g_pe_col[0].u_pe                        |                          system_alexnet_m4n8_0_0_alexnet_packed_pe_332 |        147 |        147 |       0 |    0 |   109 |      0 |      0 |    0 |          1 |
|               g_pe_row[3].g_pe_col[10].u_pe                       |                          system_alexnet_m4n8_0_0_alexnet_packed_pe_333 |        144 |        144 |       0 |    0 |   109 |      0 |      0 |    0 |          1 |
|               g_pe_row[3].g_pe_col[11].u_pe                       |                          system_alexnet_m4n8_0_0_alexnet_packed_pe_334 |        142 |        142 |       0 |    0 |   117 |      0 |      0 |    0 |          1 |
|               g_pe_row[3].g_pe_col[12].u_pe                       |                          system_alexnet_m4n8_0_0_alexnet_packed_pe_335 |        143 |        143 |       0 |    0 |   109 |      0 |      0 |    0 |          1 |
|               g_pe_row[3].g_pe_col[13].u_pe                       |                          system_alexnet_m4n8_0_0_alexnet_packed_pe_336 |        142 |        142 |       0 |    0 |   117 |      0 |      0 |    0 |          1 |
|               g_pe_row[3].g_pe_col[14].u_pe                       |                          system_alexnet_m4n8_0_0_alexnet_packed_pe_337 |        143 |        143 |       0 |    0 |   109 |      0 |      0 |    0 |          1 |
|               g_pe_row[3].g_pe_col[15].u_pe                       |                          system_alexnet_m4n8_0_0_alexnet_packed_pe_338 |        142 |        142 |       0 |    0 |   109 |      0 |      0 |    0 |          1 |
|               g_pe_row[3].g_pe_col[1].u_pe                        |                          system_alexnet_m4n8_0_0_alexnet_packed_pe_339 |        147 |        147 |       0 |    0 |   109 |      0 |      0 |    0 |          1 |
|               g_pe_row[3].g_pe_col[2].u_pe                        |                          system_alexnet_m4n8_0_0_alexnet_packed_pe_340 |        147 |        147 |       0 |    0 |   109 |      0 |      0 |    0 |          1 |
|               g_pe_row[3].g_pe_col[3].u_pe                        |                          system_alexnet_m4n8_0_0_alexnet_packed_pe_341 |        147 |        147 |       0 |    0 |   109 |      0 |      0 |    0 |          1 |
|               g_pe_row[3].g_pe_col[4].u_pe                        |                          system_alexnet_m4n8_0_0_alexnet_packed_pe_342 |        147 |        147 |       0 |    0 |   109 |      0 |      0 |    0 |          1 |
|               g_pe_row[3].g_pe_col[5].u_pe                        |                          system_alexnet_m4n8_0_0_alexnet_packed_pe_343 |        147 |        147 |       0 |    0 |   109 |      0 |      0 |    0 |          1 |
|               g_pe_row[3].g_pe_col[6].u_pe                        |                          system_alexnet_m4n8_0_0_alexnet_packed_pe_344 |        147 |        147 |       0 |    0 |   109 |      0 |      0 |    0 |          1 |
|               g_pe_row[3].g_pe_col[7].u_pe                        |                          system_alexnet_m4n8_0_0_alexnet_packed_pe_345 |        147 |        147 |       0 |    0 |   109 |      0 |      0 |    0 |          1 |
|               g_pe_row[3].g_pe_col[8].u_pe                        |                          system_alexnet_m4n8_0_0_alexnet_packed_pe_346 |        148 |        148 |       0 |    0 |   109 |      0 |      0 |    0 |          1 |
|               g_pe_row[3].g_pe_col[9].u_pe                        |                          system_alexnet_m4n8_0_0_alexnet_packed_pe_347 |        147 |        147 |       0 |    0 |   109 |      0 |      0 |    0 |          1 |
|             g_bank[4].u_sa                                        |                             system_alexnet_m4n8_0_0_alexnet_sa_m4n8_25 |       5280 |       5184 |       0 |   96 |  7560 |      0 |      0 |    0 |         64 |
|               (g_bank[4].u_sa)                                    |                             system_alexnet_m4n8_0_0_alexnet_sa_m4n8_25 |         96 |          0 |       0 |   96 |   584 |      0 |      0 |    0 |          0 |
|               g_pe_row[0].g_pe_col[0].u_pe                        |                          system_alexnet_m4n8_0_0_alexnet_packed_pe_220 |         81 |         81 |       0 |    0 |   109 |      0 |      0 |    0 |          1 |
|               g_pe_row[0].g_pe_col[10].u_pe                       |                          system_alexnet_m4n8_0_0_alexnet_packed_pe_221 |         81 |         81 |       0 |    0 |   109 |      0 |      0 |    0 |          1 |
|               g_pe_row[0].g_pe_col[11].u_pe                       |                          system_alexnet_m4n8_0_0_alexnet_packed_pe_222 |         81 |         81 |       0 |    0 |   109 |      0 |      0 |    0 |          1 |
|               g_pe_row[0].g_pe_col[12].u_pe                       |                          system_alexnet_m4n8_0_0_alexnet_packed_pe_223 |         81 |         81 |       0 |    0 |   109 |      0 |      0 |    0 |          1 |
|               g_pe_row[0].g_pe_col[13].u_pe                       |                          system_alexnet_m4n8_0_0_alexnet_packed_pe_224 |         81 |         81 |       0 |    0 |   109 |      0 |      0 |    0 |          1 |
|               g_pe_row[0].g_pe_col[14].u_pe                       |                          system_alexnet_m4n8_0_0_alexnet_packed_pe_225 |         81 |         81 |       0 |    0 |   109 |      0 |      0 |    0 |          1 |
|               g_pe_row[0].g_pe_col[15].u_pe                       |                          system_alexnet_m4n8_0_0_alexnet_packed_pe_226 |         81 |         81 |       0 |    0 |   109 |      0 |      0 |    0 |          1 |
|               g_pe_row[0].g_pe_col[1].u_pe                        |                          system_alexnet_m4n8_0_0_alexnet_packed_pe_227 |         81 |         81 |       0 |    0 |   109 |      0 |      0 |    0 |          1 |
|               g_pe_row[0].g_pe_col[2].u_pe                        |                          system_alexnet_m4n8_0_0_alexnet_packed_pe_228 |         81 |         81 |       0 |    0 |   109 |      0 |      0 |    0 |          1 |
|               g_pe_row[0].g_pe_col[3].u_pe                        |                          system_alexnet_m4n8_0_0_alexnet_packed_pe_229 |         81 |         81 |       0 |    0 |   109 |      0 |      0 |    0 |          1 |
|               g_pe_row[0].g_pe_col[4].u_pe                        |                          system_alexnet_m4n8_0_0_alexnet_packed_pe_230 |         81 |         81 |       0 |    0 |   109 |      0 |      0 |    0 |          1 |
|               g_pe_row[0].g_pe_col[5].u_pe                        |                          system_alexnet_m4n8_0_0_alexnet_packed_pe_231 |         81 |         81 |       0 |    0 |   109 |      0 |      0 |    0 |          1 |
|               g_pe_row[0].g_pe_col[6].u_pe                        |                          system_alexnet_m4n8_0_0_alexnet_packed_pe_232 |         81 |         81 |       0 |    0 |   109 |      0 |      0 |    0 |          1 |
|               g_pe_row[0].g_pe_col[7].u_pe                        |                          system_alexnet_m4n8_0_0_alexnet_packed_pe_233 |         81 |         81 |       0 |    0 |   109 |      0 |      0 |    0 |          1 |
|               g_pe_row[0].g_pe_col[8].u_pe                        |                          system_alexnet_m4n8_0_0_alexnet_packed_pe_234 |         81 |         81 |       0 |    0 |   109 |      0 |      0 |    0 |          1 |
|               g_pe_row[0].g_pe_col[9].u_pe                        |                          system_alexnet_m4n8_0_0_alexnet_packed_pe_235 |         81 |         81 |       0 |    0 |   109 |      0 |      0 |    0 |          1 |
|               g_pe_row[1].g_pe_col[0].u_pe                        |                          system_alexnet_m4n8_0_0_alexnet_packed_pe_236 |         81 |         81 |       0 |    0 |   109 |      0 |      0 |    0 |          1 |
|               g_pe_row[1].g_pe_col[10].u_pe                       |                          system_alexnet_m4n8_0_0_alexnet_packed_pe_237 |         81 |         81 |       0 |    0 |   109 |      0 |      0 |    0 |          1 |
|               g_pe_row[1].g_pe_col[11].u_pe                       |                          system_alexnet_m4n8_0_0_alexnet_packed_pe_238 |         81 |         81 |       0 |    0 |   109 |      0 |      0 |    0 |          1 |
|               g_pe_row[1].g_pe_col[12].u_pe                       |                          system_alexnet_m4n8_0_0_alexnet_packed_pe_239 |         81 |         81 |       0 |    0 |   109 |      0 |      0 |    0 |          1 |
|               g_pe_row[1].g_pe_col[13].u_pe                       |                          system_alexnet_m4n8_0_0_alexnet_packed_pe_240 |         81 |         81 |       0 |    0 |   109 |      0 |      0 |    0 |          1 |
|               g_pe_row[1].g_pe_col[14].u_pe                       |                          system_alexnet_m4n8_0_0_alexnet_packed_pe_241 |         81 |         81 |       0 |    0 |   109 |      0 |      0 |    0 |          1 |
|               g_pe_row[1].g_pe_col[15].u_pe                       |                          system_alexnet_m4n8_0_0_alexnet_packed_pe_242 |         81 |         81 |       0 |    0 |   109 |      0 |      0 |    0 |          1 |
|               g_pe_row[1].g_pe_col[1].u_pe                        |                          system_alexnet_m4n8_0_0_alexnet_packed_pe_243 |         81 |         81 |       0 |    0 |   109 |      0 |      0 |    0 |          1 |
|               g_pe_row[1].g_pe_col[2].u_pe                        |                          system_alexnet_m4n8_0_0_alexnet_packed_pe_244 |         81 |         81 |       0 |    0 |   109 |      0 |      0 |    0 |          1 |
|               g_pe_row[1].g_pe_col[3].u_pe                        |                          system_alexnet_m4n8_0_0_alexnet_packed_pe_245 |         81 |         81 |       0 |    0 |   109 |      0 |      0 |    0 |          1 |
|               g_pe_row[1].g_pe_col[4].u_pe                        |                          system_alexnet_m4n8_0_0_alexnet_packed_pe_246 |         81 |         81 |       0 |    0 |   109 |      0 |      0 |    0 |          1 |
|               g_pe_row[1].g_pe_col[5].u_pe                        |                          system_alexnet_m4n8_0_0_alexnet_packed_pe_247 |         81 |         81 |       0 |    0 |   109 |      0 |      0 |    0 |          1 |
|               g_pe_row[1].g_pe_col[6].u_pe                        |                          system_alexnet_m4n8_0_0_alexnet_packed_pe_248 |         81 |         81 |       0 |    0 |   109 |      0 |      0 |    0 |          1 |
|               g_pe_row[1].g_pe_col[7].u_pe                        |                          system_alexnet_m4n8_0_0_alexnet_packed_pe_249 |         81 |         81 |       0 |    0 |   109 |      0 |      0 |    0 |          1 |
|               g_pe_row[1].g_pe_col[8].u_pe                        |                          system_alexnet_m4n8_0_0_alexnet_packed_pe_250 |         81 |         81 |       0 |    0 |   109 |      0 |      0 |    0 |          1 |
|               g_pe_row[1].g_pe_col[9].u_pe                        |                          system_alexnet_m4n8_0_0_alexnet_packed_pe_251 |         81 |         81 |       0 |    0 |   109 |      0 |      0 |    0 |          1 |
|               g_pe_row[2].g_pe_col[0].u_pe                        |                          system_alexnet_m4n8_0_0_alexnet_packed_pe_252 |         81 |         81 |       0 |    0 |   109 |      0 |      0 |    0 |          1 |
|               g_pe_row[2].g_pe_col[10].u_pe                       |                          system_alexnet_m4n8_0_0_alexnet_packed_pe_253 |         81 |         81 |       0 |    0 |   109 |      0 |      0 |    0 |          1 |
|               g_pe_row[2].g_pe_col[11].u_pe                       |                          system_alexnet_m4n8_0_0_alexnet_packed_pe_254 |         81 |         81 |       0 |    0 |   109 |      0 |      0 |    0 |          1 |
|               g_pe_row[2].g_pe_col[12].u_pe                       |                          system_alexnet_m4n8_0_0_alexnet_packed_pe_255 |         81 |         81 |       0 |    0 |   109 |      0 |      0 |    0 |          1 |
|               g_pe_row[2].g_pe_col[13].u_pe                       |                          system_alexnet_m4n8_0_0_alexnet_packed_pe_256 |         81 |         81 |       0 |    0 |   109 |      0 |      0 |    0 |          1 |
|               g_pe_row[2].g_pe_col[14].u_pe                       |                          system_alexnet_m4n8_0_0_alexnet_packed_pe_257 |         81 |         81 |       0 |    0 |   109 |      0 |      0 |    0 |          1 |
|               g_pe_row[2].g_pe_col[15].u_pe                       |                          system_alexnet_m4n8_0_0_alexnet_packed_pe_258 |         81 |         81 |       0 |    0 |   109 |      0 |      0 |    0 |          1 |
|               g_pe_row[2].g_pe_col[1].u_pe                        |                          system_alexnet_m4n8_0_0_alexnet_packed_pe_259 |         81 |         81 |       0 |    0 |   109 |      0 |      0 |    0 |          1 |
|               g_pe_row[2].g_pe_col[2].u_pe                        |                          system_alexnet_m4n8_0_0_alexnet_packed_pe_260 |         81 |         81 |       0 |    0 |   109 |      0 |      0 |    0 |          1 |
|               g_pe_row[2].g_pe_col[3].u_pe                        |                          system_alexnet_m4n8_0_0_alexnet_packed_pe_261 |         81 |         81 |       0 |    0 |   109 |      0 |      0 |    0 |          1 |
|               g_pe_row[2].g_pe_col[4].u_pe                        |                          system_alexnet_m4n8_0_0_alexnet_packed_pe_262 |         81 |         81 |       0 |    0 |   109 |      0 |      0 |    0 |          1 |
|               g_pe_row[2].g_pe_col[5].u_pe                        |                          system_alexnet_m4n8_0_0_alexnet_packed_pe_263 |         81 |         81 |       0 |    0 |   109 |      0 |      0 |    0 |          1 |
|               g_pe_row[2].g_pe_col[6].u_pe                        |                          system_alexnet_m4n8_0_0_alexnet_packed_pe_264 |         81 |         81 |       0 |    0 |   109 |      0 |      0 |    0 |          1 |
|               g_pe_row[2].g_pe_col[7].u_pe                        |                          system_alexnet_m4n8_0_0_alexnet_packed_pe_265 |         81 |         81 |       0 |    0 |   109 |      0 |      0 |    0 |          1 |
|               g_pe_row[2].g_pe_col[8].u_pe                        |                          system_alexnet_m4n8_0_0_alexnet_packed_pe_266 |         81 |         81 |       0 |    0 |   109 |      0 |      0 |    0 |          1 |
|               g_pe_row[2].g_pe_col[9].u_pe                        |                          system_alexnet_m4n8_0_0_alexnet_packed_pe_267 |         81 |         81 |       0 |    0 |   109 |      0 |      0 |    0 |          1 |
|               g_pe_row[3].g_pe_col[0].u_pe                        |                          system_alexnet_m4n8_0_0_alexnet_packed_pe_268 |         81 |         81 |       0 |    0 |   109 |      0 |      0 |    0 |          1 |
|               g_pe_row[3].g_pe_col[10].u_pe                       |                          system_alexnet_m4n8_0_0_alexnet_packed_pe_269 |         81 |         81 |       0 |    0 |   109 |      0 |      0 |    0 |          1 |
|               g_pe_row[3].g_pe_col[11].u_pe                       |                          system_alexnet_m4n8_0_0_alexnet_packed_pe_270 |         81 |         81 |       0 |    0 |   109 |      0 |      0 |    0 |          1 |
|               g_pe_row[3].g_pe_col[12].u_pe                       |                          system_alexnet_m4n8_0_0_alexnet_packed_pe_271 |         81 |         81 |       0 |    0 |   109 |      0 |      0 |    0 |          1 |
|               g_pe_row[3].g_pe_col[13].u_pe                       |                          system_alexnet_m4n8_0_0_alexnet_packed_pe_272 |         81 |         81 |       0 |    0 |   109 |      0 |      0 |    0 |          1 |
|               g_pe_row[3].g_pe_col[14].u_pe                       |                          system_alexnet_m4n8_0_0_alexnet_packed_pe_273 |         81 |         81 |       0 |    0 |   109 |      0 |      0 |    0 |          1 |
|               g_pe_row[3].g_pe_col[15].u_pe                       |                          system_alexnet_m4n8_0_0_alexnet_packed_pe_274 |         81 |         81 |       0 |    0 |   109 |      0 |      0 |    0 |          1 |
|               g_pe_row[3].g_pe_col[1].u_pe                        |                          system_alexnet_m4n8_0_0_alexnet_packed_pe_275 |         81 |         81 |       0 |    0 |   109 |      0 |      0 |    0 |          1 |
|               g_pe_row[3].g_pe_col[2].u_pe                        |                          system_alexnet_m4n8_0_0_alexnet_packed_pe_276 |         81 |         81 |       0 |    0 |   109 |      0 |      0 |    0 |          1 |
|               g_pe_row[3].g_pe_col[3].u_pe                        |                          system_alexnet_m4n8_0_0_alexnet_packed_pe_277 |         81 |         81 |       0 |    0 |   109 |      0 |      0 |    0 |          1 |
|               g_pe_row[3].g_pe_col[4].u_pe                        |                          system_alexnet_m4n8_0_0_alexnet_packed_pe_278 |         81 |         81 |       0 |    0 |   109 |      0 |      0 |    0 |          1 |
|               g_pe_row[3].g_pe_col[5].u_pe                        |                          system_alexnet_m4n8_0_0_alexnet_packed_pe_279 |         81 |         81 |       0 |    0 |   109 |      0 |      0 |    0 |          1 |
|               g_pe_row[3].g_pe_col[6].u_pe                        |                          system_alexnet_m4n8_0_0_alexnet_packed_pe_280 |         81 |         81 |       0 |    0 |   109 |      0 |      0 |    0 |          1 |
|               g_pe_row[3].g_pe_col[7].u_pe                        |                          system_alexnet_m4n8_0_0_alexnet_packed_pe_281 |         81 |         81 |       0 |    0 |   109 |      0 |      0 |    0 |          1 |
|               g_pe_row[3].g_pe_col[8].u_pe                        |                          system_alexnet_m4n8_0_0_alexnet_packed_pe_282 |         81 |         81 |       0 |    0 |   109 |      0 |      0 |    0 |          1 |
|               g_pe_row[3].g_pe_col[9].u_pe                        |                          system_alexnet_m4n8_0_0_alexnet_packed_pe_283 |         81 |         81 |       0 |    0 |   109 |      0 |      0 |    0 |          1 |
|             g_bank[5].u_sa                                        |                             system_alexnet_m4n8_0_0_alexnet_sa_m4n8_26 |       5280 |       5184 |       0 |   96 |  7560 |      0 |      0 |    0 |         64 |
|               (g_bank[5].u_sa)                                    |                             system_alexnet_m4n8_0_0_alexnet_sa_m4n8_26 |         96 |          0 |       0 |   96 |   584 |      0 |      0 |    0 |          0 |
|               g_pe_row[0].g_pe_col[0].u_pe                        |                          system_alexnet_m4n8_0_0_alexnet_packed_pe_156 |         81 |         81 |       0 |    0 |   109 |      0 |      0 |    0 |          1 |
|               g_pe_row[0].g_pe_col[10].u_pe                       |                          system_alexnet_m4n8_0_0_alexnet_packed_pe_157 |         81 |         81 |       0 |    0 |   109 |      0 |      0 |    0 |          1 |
|               g_pe_row[0].g_pe_col[11].u_pe                       |                          system_alexnet_m4n8_0_0_alexnet_packed_pe_158 |         81 |         81 |       0 |    0 |   109 |      0 |      0 |    0 |          1 |
|               g_pe_row[0].g_pe_col[12].u_pe                       |                          system_alexnet_m4n8_0_0_alexnet_packed_pe_159 |         81 |         81 |       0 |    0 |   109 |      0 |      0 |    0 |          1 |
|               g_pe_row[0].g_pe_col[13].u_pe                       |                          system_alexnet_m4n8_0_0_alexnet_packed_pe_160 |         81 |         81 |       0 |    0 |   109 |      0 |      0 |    0 |          1 |
|               g_pe_row[0].g_pe_col[14].u_pe                       |                          system_alexnet_m4n8_0_0_alexnet_packed_pe_161 |         81 |         81 |       0 |    0 |   109 |      0 |      0 |    0 |          1 |
|               g_pe_row[0].g_pe_col[15].u_pe                       |                          system_alexnet_m4n8_0_0_alexnet_packed_pe_162 |         81 |         81 |       0 |    0 |   109 |      0 |      0 |    0 |          1 |
|               g_pe_row[0].g_pe_col[1].u_pe                        |                          system_alexnet_m4n8_0_0_alexnet_packed_pe_163 |         81 |         81 |       0 |    0 |   109 |      0 |      0 |    0 |          1 |
|               g_pe_row[0].g_pe_col[2].u_pe                        |                          system_alexnet_m4n8_0_0_alexnet_packed_pe_164 |         81 |         81 |       0 |    0 |   109 |      0 |      0 |    0 |          1 |
|               g_pe_row[0].g_pe_col[3].u_pe                        |                          system_alexnet_m4n8_0_0_alexnet_packed_pe_165 |         81 |         81 |       0 |    0 |   109 |      0 |      0 |    0 |          1 |
|               g_pe_row[0].g_pe_col[4].u_pe                        |                          system_alexnet_m4n8_0_0_alexnet_packed_pe_166 |         81 |         81 |       0 |    0 |   109 |      0 |      0 |    0 |          1 |
|               g_pe_row[0].g_pe_col[5].u_pe                        |                          system_alexnet_m4n8_0_0_alexnet_packed_pe_167 |         81 |         81 |       0 |    0 |   109 |      0 |      0 |    0 |          1 |
|               g_pe_row[0].g_pe_col[6].u_pe                        |                          system_alexnet_m4n8_0_0_alexnet_packed_pe_168 |         81 |         81 |       0 |    0 |   109 |      0 |      0 |    0 |          1 |
|               g_pe_row[0].g_pe_col[7].u_pe                        |                          system_alexnet_m4n8_0_0_alexnet_packed_pe_169 |         81 |         81 |       0 |    0 |   109 |      0 |      0 |    0 |          1 |
|               g_pe_row[0].g_pe_col[8].u_pe                        |                          system_alexnet_m4n8_0_0_alexnet_packed_pe_170 |         81 |         81 |       0 |    0 |   109 |      0 |      0 |    0 |          1 |
|               g_pe_row[0].g_pe_col[9].u_pe                        |                          system_alexnet_m4n8_0_0_alexnet_packed_pe_171 |         81 |         81 |       0 |    0 |   109 |      0 |      0 |    0 |          1 |
|               g_pe_row[1].g_pe_col[0].u_pe                        |                          system_alexnet_m4n8_0_0_alexnet_packed_pe_172 |         81 |         81 |       0 |    0 |   109 |      0 |      0 |    0 |          1 |
|               g_pe_row[1].g_pe_col[10].u_pe                       |                          system_alexnet_m4n8_0_0_alexnet_packed_pe_173 |         81 |         81 |       0 |    0 |   109 |      0 |      0 |    0 |          1 |
|               g_pe_row[1].g_pe_col[11].u_pe                       |                          system_alexnet_m4n8_0_0_alexnet_packed_pe_174 |         81 |         81 |       0 |    0 |   109 |      0 |      0 |    0 |          1 |
|               g_pe_row[1].g_pe_col[12].u_pe                       |                          system_alexnet_m4n8_0_0_alexnet_packed_pe_175 |         81 |         81 |       0 |    0 |   109 |      0 |      0 |    0 |          1 |
|               g_pe_row[1].g_pe_col[13].u_pe                       |                          system_alexnet_m4n8_0_0_alexnet_packed_pe_176 |         81 |         81 |       0 |    0 |   109 |      0 |      0 |    0 |          1 |
|               g_pe_row[1].g_pe_col[14].u_pe                       |                          system_alexnet_m4n8_0_0_alexnet_packed_pe_177 |         81 |         81 |       0 |    0 |   109 |      0 |      0 |    0 |          1 |
|               g_pe_row[1].g_pe_col[15].u_pe                       |                          system_alexnet_m4n8_0_0_alexnet_packed_pe_178 |         81 |         81 |       0 |    0 |   109 |      0 |      0 |    0 |          1 |
|               g_pe_row[1].g_pe_col[1].u_pe                        |                          system_alexnet_m4n8_0_0_alexnet_packed_pe_179 |         81 |         81 |       0 |    0 |   109 |      0 |      0 |    0 |          1 |
|               g_pe_row[1].g_pe_col[2].u_pe                        |                          system_alexnet_m4n8_0_0_alexnet_packed_pe_180 |         81 |         81 |       0 |    0 |   109 |      0 |      0 |    0 |          1 |
|               g_pe_row[1].g_pe_col[3].u_pe                        |                          system_alexnet_m4n8_0_0_alexnet_packed_pe_181 |         81 |         81 |       0 |    0 |   109 |      0 |      0 |    0 |          1 |
|               g_pe_row[1].g_pe_col[4].u_pe                        |                          system_alexnet_m4n8_0_0_alexnet_packed_pe_182 |         81 |         81 |       0 |    0 |   109 |      0 |      0 |    0 |          1 |
|               g_pe_row[1].g_pe_col[5].u_pe                        |                          system_alexnet_m4n8_0_0_alexnet_packed_pe_183 |         81 |         81 |       0 |    0 |   109 |      0 |      0 |    0 |          1 |
|               g_pe_row[1].g_pe_col[6].u_pe                        |                          system_alexnet_m4n8_0_0_alexnet_packed_pe_184 |         81 |         81 |       0 |    0 |   109 |      0 |      0 |    0 |          1 |
|               g_pe_row[1].g_pe_col[7].u_pe                        |                          system_alexnet_m4n8_0_0_alexnet_packed_pe_185 |         81 |         81 |       0 |    0 |   109 |      0 |      0 |    0 |          1 |
|               g_pe_row[1].g_pe_col[8].u_pe                        |                          system_alexnet_m4n8_0_0_alexnet_packed_pe_186 |         81 |         81 |       0 |    0 |   109 |      0 |      0 |    0 |          1 |
|               g_pe_row[1].g_pe_col[9].u_pe                        |                          system_alexnet_m4n8_0_0_alexnet_packed_pe_187 |         81 |         81 |       0 |    0 |   109 |      0 |      0 |    0 |          1 |
|               g_pe_row[2].g_pe_col[0].u_pe                        |                          system_alexnet_m4n8_0_0_alexnet_packed_pe_188 |         81 |         81 |       0 |    0 |   109 |      0 |      0 |    0 |          1 |
|               g_pe_row[2].g_pe_col[10].u_pe                       |                          system_alexnet_m4n8_0_0_alexnet_packed_pe_189 |         81 |         81 |       0 |    0 |   109 |      0 |      0 |    0 |          1 |
|               g_pe_row[2].g_pe_col[11].u_pe                       |                          system_alexnet_m4n8_0_0_alexnet_packed_pe_190 |         81 |         81 |       0 |    0 |   109 |      0 |      0 |    0 |          1 |
|               g_pe_row[2].g_pe_col[12].u_pe                       |                          system_alexnet_m4n8_0_0_alexnet_packed_pe_191 |         81 |         81 |       0 |    0 |   109 |      0 |      0 |    0 |          1 |
|               g_pe_row[2].g_pe_col[13].u_pe                       |                          system_alexnet_m4n8_0_0_alexnet_packed_pe_192 |         81 |         81 |       0 |    0 |   109 |      0 |      0 |    0 |          1 |
|               g_pe_row[2].g_pe_col[14].u_pe                       |                          system_alexnet_m4n8_0_0_alexnet_packed_pe_193 |         81 |         81 |       0 |    0 |   109 |      0 |      0 |    0 |          1 |
|               g_pe_row[2].g_pe_col[15].u_pe                       |                          system_alexnet_m4n8_0_0_alexnet_packed_pe_194 |         81 |         81 |       0 |    0 |   109 |      0 |      0 |    0 |          1 |
|               g_pe_row[2].g_pe_col[1].u_pe                        |                          system_alexnet_m4n8_0_0_alexnet_packed_pe_195 |         81 |         81 |       0 |    0 |   109 |      0 |      0 |    0 |          1 |
|               g_pe_row[2].g_pe_col[2].u_pe                        |                          system_alexnet_m4n8_0_0_alexnet_packed_pe_196 |         81 |         81 |       0 |    0 |   109 |      0 |      0 |    0 |          1 |
|               g_pe_row[2].g_pe_col[3].u_pe                        |                          system_alexnet_m4n8_0_0_alexnet_packed_pe_197 |         81 |         81 |       0 |    0 |   109 |      0 |      0 |    0 |          1 |
|               g_pe_row[2].g_pe_col[4].u_pe                        |                          system_alexnet_m4n8_0_0_alexnet_packed_pe_198 |         81 |         81 |       0 |    0 |   109 |      0 |      0 |    0 |          1 |
|               g_pe_row[2].g_pe_col[5].u_pe                        |                          system_alexnet_m4n8_0_0_alexnet_packed_pe_199 |         81 |         81 |       0 |    0 |   109 |      0 |      0 |    0 |          1 |
|               g_pe_row[2].g_pe_col[6].u_pe                        |                          system_alexnet_m4n8_0_0_alexnet_packed_pe_200 |         81 |         81 |       0 |    0 |   109 |      0 |      0 |    0 |          1 |
|               g_pe_row[2].g_pe_col[7].u_pe                        |                          system_alexnet_m4n8_0_0_alexnet_packed_pe_201 |         81 |         81 |       0 |    0 |   109 |      0 |      0 |    0 |          1 |
|               g_pe_row[2].g_pe_col[8].u_pe                        |                          system_alexnet_m4n8_0_0_alexnet_packed_pe_202 |         81 |         81 |       0 |    0 |   109 |      0 |      0 |    0 |          1 |
|               g_pe_row[2].g_pe_col[9].u_pe                        |                          system_alexnet_m4n8_0_0_alexnet_packed_pe_203 |         81 |         81 |       0 |    0 |   109 |      0 |      0 |    0 |          1 |
|               g_pe_row[3].g_pe_col[0].u_pe                        |                          system_alexnet_m4n8_0_0_alexnet_packed_pe_204 |         81 |         81 |       0 |    0 |   109 |      0 |      0 |    0 |          1 |
|               g_pe_row[3].g_pe_col[10].u_pe                       |                          system_alexnet_m4n8_0_0_alexnet_packed_pe_205 |         81 |         81 |       0 |    0 |   109 |      0 |      0 |    0 |          1 |
|               g_pe_row[3].g_pe_col[11].u_pe                       |                          system_alexnet_m4n8_0_0_alexnet_packed_pe_206 |         81 |         81 |       0 |    0 |   109 |      0 |      0 |    0 |          1 |
|               g_pe_row[3].g_pe_col[12].u_pe                       |                          system_alexnet_m4n8_0_0_alexnet_packed_pe_207 |         81 |         81 |       0 |    0 |   109 |      0 |      0 |    0 |          1 |
|               g_pe_row[3].g_pe_col[13].u_pe                       |                          system_alexnet_m4n8_0_0_alexnet_packed_pe_208 |         81 |         81 |       0 |    0 |   109 |      0 |      0 |    0 |          1 |
|               g_pe_row[3].g_pe_col[14].u_pe                       |                          system_alexnet_m4n8_0_0_alexnet_packed_pe_209 |         81 |         81 |       0 |    0 |   109 |      0 |      0 |    0 |          1 |
|               g_pe_row[3].g_pe_col[15].u_pe                       |                          system_alexnet_m4n8_0_0_alexnet_packed_pe_210 |         81 |         81 |       0 |    0 |   109 |      0 |      0 |    0 |          1 |
|               g_pe_row[3].g_pe_col[1].u_pe                        |                          system_alexnet_m4n8_0_0_alexnet_packed_pe_211 |         81 |         81 |       0 |    0 |   109 |      0 |      0 |    0 |          1 |
|               g_pe_row[3].g_pe_col[2].u_pe                        |                          system_alexnet_m4n8_0_0_alexnet_packed_pe_212 |         81 |         81 |       0 |    0 |   109 |      0 |      0 |    0 |          1 |
|               g_pe_row[3].g_pe_col[3].u_pe                        |                          system_alexnet_m4n8_0_0_alexnet_packed_pe_213 |         81 |         81 |       0 |    0 |   109 |      0 |      0 |    0 |          1 |
|               g_pe_row[3].g_pe_col[4].u_pe                        |                          system_alexnet_m4n8_0_0_alexnet_packed_pe_214 |         81 |         81 |       0 |    0 |   109 |      0 |      0 |    0 |          1 |
|               g_pe_row[3].g_pe_col[5].u_pe                        |                          system_alexnet_m4n8_0_0_alexnet_packed_pe_215 |         81 |         81 |       0 |    0 |   109 |      0 |      0 |    0 |          1 |
|               g_pe_row[3].g_pe_col[6].u_pe                        |                          system_alexnet_m4n8_0_0_alexnet_packed_pe_216 |         81 |         81 |       0 |    0 |   109 |      0 |      0 |    0 |          1 |
|               g_pe_row[3].g_pe_col[7].u_pe                        |                          system_alexnet_m4n8_0_0_alexnet_packed_pe_217 |         81 |         81 |       0 |    0 |   109 |      0 |      0 |    0 |          1 |
|               g_pe_row[3].g_pe_col[8].u_pe                        |                          system_alexnet_m4n8_0_0_alexnet_packed_pe_218 |         81 |         81 |       0 |    0 |   109 |      0 |      0 |    0 |          1 |
|               g_pe_row[3].g_pe_col[9].u_pe                        |                          system_alexnet_m4n8_0_0_alexnet_packed_pe_219 |         81 |         81 |       0 |    0 |   109 |      0 |      0 |    0 |          1 |
|             g_bank[6].u_sa                                        |                             system_alexnet_m4n8_0_0_alexnet_sa_m4n8_27 |       5280 |       5184 |       0 |   96 |  7560 |      0 |      0 |    0 |         64 |
|               (g_bank[6].u_sa)                                    |                             system_alexnet_m4n8_0_0_alexnet_sa_m4n8_27 |         96 |          0 |       0 |   96 |   584 |      0 |      0 |    0 |          0 |
|               g_pe_row[0].g_pe_col[0].u_pe                        |                           system_alexnet_m4n8_0_0_alexnet_packed_pe_92 |         81 |         81 |       0 |    0 |   109 |      0 |      0 |    0 |          1 |
|               g_pe_row[0].g_pe_col[10].u_pe                       |                           system_alexnet_m4n8_0_0_alexnet_packed_pe_93 |         81 |         81 |       0 |    0 |   109 |      0 |      0 |    0 |          1 |
|               g_pe_row[0].g_pe_col[11].u_pe                       |                           system_alexnet_m4n8_0_0_alexnet_packed_pe_94 |         81 |         81 |       0 |    0 |   109 |      0 |      0 |    0 |          1 |
|               g_pe_row[0].g_pe_col[12].u_pe                       |                           system_alexnet_m4n8_0_0_alexnet_packed_pe_95 |         81 |         81 |       0 |    0 |   109 |      0 |      0 |    0 |          1 |
|               g_pe_row[0].g_pe_col[13].u_pe                       |                           system_alexnet_m4n8_0_0_alexnet_packed_pe_96 |         81 |         81 |       0 |    0 |   109 |      0 |      0 |    0 |          1 |
|               g_pe_row[0].g_pe_col[14].u_pe                       |                           system_alexnet_m4n8_0_0_alexnet_packed_pe_97 |         81 |         81 |       0 |    0 |   109 |      0 |      0 |    0 |          1 |
|               g_pe_row[0].g_pe_col[15].u_pe                       |                           system_alexnet_m4n8_0_0_alexnet_packed_pe_98 |         81 |         81 |       0 |    0 |   109 |      0 |      0 |    0 |          1 |
|               g_pe_row[0].g_pe_col[1].u_pe                        |                           system_alexnet_m4n8_0_0_alexnet_packed_pe_99 |         81 |         81 |       0 |    0 |   109 |      0 |      0 |    0 |          1 |
|               g_pe_row[0].g_pe_col[2].u_pe                        |                          system_alexnet_m4n8_0_0_alexnet_packed_pe_100 |         81 |         81 |       0 |    0 |   109 |      0 |      0 |    0 |          1 |
|               g_pe_row[0].g_pe_col[3].u_pe                        |                          system_alexnet_m4n8_0_0_alexnet_packed_pe_101 |         81 |         81 |       0 |    0 |   109 |      0 |      0 |    0 |          1 |
|               g_pe_row[0].g_pe_col[4].u_pe                        |                          system_alexnet_m4n8_0_0_alexnet_packed_pe_102 |         81 |         81 |       0 |    0 |   109 |      0 |      0 |    0 |          1 |
|               g_pe_row[0].g_pe_col[5].u_pe                        |                          system_alexnet_m4n8_0_0_alexnet_packed_pe_103 |         81 |         81 |       0 |    0 |   109 |      0 |      0 |    0 |          1 |
|               g_pe_row[0].g_pe_col[6].u_pe                        |                          system_alexnet_m4n8_0_0_alexnet_packed_pe_104 |         81 |         81 |       0 |    0 |   109 |      0 |      0 |    0 |          1 |
|               g_pe_row[0].g_pe_col[7].u_pe                        |                          system_alexnet_m4n8_0_0_alexnet_packed_pe_105 |         81 |         81 |       0 |    0 |   109 |      0 |      0 |    0 |          1 |
|               g_pe_row[0].g_pe_col[8].u_pe                        |                          system_alexnet_m4n8_0_0_alexnet_packed_pe_106 |         81 |         81 |       0 |    0 |   109 |      0 |      0 |    0 |          1 |
|               g_pe_row[0].g_pe_col[9].u_pe                        |                          system_alexnet_m4n8_0_0_alexnet_packed_pe_107 |         81 |         81 |       0 |    0 |   109 |      0 |      0 |    0 |          1 |
|               g_pe_row[1].g_pe_col[0].u_pe                        |                          system_alexnet_m4n8_0_0_alexnet_packed_pe_108 |         81 |         81 |       0 |    0 |   109 |      0 |      0 |    0 |          1 |
|               g_pe_row[1].g_pe_col[10].u_pe                       |                          system_alexnet_m4n8_0_0_alexnet_packed_pe_109 |         81 |         81 |       0 |    0 |   109 |      0 |      0 |    0 |          1 |
|               g_pe_row[1].g_pe_col[11].u_pe                       |                          system_alexnet_m4n8_0_0_alexnet_packed_pe_110 |         81 |         81 |       0 |    0 |   109 |      0 |      0 |    0 |          1 |
|               g_pe_row[1].g_pe_col[12].u_pe                       |                          system_alexnet_m4n8_0_0_alexnet_packed_pe_111 |         81 |         81 |       0 |    0 |   109 |      0 |      0 |    0 |          1 |
|               g_pe_row[1].g_pe_col[13].u_pe                       |                          system_alexnet_m4n8_0_0_alexnet_packed_pe_112 |         81 |         81 |       0 |    0 |   109 |      0 |      0 |    0 |          1 |
|               g_pe_row[1].g_pe_col[14].u_pe                       |                          system_alexnet_m4n8_0_0_alexnet_packed_pe_113 |         81 |         81 |       0 |    0 |   109 |      0 |      0 |    0 |          1 |
|               g_pe_row[1].g_pe_col[15].u_pe                       |                          system_alexnet_m4n8_0_0_alexnet_packed_pe_114 |         81 |         81 |       0 |    0 |   109 |      0 |      0 |    0 |          1 |
|               g_pe_row[1].g_pe_col[1].u_pe                        |                          system_alexnet_m4n8_0_0_alexnet_packed_pe_115 |         81 |         81 |       0 |    0 |   109 |      0 |      0 |    0 |          1 |
|               g_pe_row[1].g_pe_col[2].u_pe                        |                          system_alexnet_m4n8_0_0_alexnet_packed_pe_116 |         81 |         81 |       0 |    0 |   109 |      0 |      0 |    0 |          1 |
|               g_pe_row[1].g_pe_col[3].u_pe                        |                          system_alexnet_m4n8_0_0_alexnet_packed_pe_117 |         81 |         81 |       0 |    0 |   109 |      0 |      0 |    0 |          1 |
|               g_pe_row[1].g_pe_col[4].u_pe                        |                          system_alexnet_m4n8_0_0_alexnet_packed_pe_118 |         81 |         81 |       0 |    0 |   109 |      0 |      0 |    0 |          1 |
|               g_pe_row[1].g_pe_col[5].u_pe                        |                          system_alexnet_m4n8_0_0_alexnet_packed_pe_119 |         81 |         81 |       0 |    0 |   109 |      0 |      0 |    0 |          1 |
|               g_pe_row[1].g_pe_col[6].u_pe                        |                          system_alexnet_m4n8_0_0_alexnet_packed_pe_120 |         81 |         81 |       0 |    0 |   109 |      0 |      0 |    0 |          1 |
|               g_pe_row[1].g_pe_col[7].u_pe                        |                          system_alexnet_m4n8_0_0_alexnet_packed_pe_121 |         81 |         81 |       0 |    0 |   109 |      0 |      0 |    0 |          1 |
|               g_pe_row[1].g_pe_col[8].u_pe                        |                          system_alexnet_m4n8_0_0_alexnet_packed_pe_122 |         81 |         81 |       0 |    0 |   109 |      0 |      0 |    0 |          1 |
|               g_pe_row[1].g_pe_col[9].u_pe                        |                          system_alexnet_m4n8_0_0_alexnet_packed_pe_123 |         81 |         81 |       0 |    0 |   109 |      0 |      0 |    0 |          1 |
|               g_pe_row[2].g_pe_col[0].u_pe                        |                          system_alexnet_m4n8_0_0_alexnet_packed_pe_124 |         81 |         81 |       0 |    0 |   109 |      0 |      0 |    0 |          1 |
|               g_pe_row[2].g_pe_col[10].u_pe                       |                          system_alexnet_m4n8_0_0_alexnet_packed_pe_125 |         81 |         81 |       0 |    0 |   109 |      0 |      0 |    0 |          1 |
|               g_pe_row[2].g_pe_col[11].u_pe                       |                          system_alexnet_m4n8_0_0_alexnet_packed_pe_126 |         81 |         81 |       0 |    0 |   109 |      0 |      0 |    0 |          1 |
|               g_pe_row[2].g_pe_col[12].u_pe                       |                          system_alexnet_m4n8_0_0_alexnet_packed_pe_127 |         81 |         81 |       0 |    0 |   109 |      0 |      0 |    0 |          1 |
|               g_pe_row[2].g_pe_col[13].u_pe                       |                          system_alexnet_m4n8_0_0_alexnet_packed_pe_128 |         81 |         81 |       0 |    0 |   109 |      0 |      0 |    0 |          1 |
|               g_pe_row[2].g_pe_col[14].u_pe                       |                          system_alexnet_m4n8_0_0_alexnet_packed_pe_129 |         81 |         81 |       0 |    0 |   109 |      0 |      0 |    0 |          1 |
|               g_pe_row[2].g_pe_col[15].u_pe                       |                          system_alexnet_m4n8_0_0_alexnet_packed_pe_130 |         81 |         81 |       0 |    0 |   109 |      0 |      0 |    0 |          1 |
|               g_pe_row[2].g_pe_col[1].u_pe                        |                          system_alexnet_m4n8_0_0_alexnet_packed_pe_131 |         81 |         81 |       0 |    0 |   109 |      0 |      0 |    0 |          1 |
|               g_pe_row[2].g_pe_col[2].u_pe                        |                          system_alexnet_m4n8_0_0_alexnet_packed_pe_132 |         81 |         81 |       0 |    0 |   109 |      0 |      0 |    0 |          1 |
|               g_pe_row[2].g_pe_col[3].u_pe                        |                          system_alexnet_m4n8_0_0_alexnet_packed_pe_133 |         81 |         81 |       0 |    0 |   109 |      0 |      0 |    0 |          1 |
|               g_pe_row[2].g_pe_col[4].u_pe                        |                          system_alexnet_m4n8_0_0_alexnet_packed_pe_134 |         81 |         81 |       0 |    0 |   109 |      0 |      0 |    0 |          1 |
|               g_pe_row[2].g_pe_col[5].u_pe                        |                          system_alexnet_m4n8_0_0_alexnet_packed_pe_135 |         81 |         81 |       0 |    0 |   109 |      0 |      0 |    0 |          1 |
|               g_pe_row[2].g_pe_col[6].u_pe                        |                          system_alexnet_m4n8_0_0_alexnet_packed_pe_136 |         81 |         81 |       0 |    0 |   109 |      0 |      0 |    0 |          1 |
|               g_pe_row[2].g_pe_col[7].u_pe                        |                          system_alexnet_m4n8_0_0_alexnet_packed_pe_137 |         81 |         81 |       0 |    0 |   109 |      0 |      0 |    0 |          1 |
|               g_pe_row[2].g_pe_col[8].u_pe                        |                          system_alexnet_m4n8_0_0_alexnet_packed_pe_138 |         81 |         81 |       0 |    0 |   109 |      0 |      0 |    0 |          1 |
|               g_pe_row[2].g_pe_col[9].u_pe                        |                          system_alexnet_m4n8_0_0_alexnet_packed_pe_139 |         81 |         81 |       0 |    0 |   109 |      0 |      0 |    0 |          1 |
|               g_pe_row[3].g_pe_col[0].u_pe                        |                          system_alexnet_m4n8_0_0_alexnet_packed_pe_140 |         81 |         81 |       0 |    0 |   109 |      0 |      0 |    0 |          1 |
|               g_pe_row[3].g_pe_col[10].u_pe                       |                          system_alexnet_m4n8_0_0_alexnet_packed_pe_141 |         81 |         81 |       0 |    0 |   109 |      0 |      0 |    0 |          1 |
|               g_pe_row[3].g_pe_col[11].u_pe                       |                          system_alexnet_m4n8_0_0_alexnet_packed_pe_142 |         81 |         81 |       0 |    0 |   109 |      0 |      0 |    0 |          1 |
|               g_pe_row[3].g_pe_col[12].u_pe                       |                          system_alexnet_m4n8_0_0_alexnet_packed_pe_143 |         81 |         81 |       0 |    0 |   109 |      0 |      0 |    0 |          1 |
|               g_pe_row[3].g_pe_col[13].u_pe                       |                          system_alexnet_m4n8_0_0_alexnet_packed_pe_144 |         81 |         81 |       0 |    0 |   109 |      0 |      0 |    0 |          1 |
|               g_pe_row[3].g_pe_col[14].u_pe                       |                          system_alexnet_m4n8_0_0_alexnet_packed_pe_145 |         81 |         81 |       0 |    0 |   109 |      0 |      0 |    0 |          1 |
|               g_pe_row[3].g_pe_col[15].u_pe                       |                          system_alexnet_m4n8_0_0_alexnet_packed_pe_146 |         81 |         81 |       0 |    0 |   109 |      0 |      0 |    0 |          1 |
|               g_pe_row[3].g_pe_col[1].u_pe                        |                          system_alexnet_m4n8_0_0_alexnet_packed_pe_147 |         81 |         81 |       0 |    0 |   109 |      0 |      0 |    0 |          1 |
|               g_pe_row[3].g_pe_col[2].u_pe                        |                          system_alexnet_m4n8_0_0_alexnet_packed_pe_148 |         81 |         81 |       0 |    0 |   109 |      0 |      0 |    0 |          1 |
|               g_pe_row[3].g_pe_col[3].u_pe                        |                          system_alexnet_m4n8_0_0_alexnet_packed_pe_149 |         81 |         81 |       0 |    0 |   109 |      0 |      0 |    0 |          1 |
|               g_pe_row[3].g_pe_col[4].u_pe                        |                          system_alexnet_m4n8_0_0_alexnet_packed_pe_150 |         81 |         81 |       0 |    0 |   109 |      0 |      0 |    0 |          1 |
|               g_pe_row[3].g_pe_col[5].u_pe                        |                          system_alexnet_m4n8_0_0_alexnet_packed_pe_151 |         81 |         81 |       0 |    0 |   109 |      0 |      0 |    0 |          1 |
|               g_pe_row[3].g_pe_col[6].u_pe                        |                          system_alexnet_m4n8_0_0_alexnet_packed_pe_152 |         81 |         81 |       0 |    0 |   109 |      0 |      0 |    0 |          1 |
|               g_pe_row[3].g_pe_col[7].u_pe                        |                          system_alexnet_m4n8_0_0_alexnet_packed_pe_153 |         81 |         81 |       0 |    0 |   109 |      0 |      0 |    0 |          1 |
|               g_pe_row[3].g_pe_col[8].u_pe                        |                          system_alexnet_m4n8_0_0_alexnet_packed_pe_154 |         81 |         81 |       0 |    0 |   109 |      0 |      0 |    0 |          1 |
|               g_pe_row[3].g_pe_col[9].u_pe                        |                          system_alexnet_m4n8_0_0_alexnet_packed_pe_155 |         81 |         81 |       0 |    0 |   109 |      0 |      0 |    0 |          1 |
|             g_bank[7].u_sa                                        |                             system_alexnet_m4n8_0_0_alexnet_sa_m4n8_28 |      11168 |      11063 |       0 |  105 |  8748 |      0 |      0 |    0 |         64 |
|               (g_bank[7].u_sa)                                    |                             system_alexnet_m4n8_0_0_alexnet_sa_m4n8_28 |        106 |          1 |       0 |  105 |  1756 |      0 |      0 |    0 |          0 |
|               g_pe_row[0].g_pe_col[0].u_pe                        |                              system_alexnet_m4n8_0_0_alexnet_packed_pe |        201 |        201 |       0 |    0 |   109 |      0 |      0 |    0 |          1 |
|               g_pe_row[0].g_pe_col[10].u_pe                       |                           system_alexnet_m4n8_0_0_alexnet_packed_pe_29 |        147 |        147 |       0 |    0 |   109 |      0 |      0 |    0 |          1 |
|               g_pe_row[0].g_pe_col[11].u_pe                       |                           system_alexnet_m4n8_0_0_alexnet_packed_pe_30 |        147 |        147 |       0 |    0 |   109 |      0 |      0 |    0 |          1 |
|               g_pe_row[0].g_pe_col[12].u_pe                       |                           system_alexnet_m4n8_0_0_alexnet_packed_pe_31 |        147 |        147 |       0 |    0 |   109 |      0 |      0 |    0 |          1 |
|               g_pe_row[0].g_pe_col[13].u_pe                       |                           system_alexnet_m4n8_0_0_alexnet_packed_pe_32 |        147 |        147 |       0 |    0 |   109 |      0 |      0 |    0 |          1 |
|               g_pe_row[0].g_pe_col[14].u_pe                       |                           system_alexnet_m4n8_0_0_alexnet_packed_pe_33 |        147 |        147 |       0 |    0 |   109 |      0 |      0 |    0 |          1 |
|               g_pe_row[0].g_pe_col[15].u_pe                       |                           system_alexnet_m4n8_0_0_alexnet_packed_pe_34 |        147 |        147 |       0 |    0 |   109 |      0 |      0 |    0 |          1 |
|               g_pe_row[0].g_pe_col[1].u_pe                        |                           system_alexnet_m4n8_0_0_alexnet_packed_pe_35 |        201 |        201 |       0 |    0 |   109 |      0 |      0 |    0 |          1 |
|               g_pe_row[0].g_pe_col[2].u_pe                        |                           system_alexnet_m4n8_0_0_alexnet_packed_pe_36 |        201 |        201 |       0 |    0 |   109 |      0 |      0 |    0 |          1 |
|               g_pe_row[0].g_pe_col[3].u_pe                        |                           system_alexnet_m4n8_0_0_alexnet_packed_pe_37 |        201 |        201 |       0 |    0 |   109 |      0 |      0 |    0 |          1 |
|               g_pe_row[0].g_pe_col[4].u_pe                        |                           system_alexnet_m4n8_0_0_alexnet_packed_pe_38 |        201 |        201 |       0 |    0 |   109 |      0 |      0 |    0 |          1 |
|               g_pe_row[0].g_pe_col[5].u_pe                        |                           system_alexnet_m4n8_0_0_alexnet_packed_pe_39 |        201 |        201 |       0 |    0 |   109 |      0 |      0 |    0 |          1 |
|               g_pe_row[0].g_pe_col[6].u_pe                        |                           system_alexnet_m4n8_0_0_alexnet_packed_pe_40 |        201 |        201 |       0 |    0 |   109 |      0 |      0 |    0 |          1 |
|               g_pe_row[0].g_pe_col[7].u_pe                        |                           system_alexnet_m4n8_0_0_alexnet_packed_pe_41 |        201 |        201 |       0 |    0 |   109 |      0 |      0 |    0 |          1 |
|               g_pe_row[0].g_pe_col[8].u_pe                        |                           system_alexnet_m4n8_0_0_alexnet_packed_pe_42 |        147 |        147 |       0 |    0 |   109 |      0 |      0 |    0 |          1 |
|               g_pe_row[0].g_pe_col[9].u_pe                        |                           system_alexnet_m4n8_0_0_alexnet_packed_pe_43 |        147 |        147 |       0 |    0 |   109 |      0 |      0 |    0 |          1 |
|               g_pe_row[1].g_pe_col[0].u_pe                        |                           system_alexnet_m4n8_0_0_alexnet_packed_pe_44 |        201 |        201 |       0 |    0 |   109 |      0 |      0 |    0 |          1 |
|               g_pe_row[1].g_pe_col[10].u_pe                       |                           system_alexnet_m4n8_0_0_alexnet_packed_pe_45 |        147 |        147 |       0 |    0 |   109 |      0 |      0 |    0 |          1 |
|               g_pe_row[1].g_pe_col[11].u_pe                       |                           system_alexnet_m4n8_0_0_alexnet_packed_pe_46 |        143 |        143 |       0 |    0 |   109 |      0 |      0 |    0 |          1 |
|               g_pe_row[1].g_pe_col[12].u_pe                       |                           system_alexnet_m4n8_0_0_alexnet_packed_pe_47 |        143 |        143 |       0 |    0 |   109 |      0 |      0 |    0 |          1 |
|               g_pe_row[1].g_pe_col[13].u_pe                       |                           system_alexnet_m4n8_0_0_alexnet_packed_pe_48 |        143 |        143 |       0 |    0 |   109 |      0 |      0 |    0 |          1 |
|               g_pe_row[1].g_pe_col[14].u_pe                       |                           system_alexnet_m4n8_0_0_alexnet_packed_pe_49 |        143 |        143 |       0 |    0 |   109 |      0 |      0 |    0 |          1 |
|               g_pe_row[1].g_pe_col[15].u_pe                       |                           system_alexnet_m4n8_0_0_alexnet_packed_pe_50 |        143 |        143 |       0 |    0 |   109 |      0 |      0 |    0 |          1 |
|               g_pe_row[1].g_pe_col[1].u_pe                        |                           system_alexnet_m4n8_0_0_alexnet_packed_pe_51 |        201 |        201 |       0 |    0 |   109 |      0 |      0 |    0 |          1 |
|               g_pe_row[1].g_pe_col[2].u_pe                        |                           system_alexnet_m4n8_0_0_alexnet_packed_pe_52 |        201 |        201 |       0 |    0 |   109 |      0 |      0 |    0 |          1 |
|               g_pe_row[1].g_pe_col[3].u_pe                        |                           system_alexnet_m4n8_0_0_alexnet_packed_pe_53 |        201 |        201 |       0 |    0 |   109 |      0 |      0 |    0 |          1 |
|               g_pe_row[1].g_pe_col[4].u_pe                        |                           system_alexnet_m4n8_0_0_alexnet_packed_pe_54 |        201 |        201 |       0 |    0 |   109 |      0 |      0 |    0 |          1 |
|               g_pe_row[1].g_pe_col[5].u_pe                        |                           system_alexnet_m4n8_0_0_alexnet_packed_pe_55 |        201 |        201 |       0 |    0 |   109 |      0 |      0 |    0 |          1 |
|               g_pe_row[1].g_pe_col[6].u_pe                        |                           system_alexnet_m4n8_0_0_alexnet_packed_pe_56 |        201 |        201 |       0 |    0 |   109 |      0 |      0 |    0 |          1 |
|               g_pe_row[1].g_pe_col[7].u_pe                        |                           system_alexnet_m4n8_0_0_alexnet_packed_pe_57 |        201 |        201 |       0 |    0 |   109 |      0 |      0 |    0 |          1 |
|               g_pe_row[1].g_pe_col[8].u_pe                        |                           system_alexnet_m4n8_0_0_alexnet_packed_pe_58 |        147 |        147 |       0 |    0 |   109 |      0 |      0 |    0 |          1 |
|               g_pe_row[1].g_pe_col[9].u_pe                        |                           system_alexnet_m4n8_0_0_alexnet_packed_pe_59 |        147 |        147 |       0 |    0 |   109 |      0 |      0 |    0 |          1 |
|               g_pe_row[2].g_pe_col[0].u_pe                        |                           system_alexnet_m4n8_0_0_alexnet_packed_pe_60 |        201 |        201 |       0 |    0 |   109 |      0 |      0 |    0 |          1 |
|               g_pe_row[2].g_pe_col[10].u_pe                       |                           system_alexnet_m4n8_0_0_alexnet_packed_pe_61 |        147 |        147 |       0 |    0 |   109 |      0 |      0 |    0 |          1 |
|               g_pe_row[2].g_pe_col[11].u_pe                       |                           system_alexnet_m4n8_0_0_alexnet_packed_pe_62 |        142 |        142 |       0 |    0 |   109 |      0 |      0 |    0 |          1 |
|               g_pe_row[2].g_pe_col[12].u_pe                       |                           system_alexnet_m4n8_0_0_alexnet_packed_pe_63 |        142 |        142 |       0 |    0 |   109 |      0 |      0 |    0 |          1 |
|               g_pe_row[2].g_pe_col[13].u_pe                       |                           system_alexnet_m4n8_0_0_alexnet_packed_pe_64 |        142 |        142 |       0 |    0 |   109 |      0 |      0 |    0 |          1 |
|               g_pe_row[2].g_pe_col[14].u_pe                       |                           system_alexnet_m4n8_0_0_alexnet_packed_pe_65 |        142 |        142 |       0 |    0 |   109 |      0 |      0 |    0 |          1 |
|               g_pe_row[2].g_pe_col[15].u_pe                       |                           system_alexnet_m4n8_0_0_alexnet_packed_pe_66 |        142 |        142 |       0 |    0 |   109 |      0 |      0 |    0 |          1 |
|               g_pe_row[2].g_pe_col[1].u_pe                        |                           system_alexnet_m4n8_0_0_alexnet_packed_pe_67 |        201 |        201 |       0 |    0 |   109 |      0 |      0 |    0 |          1 |
|               g_pe_row[2].g_pe_col[2].u_pe                        |                           system_alexnet_m4n8_0_0_alexnet_packed_pe_68 |        201 |        201 |       0 |    0 |   109 |      0 |      0 |    0 |          1 |
|               g_pe_row[2].g_pe_col[3].u_pe                        |                           system_alexnet_m4n8_0_0_alexnet_packed_pe_69 |        201 |        201 |       0 |    0 |   109 |      0 |      0 |    0 |          1 |
|               g_pe_row[2].g_pe_col[4].u_pe                        |                           system_alexnet_m4n8_0_0_alexnet_packed_pe_70 |        201 |        201 |       0 |    0 |   109 |      0 |      0 |    0 |          1 |
|               g_pe_row[2].g_pe_col[5].u_pe                        |                           system_alexnet_m4n8_0_0_alexnet_packed_pe_71 |        201 |        201 |       0 |    0 |   109 |      0 |      0 |    0 |          1 |
|               g_pe_row[2].g_pe_col[6].u_pe                        |                           system_alexnet_m4n8_0_0_alexnet_packed_pe_72 |        201 |        201 |       0 |    0 |   109 |      0 |      0 |    0 |          1 |
|               g_pe_row[2].g_pe_col[7].u_pe                        |                           system_alexnet_m4n8_0_0_alexnet_packed_pe_73 |        201 |        201 |       0 |    0 |   109 |      0 |      0 |    0 |          1 |
|               g_pe_row[2].g_pe_col[8].u_pe                        |                           system_alexnet_m4n8_0_0_alexnet_packed_pe_74 |        147 |        147 |       0 |    0 |   109 |      0 |      0 |    0 |          1 |
|               g_pe_row[2].g_pe_col[9].u_pe                        |                           system_alexnet_m4n8_0_0_alexnet_packed_pe_75 |        147 |        147 |       0 |    0 |   109 |      0 |      0 |    0 |          1 |
|               g_pe_row[3].g_pe_col[0].u_pe                        |                           system_alexnet_m4n8_0_0_alexnet_packed_pe_76 |        201 |        201 |       0 |    0 |   109 |      0 |      0 |    0 |          1 |
|               g_pe_row[3].g_pe_col[10].u_pe                       |                           system_alexnet_m4n8_0_0_alexnet_packed_pe_77 |        142 |        142 |       0 |    0 |   109 |      0 |      0 |    0 |          1 |
|               g_pe_row[3].g_pe_col[11].u_pe                       |                           system_alexnet_m4n8_0_0_alexnet_packed_pe_78 |        143 |        143 |       0 |    0 |   117 |      0 |      0 |    0 |          1 |
|               g_pe_row[3].g_pe_col[12].u_pe                       |                           system_alexnet_m4n8_0_0_alexnet_packed_pe_79 |        142 |        142 |       0 |    0 |   109 |      0 |      0 |    0 |          1 |
|               g_pe_row[3].g_pe_col[13].u_pe                       |                           system_alexnet_m4n8_0_0_alexnet_packed_pe_80 |        142 |        142 |       0 |    0 |   117 |      0 |      0 |    0 |          1 |
|               g_pe_row[3].g_pe_col[14].u_pe                       |                           system_alexnet_m4n8_0_0_alexnet_packed_pe_81 |        142 |        142 |       0 |    0 |   109 |      0 |      0 |    0 |          1 |
|               g_pe_row[3].g_pe_col[15].u_pe                       |                           system_alexnet_m4n8_0_0_alexnet_packed_pe_82 |        142 |        142 |       0 |    0 |   109 |      0 |      0 |    0 |          1 |
|               g_pe_row[3].g_pe_col[1].u_pe                        |                           system_alexnet_m4n8_0_0_alexnet_packed_pe_83 |        201 |        201 |       0 |    0 |   109 |      0 |      0 |    0 |          1 |
|               g_pe_row[3].g_pe_col[2].u_pe                        |                           system_alexnet_m4n8_0_0_alexnet_packed_pe_84 |        201 |        201 |       0 |    0 |   109 |      0 |      0 |    0 |          1 |
|               g_pe_row[3].g_pe_col[3].u_pe                        |                           system_alexnet_m4n8_0_0_alexnet_packed_pe_85 |        201 |        201 |       0 |    0 |   109 |      0 |      0 |    0 |          1 |
|               g_pe_row[3].g_pe_col[4].u_pe                        |                           system_alexnet_m4n8_0_0_alexnet_packed_pe_86 |        201 |        201 |       0 |    0 |   109 |      0 |      0 |    0 |          1 |
|               g_pe_row[3].g_pe_col[5].u_pe                        |                           system_alexnet_m4n8_0_0_alexnet_packed_pe_87 |        201 |        201 |       0 |    0 |   109 |      0 |      0 |    0 |          1 |
|               g_pe_row[3].g_pe_col[6].u_pe                        |                           system_alexnet_m4n8_0_0_alexnet_packed_pe_88 |        201 |        201 |       0 |    0 |   109 |      0 |      0 |    0 |          1 |
|               g_pe_row[3].g_pe_col[7].u_pe                        |                           system_alexnet_m4n8_0_0_alexnet_packed_pe_89 |        201 |        201 |       0 |    0 |   109 |      0 |      0 |    0 |          1 |
|               g_pe_row[3].g_pe_col[8].u_pe                        |                           system_alexnet_m4n8_0_0_alexnet_packed_pe_90 |        147 |        147 |       0 |    0 |   109 |      0 |      0 |    0 |          1 |
|               g_pe_row[3].g_pe_col[9].u_pe                        |                           system_alexnet_m4n8_0_0_alexnet_packed_pe_91 |        147 |        147 |       0 |    0 |   109 |      0 |      0 |    0 |          1 |
|           u_feeder                                                |                       system_alexnet_m4n8_0_0_alexnet_n8_rs_m16_feeder |       6162 |       6162 |       0 |    0 |  2590 |    112 |      0 |    0 |          0 |
|             u_feeder                                              |                        system_alexnet_m4n8_0_0_alexnet_n8_rs_m4_feeder |       6162 |       6162 |       0 |    0 |  2590 |    112 |      0 |    0 |          0 |
|           u_requant                                               |                  system_alexnet_m4n8_0_0_alexnet_m8n8_parallel_requant |       6035 |       6035 |       0 |    0 |  2088 |      0 |      0 |    0 |         64 |
|             g_requant_row[7].u_requant                            |                          system_alexnet_m4n8_0_0_alexnet_n8_requant_21 |        768 |        768 |       0 |    0 |   251 |      0 |      0 |    0 |          8 |
|             g_requant_row[0].u_requant                            |                             system_alexnet_m4n8_0_0_alexnet_n8_requant |        779 |        779 |       0 |    0 |   326 |      0 |      0 |    0 |          8 |
|             g_requant_row[1].u_requant                            |                          system_alexnet_m4n8_0_0_alexnet_n8_requant_15 |        765 |        765 |       0 |    0 |   251 |      0 |      0 |    0 |          8 |
|             g_requant_row[2].u_requant                            |                          system_alexnet_m4n8_0_0_alexnet_n8_requant_16 |        731 |        731 |       0 |    0 |   251 |      0 |      0 |    0 |          8 |
|             g_requant_row[3].u_requant                            |                          system_alexnet_m4n8_0_0_alexnet_n8_requant_17 |        763 |        763 |       0 |    0 |   251 |      0 |      0 |    0 |          8 |
|             g_requant_row[4].u_requant                            |                          system_alexnet_m4n8_0_0_alexnet_n8_requant_18 |        737 |        737 |       0 |    0 |   251 |      0 |      0 |    0 |          8 |
|             g_requant_row[5].u_requant                            |                          system_alexnet_m4n8_0_0_alexnet_n8_requant_19 |        761 |        761 |       0 |    0 |   251 |      0 |      0 |    0 |          8 |
|             g_requant_row[6].u_requant                            |                          system_alexnet_m4n8_0_0_alexnet_n8_requant_20 |        731 |        731 |       0 |    0 |   251 |      0 |      0 |    0 |          8 |
|           u_weight_pingpong                                       |                   system_alexnet_m4n8_0_0_alexnet_n128_weight_pingpong |       1267 |       1267 |       0 |    0 |  1078 |      0 |      0 |   32 |          0 |
|             (u_weight_pingpong)                                   |                   system_alexnet_m4n8_0_0_alexnet_n128_weight_pingpong |        109 |        109 |       0 |    0 |  1078 |      0 |      0 |    0 |          0 |
|             g_set[0].g_bank[0].u_memory                           |                        system_alexnet_m4n8_0_0_alexnet_n16_weight_uram |        141 |        141 |       0 |    0 |     0 |      0 |      0 |    2 |          0 |
|             g_set[0].g_bank[1].u_memory                           |                      system_alexnet_m4n8_0_0_alexnet_n16_weight_uram_0 |        129 |        129 |       0 |    0 |     0 |      0 |      0 |    2 |          0 |
|             g_set[0].g_bank[2].u_memory                           |                      system_alexnet_m4n8_0_0_alexnet_n16_weight_uram_1 |        129 |        129 |       0 |    0 |     0 |      0 |      0 |    2 |          0 |
|             g_set[0].g_bank[3].u_memory                           |                      system_alexnet_m4n8_0_0_alexnet_n16_weight_uram_2 |        129 |        129 |       0 |    0 |     0 |      0 |      0 |    2 |          0 |
|             g_set[0].g_bank[4].u_memory                           |                      system_alexnet_m4n8_0_0_alexnet_n16_weight_uram_3 |        129 |        129 |       0 |    0 |     0 |      0 |      0 |    2 |          0 |
|             g_set[0].g_bank[5].u_memory                           |                      system_alexnet_m4n8_0_0_alexnet_n16_weight_uram_4 |        129 |        129 |       0 |    0 |     0 |      0 |      0 |    2 |          0 |
|             g_set[0].g_bank[6].u_memory                           |                      system_alexnet_m4n8_0_0_alexnet_n16_weight_uram_5 |        129 |        129 |       0 |    0 |     0 |      0 |      0 |    2 |          0 |
|             g_set[0].g_bank[7].u_memory                           |                      system_alexnet_m4n8_0_0_alexnet_n16_weight_uram_6 |        130 |        130 |       0 |    0 |     0 |      0 |      0 |    2 |          0 |
|             g_set[1].g_bank[7].u_memory                           |                     system_alexnet_m4n8_0_0_alexnet_n16_weight_uram_14 |        104 |        104 |       0 |    0 |     0 |      0 |      0 |    2 |          0 |
|     axi_ctrl                                                      |                                                      system_axi_ctrl_0 |       1324 |       1317 |       4 |    3 |  1329 |      0 |      0 |    0 |          0 |
|       inst                                                        |                                              system_axi_ctrl_0_bd_0cc2 |       1324 |       1317 |       4 |    3 |  1329 |      0 |      0 |    0 |          0 |
|         s00_entry_pipeline                                        |                        system_axi_ctrl_0_s00_entry_pipeline_imp_U43I5A |        727 |        727 |       0 |    0 |   674 |      0 |      0 |    0 |          0 |
|           s00_mmu                                                 |                                     system_axi_ctrl_0_bd_0cc2_s00mmu_0 |        242 |        242 |       0 |    0 |   271 |      0 |      0 |    0 |          0 |
|             inst                                                  |                                   system_axi_ctrl_0_sc_mmu_v1_0_16_top |        242 |        242 |       0 |    0 |   271 |      0 |      0 |    0 |          0 |
|               (inst)                                              |                                   system_axi_ctrl_0_sc_mmu_v1_0_16_top |         75 |         75 |       0 |    0 |    21 |      0 |      0 |    0 |          0 |
|               ar_reg_stall                                        |      system_axi_ctrl_0_sc_util_v1_0_4_axi_reg_stall__parameterized0_37 |         51 |         51 |       0 |    0 |    98 |      0 |      0 |    0 |          0 |
|               aw_reg_stall                                        |      system_axi_ctrl_0_sc_util_v1_0_4_axi_reg_stall__parameterized0_38 |         44 |         44 |       0 |    0 |    98 |      0 |      0 |    0 |          0 |
|               gen_endpoint.decerr_slave_inst                      |                          system_axi_ctrl_0_sc_mmu_v1_0_16_decerr_slave |         58 |         58 |       0 |    0 |    49 |      0 |      0 |    0 |          0 |
|           s00_si_converter                                        |                                     system_axi_ctrl_0_bd_0cc2_s00sic_0 |        475 |        475 |       0 |    0 |   363 |      0 |      0 |    0 |          0 |
|             inst                                                  |                          system_axi_ctrl_0_sc_si_converter_v1_0_16_top |        475 |        475 |       0 |    0 |   363 |      0 |      0 |    0 |          0 |
|               gen_axilite_conv.axilite_conv_inst                  |                 system_axi_ctrl_0_sc_si_converter_v1_0_16_axilite_conv |        473 |        473 |       0 |    0 |   359 |      0 |      0 |    0 |          0 |
|         s01_entry_pipeline                                        |                       system_axi_ctrl_0_s01_entry_pipeline_imp_1WT1F7U |        119 |        119 |       0 |    0 |   101 |      0 |      0 |    0 |          0 |
|           s01_mmu                                                 |                                     system_axi_ctrl_0_bd_0cc2_s01mmu_0 |        102 |        102 |       0 |    0 |    85 |      0 |      0 |    0 |          0 |
|             inst                                                  |                   system_axi_ctrl_0_sc_mmu_v1_0_16_top__parameterized0 |        102 |        102 |       0 |    0 |    85 |      0 |      0 |    0 |          0 |
|         switchboards                                              |                              system_axi_ctrl_0_switchboards_imp_57K6TS |        269 |        263 |       4 |    2 |   273 |      0 |      0 |    0 |          0 |
|           i_nodes                                                 |                                  system_axi_ctrl_0_i_nodes_imp_1NMC8MG |        191 |        185 |       4 |    2 |   273 |      0 |      0 |    0 |          0 |
|             i_aw_node                                             |                                       system_axi_ctrl_0_bd_0cc2_awni_0 |         47 |         45 |       0 |    2 |    53 |      0 |      0 |    0 |          0 |
|               inst                                                |                 system_axi_ctrl_0_sc_node_v1_0_19_top__parameterized15 |         47 |         45 |       0 |    2 |    53 |      0 |      0 |    0 |          0 |
|             i_r_node                                              |                                        system_axi_ctrl_0_bd_0cc2_rni_0 |         33 |         33 |       0 |    0 |    67 |      0 |      0 |    0 |          0 |
|               inst                                                |                 system_axi_ctrl_0_sc_node_v1_0_19_top__parameterized17 |         33 |         33 |       0 |    0 |    67 |      0 |      0 |    0 |          0 |
|             i_w_node                                              |                                        system_axi_ctrl_0_bd_0cc2_wni_0 |         50 |         46 |       4 |    0 |    76 |      0 |      0 |    0 |          0 |
|               inst                                                |                 system_axi_ctrl_0_sc_node_v1_0_19_top__parameterized18 |         50 |         46 |       4 |    0 |    76 |      0 |      0 |    0 |          0 |
|     axi_dma_camera                                                |                                                system_axi_dma_camera_0 |        683 |        599 |       0 |   84 |   917 |      2 |      1 |    0 |          0 |
|       U0                                                          |                                        system_axi_dma_camera_0_axi_dma |        683 |        599 |       0 |   84 |   917 |      2 |      1 |    0 |          0 |
|         I_PRMRY_DATAMOVER                                         |                                  system_axi_dma_camera_0_axi_datamover |        570 |        486 |       0 |   84 |   636 |      2 |      1 |    0 |          0 |
|           GEN_MM2S_FULL.I_MM2S_FULL_WRAPPER                       |                   system_axi_dma_camera_0_axi_datamover_mm2s_full_wrap |        570 |        486 |       0 |   84 |   636 |      2 |      1 |    0 |          0 |
|             ENABLE_AXIS_SKID.I_MM2S_SKID_BUF                      |                         system_axi_dma_camera_0_axi_datamover_skid_buf |         16 |         16 |       0 |    0 |   153 |      0 |      0 |    0 |          0 |
|             GEN_INCLUDE_MM2S_SF.I_RD_SF                           |                            system_axi_dma_camera_0_axi_datamover_rd_sf |        162 |        161 |       0 |    1 |    68 |      2 |      1 |    0 |          0 |
|               I_DATA_FIFO                                         |                     system_axi_dma_camera_0_axi_datamover_sfifo_autord |        150 |        150 |       0 |    0 |    55 |      2 |      1 |    0 |          0 |
|                 (I_DATA_FIFO)                                     |                     system_axi_dma_camera_0_axi_datamover_sfifo_autord |         81 |         81 |       0 |    0 |     0 |      0 |      0 |    0 |          0 |
|                 BLK_MEM.I_SYNC_FIFOGEN_FIFO                       |                                  system_axi_dma_camera_0_xpm_fifo_sync |         69 |         69 |       0 |    0 |    55 |      2 |      1 |    0 |          0 |
|                   xpm_fifo_base_inst                              |                                  system_axi_dma_camera_0_xpm_fifo_base |         69 |         69 |       0 |    0 |    55 |      2 |      1 |    0 |          0 |
|             I_ADDR_CNTL                                           |                        system_axi_dma_camera_0_axi_datamover_addr_cntl |         52 |         11 |       0 |   41 |    53 |      0 |      0 |    0 |          0 |
|               GEN_ADDR_FIFO.I_ADDR_QUAL_FIFO                      |             system_axi_dma_camera_0_axi_datamover_fifo__parameterized1 |         51 |         10 |       0 |   41 |     7 |      0 |      0 |    0 |          0 |
|             I_CMD_STATUS                                          |                       system_axi_dma_camera_0_axi_datamover_cmd_status |          8 |          8 |       0 |    0 |    71 |      0 |      0 |    0 |          0 |
|               I_CMD_FIFO                                          |                             system_axi_dma_camera_0_axi_datamover_fifo |          3 |          3 |       0 |    0 |    65 |      0 |      0 |    0 |          0 |
|             I_MSTR_PCC                                            |                              system_axi_dma_camera_0_axi_datamover_pcc |        223 |        223 |       0 |    0 |   213 |      0 |      0 |    0 |          0 |
|             I_RD_DATA_CNTL                                        |                      system_axi_dma_camera_0_axi_datamover_rddata_cntl |        103 |         61 |       0 |   42 |    67 |      0 |      0 |    0 |          0 |
|               (I_RD_DATA_CNTL)                                    |                      system_axi_dma_camera_0_axi_datamover_rddata_cntl |         39 |         39 |       0 |    0 |    61 |      0 |      0 |    0 |          0 |
|               GEN_DATA_CNTL_FIFO.I_DATA_CNTL_FIFO                 |             system_axi_dma_camera_0_axi_datamover_fifo__parameterized2 |         64 |         22 |       0 |   42 |     6 |      0 |      0 |    0 |          0 |
|                 USE_SRL_FIFO.I_SYNC_FIFO                          | system_axi_dma_camera_0_axi_datamover_v5_1_37_srl_fifo__parameterized0 |         63 |         21 |       0 |   42 |     4 |      0 |      0 |    0 |          0 |
|         INCLUDE_MM2S_SOF_EOF_GENERATOR.I_MM2S_DMA_MNGR            |                              system_axi_dma_camera_0_axi_dma_mm2s_mngr |         19 |         19 |       0 |    0 |    76 |      0 |      0 |    0 |          0 |
|           GEN_MM2S_DMA_CONTROL.GEN_SIMPLE_DMA_MODE.I_MM2S_SMPL_SM |                               system_axi_dma_camera_0_axi_dma_smple_sm |          9 |          9 |       0 |    0 |    65 |      0 |      0 |    0 |          0 |
|         I_AXI_DMA_REG_MODULE                                      |                             system_axi_dma_camera_0_axi_dma_reg_module |         76 |         76 |       0 |    0 |   172 |      0 |      0 |    0 |          0 |
|           GEN_MM2S_REGISTERS.I_MM2S_DMA_REGISTER                  |                               system_axi_dma_camera_0_axi_dma_register |         15 |         15 |       0 |    0 |    91 |      0 |      0 |    0 |          0 |
|           GEN_AXI_LITE_IF.AXI_LITE_IF_I                           |                                system_axi_dma_camera_0_axi_dma_lite_if |         59 |         59 |       0 |    0 |    81 |      0 |      0 |    0 |          0 |
|     axi_dma_main                                                  |                                                  system_axi_dma_main_0 |       4328 |       4096 |      24 |  208 |  4341 |      4 |      2 |    0 |          0 |
|       U0                                                          |                                          system_axi_dma_main_0_axi_dma |       4328 |       4096 |      24 |  208 |  4341 |      4 |      2 |    0 |          0 |
|         I_PRMRY_DATAMOVER                                         |                                    system_axi_dma_main_0_axi_datamover |       4103 |       3871 |      24 |  208 |  3838 |      4 |      2 |    0 |          0 |
|           GEN_MM2S_FULL.I_MM2S_FULL_WRAPPER                       |                     system_axi_dma_main_0_axi_datamover_mm2s_full_wrap |       1626 |       1538 |       0 |   88 |  1265 |      2 |      1 |    0 |          0 |
|             I_RD_DATA_CNTL                                        |                        system_axi_dma_main_0_axi_datamover_rddata_cntl |        101 |         59 |       0 |   42 |    67 |      0 |      0 |    0 |          0 |
|               (I_RD_DATA_CNTL)                                    |                        system_axi_dma_main_0_axi_datamover_rddata_cntl |         37 |         37 |       0 |    0 |    61 |      0 |      0 |    0 |          0 |
|               GEN_DATA_CNTL_FIFO.I_DATA_CNTL_FIFO                 |               system_axi_dma_main_0_axi_datamover_fifo__parameterized2 |         64 |         22 |       0 |   42 |     6 |      0 |      0 |    0 |          0 |
|                 USE_SRL_FIFO.I_SYNC_FIFO                          |   system_axi_dma_main_0_axi_datamover_v5_1_37_srl_fifo__parameterized0 |         63 |         21 |       0 |   42 |     4 |      0 |      0 |    0 |          0 |
|             ENABLE_AXIS_SKID.I_MM2S_SKID_BUF                      |                        system_axi_dma_main_0_axi_datamover_skid_buf_14 |        161 |        161 |       0 |    0 |   297 |      0 |      0 |    0 |          0 |
|             GEN_INCLUDE_MM2S_DRE.I_DRE_16_to_64                   |                           system_axi_dma_main_0_axi_datamover_mm2s_dre |        951 |        951 |       0 |    0 |   480 |      0 |      0 |    0 |          0 |
|             GEN_INCLUDE_MM2S_SF.I_RD_SF                           |                              system_axi_dma_main_0_axi_datamover_rd_sf |        126 |        121 |       0 |    5 |    73 |      2 |      1 |    0 |          0 |
|               I_DATA_FIFO                                         |                       system_axi_dma_main_0_axi_datamover_sfifo_autord |         92 |         92 |       0 |    0 |    55 |      2 |      1 |    0 |          0 |
|                 BLK_MEM.I_SYNC_FIFOGEN_FIFO                       |                                    system_axi_dma_main_0_xpm_fifo_sync |         69 |         69 |       0 |    0 |    55 |      2 |      1 |    0 |          0 |
|                   xpm_fifo_base_inst                              |                                    system_axi_dma_main_0_xpm_fifo_base |         69 |         69 |       0 |    0 |    55 |      2 |      1 |    0 |          0 |
|             I_ADDR_CNTL                                           |                          system_axi_dma_main_0_axi_datamover_addr_cntl |         51 |         10 |       0 |   41 |    53 |      0 |      0 |    0 |          0 |
|               GEN_ADDR_FIFO.I_ADDR_QUAL_FIFO                      |            system_axi_dma_main_0_axi_datamover_fifo__parameterized1_17 |         50 |          9 |       0 |   41 |     7 |      0 |      0 |    0 |          0 |
|             I_CMD_STATUS                                          |                         system_axi_dma_main_0_axi_datamover_cmd_status |          8 |          8 |       0 |    0 |    71 |      0 |      0 |    0 |          0 |
|               I_CMD_FIFO                                          |                            system_axi_dma_main_0_axi_datamover_fifo_16 |          3 |          3 |       0 |    0 |    65 |      0 |      0 |    0 |          0 |
|             I_MSTR_PCC                                            |                                system_axi_dma_main_0_axi_datamover_pcc |        219 |        219 |       0 |    0 |   213 |      0 |      0 |    0 |          0 |
|           GEN_S2MM_FULL.I_S2MM_FULL_WRAPPER                       |                     system_axi_dma_main_0_axi_datamover_s2mm_full_wrap |       2477 |       2333 |      24 |  120 |  2573 |      2 |      1 |    0 |          0 |
|             ENABLE_AXIS_SKID.I_S2MM_STRM_SKID_BUF                 |                           system_axi_dma_main_0_axi_datamover_skid_buf |        160 |        160 |       0 |    0 |   296 |      0 |      0 |    0 |          0 |
|             GEN_ENABLE_INDET_BTT_SF.I_INDET_BTT                   |                          system_axi_dma_main_0_axi_datamover_indet_btt |        334 |        326 |       8 |    0 |   435 |      2 |      1 |    0 |          0 |
|               I_XD_FIFO                                           |       system_axi_dma_main_0_axi_datamover_sfifo_autord__parameterized1 |         80 |         72 |       8 |    0 |    62 |      0 |      0 |    0 |          0 |
|                 NON_BLK_MEM.I_SYNC_FIFOGEN_FIFO                   |                    system_axi_dma_main_0_xpm_fifo_sync__parameterized3 |         45 |         37 |       8 |    0 |    62 |      0 |      0 |    0 |          0 |
|                   xpm_fifo_base_inst                              |                    system_axi_dma_main_0_xpm_fifo_base__parameterized1 |         45 |         37 |       8 |    0 |    62 |      0 |      0 |    0 |          0 |
|               ENABLE_AXIS_SKID.I_INDET_BTT_SKID_BUF               |           system_axi_dma_main_0_axi_datamover_skid_buf__parameterized0 |        158 |        158 |       0 |    0 |   306 |      0 |      0 |    0 |          0 |
|               I_DATA_FIFO                                         |       system_axi_dma_main_0_axi_datamover_sfifo_autord__parameterized2 |         88 |         88 |       0 |    0 |    47 |      2 |      1 |    0 |          0 |
|                 BLK_MEM.I_SYNC_FIFOGEN_FIFO                       |                    system_axi_dma_main_0_xpm_fifo_sync__parameterized5 |         53 |         53 |       0 |    0 |    47 |      2 |      1 |    0 |          0 |
|                   xpm_fifo_base_inst                              |                    system_axi_dma_main_0_xpm_fifo_base__parameterized2 |         53 |         53 |       0 |    0 |    47 |      2 |      1 |    0 |          0 |
|             GEN_INCLUDE_IBTTCC.I_S2MM_MSTR_IBTTCC                 |                             system_axi_dma_main_0_axi_datamover_ibttcc |        191 |        191 |       0 |    0 |   290 |      0 |      0 |    0 |          0 |
|             GEN_INCLUDE_REALIGNER.I_S2MM_REALIGNER                |                       system_axi_dma_main_0_axi_datamover_s2mm_realign |       1402 |       1353 |      16 |   33 |   963 |      0 |      0 |    0 |          0 |
|               I_DRE_CNTL_FIFO                                     |               system_axi_dma_main_0_axi_datamover_fifo__parameterized7 |         60 |         27 |       0 |   33 |     6 |      0 |      0 |    0 |          0 |
|                 USE_SRL_FIFO.I_SYNC_FIFO                          |   system_axi_dma_main_0_axi_datamover_v5_1_37_srl_fifo__parameterized4 |         59 |         26 |       0 |   33 |     4 |      0 |      0 |    0 |          0 |
|               GEN_INCLUDE_DRE.I_S2MM_DRE_BLOCK                    |                           system_axi_dma_main_0_axi_datamover_s2mm_dre |        886 |        886 |       0 |    0 |   466 |      0 |      0 |    0 |          0 |
|               GEN_INCLUDE_SCATTER.I_S2MM_SCATTER                  |                       system_axi_dma_main_0_axi_datamover_s2mm_scatter |        456 |        440 |      16 |    0 |   483 |      0 |      0 |    0 |          0 |
|                 (GEN_INCLUDE_SCATTER.I_S2MM_SCATTER)              |                       system_axi_dma_main_0_axi_datamover_s2mm_scatter |         84 |         84 |       0 |    0 |    79 |      0 |      0 |    0 |          0 |
|                 I_MSSAI_SKID_BUF                                  |                     system_axi_dma_main_0_axi_datamover_mssai_skid_buf |        207 |        207 |       0 |    0 |   301 |      0 |      0 |    0 |          0 |
|                 I_TSTRB_FIFO                                      |               system_axi_dma_main_0_axi_datamover_fifo__parameterized8 |         93 |         77 |      16 |    0 |    77 |      0 |      0 |    0 |          0 |
|                   USE_SYNC_FIFO.I_SYNC_FIFO                       |       system_axi_dma_main_0_axi_datamover_sfifo_autord__parameterized0 |         91 |         75 |      16 |    0 |    73 |      0 |      0 |    0 |          0 |
|                     (USE_SYNC_FIFO.I_SYNC_FIFO)                   |       system_axi_dma_main_0_axi_datamover_sfifo_autord__parameterized0 |         52 |         52 |       0 |    0 |     0 |      0 |      0 |    0 |          0 |
|                     NON_BLK_MEM.I_SYNC_FIFOGEN_FIFO               |                    system_axi_dma_main_0_xpm_fifo_sync__parameterized1 |         39 |         23 |      16 |    0 |    73 |      0 |      0 |    0 |          0 |
|                       xpm_fifo_base_inst                          |                    system_axi_dma_main_0_xpm_fifo_base__parameterized0 |         39 |         23 |      16 |    0 |    73 |      0 |      0 |    0 |          0 |
|                 SLICE_INSERTION                                   |                              system_axi_dma_main_0_axi_datamover_slice |         72 |         72 |       0 |    0 |    26 |      0 |      0 |    0 |          0 |
|             I_ADDR_CNTL                                           |          system_axi_dma_main_0_axi_datamover_addr_cntl__parameterized0 |         52 |         10 |       0 |   42 |    54 |      0 |      0 |    0 |          0 |
|               GEN_ADDR_FIFO.I_ADDR_QUAL_FIFO                      |               system_axi_dma_main_0_axi_datamover_fifo__parameterized1 |         51 |          9 |       0 |   42 |     7 |      0 |      0 |    0 |          0 |
|             I_CMD_STATUS                                          |         system_axi_dma_main_0_axi_datamover_cmd_status__parameterized0 |         23 |         23 |       0 |    0 |    99 |      0 |      0 |    0 |          0 |
|               I_CMD_FIFO                                          |                               system_axi_dma_main_0_axi_datamover_fifo |          4 |          4 |       0 |    0 |    65 |      0 |      0 |    0 |          0 |
|             I_S2MM_MMAP_SKID_BUF                                  |                        system_axi_dma_main_0_axi_datamover_skid2mm_buf |        132 |        132 |       0 |    0 |   295 |      0 |      0 |    0 |          0 |
|             I_WR_DATA_CNTL                                        |                        system_axi_dma_main_0_axi_datamover_wrdata_cntl |        121 |        107 |       0 |   14 |    74 |      0 |      0 |    0 |          0 |
|               (I_WR_DATA_CNTL)                                    |                        system_axi_dma_main_0_axi_datamover_wrdata_cntl |         70 |         70 |       0 |    0 |    68 |      0 |      0 |    0 |          0 |
|         INCLUDE_MM2S_SOF_EOF_GENERATOR.I_MM2S_DMA_MNGR            |                                system_axi_dma_main_0_axi_dma_mm2s_mngr |         16 |         16 |       0 |    0 |    76 |      0 |      0 |    0 |          0 |
|           GEN_MM2S_DMA_CONTROL.GEN_SIMPLE_DMA_MODE.I_MM2S_SMPL_SM |                              system_axi_dma_main_0_axi_dma_smple_sm_26 |          9 |          9 |       0 |    0 |    65 |      0 |      0 |    0 |          0 |
|         INCLUDE_S2MM_SOF_EOF_GENERATOR.I_S2MM_DMA_MNGR            |                                system_axi_dma_main_0_axi_dma_s2mm_mngr |         31 |         31 |       0 |    0 |   104 |      0 |      0 |    0 |          0 |
|           GEN_S2MM_DMA_CONTROL.GEN_SIMPLE_DMA_MODE.I_S2MM_SMPL_SM |                                 system_axi_dma_main_0_axi_dma_smple_sm |          9 |          9 |       0 |    0 |    65 |      0 |      0 |    0 |          0 |
|         I_AXI_DMA_REG_MODULE                                      |                               system_axi_dma_main_0_axi_dma_reg_module |        139 |        139 |       0 |    0 |   267 |      0 |      0 |    0 |          0 |
|           GEN_S2MM_REGISTERS.I_S2MM_DMA_REGISTER                  |                            system_axi_dma_main_0_axi_dma_register_s2mm |         11 |         11 |       0 |    0 |    91 |      0 |      0 |    0 |          0 |
|           GEN_AXI_LITE_IF.AXI_LITE_IF_I                           |                                  system_axi_dma_main_0_axi_dma_lite_if |        108 |        108 |       0 |    0 |    85 |      0 |      0 |    0 |          0 |
|           GEN_MM2S_REGISTERS.I_MM2S_DMA_REGISTER                  |                                 system_axi_dma_main_0_axi_dma_register |         18 |         18 |       0 |    0 |    91 |      0 |      0 |    0 |          0 |
+-------------------------------------------------------------------+------------------------------------------------------------------------+------------+------------+---------+------+-------+--------+--------+------+------------+


