Copyright 1986-2022 Xilinx, Inc. All Rights Reserved. Copyright 2022-2024 Advanced Micro Devices, Inc. All Rights Reserved.
-------------------------------------------------------------------------------------------------------------------------------------------------------------------------------------------------------------
| Tool Version      : Vivado v.2024.1 (lin64) Build 5076996 Wed May 22 18:36:09 MDT 2024
| Date              : Sat Sep  5 22:00:26 2026
| Host              : yundodo running 64-bit unknown
| Command           : report_timing -delay_type max -max_paths 20 -sort_by group -file /home/dodo/Documents/Codex/2026-08-31/kv260-alexnet-rtl/alexnet/reports/m4n8_fc_layer_datapath/200mhz/worst_setup.rpt
| Design            : alexnet_m4n8_fc_layer_datapath
| Device            : xck26-sfvc784
| Speed File        : -2LV  PRODUCTION 1.30 05-15-2022
| Design State      : Routed
| Temperature Grade : C
-------------------------------------------------------------------------------------------------------------------------------------------------------------------------------------------------------------

Timing Report

Slack (MET) :             0.497ns  (required time - arrival time)
  Source:                 result_complete_n_base[3]
                            (input port clocked by clk  {rise@0.000ns fall@2.500ns period=5.000ns})
  Destination:            u_core/u_core/u_core/u_base/u_output_slice/u_partial_sum_bank/words_accepted_reg[0]/R
                            (rising edge-triggered cell FDRE clocked by clk  {rise@0.000ns fall@2.500ns period=5.000ns})
  Path Group:             clk
  Path Type:              Setup (Max at Slow Process Corner)
  Requirement:            5.000ns  (clk rise@5.000ns - clk rise@0.000ns)
  Data Path Delay:        3.379ns  (logic 1.221ns (36.132%)  route 2.158ns (63.868%))
  Logic Levels:           10  (LUT4=1 LUT5=1 LUT6=8)
  Input Delay:            1.000ns
  Clock Path Skew:        0.030ns (DCD - SCD + CPR)
    Destination Clock Delay (DCD):    0.030ns = ( 5.030 - 5.000 ) 
    Source Clock Delay      (SCD):    0.000ns
    Clock Pessimism Removal (CPR):    0.000ns
  Clock Uncertainty:      0.035ns  ((TSJ^2 + TIJ^2)^1/2 + DJ) / 2 + PE
    Total System Jitter     (TSJ):    0.071ns
    Total Input Jitter      (TIJ):    0.000ns
    Discrete Jitter          (DJ):    0.000ns
    Phase Error              (PE):    0.000ns

    Location             Delay type                Incr(ns)  Path(ns)    Netlist Resource(s)
  -------------------------------------------------------------------    -------------------
                         (clock clk rise edge)        0.000     0.000 r  
                         input delay                  1.000     1.000    
                                                      0.000     1.000 r  result_complete_n_base[3] (IN)
                         net (fo=0)                   0.000     1.000    u_controller/result_complete_n_base[3]
    SLICE_X26Y37         LUT6 (Prop_A6LUT_SLICEL_I0_O)
                                                      0.225     1.225 r  u_controller/fault_INST_0_i_14/O
                         net (fo=1, routed)           0.128     1.353    u_controller/fault_INST_0_i_14_n_0
    SLICE_X25Y37         LUT6 (Prop_G6LUT_SLICEM_I0_O)
                                                      0.226     1.579 r  u_controller/fault_INST_0_i_12/O
                         net (fo=1, routed)           0.106     1.685    u_controller/fault_INST_0_i_12_n_0
    SLICE_X25Y37         LUT6 (Prop_A6LUT_SLICEM_I4_O)
                                                      0.152     1.837 r  u_controller/fault_INST_0_i_3/O
                         net (fo=2, routed)           0.118     1.955    u_controller/result_ack_bad2__24
    SLICE_X25Y38         LUT6 (Prop_E6LUT_SLICEM_I2_O)
                                                      0.083     2.038 r  u_controller/fault_INST_0/O
                         net (fo=11, routed)          0.127     2.165    u_core/u_core/u_core/u_base/u_output_slice/u_partial_sum_bank/cfg_n_base_q_reg[12]
    SLICE_X26Y38         LUT6 (Prop_E6LUT_SLICEL_I2_O)
                                                      0.057     2.222 f  u_core/u_core/u_core/u_base/u_output_slice/u_partial_sum_bank/product_pipe_q_reg[0]_i_6/O
                         net (fo=17, routed)          0.318     2.540    u_core/u_core/u_core/u_base/u_output_slice/u_partial_sum_bank/cfg_fire
    SLICE_X27Y35         LUT5 (Prop_B5LUT_SLICEL_I3_O)
                                                      0.097     2.637 r  u_core/u_core/u_core/u_base/u_output_slice/u_partial_sum_bank/k_count_q[9]_i_15/O
                         net (fo=2, routed)           0.204     2.841    u_core/u_core/u_core/u_base/u_output_slice/u_partial_sum_bank/k_count_q[9]_i_15_n_0
    SLICE_X27Y32         LUT6 (Prop_F6LUT_SLICEL_I0_O)
                                                      0.150     2.991 f  u_core/u_core/u_core/u_base/u_output_slice/u_partial_sum_bank/k_count_q[9]_i_7/O
                         net (fo=1, routed)           0.049     3.040    u_core/u_core/u_core/u_base/u_output_slice/u_partial_sum_bank/k_count_q[9]_i_7_n_0
    SLICE_X27Y32         LUT6 (Prop_H6LUT_SLICEL_I3_O)
                                                      0.083     3.123 r  u_core/u_core/u_core/u_base/u_output_slice/u_partial_sum_bank/k_count_q[9]_i_2/O
                         net (fo=4, routed)           0.202     3.325    u_core/u_core/u_core/u_base/u_output_slice/u_partial_sum_bank/output_chunk_ready
    SLICE_X27Y33         LUT6 (Prop_D6LUT_SLICEL_I2_O)
                                                      0.057     3.382 r  u_core/u_core/u_core/u_base/u_output_slice/u_partial_sum_bank/k_count_q[9]_i_1/O
                         net (fo=72, routed)          0.413     3.795    u_core/u_core/u_core/u_base/u_output_slice/u_partial_sum_bank/FSM_sequential_state_q_reg[1]_0
    SLICE_X29Y39         LUT4 (Prop_D5LUT_SLICEM_I2_O)
                                                      0.091     3.886 r  u_core/u_core/u_core/u_base/u_output_slice/u_partial_sum_bank/words_accepted[9]_i_1/O
                         net (fo=10, routed)          0.493     4.379    u_core/u_core/u_core/u_base/u_output_slice/u_partial_sum_bank/words_accepted[9]_i_1_n_0
    SLICE_X29Y32         FDRE                                         r  u_core/u_core/u_core/u_base/u_output_slice/u_partial_sum_bank/words_accepted_reg[0]/R
  -------------------------------------------------------------------    -------------------

                         (clock clk rise edge)        5.000     5.000 r  
                                                      0.000     5.000 r  clk (IN)
                         net (fo=5191, unset)         0.030     5.030    u_core/u_core/u_core/u_base/u_output_slice/u_partial_sum_bank/clk
    SLICE_X29Y32         FDRE                                         r  u_core/u_core/u_core/u_base/u_output_slice/u_partial_sum_bank/words_accepted_reg[0]/C
                         clock pessimism              0.000     5.030    
                         clock uncertainty           -0.035     4.995    
    SLICE_X29Y32         FDRE (Setup_DFF_SLICEM_C_R)
                                                     -0.118     4.877    u_core/u_core/u_core/u_base/u_output_slice/u_partial_sum_bank/words_accepted_reg[0]
  -------------------------------------------------------------------
                         required time                          4.877    
                         arrival time                          -4.379    
  -------------------------------------------------------------------
                         slack                                  0.497    

Slack (MET) :             0.497ns  (required time - arrival time)
  Source:                 result_complete_n_base[3]
                            (input port clocked by clk  {rise@0.000ns fall@2.500ns period=5.000ns})
  Destination:            u_core/u_core/u_core/u_base/u_output_slice/u_partial_sum_bank/words_accepted_reg[1]/R
                            (rising edge-triggered cell FDRE clocked by clk  {rise@0.000ns fall@2.500ns period=5.000ns})
  Path Group:             clk
  Path Type:              Setup (Max at Slow Process Corner)
  Requirement:            5.000ns  (clk rise@5.000ns - clk rise@0.000ns)
  Data Path Delay:        3.379ns  (logic 1.221ns (36.132%)  route 2.158ns (63.868%))
  Logic Levels:           10  (LUT4=1 LUT5=1 LUT6=8)
  Input Delay:            1.000ns
  Clock Path Skew:        0.030ns (DCD - SCD + CPR)
    Destination Clock Delay (DCD):    0.030ns = ( 5.030 - 5.000 ) 
    Source Clock Delay      (SCD):    0.000ns
    Clock Pessimism Removal (CPR):    0.000ns
  Clock Uncertainty:      0.035ns  ((TSJ^2 + TIJ^2)^1/2 + DJ) / 2 + PE
    Total System Jitter     (TSJ):    0.071ns
    Total Input Jitter      (TIJ):    0.000ns
    Discrete Jitter          (DJ):    0.000ns
    Phase Error              (PE):    0.000ns

    Location             Delay type                Incr(ns)  Path(ns)    Netlist Resource(s)
  -------------------------------------------------------------------    -------------------
                         (clock clk rise edge)        0.000     0.000 r  
                         input delay                  1.000     1.000    
                                                      0.000     1.000 r  result_complete_n_base[3] (IN)
                         net (fo=0)                   0.000     1.000    u_controller/result_complete_n_base[3]
    SLICE_X26Y37         LUT6 (Prop_A6LUT_SLICEL_I0_O)
                                                      0.225     1.225 r  u_controller/fault_INST_0_i_14/O
                         net (fo=1, routed)           0.128     1.353    u_controller/fault_INST_0_i_14_n_0
    SLICE_X25Y37         LUT6 (Prop_G6LUT_SLICEM_I0_O)
                                                      0.226     1.579 r  u_controller/fault_INST_0_i_12/O
                         net (fo=1, routed)           0.106     1.685    u_controller/fault_INST_0_i_12_n_0
    SLICE_X25Y37         LUT6 (Prop_A6LUT_SLICEM_I4_O)
                                                      0.152     1.837 r  u_controller/fault_INST_0_i_3/O
                         net (fo=2, routed)           0.118     1.955    u_controller/result_ack_bad2__24
    SLICE_X25Y38         LUT6 (Prop_E6LUT_SLICEM_I2_O)
                                                      0.083     2.038 r  u_controller/fault_INST_0/O
                         net (fo=11, routed)          0.127     2.165    u_core/u_core/u_core/u_base/u_output_slice/u_partial_sum_bank/cfg_n_base_q_reg[12]
    SLICE_X26Y38         LUT6 (Prop_E6LUT_SLICEL_I2_O)
                                                      0.057     2.222 f  u_core/u_core/u_core/u_base/u_output_slice/u_partial_sum_bank/product_pipe_q_reg[0]_i_6/O
                         net (fo=17, routed)          0.318     2.540    u_core/u_core/u_core/u_base/u_output_slice/u_partial_sum_bank/cfg_fire
    SLICE_X27Y35         LUT5 (Prop_B5LUT_SLICEL_I3_O)
                                                      0.097     2.637 r  u_core/u_core/u_core/u_base/u_output_slice/u_partial_sum_bank/k_count_q[9]_i_15/O
                         net (fo=2, routed)           0.204     2.841    u_core/u_core/u_core/u_base/u_output_slice/u_partial_sum_bank/k_count_q[9]_i_15_n_0
    SLICE_X27Y32         LUT6 (Prop_F6LUT_SLICEL_I0_O)
                                                      0.150     2.991 f  u_core/u_core/u_core/u_base/u_output_slice/u_partial_sum_bank/k_count_q[9]_i_7/O
                         net (fo=1, routed)           0.049     3.040    u_core/u_core/u_core/u_base/u_output_slice/u_partial_sum_bank/k_count_q[9]_i_7_n_0
    SLICE_X27Y32         LUT6 (Prop_H6LUT_SLICEL_I3_O)
                                                      0.083     3.123 r  u_core/u_core/u_core/u_base/u_output_slice/u_partial_sum_bank/k_count_q[9]_i_2/O
                         net (fo=4, routed)           0.202     3.325    u_core/u_core/u_core/u_base/u_output_slice/u_partial_sum_bank/output_chunk_ready
    SLICE_X27Y33         LUT6 (Prop_D6LUT_SLICEL_I2_O)
                                                      0.057     3.382 r  u_core/u_core/u_core/u_base/u_output_slice/u_partial_sum_bank/k_count_q[9]_i_1/O
                         net (fo=72, routed)          0.413     3.795    u_core/u_core/u_core/u_base/u_output_slice/u_partial_sum_bank/FSM_sequential_state_q_reg[1]_0
    SLICE_X29Y39         LUT4 (Prop_D5LUT_SLICEM_I2_O)
                                                      0.091     3.886 r  u_core/u_core/u_core/u_base/u_output_slice/u_partial_sum_bank/words_accepted[9]_i_1/O
                         net (fo=10, routed)          0.493     4.379    u_core/u_core/u_core/u_base/u_output_slice/u_partial_sum_bank/words_accepted[9]_i_1_n_0
    SLICE_X29Y32         FDRE                                         r  u_core/u_core/u_core/u_base/u_output_slice/u_partial_sum_bank/words_accepted_reg[1]/R
  -------------------------------------------------------------------    -------------------

                         (clock clk rise edge)        5.000     5.000 r  
                                                      0.000     5.000 r  clk (IN)
                         net (fo=5191, unset)         0.030     5.030    u_core/u_core/u_core/u_base/u_output_slice/u_partial_sum_bank/clk
    SLICE_X29Y32         FDRE                                         r  u_core/u_core/u_core/u_base/u_output_slice/u_partial_sum_bank/words_accepted_reg[1]/C
                         clock pessimism              0.000     5.030    
                         clock uncertainty           -0.035     4.995    
    SLICE_X29Y32         FDRE (Setup_DFF2_SLICEM_C_R)
                                                     -0.118     4.877    u_core/u_core/u_core/u_base/u_output_slice/u_partial_sum_bank/words_accepted_reg[1]
  -------------------------------------------------------------------
                         required time                          4.877    
                         arrival time                          -4.379    
  -------------------------------------------------------------------
                         slack                                  0.497    

Slack (MET) :             0.497ns  (required time - arrival time)
  Source:                 result_complete_n_base[3]
                            (input port clocked by clk  {rise@0.000ns fall@2.500ns period=5.000ns})
  Destination:            u_core/u_core/u_core/u_base/u_output_slice/u_partial_sum_bank/words_accepted_reg[6]/R
                            (rising edge-triggered cell FDRE clocked by clk  {rise@0.000ns fall@2.500ns period=5.000ns})
  Path Group:             clk
  Path Type:              Setup (Max at Slow Process Corner)
  Requirement:            5.000ns  (clk rise@5.000ns - clk rise@0.000ns)
  Data Path Delay:        3.379ns  (logic 1.221ns (36.132%)  route 2.158ns (63.868%))
  Logic Levels:           10  (LUT4=1 LUT5=1 LUT6=8)
  Input Delay:            1.000ns
  Clock Path Skew:        0.030ns (DCD - SCD + CPR)
    Destination Clock Delay (DCD):    0.030ns = ( 5.030 - 5.000 ) 
    Source Clock Delay      (SCD):    0.000ns
    Clock Pessimism Removal (CPR):    0.000ns
  Clock Uncertainty:      0.035ns  ((TSJ^2 + TIJ^2)^1/2 + DJ) / 2 + PE
    Total System Jitter     (TSJ):    0.071ns
    Total Input Jitter      (TIJ):    0.000ns
    Discrete Jitter          (DJ):    0.000ns
    Phase Error              (PE):    0.000ns

    Location             Delay type                Incr(ns)  Path(ns)    Netlist Resource(s)
  -------------------------------------------------------------------    -------------------
                         (clock clk rise edge)        0.000     0.000 r  
                         input delay                  1.000     1.000    
                                                      0.000     1.000 r  result_complete_n_base[3] (IN)
                         net (fo=0)                   0.000     1.000    u_controller/result_complete_n_base[3]
    SLICE_X26Y37         LUT6 (Prop_A6LUT_SLICEL_I0_O)
                                                      0.225     1.225 r  u_controller/fault_INST_0_i_14/O
                         net (fo=1, routed)           0.128     1.353    u_controller/fault_INST_0_i_14_n_0
    SLICE_X25Y37         LUT6 (Prop_G6LUT_SLICEM_I0_O)
                                                      0.226     1.579 r  u_controller/fault_INST_0_i_12/O
                         net (fo=1, routed)           0.106     1.685    u_controller/fault_INST_0_i_12_n_0
    SLICE_X25Y37         LUT6 (Prop_A6LUT_SLICEM_I4_O)
                                                      0.152     1.837 r  u_controller/fault_INST_0_i_3/O
                         net (fo=2, routed)           0.118     1.955    u_controller/result_ack_bad2__24
    SLICE_X25Y38         LUT6 (Prop_E6LUT_SLICEM_I2_O)
                                                      0.083     2.038 r  u_controller/fault_INST_0/O
                         net (fo=11, routed)          0.127     2.165    u_core/u_core/u_core/u_base/u_output_slice/u_partial_sum_bank/cfg_n_base_q_reg[12]
    SLICE_X26Y38         LUT6 (Prop_E6LUT_SLICEL_I2_O)
                                                      0.057     2.222 f  u_core/u_core/u_core/u_base/u_output_slice/u_partial_sum_bank/product_pipe_q_reg[0]_i_6/O
                         net (fo=17, routed)          0.318     2.540    u_core/u_core/u_core/u_base/u_output_slice/u_partial_sum_bank/cfg_fire
    SLICE_X27Y35         LUT5 (Prop_B5LUT_SLICEL_I3_O)
                                                      0.097     2.637 r  u_core/u_core/u_core/u_base/u_output_slice/u_partial_sum_bank/k_count_q[9]_i_15/O
                         net (fo=2, routed)           0.204     2.841    u_core/u_core/u_core/u_base/u_output_slice/u_partial_sum_bank/k_count_q[9]_i_15_n_0
    SLICE_X27Y32         LUT6 (Prop_F6LUT_SLICEL_I0_O)
                                                      0.150     2.991 f  u_core/u_core/u_core/u_base/u_output_slice/u_partial_sum_bank/k_count_q[9]_i_7/O
                         net (fo=1, routed)           0.049     3.040    u_core/u_core/u_core/u_base/u_output_slice/u_partial_sum_bank/k_count_q[9]_i_7_n_0
    SLICE_X27Y32         LUT6 (Prop_H6LUT_SLICEL_I3_O)
                                                      0.083     3.123 r  u_core/u_core/u_core/u_base/u_output_slice/u_partial_sum_bank/k_count_q[9]_i_2/O
                         net (fo=4, routed)           0.202     3.325    u_core/u_core/u_core/u_base/u_output_slice/u_partial_sum_bank/output_chunk_ready
    SLICE_X27Y33         LUT6 (Prop_D6LUT_SLICEL_I2_O)
                                                      0.057     3.382 r  u_core/u_core/u_core/u_base/u_output_slice/u_partial_sum_bank/k_count_q[9]_i_1/O
                         net (fo=72, routed)          0.413     3.795    u_core/u_core/u_core/u_base/u_output_slice/u_partial_sum_bank/FSM_sequential_state_q_reg[1]_0
    SLICE_X29Y39         LUT4 (Prop_D5LUT_SLICEM_I2_O)
                                                      0.091     3.886 r  u_core/u_core/u_core/u_base/u_output_slice/u_partial_sum_bank/words_accepted[9]_i_1/O
                         net (fo=10, routed)          0.493     4.379    u_core/u_core/u_core/u_base/u_output_slice/u_partial_sum_bank/words_accepted[9]_i_1_n_0
    SLICE_X29Y32         FDRE                                         r  u_core/u_core/u_core/u_base/u_output_slice/u_partial_sum_bank/words_accepted_reg[6]/R
  -------------------------------------------------------------------    -------------------

                         (clock clk rise edge)        5.000     5.000 r  
                                                      0.000     5.000 r  clk (IN)
                         net (fo=5191, unset)         0.030     5.030    u_core/u_core/u_core/u_base/u_output_slice/u_partial_sum_bank/clk
    SLICE_X29Y32         FDRE                                         r  u_core/u_core/u_core/u_base/u_output_slice/u_partial_sum_bank/words_accepted_reg[6]/C
                         clock pessimism              0.000     5.030    
                         clock uncertainty           -0.035     4.995    
    SLICE_X29Y32         FDRE (Setup_CFF_SLICEM_C_R)
                                                     -0.118     4.877    u_core/u_core/u_core/u_base/u_output_slice/u_partial_sum_bank/words_accepted_reg[6]
  -------------------------------------------------------------------
                         required time                          4.877    
                         arrival time                          -4.379    
  -------------------------------------------------------------------
                         slack                                  0.497    

Slack (MET) :             0.497ns  (required time - arrival time)
  Source:                 result_complete_n_base[3]
                            (input port clocked by clk  {rise@0.000ns fall@2.500ns period=5.000ns})
  Destination:            u_core/u_core/u_core/u_base/u_output_slice/u_partial_sum_bank/words_accepted_reg[7]/R
                            (rising edge-triggered cell FDRE clocked by clk  {rise@0.000ns fall@2.500ns period=5.000ns})
  Path Group:             clk
  Path Type:              Setup (Max at Slow Process Corner)
  Requirement:            5.000ns  (clk rise@5.000ns - clk rise@0.000ns)
  Data Path Delay:        3.379ns  (logic 1.221ns (36.132%)  route 2.158ns (63.868%))
  Logic Levels:           10  (LUT4=1 LUT5=1 LUT6=8)
  Input Delay:            1.000ns
  Clock Path Skew:        0.030ns (DCD - SCD + CPR)
    Destination Clock Delay (DCD):    0.030ns = ( 5.030 - 5.000 ) 
    Source Clock Delay      (SCD):    0.000ns
    Clock Pessimism Removal (CPR):    0.000ns
  Clock Uncertainty:      0.035ns  ((TSJ^2 + TIJ^2)^1/2 + DJ) / 2 + PE
    Total System Jitter     (TSJ):    0.071ns
    Total Input Jitter      (TIJ):    0.000ns
    Discrete Jitter          (DJ):    0.000ns
    Phase Error              (PE):    0.000ns

    Location             Delay type                Incr(ns)  Path(ns)    Netlist Resource(s)
  -------------------------------------------------------------------    -------------------
                         (clock clk rise edge)        0.000     0.000 r  
                         input delay                  1.000     1.000    
                                                      0.000     1.000 r  result_complete_n_base[3] (IN)
                         net (fo=0)                   0.000     1.000    u_controller/result_complete_n_base[3]
    SLICE_X26Y37         LUT6 (Prop_A6LUT_SLICEL_I0_O)
                                                      0.225     1.225 r  u_controller/fault_INST_0_i_14/O
                         net (fo=1, routed)           0.128     1.353    u_controller/fault_INST_0_i_14_n_0
    SLICE_X25Y37         LUT6 (Prop_G6LUT_SLICEM_I0_O)
                                                      0.226     1.579 r  u_controller/fault_INST_0_i_12/O
                         net (fo=1, routed)           0.106     1.685    u_controller/fault_INST_0_i_12_n_0
    SLICE_X25Y37         LUT6 (Prop_A6LUT_SLICEM_I4_O)
                                                      0.152     1.837 r  u_controller/fault_INST_0_i_3/O
                         net (fo=2, routed)           0.118     1.955    u_controller/result_ack_bad2__24
    SLICE_X25Y38         LUT6 (Prop_E6LUT_SLICEM_I2_O)
                                                      0.083     2.038 r  u_controller/fault_INST_0/O
                         net (fo=11, routed)          0.127     2.165    u_core/u_core/u_core/u_base/u_output_slice/u_partial_sum_bank/cfg_n_base_q_reg[12]
    SLICE_X26Y38         LUT6 (Prop_E6LUT_SLICEL_I2_O)
                                                      0.057     2.222 f  u_core/u_core/u_core/u_base/u_output_slice/u_partial_sum_bank/product_pipe_q_reg[0]_i_6/O
                         net (fo=17, routed)          0.318     2.540    u_core/u_core/u_core/u_base/u_output_slice/u_partial_sum_bank/cfg_fire
    SLICE_X27Y35         LUT5 (Prop_B5LUT_SLICEL_I3_O)
                                                      0.097     2.637 r  u_core/u_core/u_core/u_base/u_output_slice/u_partial_sum_bank/k_count_q[9]_i_15/O
                         net (fo=2, routed)           0.204     2.841    u_core/u_core/u_core/u_base/u_output_slice/u_partial_sum_bank/k_count_q[9]_i_15_n_0
    SLICE_X27Y32         LUT6 (Prop_F6LUT_SLICEL_I0_O)
                                                      0.150     2.991 f  u_core/u_core/u_core/u_base/u_output_slice/u_partial_sum_bank/k_count_q[9]_i_7/O
                         net (fo=1, routed)           0.049     3.040    u_core/u_core/u_core/u_base/u_output_slice/u_partial_sum_bank/k_count_q[9]_i_7_n_0
    SLICE_X27Y32         LUT6 (Prop_H6LUT_SLICEL_I3_O)
                                                      0.083     3.123 r  u_core/u_core/u_core/u_base/u_output_slice/u_partial_sum_bank/k_count_q[9]_i_2/O
                         net (fo=4, routed)           0.202     3.325    u_core/u_core/u_core/u_base/u_output_slice/u_partial_sum_bank/output_chunk_ready
    SLICE_X27Y33         LUT6 (Prop_D6LUT_SLICEL_I2_O)
                                                      0.057     3.382 r  u_core/u_core/u_core/u_base/u_output_slice/u_partial_sum_bank/k_count_q[9]_i_1/O
                         net (fo=72, routed)          0.413     3.795    u_core/u_core/u_core/u_base/u_output_slice/u_partial_sum_bank/FSM_sequential_state_q_reg[1]_0
    SLICE_X29Y39         LUT4 (Prop_D5LUT_SLICEM_I2_O)
                                                      0.091     3.886 r  u_core/u_core/u_core/u_base/u_output_slice/u_partial_sum_bank/words_accepted[9]_i_1/O
                         net (fo=10, routed)          0.493     4.379    u_core/u_core/u_core/u_base/u_output_slice/u_partial_sum_bank/words_accepted[9]_i_1_n_0
    SLICE_X29Y32         FDRE                                         r  u_core/u_core/u_core/u_base/u_output_slice/u_partial_sum_bank/words_accepted_reg[7]/R
  -------------------------------------------------------------------    -------------------

                         (clock clk rise edge)        5.000     5.000 r  
                                                      0.000     5.000 r  clk (IN)
                         net (fo=5191, unset)         0.030     5.030    u_core/u_core/u_core/u_base/u_output_slice/u_partial_sum_bank/clk
    SLICE_X29Y32         FDRE                                         r  u_core/u_core/u_core/u_base/u_output_slice/u_partial_sum_bank/words_accepted_reg[7]/C
                         clock pessimism              0.000     5.030    
                         clock uncertainty           -0.035     4.995    
    SLICE_X29Y32         FDRE (Setup_CFF2_SLICEM_C_R)
                                                     -0.118     4.877    u_core/u_core/u_core/u_base/u_output_slice/u_partial_sum_bank/words_accepted_reg[7]
  -------------------------------------------------------------------
                         required time                          4.877    
                         arrival time                          -4.379    
  -------------------------------------------------------------------
                         slack                                  0.497    

Slack (MET) :             0.497ns  (required time - arrival time)
  Source:                 result_complete_n_base[3]
                            (input port clocked by clk  {rise@0.000ns fall@2.500ns period=5.000ns})
  Destination:            u_core/u_core/u_core/u_base/u_output_slice/u_partial_sum_bank/words_accepted_reg[8]/R
                            (rising edge-triggered cell FDRE clocked by clk  {rise@0.000ns fall@2.500ns period=5.000ns})
  Path Group:             clk
  Path Type:              Setup (Max at Slow Process Corner)
  Requirement:            5.000ns  (clk rise@5.000ns - clk rise@0.000ns)
  Data Path Delay:        3.379ns  (logic 1.221ns (36.132%)  route 2.158ns (63.868%))
  Logic Levels:           10  (LUT4=1 LUT5=1 LUT6=8)
  Input Delay:            1.000ns
  Clock Path Skew:        0.030ns (DCD - SCD + CPR)
    Destination Clock Delay (DCD):    0.030ns = ( 5.030 - 5.000 ) 
    Source Clock Delay      (SCD):    0.000ns
    Clock Pessimism Removal (CPR):    0.000ns
  Clock Uncertainty:      0.035ns  ((TSJ^2 + TIJ^2)^1/2 + DJ) / 2 + PE
    Total System Jitter     (TSJ):    0.071ns
    Total Input Jitter      (TIJ):    0.000ns
    Discrete Jitter          (DJ):    0.000ns
    Phase Error              (PE):    0.000ns

    Location             Delay type                Incr(ns)  Path(ns)    Netlist Resource(s)
  -------------------------------------------------------------------    -------------------
                         (clock clk rise edge)        0.000     0.000 r  
                         input delay                  1.000     1.000    
                                                      0.000     1.000 r  result_complete_n_base[3] (IN)
                         net (fo=0)                   0.000     1.000    u_controller/result_complete_n_base[3]
    SLICE_X26Y37         LUT6 (Prop_A6LUT_SLICEL_I0_O)
                                                      0.225     1.225 r  u_controller/fault_INST_0_i_14/O
                         net (fo=1, routed)           0.128     1.353    u_controller/fault_INST_0_i_14_n_0
    SLICE_X25Y37         LUT6 (Prop_G6LUT_SLICEM_I0_O)
                                                      0.226     1.579 r  u_controller/fault_INST_0_i_12/O
                         net (fo=1, routed)           0.106     1.685    u_controller/fault_INST_0_i_12_n_0
    SLICE_X25Y37         LUT6 (Prop_A6LUT_SLICEM_I4_O)
                                                      0.152     1.837 r  u_controller/fault_INST_0_i_3/O
                         net (fo=2, routed)           0.118     1.955    u_controller/result_ack_bad2__24
    SLICE_X25Y38         LUT6 (Prop_E6LUT_SLICEM_I2_O)
                                                      0.083     2.038 r  u_controller/fault_INST_0/O
                         net (fo=11, routed)          0.127     2.165    u_core/u_core/u_core/u_base/u_output_slice/u_partial_sum_bank/cfg_n_base_q_reg[12]
    SLICE_X26Y38         LUT6 (Prop_E6LUT_SLICEL_I2_O)
                                                      0.057     2.222 f  u_core/u_core/u_core/u_base/u_output_slice/u_partial_sum_bank/product_pipe_q_reg[0]_i_6/O
                         net (fo=17, routed)          0.318     2.540    u_core/u_core/u_core/u_base/u_output_slice/u_partial_sum_bank/cfg_fire
    SLICE_X27Y35         LUT5 (Prop_B5LUT_SLICEL_I3_O)
                                                      0.097     2.637 r  u_core/u_core/u_core/u_base/u_output_slice/u_partial_sum_bank/k_count_q[9]_i_15/O
                         net (fo=2, routed)           0.204     2.841    u_core/u_core/u_core/u_base/u_output_slice/u_partial_sum_bank/k_count_q[9]_i_15_n_0
    SLICE_X27Y32         LUT6 (Prop_F6LUT_SLICEL_I0_O)
                                                      0.150     2.991 f  u_core/u_core/u_core/u_base/u_output_slice/u_partial_sum_bank/k_count_q[9]_i_7/O
                         net (fo=1, routed)           0.049     3.040    u_core/u_core/u_core/u_base/u_output_slice/u_partial_sum_bank/k_count_q[9]_i_7_n_0
    SLICE_X27Y32         LUT6 (Prop_H6LUT_SLICEL_I3_O)
                                                      0.083     3.123 r  u_core/u_core/u_core/u_base/u_output_slice/u_partial_sum_bank/k_count_q[9]_i_2/O
                         net (fo=4, routed)           0.202     3.325    u_core/u_core/u_core/u_base/u_output_slice/u_partial_sum_bank/output_chunk_ready
    SLICE_X27Y33         LUT6 (Prop_D6LUT_SLICEL_I2_O)
                                                      0.057     3.382 r  u_core/u_core/u_core/u_base/u_output_slice/u_partial_sum_bank/k_count_q[9]_i_1/O
                         net (fo=72, routed)          0.413     3.795    u_core/u_core/u_core/u_base/u_output_slice/u_partial_sum_bank/FSM_sequential_state_q_reg[1]_0
    SLICE_X29Y39         LUT4 (Prop_D5LUT_SLICEM_I2_O)
                                                      0.091     3.886 r  u_core/u_core/u_core/u_base/u_output_slice/u_partial_sum_bank/words_accepted[9]_i_1/O
                         net (fo=10, routed)          0.493     4.379    u_core/u_core/u_core/u_base/u_output_slice/u_partial_sum_bank/words_accepted[9]_i_1_n_0
    SLICE_X29Y32         FDRE                                         r  u_core/u_core/u_core/u_base/u_output_slice/u_partial_sum_bank/words_accepted_reg[8]/R
  -------------------------------------------------------------------    -------------------

                         (clock clk rise edge)        5.000     5.000 r  
                                                      0.000     5.000 r  clk (IN)
                         net (fo=5191, unset)         0.030     5.030    u_core/u_core/u_core/u_base/u_output_slice/u_partial_sum_bank/clk
    SLICE_X29Y32         FDRE                                         r  u_core/u_core/u_core/u_base/u_output_slice/u_partial_sum_bank/words_accepted_reg[8]/C
                         clock pessimism              0.000     5.030    
                         clock uncertainty           -0.035     4.995    
    SLICE_X29Y32         FDRE (Setup_BFF_SLICEM_C_R)
                                                     -0.118     4.877    u_core/u_core/u_core/u_base/u_output_slice/u_partial_sum_bank/words_accepted_reg[8]
  -------------------------------------------------------------------
                         required time                          4.877    
                         arrival time                          -4.379    
  -------------------------------------------------------------------
                         slack                                  0.497    

Slack (MET) :             0.497ns  (required time - arrival time)
  Source:                 result_complete_n_base[3]
                            (input port clocked by clk  {rise@0.000ns fall@2.500ns period=5.000ns})
  Destination:            u_core/u_core/u_core/u_base/u_output_slice/u_partial_sum_bank/words_accepted_reg[9]/R
                            (rising edge-triggered cell FDRE clocked by clk  {rise@0.000ns fall@2.500ns period=5.000ns})
  Path Group:             clk
  Path Type:              Setup (Max at Slow Process Corner)
  Requirement:            5.000ns  (clk rise@5.000ns - clk rise@0.000ns)
  Data Path Delay:        3.379ns  (logic 1.221ns (36.132%)  route 2.158ns (63.868%))
  Logic Levels:           10  (LUT4=1 LUT5=1 LUT6=8)
  Input Delay:            1.000ns
  Clock Path Skew:        0.030ns (DCD - SCD + CPR)
    Destination Clock Delay (DCD):    0.030ns = ( 5.030 - 5.000 ) 
    Source Clock Delay      (SCD):    0.000ns
    Clock Pessimism Removal (CPR):    0.000ns
  Clock Uncertainty:      0.035ns  ((TSJ^2 + TIJ^2)^1/2 + DJ) / 2 + PE
    Total System Jitter     (TSJ):    0.071ns
    Total Input Jitter      (TIJ):    0.000ns
    Discrete Jitter          (DJ):    0.000ns
    Phase Error              (PE):    0.000ns

    Location             Delay type                Incr(ns)  Path(ns)    Netlist Resource(s)
  -------------------------------------------------------------------    -------------------
                         (clock clk rise edge)        0.000     0.000 r  
                         input delay                  1.000     1.000    
                                                      0.000     1.000 r  result_complete_n_base[3] (IN)
                         net (fo=0)                   0.000     1.000    u_controller/result_complete_n_base[3]
    SLICE_X26Y37         LUT6 (Prop_A6LUT_SLICEL_I0_O)
                                                      0.225     1.225 r  u_controller/fault_INST_0_i_14/O
                         net (fo=1, routed)           0.128     1.353    u_controller/fault_INST_0_i_14_n_0
    SLICE_X25Y37         LUT6 (Prop_G6LUT_SLICEM_I0_O)
                                                      0.226     1.579 r  u_controller/fault_INST_0_i_12/O
                         net (fo=1, routed)           0.106     1.685    u_controller/fault_INST_0_i_12_n_0
    SLICE_X25Y37         LUT6 (Prop_A6LUT_SLICEM_I4_O)
                                                      0.152     1.837 r  u_controller/fault_INST_0_i_3/O
                         net (fo=2, routed)           0.118     1.955    u_controller/result_ack_bad2__24
    SLICE_X25Y38         LUT6 (Prop_E6LUT_SLICEM_I2_O)
                                                      0.083     2.038 r  u_controller/fault_INST_0/O
                         net (fo=11, routed)          0.127     2.165    u_core/u_core/u_core/u_base/u_output_slice/u_partial_sum_bank/cfg_n_base_q_reg[12]
    SLICE_X26Y38         LUT6 (Prop_E6LUT_SLICEL_I2_O)
                                                      0.057     2.222 f  u_core/u_core/u_core/u_base/u_output_slice/u_partial_sum_bank/product_pipe_q_reg[0]_i_6/O
                         net (fo=17, routed)          0.318     2.540    u_core/u_core/u_core/u_base/u_output_slice/u_partial_sum_bank/cfg_fire
    SLICE_X27Y35         LUT5 (Prop_B5LUT_SLICEL_I3_O)
                                                      0.097     2.637 r  u_core/u_core/u_core/u_base/u_output_slice/u_partial_sum_bank/k_count_q[9]_i_15/O
                         net (fo=2, routed)           0.204     2.841    u_core/u_core/u_core/u_base/u_output_slice/u_partial_sum_bank/k_count_q[9]_i_15_n_0
    SLICE_X27Y32         LUT6 (Prop_F6LUT_SLICEL_I0_O)
                                                      0.150     2.991 f  u_core/u_core/u_core/u_base/u_output_slice/u_partial_sum_bank/k_count_q[9]_i_7/O
                         net (fo=1, routed)           0.049     3.040    u_core/u_core/u_core/u_base/u_output_slice/u_partial_sum_bank/k_count_q[9]_i_7_n_0
    SLICE_X27Y32         LUT6 (Prop_H6LUT_SLICEL_I3_O)
                                                      0.083     3.123 r  u_core/u_core/u_core/u_base/u_output_slice/u_partial_sum_bank/k_count_q[9]_i_2/O
                         net (fo=4, routed)           0.202     3.325    u_core/u_core/u_core/u_base/u_output_slice/u_partial_sum_bank/output_chunk_ready
    SLICE_X27Y33         LUT6 (Prop_D6LUT_SLICEL_I2_O)
                                                      0.057     3.382 r  u_core/u_core/u_core/u_base/u_output_slice/u_partial_sum_bank/k_count_q[9]_i_1/O
                         net (fo=72, routed)          0.413     3.795    u_core/u_core/u_core/u_base/u_output_slice/u_partial_sum_bank/FSM_sequential_state_q_reg[1]_0
    SLICE_X29Y39         LUT4 (Prop_D5LUT_SLICEM_I2_O)
                                                      0.091     3.886 r  u_core/u_core/u_core/u_base/u_output_slice/u_partial_sum_bank/words_accepted[9]_i_1/O
                         net (fo=10, routed)          0.493     4.379    u_core/u_core/u_core/u_base/u_output_slice/u_partial_sum_bank/words_accepted[9]_i_1_n_0
    SLICE_X29Y32         FDRE                                         r  u_core/u_core/u_core/u_base/u_output_slice/u_partial_sum_bank/words_accepted_reg[9]/R
  -------------------------------------------------------------------    -------------------

                         (clock clk rise edge)        5.000     5.000 r  
                                                      0.000     5.000 r  clk (IN)
                         net (fo=5191, unset)         0.030     5.030    u_core/u_core/u_core/u_base/u_output_slice/u_partial_sum_bank/clk
    SLICE_X29Y32         FDRE                                         r  u_core/u_core/u_core/u_base/u_output_slice/u_partial_sum_bank/words_accepted_reg[9]/C
                         clock pessimism              0.000     5.030    
                         clock uncertainty           -0.035     4.995    
    SLICE_X29Y32         FDRE (Setup_BFF2_SLICEM_C_R)
                                                     -0.118     4.877    u_core/u_core/u_core/u_base/u_output_slice/u_partial_sum_bank/words_accepted_reg[9]
  -------------------------------------------------------------------
                         required time                          4.877    
                         arrival time                          -4.379    
  -------------------------------------------------------------------
                         slack                                  0.497    

Slack (MET) :             0.535ns  (required time - arrival time)
  Source:                 result_complete_n_base[3]
                            (input port clocked by clk  {rise@0.000ns fall@2.500ns period=5.000ns})
  Destination:            u_core/u_core/u_core/u_issuer/activation_block_q_reg[2][52]/CE
                            (rising edge-triggered cell FDRE clocked by clk  {rise@0.000ns fall@2.500ns period=5.000ns})
  Path Group:             clk
  Path Type:              Setup (Max at Slow Process Corner)
  Requirement:            5.000ns  (clk rise@5.000ns - clk rise@0.000ns)
  Data Path Delay:        3.380ns  (logic 1.186ns (35.090%)  route 2.194ns (64.910%))
  Logic Levels:           10  (LUT5=1 LUT6=9)
  Input Delay:            1.000ns
  Clock Path Skew:        0.030ns (DCD - SCD + CPR)
    Destination Clock Delay (DCD):    0.030ns = ( 5.030 - 5.000 ) 
    Source Clock Delay      (SCD):    0.000ns
    Clock Pessimism Removal (CPR):    0.000ns
  Clock Uncertainty:      0.035ns  ((TSJ^2 + TIJ^2)^1/2 + DJ) / 2 + PE
    Total System Jitter     (TSJ):    0.071ns
    Total Input Jitter      (TIJ):    0.000ns
    Discrete Jitter          (DJ):    0.000ns
    Phase Error              (PE):    0.000ns

    Location             Delay type                Incr(ns)  Path(ns)    Netlist Resource(s)
  -------------------------------------------------------------------    -------------------
                         (clock clk rise edge)        0.000     0.000 r  
                         input delay                  1.000     1.000    
                                                      0.000     1.000 r  result_complete_n_base[3] (IN)
                         net (fo=0)                   0.000     1.000    u_controller/result_complete_n_base[3]
    SLICE_X26Y37         LUT6 (Prop_A6LUT_SLICEL_I0_O)
                                                      0.225     1.225 r  u_controller/fault_INST_0_i_14/O
                         net (fo=1, routed)           0.128     1.353    u_controller/fault_INST_0_i_14_n_0
    SLICE_X25Y37         LUT6 (Prop_G6LUT_SLICEM_I0_O)
                                                      0.226     1.579 r  u_controller/fault_INST_0_i_12/O
                         net (fo=1, routed)           0.106     1.685    u_controller/fault_INST_0_i_12_n_0
    SLICE_X25Y37         LUT6 (Prop_A6LUT_SLICEM_I4_O)
                                                      0.152     1.837 r  u_controller/fault_INST_0_i_3/O
                         net (fo=2, routed)           0.118     1.955    u_controller/result_ack_bad2__24
    SLICE_X25Y38         LUT6 (Prop_E6LUT_SLICEM_I2_O)
                                                      0.083     2.038 r  u_controller/fault_INST_0/O
                         net (fo=11, routed)          0.127     2.165    u_core/u_core/u_core/u_base/u_output_slice/u_partial_sum_bank/cfg_n_base_q_reg[12]
    SLICE_X26Y38         LUT6 (Prop_E6LUT_SLICEL_I2_O)
                                                      0.057     2.222 f  u_core/u_core/u_core/u_base/u_output_slice/u_partial_sum_bank/product_pipe_q_reg[0]_i_6/O
                         net (fo=17, routed)          0.318     2.540    u_core/u_core/u_core/u_base/u_output_slice/u_partial_sum_bank/cfg_fire
    SLICE_X27Y35         LUT5 (Prop_B5LUT_SLICEL_I3_O)
                                                      0.097     2.637 r  u_core/u_core/u_core/u_base/u_output_slice/u_partial_sum_bank/k_count_q[9]_i_15/O
                         net (fo=2, routed)           0.204     2.841    u_core/u_core/u_core/u_base/u_output_slice/u_partial_sum_bank/k_count_q[9]_i_15_n_0
    SLICE_X27Y32         LUT6 (Prop_F6LUT_SLICEL_I0_O)
                                                      0.150     2.991 f  u_core/u_core/u_core/u_base/u_output_slice/u_partial_sum_bank/k_count_q[9]_i_7/O
                         net (fo=1, routed)           0.049     3.040    u_core/u_core/u_core/u_base/u_output_slice/u_partial_sum_bank/k_count_q[9]_i_7_n_0
    SLICE_X27Y32         LUT6 (Prop_H6LUT_SLICEL_I3_O)
                                                      0.083     3.123 r  u_core/u_core/u_core/u_base/u_output_slice/u_partial_sum_bank/k_count_q[9]_i_2/O
                         net (fo=4, routed)           0.202     3.325    u_core/u_core/u_core/u_base/u_output_slice/u_partial_sum_bank/output_chunk_ready
    SLICE_X27Y33         LUT6 (Prop_D6LUT_SLICEL_I2_O)
                                                      0.057     3.382 r  u_core/u_core/u_core/u_base/u_output_slice/u_partial_sum_bank/k_count_q[9]_i_1/O
                         net (fo=72, routed)          0.410     3.793    u_core/u_core/u_core/u_issuer/descriptor_fire
    SLICE_X27Y22         LUT6 (Prop_F6LUT_SLICEL_I2_O)
                                                      0.056     3.849 r  u_core/u_core/u_core/u_issuer/activation_block_q[2][63]_i_1/O
                         net (fo=64, routed)          0.531     4.380    u_core/u_core/u_core/u_issuer/activation_block_q[2][63]_i_1_n_0
    SLICE_X28Y15         FDRE                                         r  u_core/u_core/u_core/u_issuer/activation_block_q_reg[2][52]/CE
  -------------------------------------------------------------------    -------------------

                         (clock clk rise edge)        5.000     5.000 r  
                                                      0.000     5.000 r  clk (IN)
                         net (fo=5191, unset)         0.030     5.030    u_core/u_core/u_core/u_issuer/clk
    SLICE_X28Y15         FDRE                                         r  u_core/u_core/u_core/u_issuer/activation_block_q_reg[2][52]/C
                         clock pessimism              0.000     5.030    
                         clock uncertainty           -0.035     4.995    
    SLICE_X28Y15         FDRE (Setup_DFF_SLICEM_C_CE)
                                                     -0.080     4.915    u_core/u_core/u_core/u_issuer/activation_block_q_reg[2][52]
  -------------------------------------------------------------------
                         required time                          4.915    
                         arrival time                          -4.380    
  -------------------------------------------------------------------
                         slack                                  0.535    

Slack (MET) :             0.535ns  (required time - arrival time)
  Source:                 result_complete_n_base[3]
                            (input port clocked by clk  {rise@0.000ns fall@2.500ns period=5.000ns})
  Destination:            u_core/u_core/u_core/u_issuer/activation_block_q_reg[2][53]/CE
                            (rising edge-triggered cell FDRE clocked by clk  {rise@0.000ns fall@2.500ns period=5.000ns})
  Path Group:             clk
  Path Type:              Setup (Max at Slow Process Corner)
  Requirement:            5.000ns  (clk rise@5.000ns - clk rise@0.000ns)
  Data Path Delay:        3.381ns  (logic 1.186ns (35.079%)  route 2.195ns (64.921%))
  Logic Levels:           10  (LUT5=1 LUT6=9)
  Input Delay:            1.000ns
  Clock Path Skew:        0.030ns (DCD - SCD + CPR)
    Destination Clock Delay (DCD):    0.030ns = ( 5.030 - 5.000 ) 
    Source Clock Delay      (SCD):    0.000ns
    Clock Pessimism Removal (CPR):    0.000ns
  Clock Uncertainty:      0.035ns  ((TSJ^2 + TIJ^2)^1/2 + DJ) / 2 + PE
    Total System Jitter     (TSJ):    0.071ns
    Total Input Jitter      (TIJ):    0.000ns
    Discrete Jitter          (DJ):    0.000ns
    Phase Error              (PE):    0.000ns

    Location             Delay type                Incr(ns)  Path(ns)    Netlist Resource(s)
  -------------------------------------------------------------------    -------------------
                         (clock clk rise edge)        0.000     0.000 r  
                         input delay                  1.000     1.000    
                                                      0.000     1.000 r  result_complete_n_base[3] (IN)
                         net (fo=0)                   0.000     1.000    u_controller/result_complete_n_base[3]
    SLICE_X26Y37         LUT6 (Prop_A6LUT_SLICEL_I0_O)
                                                      0.225     1.225 r  u_controller/fault_INST_0_i_14/O
                         net (fo=1, routed)           0.128     1.353    u_controller/fault_INST_0_i_14_n_0
    SLICE_X25Y37         LUT6 (Prop_G6LUT_SLICEM_I0_O)
                                                      0.226     1.579 r  u_controller/fault_INST_0_i_12/O
                         net (fo=1, routed)           0.106     1.685    u_controller/fault_INST_0_i_12_n_0
    SLICE_X25Y37         LUT6 (Prop_A6LUT_SLICEM_I4_O)
                                                      0.152     1.837 r  u_controller/fault_INST_0_i_3/O
                         net (fo=2, routed)           0.118     1.955    u_controller/result_ack_bad2__24
    SLICE_X25Y38         LUT6 (Prop_E6LUT_SLICEM_I2_O)
                                                      0.083     2.038 r  u_controller/fault_INST_0/O
                         net (fo=11, routed)          0.127     2.165    u_core/u_core/u_core/u_base/u_output_slice/u_partial_sum_bank/cfg_n_base_q_reg[12]
    SLICE_X26Y38         LUT6 (Prop_E6LUT_SLICEL_I2_O)
                                                      0.057     2.222 f  u_core/u_core/u_core/u_base/u_output_slice/u_partial_sum_bank/product_pipe_q_reg[0]_i_6/O
                         net (fo=17, routed)          0.318     2.540    u_core/u_core/u_core/u_base/u_output_slice/u_partial_sum_bank/cfg_fire
    SLICE_X27Y35         LUT5 (Prop_B5LUT_SLICEL_I3_O)
                                                      0.097     2.637 r  u_core/u_core/u_core/u_base/u_output_slice/u_partial_sum_bank/k_count_q[9]_i_15/O
                         net (fo=2, routed)           0.204     2.841    u_core/u_core/u_core/u_base/u_output_slice/u_partial_sum_bank/k_count_q[9]_i_15_n_0
    SLICE_X27Y32         LUT6 (Prop_F6LUT_SLICEL_I0_O)
                                                      0.150     2.991 f  u_core/u_core/u_core/u_base/u_output_slice/u_partial_sum_bank/k_count_q[9]_i_7/O
                         net (fo=1, routed)           0.049     3.040    u_core/u_core/u_core/u_base/u_output_slice/u_partial_sum_bank/k_count_q[9]_i_7_n_0
    SLICE_X27Y32         LUT6 (Prop_H6LUT_SLICEL_I3_O)
                                                      0.083     3.123 r  u_core/u_core/u_core/u_base/u_output_slice/u_partial_sum_bank/k_count_q[9]_i_2/O
                         net (fo=4, routed)           0.202     3.325    u_core/u_core/u_core/u_base/u_output_slice/u_partial_sum_bank/output_chunk_ready
    SLICE_X27Y33         LUT6 (Prop_D6LUT_SLICEL_I2_O)
                                                      0.057     3.382 r  u_core/u_core/u_core/u_base/u_output_slice/u_partial_sum_bank/k_count_q[9]_i_1/O
                         net (fo=72, routed)          0.410     3.793    u_core/u_core/u_core/u_issuer/descriptor_fire
    SLICE_X27Y22         LUT6 (Prop_F6LUT_SLICEL_I2_O)
                                                      0.056     3.849 r  u_core/u_core/u_core/u_issuer/activation_block_q[2][63]_i_1/O
                         net (fo=64, routed)          0.532     4.381    u_core/u_core/u_core/u_issuer/activation_block_q[2][63]_i_1_n_0
    SLICE_X28Y15         FDRE                                         r  u_core/u_core/u_core/u_issuer/activation_block_q_reg[2][53]/CE
  -------------------------------------------------------------------    -------------------

                         (clock clk rise edge)        5.000     5.000 r  
                                                      0.000     5.000 r  clk (IN)
                         net (fo=5191, unset)         0.030     5.030    u_core/u_core/u_core/u_issuer/clk
    SLICE_X28Y15         FDRE                                         r  u_core/u_core/u_core/u_issuer/activation_block_q_reg[2][53]/C
                         clock pessimism              0.000     5.030    
                         clock uncertainty           -0.035     4.995    
    SLICE_X28Y15         FDRE (Setup_DFF2_SLICEM_C_CE)
                                                     -0.079     4.916    u_core/u_core/u_core/u_issuer/activation_block_q_reg[2][53]
  -------------------------------------------------------------------
                         required time                          4.916    
                         arrival time                          -4.381    
  -------------------------------------------------------------------
                         slack                                  0.535    

Slack (MET) :             0.535ns  (required time - arrival time)
  Source:                 result_complete_n_base[3]
                            (input port clocked by clk  {rise@0.000ns fall@2.500ns period=5.000ns})
  Destination:            u_core/u_core/u_core/u_issuer/activation_block_q_reg[2][54]/CE
                            (rising edge-triggered cell FDRE clocked by clk  {rise@0.000ns fall@2.500ns period=5.000ns})
  Path Group:             clk
  Path Type:              Setup (Max at Slow Process Corner)
  Requirement:            5.000ns  (clk rise@5.000ns - clk rise@0.000ns)
  Data Path Delay:        3.380ns  (logic 1.186ns (35.090%)  route 2.194ns (64.910%))
  Logic Levels:           10  (LUT5=1 LUT6=9)
  Input Delay:            1.000ns
  Clock Path Skew:        0.030ns (DCD - SCD + CPR)
    Destination Clock Delay (DCD):    0.030ns = ( 5.030 - 5.000 ) 
    Source Clock Delay      (SCD):    0.000ns
    Clock Pessimism Removal (CPR):    0.000ns
  Clock Uncertainty:      0.035ns  ((TSJ^2 + TIJ^2)^1/2 + DJ) / 2 + PE
    Total System Jitter     (TSJ):    0.071ns
    Total Input Jitter      (TIJ):    0.000ns
    Discrete Jitter          (DJ):    0.000ns
    Phase Error              (PE):    0.000ns

    Location             Delay type                Incr(ns)  Path(ns)    Netlist Resource(s)
  -------------------------------------------------------------------    -------------------
                         (clock clk rise edge)        0.000     0.000 r  
                         input delay                  1.000     1.000    
                                                      0.000     1.000 r  result_complete_n_base[3] (IN)
                         net (fo=0)                   0.000     1.000    u_controller/result_complete_n_base[3]
    SLICE_X26Y37         LUT6 (Prop_A6LUT_SLICEL_I0_O)
                                                      0.225     1.225 r  u_controller/fault_INST_0_i_14/O
                         net (fo=1, routed)           0.128     1.353    u_controller/fault_INST_0_i_14_n_0
    SLICE_X25Y37         LUT6 (Prop_G6LUT_SLICEM_I0_O)
                                                      0.226     1.579 r  u_controller/fault_INST_0_i_12/O
                         net (fo=1, routed)           0.106     1.685    u_controller/fault_INST_0_i_12_n_0
    SLICE_X25Y37         LUT6 (Prop_A6LUT_SLICEM_I4_O)
                                                      0.152     1.837 r  u_controller/fault_INST_0_i_3/O
                         net (fo=2, routed)           0.118     1.955    u_controller/result_ack_bad2__24
    SLICE_X25Y38         LUT6 (Prop_E6LUT_SLICEM_I2_O)
                                                      0.083     2.038 r  u_controller/fault_INST_0/O
                         net (fo=11, routed)          0.127     2.165    u_core/u_core/u_core/u_base/u_output_slice/u_partial_sum_bank/cfg_n_base_q_reg[12]
    SLICE_X26Y38         LUT6 (Prop_E6LUT_SLICEL_I2_O)
                                                      0.057     2.222 f  u_core/u_core/u_core/u_base/u_output_slice/u_partial_sum_bank/product_pipe_q_reg[0]_i_6/O
                         net (fo=17, routed)          0.318     2.540    u_core/u_core/u_core/u_base/u_output_slice/u_partial_sum_bank/cfg_fire
    SLICE_X27Y35         LUT5 (Prop_B5LUT_SLICEL_I3_O)
                                                      0.097     2.637 r  u_core/u_core/u_core/u_base/u_output_slice/u_partial_sum_bank/k_count_q[9]_i_15/O
                         net (fo=2, routed)           0.204     2.841    u_core/u_core/u_core/u_base/u_output_slice/u_partial_sum_bank/k_count_q[9]_i_15_n_0
    SLICE_X27Y32         LUT6 (Prop_F6LUT_SLICEL_I0_O)
                                                      0.150     2.991 f  u_core/u_core/u_core/u_base/u_output_slice/u_partial_sum_bank/k_count_q[9]_i_7/O
                         net (fo=1, routed)           0.049     3.040    u_core/u_core/u_core/u_base/u_output_slice/u_partial_sum_bank/k_count_q[9]_i_7_n_0
    SLICE_X27Y32         LUT6 (Prop_H6LUT_SLICEL_I3_O)
                                                      0.083     3.123 r  u_core/u_core/u_core/u_base/u_output_slice/u_partial_sum_bank/k_count_q[9]_i_2/O
                         net (fo=4, routed)           0.202     3.325    u_core/u_core/u_core/u_base/u_output_slice/u_partial_sum_bank/output_chunk_ready
    SLICE_X27Y33         LUT6 (Prop_D6LUT_SLICEL_I2_O)
                                                      0.057     3.382 r  u_core/u_core/u_core/u_base/u_output_slice/u_partial_sum_bank/k_count_q[9]_i_1/O
                         net (fo=72, routed)          0.410     3.793    u_core/u_core/u_core/u_issuer/descriptor_fire
    SLICE_X27Y22         LUT6 (Prop_F6LUT_SLICEL_I2_O)
                                                      0.056     3.849 r  u_core/u_core/u_core/u_issuer/activation_block_q[2][63]_i_1/O
                         net (fo=64, routed)          0.531     4.380    u_core/u_core/u_core/u_issuer/activation_block_q[2][63]_i_1_n_0
    SLICE_X28Y15         FDRE                                         r  u_core/u_core/u_core/u_issuer/activation_block_q_reg[2][54]/CE
  -------------------------------------------------------------------    -------------------

                         (clock clk rise edge)        5.000     5.000 r  
                                                      0.000     5.000 r  clk (IN)
                         net (fo=5191, unset)         0.030     5.030    u_core/u_core/u_core/u_issuer/clk
    SLICE_X28Y15         FDRE                                         r  u_core/u_core/u_core/u_issuer/activation_block_q_reg[2][54]/C
                         clock pessimism              0.000     5.030    
                         clock uncertainty           -0.035     4.995    
    SLICE_X28Y15         FDRE (Setup_CFF_SLICEM_C_CE)
                                                     -0.080     4.915    u_core/u_core/u_core/u_issuer/activation_block_q_reg[2][54]
  -------------------------------------------------------------------
                         required time                          4.915    
                         arrival time                          -4.380    
  -------------------------------------------------------------------
                         slack                                  0.535    

Slack (MET) :             0.535ns  (required time - arrival time)
  Source:                 result_complete_n_base[3]
                            (input port clocked by clk  {rise@0.000ns fall@2.500ns period=5.000ns})
  Destination:            u_core/u_core/u_core/u_issuer/activation_block_q_reg[2][55]/CE
                            (rising edge-triggered cell FDRE clocked by clk  {rise@0.000ns fall@2.500ns period=5.000ns})
  Path Group:             clk
  Path Type:              Setup (Max at Slow Process Corner)
  Requirement:            5.000ns  (clk rise@5.000ns - clk rise@0.000ns)
  Data Path Delay:        3.381ns  (logic 1.186ns (35.079%)  route 2.195ns (64.921%))
  Logic Levels:           10  (LUT5=1 LUT6=9)
  Input Delay:            1.000ns
  Clock Path Skew:        0.030ns (DCD - SCD + CPR)
    Destination Clock Delay (DCD):    0.030ns = ( 5.030 - 5.000 ) 
    Source Clock Delay      (SCD):    0.000ns
    Clock Pessimism Removal (CPR):    0.000ns
  Clock Uncertainty:      0.035ns  ((TSJ^2 + TIJ^2)^1/2 + DJ) / 2 + PE
    Total System Jitter     (TSJ):    0.071ns
    Total Input Jitter      (TIJ):    0.000ns
    Discrete Jitter          (DJ):    0.000ns
    Phase Error              (PE):    0.000ns

    Location             Delay type                Incr(ns)  Path(ns)    Netlist Resource(s)
  -------------------------------------------------------------------    -------------------
                         (clock clk rise edge)        0.000     0.000 r  
                         input delay                  1.000     1.000    
                                                      0.000     1.000 r  result_complete_n_base[3] (IN)
                         net (fo=0)                   0.000     1.000    u_controller/result_complete_n_base[3]
    SLICE_X26Y37         LUT6 (Prop_A6LUT_SLICEL_I0_O)
                                                      0.225     1.225 r  u_controller/fault_INST_0_i_14/O
                         net (fo=1, routed)           0.128     1.353    u_controller/fault_INST_0_i_14_n_0
    SLICE_X25Y37         LUT6 (Prop_G6LUT_SLICEM_I0_O)
                                                      0.226     1.579 r  u_controller/fault_INST_0_i_12/O
                         net (fo=1, routed)           0.106     1.685    u_controller/fault_INST_0_i_12_n_0
    SLICE_X25Y37         LUT6 (Prop_A6LUT_SLICEM_I4_O)
                                                      0.152     1.837 r  u_controller/fault_INST_0_i_3/O
                         net (fo=2, routed)           0.118     1.955    u_controller/result_ack_bad2__24
    SLICE_X25Y38         LUT6 (Prop_E6LUT_SLICEM_I2_O)
                                                      0.083     2.038 r  u_controller/fault_INST_0/O
                         net (fo=11, routed)          0.127     2.165    u_core/u_core/u_core/u_base/u_output_slice/u_partial_sum_bank/cfg_n_base_q_reg[12]
    SLICE_X26Y38         LUT6 (Prop_E6LUT_SLICEL_I2_O)
                                                      0.057     2.222 f  u_core/u_core/u_core/u_base/u_output_slice/u_partial_sum_bank/product_pipe_q_reg[0]_i_6/O
                         net (fo=17, routed)          0.318     2.540    u_core/u_core/u_core/u_base/u_output_slice/u_partial_sum_bank/cfg_fire
    SLICE_X27Y35         LUT5 (Prop_B5LUT_SLICEL_I3_O)
                                                      0.097     2.637 r  u_core/u_core/u_core/u_base/u_output_slice/u_partial_sum_bank/k_count_q[9]_i_15/O
                         net (fo=2, routed)           0.204     2.841    u_core/u_core/u_core/u_base/u_output_slice/u_partial_sum_bank/k_count_q[9]_i_15_n_0
    SLICE_X27Y32         LUT6 (Prop_F6LUT_SLICEL_I0_O)
                                                      0.150     2.991 f  u_core/u_core/u_core/u_base/u_output_slice/u_partial_sum_bank/k_count_q[9]_i_7/O
                         net (fo=1, routed)           0.049     3.040    u_core/u_core/u_core/u_base/u_output_slice/u_partial_sum_bank/k_count_q[9]_i_7_n_0
    SLICE_X27Y32         LUT6 (Prop_H6LUT_SLICEL_I3_O)
                                                      0.083     3.123 r  u_core/u_core/u_core/u_base/u_output_slice/u_partial_sum_bank/k_count_q[9]_i_2/O
                         net (fo=4, routed)           0.202     3.325    u_core/u_core/u_core/u_base/u_output_slice/u_partial_sum_bank/output_chunk_ready
    SLICE_X27Y33         LUT6 (Prop_D6LUT_SLICEL_I2_O)
                                                      0.057     3.382 r  u_core/u_core/u_core/u_base/u_output_slice/u_partial_sum_bank/k_count_q[9]_i_1/O
                         net (fo=72, routed)          0.410     3.793    u_core/u_core/u_core/u_issuer/descriptor_fire
    SLICE_X27Y22         LUT6 (Prop_F6LUT_SLICEL_I2_O)
                                                      0.056     3.849 r  u_core/u_core/u_core/u_issuer/activation_block_q[2][63]_i_1/O
                         net (fo=64, routed)          0.532     4.381    u_core/u_core/u_core/u_issuer/activation_block_q[2][63]_i_1_n_0
    SLICE_X28Y15         FDRE                                         r  u_core/u_core/u_core/u_issuer/activation_block_q_reg[2][55]/CE
  -------------------------------------------------------------------    -------------------

                         (clock clk rise edge)        5.000     5.000 r  
                                                      0.000     5.000 r  clk (IN)
                         net (fo=5191, unset)         0.030     5.030    u_core/u_core/u_core/u_issuer/clk
    SLICE_X28Y15         FDRE                                         r  u_core/u_core/u_core/u_issuer/activation_block_q_reg[2][55]/C
                         clock pessimism              0.000     5.030    
                         clock uncertainty           -0.035     4.995    
    SLICE_X28Y15         FDRE (Setup_CFF2_SLICEM_C_CE)
                                                     -0.079     4.916    u_core/u_core/u_core/u_issuer/activation_block_q_reg[2][55]
  -------------------------------------------------------------------
                         required time                          4.916    
                         arrival time                          -4.381    
  -------------------------------------------------------------------
                         slack                                  0.535    

Slack (MET) :             0.543ns  (required time - arrival time)
  Source:                 result_complete_n_base[3]
                            (input port clocked by clk  {rise@0.000ns fall@2.500ns period=5.000ns})
  Destination:            u_core/u_core/u_core/u_issuer/activation_block_q_reg[3][11]/CE
                            (rising edge-triggered cell FDRE clocked by clk  {rise@0.000ns fall@2.500ns period=5.000ns})
  Path Group:             clk
  Path Type:              Setup (Max at Slow Process Corner)
  Requirement:            5.000ns  (clk rise@5.000ns - clk rise@0.000ns)
  Data Path Delay:        3.373ns  (logic 1.187ns (35.194%)  route 2.186ns (64.806%))
  Logic Levels:           10  (LUT5=1 LUT6=9)
  Input Delay:            1.000ns
  Clock Path Skew:        0.031ns (DCD - SCD + CPR)
    Destination Clock Delay (DCD):    0.031ns = ( 5.031 - 5.000 ) 
    Source Clock Delay      (SCD):    0.000ns
    Clock Pessimism Removal (CPR):    0.000ns
  Clock Uncertainty:      0.035ns  ((TSJ^2 + TIJ^2)^1/2 + DJ) / 2 + PE
    Total System Jitter     (TSJ):    0.071ns
    Total Input Jitter      (TIJ):    0.000ns
    Discrete Jitter          (DJ):    0.000ns
    Phase Error              (PE):    0.000ns

    Location             Delay type                Incr(ns)  Path(ns)    Netlist Resource(s)
  -------------------------------------------------------------------    -------------------
                         (clock clk rise edge)        0.000     0.000 r  
                         input delay                  1.000     1.000    
                                                      0.000     1.000 r  result_complete_n_base[3] (IN)
                         net (fo=0)                   0.000     1.000    u_controller/result_complete_n_base[3]
    SLICE_X26Y37         LUT6 (Prop_A6LUT_SLICEL_I0_O)
                                                      0.225     1.225 r  u_controller/fault_INST_0_i_14/O
                         net (fo=1, routed)           0.128     1.353    u_controller/fault_INST_0_i_14_n_0
    SLICE_X25Y37         LUT6 (Prop_G6LUT_SLICEM_I0_O)
                                                      0.226     1.579 r  u_controller/fault_INST_0_i_12/O
                         net (fo=1, routed)           0.106     1.685    u_controller/fault_INST_0_i_12_n_0
    SLICE_X25Y37         LUT6 (Prop_A6LUT_SLICEM_I4_O)
                                                      0.152     1.837 r  u_controller/fault_INST_0_i_3/O
                         net (fo=2, routed)           0.118     1.955    u_controller/result_ack_bad2__24
    SLICE_X25Y38         LUT6 (Prop_E6LUT_SLICEM_I2_O)
                                                      0.083     2.038 r  u_controller/fault_INST_0/O
                         net (fo=11, routed)          0.127     2.165    u_core/u_core/u_core/u_base/u_output_slice/u_partial_sum_bank/cfg_n_base_q_reg[12]
    SLICE_X26Y38         LUT6 (Prop_E6LUT_SLICEL_I2_O)
                                                      0.057     2.222 f  u_core/u_core/u_core/u_base/u_output_slice/u_partial_sum_bank/product_pipe_q_reg[0]_i_6/O
                         net (fo=17, routed)          0.318     2.540    u_core/u_core/u_core/u_base/u_output_slice/u_partial_sum_bank/cfg_fire
    SLICE_X27Y35         LUT5 (Prop_B5LUT_SLICEL_I3_O)
                                                      0.097     2.637 r  u_core/u_core/u_core/u_base/u_output_slice/u_partial_sum_bank/k_count_q[9]_i_15/O
                         net (fo=2, routed)           0.204     2.841    u_core/u_core/u_core/u_base/u_output_slice/u_partial_sum_bank/k_count_q[9]_i_15_n_0
    SLICE_X27Y32         LUT6 (Prop_F6LUT_SLICEL_I0_O)
                                                      0.150     2.991 f  u_core/u_core/u_core/u_base/u_output_slice/u_partial_sum_bank/k_count_q[9]_i_7/O
                         net (fo=1, routed)           0.049     3.040    u_core/u_core/u_core/u_base/u_output_slice/u_partial_sum_bank/k_count_q[9]_i_7_n_0
    SLICE_X27Y32         LUT6 (Prop_H6LUT_SLICEL_I3_O)
                                                      0.083     3.123 r  u_core/u_core/u_core/u_base/u_output_slice/u_partial_sum_bank/k_count_q[9]_i_2/O
                         net (fo=4, routed)           0.202     3.325    u_core/u_core/u_core/u_base/u_output_slice/u_partial_sum_bank/output_chunk_ready
    SLICE_X27Y33         LUT6 (Prop_D6LUT_SLICEL_I2_O)
                                                      0.057     3.382 r  u_core/u_core/u_core/u_base/u_output_slice/u_partial_sum_bank/k_count_q[9]_i_1/O
                         net (fo=72, routed)          0.360     3.742    u_core/u_core/u_core/u_issuer/descriptor_fire
    SLICE_X28Y26         LUT6 (Prop_E6LUT_SLICEM_I4_O)
                                                      0.057     3.799 r  u_core/u_core/u_core/u_issuer/activation_block_q[3][63]_i_1/O
                         net (fo=64, routed)          0.573     4.373    u_core/u_core/u_core/u_issuer/activation_block_q[3][63]_i_1_n_0
    SLICE_X34Y23         FDRE                                         r  u_core/u_core/u_core/u_issuer/activation_block_q_reg[3][11]/CE
  -------------------------------------------------------------------    -------------------

                         (clock clk rise edge)        5.000     5.000 r  
                                                      0.000     5.000 r  clk (IN)
                         net (fo=5191, unset)         0.031     5.031    u_core/u_core/u_core/u_issuer/clk
    SLICE_X34Y23         FDRE                                         r  u_core/u_core/u_core/u_issuer/activation_block_q_reg[3][11]/C
                         clock pessimism              0.000     5.031    
                         clock uncertainty           -0.035     4.996    
    SLICE_X34Y23         FDRE (Setup_HFF2_SLICEM_C_CE)
                                                     -0.080     4.916    u_core/u_core/u_core/u_issuer/activation_block_q_reg[3][11]
  -------------------------------------------------------------------
                         required time                          4.916    
                         arrival time                          -4.373    
  -------------------------------------------------------------------
                         slack                                  0.543    

Slack (MET) :             0.543ns  (required time - arrival time)
  Source:                 result_complete_n_base[3]
                            (input port clocked by clk  {rise@0.000ns fall@2.500ns period=5.000ns})
  Destination:            u_core/u_core/u_core/u_issuer/activation_block_q_reg[3][27]/CE
                            (rising edge-triggered cell FDRE clocked by clk  {rise@0.000ns fall@2.500ns period=5.000ns})
  Path Group:             clk
  Path Type:              Setup (Max at Slow Process Corner)
  Requirement:            5.000ns  (clk rise@5.000ns - clk rise@0.000ns)
  Data Path Delay:        3.373ns  (logic 1.187ns (35.194%)  route 2.186ns (64.806%))
  Logic Levels:           10  (LUT5=1 LUT6=9)
  Input Delay:            1.000ns
  Clock Path Skew:        0.031ns (DCD - SCD + CPR)
    Destination Clock Delay (DCD):    0.031ns = ( 5.031 - 5.000 ) 
    Source Clock Delay      (SCD):    0.000ns
    Clock Pessimism Removal (CPR):    0.000ns
  Clock Uncertainty:      0.035ns  ((TSJ^2 + TIJ^2)^1/2 + DJ) / 2 + PE
    Total System Jitter     (TSJ):    0.071ns
    Total Input Jitter      (TIJ):    0.000ns
    Discrete Jitter          (DJ):    0.000ns
    Phase Error              (PE):    0.000ns

    Location             Delay type                Incr(ns)  Path(ns)    Netlist Resource(s)
  -------------------------------------------------------------------    -------------------
                         (clock clk rise edge)        0.000     0.000 r  
                         input delay                  1.000     1.000    
                                                      0.000     1.000 r  result_complete_n_base[3] (IN)
                         net (fo=0)                   0.000     1.000    u_controller/result_complete_n_base[3]
    SLICE_X26Y37         LUT6 (Prop_A6LUT_SLICEL_I0_O)
                                                      0.225     1.225 r  u_controller/fault_INST_0_i_14/O
                         net (fo=1, routed)           0.128     1.353    u_controller/fault_INST_0_i_14_n_0
    SLICE_X25Y37         LUT6 (Prop_G6LUT_SLICEM_I0_O)
                                                      0.226     1.579 r  u_controller/fault_INST_0_i_12/O
                         net (fo=1, routed)           0.106     1.685    u_controller/fault_INST_0_i_12_n_0
    SLICE_X25Y37         LUT6 (Prop_A6LUT_SLICEM_I4_O)
                                                      0.152     1.837 r  u_controller/fault_INST_0_i_3/O
                         net (fo=2, routed)           0.118     1.955    u_controller/result_ack_bad2__24
    SLICE_X25Y38         LUT6 (Prop_E6LUT_SLICEM_I2_O)
                                                      0.083     2.038 r  u_controller/fault_INST_0/O
                         net (fo=11, routed)          0.127     2.165    u_core/u_core/u_core/u_base/u_output_slice/u_partial_sum_bank/cfg_n_base_q_reg[12]
    SLICE_X26Y38         LUT6 (Prop_E6LUT_SLICEL_I2_O)
                                                      0.057     2.222 f  u_core/u_core/u_core/u_base/u_output_slice/u_partial_sum_bank/product_pipe_q_reg[0]_i_6/O
                         net (fo=17, routed)          0.318     2.540    u_core/u_core/u_core/u_base/u_output_slice/u_partial_sum_bank/cfg_fire
    SLICE_X27Y35         LUT5 (Prop_B5LUT_SLICEL_I3_O)
                                                      0.097     2.637 r  u_core/u_core/u_core/u_base/u_output_slice/u_partial_sum_bank/k_count_q[9]_i_15/O
                         net (fo=2, routed)           0.204     2.841    u_core/u_core/u_core/u_base/u_output_slice/u_partial_sum_bank/k_count_q[9]_i_15_n_0
    SLICE_X27Y32         LUT6 (Prop_F6LUT_SLICEL_I0_O)
                                                      0.150     2.991 f  u_core/u_core/u_core/u_base/u_output_slice/u_partial_sum_bank/k_count_q[9]_i_7/O
                         net (fo=1, routed)           0.049     3.040    u_core/u_core/u_core/u_base/u_output_slice/u_partial_sum_bank/k_count_q[9]_i_7_n_0
    SLICE_X27Y32         LUT6 (Prop_H6LUT_SLICEL_I3_O)
                                                      0.083     3.123 r  u_core/u_core/u_core/u_base/u_output_slice/u_partial_sum_bank/k_count_q[9]_i_2/O
                         net (fo=4, routed)           0.202     3.325    u_core/u_core/u_core/u_base/u_output_slice/u_partial_sum_bank/output_chunk_ready
    SLICE_X27Y33         LUT6 (Prop_D6LUT_SLICEL_I2_O)
                                                      0.057     3.382 r  u_core/u_core/u_core/u_base/u_output_slice/u_partial_sum_bank/k_count_q[9]_i_1/O
                         net (fo=72, routed)          0.360     3.742    u_core/u_core/u_core/u_issuer/descriptor_fire
    SLICE_X28Y26         LUT6 (Prop_E6LUT_SLICEM_I4_O)
                                                      0.057     3.799 r  u_core/u_core/u_core/u_issuer/activation_block_q[3][63]_i_1/O
                         net (fo=64, routed)          0.573     4.373    u_core/u_core/u_core/u_issuer/activation_block_q[3][63]_i_1_n_0
    SLICE_X34Y23         FDRE                                         r  u_core/u_core/u_core/u_issuer/activation_block_q_reg[3][27]/CE
  -------------------------------------------------------------------    -------------------

                         (clock clk rise edge)        5.000     5.000 r  
                                                      0.000     5.000 r  clk (IN)
                         net (fo=5191, unset)         0.031     5.031    u_core/u_core/u_core/u_issuer/clk
    SLICE_X34Y23         FDRE                                         r  u_core/u_core/u_core/u_issuer/activation_block_q_reg[3][27]/C
                         clock pessimism              0.000     5.031    
                         clock uncertainty           -0.035     4.996    
    SLICE_X34Y23         FDRE (Setup_GFF2_SLICEM_C_CE)
                                                     -0.080     4.916    u_core/u_core/u_core/u_issuer/activation_block_q_reg[3][27]
  -------------------------------------------------------------------
                         required time                          4.916    
                         arrival time                          -4.373    
  -------------------------------------------------------------------
                         slack                                  0.543    

Slack (MET) :             0.543ns  (required time - arrival time)
  Source:                 result_complete_n_base[3]
                            (input port clocked by clk  {rise@0.000ns fall@2.500ns period=5.000ns})
  Destination:            u_core/u_core/u_core/u_issuer/activation_block_q_reg[3][35]/CE
                            (rising edge-triggered cell FDRE clocked by clk  {rise@0.000ns fall@2.500ns period=5.000ns})
  Path Group:             clk
  Path Type:              Setup (Max at Slow Process Corner)
  Requirement:            5.000ns  (clk rise@5.000ns - clk rise@0.000ns)
  Data Path Delay:        3.373ns  (logic 1.187ns (35.194%)  route 2.186ns (64.806%))
  Logic Levels:           10  (LUT5=1 LUT6=9)
  Input Delay:            1.000ns
  Clock Path Skew:        0.031ns (DCD - SCD + CPR)
    Destination Clock Delay (DCD):    0.031ns = ( 5.031 - 5.000 ) 
    Source Clock Delay      (SCD):    0.000ns
    Clock Pessimism Removal (CPR):    0.000ns
  Clock Uncertainty:      0.035ns  ((TSJ^2 + TIJ^2)^1/2 + DJ) / 2 + PE
    Total System Jitter     (TSJ):    0.071ns
    Total Input Jitter      (TIJ):    0.000ns
    Discrete Jitter          (DJ):    0.000ns
    Phase Error              (PE):    0.000ns

    Location             Delay type                Incr(ns)  Path(ns)    Netlist Resource(s)
  -------------------------------------------------------------------    -------------------
                         (clock clk rise edge)        0.000     0.000 r  
                         input delay                  1.000     1.000    
                                                      0.000     1.000 r  result_complete_n_base[3] (IN)
                         net (fo=0)                   0.000     1.000    u_controller/result_complete_n_base[3]
    SLICE_X26Y37         LUT6 (Prop_A6LUT_SLICEL_I0_O)
                                                      0.225     1.225 r  u_controller/fault_INST_0_i_14/O
                         net (fo=1, routed)           0.128     1.353    u_controller/fault_INST_0_i_14_n_0
    SLICE_X25Y37         LUT6 (Prop_G6LUT_SLICEM_I0_O)
                                                      0.226     1.579 r  u_controller/fault_INST_0_i_12/O
                         net (fo=1, routed)           0.106     1.685    u_controller/fault_INST_0_i_12_n_0
    SLICE_X25Y37         LUT6 (Prop_A6LUT_SLICEM_I4_O)
                                                      0.152     1.837 r  u_controller/fault_INST_0_i_3/O
                         net (fo=2, routed)           0.118     1.955    u_controller/result_ack_bad2__24
    SLICE_X25Y38         LUT6 (Prop_E6LUT_SLICEM_I2_O)
                                                      0.083     2.038 r  u_controller/fault_INST_0/O
                         net (fo=11, routed)          0.127     2.165    u_core/u_core/u_core/u_base/u_output_slice/u_partial_sum_bank/cfg_n_base_q_reg[12]
    SLICE_X26Y38         LUT6 (Prop_E6LUT_SLICEL_I2_O)
                                                      0.057     2.222 f  u_core/u_core/u_core/u_base/u_output_slice/u_partial_sum_bank/product_pipe_q_reg[0]_i_6/O
                         net (fo=17, routed)          0.318     2.540    u_core/u_core/u_core/u_base/u_output_slice/u_partial_sum_bank/cfg_fire
    SLICE_X27Y35         LUT5 (Prop_B5LUT_SLICEL_I3_O)
                                                      0.097     2.637 r  u_core/u_core/u_core/u_base/u_output_slice/u_partial_sum_bank/k_count_q[9]_i_15/O
                         net (fo=2, routed)           0.204     2.841    u_core/u_core/u_core/u_base/u_output_slice/u_partial_sum_bank/k_count_q[9]_i_15_n_0
    SLICE_X27Y32         LUT6 (Prop_F6LUT_SLICEL_I0_O)
                                                      0.150     2.991 f  u_core/u_core/u_core/u_base/u_output_slice/u_partial_sum_bank/k_count_q[9]_i_7/O
                         net (fo=1, routed)           0.049     3.040    u_core/u_core/u_core/u_base/u_output_slice/u_partial_sum_bank/k_count_q[9]_i_7_n_0
    SLICE_X27Y32         LUT6 (Prop_H6LUT_SLICEL_I3_O)
                                                      0.083     3.123 r  u_core/u_core/u_core/u_base/u_output_slice/u_partial_sum_bank/k_count_q[9]_i_2/O
                         net (fo=4, routed)           0.202     3.325    u_core/u_core/u_core/u_base/u_output_slice/u_partial_sum_bank/output_chunk_ready
    SLICE_X27Y33         LUT6 (Prop_D6LUT_SLICEL_I2_O)
                                                      0.057     3.382 r  u_core/u_core/u_core/u_base/u_output_slice/u_partial_sum_bank/k_count_q[9]_i_1/O
                         net (fo=72, routed)          0.360     3.742    u_core/u_core/u_core/u_issuer/descriptor_fire
    SLICE_X28Y26         LUT6 (Prop_E6LUT_SLICEM_I4_O)
                                                      0.057     3.799 r  u_core/u_core/u_core/u_issuer/activation_block_q[3][63]_i_1/O
                         net (fo=64, routed)          0.573     4.373    u_core/u_core/u_core/u_issuer/activation_block_q[3][63]_i_1_n_0
    SLICE_X34Y23         FDRE                                         r  u_core/u_core/u_core/u_issuer/activation_block_q_reg[3][35]/CE
  -------------------------------------------------------------------    -------------------

                         (clock clk rise edge)        5.000     5.000 r  
                                                      0.000     5.000 r  clk (IN)
                         net (fo=5191, unset)         0.031     5.031    u_core/u_core/u_core/u_issuer/clk
    SLICE_X34Y23         FDRE                                         r  u_core/u_core/u_core/u_issuer/activation_block_q_reg[3][35]/C
                         clock pessimism              0.000     5.031    
                         clock uncertainty           -0.035     4.996    
    SLICE_X34Y23         FDRE (Setup_FFF2_SLICEM_C_CE)
                                                     -0.080     4.916    u_core/u_core/u_core/u_issuer/activation_block_q_reg[3][35]
  -------------------------------------------------------------------
                         required time                          4.916    
                         arrival time                          -4.373    
  -------------------------------------------------------------------
                         slack                                  0.543    

Slack (MET) :             0.544ns  (required time - arrival time)
  Source:                 result_complete_n_base[3]
                            (input port clocked by clk  {rise@0.000ns fall@2.500ns period=5.000ns})
  Destination:            u_core/u_core/u_core/u_issuer/activation_block_q_reg[3][10]/CE
                            (rising edge-triggered cell FDRE clocked by clk  {rise@0.000ns fall@2.500ns period=5.000ns})
  Path Group:             clk
  Path Type:              Setup (Max at Slow Process Corner)
  Requirement:            5.000ns  (clk rise@5.000ns - clk rise@0.000ns)
  Data Path Delay:        3.371ns  (logic 1.187ns (35.215%)  route 2.184ns (64.785%))
  Logic Levels:           10  (LUT5=1 LUT6=9)
  Input Delay:            1.000ns
  Clock Path Skew:        0.031ns (DCD - SCD + CPR)
    Destination Clock Delay (DCD):    0.031ns = ( 5.031 - 5.000 ) 
    Source Clock Delay      (SCD):    0.000ns
    Clock Pessimism Removal (CPR):    0.000ns
  Clock Uncertainty:      0.035ns  ((TSJ^2 + TIJ^2)^1/2 + DJ) / 2 + PE
    Total System Jitter     (TSJ):    0.071ns
    Total Input Jitter      (TIJ):    0.000ns
    Discrete Jitter          (DJ):    0.000ns
    Phase Error              (PE):    0.000ns

    Location             Delay type                Incr(ns)  Path(ns)    Netlist Resource(s)
  -------------------------------------------------------------------    -------------------
                         (clock clk rise edge)        0.000     0.000 r  
                         input delay                  1.000     1.000    
                                                      0.000     1.000 r  result_complete_n_base[3] (IN)
                         net (fo=0)                   0.000     1.000    u_controller/result_complete_n_base[3]
    SLICE_X26Y37         LUT6 (Prop_A6LUT_SLICEL_I0_O)
                                                      0.225     1.225 r  u_controller/fault_INST_0_i_14/O
                         net (fo=1, routed)           0.128     1.353    u_controller/fault_INST_0_i_14_n_0
    SLICE_X25Y37         LUT6 (Prop_G6LUT_SLICEM_I0_O)
                                                      0.226     1.579 r  u_controller/fault_INST_0_i_12/O
                         net (fo=1, routed)           0.106     1.685    u_controller/fault_INST_0_i_12_n_0
    SLICE_X25Y37         LUT6 (Prop_A6LUT_SLICEM_I4_O)
                                                      0.152     1.837 r  u_controller/fault_INST_0_i_3/O
                         net (fo=2, routed)           0.118     1.955    u_controller/result_ack_bad2__24
    SLICE_X25Y38         LUT6 (Prop_E6LUT_SLICEM_I2_O)
                                                      0.083     2.038 r  u_controller/fault_INST_0/O
                         net (fo=11, routed)          0.127     2.165    u_core/u_core/u_core/u_base/u_output_slice/u_partial_sum_bank/cfg_n_base_q_reg[12]
    SLICE_X26Y38         LUT6 (Prop_E6LUT_SLICEL_I2_O)
                                                      0.057     2.222 f  u_core/u_core/u_core/u_base/u_output_slice/u_partial_sum_bank/product_pipe_q_reg[0]_i_6/O
                         net (fo=17, routed)          0.318     2.540    u_core/u_core/u_core/u_base/u_output_slice/u_partial_sum_bank/cfg_fire
    SLICE_X27Y35         LUT5 (Prop_B5LUT_SLICEL_I3_O)
                                                      0.097     2.637 r  u_core/u_core/u_core/u_base/u_output_slice/u_partial_sum_bank/k_count_q[9]_i_15/O
                         net (fo=2, routed)           0.204     2.841    u_core/u_core/u_core/u_base/u_output_slice/u_partial_sum_bank/k_count_q[9]_i_15_n_0
    SLICE_X27Y32         LUT6 (Prop_F6LUT_SLICEL_I0_O)
                                                      0.150     2.991 f  u_core/u_core/u_core/u_base/u_output_slice/u_partial_sum_bank/k_count_q[9]_i_7/O
                         net (fo=1, routed)           0.049     3.040    u_core/u_core/u_core/u_base/u_output_slice/u_partial_sum_bank/k_count_q[9]_i_7_n_0
    SLICE_X27Y32         LUT6 (Prop_H6LUT_SLICEL_I3_O)
                                                      0.083     3.123 r  u_core/u_core/u_core/u_base/u_output_slice/u_partial_sum_bank/k_count_q[9]_i_2/O
                         net (fo=4, routed)           0.202     3.325    u_core/u_core/u_core/u_base/u_output_slice/u_partial_sum_bank/output_chunk_ready
    SLICE_X27Y33         LUT6 (Prop_D6LUT_SLICEL_I2_O)
                                                      0.057     3.382 r  u_core/u_core/u_core/u_base/u_output_slice/u_partial_sum_bank/k_count_q[9]_i_1/O
                         net (fo=72, routed)          0.360     3.742    u_core/u_core/u_core/u_issuer/descriptor_fire
    SLICE_X28Y26         LUT6 (Prop_E6LUT_SLICEM_I4_O)
                                                      0.057     3.799 r  u_core/u_core/u_core/u_issuer/activation_block_q[3][63]_i_1/O
                         net (fo=64, routed)          0.571     4.371    u_core/u_core/u_core/u_issuer/activation_block_q[3][63]_i_1_n_0
    SLICE_X34Y23         FDRE                                         r  u_core/u_core/u_core/u_issuer/activation_block_q_reg[3][10]/CE
  -------------------------------------------------------------------    -------------------

                         (clock clk rise edge)        5.000     5.000 r  
                                                      0.000     5.000 r  clk (IN)
                         net (fo=5191, unset)         0.031     5.031    u_core/u_core/u_core/u_issuer/clk
    SLICE_X34Y23         FDRE                                         r  u_core/u_core/u_core/u_issuer/activation_block_q_reg[3][10]/C
                         clock pessimism              0.000     5.031    
                         clock uncertainty           -0.035     4.996    
    SLICE_X34Y23         FDRE (Setup_HFF_SLICEM_C_CE)
                                                     -0.081     4.915    u_core/u_core/u_core/u_issuer/activation_block_q_reg[3][10]
  -------------------------------------------------------------------
                         required time                          4.915    
                         arrival time                          -4.371    
  -------------------------------------------------------------------
                         slack                                  0.544    

Slack (MET) :             0.544ns  (required time - arrival time)
  Source:                 result_complete_n_base[3]
                            (input port clocked by clk  {rise@0.000ns fall@2.500ns period=5.000ns})
  Destination:            u_core/u_core/u_core/u_issuer/activation_block_q_reg[3][26]/CE
                            (rising edge-triggered cell FDRE clocked by clk  {rise@0.000ns fall@2.500ns period=5.000ns})
  Path Group:             clk
  Path Type:              Setup (Max at Slow Process Corner)
  Requirement:            5.000ns  (clk rise@5.000ns - clk rise@0.000ns)
  Data Path Delay:        3.371ns  (logic 1.187ns (35.215%)  route 2.184ns (64.785%))
  Logic Levels:           10  (LUT5=1 LUT6=9)
  Input Delay:            1.000ns
  Clock Path Skew:        0.031ns (DCD - SCD + CPR)
    Destination Clock Delay (DCD):    0.031ns = ( 5.031 - 5.000 ) 
    Source Clock Delay      (SCD):    0.000ns
    Clock Pessimism Removal (CPR):    0.000ns
  Clock Uncertainty:      0.035ns  ((TSJ^2 + TIJ^2)^1/2 + DJ) / 2 + PE
    Total System Jitter     (TSJ):    0.071ns
    Total Input Jitter      (TIJ):    0.000ns
    Discrete Jitter          (DJ):    0.000ns
    Phase Error              (PE):    0.000ns

    Location             Delay type                Incr(ns)  Path(ns)    Netlist Resource(s)
  -------------------------------------------------------------------    -------------------
                         (clock clk rise edge)        0.000     0.000 r  
                         input delay                  1.000     1.000    
                                                      0.000     1.000 r  result_complete_n_base[3] (IN)
                         net (fo=0)                   0.000     1.000    u_controller/result_complete_n_base[3]
    SLICE_X26Y37         LUT6 (Prop_A6LUT_SLICEL_I0_O)
                                                      0.225     1.225 r  u_controller/fault_INST_0_i_14/O
                         net (fo=1, routed)           0.128     1.353    u_controller/fault_INST_0_i_14_n_0
    SLICE_X25Y37         LUT6 (Prop_G6LUT_SLICEM_I0_O)
                                                      0.226     1.579 r  u_controller/fault_INST_0_i_12/O
                         net (fo=1, routed)           0.106     1.685    u_controller/fault_INST_0_i_12_n_0
    SLICE_X25Y37         LUT6 (Prop_A6LUT_SLICEM_I4_O)
                                                      0.152     1.837 r  u_controller/fault_INST_0_i_3/O
                         net (fo=2, routed)           0.118     1.955    u_controller/result_ack_bad2__24
    SLICE_X25Y38         LUT6 (Prop_E6LUT_SLICEM_I2_O)
                                                      0.083     2.038 r  u_controller/fault_INST_0/O
                         net (fo=11, routed)          0.127     2.165    u_core/u_core/u_core/u_base/u_output_slice/u_partial_sum_bank/cfg_n_base_q_reg[12]
    SLICE_X26Y38         LUT6 (Prop_E6LUT_SLICEL_I2_O)
                                                      0.057     2.222 f  u_core/u_core/u_core/u_base/u_output_slice/u_partial_sum_bank/product_pipe_q_reg[0]_i_6/O
                         net (fo=17, routed)          0.318     2.540    u_core/u_core/u_core/u_base/u_output_slice/u_partial_sum_bank/cfg_fire
    SLICE_X27Y35         LUT5 (Prop_B5LUT_SLICEL_I3_O)
                                                      0.097     2.637 r  u_core/u_core/u_core/u_base/u_output_slice/u_partial_sum_bank/k_count_q[9]_i_15/O
                         net (fo=2, routed)           0.204     2.841    u_core/u_core/u_core/u_base/u_output_slice/u_partial_sum_bank/k_count_q[9]_i_15_n_0
    SLICE_X27Y32         LUT6 (Prop_F6LUT_SLICEL_I0_O)
                                                      0.150     2.991 f  u_core/u_core/u_core/u_base/u_output_slice/u_partial_sum_bank/k_count_q[9]_i_7/O
                         net (fo=1, routed)           0.049     3.040    u_core/u_core/u_core/u_base/u_output_slice/u_partial_sum_bank/k_count_q[9]_i_7_n_0
    SLICE_X27Y32         LUT6 (Prop_H6LUT_SLICEL_I3_O)
                                                      0.083     3.123 r  u_core/u_core/u_core/u_base/u_output_slice/u_partial_sum_bank/k_count_q[9]_i_2/O
                         net (fo=4, routed)           0.202     3.325    u_core/u_core/u_core/u_base/u_output_slice/u_partial_sum_bank/output_chunk_ready
    SLICE_X27Y33         LUT6 (Prop_D6LUT_SLICEL_I2_O)
                                                      0.057     3.382 r  u_core/u_core/u_core/u_base/u_output_slice/u_partial_sum_bank/k_count_q[9]_i_1/O
                         net (fo=72, routed)          0.360     3.742    u_core/u_core/u_core/u_issuer/descriptor_fire
    SLICE_X28Y26         LUT6 (Prop_E6LUT_SLICEM_I4_O)
                                                      0.057     3.799 r  u_core/u_core/u_core/u_issuer/activation_block_q[3][63]_i_1/O
                         net (fo=64, routed)          0.571     4.371    u_core/u_core/u_core/u_issuer/activation_block_q[3][63]_i_1_n_0
    SLICE_X34Y23         FDRE                                         r  u_core/u_core/u_core/u_issuer/activation_block_q_reg[3][26]/CE
  -------------------------------------------------------------------    -------------------

                         (clock clk rise edge)        5.000     5.000 r  
                                                      0.000     5.000 r  clk (IN)
                         net (fo=5191, unset)         0.031     5.031    u_core/u_core/u_core/u_issuer/clk
    SLICE_X34Y23         FDRE                                         r  u_core/u_core/u_core/u_issuer/activation_block_q_reg[3][26]/C
                         clock pessimism              0.000     5.031    
                         clock uncertainty           -0.035     4.996    
    SLICE_X34Y23         FDRE (Setup_GFF_SLICEM_C_CE)
                                                     -0.081     4.915    u_core/u_core/u_core/u_issuer/activation_block_q_reg[3][26]
  -------------------------------------------------------------------
                         required time                          4.915    
                         arrival time                          -4.371    
  -------------------------------------------------------------------
                         slack                                  0.544    

Slack (MET) :             0.544ns  (required time - arrival time)
  Source:                 result_complete_n_base[3]
                            (input port clocked by clk  {rise@0.000ns fall@2.500ns period=5.000ns})
  Destination:            u_core/u_core/u_core/u_issuer/activation_block_q_reg[3][34]/CE
                            (rising edge-triggered cell FDRE clocked by clk  {rise@0.000ns fall@2.500ns period=5.000ns})
  Path Group:             clk
  Path Type:              Setup (Max at Slow Process Corner)
  Requirement:            5.000ns  (clk rise@5.000ns - clk rise@0.000ns)
  Data Path Delay:        3.371ns  (logic 1.187ns (35.215%)  route 2.184ns (64.785%))
  Logic Levels:           10  (LUT5=1 LUT6=9)
  Input Delay:            1.000ns
  Clock Path Skew:        0.031ns (DCD - SCD + CPR)
    Destination Clock Delay (DCD):    0.031ns = ( 5.031 - 5.000 ) 
    Source Clock Delay      (SCD):    0.000ns
    Clock Pessimism Removal (CPR):    0.000ns
  Clock Uncertainty:      0.035ns  ((TSJ^2 + TIJ^2)^1/2 + DJ) / 2 + PE
    Total System Jitter     (TSJ):    0.071ns
    Total Input Jitter      (TIJ):    0.000ns
    Discrete Jitter          (DJ):    0.000ns
    Phase Error              (PE):    0.000ns

    Location             Delay type                Incr(ns)  Path(ns)    Netlist Resource(s)
  -------------------------------------------------------------------    -------------------
                         (clock clk rise edge)        0.000     0.000 r  
                         input delay                  1.000     1.000    
                                                      0.000     1.000 r  result_complete_n_base[3] (IN)
                         net (fo=0)                   0.000     1.000    u_controller/result_complete_n_base[3]
    SLICE_X26Y37         LUT6 (Prop_A6LUT_SLICEL_I0_O)
                                                      0.225     1.225 r  u_controller/fault_INST_0_i_14/O
                         net (fo=1, routed)           0.128     1.353    u_controller/fault_INST_0_i_14_n_0
    SLICE_X25Y37         LUT6 (Prop_G6LUT_SLICEM_I0_O)
                                                      0.226     1.579 r  u_controller/fault_INST_0_i_12/O
                         net (fo=1, routed)           0.106     1.685    u_controller/fault_INST_0_i_12_n_0
    SLICE_X25Y37         LUT6 (Prop_A6LUT_SLICEM_I4_O)
                                                      0.152     1.837 r  u_controller/fault_INST_0_i_3/O
                         net (fo=2, routed)           0.118     1.955    u_controller/result_ack_bad2__24
    SLICE_X25Y38         LUT6 (Prop_E6LUT_SLICEM_I2_O)
                                                      0.083     2.038 r  u_controller/fault_INST_0/O
                         net (fo=11, routed)          0.127     2.165    u_core/u_core/u_core/u_base/u_output_slice/u_partial_sum_bank/cfg_n_base_q_reg[12]
    SLICE_X26Y38         LUT6 (Prop_E6LUT_SLICEL_I2_O)
                                                      0.057     2.222 f  u_core/u_core/u_core/u_base/u_output_slice/u_partial_sum_bank/product_pipe_q_reg[0]_i_6/O
                         net (fo=17, routed)          0.318     2.540    u_core/u_core/u_core/u_base/u_output_slice/u_partial_sum_bank/cfg_fire
    SLICE_X27Y35         LUT5 (Prop_B5LUT_SLICEL_I3_O)
                                                      0.097     2.637 r  u_core/u_core/u_core/u_base/u_output_slice/u_partial_sum_bank/k_count_q[9]_i_15/O
                         net (fo=2, routed)           0.204     2.841    u_core/u_core/u_core/u_base/u_output_slice/u_partial_sum_bank/k_count_q[9]_i_15_n_0
    SLICE_X27Y32         LUT6 (Prop_F6LUT_SLICEL_I0_O)
                                                      0.150     2.991 f  u_core/u_core/u_core/u_base/u_output_slice/u_partial_sum_bank/k_count_q[9]_i_7/O
                         net (fo=1, routed)           0.049     3.040    u_core/u_core/u_core/u_base/u_output_slice/u_partial_sum_bank/k_count_q[9]_i_7_n_0
    SLICE_X27Y32         LUT6 (Prop_H6LUT_SLICEL_I3_O)
                                                      0.083     3.123 r  u_core/u_core/u_core/u_base/u_output_slice/u_partial_sum_bank/k_count_q[9]_i_2/O
                         net (fo=4, routed)           0.202     3.325    u_core/u_core/u_core/u_base/u_output_slice/u_partial_sum_bank/output_chunk_ready
    SLICE_X27Y33         LUT6 (Prop_D6LUT_SLICEL_I2_O)
                                                      0.057     3.382 r  u_core/u_core/u_core/u_base/u_output_slice/u_partial_sum_bank/k_count_q[9]_i_1/O
                         net (fo=72, routed)          0.360     3.742    u_core/u_core/u_core/u_issuer/descriptor_fire
    SLICE_X28Y26         LUT6 (Prop_E6LUT_SLICEM_I4_O)
                                                      0.057     3.799 r  u_core/u_core/u_core/u_issuer/activation_block_q[3][63]_i_1/O
                         net (fo=64, routed)          0.571     4.371    u_core/u_core/u_core/u_issuer/activation_block_q[3][63]_i_1_n_0
    SLICE_X34Y23         FDRE                                         r  u_core/u_core/u_core/u_issuer/activation_block_q_reg[3][34]/CE
  -------------------------------------------------------------------    -------------------

                         (clock clk rise edge)        5.000     5.000 r  
                                                      0.000     5.000 r  clk (IN)
                         net (fo=5191, unset)         0.031     5.031    u_core/u_core/u_core/u_issuer/clk
    SLICE_X34Y23         FDRE                                         r  u_core/u_core/u_core/u_issuer/activation_block_q_reg[3][34]/C
                         clock pessimism              0.000     5.031    
                         clock uncertainty           -0.035     4.996    
    SLICE_X34Y23         FDRE (Setup_FFF_SLICEM_C_CE)
                                                     -0.081     4.915    u_core/u_core/u_core/u_issuer/activation_block_q_reg[3][34]
  -------------------------------------------------------------------
                         required time                          4.915    
                         arrival time                          -4.371    
  -------------------------------------------------------------------
                         slack                                  0.544    

Slack (MET) :             0.546ns  (required time - arrival time)
  Source:                 result_complete_n_base[3]
                            (input port clocked by clk  {rise@0.000ns fall@2.500ns period=5.000ns})
  Destination:            u_core/u_core/u_core/u_issuer/activation_block_q_reg[2][12]/CE
                            (rising edge-triggered cell FDRE clocked by clk  {rise@0.000ns fall@2.500ns period=5.000ns})
  Path Group:             clk
  Path Type:              Setup (Max at Slow Process Corner)
  Requirement:            5.000ns  (clk rise@5.000ns - clk rise@0.000ns)
  Data Path Delay:        3.368ns  (logic 1.186ns (35.212%)  route 2.182ns (64.788%))
  Logic Levels:           10  (LUT5=1 LUT6=9)
  Input Delay:            1.000ns
  Clock Path Skew:        0.030ns (DCD - SCD + CPR)
    Destination Clock Delay (DCD):    0.030ns = ( 5.030 - 5.000 ) 
    Source Clock Delay      (SCD):    0.000ns
    Clock Pessimism Removal (CPR):    0.000ns
  Clock Uncertainty:      0.035ns  ((TSJ^2 + TIJ^2)^1/2 + DJ) / 2 + PE
    Total System Jitter     (TSJ):    0.071ns
    Total Input Jitter      (TIJ):    0.000ns
    Discrete Jitter          (DJ):    0.000ns
    Phase Error              (PE):    0.000ns

    Location             Delay type                Incr(ns)  Path(ns)    Netlist Resource(s)
  -------------------------------------------------------------------    -------------------
                         (clock clk rise edge)        0.000     0.000 r  
                         input delay                  1.000     1.000    
                                                      0.000     1.000 r  result_complete_n_base[3] (IN)
                         net (fo=0)                   0.000     1.000    u_controller/result_complete_n_base[3]
    SLICE_X26Y37         LUT6 (Prop_A6LUT_SLICEL_I0_O)
                                                      0.225     1.225 r  u_controller/fault_INST_0_i_14/O
                         net (fo=1, routed)           0.128     1.353    u_controller/fault_INST_0_i_14_n_0
    SLICE_X25Y37         LUT6 (Prop_G6LUT_SLICEM_I0_O)
                                                      0.226     1.579 r  u_controller/fault_INST_0_i_12/O
                         net (fo=1, routed)           0.106     1.685    u_controller/fault_INST_0_i_12_n_0
    SLICE_X25Y37         LUT6 (Prop_A6LUT_SLICEM_I4_O)
                                                      0.152     1.837 r  u_controller/fault_INST_0_i_3/O
                         net (fo=2, routed)           0.118     1.955    u_controller/result_ack_bad2__24
    SLICE_X25Y38         LUT6 (Prop_E6LUT_SLICEM_I2_O)
                                                      0.083     2.038 r  u_controller/fault_INST_0/O
                         net (fo=11, routed)          0.127     2.165    u_core/u_core/u_core/u_base/u_output_slice/u_partial_sum_bank/cfg_n_base_q_reg[12]
    SLICE_X26Y38         LUT6 (Prop_E6LUT_SLICEL_I2_O)
                                                      0.057     2.222 f  u_core/u_core/u_core/u_base/u_output_slice/u_partial_sum_bank/product_pipe_q_reg[0]_i_6/O
                         net (fo=17, routed)          0.318     2.540    u_core/u_core/u_core/u_base/u_output_slice/u_partial_sum_bank/cfg_fire
    SLICE_X27Y35         LUT5 (Prop_B5LUT_SLICEL_I3_O)
                                                      0.097     2.637 r  u_core/u_core/u_core/u_base/u_output_slice/u_partial_sum_bank/k_count_q[9]_i_15/O
                         net (fo=2, routed)           0.204     2.841    u_core/u_core/u_core/u_base/u_output_slice/u_partial_sum_bank/k_count_q[9]_i_15_n_0
    SLICE_X27Y32         LUT6 (Prop_F6LUT_SLICEL_I0_O)
                                                      0.150     2.991 f  u_core/u_core/u_core/u_base/u_output_slice/u_partial_sum_bank/k_count_q[9]_i_7/O
                         net (fo=1, routed)           0.049     3.040    u_core/u_core/u_core/u_base/u_output_slice/u_partial_sum_bank/k_count_q[9]_i_7_n_0
    SLICE_X27Y32         LUT6 (Prop_H6LUT_SLICEL_I3_O)
                                                      0.083     3.123 r  u_core/u_core/u_core/u_base/u_output_slice/u_partial_sum_bank/k_count_q[9]_i_2/O
                         net (fo=4, routed)           0.202     3.325    u_core/u_core/u_core/u_base/u_output_slice/u_partial_sum_bank/output_chunk_ready
    SLICE_X27Y33         LUT6 (Prop_D6LUT_SLICEL_I2_O)
                                                      0.057     3.382 r  u_core/u_core/u_core/u_base/u_output_slice/u_partial_sum_bank/k_count_q[9]_i_1/O
                         net (fo=72, routed)          0.410     3.793    u_core/u_core/u_core/u_issuer/descriptor_fire
    SLICE_X27Y22         LUT6 (Prop_F6LUT_SLICEL_I2_O)
                                                      0.056     3.849 r  u_core/u_core/u_core/u_issuer/activation_block_q[2][63]_i_1/O
                         net (fo=64, routed)          0.520     4.368    u_core/u_core/u_core/u_issuer/activation_block_q[2][63]_i_1_n_0
    SLICE_X29Y21         FDRE                                         r  u_core/u_core/u_core/u_issuer/activation_block_q_reg[2][12]/CE
  -------------------------------------------------------------------    -------------------

                         (clock clk rise edge)        5.000     5.000 r  
                                                      0.000     5.000 r  clk (IN)
                         net (fo=5191, unset)         0.030     5.030    u_core/u_core/u_core/u_issuer/clk
    SLICE_X29Y21         FDRE                                         r  u_core/u_core/u_core/u_issuer/activation_block_q_reg[2][12]/C
                         clock pessimism              0.000     5.030    
                         clock uncertainty           -0.035     4.995    
    SLICE_X29Y21         FDRE (Setup_CFF_SLICEM_C_CE)
                                                     -0.080     4.915    u_core/u_core/u_core/u_issuer/activation_block_q_reg[2][12]
  -------------------------------------------------------------------
                         required time                          4.915    
                         arrival time                          -4.368    
  -------------------------------------------------------------------
                         slack                                  0.546    

Slack (MET) :             0.546ns  (required time - arrival time)
  Source:                 result_complete_n_base[3]
                            (input port clocked by clk  {rise@0.000ns fall@2.500ns period=5.000ns})
  Destination:            u_core/u_core/u_core/u_issuer/activation_block_q_reg[2][13]/CE
                            (rising edge-triggered cell FDRE clocked by clk  {rise@0.000ns fall@2.500ns period=5.000ns})
  Path Group:             clk
  Path Type:              Setup (Max at Slow Process Corner)
  Requirement:            5.000ns  (clk rise@5.000ns - clk rise@0.000ns)
  Data Path Delay:        3.369ns  (logic 1.186ns (35.201%)  route 2.183ns (64.799%))
  Logic Levels:           10  (LUT5=1 LUT6=9)
  Input Delay:            1.000ns
  Clock Path Skew:        0.030ns (DCD - SCD + CPR)
    Destination Clock Delay (DCD):    0.030ns = ( 5.030 - 5.000 ) 
    Source Clock Delay      (SCD):    0.000ns
    Clock Pessimism Removal (CPR):    0.000ns
  Clock Uncertainty:      0.035ns  ((TSJ^2 + TIJ^2)^1/2 + DJ) / 2 + PE
    Total System Jitter     (TSJ):    0.071ns
    Total Input Jitter      (TIJ):    0.000ns
    Discrete Jitter          (DJ):    0.000ns
    Phase Error              (PE):    0.000ns

    Location             Delay type                Incr(ns)  Path(ns)    Netlist Resource(s)
  -------------------------------------------------------------------    -------------------
                         (clock clk rise edge)        0.000     0.000 r  
                         input delay                  1.000     1.000    
                                                      0.000     1.000 r  result_complete_n_base[3] (IN)
                         net (fo=0)                   0.000     1.000    u_controller/result_complete_n_base[3]
    SLICE_X26Y37         LUT6 (Prop_A6LUT_SLICEL_I0_O)
                                                      0.225     1.225 r  u_controller/fault_INST_0_i_14/O
                         net (fo=1, routed)           0.128     1.353    u_controller/fault_INST_0_i_14_n_0
    SLICE_X25Y37         LUT6 (Prop_G6LUT_SLICEM_I0_O)
                                                      0.226     1.579 r  u_controller/fault_INST_0_i_12/O
                         net (fo=1, routed)           0.106     1.685    u_controller/fault_INST_0_i_12_n_0
    SLICE_X25Y37         LUT6 (Prop_A6LUT_SLICEM_I4_O)
                                                      0.152     1.837 r  u_controller/fault_INST_0_i_3/O
                         net (fo=2, routed)           0.118     1.955    u_controller/result_ack_bad2__24
    SLICE_X25Y38         LUT6 (Prop_E6LUT_SLICEM_I2_O)
                                                      0.083     2.038 r  u_controller/fault_INST_0/O
                         net (fo=11, routed)          0.127     2.165    u_core/u_core/u_core/u_base/u_output_slice/u_partial_sum_bank/cfg_n_base_q_reg[12]
    SLICE_X26Y38         LUT6 (Prop_E6LUT_SLICEL_I2_O)
                                                      0.057     2.222 f  u_core/u_core/u_core/u_base/u_output_slice/u_partial_sum_bank/product_pipe_q_reg[0]_i_6/O
                         net (fo=17, routed)          0.318     2.540    u_core/u_core/u_core/u_base/u_output_slice/u_partial_sum_bank/cfg_fire
    SLICE_X27Y35         LUT5 (Prop_B5LUT_SLICEL_I3_O)
                                                      0.097     2.637 r  u_core/u_core/u_core/u_base/u_output_slice/u_partial_sum_bank/k_count_q[9]_i_15/O
                         net (fo=2, routed)           0.204     2.841    u_core/u_core/u_core/u_base/u_output_slice/u_partial_sum_bank/k_count_q[9]_i_15_n_0
    SLICE_X27Y32         LUT6 (Prop_F6LUT_SLICEL_I0_O)
                                                      0.150     2.991 f  u_core/u_core/u_core/u_base/u_output_slice/u_partial_sum_bank/k_count_q[9]_i_7/O
                         net (fo=1, routed)           0.049     3.040    u_core/u_core/u_core/u_base/u_output_slice/u_partial_sum_bank/k_count_q[9]_i_7_n_0
    SLICE_X27Y32         LUT6 (Prop_H6LUT_SLICEL_I3_O)
                                                      0.083     3.123 r  u_core/u_core/u_core/u_base/u_output_slice/u_partial_sum_bank/k_count_q[9]_i_2/O
                         net (fo=4, routed)           0.202     3.325    u_core/u_core/u_core/u_base/u_output_slice/u_partial_sum_bank/output_chunk_ready
    SLICE_X27Y33         LUT6 (Prop_D6LUT_SLICEL_I2_O)
                                                      0.057     3.382 r  u_core/u_core/u_core/u_base/u_output_slice/u_partial_sum_bank/k_count_q[9]_i_1/O
                         net (fo=72, routed)          0.410     3.793    u_core/u_core/u_core/u_issuer/descriptor_fire
    SLICE_X27Y22         LUT6 (Prop_F6LUT_SLICEL_I2_O)
                                                      0.056     3.849 r  u_core/u_core/u_core/u_issuer/activation_block_q[2][63]_i_1/O
                         net (fo=64, routed)          0.521     4.369    u_core/u_core/u_core/u_issuer/activation_block_q[2][63]_i_1_n_0
    SLICE_X29Y21         FDRE                                         r  u_core/u_core/u_core/u_issuer/activation_block_q_reg[2][13]/CE
  -------------------------------------------------------------------    -------------------

                         (clock clk rise edge)        5.000     5.000 r  
                                                      0.000     5.000 r  clk (IN)
                         net (fo=5191, unset)         0.030     5.030    u_core/u_core/u_core/u_issuer/clk
    SLICE_X29Y21         FDRE                                         r  u_core/u_core/u_core/u_issuer/activation_block_q_reg[2][13]/C
                         clock pessimism              0.000     5.030    
                         clock uncertainty           -0.035     4.995    
    SLICE_X29Y21         FDRE (Setup_CFF2_SLICEM_C_CE)
                                                     -0.079     4.916    u_core/u_core/u_core/u_issuer/activation_block_q_reg[2][13]
  -------------------------------------------------------------------
                         required time                          4.916    
                         arrival time                          -4.369    
  -------------------------------------------------------------------
                         slack                                  0.546    

Slack (MET) :             0.546ns  (required time - arrival time)
  Source:                 result_complete_n_base[3]
                            (input port clocked by clk  {rise@0.000ns fall@2.500ns period=5.000ns})
  Destination:            u_core/u_core/u_core/u_issuer/activation_block_q_reg[2][28]/CE
                            (rising edge-triggered cell FDRE clocked by clk  {rise@0.000ns fall@2.500ns period=5.000ns})
  Path Group:             clk
  Path Type:              Setup (Max at Slow Process Corner)
  Requirement:            5.000ns  (clk rise@5.000ns - clk rise@0.000ns)
  Data Path Delay:        3.368ns  (logic 1.186ns (35.212%)  route 2.182ns (64.788%))
  Logic Levels:           10  (LUT5=1 LUT6=9)
  Input Delay:            1.000ns
  Clock Path Skew:        0.030ns (DCD - SCD + CPR)
    Destination Clock Delay (DCD):    0.030ns = ( 5.030 - 5.000 ) 
    Source Clock Delay      (SCD):    0.000ns
    Clock Pessimism Removal (CPR):    0.000ns
  Clock Uncertainty:      0.035ns  ((TSJ^2 + TIJ^2)^1/2 + DJ) / 2 + PE
    Total System Jitter     (TSJ):    0.071ns
    Total Input Jitter      (TIJ):    0.000ns
    Discrete Jitter          (DJ):    0.000ns
    Phase Error              (PE):    0.000ns

    Location             Delay type                Incr(ns)  Path(ns)    Netlist Resource(s)
  -------------------------------------------------------------------    -------------------
                         (clock clk rise edge)        0.000     0.000 r  
                         input delay                  1.000     1.000    
                                                      0.000     1.000 r  result_complete_n_base[3] (IN)
                         net (fo=0)                   0.000     1.000    u_controller/result_complete_n_base[3]
    SLICE_X26Y37         LUT6 (Prop_A6LUT_SLICEL_I0_O)
                                                      0.225     1.225 r  u_controller/fault_INST_0_i_14/O
                         net (fo=1, routed)           0.128     1.353    u_controller/fault_INST_0_i_14_n_0
    SLICE_X25Y37         LUT6 (Prop_G6LUT_SLICEM_I0_O)
                                                      0.226     1.579 r  u_controller/fault_INST_0_i_12/O
                         net (fo=1, routed)           0.106     1.685    u_controller/fault_INST_0_i_12_n_0
    SLICE_X25Y37         LUT6 (Prop_A6LUT_SLICEM_I4_O)
                                                      0.152     1.837 r  u_controller/fault_INST_0_i_3/O
                         net (fo=2, routed)           0.118     1.955    u_controller/result_ack_bad2__24
    SLICE_X25Y38         LUT6 (Prop_E6LUT_SLICEM_I2_O)
                                                      0.083     2.038 r  u_controller/fault_INST_0/O
                         net (fo=11, routed)          0.127     2.165    u_core/u_core/u_core/u_base/u_output_slice/u_partial_sum_bank/cfg_n_base_q_reg[12]
    SLICE_X26Y38         LUT6 (Prop_E6LUT_SLICEL_I2_O)
                                                      0.057     2.222 f  u_core/u_core/u_core/u_base/u_output_slice/u_partial_sum_bank/product_pipe_q_reg[0]_i_6/O
                         net (fo=17, routed)          0.318     2.540    u_core/u_core/u_core/u_base/u_output_slice/u_partial_sum_bank/cfg_fire
    SLICE_X27Y35         LUT5 (Prop_B5LUT_SLICEL_I3_O)
                                                      0.097     2.637 r  u_core/u_core/u_core/u_base/u_output_slice/u_partial_sum_bank/k_count_q[9]_i_15/O
                         net (fo=2, routed)           0.204     2.841    u_core/u_core/u_core/u_base/u_output_slice/u_partial_sum_bank/k_count_q[9]_i_15_n_0
    SLICE_X27Y32         LUT6 (Prop_F6LUT_SLICEL_I0_O)
                                                      0.150     2.991 f  u_core/u_core/u_core/u_base/u_output_slice/u_partial_sum_bank/k_count_q[9]_i_7/O
                         net (fo=1, routed)           0.049     3.040    u_core/u_core/u_core/u_base/u_output_slice/u_partial_sum_bank/k_count_q[9]_i_7_n_0
    SLICE_X27Y32         LUT6 (Prop_H6LUT_SLICEL_I3_O)
                                                      0.083     3.123 r  u_core/u_core/u_core/u_base/u_output_slice/u_partial_sum_bank/k_count_q[9]_i_2/O
                         net (fo=4, routed)           0.202     3.325    u_core/u_core/u_core/u_base/u_output_slice/u_partial_sum_bank/output_chunk_ready
    SLICE_X27Y33         LUT6 (Prop_D6LUT_SLICEL_I2_O)
                                                      0.057     3.382 r  u_core/u_core/u_core/u_base/u_output_slice/u_partial_sum_bank/k_count_q[9]_i_1/O
                         net (fo=72, routed)          0.410     3.793    u_core/u_core/u_core/u_issuer/descriptor_fire
    SLICE_X27Y22         LUT6 (Prop_F6LUT_SLICEL_I2_O)
                                                      0.056     3.849 r  u_core/u_core/u_core/u_issuer/activation_block_q[2][63]_i_1/O
                         net (fo=64, routed)          0.520     4.368    u_core/u_core/u_core/u_issuer/activation_block_q[2][63]_i_1_n_0
    SLICE_X29Y21         FDRE                                         r  u_core/u_core/u_core/u_issuer/activation_block_q_reg[2][28]/CE
  -------------------------------------------------------------------    -------------------

                         (clock clk rise edge)        5.000     5.000 r  
                                                      0.000     5.000 r  clk (IN)
                         net (fo=5191, unset)         0.030     5.030    u_core/u_core/u_core/u_issuer/clk
    SLICE_X29Y21         FDRE                                         r  u_core/u_core/u_core/u_issuer/activation_block_q_reg[2][28]/C
                         clock pessimism              0.000     5.030    
                         clock uncertainty           -0.035     4.995    
    SLICE_X29Y21         FDRE (Setup_BFF_SLICEM_C_CE)
                                                     -0.080     4.915    u_core/u_core/u_core/u_issuer/activation_block_q_reg[2][28]
  -------------------------------------------------------------------
                         required time                          4.915    
                         arrival time                          -4.368    
  -------------------------------------------------------------------
                         slack                                  0.546    

Slack (MET) :             0.546ns  (required time - arrival time)
  Source:                 result_complete_n_base[3]
                            (input port clocked by clk  {rise@0.000ns fall@2.500ns period=5.000ns})
  Destination:            u_core/u_core/u_core/u_issuer/activation_block_q_reg[2][29]/CE
                            (rising edge-triggered cell FDRE clocked by clk  {rise@0.000ns fall@2.500ns period=5.000ns})
  Path Group:             clk
  Path Type:              Setup (Max at Slow Process Corner)
  Requirement:            5.000ns  (clk rise@5.000ns - clk rise@0.000ns)
  Data Path Delay:        3.369ns  (logic 1.186ns (35.201%)  route 2.183ns (64.799%))
  Logic Levels:           10  (LUT5=1 LUT6=9)
  Input Delay:            1.000ns
  Clock Path Skew:        0.030ns (DCD - SCD + CPR)
    Destination Clock Delay (DCD):    0.030ns = ( 5.030 - 5.000 ) 
    Source Clock Delay      (SCD):    0.000ns
    Clock Pessimism Removal (CPR):    0.000ns
  Clock Uncertainty:      0.035ns  ((TSJ^2 + TIJ^2)^1/2 + DJ) / 2 + PE
    Total System Jitter     (TSJ):    0.071ns
    Total Input Jitter      (TIJ):    0.000ns
    Discrete Jitter          (DJ):    0.000ns
    Phase Error              (PE):    0.000ns

    Location             Delay type                Incr(ns)  Path(ns)    Netlist Resource(s)
  -------------------------------------------------------------------    -------------------
                         (clock clk rise edge)        0.000     0.000 r  
                         input delay                  1.000     1.000    
                                                      0.000     1.000 r  result_complete_n_base[3] (IN)
                         net (fo=0)                   0.000     1.000    u_controller/result_complete_n_base[3]
    SLICE_X26Y37         LUT6 (Prop_A6LUT_SLICEL_I0_O)
                                                      0.225     1.225 r  u_controller/fault_INST_0_i_14/O
                         net (fo=1, routed)           0.128     1.353    u_controller/fault_INST_0_i_14_n_0
    SLICE_X25Y37         LUT6 (Prop_G6LUT_SLICEM_I0_O)
                                                      0.226     1.579 r  u_controller/fault_INST_0_i_12/O
                         net (fo=1, routed)           0.106     1.685    u_controller/fault_INST_0_i_12_n_0
    SLICE_X25Y37         LUT6 (Prop_A6LUT_SLICEM_I4_O)
                                                      0.152     1.837 r  u_controller/fault_INST_0_i_3/O
                         net (fo=2, routed)           0.118     1.955    u_controller/result_ack_bad2__24
    SLICE_X25Y38         LUT6 (Prop_E6LUT_SLICEM_I2_O)
                                                      0.083     2.038 r  u_controller/fault_INST_0/O
                         net (fo=11, routed)          0.127     2.165    u_core/u_core/u_core/u_base/u_output_slice/u_partial_sum_bank/cfg_n_base_q_reg[12]
    SLICE_X26Y38         LUT6 (Prop_E6LUT_SLICEL_I2_O)
                                                      0.057     2.222 f  u_core/u_core/u_core/u_base/u_output_slice/u_partial_sum_bank/product_pipe_q_reg[0]_i_6/O
                         net (fo=17, routed)          0.318     2.540    u_core/u_core/u_core/u_base/u_output_slice/u_partial_sum_bank/cfg_fire
    SLICE_X27Y35         LUT5 (Prop_B5LUT_SLICEL_I3_O)
                                                      0.097     2.637 r  u_core/u_core/u_core/u_base/u_output_slice/u_partial_sum_bank/k_count_q[9]_i_15/O
                         net (fo=2, routed)           0.204     2.841    u_core/u_core/u_core/u_base/u_output_slice/u_partial_sum_bank/k_count_q[9]_i_15_n_0
    SLICE_X27Y32         LUT6 (Prop_F6LUT_SLICEL_I0_O)
                                                      0.150     2.991 f  u_core/u_core/u_core/u_base/u_output_slice/u_partial_sum_bank/k_count_q[9]_i_7/O
                         net (fo=1, routed)           0.049     3.040    u_core/u_core/u_core/u_base/u_output_slice/u_partial_sum_bank/k_count_q[9]_i_7_n_0
    SLICE_X27Y32         LUT6 (Prop_H6LUT_SLICEL_I3_O)
                                                      0.083     3.123 r  u_core/u_core/u_core/u_base/u_output_slice/u_partial_sum_bank/k_count_q[9]_i_2/O
                         net (fo=4, routed)           0.202     3.325    u_core/u_core/u_core/u_base/u_output_slice/u_partial_sum_bank/output_chunk_ready
    SLICE_X27Y33         LUT6 (Prop_D6LUT_SLICEL_I2_O)
                                                      0.057     3.382 r  u_core/u_core/u_core/u_base/u_output_slice/u_partial_sum_bank/k_count_q[9]_i_1/O
                         net (fo=72, routed)          0.410     3.793    u_core/u_core/u_core/u_issuer/descriptor_fire
    SLICE_X27Y22         LUT6 (Prop_F6LUT_SLICEL_I2_O)
                                                      0.056     3.849 r  u_core/u_core/u_core/u_issuer/activation_block_q[2][63]_i_1/O
                         net (fo=64, routed)          0.521     4.369    u_core/u_core/u_core/u_issuer/activation_block_q[2][63]_i_1_n_0
    SLICE_X29Y21         FDRE                                         r  u_core/u_core/u_core/u_issuer/activation_block_q_reg[2][29]/CE
  -------------------------------------------------------------------    -------------------

                         (clock clk rise edge)        5.000     5.000 r  
                                                      0.000     5.000 r  clk (IN)
                         net (fo=5191, unset)         0.030     5.030    u_core/u_core/u_core/u_issuer/clk
    SLICE_X29Y21         FDRE                                         r  u_core/u_core/u_core/u_issuer/activation_block_q_reg[2][29]/C
                         clock pessimism              0.000     5.030    
                         clock uncertainty           -0.035     4.995    
    SLICE_X29Y21         FDRE (Setup_BFF2_SLICEM_C_CE)
                                                     -0.079     4.916    u_core/u_core/u_core/u_issuer/activation_block_q_reg[2][29]
  -------------------------------------------------------------------
                         required time                          4.916    
                         arrival time                          -4.369    
  -------------------------------------------------------------------
                         slack                                  0.546    




